sample_id,logger_ms,recording_ms,test_type,phase_label,camera_x,camera_y,camera_z,camera_qx,camera_qy,camera_qz,camera_qw,common_x,common_y,common_z,common_qx,common_qy,common_qz,common_qw,chest_x,chest_y,chest_z,chest_qx,chest_qy,chest_qz,chest_qw,navel_x,navel_y,navel_z,navel_qx,navel_qy,navel_qz,navel_qw
0,3517206,63,moving,stationary_A,-0.137000695,1.516930103,-0.621092319,-0.337319314,0.214692771,0.123264961,0.908255696,-0.129826874,-0.324171811,-1.581547976,0.909661710,-0.005684260,-0.036606971,0.413694620,0.006026782,-0.338710219,-1.622240782,0.908577621,-0.025860479,-0.057442024,0.412938774,-0.061087672,-0.436874390,-1.493333817,0.926702678,0.003627321,-0.048849143,0.372589320
1,3517429,286,moving,stationary_A,-0.135016516,1.515861511,-0.619951248,-0.342758268,0.215526849,0.127949342,0.905369520,-0.132241562,-0.298788041,-1.580062270,0.912863553,-0.019755974,-0.039111745,0.405906528,0.004056025,-0.321121603,-1.650889754,0.972293675,-0.008954124,0.087660350,-0.216518968,-0.065203868,-0.416899383,-1.502858281,0.994469404,0.001297140,0.031100163,-0.100308165
2,3517666,523,moving,stationary_A,-0.133969083,1.516017914,-0.619292259,-0.344305664,0.214664742,0.129127219,0.904819787,-0.136146933,-0.294076920,-1.578738213,0.969270825,-0.034164824,-0.025028924,-0.242322937,-0.000031710,-0.307837546,-1.621274471,0.913315833,-0.014372184,-0.071198784,0.400722325,-0.068349168,-0.410382986,-1.506253958,0.931291640,-0.003755895,-0.050375517,0.360754907
3,3517903,760,moving,stationary_A,-0.134501144,1.516538024,-0.617821157,-0.343735456,0.215778485,0.130999133,0.904502511,-0.135430798,-0.294069439,-1.584399223,0.971320331,-0.039871261,-0.008381656,-0.234258220,0.001242734,-0.301440746,-1.587287426,0.901609957,-0.019692156,-0.075216033,0.425504744,-0.067577124,-0.409094214,-1.499490738,0.993725419,0.000348507,0.021199226,-0.109819442
4,3518137,994,moving,stationary_A,-0.135540619,1.517408609,-0.616059184,-0.342912853,0.217911854,0.131377250,0.904248416,-0.129601538,-0.294692010,-1.593210220,0.919635952,-0.025520787,-0.025365824,0.391120166,0.008261885,-0.304639161,-1.592509985,0.897932172,-0.017087467,-0.067098498,0.434653431,-0.060986802,-0.408215016,-1.484727979,0.991181195,0.001502753,0.024662387,-0.130189806
5,3518375,1232,moving,stationary_A,-0.135791421,1.518302441,-0.614697158,-0.342052162,0.217513591,0.129411295,0.904953539,-0.127692729,-0.305872858,-1.609729171,0.974787116,-0.040329557,-0.012479295,-0.219106942,0.009759240,-0.318964720,-1.637784004,0.971205235,-0.000213164,0.084389918,-0.222797409,-0.059227437,-0.412160933,-1.494571328,0.922925830,-0.006669335,-0.043717429,0.382429421
6,3518597,1454,moving,stationary_A,-0.136144996,1.518341184,-0.614292860,-0.342531890,0.216362923,0.127908751,0.905261517,-0.126272544,-0.301075548,-1.592754602,0.913725138,-0.020775588,-0.041783210,0.403644651,0.010076657,-0.317633390,-1.631223083,0.969504058,0.002577917,0.088547587,-0.228505120,-0.058558378,-0.414951801,-1.497287631,0.992509186,0.004078899,0.031145090,-0.118062891
7,3518845,1702,moving,stationary_A,-0.137157112,1.518282175,-0.614305735,-0.342236489,0.215941876,0.128149033,0.905439734,-0.128868893,-0.303874195,-1.593164444,0.971508265,-0.035388187,-0.024225887,-0.233093336,0.008233037,-0.309069514,-1.588734031,0.902328193,-0.018639769,-0.074817009,0.424097657,-0.060556747,-0.409069210,-1.482617736,0.920392811,-0.008658761,-0.031809710,0.389602691
8,3519082,1939,moving,stationary_A,-0.138162270,1.518101454,-0.614328444,-0.342484921,0.215929627,0.128433540,0.905308425,-0.128877223,-0.308170915,-1.622356892,0.975858748,-0.039674785,-0.007645241,-0.214632809,0.009560112,-0.313233405,-1.615738511,0.908237755,-0.023911064,-0.059776179,0.413472176,-0.059038363,-0.416232109,-1.503301382,0.993584096,0.008079550,0.033768933,-0.107633710
9,3519374,2231,moving,stationary_A,-0.139028803,1.518372059,-0.613984883,-0.342061669,0.216042966,0.128112823,0.905486822,-0.124706626,-0.296517760,-1.557312489,0.902964175,-0.017828597,-0.024459381,0.428648561,0.010974564,-0.308653295,-1.579438686,0.896559060,-0.013872379,-0.070673965,0.437029302,-0.057881176,-0.417604208,-1.497688770,0.992857933,0.008187916,0.028189285,-0.115635268
10,3519651,2508,moving,stationary_A,-0.140343517,1.518689871,-0.613502622,-0.341551960,0.216102839,0.128869906,0.905557513,-0.124320008,-0.297421634,-1.555608869,0.898246348,-0.027204745,-0.031089347,0.437546372,0.011484183,-0.311534077,-1.590314269,0.898188889,-0.013404747,-0.067919903,0.434124351,-0.057501614,-0.408034444,-1.465994716,0.911417425,-0.008008592,-0.040112879,0.409444869
11,3519932,2789,moving,stationary_A,-0.141379863,1.519165397,-0.612714589,-0.340636194,0.216519579,0.128721163,0.905824006,-0.122829840,-0.309477538,-1.599841237,0.914098442,-0.019466100,-0.048299782,0.402134597,0.013483513,-0.323977202,-1.631419897,0.908582568,-0.024512684,-0.064912841,0.411901951,-0.055374913,-0.417056561,-1.488090873,0.921047688,-0.006757792,-0.043878272,0.386911035
12,3520221,3078,moving,stationary_A,-0.141437203,1.519867182,-0.612331510,-0.340256274,0.216179341,0.128171414,0.906125963,-0.124836847,-0.314236939,-1.605431557,0.972750127,-0.030279649,-0.021275707,-0.228883550,0.012278251,-0.324370116,-1.614527583,0.966231406,-0.001572766,0.087319121,-0.242424652,-0.056147702,-0.423231632,-1.502498865,0.931211770,-0.001396792,-0.037019942,0.362591028
13,3520499,3356,moving,stationary_A,-0.140679806,1.520907640,-0.611541092,-0.338687330,0.215743512,0.127360329,0.906931639,-0.124236882,-0.307691544,-1.553798318,0.896178484,-0.025822032,-0.029021438,0.441989958,0.011280384,-0.330147088,-1.619825006,0.966022074,0.005909016,0.085232481,-0.243930146,-0.057310909,-0.421123087,-1.476587892,0.916003287,-0.006950544,-0.029991591,0.399987817
14,3520764,3621,moving,stationary_A,-0.140474707,1.521803856,-0.611253083,-0.336642593,0.216214970,0.127013028,0.907629073,-0.125663906,-0.328185737,-1.605222702,0.974212170,-0.028928092,-0.010324559,-0.223533466,0.011712886,-0.329764932,-1.584220767,0.897893727,-0.020591388,-0.077706724,0.432810038,-0.057032283,-0.428536147,-1.478045344,0.916695178,-0.008421077,-0.028988048,0.398445487
15,3521054,3911,moving,stationary_A,-0.140243322,1.522233009,-0.611033380,-0.335579336,0.215581775,0.126399502,0.908258855,-0.125302598,-0.320805520,-1.559947729,0.896561444,-0.014032468,-0.029159024,0.441735744,0.010130640,-0.346471876,-1.639406323,0.971880198,0.006582671,0.094578706,-0.215546846,-0.058366448,-0.437325478,-1.491680503,0.925815821,-0.006320116,-0.032349817,0.376534998
16,3521333,4190,moving,stationary_A,-0.139713898,1.522588134,-0.609758258,-0.334740967,0.215277269,0.125642762,0.908745348,-0.126640916,-0.331372172,-1.588767171,0.973282993,-0.028923970,-0.013852566,-0.227358252,0.009715520,-0.344663560,-1.619296432,0.968498707,0.005531767,0.096812144,-0.229362383,-0.058451734,-0.435290784,-1.479892612,0.916129947,-0.002098031,-0.039844517,0.398890913
17,3521610,4467,moving,stationary_A,-0.140058786,1.522918463,-0.607808709,-0.333923489,0.215409294,0.125707358,0.909005821,-0.125363410,-0.331838846,-1.586368799,0.974021614,-0.034300044,-0.018201509,-0.223101333,0.011181243,-0.344353169,-1.617473245,0.905244112,-0.019101279,-0.077005096,0.417418778,-0.057405680,-0.436125934,-1.476224184,0.910203755,-0.007978815,-0.032668483,0.412793279
18,3521887,4744,moving,stationary_A,-0.140992507,1.523312449,-0.605933368,-0.333119959,0.215876475,0.125666097,0.909195542,-0.122027278,-0.327544868,-1.561821103,0.897472143,-0.016129097,-0.035128981,0.439374059,0.013066180,-0.348027676,-1.625228405,0.902384460,-0.025470668,-0.060938183,0.425840467,-0.056362756,-0.451140523,-1.522146583,0.933242440,0.007492453,-0.066151381,0.353024811
19,3522166,5023,moving,stationary_A,-0.142210767,1.523521185,-0.605494618,-0.332153231,0.216553450,0.125804275,0.909369051,-0.121663347,-0.340969622,-1.599997520,0.974149406,-0.032040831,-0.011132422,-0.223343819,0.015307799,-0.342953712,-1.587505698,0.893405139,-0.016022304,-0.065276533,0.444195360,-0.052571923,-0.451550305,-1.510287642,0.926625550,0.002297455,-0.054033298,0.372075558
20,3522445,5302,moving,stationary_A,-0.142919570,1.523329020,-0.606275082,-0.332113951,0.215848133,0.125819474,0.909548998,-0.121729016,-0.331076026,-1.560690880,0.898716986,-0.016760107,-0.031384490,0.437083453,0.013849884,-0.356013477,-1.634904742,0.970738232,0.005653936,0.098542333,-0.218917146,-0.054632030,-0.447469831,-1.489593148,0.993763566,0.008225270,0.031302631,-0.106707290
21,3522720,5577,moving,stationary_A,-0.142534986,1.523633838,-0.607016921,-0.331899375,0.215394065,0.125727862,0.909747601,-0.125814617,-0.343018651,-1.603598833,0.977251351,-0.030863095,-0.008595131,-0.209650651,0.011761662,-0.344842345,-1.585201383,0.897407591,-0.018528095,-0.078498468,0.433767587,-0.056248151,-0.456567287,-1.514453411,0.996640086,0.009044203,0.032025721,-0.074840561
22,3523000,5857,moving,stationary_A,-0.141717419,1.524188161,-0.606892943,-0.331149250,0.214713216,0.125312597,0.910239041,-0.128335953,-0.345501244,-1.598239422,0.974451244,-0.031811267,-0.025184086,-0.220904037,0.008493505,-0.357426643,-1.619547963,0.969118118,0.004385443,0.088692233,-0.230053365,-0.058583196,-0.451405823,-1.491883516,0.923632264,-0.005839257,-0.034567975,0.381673157
23,3523290,6147,moving,stationary_A,-0.139983907,1.524703503,-0.606134176,-0.330399156,0.213980049,0.124286078,0.910824835,-0.129505724,-0.349368215,-1.603026986,0.975916266,-0.027941618,-0.013014068,-0.215956762,0.007268712,-0.364797205,-1.644225955,0.973388135,0.002399042,0.082992658,-0.213593140,-0.059508450,-0.457948446,-1.501242399,0.994650126,0.013397730,0.030426681,-0.097804956
24,3523554,6411,moving,stationary_A,-0.139879584,1.525194168,-0.604336560,-0.328957140,0.214495733,0.124199107,0.911237299,-0.128628835,-0.351328015,-1.592322946,0.973795474,-0.029610446,-0.020459050,-0.224559650,0.008362643,-0.362478077,-1.622717738,0.903299212,-0.018382106,-0.065185040,0.423631370,-0.058673516,-0.462141633,-1.503585339,0.995169163,0.010301140,0.036433548,-0.090580262
25,3523834,6691,moving,stationary_A,-0.140381232,1.525248766,-0.603075624,-0.328595787,0.215013236,0.124196179,0.911246061,-0.125799745,-0.352973074,-1.600916386,0.976134062,-0.028128970,-0.011553830,-0.215029284,0.010870684,-0.370603204,-1.648913264,0.973646283,0.004052833,0.087899797,-0.210404724,-0.056372289,-0.458416849,-1.496487141,0.916784406,-0.006843536,-0.044912737,0.396790087
26,3524097,6954,moving,stationary_A,-0.140198886,1.525274754,-0.602009237,-0.328535378,0.214447021,0.124132045,0.911410034,-0.128864303,-0.354441583,-1.607218266,0.975640357,-0.031339370,-0.020352667,-0.216170073,0.008603923,-0.364721119,-1.624233842,0.970800281,0.007752439,0.090931877,-0.221851572,-0.058179080,-0.459770173,-1.500957608,0.922202826,0.002251948,-0.052069642,0.383178383
27,3524389,7246,moving,stationary_A,-0.139986053,1.524937749,-0.602403641,-0.329347283,0.213619605,0.123569302,0.911387801,-0.129556641,-0.350082755,-1.603280187,0.977317274,-0.028822053,-0.013278882,-0.209389478,0.007891174,-0.353277892,-1.594313860,0.891979933,-0.005064252,-0.063722491,0.447532773,-0.058440045,-0.459491968,-1.509343743,0.925936341,0.001157737,-0.056049243,0.373495698
28,3524666,7523,moving,stationary_A,-0.140779421,1.523886800,-0.606599689,-0.331208974,0.208463460,0.123143576,0.911964536,-0.141201794,-0.340191662,-1.575686812,0.903748930,-0.009376475,-0.026539801,0.427136540,-0.005066432,-0.360082269,-1.630659461,0.970477939,0.013231971,0.090357229,-0.223233297,-0.070707545,-0.458749801,-1.508320570,0.994417667,0.017208060,0.030160934,-0.099638313
29,3524944,7801,moving,stationary_A,-0.142903641,1.522794247,-0.608858705,-0.332869053,0.210414276,0.125215873,0.910628915,-0.137334675,-0.339371294,-1.588918805,0.973668694,-0.028139692,-0.016321668,-0.225634739,-0.000754919,-0.353286624,-1.624078989,0.969890952,0.004170633,0.090479746,-0.226069897,-0.067197628,-0.436670721,-1.459733844,0.908772349,-0.004546148,-0.040952127,0.415253073
30,3525220,8077,moving,stationary_A,-0.142412513,1.521700025,-0.612834811,-0.334375113,0.208375573,0.125783935,0.910467625,-0.144066662,-0.332111508,-1.577727079,0.903186798,-0.008009149,-0.043207213,0.426992565,-0.008092746,-0.351425290,-1.632710576,0.972306967,0.005838972,0.091630258,-0.214916170,-0.074422240,-0.439017981,-1.474580407,0.918286979,0.003146257,-0.028459258,0.394878775
31,3525499,8356,moving,stationary_A,-0.141834214,1.521622181,-0.615506768,-0.333558053,0.208189771,0.125507519,0.910847902,-0.146802574,-0.336400807,-1.569496632,0.971775055,-0.030172503,-0.028576935,-0.232220247,-0.011352193,-0.357621580,-1.640911341,0.974452555,0.003175155,0.075203560,-0.211604774,-0.077069394,-0.439534962,-1.461183906,0.913105607,0.000256615,-0.029873859,0.406627178
32,3525777,8634,moving,stationary_A,-0.143445045,1.522122741,-0.613445103,-0.332408667,0.212272286,0.128702104,0.909879506,-0.139410347,-0.338591337,-1.582556963,0.974447489,-0.036303751,-0.021528367,-0.220614433,-0.002358984,-0.344715804,-1.584966302,0.897804737,-0.016882682,-0.080185182,0.432703137,-0.070708171,-0.436453879,-1.446344495,0.927331746,0.010074416,0.021366747,0.373494089
33,3526067,8924,moving,stationary_A,-0.143320873,1.522680283,-0.609692752,-0.331214607,0.210277930,0.129766002,0.910626650,-0.144453764,-0.337124914,-1.577193260,0.970281661,-0.023842406,-0.023727585,-0.239628896,-0.010186136,-0.351286858,-1.604089499,0.969799101,-0.001928989,0.093629576,-0.225209802,-0.076753274,-0.449162543,-1.493349075,0.923905969,0.003501520,-0.047836419,0.379601270
34,3526346,9203,moving,stationary_A,-0.142655775,1.523601174,-0.605939984,-0.330465734,0.209361225,0.129463583,0.911152840,-0.146220967,-0.334744722,-1.561661243,0.897801042,-0.017239017,-0.042933431,0.437964410,-0.011858672,-0.356867313,-1.623622537,0.970171869,0.000845313,0.092309050,-0.224153712,-0.078154609,-0.451307863,-1.490939260,0.994027853,0.006980500,0.026580803,-0.105609588
35,3526623,9480,moving,stationary_A,-0.142429277,1.524792552,-0.602579474,-0.327795446,0.210171133,0.129389212,0.911941171,-0.149089336,-0.354627669,-1.631158113,0.924031913,-0.012754766,-0.036184151,0.380385429,-0.009605067,-0.356538713,-1.600585938,0.897596359,-0.028236603,-0.079710953,0.432631135,-0.076037467,-0.460596681,-1.507707715,0.929238260,0.002967650,-0.058079954,0.364875555
36,3526903,9760,moving,stationary_A,-0.143461153,1.525185585,-0.598096550,-0.326636940,0.211711422,0.129673690,0.911960185,-0.139910251,-0.352527112,-1.603116155,0.974783957,-0.034328360,-0.012619878,-0.220133051,-0.003552804,-0.368680418,-1.642995954,0.971852422,-0.000362694,0.094377331,-0.215860441,-0.070406087,-0.459210217,-1.495510578,0.994532764,0.003549066,0.022462297,-0.101918854
37,3527179,10036,moving,stationary_A,-0.144916788,1.524822712,-0.595674157,-0.327060074,0.212285042,0.130534157,0.911552310,-0.136356652,-0.344275177,-1.592849731,0.902047157,-0.020961853,-0.043823101,0.428895265,-0.000558320,-0.363155544,-1.634152174,0.970295608,0.003966335,0.098923914,-0.220736980,-0.068129100,-0.455460548,-1.495030284,0.993644536,0.008161951,0.026931601,-0.108989038
38,3527456,10313,moving,stationary_A,-0.145481169,1.524591565,-0.595203638,-0.327078700,0.212606236,0.130207419,0.911517501,-0.134659141,-0.343257189,-1.584668875,0.902600527,-0.019268179,-0.032264613,0.428835660,0.001971457,-0.353232771,-1.596300840,0.890043020,-0.013922843,-0.070896789,0.450114787,-0.067109451,-0.465454519,-1.534929514,0.937041581,0.001769486,-0.074416287,0.341192245
39,3527735,10592,moving,stationary_A,-0.147367179,1.524563313,-0.595880747,-0.327073514,0.213056013,0.130213350,0.911413491,-0.132352889,-0.349493295,-1.600348711,0.974542618,-0.032872785,-0.022922447,-0.220591724,0.004748665,-0.352840275,-1.585848808,0.892049372,-0.016271921,-0.075149454,0.445349038,-0.063098140,-0.463099718,-1.516883135,0.996030748,0.006180373,0.036742989,-0.080836311
40,3528013,10870,moving,stationary_A,-0.148849979,1.523933291,-0.596993804,-0.328183055,0.213057682,0.130407766,0.910986304,-0.129928336,-0.340760380,-1.583826900,0.901529312,-0.008337814,-0.041621529,0.430630952,0.005444676,-0.358047068,-1.623879910,0.900988221,-0.024302943,-0.066387109,0.428044856,-0.061697938,-0.454830974,-1.503372788,0.925116241,-0.006363327,-0.055068586,0.375615418
41,3528290,11147,moving,stationary_A,-0.148276731,1.523462534,-0.599538028,-0.329476982,0.210665643,0.128727883,0.911314487,-0.136717081,-0.346170425,-1.604759216,0.975523710,-0.030530512,-0.013588851,-0.217339888,0.000706770,-0.356081665,-1.628331184,0.900069416,-0.014445014,-0.067068622,0.430311710,-0.066156030,-0.455578059,-1.504982591,0.994992197,0.012912010,0.037937868,-0.091567487
42,3528569,11426,moving,stationary_A,-0.147517696,1.523243308,-0.602373004,-0.330049276,0.208753958,0.127825826,0.911674201,-0.139654100,-0.335382223,-1.561091781,0.894677579,-0.011479246,-0.038795106,0.444876552,-0.005215157,-0.359200686,-1.626632214,0.969231546,0.010646719,0.087886244,-0.229680121,-0.070182763,-0.439411342,-1.456740618,0.900570393,0.000739734,-0.043428626,0.432534873
43,3528845,11702,moving,stationary_A,-0.147068396,1.522749662,-0.605306625,-0.330679357,0.208868101,0.127072245,0.911525071,-0.138796806,-0.334292531,-1.553861499,0.894892275,-0.013787591,-0.033021010,0.444845408,-0.004219532,-0.363833725,-1.650618672,0.973398983,0.004975338,0.089343578,-0.210920364,-0.070540816,-0.451966941,-1.484737992,0.992779136,0.007537381,-0.000313637,-0.119719267
44,3529136,11993,moving,stationary_A,-0.147224590,1.522329807,-0.606107831,-0.331210226,0.208734781,0.127320200,0.911328256,-0.140460342,-0.339613318,-1.581600547,0.902922690,-0.009715395,-0.048173327,0.426984340,-0.005962012,-0.352706254,-1.604921460,0.967265904,0.003024992,0.088076986,-0.237970501,-0.070274830,-0.438945621,-1.457356691,0.907501578,-0.001780164,-0.050571829,0.416989356
45,3529415,12272,moving,stationary_A,-0.146732733,1.522545695,-0.605095148,-0.331440419,0.208141863,0.127167970,0.911401451,-0.143369913,-0.341848284,-1.598287702,0.975928009,-0.031460010,-0.017581943,-0.215094581,-0.006463565,-0.352712631,-1.617336631,0.970242381,0.003566958,0.087081440,-0.225906566,-0.071904771,-0.452540994,-1.500394583,0.995251060,0.005788962,0.025183897,-0.093848988
46,3529680,12537,moving,stationary_A,-0.146259099,1.522773504,-0.603831232,-0.331144601,0.207716510,0.127176985,0.911604702,-0.145804688,-0.338673830,-1.592885733,0.906282544,-0.022385424,-0.026977737,0.421216190,-0.007996557,-0.360302657,-1.648913741,0.972430229,0.005946010,0.078594625,-0.219469786,-0.073600821,-0.457225382,-1.515889168,0.996300161,0.010270525,0.025358822,-0.081470437
47,3529972,12829,moving,stationary_A,-0.146261856,1.523174047,-0.602108419,-0.330508232,0.208058625,0.127221197,0.911751449,-0.142810166,-0.343397528,-1.592887759,0.974282980,-0.033158887,-0.016209019,-0.222284526,-0.005189829,-0.354610205,-1.625513554,0.904353380,-0.028746169,-0.075708203,0.419030935,-0.072221585,-0.452967614,-1.504252076,0.927719057,0.007965060,-0.050041698,0.369823933
48,3530249,13106,moving,stationary_A,-0.147018895,1.523447990,-0.600772262,-0.330145091,0.209165350,0.127413407,0.911602914,-0.139152944,-0.343372971,-1.591463208,0.974093497,-0.031644233,-0.015536368,-0.223381162,-0.002576008,-0.353092939,-1.615555406,0.900976360,-0.019992784,-0.073354043,0.427154630,-0.068702549,-0.453635514,-1.504946470,0.925247967,0.005244385,-0.054994408,0.375318944
49,3530528,13385,moving,stationary_A,-0.146616891,1.523935318,-0.599561691,-0.328914613,0.209371969,0.126856476,0.912077844,-0.137147725,-0.343085349,-1.579945564,0.901730835,-0.007779653,-0.040220879,0.430352539,-0.002271090,-0.354757428,-1.603553772,0.895260990,-0.018995855,-0.070296347,0.439551383,-0.067243092,-0.442786396,-1.459519386,0.906048715,0.001343542,-0.048457541,0.420387685
50,3530804,13661,moving,stationary_A,-0.146075442,1.524611473,-0.597941577,-0.327716470,0.208996356,0.127307609,0.912532330,-0.139872983,-0.348360300,-1.583809972,0.972996593,-0.032474969,-0.015342260,-0.228007898,-0.004245110,-0.368313879,-1.643059015,0.971180618,0.002632903,0.090891115,-0.220318049,-0.070676833,-0.462948561,-1.507019162,0.994239807,0.015985070,0.031751923,-0.101111390
51,3531082,13939,moving,stationary_A,-0.145831242,1.525624037,-0.595936596,-0.325591385,0.209297612,0.127185255,0.913240790,-0.144247130,-0.364218295,-1.646332383,0.924447298,-0.014541260,-0.045534860,0.378301889,-0.003528437,-0.366926640,-1.614319921,0.896087468,-0.015196799,-0.077783622,0.436744779,-0.070131287,-0.468078315,-1.505638599,0.994503498,0.008703960,0.024231095,-0.101488419
52,3531345,14202,moving,stationary_A,-0.146333426,1.526283979,-0.593800843,-0.324123174,0.209759206,0.127923980,0.913553834,-0.141978115,-0.366537035,-1.627872825,0.981821001,-0.027537430,-0.027123721,-0.185831875,-0.003456334,-0.379064292,-1.645977616,0.973736405,-0.003595915,0.093694948,-0.207474768,-0.070086792,-0.475302756,-1.517899871,0.996544957,0.009178148,0.027146742,-0.077955015
53,3531638,14495,moving,stationary_A,-0.146965295,1.526983619,-0.593012691,-0.322357297,0.209571242,0.127509773,0.914279461,-0.140064061,-0.366859704,-1.598873377,0.976561189,-0.030247053,-0.014658252,-0.212599277,-0.003915263,-0.383080214,-1.638378620,0.972258687,0.005086304,0.092831574,-0.214638010,-0.069861360,-0.475881398,-1.502866030,0.995775521,0.009311619,0.026713965,-0.087354288
54,3531916,14773,moving,stationary_A,-0.147799596,1.526612759,-0.593600690,-0.323145628,0.208616987,0.127593294,0.914207757,-0.141095877,-0.361228228,-1.594834685,0.904827297,-0.010948502,-0.050749443,0.422601700,-0.004727667,-0.370416343,-1.597204685,0.891485631,-0.012505716,-0.083629727,0.445087731,-0.071340717,-0.462080687,-1.472447872,0.904460192,-0.003506248,-0.044185180,0.424248874
55,3532207,15064,moving,stationary_A,-0.149061918,1.526662111,-0.594434857,-0.322625130,0.209025040,0.127801001,0.914269388,-0.139810577,-0.363808751,-1.583178401,0.975484371,-0.034271188,-0.016701024,-0.216741443,-0.003326917,-0.372912377,-1.595302701,0.889918149,-0.010156654,-0.079443306,0.449033767,-0.070138045,-0.471932918,-1.487365484,0.992532492,0.000752448,0.025646722,-0.119251817
56,3532471,15328,moving,stationary_A,-0.150815770,1.527023435,-0.595296025,-0.321891993,0.209206134,0.128486112,0.914390326,-0.138703540,-0.356631041,-1.548152924,0.888153136,-0.021336364,-0.041806892,0.457144409,-0.003747404,-0.381134719,-1.613422871,0.895315945,-0.014546528,-0.082497440,0.437483639,-0.070025928,-0.462536275,-1.452545643,0.896343648,-0.000170778,-0.042834960,0.441285819
57,3532764,15621,moving,stationary_A,-0.151396543,1.527517676,-0.595284879,-0.320648015,0.209658995,0.129752919,0.914544761,-0.140449405,-0.369744807,-1.578815937,0.974483013,-0.028315822,-0.015469071,-0.222130314,-0.005351722,-0.377989978,-1.584856272,0.886416376,-0.016202616,-0.075588740,0.456387758,-0.071333259,-0.470792353,-1.468770385,0.906338453,-0.007200307,-0.051942419,0.419286013
58,3533041,15898,moving,stationary_A,-0.151934445,1.527246237,-0.595096588,-0.320757389,0.210368514,0.130434051,0.914246559,-0.139088422,-0.366978317,-1.574826479,0.975142479,-0.039233837,-0.001916183,-0.218069255,-0.003943205,-0.389464527,-1.634701133,0.972248912,0.002830005,0.097740866,-0.212534159,-0.069877014,-0.465283334,-1.453621030,0.902532935,-0.000312412,-0.038817171,0.428867698
59,3533318,16175,moving,stationary_A,-0.152546421,1.527298093,-0.594047844,-0.320188791,0.210883543,0.131459996,0.914180279,-0.139823824,-0.373517215,-1.595791459,0.976907313,-0.031380046,-0.013078541,-0.210941657,-0.003451694,-0.393003166,-1.644761682,0.974220216,-0.002527351,0.088932954,-0.207315028,-0.070150621,-0.479119599,-1.489572525,0.994160712,-0.000365508,0.027763559,-0.104276016
60,3533582,16439,moving,stationary_A,-0.152600437,1.527711272,-0.592856288,-0.319331795,0.211115524,0.131534606,0.914415717,-0.137314901,-0.368043780,-1.576664925,0.891976774,-0.005402027,-0.038481697,0.450408161,-0.001842596,-0.396593839,-1.661067605,0.910257399,-0.031855967,-0.069791593,0.406873167,-0.070150092,-0.489427090,-1.514047503,0.996437013,0.010198079,0.038668767,-0.074256457
61,3533860,16717,moving,stationary_A,-0.152307987,1.528356433,-0.591526806,-0.318707645,0.211005464,0.130532444,0.914802372,-0.138365924,-0.372834235,-1.580259681,0.897210836,-0.018482460,-0.031423826,0.440095097,-0.001663601,-0.390942097,-1.620311975,0.895832717,-0.025083011,-0.070603743,0.438029379,-0.068210199,-0.488079846,-1.506709337,0.923130572,-0.005398996,-0.058221672,0.380014539
62,3534138,16995,moving,stationary_A,-0.152491793,1.528892517,-0.589973330,-0.317669302,0.211356983,0.129671231,0.915204823,-0.136442766,-0.385153383,-1.609548926,0.977908552,-0.030169258,-0.017463068,-0.206106290,0.001354359,-0.384101689,-1.581097603,0.889348269,-0.020366970,-0.085872509,0.448632061,-0.065822586,-0.492175817,-1.510101914,0.925293684,-0.005222064,-0.056403611,0.374997258
63,3534402,17259,moving,stationary_A,-0.153502822,1.529296994,-0.588610530,-0.316421002,0.212126687,0.129940227,0.915420949,-0.132630497,-0.384012341,-1.590470672,0.976458669,-0.029104657,-0.011718887,-0.213410646,0.003458064,-0.403242499,-1.635338664,0.973575950,0.002472915,0.107398793,-0.201517284,-0.064101234,-0.483075678,-1.473035693,0.905304730,-0.009139182,-0.040680960,0.422711313
64,3534693,17550,moving,stationary_A,-0.153906152,1.529332399,-0.588371277,-0.316101044,0.211396113,0.129435584,0.915771961,-0.132916927,-0.377073437,-1.566128254,0.892623663,-0.025765324,-0.049101673,0.447379202,0.001423195,-0.398575872,-1.618043542,0.894695342,-0.020666063,-0.071966104,0.440356761,-0.065272704,-0.495129287,-1.504401445,0.924366832,0.001713082,-0.056362689,0.377314568
65,3534971,17828,moving,stationary_A,-0.154089406,1.528620720,-0.589036226,-0.317200541,0.210574999,0.129897699,0.915515482,-0.137649432,-0.384254634,-1.605930686,0.979778409,-0.030616287,-0.001088189,-0.197726429,-0.000619497,-0.397818327,-1.623904109,0.971382439,0.005614329,0.101299442,-0.214762926,-0.067729533,-0.481884807,-1.477013469,0.904636979,-0.007673173,-0.040521316,0.424182892
66,3535248,18105,moving,stationary_A,-0.154058665,1.528085113,-0.589599133,-0.317823321,0.210374489,0.130325288,0.915284812,-0.136775613,-0.377515376,-1.583785415,0.975624204,-0.033686053,-0.010504637,-0.216592699,-0.000502247,-0.390821099,-1.613681316,0.899385631,-0.016516641,-0.092981085,0.426833928,-0.067856945,-0.484501094,-1.484555125,0.994261742,0.007829568,0.032704085,-0.101551875
67,3535526,18383,moving,stationary_A,-0.154925421,1.527810216,-0.589922607,-0.317723393,0.210728511,0.131238252,0.915107608,-0.136545002,-0.377189696,-1.582346082,0.975864828,-0.033524390,-0.011589866,-0.215475544,-0.000317633,-0.389493883,-1.604840636,0.893623769,-0.020912251,-0.090408966,0.439119011,-0.067827530,-0.484008014,-1.481790423,0.993530452,0.005763567,0.034045208,-0.108189449
68,3535805,18662,moving,stationary_A,-0.155124575,1.527538419,-0.590834796,-0.317803085,0.211368084,0.131673142,0.914869905,-0.136241183,-0.380580485,-1.594593287,0.977344275,-0.030990440,-0.011834932,-0.209039971,-0.000116151,-0.399467021,-1.637870908,0.973647654,0.002088356,0.090667278,-0.209249571,-0.066850014,-0.477793574,-1.468524337,0.906983137,-0.010865938,-0.038153123,0.419294536
69,3536082,18939,moving,stationary_A,-0.154916510,1.527321458,-0.593123674,-0.318224370,0.212670416,0.131731257,0.914413154,-0.132471830,-0.376410723,-1.580574989,0.976011157,-0.036649879,-0.011707654,-0.214294046,0.003215436,-0.398626685,-1.635553360,0.973336697,0.002265533,0.104863785,-0.203995541,-0.064321533,-0.484369904,-1.482084632,0.994128406,0.006079644,0.035773043,-0.101941511
70,3536361,19218,moving,stationary_A,-0.154667839,1.526854157,-0.595377028,-0.318863630,0.213420287,0.131963164,0.913982213,-0.132120728,-0.376710951,-1.584619045,0.977131844,-0.035458688,0.008352084,-0.209490463,0.004397891,-0.390731514,-1.612669945,0.895937562,-0.025829524,-0.084493667,0.435303956,-0.063910171,-0.476470649,-1.465150714,0.904617786,-0.006898408,-0.033140298,0.424877346
71,3536623,19480,moving,stationary_A,-0.153921008,1.526955605,-0.596897602,-0.318630159,0.213863760,0.132228628,0.913921654,-0.132357582,-0.376314402,-1.578634620,0.976620018,-0.036110211,-0.014628963,-0.211413085,0.003451385,-0.396691740,-1.623064876,0.972656131,0.002648901,0.096862324,-0.211070374,-0.064810328,-0.487033397,-1.488962531,0.995506287,0.002879899,0.039080538,-0.086206943
72,3536903,19760,moving,stationary_A,-0.153357327,1.526815534,-0.597796261,-0.319133639,0.213787407,0.132076666,0.913785756,-0.135233775,-0.380269527,-1.599209070,0.978423774,-0.039366525,-0.002803564,-0.202803656,0.002023809,-0.385151118,-1.586382389,0.888060689,-0.018860994,-0.075898059,0.453025281,-0.066026911,-0.492291927,-1.508579373,0.996630371,0.005811234,0.042424615,-0.069959804
73,3537179,20036,moving,stationary_A,-0.152777731,1.526982665,-0.598088145,-0.318922877,0.213997811,0.131571382,0.913882971,-0.131937653,-0.369217992,-1.556501985,0.894143879,-0.020008987,-0.035317019,0.445936203,0.002707567,-0.396102756,-1.621434689,0.972497940,0.005766931,0.101163730,-0.209715068,-0.065565504,-0.492355883,-1.505609512,0.996577084,0.001877688,0.044365797,-0.069730021
74,3537457,20314,moving,stationary_A,-0.153295949,1.526757717,-0.599175870,-0.319305718,0.214137033,0.131747469,0.913691342,-0.133293718,-0.378278255,-1.600019813,0.908035159,-0.030524248,-0.046339955,0.415202469,0.002679817,-0.396071792,-1.625696421,0.973237514,0.001045918,0.102314651,-0.205765426,-0.065755308,-0.490456343,-1.499727249,0.995851517,0.000817105,0.037453778,-0.082923219
75,3537720,20577,moving,stationary_A,-0.154456481,1.526471853,-0.601792037,-0.319613189,0.214390516,0.131774768,0.913520396,-0.132077515,-0.375871241,-1.575043797,0.976441920,-0.036087546,-0.013884692,-0.212287813,0.003564417,-0.396029413,-1.619328380,0.973228931,0.004310464,0.096979447,-0.208331257,-0.064487800,-0.487443388,-1.486982346,0.995741546,0.005324215,0.032986276,-0.085920721
76,3537999,20856,moving,stationary_A,-0.155465931,1.525911450,-0.603533626,-0.320461184,0.214190066,0.131587610,0.913297296,-0.131739497,-0.373105288,-1.568992496,0.975842178,-0.039749783,-0.000446136,-0.214829624,0.003833774,-0.399639726,-1.643161416,0.975862622,0.000511304,0.095185958,-0.196548924,-0.064152360,-0.485861361,-1.485449076,0.995371461,0.002903455,0.035022791,-0.089446247
77,3538277,21134,moving,moving_A_to_B,-0.156923741,1.525455952,-0.604884028,-0.321130544,0.213958830,0.132091060,0.913043678,-0.134340972,-0.377702028,-1.596123099,0.979295135,-0.040539309,-0.022511568,-0.197055429,0.003267944,-0.390316844,-1.611526370,0.973186553,0.001430813,0.102574736,-0.205874562,-0.064464122,-0.482515275,-1.485524654,0.919459224,-0.004492191,-0.052396260,0.389652669
78,3538554,21411,moving,moving_A_to_B,-0.159948990,1.524468064,-0.607174218,-0.322297812,0.214361787,0.133094758,0.912391841,-0.129916161,-0.369928747,-1.573568344,0.976433694,-0.030672938,-0.007010930,-0.213511646,0.006721646,-0.382544398,-1.596865058,0.899339259,-0.031197362,-0.085535906,0.427667141,-0.062995031,-0.481228769,-1.485063076,0.995128095,-0.001727971,0.039529603,-0.090302244
79,3538847,21704,moving,moving_A_to_B,-0.167822570,1.521782637,-0.613008678,-0.326468587,0.213759631,0.135111198,0.910752475,-0.126245096,-0.356238037,-1.563596845,0.899745405,-0.014890783,-0.036988694,0.434589803,0.007774539,-0.375823617,-1.596007705,0.970571697,-0.001853526,0.103859983,-0.217256293,-0.060315810,-0.465668380,-1.463322282,0.913866520,-0.011314185,-0.042127937,0.403664738
80,3539111,21968,moving,moving_A_to_B,-0.187083378,1.518332362,-0.629528582,-0.326744646,0.206644565,0.136287510,0.912119329,-0.138102099,-0.370415688,-1.543364882,0.978655040,-0.030972868,-0.017095372,-0.202441990,-0.003160682,-0.389592767,-1.588572025,0.975282311,0.005327595,0.095476925,-0.199198931,-0.069639355,-0.475628138,-1.440233827,0.917641401,0.003860967,-0.043185517,0.395037174
81,3539385,22242,moving,moving_A_to_B,-0.208614334,1.509401083,-0.651287377,-0.328495622,0.194673970,0.131588161,0.914809942,-0.150190219,-0.386687219,-1.537415385,0.916090369,-0.011907105,-0.060237389,0.396242499,-0.015111472,-0.402919352,-1.573165774,0.979545057,0.015792759,0.093451150,-0.177507594,-0.076395348,-0.493821204,-1.424242735,0.997223079,0.021629265,0.033636089,-0.062824301
82,3539622,22479,moving,moving_A_to_B,-0.229170769,1.506351948,-0.666604757,-0.324754983,0.192580685,0.131231710,0.916637957,-0.144320890,-0.408643067,-1.492449760,0.984680831,-0.020722242,-0.010461504,-0.172814339,-0.009094730,-0.429570675,-1.553402543,0.981491625,0.018597201,0.095848881,-0.164746270,-0.070459485,-0.505716205,-1.371676922,0.914365888,0.011170669,-0.029514002,0.403657287
83,3539851,22708,moving,moving_A_to_B,-0.239334017,1.503211975,-0.672907174,-0.325545758,0.190161481,0.129588649,0.917096198,-0.140785024,-0.415259421,-1.489902020,0.987416804,-0.013406561,-0.011460884,-0.157152638,-0.004160125,-0.419640720,-1.500473022,0.890213311,0.003838232,-0.086410195,0.447257012,-0.064641878,-0.508621514,-1.358446836,0.916590393,0.013011367,-0.060131017,0.395065814
84,3540078,22935,moving,moving_A_to_B,-0.250744760,1.496218562,-0.686664283,-0.323277831,0.191620916,0.128005862,0.917816639,-0.128257260,-0.425093442,-1.453211188,0.986947298,-0.004997992,-0.001918660,-0.160954565,0.006161887,-0.446134865,-1.513335824,0.982759237,0.028644869,0.105635613,-0.149013266,-0.053788319,-0.519730568,-1.331636310,0.914394259,0.015080877,-0.061898418,0.399780333
85,3540316,23173,moving,moving_A_to_B,-0.266041219,1.485969543,-0.719364941,-0.321015418,0.196131498,0.131271541,0.917196453,-0.125969052,-0.454084694,-1.450942397,0.915212452,-0.010842796,-0.054117568,0.399174005,0.010008000,-0.464062721,-1.459909558,0.983885765,0.027411483,0.111667126,-0.136923134,-0.052187953,-0.542016149,-1.299121022,0.915648937,0.007751266,-0.059253197,0.397512197
86,3540544,23401,moving,moving_A_to_B,-0.276445389,1.471549630,-0.772920609,-0.317026168,0.210526615,0.135357723,0.914795756,-0.114052378,-0.469004989,-1.364262223,0.898475766,-0.014858781,-0.049550097,0.435964793,0.020146806,-0.492439240,-1.403807402,0.986310303,0.023461264,0.126406595,-0.103261791,-0.045805272,-0.569145203,-1.249840140,0.914184034,-0.006488480,-0.052352611,0.401851535
87,3540745,23602,moving,moving_A_to_B,-0.288234115,1.454685688,-0.866538048,-0.311186165,0.238916978,0.142654911,0.908697665,-0.102790594,-0.502955675,-1.237142086,0.884221733,-0.056305904,-0.035206813,0.462322474,0.029970281,-0.537904799,-1.280716658,0.894708455,-0.059446208,-0.067874312,0.437442631,-0.045312796,-0.618850827,-1.151239514,0.914708138,-0.030981233,-0.024802046,0.402161777
88,3540981,23838,moving,moving_A_to_B,-0.300967276,1.424875259,-0.969122052,-0.308705539,0.248974204,0.160667181,0.903824568,-0.152559265,-0.531263947,-1.160612345,0.889356434,-0.073502600,-0.041304938,0.449373364,-0.020890921,-0.563107610,-1.182425380,0.890643895,-0.079002030,-0.071168423,0.442094088,,,,,,,
89,3541205,24062,moving,moving_A_to_B,-0.335873634,1.332316637,-1.085542917,-0.306453913,0.254877448,0.153926149,0.904118478,-0.157294691,-0.546811044,-1.016345978,0.900890887,-0.066470511,-0.030359073,0.427850008,-0.025041420,-0.567455947,-1.016349435,0.889080167,-0.074727029,-0.073761806,0.445546389,-0.103453331,-0.641085267,-0.888513446,0.984401166,-0.054088414,-0.008080423,0.167222932
90,3546800,29657,moving,moving_A_to_B,-0.389488339,1.006598949,-1.203875065,-0.292738080,0.228777781,0.127599388,0.919610560,-0.145217717,-0.415826619,-0.675914943,0.878837049,-0.035088915,-0.039898474,0.474154264,-0.014121845,-0.434758186,-0.689813316,0.882354140,-0.041837018,-0.071336798,0.463262260,,,,,,,
91,3547107,29964,moving,moving_A_to_B,-0.392104775,0.966117144,-1.210132122,-0.289856464,0.223728314,0.126402259,0.921928108,-0.144133449,-0.403066725,-0.658124387,0.878681064,-0.027778020,-0.033883493,0.475394517,-0.012859315,-0.421624362,-0.673229992,0.880167782,-0.039348252,-0.070152171,0.467798114,,,,,,,
92,3547314,30171,moving,moving_A_to_B,-0.257341802,1.765016913,-0.970328033,-0.316294998,0.188949168,0.098343775,0.924437225,0.030014768,-0.543647349,-1.115635276,0.884906411,-0.029143365,-0.016687812,0.464556605,0.163752586,-0.559725583,-1.130656958,0.879506409,-0.030341653,-0.054739911,0.471753567,0.093506917,-0.651576281,-1.022179127,0.900226772,-0.006136606,-0.014931419,0.435122043
93,3547531,30388,moving,moving_A_to_B,-0.196053192,1.820457220,-0.850197673,-0.316626817,0.158040270,0.088085338,0.931134641,-0.025258854,-0.510829628,-1.251435161,0.883319795,-0.000019036,-0.026342668,0.468030185,0.107464999,-0.519242704,-1.268665671,0.876859128,0.000953222,-0.075044259,0.474853188,0.046796225,-0.616825819,-1.164597988,0.901018023,0.022767276,-0.025658950,0.432423204
94,3547753,30610,moving,moving_A_to_B,-0.125030577,1.870257616,-0.749717593,-0.300035834,0.154467091,0.079858914,0.937945068,-0.060707025,-0.550356865,-1.398107290,0.888261080,0.011644372,-0.036855705,0.457709879,0.076876208,-0.571297109,-1.455058336,0.896063447,-0.001155523,-0.068494081,0.438608646,0.012879167,-0.632888377,-1.265741110,0.898796558,0.030855203,-0.027590396,0.436407447
95,3547983,30840,moving,moving_A_to_B,-0.050618358,1.889516354,-0.683501482,-0.284866959,0.174396932,0.078298390,0.939311385,-0.067617908,-0.561576128,-1.480329871,0.991747200,-0.000498845,0.004852534,-0.128116131,0.068937466,-0.565629542,-1.487306118,0.876141310,-0.008136931,-0.065240934,0.477549881,0.001452297,-0.637319684,-1.334317207,0.891841829,0.012261535,-0.019354884,0.451766789
96,3548191,31048,moving,moving_A_to_B,0.026936905,1.894199371,-0.637321115,-0.282585949,0.189862132,0.096380219,0.935311913,-0.119258456,-0.512785792,-1.546893954,0.984374046,-0.048716646,-0.012959212,-0.168720171,0.017278876,-0.521724999,-1.543827415,0.867002189,-0.034629360,-0.058379252,0.493659705,-0.054465815,-0.612392664,-1.444278002,0.899174273,-0.014685445,-0.044951074,0.435028046
97,3548415,31272,moving,moving_A_to_B,0.067264721,1.901421666,-0.608502805,-0.276101291,0.191959202,0.105555996,0.935829937,-0.162649110,-0.516041756,-1.617316604,0.982616305,-0.065584160,-0.033548448,-0.170406863,-0.021847121,-0.531780958,-1.630895495,0.882532418,-0.052355278,-0.059813902,0.463484466,-0.097002350,-0.608072281,-1.481846929,0.997156322,-0.027771838,0.007239438,-0.069681898
98,3548623,31480,moving,moving_A_to_B,0.066522136,1.907940030,-0.591804564,-0.265163630,0.198346883,0.104006395,0.937832355,-0.139827758,-0.545827389,-1.613673329,0.982608795,-0.064425655,-0.030037813,-0.171543166,-0.001506321,-0.545002341,-1.574287295,0.858822584,-0.050358307,-0.067518175,0.505301058,-0.077303596,-0.642612815,-1.497083306,0.998156846,-0.020122038,0.027820027,-0.050041605
99,3548845,31702,moving,moving_A_to_B,0.048973579,1.914233327,-0.586804628,-0.259062111,0.193057105,0.095049001,0.941584527,-0.124676168,-0.581086636,-1.606408238,0.879552782,-0.024112072,-0.015206496,0.474946618,0.013935570,-0.597722888,-1.612020731,0.981634021,-0.009056675,0.085452318,-0.170324892,-0.060226586,-0.663878679,-1.457019567,0.998050809,-0.018793577,0.001418187,-0.059492774
100,3549055,31912,moving,moving_A_to_B,0.036716849,1.918026686,-0.581454456,-0.253675938,0.183629692,0.091385163,0.945292234,-0.132068619,-0.601570189,-1.582832098,0.986737311,-0.043315202,-0.022680013,-0.154786766,0.005429331,-0.607450366,-1.575730205,0.851225913,-0.030733366,-0.067486696,0.519533932,-0.065722309,-0.689176977,-1.458934188,0.998800874,-0.000763376,0.014719184,-0.046685610
101,3549275,32132,moving,moving_A_to_B,0.028232371,1.918871641,-0.580026925,-0.251954436,0.183945462,0.094840616,0.945350885,-0.130810171,-0.610020876,-1.594078898,0.988668561,-0.041998230,-0.012895298,-0.143542260,0.006234474,-0.628426552,-1.614755750,0.985134602,-0.000058264,0.082349844,-0.150759012,-0.064166538,-0.699172616,-1.468985915,0.999178052,-0.008594017,0.020182762,-0.034088209
102,3549484,32341,moving,moving_A_to_B,0.023583004,1.918826342,-0.580271482,-0.252360791,0.186079592,0.095641747,0.944743931,-0.122519016,-0.604823828,-1.587705612,0.869764686,-0.025272485,-0.024130676,0.492228001,0.018145360,-0.632834256,-1.627915740,0.870371819,-0.044990826,-0.064606078,0.486060500,-0.054459870,-0.676319599,-1.425902963,0.869241059,-0.017916923,-0.029350201,0.493191183
103,3549695,32552,moving,moving_A_to_B,0.022202300,1.919408917,-0.580089092,-0.252186060,0.186955035,0.095002308,0.944682240,-0.116688319,-0.622727036,-1.621811032,0.992264390,-0.048789989,-0.005320429,-0.114029378,0.021317709,-0.619431376,-1.588171244,0.854126334,-0.033596031,-0.055184685,0.516037047,-0.049880933,-0.705276310,-1.476229191,0.999404907,-0.010687697,0.027366510,-0.018076286
104,3549917,32774,moving,moving_A_to_B,0.021540886,1.920221329,-0.579247832,-0.251014352,0.186991274,0.094188280,0.945068598,-0.113246419,-0.604387164,-1.564956307,0.859840274,-0.030538863,-0.019040635,0.509293139,0.023477118,-0.630534947,-1.600211978,0.982883155,0.004088199,0.109943651,-0.147771180,-0.047730528,-0.708733916,-1.472204685,0.998864353,0.004749356,0.036472633,-0.030284222
105,3550123,32980,moving,moving_A_to_B,0.020181678,1.921009660,-0.577436328,-0.249680191,0.187817141,0.093628488,0.945313811,-0.109263398,-0.615778983,-1.576430917,0.987062693,-0.041199669,-0.012761857,-0.154424548,0.027901791,-0.639167905,-1.606534004,0.983837962,0.005291501,0.093120731,-0.152850896,-0.043730684,-0.715616405,-1.477583766,0.999095440,0.001374378,0.039435394,-0.015852205
106,3550346,33203,moving,moving_A_to_B,0.018482747,1.921169758,-0.574542522,-0.248992249,0.188976809,0.094116911,0.945215642,-0.105789624,-0.626813769,-1.602219820,0.990048468,-0.042543970,0.001150891,-0.134137034,0.032124013,-0.642061353,-1.611508369,0.984158278,0.001102810,0.092607386,-0.151179120,-0.039296359,-0.711370170,-1.471073270,0.888035297,-0.017542476,-0.042254150,0.457493395
107,3550554,33411,moving,moving_A_to_B,0.018429307,1.921740413,-0.571368098,-0.247702330,0.188366652,0.093868084,0.945701003,-0.105387032,-0.608029842,-1.556324363,0.847988546,-0.039876241,-0.027855331,0.527777851,0.031388387,-0.630330443,-1.578949451,0.852943063,-0.035644215,-0.068447232,0.516268075,-0.040726099,-0.715147376,-1.470649362,0.998992562,0.000614070,0.037358187,-0.024855010
108,3550762,33619,moving,moving_A_to_B,0.019226314,1.922069907,-0.568108857,-0.247255981,0.187747240,0.093505502,0.945976853,-0.106241472,-0.621934056,-1.585393786,0.988100946,-0.040524080,-0.005506431,-0.148270130,0.031586118,-0.630918264,-1.584892511,0.848601043,-0.033083878,-0.065601952,0.523906648,-0.040410355,-0.717465103,-1.477187753,0.998900592,0.002157792,0.035195924,-0.030890318
109,3550971,33828,moving,moving_A_to_B,0.019043796,1.922202349,-0.565212607,-0.247021943,0.187983632,0.093026996,0.946038187,-0.102767721,-0.610905051,-1.564198375,0.855687916,-0.032017138,-0.015574418,0.516265988,0.034609795,-0.627031446,-1.577482700,0.852597356,-0.038105644,-0.076759100,0.515493631,-0.037379853,-0.719970345,-1.485332370,0.999043584,0.005495088,0.039304085,-0.018356202
110,3551195,34052,moving,moving_A_to_B,0.017558502,1.922177434,-0.563173771,-0.246530488,0.189035714,0.093860663,0.945874393,-0.099423110,-0.620539546,-1.582763195,0.987502515,-0.038714886,-0.003060533,-0.152743340,0.040386155,-0.663081944,-1.661582828,0.986682475,-0.001634797,0.108645782,-0.121041685,-0.034746874,-0.707146406,-1.463530421,0.871643722,-0.020345043,-0.040123537,0.488071114
111,3551402,34259,moving,moving_A_to_B,0.016339345,1.922405481,-0.561595261,-0.245811775,0.189796686,0.095601104,0.945734739,-0.098970555,-0.610973835,-1.563112140,0.855788827,-0.033686433,-0.019030770,0.515876472,0.038459770,-0.651467085,-1.629368663,0.983882964,0.005033870,0.107333608,-0.142928034,-0.035749458,-0.696857214,-1.442139745,0.865581036,-0.020710692,-0.023380753,0.499793917
112,3551625,34482,moving,moving_A_to_B,0.015807588,1.922815800,-0.559586704,-0.244602159,0.190126806,0.096152663,0.945926130,-0.099273443,-0.627307653,-1.597908139,0.867309928,-0.038238589,-0.028768245,0.495463163,0.039973058,-0.651046038,-1.627235174,0.861547351,-0.045134112,-0.063998558,0.501600683,-0.034538586,-0.713742673,-1.470728159,0.878099918,-0.023610363,-0.041282948,0.476107985
113,3551847,34704,moving,moving_A_to_B,0.015750825,1.923190117,-0.556705952,-0.243487254,0.191202581,0.095630758,0.946049869,-0.094342776,-0.631922305,-1.596809983,0.988475800,-0.039643951,0.009836542,-0.145764112,0.042887136,-0.640839219,-1.590928316,0.849194527,-0.041301355,-0.064243831,0.522528052,-0.030063830,-0.722351491,-1.480490208,0.884957433,-0.019098228,-0.037181631,0.463792115
114,3552054,34911,moving,moving_A_to_B,0.015588756,1.924026251,-0.553837061,-0.241570473,0.191853210,0.095214568,0.946451426,-0.091686077,-0.633797884,-1.592293859,0.860776246,-0.034754489,-0.023861393,0.507234693,0.046722718,-0.666942656,-1.638313293,0.983891368,0.004673530,0.109561235,-0.141181633,-0.026743304,-0.733251035,-1.489876390,0.998485208,0.004359529,0.052942153,-0.014331933
115,3552262,35119,moving,moving_A_to_B,0.015102948,1.924568176,-0.551048815,-0.240115955,0.192092866,0.094811656,0.946813285,-0.090234488,-0.640507638,-1.593121290,0.988974214,-0.041049495,-0.000201172,-0.142284453,0.047166497,-0.660203457,-1.610757589,0.981969059,0.001911123,0.107348107,-0.155594036,-0.026361024,-0.724072695,-1.467251420,0.871846974,-0.028984632,-0.027403003,0.488151431
116,3552473,35330,moving,moving_A_to_B,0.014967946,1.925201416,-0.548618197,-0.238316983,0.192239165,0.094888911,0.947230279,-0.090453640,-0.647731543,-1.596715689,0.988009512,-0.039596301,0.004780616,-0.149152532,0.046159945,-0.651992798,-1.580376863,0.842798352,-0.038642008,-0.065616861,0.532815337,-0.026294142,-0.738226473,-1.480221748,0.998772740,-0.001197274,0.047022261,-0.015509035
117,3552679,35536,moving,moving_A_to_B,0.014785222,1.925050020,-0.547519922,-0.237753376,0.191957578,0.095023379,0.947415531,-0.090881668,-0.649172246,-1.600154400,0.989735901,-0.039620053,0.012620036,-0.136725351,0.047003120,-0.651432574,-1.579560637,0.845787168,-0.045128338,-0.074298814,0.526390791,-0.026597101,-0.739257455,-1.480782986,0.998642266,0.002294687,0.049158566,-0.017084185
118,3552889,35746,moving,moving_A_to_B,0.013876779,1.924459457,-0.548454642,-0.238279700,0.192358062,0.094948731,0.947209537,-0.087969840,-0.627314031,-1.554600120,0.836654246,-0.043195665,-0.026742915,0.545370162,0.049277179,-0.661527991,-1.605571508,0.852984488,-0.042660996,-0.070393495,0.515404999,-0.025004245,-0.728424251,-1.462070346,0.998805761,0.001683360,0.036414146,-0.032531295
119,3553096,35953,moving,moving_A_to_B,0.012852693,1.924030423,-0.549335241,-0.238592401,0.192312330,0.095037922,0.947131157,-0.088087648,-0.641306281,-1.583253384,0.987020016,-0.038852349,0.013098178,-0.155275285,0.050289676,-0.676254034,-1.639017701,0.984885454,0.005799421,0.108655252,-0.134763077,-0.023568079,-0.744018197,-1.493639469,0.998658836,0.006115443,0.051025163,-0.006287906
120,3553304,36161,moving,moving_A_to_B,0.012376321,1.923905611,-0.550294936,-0.238345519,0.192290351,0.095410600,0.947160304,-0.088205770,-0.629312813,-1.557114482,0.842741907,-0.037012462,-0.022464126,0.536573827,0.048485525,-0.667421222,-1.618840575,0.857014060,-0.049969111,-0.058558047,0.509510338,-0.025665272,-0.716716766,-1.440637469,0.867144942,-0.023877647,-0.023332346,0.496935785
121,3553512,36369,moving,moving_A_to_B,0.011991565,1.923718810,-0.551891029,-0.238399073,0.192960277,0.096060045,0.946944892,-0.089677304,-0.640199900,-1.583737969,0.854173303,-0.046156693,-0.015217195,0.517712235,0.050470531,-0.677183270,-1.636831522,0.984476805,-0.000242691,0.121304333,-0.126848936,-0.025555413,-0.716665149,-1.439578772,0.865858912,-0.025848566,-0.024862062,0.499001175
122,3553735,36592,moving,moving_A_to_B,0.012102480,1.923500419,-0.553359866,-0.238451570,0.193315953,0.095889717,0.946876407,-0.088026211,-0.652391076,-1.610830665,0.871370971,-0.044726085,-0.022946617,0.488042742,0.050334714,-0.677796006,-1.633689284,0.984413505,0.001522817,0.106709696,-0.139788568,-0.025475789,-0.719291806,-1.442640662,0.865737855,-0.025010483,-0.021474406,0.499410957
123,3553929,36786,moving,moving_A_to_B,0.012291814,1.923368335,-0.554884076,-0.238680631,0.192875504,0.095753036,0.946922362,-0.088545285,-0.641457319,-1.576007128,0.988331318,-0.034520477,0.007990835,-0.148140922,0.047332153,-0.654875338,-1.582563281,0.848922431,-0.044718582,-0.059002653,0.523306549,-0.025082715,-0.738046825,-1.476155281,0.885085940,-0.022154870,-0.037352733,0.463397026
124,3554151,37008,moving,moving_A_to_B,0.012338585,1.923494816,-0.555721104,-0.238582134,0.193370298,0.095331162,0.946888804,-0.087420292,-0.642444849,-1.574264646,0.986800194,-0.040759701,0.006565576,-0.156591654,0.049075678,-0.650216997,-1.567367077,0.845101833,-0.043986853,-0.074844696,0.527509451,-0.023401566,-0.742937982,-1.480278373,0.998392999,0.006174588,0.055071980,-0.011848515
125,3554388,37245,moving,moving_A_to_B,0.012220255,1.924033046,-0.555403709,-0.237695426,0.193559438,0.094920218,0.947114468,-0.086786754,-0.652607501,-1.590153456,0.989489973,-0.039108336,0.011441961,-0.138741598,0.050381131,-0.670560002,-1.600894332,0.982202411,0.005689224,0.108800806,-0.152998343,-0.022694405,-0.745698571,-1.477699876,0.998548865,0.000087739,0.053170241,-0.008550164
126,3554651,37508,moving,moving_A_to_B,0.012166731,1.924811482,-0.554609478,-0.236264989,0.193828896,0.094666108,0.947442651,-0.086678572,-0.658129752,-1.591773748,0.991268516,-0.038931627,0.015310711,-0.125046566,0.052271813,-0.678119421,-1.612460136,0.856556177,-0.052747644,-0.054026477,0.510500193,-0.021954764,-0.752262592,-1.483019352,0.887423337,-0.027692040,-0.038369242,0.458520174
127,3554902,37759,moving,moving_A_to_B,0.012645067,1.925526619,-0.553126693,-0.233982384,0.194234759,0.094309218,0.947961450,-0.084625922,-0.651467025,-1.561915636,0.853764534,-0.039004281,-0.018380430,0.518870831,0.052781053,-0.689468205,-1.617383838,0.985173762,-0.000243238,0.114519991,-0.127741173,-0.022197897,-0.736527801,-1.438858747,0.870225489,-0.019754510,-0.013104867,0.492082983
128,3555150,38007,moving,moving_A_to_B,0.012751033,1.925772429,-0.552326500,-0.232922256,0.194055542,0.093841173,0.948305607,-0.084807903,-0.660365403,-1.570613861,0.853477359,-0.032546423,-0.022765020,0.519614279,0.051310740,-0.676654100,-1.579175353,0.845303476,-0.046058491,-0.060160588,0.528886914,-0.021826420,-0.752166510,-1.456743240,0.998632848,0.003250193,0.049273923,-0.017145038
129,3555402,38259,moving,moving_A_to_B,0.012995768,1.925922990,-0.552258372,-0.232133135,0.194183916,0.093115404,0.948544323,-0.084585674,-0.672766089,-1.589583397,0.991330266,-0.039145287,0.015610327,-0.124451689,0.054137789,-0.702688575,-1.629174829,0.985854328,0.001760873,0.114935607,-0.121975064,-0.021166749,-0.752500951,-1.451592922,0.998853207,0.001493388,0.040897250,-0.024849925
130,3555651,38508,moving,moving_A_to_B,0.012969373,1.925783753,-0.552153051,-0.231691122,0.193878904,0.093049228,0.948721290,-0.084970847,-0.670524895,-1.579811215,0.990084589,-0.033261228,0.011540616,-0.135989100,0.051727697,-0.695878744,-1.609473944,0.985451877,0.003323086,0.101809651,-0.136045501,-0.022483792,-0.745346904,-1.439694285,0.866021276,-0.024574047,-0.028333012,0.498598546
131,3555902,38759,moving,moving_A_to_B,0.012568649,1.925616860,-0.551912308,-0.231426284,0.195011824,0.093772076,0.948482513,-0.083376810,-0.676121712,-1.593075752,0.991288781,-0.036812723,0.011818347,-0.125903711,0.053885221,-0.680663824,-1.575363278,0.838088155,-0.039108854,-0.057778232,0.541054964,-0.019756302,-0.761844337,-1.466037035,0.998702109,0.002088024,0.049778644,-0.010577180
132,3556151,39008,moving,moving_A_to_B,0.012538930,1.925453186,-0.551504910,-0.231158197,0.195867583,0.093525432,0.948395908,-0.080239490,-0.666911721,-1.568495989,0.987562478,-0.040052198,0.010756113,-0.151659280,0.055677794,-0.664680123,-1.538437843,0.837159991,-0.041821718,-0.082134575,0.539136469,-0.017762538,-0.753802299,-1.450497985,0.997994363,-0.000998609,0.054486021,-0.032210197
133,3556401,39258,moving,moving_A_to_B,0.012213334,1.925113678,-0.551239550,-0.231391206,0.195807129,0.093752570,0.948329091,-0.080381379,-0.668977559,-1.584307909,0.861519992,-0.049816981,-0.010899954,0.505156279,0.056862123,-0.690409422,-1.595881701,0.982734859,0.010375172,0.118606001,-0.141623482,-0.018945051,-0.745448828,-1.440483212,0.868899584,-0.019623129,-0.018459864,0.494254589
134,3556637,39494,moving,moving_A_to_B,0.012452723,1.925107718,-0.550885260,-0.231462568,0.195309684,0.093377210,0.948451340,-0.081059419,-0.657809973,-1.556048632,0.847369134,-0.036573693,-0.016901003,0.529473662,0.055366613,-0.682624578,-1.582949400,0.846752644,-0.044222984,-0.054255355,0.527361989,-0.017855961,-0.759622455,-1.466363668,0.878806114,-0.021002578,-0.037653934,0.475227207
135,3556888,39745,moving,moving_A_to_B,0.012687793,1.925561905,-0.549641609,-0.230416626,0.195579335,0.093403466,0.948647857,-0.080471635,-0.673012435,-1.585040331,0.861886561,-0.048689898,-0.010388149,0.504651248,0.056138903,-0.687327147,-1.586713433,0.838460743,-0.041702896,-0.040168125,0.541877389,-0.018530469,-0.748204350,-1.439705372,0.870432317,-0.021096589,-0.013461399,0.491651565
136,3557138,39995,moving,moving_A_to_B,0.012579915,1.926302075,-0.547869205,-0.228607491,0.196468443,0.093730211,0.948869526,-0.079217896,-0.681545019,-1.584164977,0.989910543,-0.039216641,0.012767058,-0.135558754,0.058146425,-0.698406041,-1.592768550,0.983017623,0.001911751,0.119513288,-0.139245391,-0.015575860,-0.773490429,-1.470993042,0.997956991,0.001184113,0.063420996,-0.007630241
137,3557374,40231,moving,moving_A_to_B,0.013128639,1.927434206,-0.546271682,-0.226160467,0.196928352,0.093051322,0.949427247,-0.077420004,-0.672615051,-1.550679803,0.839191616,-0.041403029,-0.021638433,0.541825593,0.060174234,-0.710988045,-1.606020093,0.850826502,-0.053912070,-0.050203137,0.520257115,-0.014761139,-0.772703052,-1.454728484,0.998225152,-0.000962321,0.059115481,-0.007145314
138,3557625,40482,moving,moving_A_to_B,0.013634061,1.928003073,-0.545686603,-0.224827260,0.196060881,0.091738611,0.950050950,-0.079111464,-0.696179628,-1.583279371,0.990303397,-0.038257767,0.016463991,-0.132531121,0.058215767,-0.703880191,-1.576499224,0.839496791,-0.044521697,-0.060478643,0.538149893,-0.016297754,-0.799497008,-1.497062445,0.891024470,-0.018769011,-0.060593698,0.449501455
139,3557873,40730,moving,moving_A_to_B,0.013245978,1.928087473,-0.545989513,-0.223780021,0.196053952,0.091087356,0.950362265,-0.078547701,-0.695479453,-1.571148753,0.990072548,-0.038969234,0.011650232,-0.134543926,0.058535755,-0.719890714,-1.596628785,0.984382987,0.006530439,0.108319163,-0.138616413,-0.014250748,-0.779773891,-1.451027155,0.872031868,-0.026521761,-0.035922237,0.487408072
140,3558110,40967,moving,moving_A_to_B,0.012094218,1.927720904,-0.547434628,-0.223528713,0.195943877,0.091720968,0.950383186,-0.079686776,-0.715018034,-1.612624168,0.994354963,-0.041874595,0.019117748,-0.095599763,0.057339646,-0.706092000,-1.565022469,0.837587357,-0.043896403,-0.065817133,0.540544868,-0.016279437,-0.793827832,-1.470957994,0.998472691,0.007537538,0.053145159,0.013079987
141,3558360,41217,moving,moving_A_to_B,0.011321327,1.927783251,-0.548805237,-0.222831979,0.196421444,0.092733309,0.950349987,-0.080004551,-0.681278229,-1.534700871,0.833257139,-0.041871302,-0.015850289,0.551069915,0.056667365,-0.705388904,-1.557384968,0.841240883,-0.048848517,-0.076790273,0.532945573,-0.018428788,-0.772128999,-1.429083705,0.863595963,-0.022032512,-0.015657414,0.503459573
142,3558597,41454,moving,moving_A_to_B,0.010860241,1.927510500,-0.550114155,-0.222510010,0.197282881,0.093398400,0.950181842,-0.081355453,-0.731878102,-1.645868421,0.881802201,-0.037546661,-0.038469147,0.468545973,0.057060070,-0.715293467,-1.575565696,0.838091373,-0.055468090,-0.050114188,0.540383875,-0.017174758,-0.781932354,-1.440550685,0.998099625,-0.002475429,0.057298064,-0.022537518
143,3558847,41704,moving,moving_A_to_B,0.010776402,1.926986098,-0.551495373,-0.223413214,0.197448492,0.092937917,0.949980617,-0.078601390,-0.700719714,-1.574172974,0.991142631,-0.039471101,0.016265931,-0.125752807,0.058827855,-0.723110914,-1.594374299,0.985469937,0.004681939,0.113897331,-0.125914693,-0.014647152,-0.794699550,-1.469363451,0.882806599,-0.028115071,-0.034690771,0.467609495
144,3559082,41939,moving,moving_A_to_B,0.010191370,1.926423788,-0.553280473,-0.223597199,0.197784916,0.093627356,0.949799657,-0.078695990,-0.703069150,-1.579466939,0.991846144,-0.040158451,0.018469842,-0.119529791,0.058336765,-0.708305478,-1.564471245,0.842441976,-0.050901897,-0.061192159,0.532875359,-0.015764207,-0.791965842,-1.460104227,0.998344302,0.000101188,0.056969978,0.007943516
145,3559332,42189,moving,moving_A_to_B,0.009386706,1.926127076,-0.555866063,-0.224069580,0.198289275,0.094279401,0.949518621,-0.078874424,-0.703157425,-1.579959989,0.991969645,-0.041172367,0.020450503,-0.117825344,0.058259062,-0.708858669,-1.564667940,0.839077711,-0.047149699,-0.055876330,0.539076388,-0.016812699,-0.782511532,-1.443634033,0.998547196,-0.005415988,0.052388582,-0.011383433
146,3559582,42439,moving,moving_A_to_B,0.009326535,1.926248789,-0.557852566,-0.224413425,0.197647125,0.093419269,0.949656308,-0.079102419,-0.704910696,-1.580949426,0.993023038,-0.037523232,0.017122852,-0.110472240,0.059792958,-0.725492179,-1.600369215,0.854262471,-0.056874670,-0.053987905,0.513893247,-0.015873592,-0.790556133,-1.454217434,0.998052835,0.006945445,0.061955739,0.001954597
147,3559833,42690,moving,moving_A_to_B,0.008448455,1.926179171,-0.560107768,-0.224642545,0.196973696,0.092998080,0.949783385,-0.080357313,-0.703130364,-1.578680992,0.860310197,-0.040622234,-0.025268186,0.507521272,0.055675894,-0.702996850,-1.548529387,0.833176732,-0.044787701,-0.057276383,0.548206270,-0.017292053,-0.786394119,-1.447845340,0.879739940,-0.024311606,-0.030560805,0.473848701
148,3560070,42927,moving,moving_A_to_B,0.006518295,1.926311016,-0.563711226,-0.224257931,0.196884513,0.093763106,0.949817538,-0.082314655,-0.709001184,-1.575147986,0.992019236,-0.042302579,0.014960276,-0.117832430,0.055397488,-0.719358802,-1.573248148,0.836293101,-0.038699817,-0.041554250,0.545334339,-0.018740643,-0.794131875,-1.448623419,0.998152971,0.004737761,0.058782358,0.014586821
149,3560320,43177,moving,moving_A_to_B,0.003186656,1.926034808,-0.568244100,-0.224335462,0.197560593,0.093983069,0.949637055,-0.079258814,-0.687495828,-1.524100900,0.838569760,-0.046279673,-0.017975060,0.542527378,0.058232196,-0.731645763,-1.585765123,0.986721456,0.003928463,0.113368899,-0.116244689,-0.018214241,-0.772046626,-1.403820276,0.859076321,-0.024714602,-0.019789269,0.510867417
150,3560556,43413,moving,moving_A_to_B,0.000411434,1.925451875,-0.572123826,-0.226131722,0.196341619,0.092959009,0.949564695,-0.077433333,-0.697165012,-1.544822097,0.991265237,-0.029863559,0.019354345,-0.126991272,0.058231018,-0.703249574,-1.535544753,0.837609053,-0.048827901,-0.059599034,0.540809512,-0.014321521,-0.787392080,-1.434581876,0.881800592,-0.024982871,-0.040763628,0.469192803
151,3560805,43662,moving,moving_A_to_B,-0.000236581,1.924905300,-0.572973847,-0.226898998,0.195979223,0.093032099,0.949449360,-0.078584239,-0.697734475,-1.552766562,0.993462145,-0.041748006,0.017345177,-0.104829527,0.057533398,-0.699458599,-1.529717088,0.837951720,-0.048008859,-0.066486783,0.539547622,-0.015226388,-0.784831762,-1.430545092,0.998582959,0.006057831,0.052185595,0.008490560
152,3561054,43911,moving,moving_A_to_B,0.000025570,1.924756169,-0.572005689,-0.227058873,0.195831224,0.093185462,0.949426591,-0.079127386,-0.680740893,-1.521677136,0.840233445,-0.039524589,-0.009988652,0.540690064,0.058886975,-0.725962579,-1.588694334,0.987217426,0.000330717,0.116101399,-0.109188333,-0.014972143,-0.787464738,-1.438165665,0.997788489,0.003187574,0.064565293,0.015469843
153,3561305,44162,moving,moving_A_to_B,0.000457217,1.924541235,-0.570570052,-0.228253856,0.195706353,0.093025908,0.949181437,-0.077670045,-0.694835424,-1.561865807,0.992904186,-0.032607056,0.016397646,-0.113178134,0.058016784,-0.695331395,-1.537406087,0.840248883,-0.047375370,-0.064513840,0.536260545,-0.014855575,-0.776475310,-1.431976795,0.875775397,-0.020064723,-0.031174544,0.481293082
154,3561541,44398,moving,moving_A_to_B,0.000638553,1.923901320,-0.568513691,-0.230089486,0.196224824,0.092947185,0.948638797,-0.073631197,-0.692851543,-1.584076166,0.866334796,-0.041609805,-0.029564695,0.496848702,0.061440483,-0.679115713,-1.523316860,0.836860597,-0.051564559,-0.069887854,0.540482342,-0.011297412,-0.768637538,-1.435851097,0.877960861,-0.022940334,-0.028487150,0.477333158
155,3561806,44663,moving,moving_A_to_B,0.000517709,1.923342943,-0.567340255,-0.232054621,0.194944113,0.092040665,0.948512495,-0.073939368,-0.677354038,-1.560431004,0.990942597,-0.030485390,0.016760735,-0.129701406,0.061326101,-0.679876626,-1.541657686,0.839557707,-0.042216003,-0.059510928,0.538348615,-0.010528877,-0.767163157,-1.446829200,0.882257342,-0.022609208,-0.031924374,0.469139308
156,3562041,44898,moving,moving_A_to_B,0.001132686,1.923096895,-0.566799045,-0.234068200,0.190665171,0.090863086,0.949000955,-0.084331051,-0.675151706,-1.573130965,0.991468251,-0.033485752,0.007098676,-0.125773773,0.053742126,-0.695282459,-1.593909025,0.985217094,0.011415488,0.117393859,-0.124240592,-0.018405851,-0.760664642,-1.450542092,0.881193161,-0.016753865,-0.041623179,0.470622450
157,3562276,45133,moving,moving_A_to_B,0.002271649,1.922309399,-0.567813456,-0.238626719,0.186332479,0.087606527,0.949032426,-0.087811977,-0.645368755,-1.540170789,0.849271357,-0.024116762,-0.009500511,0.527319849,0.052220784,-0.689050555,-1.619933605,0.863608718,-0.043977354,-0.056785051,0.499020427,-0.020298462,-0.760681748,-1.476412535,0.997925997,0.014887599,0.059102859,0.020711657
158,3562526,45383,moving,moving_A_to_B,0.000741417,1.922136426,-0.567333698,-0.239972964,0.185770214,0.087727956,0.948791981,-0.085567534,-0.651262105,-1.559475660,0.989486933,-0.025164876,0.001752340,-0.142405525,0.050959140,-0.658223629,-1.557815313,0.846039593,-0.025525806,-0.062473677,0.528831363,-0.019445388,-0.744416356,-1.456044436,0.883494496,-0.005064365,-0.032666508,0.467273772
159,3562763,45620,moving,moving_A_to_B,-0.000510639,1.922918797,-0.566750348,-0.239304096,0.184810027,0.087807156,0.949141085,-0.088405766,-0.646936059,-1.546117306,0.854184568,-0.025071381,-0.014552223,0.519161284,0.048828982,-0.667082191,-1.570570707,0.847588301,-0.026214093,-0.061941221,0.526374638,-0.022690523,-0.734465837,-1.431335688,0.872918189,-0.012310926,-0.020869438,0.487264514
160,3563013,45870,moving,moving_A_to_B,0.000820584,1.922994614,-0.567180157,-0.240652651,0.182675034,0.087128296,0.949275970,-0.094744891,-0.661974251,-1.588139415,0.991263270,-0.027361443,0.006384119,-0.128871247,0.042961255,-0.677173495,-1.603883266,0.985100746,0.014193512,0.099139251,-0.139808714,-0.026658278,-0.741050959,-1.449679971,0.998861551,0.016284054,0.042164069,-0.015252804
161,3563249,46106,moving,moving_A_to_B,0.002957137,1.924593449,-0.564821243,-0.237302259,0.181281224,0.084142305,0.950654924,-0.095125854,-0.649078667,-1.534514666,0.843175352,-0.025355594,-0.019459968,0.536687791,0.041893527,-0.673769236,-1.573538065,0.843388438,-0.023723209,-0.055732489,0.533879280,-0.026920695,-0.752448440,-1.449617863,0.998963594,0.017219087,0.041973360,-0.003671248
162,3563499,46356,moving,moving_A_to_B,0.001057403,1.924631953,-0.563291550,-0.236719728,0.183693126,0.086914718,0.950087607,-0.091723837,-0.664742708,-1.566773653,0.990226686,-0.029786244,0.001762762,-0.136238307,0.047131412,-0.690155864,-1.604837298,0.984908879,0.020370856,0.113843396,-0.128760487,-0.023590252,-0.754741549,-1.454117298,0.998625219,0.016532779,0.049741957,-0.000359053
163,3563749,46606,moving,moving_A_to_B,-0.000862810,1.924556732,-0.562165618,-0.235619903,0.183178172,0.088887848,0.950277865,-0.095245987,-0.653402388,-1.542161226,0.851228952,-0.029267782,-0.021517504,0.523535728,0.042465188,-0.678681374,-1.577298164,0.845211327,-0.029474305,-0.061635781,0.530047297,-0.027568692,-0.767938077,-1.474663615,0.998174012,0.016066045,0.057449855,0.009488842
164,3563998,46855,moving,moving_A_to_B,-0.001405182,1.924776554,-0.561096311,-0.234376043,0.183829427,0.088772029,0.950470507,-0.092449799,-0.680510879,-1.593147516,0.867774189,-0.033488575,-0.028085314,0.495033026,0.044830546,-0.682402730,-1.573367834,0.844825327,-0.030802399,-0.069150388,0.529659927,-0.025996286,-0.758488953,-1.447330713,0.999055445,0.013277406,0.039743762,-0.011508129
165,3564235,47092,moving,moving_A_to_B,-0.000608327,1.924857378,-0.559794068,-0.233994991,0.182770863,0.088323116,0.950810313,-0.095239334,-0.661066949,-1.546736240,0.846873462,-0.031106457,-0.021974728,0.530429065,0.041520752,-0.678331017,-1.563476324,0.844599128,-0.033927318,-0.071940146,0.529458106,-0.027238203,-0.765893698,-1.460927367,0.998496950,0.014311668,0.052887321,-0.001409803
166,3564471,47328,moving,moving_A_to_B,0.000063604,1.925414085,-0.557653248,-0.232653439,0.183441937,0.088015579,0.951038718,-0.092433333,-0.675496697,-1.565011024,0.990540862,-0.027410805,0.006587896,-0.134290919,0.044344768,-0.675113201,-1.546981573,0.835114360,-0.023752216,-0.072724864,0.544730186,-0.026399801,-0.748943448,-1.426854253,0.860880852,-0.014846003,-0.030572653,0.507670343
167,3564719,47576,moving,moving_A_to_B,0.000247005,1.926002502,-0.555585086,-0.231141046,0.184049323,0.087783054,0.951311648,-0.091587260,-0.665991545,-1.539565921,0.842500329,-0.030714609,-0.021832831,0.537376165,0.045166850,-0.685252190,-1.559144735,0.839303851,-0.028577460,-0.067807280,0.538659871,-0.024421107,-0.762024760,-1.441980481,0.872731745,-0.015436686,-0.034751959,0.486716866
168,3564957,47814,moving,moving_A_to_B,0.001030582,1.926784873,-0.553486586,-0.229628414,0.183762863,0.086836718,0.951820016,-0.091739386,-0.683397532,-1.562857628,0.990448773,-0.027802661,0.000551939,-0.135048211,0.045536660,-0.693772852,-1.569040537,0.840801895,-0.027789405,-0.061261803,0.537147105,-0.023845481,-0.774762452,-1.454867721,0.998932779,0.011628933,0.044695266,-0.000619490
169,3565207,48064,moving,moving_A_to_B,0.001951538,1.927359223,-0.552130044,-0.228739291,0.183392629,0.084989600,0.952272177,-0.089604348,-0.688809991,-1.565798283,0.991094768,-0.020482402,0.002182404,-0.131555632,0.046809144,-0.700489998,-1.575250745,0.840250373,-0.030343387,-0.055536348,0.538492739,-0.023240646,-0.762035251,-1.428719163,0.867367744,-0.006989649,-0.022456650,0.497111768
170,3565444,48301,moving,moving_A_to_B,0.002678673,1.927574515,-0.551465631,-0.227527961,0.183215544,0.084589861,0.952631950,-0.091533951,-0.702843785,-1.587978601,0.993379056,-0.024162702,0.004029876,-0.112240903,0.046630010,-0.716472447,-1.598638654,0.986374557,0.014181397,0.109877519,-0.121618412,-0.022801662,-0.776807547,-1.447902918,0.877567947,-0.006914371,-0.036591955,0.478003919
171,3565679,48536,moving,moving_A_to_B,0.002765247,1.927348256,-0.552204907,-0.227771789,0.183037862,0.084883563,0.952581704,-0.091862604,-0.674951315,-1.532861710,0.841028512,-0.028332647,-0.016358765,0.540000618,0.045074455,-0.700293958,-1.567256808,0.840698540,-0.026872030,-0.067431405,0.536616147,-0.024059549,-0.781377673,-1.452860475,0.998614013,0.015752241,0.049568616,-0.008051994
172,3565915,48772,moving,moving_A_to_B,0.002033341,1.926549196,-0.553501487,-0.228476301,0.183396652,0.085687056,0.952272058,-0.091889173,-0.676455259,-1.543025136,0.848568380,-0.027691402,-0.016627213,0.528099000,0.046330065,-0.715451717,-1.605106354,0.986842990,0.018666072,0.114686623,-0.112425432,-0.024045210,-0.783445120,-1.463274717,0.998488843,0.014829073,0.052023664,0.009676985
173,3566165,49022,moving,moving_A_to_B,0.001148604,1.926244736,-0.554175854,-0.228534609,0.184341654,0.087014914,0.951955080,-0.091720484,-0.687818646,-1.563372850,0.990826190,-0.029072264,-0.001422199,-0.131970540,0.046251915,-0.698277235,-1.570721626,0.843794107,-0.036047217,-0.066337734,0.531329811,-0.023805320,-0.780616999,-1.458274484,0.998735905,0.011699419,0.047673143,0.010817613
174,3566416,49273,moving,moving_A_to_B,0.000152040,1.925927520,-0.554856062,-0.228320837,0.185590729,0.088270277,0.951648057,-0.088913500,-0.684828997,-1.555410504,0.990457535,-0.027233675,-0.001508984,-0.135092661,0.048265256,-0.692694664,-1.555089116,0.837410212,-0.028684761,-0.076561607,0.540425479,-0.023059042,-0.775372267,-1.445866227,0.998956442,0.015692897,0.041754156,-0.009817446
175,3566651,49508,moving,moving_A_to_B,-0.000457922,1.925934792,-0.555322647,-0.228450090,0.185992509,0.088947020,0.951475561,-0.091221251,-0.699638724,-1.595121384,0.864529967,-0.011417105,-0.036221076,0.501144350,0.049147561,-0.714896679,-1.601335645,0.985171080,0.022412637,0.105095409,-0.133755520,-0.023206484,-0.777227283,-1.453289986,0.879747927,-0.006775226,-0.041633181,0.473565608
176,3566902,49759,moving,moving_A_to_B,-0.000677713,1.926061153,-0.554860711,-0.228514418,0.186599329,0.089124605,0.951324701,-0.087893561,-0.690207601,-1.570381522,0.991410732,-0.032825403,0.002998589,-0.126563385,0.051434979,-0.714400053,-1.604945779,0.856463730,-0.045115530,-0.061590362,0.510530233,-0.020511780,-0.784193516,-1.464342475,0.998041987,0.015263850,0.059665471,0.010922617
177,3567151,50008,moving,moving_A_to_B,-0.000838105,1.926215053,-0.553502738,-0.228405669,0.186654568,0.088870928,0.951363683,-0.087479040,-0.696627498,-1.590450168,0.862499774,-0.016266529,-0.039625097,0.504241467,0.049985684,-0.706333518,-1.584096909,0.984606206,0.012411037,0.117129155,-0.129140884,-0.020180635,-0.773067832,-1.444840193,0.998710632,0.015436194,0.048281930,0.002772203
178,3567388,50245,moving,moving_A_to_B,-0.000962957,1.926637411,-0.552443981,-0.227699384,0.187116414,0.088897221,0.951439798,-0.084953271,-0.696817517,-1.585319161,0.862946570,-0.036112215,-0.030312261,0.503090799,0.051638693,-0.694858551,-1.555634141,0.837146044,-0.031277932,-0.063486233,0.542381465,-0.018875882,-0.776596904,-1.447172523,0.998700321,0.012914997,0.048548996,-0.008598497
179,3567624,50481,moving,moving_A_to_B,-0.001373740,1.926670074,-0.552286804,-0.227488279,0.187540606,0.089269750,0.951371908,-0.084355548,-0.678879559,-1.543051124,0.842562199,-0.033658195,-0.019945063,0.537176132,0.052888453,-0.701955020,-1.570066571,0.841429234,-0.027623592,-0.063208558,0.535946369,-0.019416269,-0.763740063,-1.424440026,0.864570618,-0.012627821,-0.020099150,0.501950264
180,3567873,50730,moving,moving_A_to_B,-0.001986610,1.926859617,-0.553470254,-0.227272421,0.187325329,0.089197919,0.951472640,-0.084895909,-0.688768744,-1.558781266,0.991568983,-0.030823385,0.007146728,-0.125657797,0.053526163,-0.706014276,-1.578219652,0.845211744,-0.034305688,-0.069912903,0.528727293,-0.019928206,-0.774493575,-1.443581939,0.876718938,-0.014595859,-0.031994350,0.479715794
181,3568123,50980,moving,stationary_B,-0.003749181,1.926134348,-0.556104898,-0.228226379,0.187453791,0.090210237,0.951123476,-0.085125551,-0.685689092,-1.556448936,0.991468430,-0.032364782,0.013195484,-0.125573531,0.050638348,-0.687362015,-1.540678740,0.829571784,-0.028242435,-0.054937139,0.554973066,-0.019796301,-0.775292754,-1.443883896,0.998572409,0.016640574,0.050433729,-0.005713653
182,3568373,51230,moving,stationary_B,-0.006992425,1.924694538,-0.560058117,-0.231378704,0.187164798,0.092203312,0.950227261,-0.087074026,-0.686704099,-1.579680800,0.992329538,-0.028418418,0.011759482,-0.119733855,0.050229132,-0.704166651,-1.593582511,0.985251367,0.012783840,0.110424273,-0.130087882,-0.021903973,-0.755692005,-1.427880287,0.872192860,-0.022764772,-0.026510574,0.487912446
183,3568624,51481,moving,stationary_B,-0.016508859,1.921467304,-0.567836285,-0.235551924,0.186846554,0.095960274,0.948891580,-0.087478608,-0.675331354,-1.586773276,0.868174732,-0.018547641,-0.041737068,0.494152486,0.049893230,-0.668297231,-1.541647673,0.842171431,-0.039449830,-0.068968698,0.533323824,-0.021912185,-0.741644323,-1.420293093,0.867988527,-0.023535190,-0.028442157,0.495210171
184,3568873,51730,moving,stationary_B,-0.048072137,1.915642500,-0.585172772,-0.244336054,0.180324122,0.098242819,0.947697997,-0.077860937,-0.647982597,-1.541648746,0.991828918,-0.022917913,0.019839849,-0.123921543,0.060262680,-0.667449176,-1.567526340,0.858302593,-0.039181344,-0.072982073,0.506413996,-0.010565184,-0.741861939,-1.432179570,0.996909022,0.027106758,0.072846986,0.011444317
185,3569123,51980,moving,stationary_B,-0.087715276,1.911985397,-0.603232026,-0.254140556,0.174239188,0.091607265,0.946922064,-0.044717275,-0.622390985,-1.493176341,0.857258856,-0.021517213,-0.023765322,0.513886631,0.092701346,-0.644319892,-1.528522730,0.853652358,-0.019164937,-0.065942660,0.516296446,0.026034940,-0.726074755,-1.406724453,0.889891684,-0.006394538,-0.060896188,0.452043742
186,3569387,52244,moving,stationary_B,-0.115889475,1.908872962,-0.609238148,-0.259046346,0.170607165,0.089720458,0.946434557,-0.021779127,-0.625871897,-1.504754186,0.991431713,0.008709415,0.049790908,-0.120449834,0.114180401,-0.632445931,-1.510152817,0.856503069,-0.014597265,-0.075002797,0.510454774,0.047106713,-0.707832694,-1.378530383,0.876005054,-0.007160185,-0.036498852,0.480865568
187,3569637,52494,moving,stationary_B,-0.121676452,1.909587860,-0.602218568,-0.255641937,0.170593530,0.092852317,0.947060466,-0.023623761,-0.635160208,-1.508263111,0.991832554,0.001070929,0.036953807,-0.122071378,0.114718959,-0.658912539,-1.548330069,0.981139004,0.046305332,0.145574421,-0.118448965,0.048120871,-0.735374570,-1.411107540,0.993175745,0.049284946,0.100988828,0.031211723
188,3569887,52744,moving,stationary_B,-0.115702204,1.912590146,-0.593236625,-0.252265841,0.165026709,0.093746819,0.948862314,-0.042782255,-0.635208011,-1.502952099,0.991791427,0.006274632,0.035670165,-0.122629933,0.099653378,-0.679936647,-1.596933842,0.876753330,-0.028210422,-0.078828298,0.473596781,0.027563628,-0.720832944,-1.384603024,0.874625325,-0.001842605,-0.036736891,0.483402014
189,3570138,52995,moving,stationary_B,-0.108392887,1.915141344,-0.584373832,-0.244706571,0.170630112,0.096906126,0.949533165,-0.041702330,-0.658414066,-1.521152735,0.866686583,-0.021137623,-0.042288698,0.496607810,0.097292438,-0.691678882,-1.572177410,0.982638836,0.044512171,0.147367969,-0.103548311,0.028836664,-0.756647289,-1.416522145,0.994071901,0.038765788,0.097957470,0.026882460
190,3570387,53244,moving,stationary_B,-0.096317522,1.916876674,-0.580210030,-0.239820153,0.176246539,0.096978039,0.949746668,-0.040005647,-0.673364222,-1.529423475,0.863739252,-0.031508930,-0.041667543,0.501224041,0.097372770,-0.700439692,-1.563253164,0.982190788,0.040718116,0.146130502,-0.110856697,0.026324123,-0.754664302,-1.398026943,0.877967477,-0.013815704,-0.037454903,0.477052748
191,3570652,53509,moving,stationary_B,-0.087537870,1.918013334,-0.576389432,-0.237351388,0.179756880,0.097278759,0.949678183,-0.041146971,-0.659862816,-1.492648482,0.847799838,-0.024019744,-0.024333250,0.529213071,0.097240031,-0.702808738,-1.560164928,0.981647491,0.038858026,0.149144337,-0.112313464,0.026486326,-0.769435167,-1.414716244,0.996852815,0.030347530,0.071544744,0.015646465
192,3570887,53744,moving,stationary_B,-0.083323121,1.919211984,-0.571664810,-0.233968869,0.183546945,0.098518975,0.949664712,-0.037985642,-0.685829639,-1.532317281,0.993114471,-0.015189530,0.038263351,-0.109675944,0.098839313,-0.693445086,-1.527930617,0.849974751,-0.046546627,-0.081749178,0.518356502,0.026826974,-0.759276867,-1.390172243,0.865074396,-0.022297503,-0.034161370,0.499982148
193,3571151,54008,moving,stationary_B,-0.079527706,1.919998407,-0.567885935,-0.232234478,0.185736701,0.099675648,0.949544013,-0.037993446,-0.688194633,-1.531740546,0.992843986,-0.020845991,0.031941634,-0.113163486,0.098646954,-0.696865976,-1.530119538,0.842564225,-0.038325332,-0.071942665,0.532391667,0.026982538,-0.772315860,-1.409250498,0.879249632,-0.025680974,-0.038712092,0.474090666
194,3571386,54243,moving,stationary_B,-0.075840503,1.920686722,-0.563849688,-0.230060518,0.187808275,0.098932661,0.949743450,-0.033492737,-0.696855426,-1.542308450,0.994043827,-0.019269409,0.045542866,-0.097115017,0.103739351,-0.704729557,-1.535738230,0.847023249,-0.052078322,-0.074910238,0.523667812,0.030170918,-0.772560298,-1.402285457,0.872870684,-0.026692146,-0.034792203,0.485977143
195,3571623,54480,moving,stationary_B,-0.073511787,1.920851111,-0.562061727,-0.229717299,0.187081099,0.097177528,0.950151145,-0.035438202,-0.707541823,-1.568703532,0.869621754,-0.024020582,-0.039353859,0.491561025,0.104580313,-0.728947103,-1.583305120,0.983970404,0.026835442,0.138917267,-0.108554929,0.031476386,-0.784843206,-1.423553228,0.883504450,-0.021548379,-0.049524035,0.465298772
196,3571872,54729,moving,stationary_B,-0.071991272,1.920988083,-0.561117232,-0.228941590,0.186641321,0.095720679,0.950572610,-0.034565687,-0.690822959,-1.525658965,0.851925254,-0.037303720,-0.020490466,0.521930933,0.101497799,-0.702427745,-1.525736570,0.835365951,-0.035697103,-0.063184239,0.544882774,0.030420624,-0.775764167,-1.405484796,0.867863297,-0.026556721,-0.034105569,0.494919091
197,3572123,54980,moving,stationary_B,-0.071856216,1.921029568,-0.561400473,-0.228724003,0.186041370,0.094544597,0.950860262,-0.035300687,-0.712484479,-1.571287513,0.869271338,-0.023540424,-0.039385807,0.492201149,0.104450554,-0.722277761,-1.568245649,0.851295590,-0.039744642,-0.066056095,0.518992007,0.030120496,-0.780627966,-1.411275983,0.875676990,-0.019639136,-0.029233390,0.481611401
198,3572374,55231,moving,stationary_B,-0.071467064,1.920978546,-0.561941743,-0.228992194,0.185764208,0.093605213,0.950942814,-0.033154473,-0.692585230,-1.522494793,0.992175698,-0.011307367,0.041362144,-0.117254920,0.103624001,-0.709133506,-1.540109396,0.844826043,-0.039494153,-0.069037393,0.529096484,0.033364266,-0.788029134,-1.420391440,0.994588792,0.031897623,0.096176974,0.022927500
199,3572624,55481,moving,stationary_B,-0.072074965,1.920678377,-0.562922239,-0.229143932,0.185611352,0.093558796,0.950940728,-0.035018913,-0.683621168,-1.503228545,0.990127027,-0.020094294,0.034285821,-0.134421572,0.101043850,-0.696497440,-1.511724949,0.831951201,-0.030414645,-0.063189581,0.550399065,0.032005310,-0.779300928,-1.407759786,0.869998574,-0.020018240,-0.046096142,0.490486443
200,3572860,55717,moving,stationary_B,-0.072158769,1.920294642,-0.564410925,-0.229694247,0.185855240,0.093527429,0.950763404,-0.032262161,-0.693455160,-1.530417562,0.858968079,-0.033314470,-0.035855778,0.509684741,0.105763257,-0.723278344,-1.565743089,0.981752992,0.034712695,0.157094508,-0.101377495,0.033373564,-0.786735177,-1.417960882,0.995814025,0.028238863,0.084221900,0.021535099
201,3573096,55953,moving,stationary_B,-0.071821593,1.920026541,-0.565384626,-0.229631469,0.185922518,0.093067333,0.950810552,-0.032156594,-0.702068090,-1.541229010,0.993168175,-0.008235022,0.046420436,-0.106744036,0.105569988,-0.721545279,-1.558166385,0.982620418,0.033429559,0.144363046,-0.111798681,0.033591114,-0.786643505,-1.414987445,0.996310115,0.029099245,0.078909025,0.017111002
202,3573346,56203,moving,stationary_B,-0.071385391,1.920122862,-0.566943109,-0.229771137,0.185765699,0.092643134,0.950848877,-0.033104971,-0.694723845,-1.521543860,0.991908193,-0.013515876,0.038178205,-0.120324470,0.104368955,-0.711301982,-1.538039088,0.844062090,-0.038877692,-0.072372295,0.529915094,0.033229336,-0.786603093,-1.413158417,0.996557236,0.028592106,0.074398592,0.022826599
203,3573596,56453,moving,stationary_B,-0.070691802,1.920178890,-0.568498611,-0.230272308,0.185316339,0.092062071,0.950871766,-0.034663744,-0.694088340,-1.521353006,0.992234766,-0.015274249,0.038637236,-0.117234938,0.101423755,-0.702438831,-1.520677090,0.841889918,-0.038267031,-0.067932673,0.533987045,0.032500356,-0.784531236,-1.410576224,0.995028019,0.033879098,0.092197970,0.016463600
204,3573834,56691,moving,stationary_B,-0.069573388,1.920294404,-0.569549382,-0.230130762,0.185184389,0.091407865,0.950994849,-0.034972943,-0.697553277,-1.527253747,0.993968070,-0.014809080,0.044618469,-0.099082597,0.101220727,-0.703861058,-1.520160913,0.839624465,-0.032628521,-0.063846402,0.538414121,0.031768866,-0.782580853,-1.408888817,0.876865387,-0.017554088,-0.052199893,0.477571070
205,3574082,56939,moving,stationary_B,-0.069550179,1.920328617,-0.570220590,-0.230068237,0.185459122,0.091064662,0.950989366,-0.033073425,-0.692393899,-1.517284155,0.850724041,-0.026555782,-0.027735153,0.524208128,0.105421513,-0.726958990,-1.564952374,0.982573628,0.035629068,0.152805522,-0.099650092,0.032783493,-0.785990357,-1.407762527,0.996140599,0.034783479,0.079922505,0.010319296
206,3574318,57175,moving,stationary_B,-0.069735847,1.920384645,-0.570167661,-0.229542583,0.185602844,0.091583468,0.951038539,-0.034794990,-0.700580597,-1.526533127,0.993380606,-0.017368063,0.041721992,-0.105606087,0.101310179,-0.706566215,-1.520894647,0.841907203,-0.037387513,-0.066705070,0.534176886,0.031180575,-0.784225941,-1.402649760,0.996151268,0.026467279,0.082833812,0.010987219
207,3574555,57412,moving,stationary_B,-0.069829434,1.920721531,-0.569290161,-0.228978902,0.186703786,0.092418447,0.950878143,-0.032537457,-0.697224617,-1.524089456,0.857020080,-0.042822279,-0.019405644,0.513133824,0.105102807,-0.726268530,-1.556316137,0.982065201,0.035080392,0.153916791,-0.103087276,0.033450380,-0.782642424,-1.400596142,0.872874081,-0.014754461,-0.053665135,0.484760970
208,3574805,57662,moving,stationary_B,-0.069000475,1.921173573,-0.567352176,-0.228355378,0.186810270,0.092619173,0.950987637,-0.033615828,-0.686197519,-1.497179151,0.841613054,-0.033473160,-0.023080047,0.538548350,0.106206656,-0.733184218,-1.568997025,0.982362926,0.034658898,0.158044785,-0.093721457,0.032849647,-0.788912535,-1.406518817,0.995900035,0.032381620,0.084028669,0.008591493
209,3575041,57898,moving,stationary_B,-0.067479163,1.921721458,-0.564701378,-0.227590859,0.186478823,0.091387562,0.951355040,-0.032745197,-0.701982617,-1.523754001,0.992757320,-0.010665185,0.035340127,-0.114325285,0.106376633,-0.735812664,-1.572080851,0.983164787,0.036672350,0.146663800,-0.102625072,0.033893146,-0.786191404,-1.403866768,0.870669961,-0.010761628,-0.042586412,0.489902467
210,3575290,58147,moving,stationary_B,-0.066619411,1.922402620,-0.562300146,-0.226541534,0.185766190,0.090958238,0.951785922,-0.034776513,-0.709054351,-1.533640623,0.993778169,-0.016514752,0.036128800,-0.104052670,0.102160782,-0.715451777,-1.529806852,0.843876600,-0.033939350,-0.070331037,0.530823886,0.030176818,-0.781168401,-1.393310547,0.868199289,-0.019904135,-0.032662489,0.494739383
211,3575540,58397,moving,stationary_B,-0.066397443,1.922809243,-0.560340464,-0.225613803,0.185290933,0.091348782,0.952061474,-0.036371235,-0.704104245,-1.520855188,0.992222130,-0.011221168,0.036122158,-0.118594095,0.102703899,-0.739248037,-1.571482062,0.983261585,0.037485778,0.145635813,-0.102867655,0.029110037,-0.777705073,-1.385314345,0.856039047,-0.016572982,-0.036170803,0.515377760
212,3575776,58633,moving,stationary_B,-0.065702669,1.923310518,-0.558615685,-0.224196523,0.185566813,0.090427063,0.952430487,-0.034752317,-0.711608768,-1.526264191,0.993323922,-0.014906720,0.040899999,-0.106829606,0.104114935,-0.736609578,-1.561371326,0.841583133,-0.032139797,-0.049164087,0.536924422,0.031643644,-0.791244149,-1.399536729,0.866286576,-0.014497218,-0.038773227,0.497829318
213,3576013,58870,moving,stationary_B,-0.065543786,1.923073053,-0.558899641,-0.224570632,0.184390262,0.089446113,0.952663481,-0.036037590,-0.705861866,-1.521764874,0.842474580,-0.032654863,-0.036725365,0.536490023,0.103025019,-0.742785215,-1.571356297,0.983404160,0.038731813,0.144363999,-0.102835655,0.029790752,-0.790745139,-1.402000785,0.866787553,-0.016702736,-0.032934919,0.497308403
214,3576263,59120,moving,stationary_B,-0.065682374,1.922848940,-0.559193909,-0.224087745,0.183695123,0.089666493,0.952890694,-0.038774349,-0.720180213,-1.541751981,0.994298100,-0.014565260,0.034112483,-0.099977314,0.100078046,-0.747574270,-1.577503562,0.985661983,0.032266613,0.121017404,-0.113066986,0.028870322,-0.798267603,-1.407621622,0.995447993,0.034491915,0.087395266,0.015991064
215,3576513,59370,moving,stationary_B,-0.065897129,1.922687769,-0.559572399,-0.223922938,0.183854878,0.090054952,0.952862024,-0.038757022,-0.722843766,-1.546555519,0.994551480,-0.011348630,0.037396099,-0.096644036,0.097720176,-0.731145382,-1.542107463,0.982496083,0.040335696,0.133655727,-0.123331688,0.027012236,-0.795753837,-1.406779885,0.875923753,-0.016284769,-0.029401828,0.481277406
216,3576763,59620,moving,stationary_B,-0.066234171,1.922745943,-0.559583306,-0.224000901,0.184385136,0.090481900,0.952700734,-0.037927020,-0.715805292,-1.531658888,0.993637860,-0.015771637,0.033371150,-0.106402203,0.098852575,-0.721494913,-1.526260257,0.839711487,-0.035657682,-0.071117796,0.537173629,0.029556412,-0.804315329,-1.417327881,0.994529307,0.033819597,0.094276205,0.029658508
217,3576999,59856,moving,stationary_B,-0.066474900,1.922749281,-0.559331179,-0.223865435,0.184757039,0.090554245,0.952653646,-0.036488406,-0.708912492,-1.516976595,0.992579341,-0.012884393,0.036618460,-0.115236364,0.101586282,-0.740046859,-1.559932828,0.982541800,0.036673017,0.151547894,-0.101488404,0.030588612,-0.805068195,-1.417595387,0.995726109,0.028622357,0.082998924,0.028661074
218,3577235,60092,moving,stationary_B,-0.066256806,1.923017621,-0.558630347,-0.223394722,0.184328184,0.089780055,0.952920496,-0.036456361,-0.709862828,-1.513913393,0.991628826,-0.010916336,0.031994238,-0.124617271,0.101904795,-0.743824065,-1.563466191,0.983227491,0.037354145,0.142096430,-0.108060092,0.030414231,-0.803210378,-1.410894632,0.996563792,0.030736165,0.074942566,0.017307980
219,3577469,60326,moving,stationary_B,-0.066048048,1.923133969,-0.557292759,-0.223086596,0.184629589,0.090068273,0.952907145,-0.035771787,-0.720203519,-1.537789702,0.993642211,-0.006413172,0.039147366,-0.105363704,0.103016213,-0.746045113,-1.569265604,0.983726799,0.037101164,0.142790377,-0.102547616,0.029531974,-0.792178631,-1.397284508,0.861374855,-0.019056393,-0.032856688,0.506547809
220,3577665,60522,moving,stationary_B,-0.066067360,1.923386931,-0.555503368,-0.222765371,0.184329495,0.089842804,0.953061640,-0.035711281,-0.719999790,-1.535039306,0.992446363,-0.005710181,0.042068206,-0.115099505,0.102792367,-0.747346163,-1.571492791,0.983484685,0.037511609,0.144037828,-0.102975205,0.030883446,-0.798042059,-1.405698776,0.868904173,-0.011468364,-0.041359417,0.493115991
221,3577861,60718,moving,stationary_B,-0.065900102,1.923579693,-0.554377675,-0.222612679,0.183481291,0.088873953,0.953351796,-0.035674203,-0.721024990,-1.538441539,0.993095458,-0.006401138,0.046596382,-0.107467450,0.102245212,-0.745793819,-1.568912864,0.983144701,0.041662693,0.145441130,-0.102652766,0.029732782,-0.793487132,-1.399591327,0.861001134,-0.017232815,-0.029289838,0.507466495
222,3578070,60927,moving,stationary_B,-0.065897070,1.923564792,-0.553798854,-0.222732797,0.181837946,0.088492028,0.953674078,-0.039496146,-0.719352603,-1.536209106,0.993248224,-0.004131710,0.033652756,-0.110943660,0.099091217,-0.745050311,-1.570778131,0.983248949,0.037602961,0.150297597,-0.096011117,0.026568875,-0.798042119,-1.409875512,0.871414304,-0.010452587,-0.023938457,0.489851892
223,3578275,61132,moving,stationary_B,-0.065533422,1.923456192,-0.553437233,-0.222940788,0.179673925,0.088185601,0.954063952,-0.045489088,-0.701173127,-1.504889727,0.837613106,-0.026817545,-0.024382506,0.545060217,0.090584390,-0.719503522,-1.523711443,0.831167400,-0.024959452,-0.059157088,0.552302659,0.022569489,-0.788985074,-1.395425797,0.863699973,-0.010260277,-0.027015995,0.503177166
224,3578471,61328,moving,stationary_B,-0.065515757,1.923493981,-0.553415418,-0.222509921,0.178759933,0.087746561,0.954376638,-0.046379887,-0.724443555,-1.546592474,0.995101511,-0.008991410,0.036081616,-0.091598623,0.091808200,-0.747184813,-1.573507428,0.984229743,0.039620224,0.135810196,-0.106196195,0.021576978,-0.801419258,-1.414880395,0.868031681,-0.011910657,-0.049624044,0.493879169
225,3578679,61536,moving,stationary_B,-0.065552317,1.923740029,-0.553426087,-0.222039118,0.179231733,0.088530965,0.954325378,-0.046793617,-0.725248098,-1.543659806,0.993840456,-0.006304111,0.035893276,-0.104657069,0.090720646,-0.735562742,-1.550498009,0.837554157,-0.022660647,-0.065649383,0.541922212,0.021528706,-0.800274253,-1.409407020,0.869898021,-0.009810681,-0.045885611,0.490994662
226,3578888,61745,moving,stationary_B,-0.064766228,1.924181461,-0.552406073,-0.220783994,0.179093942,0.088075101,0.954684556,-0.046821602,-0.726501048,-1.537768722,0.993731022,-0.006431999,0.035001930,-0.105982013,0.090321630,-0.738423705,-1.547857165,0.835864305,-0.021166945,-0.064566664,0.544714630,0.021449901,-0.803675771,-1.408933878,0.870536566,-0.011069490,-0.049824100,0.489449799
227,3579081,61938,moving,stationary_B,-0.064333685,1.924661279,-0.550561011,-0.219258636,0.179246366,0.088488683,0.954969168,-0.048144393,-0.718932450,-1.513617992,0.992411673,-0.006524440,0.034604248,-0.117809184,0.087684557,-0.735165000,-1.531323433,0.831204832,-0.026057847,-0.062652163,0.551809967,0.020401374,-0.805593729,-1.404099941,0.865978658,-0.007369251,-0.046380490,0.497871011
228,3579290,62147,moving,stationary_B,-0.064452350,1.924817801,-0.548752129,-0.218957275,0.179402888,0.088868998,0.954973638,-0.049362697,-0.717560947,-1.511604190,0.992001593,-0.019582974,0.024384826,-0.122289523,0.087734289,-0.733302712,-1.528724194,0.825952470,-0.022878511,-0.056661863,0.560418069,0.020061575,-0.801694870,-1.398011088,0.861150444,-0.007198342,-0.048156079,0.506013036
229,3579484,62341,moving,stationary_B,-0.064142443,1.925034046,-0.546516776,-0.218174428,0.178412318,0.088331841,0.955388129,-0.050006077,-0.732554436,-1.540127277,0.994472504,-0.007875839,0.035795476,-0.098392837,0.088488743,-0.757848859,-1.574000716,0.984333277,0.036031302,0.142251730,-0.097745985,0.020186041,-0.819706380,-1.428339124,0.878612697,-0.008711836,-0.058783140,0.473823190
230,3579679,62536,moving,stationary_B,-0.063686587,1.925131083,-0.544356287,-0.218171909,0.176820084,0.087633401,0.955748975,-0.053220641,-0.733911574,-1.544536471,0.994194925,-0.009490710,0.031605214,-0.102408357,0.085308760,-0.759065747,-1.577974796,0.985213757,0.037925869,0.123362303,-0.112681985,0.015730906,-0.795226812,-1.388100147,0.857339382,-0.006011031,-0.036352873,0.513430953
231,3579874,62731,moving,stationary_B,-0.062995926,1.925382257,-0.541824996,-0.217665941,0.175618693,0.086520851,0.956187069,-0.053550635,-0.719972730,-1.521129847,0.837857068,-0.024788894,-0.030355629,0.544481039,0.086204343,-0.771298528,-1.608447313,0.851599336,-0.019918865,-0.078373455,0.517918348,0.016199015,-0.811391652,-1.412737727,0.997377813,0.035895038,0.062822461,0.001566009
232,3580082,62939,moving,stationary_B,-0.062906876,1.925724983,-0.538469672,-0.216861814,0.174752578,0.086225539,0.956555128,-0.055352136,-0.749185801,-1.580006123,0.866484761,-0.012285989,-0.053728256,0.496151656,0.082708158,-0.741048157,-1.543621898,0.833195448,-0.023822833,-0.074555859,0.547411323,0.016732641,-0.818107367,-1.427633047,0.873853564,-0.006430567,-0.055776447,0.482936472
233,3580289,63146,moving,stationary_B,-0.062871292,1.926262856,-0.535178542,-0.215387508,0.174903795,0.086749181,0.956813157,-0.054134045,-0.734951138,-1.539004326,0.992851615,-0.004689137,0.028763240,-0.115742616,0.082946815,-0.746664107,-1.549151421,0.832816541,-0.020967213,-0.075764708,0.547938645,0.016061123,-0.822507620,-1.431557417,0.871211350,-0.001811110,-0.061430424,0.487046033
234,3580486,63343,moving,stationary_B,-0.062447276,1.926644325,-0.532245219,-0.214391261,0.174789324,0.086947255,0.957039833,-0.054237239,-0.743658841,-1.555388927,0.994683325,-0.005682515,0.041350093,-0.094143234,0.081448145,-0.759708643,-1.571426988,0.984064996,0.033627700,0.133848950,-0.112114944,0.015911784,-0.828872561,-1.436508894,0.995615244,0.037028275,0.080853291,0.029017041
235,3580693,63550,moving,stationary_B,-0.061544865,1.926995516,-0.529397130,-0.213611096,0.175123557,0.086805411,0.957166076,-0.053806905,-0.737761259,-1.541481376,0.993835330,-0.011438086,0.038420562,-0.103365622,0.082894325,-0.746318758,-1.545184135,0.829530537,-0.023759685,-0.075498886,0.552824080,0.016256090,-0.826561332,-1.433165312,0.995554805,0.037953373,0.081727475,0.027401753
236,3580889,63746,moving,stationary_B,-0.060774557,1.927647591,-0.526891112,-0.212158889,0.175121993,0.086660370,0.957502425,-0.054316230,-0.743320346,-1.544887424,0.993496954,-0.001934957,0.032417327,-0.109129004,0.081806257,-0.765623927,-1.572951913,0.983791947,0.035684530,0.124388076,-0.124127343,0.015807800,-0.830232739,-1.433134913,0.995845973,0.036042906,0.080467544,0.022730902
237,3581081,63938,moving,stationary_B,-0.059802812,1.927764416,-0.524953485,-0.211645082,0.175162569,0.085922912,0.957675159,-0.053559944,-0.743418396,-1.546481729,0.994443595,-0.007991883,0.036521472,-0.098408833,0.083213024,-0.751744330,-1.549273372,0.827144682,-0.022747938,-0.070652269,0.557065964,0.016713139,-0.825862169,-1.429828048,0.868185639,-0.003498201,-0.057585739,0.492874593
238,3581291,64148,moving,stationary_B,-0.058789697,1.927991867,-0.522566795,-0.210682586,0.175193191,0.085988127,0.957875907,-0.053997576,-0.741559982,-1.536832929,0.992447495,-0.005331354,0.023425808,-0.120294802,0.084728956,-0.774512470,-1.588168025,0.983990669,0.048103675,0.117529407,-0.125041142,0.016417474,-0.827942193,-1.429833889,0.869746625,-0.002237277,-0.049814142,0.490972847
239,3581483,64340,moving,stationary_B,-0.057846852,1.928110838,-0.520014107,-0.210072502,0.175481513,0.085994788,0.957956493,-0.053457364,-0.745195448,-1.545336366,0.993325949,-0.007918979,0.028454967,-0.111495316,0.083191477,-0.753877282,-1.547793269,0.828752518,-0.024362186,-0.076594606,0.553813219,0.016486116,-0.830334783,-1.431578875,0.996453941,0.039930865,0.071502067,0.019303581
240,3581680,64537,moving,stationary_B,-0.057298772,1.928151011,-0.517811656,-0.209284753,0.177231297,0.086942889,0.957721174,-0.050815508,-0.745664477,-1.545502424,0.992633581,-0.003302108,0.029125113,-0.117555939,0.086088188,-0.773973823,-1.584264994,0.984614074,0.036105670,0.122158982,-0.119618997,0.018078059,-0.828725040,-1.430779219,0.864701271,-0.009018738,-0.044900987,0.500194371
241,3581887,64744,moving,stationary_B,-0.056691844,1.928623199,-0.515196800,-0.207512677,0.178357288,0.087722100,0.957826674,-0.050079010,-0.748024106,-1.542699456,0.993382156,-0.009634540,0.028824788,-0.110761836,0.090214714,-0.792978525,-1.613758683,0.984928191,0.034971040,0.140852466,-0.094095796,0.019582067,-0.832213163,-1.429508567,0.863987148,-0.009442142,-0.062299300,0.499555647
242,3582096,64953,moving,stationary_B,-0.055145871,1.929066658,-0.512565017,-0.205730349,0.179367259,0.088095829,0.957988262,-0.049834527,-0.755629420,-1.548933029,0.993755281,-0.010315445,0.039079797,-0.104003847,0.090172470,-0.798121095,-1.612856746,0.985587239,0.035514299,0.131187379,-0.100729175,0.018471047,-0.826492369,-1.413381338,0.854596972,-0.012315015,-0.045508955,0.517147243
243,3582289,65146,moving,stationary_B,-0.053690191,1.929812908,-0.510018826,-0.203386828,0.181739509,0.088743262,0.957981825,-0.046264328,-0.757253110,-1.538717389,0.992998898,-0.010627672,0.030913698,-0.113510095,0.093097389,-0.799279749,-1.601345897,0.984698653,0.032593209,0.141526803,-0.096314169,0.020155203,-0.827284098,-1.404436707,0.844735503,-0.022163868,-0.033173580,0.533694983
244,3582486,65343,moving,stationary_B,-0.051898874,1.930149198,-0.508517563,-0.202092543,0.183053628,0.088474967,0.958030343,-0.043860085,-0.774018764,-1.565230608,0.994016647,-0.010960582,0.037758380,-0.101907574,0.093336433,-0.792210817,-1.578597903,0.983957648,0.036253139,0.129390717,-0.117350377,0.023971848,-0.849787354,-1.436260700,0.868333161,-0.011014950,-0.052942235,0.493024707
245,3582709,65566,moving,stationary_B,-0.050360072,1.930437565,-0.507149756,-0.201432616,0.184674591,0.088133715,0.957889736,-0.040436834,-0.777206779,-1.566429496,0.993400812,-0.011308647,0.039085105,-0.107234895,0.096028358,-0.779171824,-1.552364945,0.821954727,-0.033186849,-0.063579008,0.565019250,0.026254650,-0.847053885,-1.424758434,0.996249735,0.036482200,0.078002281,0.008437376
246,3582933,65790,moving,stationary_B,-0.048256550,1.931290984,-0.506119251,-0.198886395,0.185627475,0.087409154,0.958303869,-0.039201029,-0.769006073,-1.534663916,0.992885590,-0.011475055,0.048882756,-0.107967444,0.098018005,-0.804315031,-1.579723954,0.984108508,0.033220816,0.130768239,-0.115440555,0.026261184,-0.844622254,-1.410141826,0.848293662,-0.018802639,-0.036773190,0.527912915
247,3583167,66024,moving,stationary_B,-0.046648763,1.931863070,-0.506383121,-0.197550938,0.187061101,0.086901143,0.958347499,-0.037717126,-0.783645213,-1.551856279,0.993945777,-0.014712418,0.031247461,-0.104302384,0.100233480,-0.795479298,-1.555069089,0.827276289,-0.039619766,-0.071844563,0.555772066,0.028723065,-0.860993028,-1.423983216,0.996956944,0.024701919,0.072261870,0.015648169
248,3583401,66258,moving,stationary_B,-0.045982998,1.932100534,-0.507121742,-0.196815386,0.188609064,0.086565480,0.958225846,-0.034244247,-0.787208736,-1.550538063,0.994238853,-0.012524943,0.032030948,-0.101520054,0.102573439,-0.792740941,-1.541561604,0.822744071,-0.038345538,-0.072832778,0.562420785,0.030433528,-0.842392802,-1.390593529,0.846781135,-0.017682651,-0.028013341,0.530908883
249,3583652,66509,moving,stationary_B,-0.045424789,1.932179451,-0.508004308,-0.196406752,0.189654186,0.086129159,0.958142698,-0.031052858,-0.783689380,-1.543003440,0.835608065,-0.032913346,-0.028395537,0.547603548,0.109085038,-0.829353809,-1.603848696,0.986748934,0.036857020,0.130433083,-0.089192912,0.035265088,-0.867664456,-1.426720500,0.861281157,-0.018158095,-0.043673027,0.505922854
250,3583873,66730,moving,stationary_B,-0.045334309,1.931969881,-0.509395480,-0.196432233,0.191685796,0.085924730,0.957751453,-0.026612628,-0.790713429,-1.550758719,0.994460702,-0.015510124,0.034852255,-0.097942531,0.110687226,-0.799659908,-1.547425866,0.821606755,-0.037469313,-0.061477475,0.565490007,0.037686646,-0.856362820,-1.406756639,0.854324222,-0.020309174,-0.018598152,0.519010425
251,3584109,66966,moving,stationary_B,-0.045313884,1.932113647,-0.509923041,-0.194887236,0.193171442,0.086224847,0.957741618,-0.023512870,-0.795601249,-1.547720194,0.994535983,-0.013332557,0.048222266,-0.091624968,0.113087252,-0.801267922,-1.537824750,0.826045752,-0.043398578,-0.076471433,0.556702018,0.041991033,-0.872806132,-1.420911193,0.861468494,-0.024243383,-0.039279699,0.505708754
252,3584346,67203,moving,stationary_B,-0.045120750,1.932420373,-0.510955930,-0.194180325,0.193515927,0.086221859,0.957815945,-0.023612147,-0.798076749,-1.544938087,0.994294047,-0.012745264,0.047834806,-0.094491906,0.112814635,-0.802739501,-1.532672167,0.825981796,-0.044682581,-0.078629747,0.556394577,0.042324215,-0.879844368,-1.425871730,0.864168108,-0.024757080,-0.040185377,0.500984848
253,3584569,67426,moving,stationary_B,-0.045016732,1.932323098,-0.511570632,-0.193491399,0.194657534,0.085757561,0.957765698,-0.020703627,-0.792666793,-1.526984692,0.993015766,-0.007996985,0.048129477,-0.107421167,0.115795135,-0.806175232,-1.531198263,0.820077956,-0.038099270,-0.068627834,0.566842973,0.044713557,-0.876753509,-1.414948702,0.858842492,-0.024142368,-0.041568890,0.509979248
254,3584805,67662,moving,stationary_B,-0.045397472,1.932271957,-0.511624038,-0.193214938,0.195375159,0.086083323,0.957646191,-0.019822434,-0.792066336,-1.529284120,0.832027614,-0.043879211,-0.015647436,0.552774847,0.118670210,-0.813423991,-1.543168664,0.818763256,-0.043749008,-0.051700078,0.570122778,0.043573283,-0.858762264,-1.387200117,0.843628109,-0.019175909,-0.027505239,0.535880089
255,3585041,67898,moving,stationary_B,-0.045596760,1.932222247,-0.511201143,-0.193026558,0.196362332,0.086558253,0.957439423,-0.017539699,-0.802541971,-1.544500351,0.994732976,-0.014991406,0.054471847,-0.085523926,0.124067828,-0.822612584,-1.560735226,0.827726126,-0.049217291,-0.062605247,0.555452764,0.047676131,-0.882157922,-1.418484330,0.995012343,0.032207523,0.091406524,0.023621200
256,3585263,68120,moving,stationary_B,-0.045232832,1.932072401,-0.509960949,-0.192856088,0.196535006,0.086063392,0.957482934,-0.015763156,-0.799810410,-1.542962193,0.839273751,-0.039036669,-0.021382028,0.541884184,0.122352034,-0.825474501,-1.561065197,0.983210623,0.036275331,0.147018760,-0.101815745,0.046810314,-0.858417988,-1.386609793,0.840529740,-0.020007482,-0.029173652,0.540609300
257,3585501,68358,moving,stationary_B,-0.045510925,1.932322979,-0.508079708,-0.192084640,0.197093621,0.086814255,0.957455397,-0.016516929,-0.787595749,-1.517127991,0.828534961,-0.038064741,-0.010784891,0.558538020,0.121171087,-0.812920690,-1.537557364,0.818844557,-0.043382667,-0.061765946,0.569031358,0.048261911,-0.878322840,-1.411584020,0.994999111,0.027334722,0.091777347,0.028398827
258,3585735,68592,moving,stationary_B,-0.045087390,1.932613134,-0.506041646,-0.191692218,0.196610212,0.086335965,0.957676709,-0.016475309,-0.788872004,-1.518241525,0.824339867,-0.041674942,-0.015185604,0.564354777,0.121181652,-0.813664436,-1.538363814,0.818342686,-0.041141845,-0.062173951,0.569874585,0.048808560,-0.880878329,-1.415657878,0.994886637,0.026383208,0.092947289,0.029417086
259,3585958,68815,moving,stationary_B,-0.045102678,1.933298111,-0.504724741,-0.189914644,0.195885345,0.086114548,0.958199203,-0.017089888,-0.803834319,-1.533378839,0.993584275,-0.009384401,0.056098029,-0.097751118,0.122382924,-0.843332767,-1.582973003,0.985092938,0.027992139,0.146659672,-0.085436113,0.047544762,-0.884705782,-1.412444711,0.995279253,0.032203324,0.089569882,0.018960306
260,3586193,69050,moving,stationary_B,-0.045454379,1.933151007,-0.504275799,-0.190184906,0.195771262,0.086450145,0.958138645,-0.017392315,-0.810928345,-1.547135830,0.994202077,-0.012594201,0.052892122,-0.092769139,0.121424496,-0.842459440,-1.581081033,0.985808611,0.030919466,0.133869916,-0.096458793,0.045624182,-0.879445732,-1.404978991,0.996311903,0.022419216,0.082089826,0.011008646
261,3586415,69272,moving,stationary_B,-0.045307714,1.933309555,-0.504608452,-0.189427420,0.195713744,0.086086459,0.958333194,-0.017264701,-0.813272178,-1.544542670,0.994323909,-0.012396665,0.051748600,-0.092132561,0.120040447,-0.829086244,-1.552477717,0.822173119,-0.041957110,-0.053055223,0.565204561,0.047361754,-0.886869133,-1.410882354,0.994931877,0.030430535,0.093479186,0.021124084
262,3586651,69508,moving,stationary_B,-0.045369059,1.933283329,-0.506024241,-0.189598739,0.195823058,0.085355580,0.958342373,-0.017103665,-0.802864790,-1.524352908,0.993291199,-0.011486712,0.046342030,-0.105323799,0.120196730,-0.819464505,-1.533862352,0.819860876,-0.040142052,-0.068550892,0.567025185,0.047464713,-0.881021023,-1.401814103,0.995819509,0.026315145,0.085554428,0.018205341
263,3586888,69745,moving,stationary_B,-0.045262322,1.932908058,-0.507288039,-0.189928949,0.195545793,0.085784070,0.958295345,-0.020029537,-0.786100328,-1.499923229,0.814865887,-0.045923527,-0.016040806,0.577604771,0.119959861,-0.839494944,-1.568481684,0.984779477,0.035421193,0.132275820,-0.107041329,0.044143304,-0.874513626,-1.395748615,0.853286564,-0.024744548,-0.022609251,0.520363867
264,3587110,69967,moving,stationary_B,-0.044923179,1.932424664,-0.508811116,-0.190649390,0.194690168,0.085769519,0.958327830,-0.020724341,-0.802173853,-1.530071735,0.993780613,-0.009669130,0.055318937,-0.096158862,0.117009729,-0.826751828,-1.555707335,0.826888621,-0.048378520,-0.056231610,0.557452083,0.044128247,-0.885783613,-1.413290501,0.994925082,0.033555128,0.091653436,0.024449255
265,3587346,70203,moving,stationary_B,-0.045201816,1.932157040,-0.509958386,-0.191418231,0.195730180,0.085640341,0.957974136,-0.017305823,-0.810633183,-1.546743631,0.994321525,-0.012053120,0.052502844,-0.091776565,0.119744584,-0.824328542,-1.551229358,0.822842777,-0.042168446,-0.053609617,0.564161003,0.046441302,-0.873845637,-1.399572492,0.848709941,-0.026848760,-0.034942832,0.527019501
266,3587568,70425,moving,moving_B_to_A,-0.045577534,1.931938410,-0.511080503,-0.191922143,0.195556074,0.085896172,0.957885981,-0.018689737,-0.798945546,-1.536020875,0.834626734,-0.049919069,-0.008277877,0.548486948,0.122256964,-0.836342752,-1.578979969,0.836476386,-0.055208389,-0.052841075,0.542648256,0.044163130,-0.871538699,-1.400648236,0.851443827,-0.023480991,-0.021701271,0.523470283
267,3587804,70661,moving,moving_B_to_A,-0.045908365,1.931574941,-0.511944056,-0.192433015,0.195878044,0.086002789,0.957708120,-0.017109383,-0.802810788,-1.539358735,0.993846416,-0.008941584,0.055977773,-0.095162399,0.121284783,-0.836963296,-1.578243613,0.986015022,0.030178184,0.134046346,-0.094314463,0.045548789,-0.865928471,-1.391945124,0.844028413,-0.023776675,-0.036563300,0.534522176
268,3588040,70897,moving,moving_B_to_A,-0.046859652,1.931146145,-0.512871683,-0.193234533,0.195616677,0.086275585,0.957575619,-0.017745411,-0.804794371,-1.547839403,0.995279133,-0.014349851,0.056785893,-0.077388003,0.121407449,-0.834505320,-1.578246713,0.985905707,0.030026335,0.138442010,-0.089007139,0.045034736,-0.870324612,-1.399874687,0.995368898,0.024981853,0.092645109,0.005794989
269,3588276,71133,moving,moving_B_to_A,-0.048214193,1.931121588,-0.513730645,-0.192962170,0.195929244,0.087142989,0.957488120,-0.018338790,-0.799164236,-1.532661796,0.994045138,-0.018864406,0.044926547,-0.097468086,0.120777041,-0.835059285,-1.574604034,0.985534430,0.031702336,0.137092248,-0.094459295,0.044049419,-0.863594770,-1.388196707,0.845425129,-0.028176542,-0.021638919,0.532911062
270,3588512,71369,moving,moving_B_to_A,-0.051657345,1.930625081,-0.516594887,-0.194333345,0.195751399,0.088937908,0.957082033,-0.019897217,-0.794520974,-1.530519485,0.993827045,-0.018233433,0.041905895,-0.101090297,0.118106276,-0.820808530,-1.553450584,0.983844876,0.034329273,0.141713873,-0.103865139,0.044752605,-0.866176009,-1.398005843,0.850154757,-0.014776601,-0.035666659,0.525115728
271,3588748,71605,moving,moving_B_to_A,-0.060647473,1.929189205,-0.523394406,-0.197929472,0.195817322,0.091899738,0.956051230,-0.016766924,-0.786228776,-1.530746579,0.993379593,-0.010375231,0.059233870,-0.097880796,0.119076177,-0.794937849,-1.525189042,0.821627259,-0.046728428,-0.062334355,0.564676583,0.043486528,-0.846641302,-1.376804829,0.841087520,-0.026809108,-0.024809333,0.539664328
272,3588984,71841,moving,moving_B_to_A,-0.071422294,1.927059174,-0.530314445,-0.201364711,0.193462580,0.094572514,0.955552459,-0.019703753,-0.772778273,-1.516489983,0.993581057,-0.019518020,0.045059219,-0.101908982,0.119184047,-0.798791528,-1.544162393,0.835781991,-0.054282073,-0.063838109,0.542629421,0.043798223,-0.847413301,-1.386586905,0.854387939,-0.033140786,-0.032081235,0.517584562
273,3589221,72078,moving,moving_B_to_A,-0.081518255,1.925371289,-0.537561059,-0.202829093,0.188635364,0.094931662,0.956172049,-0.024535034,-0.779141426,-1.525329590,0.994748771,-0.009804184,0.053944465,-0.086422421,0.113302559,-0.804671049,-1.547976971,0.983095884,0.036804896,0.155297145,-0.089725509,0.041211650,-0.859733343,-1.400230169,0.867353499,-0.022638528,-0.044661678,0.495167404
274,3589443,72300,moving,moving_B_to_A,-0.092189811,1.924314737,-0.545041561,-0.203159183,0.185857236,0.094368204,0.956701636,-0.023998741,-0.779986680,-1.509570837,0.995806277,-0.011595968,0.048110928,-0.076945819,0.113602236,-0.805786967,-1.533864975,0.985031247,0.041073967,0.137008667,-0.096202716,0.042818554,-0.860952377,-1.384339333,0.994305432,0.032259353,0.091594405,0.043891478
275,3589692,72549,moving,moving_B_to_A,-0.098668501,1.923934460,-0.550433517,-0.202599749,0.182389230,0.092630714,0.957657099,-0.025626438,-0.785186470,-1.498985171,0.995841563,-0.009614129,0.043946549,-0.079220094,0.110481188,-0.790413260,-1.492596865,0.827819467,-0.042429369,-0.078663051,0.553829134,0.042870328,-0.861643195,-1.370961070,0.862476945,-0.017450502,-0.049514923,0.503365934
276,3589929,72786,moving,moving_B_to_A,-0.105202340,1.923583984,-0.554404318,-0.200371876,0.181671932,0.091341160,0.958385766,-0.020231461,-0.793628812,-1.487379074,0.995785594,0.000790402,0.060990520,-0.068488196,0.116322279,-0.814753592,-1.504335761,0.982961237,0.054640882,0.148538336,-0.093477227,0.046641678,-0.873867393,-1.365156651,0.864423156,-0.012157516,-0.034155194,0.501456141
277,3590166,73023,moving,moving_B_to_A,-0.110675648,1.923547387,-0.553728878,-0.199703842,0.184301481,0.093394496,0.957825065,-0.013529018,-0.801774979,-1.496080756,0.995845437,-0.003079382,0.060932245,-0.067599118,0.124304995,-0.818528712,-1.507230520,0.825370729,-0.035691734,-0.061095595,0.560139656,0.050101474,-0.845618010,-1.317702055,0.851672947,-0.016461290,-0.044924702,0.521884978
278,3590414,73271,moving,moving_B_to_A,-0.113482304,1.923812151,-0.549005628,-0.197326273,0.186608002,0.095642537,0.957649350,-0.009504050,-0.807578921,-1.502115965,0.853163719,-0.030408854,-0.053224728,0.518029034,0.126929864,-0.810263276,-1.480433822,0.822446704,-0.043265447,-0.078773066,0.561697721,0.056276530,-0.883274198,-1.362509847,0.992973864,0.039916243,0.098540463,0.051955312
279,3590638,73495,moving,moving_B_to_A,-0.116597228,1.925081491,-0.540490329,-0.191110149,0.194329351,0.099546276,0.956976235,0.005260147,-0.804122567,-1.462925196,0.826660991,-0.047462288,-0.024607010,0.560154796,0.141516402,-0.827917993,-1.476068616,0.823739350,-0.055788092,-0.078227066,0.558768094,0.067546926,-0.874634147,-1.326613188,0.837275386,-0.030235581,-0.038419805,0.544591248
280,3590846,73703,moving,moving_B_to_A,-0.119776957,1.926518202,-0.527525663,-0.182852536,0.220655814,0.109197631,0.951815009,0.057187967,-0.836300552,-1.476411343,0.992340565,-0.023074396,0.100048892,-0.068688259,0.194758192,-0.870587230,-1.493027329,0.975992978,0.031601619,0.205630168,-0.064461641,0.111519709,-0.909167469,-1.340238810,0.845816553,-0.065352604,-0.040787186,0.527882457
281,3591027,73884,moving,moving_B_to_A,-0.112691358,1.929731250,-0.506168127,-0.166023090,0.294075459,0.127039567,0.932639778,0.204987794,-0.879683614,-1.443956256,0.813599885,-0.151339665,0.021848543,0.560958207,0.333927453,-0.907590866,-1.412184715,0.805089712,-0.160639971,-0.032737702,0.570047081,0.231606916,-0.949825764,-1.294396162,0.838199854,-0.132762313,0.013177863,0.528792620
282,3591207,74064,moving,moving_B_to_A,-0.094847940,1.931111455,-0.473630250,-0.134540796,0.443054646,0.162214488,0.871371210,0.520011365,-1.043548465,-1.388199687,0.938012600,-0.101597026,0.330791950,-0.019676251,0.657552898,-1.124452353,-1.364621520,0.809957206,-0.290154219,0.069618829,0.504908919,0.491785944,-1.110603929,-1.235911369,0.826532841,-0.256657600,0.114081264,0.487807184
283,3591374,74231,moving,moving_B_to_A,-0.072488070,1.929258943,-0.430876106,-0.114010826,0.598660290,0.183355674,0.771354735,,,,,,,,,,,,,,,,,,,,,
284,3591555,74412,moving,moving_B_to_A,-0.062405396,1.929505467,-0.384826154,-0.098357022,0.691692173,0.202454016,0.686221778,,,,,,,,,,,,,,,-1.079201937,-0.625079334,-1.613709211,-0.432911009,0.818666637,0.337324083,-0.169072434
285,3591721,74578,moving,moving_B_to_A,-0.068769820,1.929372668,-0.322298348,-0.077512756,0.750461400,0.211860508,0.621220291,,,,,,,,,,,,,,,-0.693956733,-0.618692875,-1.729618669,-0.451898515,0.851233482,0.252830207,-0.085242093
286,3591887,74744,moving,moving_B_to_A,-0.102087848,1.925341845,-0.244786978,-0.061274320,0.787499249,0.210562810,0.575980723,,,,,,,,,,,,,,,-0.394060135,-0.685224771,-1.651183486,-0.474457443,0.711695254,-0.348433346,-0.383372188
287,3592069,74926,moving,moving_B_to_A,-0.156583160,1.922329664,-0.149531469,-0.069550216,0.803999364,0.203180805,0.554495573,,,,,,,,,,,,,,,-0.155611217,-0.784011960,-1.531077981,-0.464122474,0.734798968,-0.368389040,-0.330076307
288,3592250,75107,moving,moving_B_to_A,-0.206755966,1.916836619,-0.065585628,-0.083386190,0.810579717,0.218618572,0.536854982,,,,,,,,,,,,,,,0.020298555,-0.789479852,-1.421915770,-0.465168834,0.750308871,-0.358946174,-0.303005308
289,3592430,75287,moving,moving_B_to_A,-0.232498199,1.909033298,-0.000694033,-0.076571055,0.828735113,0.240348712,0.499567300,,,,,,,,,,,,,,,0.175394222,-0.787009656,-1.327108264,-0.438709229,0.773686051,-0.352474421,-0.291042775
290,3592624,75481,moving,moving_B_to_A,-0.261492848,1.907049656,0.036475405,-0.066857874,0.843954146,0.254299432,0.467550248,,,,,,,,,,,,,,,0.245262071,-0.818779290,-1.242654085,-0.410227895,0.792277575,-0.355584800,-0.278511673
291,3592804,75661,moving,moving_B_to_A,-0.326062322,1.905916572,0.051347759,-0.065423302,0.827356100,0.246160582,0.500606358,,,,,,,,,,,,,,,0.144074649,-0.872354627,-1.136583924,-0.412697524,0.770957887,-0.362160504,-0.322714180
292,3592957,75814,moving,moving_B_to_A,-0.397549272,1.914827585,0.071369790,-0.016395114,0.836821735,0.183746472,0.515458882,,,,,,,,,,,,,,,,,,,,,
293,3593110,75967,moving,moving_B_to_A,-0.439307928,1.917504907,0.086316943,0.009158375,0.843416154,0.140432894,0.518501520,,,,,,,,,,,,,,,,,,,,,
294,3593250,76107,moving,moving_B_to_A,-0.469052762,1.913483858,0.106913187,0.002569549,0.853321075,0.117244467,0.508025944,,,,,,,,,,,,,,,,,,,,,
295,3593401,76258,moving,moving_B_to_A,-0.479391187,1.905047655,0.129370704,-0.024337362,0.862491786,0.113039747,0.492684156,,,,,,,,,,,,,,,,,,,,,
296,3593540,76397,moving,moving_B_to_A,-0.484212458,1.894414902,0.164415836,-0.034996036,0.859808028,0.106811941,0.498093009,,,,,,,,,,,,,,,,,,,,,
297,3593680,76537,moving,moving_B_to_A,-0.489149183,1.876042008,0.205453053,-0.038249981,0.835605562,0.110091589,0.536824226,,,,,,,,,,,,,,,,,,,,,
298,3593819,76676,moving,moving_B_to_A,-0.490498483,1.856714606,0.247262836,-0.033656117,0.808508039,0.135100678,0.571777701,,,,,,,,,,,,,,,,,,,,,
299,3593957,76814,moving,moving_B_to_A,-0.486931831,1.843209386,0.277489901,-0.025578087,0.792839587,0.145579174,0.591234088,,,,,,,,,,,,,,,,,,,,,
300,3594110,76967,moving,moving_B_to_A,-0.476125836,1.825883627,0.293449819,-0.013891040,0.798994184,0.142515987,0.584041536,,,,,,,,,,,,,,,,,,,,,
301,3594263,77120,moving,moving_B_to_A,-0.460602343,1.788910627,0.296441227,-0.002543648,0.803316653,0.131659865,0.580811203,,,,,,,,,,,,,,,,,,,,,
302,3594414,77271,moving,moving_B_to_A,-0.429542929,1.744148135,0.289760411,0.005883309,0.786919296,0.145703346,0.599578202,,,,,,,,,,,,,,,,,,,,,
303,3594596,77453,moving,moving_B_to_A,-0.383198142,1.707720518,0.278027773,0.035677578,0.762382209,0.141878754,0.630373597,,,,,,,,,,,,,,,,,,,,,
304,3594776,77633,moving,moving_B_to_A,-0.317707062,1.684690356,0.269400865,0.059282530,0.732209384,0.123727217,0.667118192,,,,,,,,,,,,,,,,,,,,,
305,3594942,77799,moving,moving_B_to_A,-0.274949342,1.676411629,0.276901752,0.082906887,0.732637584,0.103482075,0.667577744,,,,,,,,,,,,,,,,,,,,,
306,3595123,77980,moving,moving_B_to_A,-0.271963686,1.667615414,0.294656098,0.107291684,0.733943105,0.112281427,0.661217749,,,,,,,,,,,,,,,,,,,,,
307,3595305,78162,moving,moving_B_to_A,-0.287654847,1.658144832,0.311777204,0.117927015,0.728871703,0.130012095,0.661767423,,,,,,,,,,,,,,,,,,,,,
308,3595484,78341,moving,moving_B_to_A,-0.301464766,1.647850871,0.323109955,0.113594174,0.723855317,0.146531031,0.664574027,,,,,,,,,,,,,,,,,,,,,
309,3595679,78536,moving,moving_B_to_A,-0.310132533,1.639803886,0.332430124,0.109602265,0.726125956,0.157678872,0.660201371,,,,,,,,,,,,,,,,,,,,,
310,3595873,78730,moving,moving_B_to_A,-0.315714598,1.633354187,0.342130065,0.103038736,0.729893267,0.165140659,0.655261278,,,,,,,,,,,,,,,,,,,,,
311,3596055,78912,moving,moving_B_to_A,-0.315270513,1.634332776,0.351143926,0.105160728,0.727892101,0.156503528,0.659257889,,,,,,,,,,,,,,,,,,,,,
312,3596249,79106,moving,moving_B_to_A,-0.312647223,1.635046005,0.367143095,0.107228577,0.730582952,0.150915071,0.657248259,,,,,,,,,,,,,,,,,,,,,
313,3596429,79286,moving,moving_B_to_A,-0.310232580,1.634883285,0.387844056,0.102719642,0.729627132,0.142214358,0.660959899,,,,,,,,,,,,,,,,,,,,,
314,3596624,79481,moving,moving_B_to_A,-0.306450397,1.637547135,0.402589202,0.105473638,0.725431383,0.134790197,0.666675448,,,,,,,,,,,,,,,,,,,,,
315,3596817,79674,moving,moving_B_to_A,-0.303251386,1.639055610,0.404179305,0.114618838,0.711313665,0.131925523,0.680801749,,,,,,,,,,,,,,,,,,,,,
316,3597013,79870,moving,moving_B_to_A,-0.301326275,1.638773918,0.403918475,0.110964239,0.721225679,0.124897480,0.672250748,,,,,,,,,,,,,,,,,,,,,
317,3597194,80051,moving,moving_B_to_A,-0.300944597,1.637662172,0.406829178,0.099673867,0.738456428,0.115805864,0.656762004,,,,,,,,,,,,,,,,,,,,,
318,3597388,80245,moving,moving_B_to_A,-0.300622940,1.637003899,0.410256386,0.094408639,0.745339811,0.110790826,0.650600433,,,,,,,,,,,,,,,,,,,,,
319,3597582,80439,moving,moving_B_to_A,-0.297826380,1.637195110,0.415322304,0.093929790,0.748017430,0.108684115,0.647946715,,,,,,,,,,,,,,,,,,,,,
320,3597777,80634,moving,moving_B_to_A,-0.293961734,1.638280153,0.421908736,0.097798243,0.751317024,0.105136268,0.644130886,,,,,,,,,,,,,,,,,,,,,
321,3597957,80814,moving,moving_B_to_A,-0.290492147,1.639605045,0.426577061,0.104059175,0.753241479,0.103110932,0.641223133,,,,,,,,,,,,,,,,,,,,,
322,3598141,80998,moving,moving_B_to_A,-0.288390458,1.640474796,0.429002017,0.107983164,0.753927410,0.102606304,0.639847636,,,,,,,,,,,,,,,,,,,,,
323,3598318,81175,moving,moving_B_to_A,-0.287830591,1.641062856,0.428899348,0.110526346,0.753306150,0.102512173,0.640160203,,,,,,,,,,,,,,,,,,,,,
324,3598499,81356,moving,moving_B_to_A,-0.287499487,1.640990496,0.428576738,0.109668307,0.753940701,0.102241546,0.639603794,,,,,,,,,,,,,,,,,,,,,
325,3598692,81549,moving,moving_B_to_A,-0.287466615,1.641306281,0.428963125,0.111472823,0.754357398,0.102041759,0.638831973,,,,,,,,,,,,,,,,,,,,,
326,3598875,81732,moving,moving_B_to_A,-0.286754578,1.641511083,0.429196775,0.112080380,0.754372716,0.102187522,0.638684154,,,,,,,,,,,,,,,,,,,,,
327,3599054,81911,moving,moving_B_to_A,-0.286683559,1.641786218,0.429283321,0.113076016,0.755642653,0.101926781,0.637047052,,,,,,,,,,,,,,,,,,,,,
328,3599235,82092,moving,moving_B_to_A,-0.286865175,1.641826987,0.428986132,0.113588229,0.756089628,0.101341754,0.636518717,,,,,,,,,,,,,,,,,,,,,
329,3599415,82272,moving,moving_B_to_A,-0.286976069,1.641846776,0.428327799,0.113563374,0.756492615,0.100307927,0.636207998,,,,,,,,,,,,,,,,,,,,,
330,3599582,82439,moving,moving_B_to_A,-0.286967546,1.642054796,0.428104371,0.114990883,0.757393837,0.099583812,0.634991944,,,,,,,,,,,,,,,,,,,,,
331,3599763,82620,moving,moving_B_to_A,-0.287105590,1.642103195,0.428036064,0.115383536,0.757924736,0.098819278,0.634406328,,,,,,,,,,,,,,,,,,,,,
332,3599957,82814,moving,moving_B_to_A,-0.287265271,1.642172337,0.427976131,0.115944400,0.758728445,0.098419771,0.633404791,,,,,,,,,,,,,,,,,,,,,
333,3600139,82996,moving,moving_B_to_A,-0.287786901,1.641940236,0.428138167,0.115206696,0.760279536,0.097511746,0.631817937,,,,,,,,,,,,,,,,,,,,,
334,3600318,83175,moving,moving_B_to_A,-0.288521081,1.641329288,0.428733110,0.113077290,0.761602163,0.096428201,0.630775154,,,,,,,,,,,,,,,,,,,,,
335,3600485,83342,moving,moving_B_to_A,-0.289077222,1.641240835,0.429199398,0.113097362,0.762682199,0.095744386,0.629569650,,,,,,,,,,,,,,,,,,,,,
336,3600679,83536,moving,moving_B_to_A,-0.288753301,1.641166568,0.429413795,0.112562075,0.763369739,0.095151275,0.628921866,,,,,,,,,,,,,,,,,,,,,
337,3600859,83716,moving,moving_B_to_A,-0.287245542,1.641182899,0.431625992,0.112227142,0.763997793,0.094558358,0.628308296,,,,,,,,,,,,,,,,,,,,,
338,3601025,83882,moving,moving_B_to_A,-0.285834283,1.641343236,0.435465515,0.112546735,0.767857909,0.092309549,0.623864114,,,,,,,,,,,,,,,,,,,,,
339,3601220,84077,moving,moving_B_to_A,-0.284472197,1.642438412,0.440532565,0.117411338,0.769417822,0.093522660,0.620857716,,,,,,,,,,,,,,,,,,,,,
340,3601387,84244,moving,moving_B_to_A,-0.286700487,1.642028928,0.448340893,0.116736114,0.773784637,0.093469441,0.615543306,,,,,,,,,,,,,,,,,,,,,
341,3601570,84427,moving,moving_B_to_A,-0.285588682,1.641986370,0.452086091,0.119712092,0.777029455,0.090332806,0.611338139,,,,,,,,,,,,,,,,,,,,,
342,3601749,84606,moving,moving_B_to_A,-0.283086479,1.642123461,0.449686736,0.118736640,0.774665892,0.091334373,0.614371538,,,,,,,,,,,,,,,,,,,,,
343,3601930,84787,moving,moving_B_to_A,-0.285339177,1.641999006,0.454892665,0.120284997,0.778238475,0.089924447,0.609745920,,,,,,,,,,,,,,,,,,,,,
344,3602110,84967,moving,moving_B_to_A,-0.285936296,1.641969323,0.455576807,0.120569758,0.778570116,0.089830346,0.609279871,,,,,,,,,,,,,,,,,,,,,
345,3602291,85148,moving,moving_B_to_A,-0.284641713,1.642225385,0.453965157,0.121819958,0.779222608,0.088616021,0.608374238,,,,,,,,,,,,,,,,,,,,,
346,3602472,85329,moving,moving_B_to_A,-0.286024213,1.641788960,0.452930719,0.119359091,0.778797984,0.088350214,0.609443545,,,,,,,,,,,,,,,,,,,,,
347,3602653,85510,moving,moving_B_to_A,-0.287136167,1.641799569,0.454448551,0.120980784,0.780578375,0.087312847,0.606990516,,,,,,,,,,,,,,,,,,,,,
348,3602819,85676,moving,moving_B_to_A,-0.286465198,1.641606092,0.454661518,0.120613672,0.780388892,0.086667970,0.607399523,,,,,,,,,,,,,,,,,,,,,
349,3603001,85858,moving,moving_B_to_A,-0.285433710,1.641953588,0.456551164,0.122507490,0.780945599,0.086661302,0.606305063,,,,,,,,,,,,,,,,,,,,,
350,3603180,86037,moving,moving_B_to_A,-0.283130199,1.643932939,0.458437830,0.132530853,0.782099962,0.090398833,0.602148950,,,,,,,,,,,,,,,,,,,,,
351,3603347,86204,moving,moving_B_to_A,-0.281961054,1.644589305,0.457846433,0.136820406,0.781549931,0.090592928,0.601874471,,,,,,,,,,,,,,,,,,,,,
352,3603526,86383,moving,moving_B_to_A,-0.281380355,1.644981980,0.457344830,0.136882216,0.780370235,0.091799892,0.603206694,,,,,,,,,,,,,,,,,,,,,
353,3603707,86564,moving,moving_B_to_A,-0.283467591,1.644801140,0.460776538,0.137856528,0.782712102,0.091379009,0.600006044,,,,,,,,,,,,,,,,,,,,,
354,3603888,86745,moving,moving_B_to_A,-0.281888187,1.644787550,0.459499806,0.137104213,0.781111956,0.091238379,0.602280796,,,,,,,,,,,,,,,,,,,,,
355,3604057,86914,moving,moving_B_to_A,-0.282573491,1.645064473,0.462291688,0.139170632,0.783583999,0.091290712,0.598576427,,,,,,,,,,,,,,,,,,,,,
356,3604237,87094,moving,moving_B_to_A,-0.283056974,1.644707322,0.461705059,0.138374850,0.782944977,0.090540729,0.599709928,,,,,,,,,,,,,,,,,,,,,
357,3604402,87259,moving,moving_B_to_A,-0.282068431,1.644538641,0.458455801,0.135880411,0.780775547,0.091502361,0.602953911,,,,,,,,,,,,,,,,,,,,,
358,3604582,87439,moving,moving_B_to_A,-0.282817572,1.644438148,0.457929194,0.133726925,0.778491020,0.093089409,0.606137931,,,,,,,,,,,,,,,,,,,,,
359,3604749,87606,moving,moving_B_to_A,-0.284157693,1.644435883,0.460153788,0.136883661,0.781028986,0.090845540,0.602497876,,,,,,,,,,,,,,,,,,,,,
360,3604915,87772,moving,moving_B_to_A,-0.282947540,1.643894315,0.458364397,0.133826301,0.781046510,0.089784816,0.603320539,,,,,,,,,,,,,,,,,,,,,
361,3605085,87942,moving,moving_B_to_A,-0.284149796,1.643784523,0.458250403,0.133185223,0.782298982,0.089569405,0.601869941,,,,,,,,,,,,,,,,,,,,,
362,3605260,88117,moving,moving_B_to_A,-0.284011334,1.643522501,0.456386238,0.130332559,0.780785859,0.090909131,0.604253650,,,,,,,,,,,,,,,,,,,,,
363,3605403,88260,moving,moving_B_to_A,-0.286961436,1.642933488,0.460090548,0.129043937,0.785523713,0.088937856,0.598657012,,,,,,,,,,,,,,,,,,,,,
364,3605540,88397,moving,moving_B_to_A,-0.286601067,1.643279076,0.459395051,0.132559985,0.784568846,0.087594174,0.599338710,,,,,,,,,,,,,,,,,,,,,
365,3605693,88550,moving,moving_B_to_A,-0.284002244,1.643408298,0.455819100,0.130114093,0.781175256,0.089348532,0.604030192,,,,,,,,,,,,,,,,,,,,,
366,3605831,88688,moving,moving_B_to_A,-0.284365594,1.643461585,0.457042128,0.129202604,0.780257046,0.091357894,0.605111003,,,,,,,,,,,,,,,,,,,,,
367,3605984,88841,moving,moving_B_to_A,-0.285372257,1.643490314,0.462429196,0.132137835,0.785838425,0.088985108,0.597561121,,,,,,,,,,,,,,,,,,,,,
368,3606124,88981,moving,moving_B_to_A,-0.283553571,1.644034147,0.461184829,0.135655656,0.782649934,0.089083783,0.600933194,,,,,,,,,,,,,,,,,,,,,
369,3606275,89132,moving,moving_B_to_A,-0.281391531,1.644303083,0.458694190,0.135300383,0.781300068,0.089980029,0.602633953,,,,,,,,,,,,,,,,,,,,,
370,3606417,89274,moving,moving_B_to_A,-0.283363640,1.644127011,0.461352438,0.135366216,0.782891154,0.089318134,0.600649476,,,,,,,,,,,,,,,,,,,,,
371,3606555,89412,moving,moving_B_to_A,-0.283515602,1.644030094,0.460818231,0.134615332,0.780293405,0.090389587,0.604028702,,,,,,,,,,,,,,,,,,,,,
372,3606707,89564,moving,moving_B_to_A,-0.282239258,1.644084692,0.461188287,0.136256844,0.783075869,0.088438027,0.600337327,,,,,,,,,,,,,,,,,,,,,
373,3606846,89703,moving,moving_B_to_A,-0.282645732,1.644131303,0.460493565,0.136091307,0.782991052,0.088582873,0.600464225,,,,,,,,,,,,,,,,,,,,,
374,3606985,89842,moving,moving_B_to_A,-0.282763571,1.643822312,0.459400207,0.134373114,0.782563031,0.088274956,0.601453781,,,,,,,,,,,,,,,,,,,,,
375,3607123,89980,moving,moving_B_to_A,-0.283035755,1.643793464,0.459478438,0.133732557,0.782634437,0.088605620,0.601455033,,,,,,,,,,,,,,,,,,,,,
376,3607279,90136,moving,moving_B_to_A,-0.283865988,1.643632889,0.460318685,0.133605555,0.784817934,0.087741449,0.598758578,,,,,,,,,,,,,,,,,,,,,
377,3607416,90273,moving,moving_B_to_A,-0.284043938,1.643448234,0.459645391,0.132046819,0.782749236,0.089213572,0.601588190,,,,,,,,,,,,,,,,,,,,,
378,3607556,90413,moving,moving_B_to_A,-0.284220219,1.643473983,0.462462723,0.133610338,0.786034942,0.087556407,0.597186148,,,,,,,,,,,,,,,,,,,,,
379,3607707,90564,moving,moving_B_to_A,-0.283400118,1.644067645,0.461848766,0.135849372,0.783513427,0.088752061,0.599812269,,,,,,,,,,,,,,,,,,,,,
380,3607845,90702,moving,moving_B_to_A,-0.282983661,1.644273877,0.460510969,0.136411548,0.784180045,0.088213235,0.598892331,,,,,,,,,,,,,,,,,,,,,
381,3607985,90842,moving,moving_B_to_A,-0.283869565,1.643786430,0.458510518,0.132402062,0.783668160,0.088940777,0.600352764,,,,,,,,,,,,,,,,,,,,,
382,3608138,90995,moving,moving_B_to_A,-0.284560263,1.643667459,0.458437502,0.131349877,0.783054829,0.089961544,0.601231515,,,,,,,,,,,,,,,,,,,,,
383,3608278,91135,moving,moving_B_to_A,-0.284833938,1.643841743,0.460716426,0.134567574,0.786238551,0.087812282,0.596665382,,,,,,,,,,,,,,,,,,,,,
384,3608415,91272,moving,moving_B_to_A,-0.284131289,1.643665314,0.458908677,0.132929638,0.783434272,0.088447362,0.600614250,,,,,,,,,,,,,,,,,,,,,
385,3608569,91426,moving,moving_B_to_A,-0.284028441,1.643739223,0.459705383,0.133099571,0.784909904,0.088545859,0.598632216,,,,,,,,,,,,,,,,,,,,,
386,3608707,91564,moving,moving_B_to_A,-0.284290433,1.643696070,0.459943891,0.133572444,0.784568012,0.087854587,0.599076807,,,,,,,,,,,,,,,,,,,,,
387,3608860,91717,moving,moving_B_to_A,-0.282994926,1.643857479,0.459117085,0.133827969,0.784545720,0.088029325,0.599023402,,,,,,,,,,,,,,,,,,,,,
388,3608999,91856,moving,moving_B_to_A,-0.284234405,1.643650293,0.459242433,0.132449731,0.784257770,0.088399552,0.599651933,,,,,,,,,,,,,,,,,,,,,
389,3609166,92023,moving,moving_B_to_A,-0.284641832,1.643477678,0.459077507,0.131694809,0.784387469,0.087813489,0.599734664,,,,,,,,,,,,,,,,,,,,,
390,3609332,92189,moving,moving_B_to_A,-0.283951074,1.643505692,0.458191574,0.131367296,0.783289909,0.088211566,0.601180792,,,,,,,,,,,,,,,,,,,,,
391,3609500,92357,moving,moving_B_to_A,-0.284866929,1.643189192,0.457959354,0.128722861,0.784561634,0.088582359,0.600039005,,,,,,,,,,,,,,,,,,,,,
392,3609679,92536,moving,moving_B_to_A,-0.285961181,1.643231750,0.458787441,0.128497183,0.783127606,0.090212360,0.601715446,,,,,,,,,,,,,,,,,,,,,
393,3609846,92703,moving,moving_B_to_A,-0.284575969,1.643481851,0.461877286,0.132024273,0.786411762,0.088189572,0.596949518,,,,,,,,,,,,,,,,,,,,,
394,3610013,92870,moving,moving_B_to_A,-0.283308834,1.643536329,0.461415350,0.132543102,0.784582019,0.087706074,0.599308789,,,,,,,,,,,,,,,,,,,,,
395,3610193,93050,moving,moving_B_to_A,-0.281509280,1.643710971,0.458923936,0.132336140,0.783036113,0.087993085,0.601330936,,,,,,,,,,,,,,,,,,,,,
396,3610373,93230,moving,moving_B_to_A,-0.283339500,1.643354774,0.457593352,0.129594132,0.783070326,0.088521317,0.601805806,,,,,,,,,,,,,,,,,,,,,
397,3610540,93397,moving,moving_B_to_A,-0.284591138,1.642793894,0.459163249,0.126747638,0.783932865,0.088070847,0.601355016,,,,,,,,,,,,,,,,,,,,,
398,3610708,93565,moving,moving_B_to_A,-0.285662353,1.643380404,0.463149101,0.133109227,0.787542522,0.086104013,0.595520616,,,,,,,,,,,,,,,,,,,,,
399,3610887,93744,moving,moving_B_to_A,-0.283964276,1.643038034,0.458227515,0.129994884,0.783889771,0.086032026,0.601013005,,,,,,,,,,,,,,,,,,,,,
400,3611070,93927,moving,moving_B_to_A,-0.285671085,1.642793059,0.458187401,0.126717567,0.782866359,0.088001966,0.602759182,,,,,,,,,,,,,,,,,,,,,
401,3611249,94106,moving,moving_B_to_A,-0.287229121,1.642718911,0.460353762,0.129765555,0.785107434,0.085669383,0.599523127,,,,,,,,,,,,,,,,,,,,,
402,3611418,94275,moving,moving_B_to_A,-0.286025733,1.642487288,0.456721872,0.126383826,0.783641100,0.086515762,0.602037191,,,,,,,,,,,,,,,,,,,,,
403,3611596,94453,moving,moving_B_to_A,-0.287855953,1.642430305,0.458284795,0.126891971,0.785323024,0.086241923,0.599773705,,,,,,,,,,,,,,,,,,,,,
404,3611777,94634,moving,moving_B_to_A,-0.287794232,1.641985893,0.457329720,0.124378376,0.784748435,0.085950986,0.601092637,,,,,,,,,,,,,,,,,,,,,
405,3611957,94814,moving,moving_B_to_A,-0.285787761,1.642206073,0.456197739,0.125332430,0.784560859,0.085143261,0.601254284,,,,,,,,,,,,,,,,,,,,,
406,3612124,94981,moving,moving_B_to_A,-0.286136568,1.642600894,0.457052171,0.126295492,0.783954680,0.085678883,0.601767182,,,,,,,,,,,,,,,,,,,,,
407,3612303,95160,moving,moving_B_to_A,-0.284933478,1.642914772,0.457840860,0.127468079,0.782788932,0.086513378,0.602916956,,,,,,,,,,,,,,,,,,,,,
408,3612471,95328,moving,moving_B_to_A,-0.285154015,1.643171310,0.459911436,0.129296958,0.784051061,0.086366408,0.600905299,,,,,,,,,,,,,,,,,,,,,
409,3612637,95494,moving,moving_B_to_A,-0.284197032,1.642971516,0.459022760,0.128869891,0.783124804,0.085696980,0.602299035,,,,,,,,,,,,,,,,,,,,,
410,3612818,95675,moving,moving_B_to_A,-0.283758610,1.642999768,0.459461093,0.128312871,0.781760097,0.086837433,0.604025006,,,,,,,,,,,,,,,,,,,,,
411,3612985,95842,moving,moving_B_to_A,-0.285164177,1.643206716,0.463548541,0.132610157,0.784648538,0.085507050,0.599524617,,,,,,,,,,,,,,,,,,,,,
412,3613166,96023,moving,moving_B_to_A,-0.282532662,1.643338203,0.459512621,0.130841658,0.781718254,0.086086534,0.603644073,,,,,,,,,,,,,,,,,,,,,
413,3613348,96205,moving,moving_B_to_A,-0.284160197,1.643558621,0.461381793,0.132435098,0.783084571,0.086205080,0.601504982,,,,,,,,,,,,,,,,,,,,,
414,3613513,96370,moving,moving_B_to_A,-0.284575611,1.642632365,0.458120078,0.127565950,0.780428231,0.085676797,0.606067836,,,,,,,,,,,,,,,,,,,,,
415,3613693,96550,moving,moving_B_to_A,-0.284612507,1.642557740,0.457496554,0.125991374,0.780558884,0.086718239,0.606080890,,,,,,,,,,,,,,,,,,,,,
416,3613873,96730,moving,moving_B_to_A,-0.286843210,1.642742157,0.462097496,0.128825262,0.784593463,0.085561857,0.600413501,,,,,,,,,,,,,,,,,,,,,
417,3614041,96898,moving,moving_B_to_A,-0.284896791,1.642547011,0.458198786,0.127262339,0.782232881,0.084975511,0.603900015,,,,,,,,,,,,,,,,,,,,,
418,3614221,97078,moving,moving_B_to_A,-0.285366207,1.642616868,0.456819117,0.127325743,0.782233298,0.084788531,0.603912294,,,,,,,,,,,,,,,,,,,,,
419,3614402,97259,moving,moving_B_to_A,-0.286859393,1.641936421,0.456128150,0.122644804,0.781942725,0.085296243,0.605184615,,,,,,,,,,,,,,,,,,,,,
420,3614568,97425,moving,moving_B_to_A,-0.286844432,1.642159700,0.457835644,0.124699160,0.782490253,0.084841244,0.604120135,,,,,,,,,,,,,,,,,,,,,
421,3614749,97606,moving,moving_B_to_A,-0.285314679,1.642537475,0.457909435,0.125763983,0.781556189,0.085463315,0.605020165,,,,,,,,,,,,,,,,,,,,,
422,3614916,97773,moving,moving_B_to_A,-0.284176946,1.642868161,0.458082289,0.127649218,0.781379938,0.085226193,0.604886472,,,,,,,,,,,,,,,,,,,,,
423,3615097,97954,moving,moving_B_to_A,-0.284536391,1.643041968,0.458305657,0.127834380,0.780430913,0.086480290,0.605893672,,,,,,,,,,,,,,,,,,,,,
424,3615277,98134,moving,moving_B_to_A,-0.284935176,1.642700195,0.458046734,0.126153201,0.781392753,0.085774019,0.605106294,,,,,,,,,,,,,,,,,,,,,
425,3615457,98314,moving,moving_B_to_A,-0.285054266,1.642786741,0.460045904,0.128260255,0.782822490,0.084896237,0.602935255,,,,,,,,,,,,,,,,,,,,,
426,3615623,98480,moving,moving_B_to_A,-0.283617347,1.642793059,0.457971513,0.128570974,0.781489730,0.083427437,0.604800105,,,,,,,,,,,,,,,,,,,,,
427,3615805,98662,moving,moving_B_to_A,-0.285817713,1.641875863,0.455599576,0.124608085,0.779887497,0.082531840,0.607813179,,,,,,,,,,,,,,,,,,,,,
428,3615985,98842,moving,moving_B_to_A,-0.287049472,1.640774250,0.450723320,0.116129272,0.771781802,0.085561171,0.619310975,,,,,,,,,,,,,,,,,,,,,
429,3616152,99009,moving,moving_B_to_A,-0.290495783,1.639155626,0.448828518,0.105512902,0.771306694,0.085752435,0.621771395,,,,,,,,,,,,,,,,,,,,,
430,3616334,99191,moving,moving_B_to_A,-0.290102482,1.638743520,0.450246662,0.103756130,0.772931755,0.085490599,0.620082676,,,,,,,,,,,,,,,,,,,,,
431,3616513,99370,moving,moving_B_to_A,-0.286530674,1.640228391,0.458189934,0.115137078,0.779889286,0.083264291,0.609576285,,,,,,,,,,,,,,,,,,,,,
432,3616693,99550,moving,moving_B_to_A,-0.287041068,1.640547276,0.460430652,0.118813366,0.785810292,0.080906622,0.601531088,,,,,,,,,,,,,,,,,,,,,
433,3616860,99717,moving,moving_B_to_A,-0.288503855,1.639676332,0.457374573,0.112886399,0.785105944,0.081660628,0.603487313,,,,,,,,,,,,,,,,,,,,,
434,3617041,99898,moving,moving_B_to_A,-0.289279342,1.639584780,0.457737237,0.112551972,0.786516488,0.081418730,0.601743221,,,,,,,,,,,,,,,,,,,,,
435,3617221,100078,moving,moving_B_to_A,-0.288956761,1.639310479,0.459140480,0.112370797,0.787484050,0.080331869,0.600656688,,,,,,,,,,,,,,,,,,,,,
436,3617388,100245,moving,moving_B_to_A,-0.288394272,1.639577389,0.457582682,0.111143798,0.784407854,0.082650177,0.604582846,,,,,,,,,,,,,,,,,,,,,
437,3617569,100426,moving,moving_B_to_A,-0.288539678,1.639596701,0.457870781,0.111735359,0.784809828,0.082253717,0.604005873,,,,,,,,,,,,,,,,,,,,,
438,3617749,100606,moving,moving_B_to_A,-0.287219644,1.639508605,0.457069188,0.110516861,0.781605601,0.082784511,0.608297169,,,,,,,,,,,,,,,,,,,,,
439,3617916,100773,moving,moving_B_to_A,-0.285484701,1.640605807,0.460235149,0.117970757,0.784418702,0.082049817,0.603355646,,,,,,,,,,,,,,,,,,,,,
440,3618099,100956,moving,moving_B_to_A,-0.286160797,1.640401840,0.459620029,0.116545200,0.783359766,0.081989884,0.605014324,,,,,,,,,,,,,,,,,,,,,
441,3618277,101134,moving,moving_B_to_A,-0.285715312,1.640383244,0.456942588,0.115462929,0.782644391,0.081261173,0.606244802,,,,,,,,,,,,,,,,,,,,,
442,3618456,101313,moving,moving_B_to_A,-0.287512809,1.640184402,0.458107978,0.113875538,0.783895731,0.081813410,0.604852378,,,,,,,,,,,,,,,,,,,,,
443,3618624,101481,moving,moving_B_to_A,-0.287878305,1.640102625,0.458008260,0.113979220,0.784025729,0.081056803,0.604766309,,,,,,,,,,,,,,,,,,,,,
444,3618804,101661,moving,moving_B_to_A,-0.286089599,1.639974713,0.457312077,0.112167351,0.782060564,0.082078785,0.607505560,,,,,,,,,,,,,,,,,,,,,
445,3618971,101828,moving,moving_B_to_A,-0.287475765,1.640688419,0.461522400,0.117913969,0.786247790,0.081118070,0.601107836,,,,,,,,,,,,,,,,,,,,,
446,3619152,102009,moving,moving_B_to_A,-0.285397440,1.640260339,0.457649231,0.113959394,0.782128692,0.082201220,0.607067525,,,,,,,,,,,,,,,,,,,,,
447,3619334,102191,moving,moving_B_to_A,-0.286571294,1.640787005,0.463012397,0.119005941,0.786658287,0.081416905,0.600314558,,,,,,,,,,,,,,,,,,,,,
448,3619501,102358,moving,moving_B_to_A,-0.286920995,1.640635014,0.460681617,0.117775030,0.784876049,0.081224412,0.602910697,,,,,,,,,,,,,,,,,,,,,
449,3619679,102536,moving,moving_B_to_A,-0.286405087,1.639944553,0.455432445,0.110543050,0.781194329,0.083289690,0.608751655,,,,,,,,,,,,,,,,,,,,,
450,3619859,102716,moving,moving_B_to_A,-0.290208191,1.639885426,0.460658580,0.112730101,0.786057830,0.082171783,0.602206647,,,,,,,,,,,,,,,,,,,,,
451,3620041,102898,moving,moving_B_to_A,-0.288050145,1.639631748,0.457948327,0.112159170,0.783782661,0.080083646,0.605550766,,,,,,,,,,,,,,,,,,,,,
452,3620220,103077,moving,moving_B_to_A,-0.287395775,1.640009403,0.457389385,0.111739874,0.781138539,0.082647473,0.608692169,,,,,,,,,,,,,,,,,,,,,
453,3620402,103259,moving,moving_B_to_A,-0.288870126,1.640223742,0.460323602,0.114666566,0.783276796,0.081608862,0.605532110,,,,,,,,,,,,,,,,,,,,,
454,3620569,103426,moving,moving_B_to_A,-0.287014902,1.640351892,0.458318740,0.114113070,0.782073975,0.082093254,0.607123733,,,,,,,,,,,,,,,,,,,,,
455,3620750,103607,moving,moving_B_to_A,-0.288173378,1.640518069,0.459956646,0.115814552,0.783076108,0.081497900,0.605588078,,,,,,,,,,,,,,,,,,,,,
456,3620930,103787,moving,moving_B_to_A,-0.289021254,1.640506744,0.457777172,0.115053780,0.778989673,0.083182141,0.610752344,,,,,,,,,,,,,,,,,,,,,
457,3621109,103966,moving,moving_B_to_A,-0.290491372,1.641234517,0.455312431,0.120378107,0.779366791,0.082863405,0.609286666,,,,,,,,,,,,,,,,,,,,,
458,3621292,104149,moving,moving_B_to_A,-0.291182399,1.641400099,0.447096109,0.120292708,0.774709046,0.083754167,0.615094125,,,,,,,,,,,,,,,,,,,,,
459,3621458,104315,moving,moving_B_to_A,-0.292867541,1.641214728,0.442119896,0.119357295,0.775592506,0.082548492,0.614325464,,,,,,,,,,,,,,,,,,,,,
460,3621638,104495,moving,moving_B_to_A,-0.293482810,1.640806913,0.436559111,0.117518142,0.772656381,0.081648812,0.618486166,,,,,,,,,,,,,,,,,,,,,
461,3621819,104676,moving,moving_B_to_A,-0.291938215,1.640419722,0.425608456,0.114482231,0.760694325,0.085037336,0.633250833,,,,,,,,,,,,,,,,,,,,,
462,3622000,104857,moving,moving_B_to_A,-0.285603702,1.640294075,0.413238138,0.114668280,0.748334765,0.088900231,0.647258162,,,,,,,,,,,,,,,,,,,,,
463,3622180,105037,moving,moving_B_to_A,-0.281326950,1.641168952,0.407855868,0.121178731,0.748475671,0.088602781,0.645948470,,,,,,,,,,,,,,,,,,,,,
464,3622360,105217,moving,moving_B_to_A,-0.276784211,1.642459989,0.405742139,0.130357951,0.749767959,0.085947648,0.643014669,,,,,,,,,,,,,,,,,,,,,
465,3622540,105397,moving,moving_B_to_A,-0.273144901,1.643900752,0.408000946,0.141387209,0.755319118,0.077748187,0.635183334,,,,,,,,,,,,,,,,,,,,,
466,3622707,105564,moving,moving_B_to_A,-0.272607177,1.643601656,0.408631325,0.134456471,0.759723306,0.080317579,0.631103039,,,,,,,,,,,,,,,,,,,,,
467,3622887,105744,moving,moving_B_to_A,-0.272616327,1.644814849,0.412313282,0.143281341,0.766184688,0.079189904,0.621418059,,,,,,,,,,,,,,,,,,,,,
468,3623053,105910,moving,moving_B_to_A,-0.274226576,1.644488811,0.415928036,0.149200916,0.780330479,0.067117326,0.603588223,,,,,,,,,,,,,,,,,,,,,
469,3623221,106078,moving,moving_B_to_A,-0.274844259,1.644935608,0.415219188,0.154819667,0.782819867,0.064812846,0.599185526,,,,,,,,,,,,,,,,,,,,,
470,3623387,106244,moving,moving_B_to_A,-0.271400720,1.646238685,0.414609253,0.164189741,0.771318078,0.067087859,0.611235976,,,,,,,,,,,,,,,,,,,,,
471,3623554,106411,moving,moving_B_to_A,-0.267997354,1.648804665,0.418954849,0.182196915,0.769584358,0.065466322,0.608488619,,,,,,,,,,,,,,,,,,,,,
472,3623722,106579,moving,moving_B_to_A,-0.270473778,1.646528840,0.408001304,0.169780403,0.756411672,0.073290236,0.627411008,,,,,,,,,,,,,,,,,,,,,
473,3623902,106759,moving,moving_B_to_A,-0.271780342,1.642121077,0.393830061,0.140087783,0.730370879,0.090855069,0.662328601,,,,,,,,,,,,,,,,,,,,,
474,3624082,106939,moving,moving_B_to_A,-0.262195051,1.640369296,0.385862708,0.129370064,0.709274113,0.098546535,0.685917079,,,,,,,,,,,,,,,,,,,,,
475,3624263,107120,moving,moving_B_to_A,-0.245661750,1.641066790,0.383670092,0.141541973,0.701172531,0.094324425,0.692405879,,,,,,,,,,,,,,,,,,,,,
476,3624444,107301,moving,moving_B_to_A,-0.225340202,1.642950773,0.380273908,0.159248546,0.697154999,0.097215176,0.692216754,,,,,,,,,,,,,,,,,,,,,
477,3624624,107481,moving,moving_B_to_A,-0.210735410,1.644126892,0.370493859,0.162739426,0.691764474,0.102254130,0.696076095,,,,,,,,,,,,,,,,,,,,,
478,3624806,107663,moving,moving_B_to_A,-0.201880679,1.644493580,0.359669268,0.165250033,0.687723339,0.104185067,0.699195623,,,,,,,,,,,,,,,,,,,,,
479,3624971,107828,moving,moving_B_to_A,-0.204944372,1.641646862,0.361600459,0.162489772,0.674828053,0.112360835,0.711040974,,,,,,,,,,,,,,,,,,,,,
480,3625151,108008,moving,moving_B_to_A,-0.212600052,1.642426610,0.370122075,0.170890048,0.667075813,0.107296765,0.717142880,,,,,,,,,,,,,,,,,,,,,
481,3625318,108175,moving,moving_B_to_A,-0.206459641,1.643349767,0.377754003,0.179980963,0.664096773,0.095480360,0.719350994,,,,,,,,,,,,,,,,,,,,,
482,3625485,108342,moving,moving_B_to_A,-0.197530270,1.645119667,0.384665936,0.203618124,0.662279367,0.087241694,0.715761542,,,,,,,,,,,,,,,,,,,,,
483,3625652,108509,moving,moving_B_to_A,-0.189538822,1.644376874,0.385697424,0.216786623,0.663079679,0.075478449,0.712482929,,,,,,,,,,,,,,,,,,,,,
484,3625807,108664,moving,moving_B_to_A,-0.183632061,1.644813776,0.386850655,0.219853565,0.678961992,0.066789128,0.697290659,,,,,,,,,,,,,,,,,,,,,
485,3625972,108829,moving,moving_B_to_A,-0.185315445,1.646026134,0.391411424,0.227146402,0.698047876,0.058872331,0.676511526,,,,,,,,,,,,,,,,,,,,,
486,3626138,108995,moving,moving_B_to_A,-0.195990309,1.647022247,0.394455552,0.221796736,0.706816494,0.061301503,0.668923616,,,,,,,,,,,,,,,,,,,,,
487,3626290,109147,moving,moving_B_to_A,-0.214915216,1.649178624,0.401515901,0.225390702,0.732691288,0.053956181,0.639883757,,,,,,,,,,,,,,,,,,,,,
488,3626443,109300,moving,moving_B_to_A,-0.225127354,1.647473097,0.397788882,0.206235901,0.741903245,0.051272891,0.635938227,,,,,,,,,,,,,,,,,,,,,
489,3626612,109469,moving,moving_B_to_A,-0.235345438,1.647122741,0.399304569,0.195981935,0.745562613,0.051370006,0.634892583,,,,,,,,,,,,,,,,,,,,,
490,3626764,109621,moving,moving_B_to_A,-0.245825976,1.647135377,0.401784688,0.194891438,0.756208241,0.047950964,0.622789860,,,,,,,,,,,,,,,,,,,,,
491,3626930,109787,moving,moving_B_to_A,-0.251728088,1.647201777,0.403165638,0.191518962,0.763452530,0.047970567,0.614946842,,,,,,,,,,,,,,,,,,,,,
492,3627098,109955,moving,moving_B_to_A,-0.254817665,1.646485686,0.402714431,0.191002756,0.765456319,0.044962510,0.612840116,,,,,,,,,,,,,,,,,,,,,
493,3627263,110120,moving,moving_B_to_A,-0.255526364,1.646163821,0.400741607,0.191777200,0.766590714,0.043685798,0.611270666,,,,,,,,,,,,,,,,,,,,,
494,3627430,110287,moving,moving_B_to_A,-0.256736755,1.645159721,0.397065490,0.187615648,0.765801787,0.043082245,0.613589406,,,,,,,,,,,,,,,,,,,,,
495,3627582,110439,moving,moving_B_to_A,-0.259507298,1.644573689,0.397131234,0.185455799,0.767520487,0.040338669,0.612283587,,,,,,,,,,,,,,,,,,,,,
496,3627748,110605,moving,moving_B_to_A,-0.260831892,1.644089580,0.396292657,0.183261782,0.766309440,0.040277142,0.614461362,,,,,,,,,,,,,,,,,,,,,
497,3627902,110759,moving,moving_B_to_A,-0.260719478,1.643778443,0.395548970,0.182066992,0.766221046,0.039923407,0.614949644,,,,,,,,,,,,,,,,,,,,,
498,3628068,110925,moving,moving_B_to_A,-0.259858966,1.643687129,0.395152181,0.181920871,0.764485359,0.039814387,0.617156208,,,,,,,,,,,,,,,,,,,,,
499,3628236,111093,moving,moving_B_to_A,-0.259427011,1.644029498,0.395260006,0.183947816,0.763755023,0.039730944,0.617465019,,,,,,,,,,,,,,,,,,,,,
500,3628388,111245,moving,moving_B_to_A,-0.261781096,1.643747449,0.394367129,0.180732325,0.764446020,0.039439887,0.617578030,,,,,,,,,,,,,,,,,,,,,
501,3628556,111413,moving,moving_B_to_A,-0.262946844,1.643710852,0.394408524,0.180409595,0.764503360,0.039769124,0.617580235,,,,,,,,,,,,,,,,,,,,,
502,3628720,111577,moving,moving_B_to_A,-0.262535781,1.643335223,0.393820643,0.179308608,0.763900042,0.040085949,0.618626177,,,,,,,,,,,,,,,,,,,,,
503,3628887,111744,moving,moving_B_to_A,-0.262847036,1.643307686,0.393601060,0.179517120,0.763117433,0.040456925,0.619506717,,,,,,,,,,,,,,,,,,,,,
504,3629054,111911,moving,moving_B_to_A,-0.263461053,1.643218279,0.393185437,0.177742094,0.762011409,0.041146655,0.621331871,,,,,,,,,,,,,,,,,,,,,
505,3629209,112066,moving,moving_B_to_A,-0.263258666,1.643486500,0.393760711,0.178805366,0.762440026,0.040824011,0.620521724,,,,,,,,,,,,,,,,,,,,,
506,3629373,112230,moving,moving_B_to_A,-0.263083875,1.643580317,0.393945158,0.178875834,0.761844516,0.041226570,0.621205866,,,,,,,,,,,,,,,,,,,,,
507,3629540,112397,moving,moving_B_to_A,-0.262595773,1.643861294,0.394799948,0.179881945,0.761423826,0.041646130,0.621403217,,,,,,,,,,,,,,,,,,,,,
508,3629707,112564,moving,moving_B_to_A,-0.262672871,1.643982291,0.395309448,0.180194229,0.761343598,0.041612800,0.621413171,,,,,,,,,,,,,,,,,,,,,
509,3629874,112731,moving,moving_B_to_A,-0.262916207,1.643821716,0.395084709,0.179918960,0.761574328,0.041320946,0.621229708,,,,,,,,,,,,,,,,,,,,,
510,3630040,112897,moving,moving_B_to_A,-0.263118058,1.643651128,0.395073116,0.179678589,0.762118161,0.041039333,0.620650709,,,,,,,,,,,,,,,,,,,,,
511,3630207,113064,moving,moving_B_to_A,-0.263379067,1.643510580,0.395128399,0.179002687,0.762301862,0.040921949,0.620628178,,,,,,,,,,,,,,,,,,,,,
512,3630374,113231,moving,moving_B_to_A,-0.263548225,1.643466115,0.395260215,0.178631917,0.763124883,0.040275663,0.619765282,,,,,,,,,,,,,,,,,,,,,
513,3630527,113384,moving,moving_B_to_A,-0.263564765,1.643428564,0.395250082,0.178905115,0.763454914,0.039933458,0.619301856,,,,,,,,,,,,,,,,,,,,,
514,3630693,113550,moving,moving_B_to_A,-0.263789356,1.643441796,0.395304769,0.178781793,0.763797104,0.039766949,0.618926227,,,,,,,,,,,,,,,,,,,,,
515,3630859,113716,moving,moving_B_to_A,-0.264105052,1.643530726,0.395612866,0.179225639,0.764048338,0.039579079,0.618499637,,,,,,,,,,,,,,,,,,,,,
516,3631027,113884,moving,moving_B_to_A,-0.264052898,1.643690586,0.395716608,0.179412395,0.764069200,0.039777715,0.618406951,,,,,,,,,,,,,,,,,,,,,
517,3631179,114036,moving,moving_B_to_A,-0.263908207,1.643650651,0.395806909,0.179532275,0.764330089,0.039539985,0.618064880,,,,,,,,,,,,,,,,,,,,,
518,3631346,114203,moving,moving_B_to_A,-0.263684899,1.643768430,0.396024048,0.179807425,0.764612675,0.039374806,0.617645860,,,,,,,,,,,,,,,,,,,,,
519,3631513,114370,moving,moving_B_to_A,-0.263761580,1.643744111,0.396113396,0.179899931,0.764715374,0.039307863,0.617496014,,,,,,,,,,,,,,,,,,,,,
520,3631679,114536,moving,moving_B_to_A,-0.263798058,1.643654943,0.396125823,0.179755166,0.764677286,0.039442979,0.617576718,,,,,,,,,,,,,,,,,,,,,
521,3631847,114704,moving,moving_B_to_A,-0.263661087,1.643611670,0.395912558,0.179461837,0.764517605,0.039880231,0.617831588,,,,,,,,,,,,,,,,,,,,,
522,3632013,114870,moving,moving_B_to_A,-0.263286740,1.643722892,0.396142423,0.180059329,0.764096081,0.039998412,0.618171513,,,,,,,,,,,,,,,,,,,,,
523,3632179,115036,moving,moving_B_to_A,-0.263081312,1.643995047,0.396462083,0.180928409,0.763961792,0.040294409,0.618064463,,,,,,,,,,,,,,,,,,,,,
524,3632348,115205,moving,moving_B_to_A,-0.263205528,1.644022465,0.396336138,0.181468681,0.762974143,0.040658653,0.619101346,,,,,,,,,,,,,,,,,,,,,
525,3632512,115369,moving,moving_B_to_A,-0.263738066,1.644048095,0.396286905,0.180549175,0.763169885,0.041150056,0.619096518,,,,,,,,,,,,,,,,,,,,,
526,3632680,115537,moving,moving_B_to_A,-0.264134794,1.643785954,0.396376640,0.179987952,0.763379276,0.040859710,0.619020998,,,,,,,,,,,,,,,,,,,,,
527,3632847,115704,moving,moving_B_to_A,-0.263976961,1.643618464,0.395816326,0.179216310,0.762981117,0.040941540,0.619729877,,,,,,,,,,,,,,,,,,,,,
528,3633013,115870,moving,moving_B_to_A,-0.264441162,1.643327832,0.395463675,0.178354889,0.763101220,0.040675282,0.619848132,,,,,,,,,,,,,,,,,,,,,
529,3633179,116036,moving,moving_B_to_A,-0.264690340,1.643204093,0.395350188,0.178196102,0.763309181,0.040478025,0.619650543,,,,,,,,,,,,,,,,,,,,,
530,3633346,116203,moving,moving_B_to_A,-0.264877468,1.643121481,0.395155042,0.177348942,0.763272762,0.040523987,0.619935334,,,,,,,,,,,,,,,,,,,,,
531,3633512,116369,moving,moving_B_to_A,-0.264841080,1.643241405,0.395368218,0.177479222,0.763452351,0.040307447,0.619691074,,,,,,,,,,,,,,,,,,,,,
532,3633679,116536,moving,moving_B_to_A,-0.264975995,1.643270493,0.395328641,0.177404776,0.763432443,0.040256314,0.619740188,,,,,,,,,,,,,,,,,,,,,
533,3633847,116704,moving,moving_B_to_A,-0.265022516,1.643306255,0.395341128,0.177362189,0.763676584,0.040093396,0.619462013,,,,,,,,,,,,,,,,,,,,,
534,3634013,116870,moving,moving_B_to_A,-0.265229225,1.643183231,0.395173192,0.176593766,0.763649166,0.039893754,0.619728267,,,,,,,,,,,,,,,,,,,,,
535,3634180,117037,moving,moving_B_to_A,-0.265052557,1.643239141,0.395266414,0.176929548,0.763669848,0.039712373,0.619618595,,,,,,,,,,,,,,,,,,,,,
536,3634346,117203,moving,moving_B_to_A,-0.265064448,1.643187881,0.395127416,0.176351219,0.763689935,0.039678007,0.619760931,,,,,,,,,,,,,,,,,,,,,
537,3634513,117370,moving,moving_B_to_A,-0.265409976,1.643046260,0.395058036,0.176071391,0.763482869,0.039844807,0.620084822,,,,,,,,,,,,,,,,,,,,,
538,3634679,117536,moving,moving_B_to_A,-0.264879435,1.643246770,0.395414740,0.176938117,0.763497055,0.040120490,0.619802833,,,,,,,,,,,,,,,,,,,,,
539,3634847,117704,moving,moving_B_to_A,-0.264313549,1.643593669,0.395698786,0.177761570,0.763081372,0.040751405,0.620037913,,,,,,,,,,,,,,,,,,,,,
540,3635015,117872,moving,moving_B_to_A,-0.264270455,1.643722892,0.395975739,0.178081065,0.763358116,0.040380709,0.619629741,,,,,,,,,,,,,,,,,,,,,
541,3635180,118037,moving,moving_B_to_A,-0.264494628,1.643602371,0.395768970,0.177541956,0.763174236,0.040890001,0.619977415,,,,,,,,,,,,,,,,,,,,,
542,3635347,118204,moving,moving_B_to_A,-0.264573693,1.643528342,0.395434946,0.177347124,0.762799263,0.041225407,0.620472252,,,,,,,,,,,,,,,,,,,,,
543,3635513,118370,moving,moving_B_to_A,-0.264645725,1.643402219,0.395532250,0.177166879,0.763199687,0.040637840,0.620069921,,,,,,,,,,,,,,,,,,,,,
544,3635678,118535,moving,moving_B_to_A,-0.264409482,1.643564582,0.395928204,0.177676499,0.763589144,0.040331975,0.619464278,,,,,,,,,,,,,,,,,,,,,
545,3635845,118702,moving,moving_B_to_A,-0.264484525,1.643634558,0.396194845,0.177897036,0.763767481,0.039962288,0.619205117,,,,,,,,,,,,,,,,,,,,,
546,3636013,118870,moving,moving_B_to_A,-0.264595628,1.643535495,0.396061271,0.177630380,0.763745725,0.039749216,0.619322181,,,,,,,,,,,,,,,,,,,,,
547,3636179,119036,moving,moving_B_to_A,-0.264582098,1.643466592,0.396015465,0.177191868,0.763778269,0.039659742,0.619413376,,,,,,,,,,,,,,,,,,,,,
548,3636347,119204,moving,moving_B_to_A,-0.264421850,1.643403053,0.396261901,0.177420497,0.763629913,0.039673284,0.619529963,,,,,,,,,,,,,,,,,,,,,
549,3636513,119370,moving,moving_B_to_A,-0.263985515,1.643628240,0.396847665,0.178641289,0.763910055,0.038983669,0.618877232,,,,,,,,,,,,,,,,,,,,,
550,3636680,119537,moving,moving_B_to_A,-0.263959020,1.643674374,0.396981090,0.178458899,0.764445186,0.038705550,0.618286312,,,,,,,,,,,,,,,,,,,,,
551,3636847,119704,moving,moving_B_to_A,-0.264371395,1.643543720,0.397223711,0.177718297,0.765136242,0.038331229,0.617667854,,,,,,,,,,,,,,,,,,,,,
552,3637002,119859,moving,moving_B_to_A,-0.264236331,1.643147945,0.397508085,0.176311105,0.766699255,0.037907321,0.616157234,,,,,,,,,,,,,,,,,,,,,
553,3637167,120024,moving,moving_B_to_A,-0.263133615,1.643312931,0.397536159,0.177655250,0.766240656,0.038810011,0.616285324,,,,,,,,,,,,,,,,,,,,,
554,3637332,120189,moving,moving_B_to_A,-0.262562186,1.643773794,0.398851573,0.179441571,0.767604649,0.038023852,0.614115715,,,,,,,,,,,,,,,,,,,,,
555,3637499,120356,moving,moving_B_to_A,-0.262699634,1.643766165,0.399769247,0.177638784,0.767664313,0.039116953,0.614496410,,,,,,,,,,,,,,,,,,,,,
556,3637666,120523,moving,moving_B_to_A,-0.262973338,1.641473413,0.398135573,0.165241957,0.767525554,0.041370705,0.617970943,,,,,,,,,,,,,,,,,,,,,
557,3637846,120703,moving,moving_B_to_A,-0.263758510,1.639954925,0.397141904,0.158163086,0.769080400,0.039441507,0.618016303,,,,,,,,,,,,,,,,,,,,,
558,3638014,120871,moving,moving_B_to_A,-0.263299465,1.638778329,0.396926969,0.150061086,0.768342018,0.041966870,0.620782614,,,,,,,,,,,,,,,,,,,,,
559,3638180,121037,moving,moving_B_to_A,-0.262692541,1.638093710,0.397442013,0.147366628,0.768487453,0.042802453,0.621190906,,,,,,,,,,,,,,,,,,,,,
560,3638361,121218,moving,moving_B_to_A,-0.261950642,1.637740135,0.398723930,0.145774528,0.771955371,0.041793197,0.617323339,,,,,,,,,,,,,,,,,,,,,
561,3638528,121385,moving,moving_B_to_A,-0.260869563,1.637305975,0.396656901,0.142351210,0.769438267,0.044210568,0.621084869,,,,,,,,,,,,,,,,,,,,,
562,3638696,121553,moving,moving_B_to_A,-0.260028869,1.638108134,0.397337675,0.145083323,0.769516408,0.042780854,0.620455623,,,,,,,,,,,,,,,,,,,,,
563,3638873,121730,moving,moving_B_to_A,-0.259155869,1.639082432,0.399273008,0.143324748,0.770466387,0.037803244,0.620008469,,,,,,,,,,,,,,,,,,,,,
564,3639040,121897,moving,moving_B_to_A,-0.258553863,1.637902021,0.400098264,0.137878016,0.767342985,0.040337872,0.624937773,,,,,,,,,,,,,,,,,,,,,
565,3639207,122064,moving,moving_B_to_A,-0.258474916,1.637672424,0.402342260,0.139751032,0.769896507,0.039514635,0.621423960,,,,,,,,,,,,,,,,,,,,,
566,3639374,122231,moving,moving_B_to_A,-0.257560253,1.637803316,0.405169338,0.141215399,0.770476341,0.038905747,0.620411754,,,,,,,,,,,,,,,,,,,,,
567,3639554,122411,moving,moving_B_to_A,-0.255934924,1.638727188,0.406921595,0.146206707,0.770151138,0.038868126,0.619661272,,,,,,,,,,,,,,,,,,,,,
568,3639721,122578,moving,moving_B_to_A,-0.254640311,1.639035940,0.407165200,0.147393525,0.768826783,0.038868725,0.621023178,,,,,,,,,,,,,,,,,,,,,
569,3639902,122759,moving,moving_B_to_A,-0.254659414,1.639322639,0.406499147,0.148992628,0.767897010,0.039008990,0.621782601,,,,,,,,,,,,,,,,,,,,,
570,3640068,122925,moving,moving_B_to_A,-0.255868107,1.638975739,0.403924376,0.146493003,0.766862750,0.039699774,0.623606741,,,,,,,,,,,,,,,,,,,,,
571,3640250,123107,moving,moving_B_to_A,-0.256869316,1.638540387,0.401627123,0.144609705,0.765826046,0.040456701,0.625269294,,,,,,,,,,,,,,,,,,,,,
572,3640416,123273,moving,moving_B_to_A,-0.257898867,1.637858987,0.400085777,0.141889617,0.765313327,0.040954195,0.626486778,,,,,,,,,,,,,,,,,,,,,
573,3640597,123454,moving,moving_B_to_A,-0.258148551,1.637778044,0.400410473,0.141671166,0.765258431,0.041441921,0.626571178,,,,,,,,,,,,,,,,,,,,,
574,3640777,123634,moving,moving_B_to_A,-0.257956892,1.637933493,0.400533885,0.141814917,0.764478981,0.041981488,0.627453566,,,,,,,,,,,,,,,,,,,,,
575,3640958,123815,moving,moving_B_to_A,-0.257842302,1.637844086,0.399543911,0.141021684,0.764204025,0.042078502,0.627960563,,,,,,,,,,,,,,,,,,,,,
576,3641124,123981,moving,moving_B_to_A,-0.258746564,1.637467742,0.398703605,0.139007643,0.763888896,0.042002495,0.628797650,,,,,,,,,,,,,,,,,,,,,
577,3641305,124162,moving,moving_B_to_A,-0.259175152,1.637131214,0.398392498,0.138225988,0.763897598,0.041692894,0.628979921,,,,,,,,,,,,,,,,,,,,,
578,3641485,124342,moving,moving_B_to_A,-0.259380400,1.636950731,0.398391604,0.137377158,0.763930380,0.041448358,0.629142225,,,,,,,,,,,,,,,,,,,,,
579,3641652,124509,moving,moving_B_to_A,-0.259401441,1.636934400,0.398437768,0.137376100,0.763846397,0.041181460,0.629261911,,,,,,,,,,,,,,,,,,,,,
580,3641832,124689,moving,moving_B_to_A,-0.259718686,1.636901498,0.398154795,0.137026489,0.763764262,0.041232489,0.629434586,,,,,,,,,,,,,,,,,,,,,
581,3642012,124869,moving,moving_B_to_A,-0.260291487,1.636640072,0.397859037,0.136235699,0.763937712,0.040937226,0.629414976,,,,,,,,,,,,,,,,,,,,,
582,3642194,125051,moving,moving_B_to_A,-0.260748327,1.636345148,0.397270918,0.134910509,0.764112353,0.040689845,0.629504502,,,,,,,,,,,,,,,,,,,,,
583,3642361,125218,moving,moving_B_to_A,-0.260948330,1.636198759,0.396970540,0.134375274,0.764191329,0.040491920,0.629535854,,,,,,,,,,,,,,,,,,,,,
584,3642541,125398,moving,moving_B_to_A,-0.261033088,1.636149645,0.397128373,0.134125292,0.764652789,0.040107615,0.629053175,,,,,,,,,,,,,,,,,,,,,
585,3642720,125577,moving,moving_B_to_A,-0.260973126,1.636217356,0.397439331,0.134193391,0.764671564,0.040122066,0.629014909,,,,,,,,,,,,,,,,,,,,,
586,3642887,125744,moving,moving_B_to_A,-0.260697693,1.636475682,0.397655040,0.134660900,0.764822841,0.040232915,0.628723979,,,,,,,,,,,,,,,,,,,,,
587,3643068,125925,moving,moving_B_to_A,-0.260556281,1.636689186,0.397827506,0.134724438,0.764461458,0.040743820,0.629116833,,,,,,,,,,,,,,,,,,,,,
588,3643235,126092,moving,moving_B_to_A,-0.260215938,1.636852264,0.398276359,0.135587022,0.764675796,0.040869776,0.628662705,,,,,,,,,,,,,,,,,,,,,
589,3643415,126272,moving,moving_B_to_A,-0.260233939,1.637058139,0.398280025,0.136127546,0.764492869,0.041133069,0.628751218,,,,,,,,,,,,,,,,,,,,,
590,3643597,126454,moving,moving_B_to_A,-0.260014594,1.637083292,0.398120910,0.136736020,0.764552355,0.040872555,0.628563762,,,,,,,,,,,,,,,,,,,,,
591,3643765,126622,moving,moving_B_to_A,-0.260077536,1.636839986,0.397637457,0.135952190,0.764243484,0.040924761,0.629105747,,,,,,,,,,,,,,,,,,,,,
592,3643942,126799,moving,moving_B_to_A,-0.260224760,1.636713028,0.397641063,0.135989800,0.764947355,0.040415619,0.628274620,,,,,,,,,,,,,,,,,,,,,
593,3644110,126967,moving,moving_B_to_A,-0.260611117,1.636581182,0.397454679,0.135365799,0.764978290,0.040089626,0.628392518,,,,,,,,,,,,,,,,,,,,,
594,3644276,127133,moving,moving_B_to_A,-0.260785460,1.636438489,0.397343069,0.134899333,0.765132129,0.039823998,0.628322423,,,,,,,,,,,,,,,,,,,,,
595,3644444,127301,moving,moving_B_to_A,-0.260900944,1.636396050,0.397531748,0.134778962,0.765106499,0.039858084,0.628377318,,,,,,,,,,,,,,,,,,,,,
596,3644610,127467,moving,moving_B_to_A,-0.260820985,1.636507750,0.397489905,0.134739235,0.765449882,0.039704841,0.627977133,,,,,,,,,,,,,,,,,,,,,
597,3644777,127634,moving,moving_B_to_A,-0.260930628,1.636551380,0.397491813,0.134714857,0.765504658,0.039604459,0.627921999,,,,,,,,,,,,,,,,,,,,,
598,3644944,127801,moving,moving_B_to_A,-0.260846436,1.636606693,0.397586316,0.134877041,0.765737236,0.039520565,0.627608836,,,,,,,,,,,,,,,,,,,,,
599,3645124,127981,moving,moving_B_to_A,-0.260792106,1.636523962,0.397563875,0.134556442,0.765998900,0.039300658,0.627372086,,,,,,,,,,,,,,,,,,,,,
600,3645305,128162,moving,moving_B_to_A,-0.260714442,1.636541009,0.397756219,0.134700045,0.766116738,0.039090231,0.627210557,,,,,,,,,,,,,,,,,,,,,
601,3645472,128329,moving,moving_B_to_A,-0.260636866,1.636682630,0.398098022,0.135168523,0.766324520,0.039156184,0.626851678,,,,,,,,,,,,,,,,,,,,,
602,3645639,128496,moving,moving_B_to_A,-0.260527730,1.636763811,0.398551494,0.135190770,0.766216755,0.039541963,0.626954377,,,,,,,,,,,,,,,,,,,,,
603,3645806,128663,moving,moving_B_to_A,-0.260272712,1.636935949,0.399260879,0.135991037,0.766839921,0.039342362,0.626031280,,,,,,,,,,,,,,,,,,,,,
604,3645984,128841,moving,moving_B_to_A,-0.260256708,1.636989236,0.399388552,0.135821521,0.766381860,0.039993741,0.626587510,,,,,,,,,,,,,,,,,,,,,
605,3646152,129009,moving,moving_B_to_A,-0.259858966,1.636737943,0.400090486,0.134191394,0.766461670,0.040083930,0.626835346,,,,,,,,,,,,,,,,,,,,,
606,3646318,129175,moving,moving_B_to_A,-0.261162937,1.636741757,0.403839856,0.135227144,0.772288799,0.033978552,0.619781554,,,,,,,,,,,,,,,,,,,,,
607,3646500,129357,moving,moving_B_to_A,-0.261921644,1.636925101,0.406959206,0.131762475,0.773544669,0.034517564,0.618931234,,,,,,,,,,,,,,,,,,,,,
608,3646666,129523,moving,moving_B_to_A,-0.264009267,1.636850715,0.414421558,0.128538921,0.777752340,0.032563597,0.614425540,,,,,,,,,,,,,,,,,,,,,
609,3646845,129702,moving,moving_B_to_A,-0.265253782,1.637212276,0.419645160,0.128027201,0.779215991,0.032007016,0.612704694,,,,,,,,,,,,,,,,,,,,,
610,3647013,129870,moving,moving_B_to_A,-0.264423221,1.637242198,0.421926230,0.130482689,0.779943287,0.028584626,0.611429214,,,,,,,,,,,,,,,,,,,,,
611,3647179,130036,moving,moving_B_to_A,-0.264280349,1.637242556,0.420414805,0.128650934,0.778789401,0.030191712,0.613208354,,,,,,,,,,,,,,,,,,,,,
612,3647346,130203,moving,moving_B_to_A,-0.266028047,1.636882782,0.422371060,0.126321942,0.779862702,0.029578514,0.612357795,,,,,,,,,,,,,,,,,,,,,
613,3647527,130384,moving,moving_B_to_A,-0.264956117,1.636841893,0.421861470,0.127195060,0.779301941,0.028542567,0.612939835,,,,,,,,,,,,,,,,,,,,,
614,3647693,130550,moving,moving_B_to_A,-0.264125854,1.637023687,0.420674443,0.127874210,0.777968585,0.029315209,0.614454031,,,,,,,,,,,,,,,,,,,,,
615,3647860,130717,moving,moving_B_to_A,-0.264672101,1.636865854,0.421369582,0.127208769,0.778706551,0.028651208,0.613688231,,,,,,,,,,,,,,,,,,,,,
616,3648040,130897,moving,moving_B_to_A,-0.264454514,1.636940479,0.421068400,0.126758680,0.778312325,0.029404415,0.614245534,,,,,,,,,,,,,,,,,,,,,
617,3648207,131064,moving,moving_B_to_A,-0.265179247,1.636783719,0.422114581,0.126193419,0.779297471,0.028825924,0.613139212,,,,,,,,,,,,,,,,,,,,,
618,3648375,131232,moving,moving_B_to_A,-0.264280647,1.636885643,0.421291500,0.126553386,0.777989686,0.028996913,0.614715874,,,,,,,,,,,,,,,,,,,,,
619,3648541,131398,moving,moving_B_to_A,-0.264029264,1.637062907,0.421735585,0.127547517,0.777658045,0.029156104,0.614922404,,,,,,,,,,,,,,,,,,,,,
620,3648707,131564,moving,moving_B_to_A,-0.264822841,1.636830568,0.421352208,0.125477239,0.777786613,0.029032920,0.615191460,,,,,,,,,,,,,,,,,,,,,
621,3648874,131731,moving,moving_B_to_A,-0.266111314,1.636567354,0.421245277,0.123616882,0.776361942,0.029340990,0.617349267,,,,,,,,,,,,,,,,,,,,,
622,3649040,131897,moving,moving_B_to_A,-0.266043991,1.636532545,0.422770023,0.125471711,0.778206408,0.027228499,0.614744008,,,,,,,,,,,,,,,,,,,,,
623,3649208,132065,moving,moving_B_to_A,-0.264790505,1.636565089,0.421372592,0.124864966,0.776986897,0.027590744,0.616391838,,,,,,,,,,,,,,,,,,,,,
624,3649375,132232,moving,moving_B_to_A,-0.265654534,1.636383653,0.420560807,0.122815318,0.776732862,0.028105423,0.617100120,,,,,,,,,,,,,,,,,,,,,
625,3649555,132412,moving,moving_B_to_A,-0.266440660,1.636228442,0.420888901,0.122262925,0.777525365,0.027661782,0.616231203,,,,,,,,,,,,,,,,,,,,,
626,3649721,132578,moving,moving_B_to_A,-0.265994191,1.636218548,0.421407491,0.122460142,0.777354956,0.026908584,0.616440356,,,,,,,,,,,,,,,,,,,,,
627,3649887,132744,moving,moving_B_to_A,-0.265444487,1.636558414,0.421867102,0.125565946,0.778276920,0.025820510,0.614696264,,,,,,,,,,,,,,,,,,,,,
628,3650054,132911,moving,moving_B_to_A,-0.264706224,1.636167288,0.419372290,0.122987762,0.777048349,0.026599329,0.616735280,,,,,,,,,,,,,,,,,,,,,
629,3650221,133078,moving,moving_B_to_A,-0.266649127,1.635882616,0.420398891,0.120990224,0.777219534,0.026526008,0.616917789,,,,,,,,,,,,,,,,,,,,,
630,3650388,133245,moving,moving_B_to_A,-0.265834898,1.636096835,0.421960115,0.123340562,0.778759360,0.024976466,0.614570737,,,,,,,,,,,,,,,,,,,,,
631,3650554,133411,moving,moving_B_to_A,-0.264221847,1.636465669,0.421027333,0.124032944,0.776808858,0.026647646,0.616825581,,,,,,,,,,,,,,,,,,,,,
632,3650722,133579,moving,moving_B_to_A,-0.265690535,1.636350989,0.420489281,0.122639015,0.776367664,0.027342150,0.617628813,,,,,,,,,,,,,,,,,,,,,
633,3650901,133758,moving,moving_B_to_A,-0.266310602,1.636038065,0.420823514,0.120217845,0.776619852,0.026739122,0.617814124,,,,,,,,,,,,,,,,,,,,,
634,3651082,133939,moving,moving_B_to_A,-0.266746193,1.636589527,0.422852993,0.123475157,0.776448250,0.026293196,0.617406487,,,,,,,,,,,,,,,,,,,,,
635,3651264,134121,moving,moving_B_to_A,-0.266596913,1.636422396,0.422239751,0.122308083,0.775681794,0.026236672,0.618603408,,,,,,,,,,,,,,,,,,,,,
636,3651429,134286,moving,moving_B_to_A,-0.266768605,1.636405706,0.422704995,0.122850798,0.776466250,0.025913000,0.617524445,,,,,,,,,,,,,,,,,,,,,
637,3651613,134470,moving,moving_B_to_A,-0.266977906,1.636245251,0.420554519,0.122981079,0.776691198,0.024847476,0.617259324,,,,,,,,,,,,,,,,,,,,,
638,3651776,134633,moving,moving_B_to_A,-0.266543537,1.636607051,0.414429277,0.123989433,0.773284137,0.025591383,0.621291697,,,,,,,,,,,,,,,,,,,,,
639,3651930,134787,moving,moving_B_to_A,-0.268577874,1.636773229,0.411243886,0.124094896,0.770493507,0.027768752,0.624635160,,,,,,,,,,,,,,,,,,,,,
640,3652068,134925,moving,moving_B_to_A,-0.270711094,1.635993958,0.408791482,0.119491033,0.769672811,0.028004574,0.626531303,,,,,,,,,,,,,,,,,,,,,
641,3652221,135078,moving,moving_B_to_A,-0.271175414,1.635535240,0.407189339,0.117829531,0.769429445,0.028169764,0.627137184,,,,,,,,,,,,,,,,,,,,,
642,3652360,135217,moving,moving_B_to_A,-0.271466464,1.635176301,0.406139612,0.117161117,0.769287407,0.028307388,0.627430320,,,,,,,,,,,,,,,,,,,,,
643,3652513,135370,moving,moving_B_to_A,-0.271909356,1.635019541,0.406162530,0.116258323,0.769382954,0.028110614,0.627490044,,,,,,,,,,,,,,,,,,,,,
644,3652653,135510,moving,moving_B_to_A,-0.271715075,1.634921551,0.406822264,0.115913674,0.769646525,0.027920589,0.627238929,,,,,,,,,,,,,,,,,,,,,
645,3652806,135663,moving,moving_B_to_A,-0.271229178,1.635232091,0.407630742,0.117701530,0.769765198,0.027558777,0.626776278,,,,,,,,,,,,,,,,,,,,,
646,3652958,135815,moving,moving_B_to_A,-0.270776302,1.635425091,0.407903552,0.117862925,0.769707501,0.027579954,0.626815856,,,,,,,,,,,,,,,,,,,,,
647,3653096,135953,moving,moving_B_to_A,-0.270197034,1.635749102,0.408495694,0.118803374,0.769605339,0.028236229,0.626734495,,,,,,,,,,,,,,,,,,,,,
648,3653236,136093,moving,moving_B_to_A,-0.269441426,1.636003852,0.408875018,0.119980812,0.769520104,0.028209338,0.626616061,,,,,,,,,,,,,,,,,,,,,
649,3653387,136244,moving,moving_B_to_A,-0.268896610,1.636325598,0.409248769,0.120818324,0.769481540,0.028583163,0.626485527,,,,,,,,,,,,,,,,,,,,,
650,3653527,136384,moving,moving_B_to_A,-0.268672079,1.636661530,0.410164475,0.122356273,0.769746840,0.028616885,0.625859261,,,,,,,,,,,,,,,,,,,,,
651,3653653,136510,moving,moving_B_to_A,-0.268414319,1.636780500,0.410585105,0.122581981,0.769676387,0.028934522,0.625887156,,,,,,,,,,,,,,,,,,,,,
652,3653806,136663,moving,moving_B_to_A,-0.268308759,1.636917472,0.410574526,0.123491183,0.769469321,0.028944997,0.625962615,,,,,,,,,,,,,,,,,,,,,
653,3653942,136799,moving,moving_B_to_A,-0.268250644,1.636808872,0.409868658,0.123200953,0.769399822,0.029018786,0.626101673,,,,,,,,,,,,,,,,,,,,,
654,3654081,136938,moving,moving_B_to_A,-0.268649161,1.636545420,0.409165680,0.122158505,0.769035935,0.029219860,0.626743436,,,,,,,,,,,,,,,,,,,,,
655,3654222,137079,moving,moving_B_to_A,-0.268672556,1.636430740,0.408996284,0.122465238,0.769221008,0.028769426,0.626477242,,,,,,,,,,,,,,,,,,,,,
656,3654362,137219,moving,moving_B_to_A,-0.268531293,1.636359692,0.408584416,0.122054428,0.768987119,0.028771259,0.626844287,,,,,,,,,,,,,,,,,,,,,
657,3654514,137371,moving,moving_B_to_A,-0.268564194,1.636328220,0.408368021,0.121621080,0.768933773,0.028695166,0.626997471,,,,,,,,,,,,,,,,,,,,,
658,3654651,137508,moving,moving_B_to_A,-0.268743366,1.636415720,0.408767879,0.121925734,0.769686162,0.028433029,0.626026332,,,,,,,,,,,,,,,,,,,,,
659,3654804,137661,moving,moving_B_to_A,-0.268842906,1.636345506,0.408631295,0.121704638,0.769635797,0.028200679,0.626141787,,,,,,,,,,,,,,,,,,,,,
660,3654943,137800,moving,moving_B_to_A,-0.268740952,1.636391163,0.408640027,0.122037515,0.769697666,0.028151358,0.626003027,,,,,,,,,,,,,,,,,,,,,
661,3655096,137953,moving,moving_B_to_A,-0.269023657,1.636383414,0.408522099,0.121520631,0.769672573,0.028262950,0.626129448,,,,,,,,,,,,,,,,,,,,,
662,3655236,138093,moving,moving_B_to_A,-0.268793702,1.636355281,0.408354878,0.121580303,0.769404650,0.028274003,0.626446605,,,,,,,,,,,,,,,,,,,,,
663,3655373,138230,moving,moving_B_to_A,-0.268544495,1.636389971,0.408509225,0.121989504,0.769770026,0.027963873,0.625931799,,,,,,,,,,,,,,,,,,,,,
664,3655513,138370,moving,moving_B_to_A,-0.268510014,1.636455774,0.408285201,0.122029290,0.769223690,0.028237492,0.626583159,,,,,,,,,,,,,,,,,,,,,
665,3655651,138508,moving,moving_B_to_A,-0.268320948,1.636556506,0.408241302,0.122455090,0.769069195,0.028312145,0.626686335,,,,,,,,,,,,,,,,,,,,,
666,3655805,138662,moving,moving_B_to_A,-0.268251508,1.636572599,0.408439726,0.122589134,0.768932819,0.028388770,0.626823962,,,,,,,,,,,,,,,,,,,,,
667,3655970,138827,moving,moving_B_to_A,-0.267826617,1.636675596,0.408088118,0.122974306,0.768201649,0.028844738,0.627623796,,,,,,,,,,,,,,,,,,,,,
668,3656152,139009,moving,moving_B_to_A,-0.267632514,1.636759400,0.407748431,0.123348989,0.767876506,0.029431751,0.627920747,,,,,,,,,,,,,,,,,,,,,
669,3656319,139176,moving,moving_B_to_A,-0.267632216,1.636919618,0.406978130,0.123498298,0.767058671,0.029990675,0.628863811,,,,,,,,,,,,,,,,,,,,,
670,3656485,139342,moving,moving_B_to_A,-0.267800659,1.636916876,0.406653672,0.123665020,0.766951561,0.030132720,0.628954947,,,,,,,,,,,,,,,,,,,,,
671,3656652,139509,moving,moving_B_to_A,-0.268360972,1.636706591,0.406094939,0.123147860,0.766737580,0.029870642,0.629329681,,,,,,,,,,,,,,,,,,,,,
672,3656818,139675,moving,moving_B_to_A,-0.268556982,1.636782050,0.406065851,0.124041863,0.766801894,0.029015264,0.629115760,,,,,,,,,,,,,,,,,,,,,
673,3656984,139841,moving,moving_B_to_A,-0.268920064,1.636857867,0.405771494,0.124061890,0.767226219,0.028697440,0.628608882,,,,,,,,,,,,,,,,,,,,,
674,3657151,140008,moving,moving_B_to_A,-0.269272506,1.637112856,0.406789631,0.125486255,0.767490685,0.028425150,0.628015399,,,,,,,,,,,,,,,,,,,,,
675,3657318,140175,moving,moving_B_to_A,-0.269142181,1.637463689,0.408683479,0.127566054,0.768783510,0.028068567,0.626027882,,,,,,,,,,,,,,,,,,,,,
676,3657500,140357,moving,moving_B_to_A,-0.268567652,1.637522697,0.408086509,0.127571151,0.767521799,0.028953381,0.627532959,,,,,,,,,,,,,,,,,,,,,
677,3657666,140523,moving,moving_B_to_A,-0.268515617,1.637618542,0.407569617,0.127761871,0.767054260,0.029910639,0.628020704,,,,,,,,,,,,,,,,,,,,,
678,3657833,140690,moving,moving_B_to_A,-0.268274426,1.637454748,0.406808019,0.126967117,0.766700029,0.029779345,0.628620386,,,,,,,,,,,,,,,,,,,,,
679,3657998,140855,moving,moving_B_to_A,-0.268012285,1.637535691,0.407329291,0.127198339,0.766511023,0.030239942,0.628782153,,,,,,,,,,,,,,,,,,,,,
680,3658179,141036,moving,moving_B_to_A,-0.267763764,1.637678623,0.407841802,0.127684712,0.767059386,0.029609442,0.628044426,,,,,,,,,,,,,,,,,,,,,
681,3658347,141204,moving,moving_B_to_A,-0.267717212,1.637683511,0.407751441,0.127738908,0.766305506,0.029820930,0.628943086,,,,,,,,,,,,,,,,,,,,,
682,3658513,141370,moving,moving_B_to_A,-0.267739743,1.637812138,0.408418477,0.128242254,0.767195642,0.029376505,0.627775311,,,,,,,,,,,,,,,,,,,,,
683,3658679,141536,moving,moving_B_to_A,-0.268183082,1.637669683,0.407938600,0.127292097,0.767006457,0.029486023,0.628194571,,,,,,,,,,,,,,,,,,,,,
684,3658859,141716,moving,moving_B_to_A,-0.268310815,1.637417316,0.407539815,0.126866639,0.766936421,0.029613074,0.628360152,,,,,,,,,,,,,,,,,,,,,
685,3659027,141884,moving,moving_B_to_A,-0.268351823,1.637248874,0.407309592,0.126537740,0.766905725,0.029442625,0.628471911,,,,,,,,,,,,,,,,,,,,,
686,3659207,142064,moving,moving_B_to_A,-0.268229038,1.637153625,0.407190412,0.126044035,0.766755760,0.029458474,0.628753304,,,,,,,,,,,,,,,,,,,,,
687,3659389,142246,moving,moving_B_to_A,-0.268098474,1.637241840,0.407022893,0.125637844,0.766521633,0.029789843,0.629104435,,,,,,,,,,,,,,,,,,,,,
688,3659555,142412,moving,moving_B_to_A,-0.267710179,1.637411118,0.407191902,0.126252294,0.766274452,0.029955976,0.629274607,,,,,,,,,,,,,,,,,,,,,
689,3659721,142578,moving,moving_B_to_A,-0.267642617,1.637598276,0.406994462,0.126507849,0.765744865,0.030555354,0.629838884,,,,,,,,,,,,,,,,,,,,,
690,3659902,142759,moving,moving_B_to_A,-0.267471552,1.637697220,0.407071710,0.126686141,0.765472114,0.030990662,0.630113184,,,,,,,,,,,,,,,,,,,,,
691,3660069,142926,moving,moving_B_to_A,-0.267424732,1.637841344,0.407411873,0.127416357,0.765504062,0.031049995,0.629924238,,,,,,,,,,,,,,,,,,,,,
692,3660235,143092,moving,moving_B_to_A,-0.267416656,1.637767315,0.407230377,0.127226800,0.765059471,0.031124288,0.630498707,,,,,,,,,,,,,,,,,,,,,
693,3660416,143273,moving,moving_B_to_A,-0.267711103,1.637788534,0.407632262,0.127722293,0.765402436,0.030406184,0.630017161,,,,,,,,,,,,,,,,,,,,,
694,3660583,143440,moving,moving_B_to_A,-0.267847031,1.638035059,0.408409625,0.129140928,0.765770435,0.030102316,0.629294932,,,,,,,,,,,,,,,,,,,,,
695,3660764,143621,moving,moving_B_to_A,-0.267736226,1.638085008,0.408356637,0.129319713,0.765405953,0.030165449,0.629698575,,,,,,,,,,,,,,,,,,,,,
696,3660929,143786,moving,moving_B_to_A,-0.267206609,1.638206482,0.408147812,0.130085364,0.764761925,0.030282199,0.630317390,,,,,,,,,,,,,,,,,,,,,
697,3661096,143953,moving,moving_B_to_A,-0.267128766,1.638250589,0.408111691,0.130270168,0.765023351,0.029906889,0.629979849,,,,,,,,,,,,,,,,,,,,,
698,3661277,144134,moving,moving_B_to_A,-0.267439246,1.638018370,0.407962620,0.130050033,0.765084863,0.029626820,0.629963875,,,,,,,,,,,,,,,,,,,,,
699,3661457,144314,moving,moving_B_to_A,-0.268058330,1.637578011,0.406797498,0.128396794,0.764667690,0.029722657,0.630804360,,,,,,,,,,,,,,,,,,,,,
700,3661624,144481,moving,moving_B_to_A,-0.268577844,1.637211919,0.405701250,0.127557397,0.764554620,0.029472103,0.631123424,,,,,,,,,,,,,,,,,,,,,
701,3661790,144647,moving,moving_B_to_A,-0.268845260,1.637039661,0.405436724,0.126684353,0.764162600,0.029313022,0.631781101,,,,,,,,,,,,,,,,,,,,,
702,3661971,144828,moving,moving_B_to_A,-0.268424839,1.637200713,0.406167507,0.127603933,0.764612079,0.029058937,0.631063581,,,,,,,,,,,,,,,,,,,,,
703,3662138,144995,moving,moving_B_to_A,-0.268050671,1.637452126,0.406361282,0.127834424,0.764472008,0.029167118,0.631181598,,,,,,,,,,,,,,,,,,,,,
704,3662306,145163,moving,moving_B_to_A,-0.268117130,1.637529492,0.406452537,0.127789333,0.764672637,0.029031668,0.630953848,,,,,,,,,,,,,,,,,,,,,
705,3662484,145341,moving,moving_B_to_A,-0.268153727,1.637462258,0.406545192,0.127865836,0.764822364,0.028892726,0.630763292,,,,,,,,,,,,,,,,,,,,,
706,3662651,145508,moving,moving_B_to_A,-0.268058211,1.637372255,0.406612575,0.127728537,0.764770865,0.029187882,0.630839884,,,,,,,,,,,,,,,,,,,,,
707,3662833,145690,moving,moving_B_to_A,-0.267922938,1.637416005,0.406817824,0.127921060,0.764621019,0.029324500,0.630976200,,,,,,,,,,,,,,,,,,,,,
708,3663001,145858,moving,moving_B_to_A,-0.267262936,1.637769699,0.407463431,0.129234061,0.764673233,0.029391346,0.630642235,,,,,,,,,,,,,,,,,,,,,
709,3663166,146023,moving,moving_B_to_A,-0.266970456,1.638158798,0.407562017,0.130217448,0.764259994,0.029759517,0.630923450,,,,,,,,,,,,,,,,,,,,,
710,3663333,146190,moving,moving_B_to_A,-0.266676992,1.638650894,0.407389790,0.132060155,0.763801813,0.029913897,0.631088078,,,,,,,,,,,,,,,,,,,,,
711,3663500,146357,moving,moving_B_to_A,-0.266831428,1.638955712,0.407021880,0.132922113,0.763293445,0.030266287,0.631505191,,,,,,,,,,,,,,,,,,,,,
712,3663667,146524,moving,moving_B_to_A,-0.266968787,1.638894916,0.406729966,0.133056015,0.763384461,0.030033151,0.631378055,,,,,,,,,,,,,,,,,,,,,
713,3663818,146675,moving,moving_B_to_A,-0.267156422,1.638648272,0.406446368,0.132765323,0.763355374,0.029889891,0.631481290,,,,,,,,,,,,,,,,,,,,,
714,3663985,146842,moving,moving_B_to_A,-0.267523199,1.638560295,0.405725598,0.132612661,0.763015985,0.029781608,0.631928504,,,,,,,,,,,,,,,,,,,,,
715,3664153,147010,moving,moving_B_to_A,-0.267653912,1.638392687,0.403023988,0.131931335,0.759718001,0.032546632,0.635895848,,,,,,,,,,,,,,,,,,,,,
716,3664318,147175,moving,moving_B_to_A,-0.268634081,1.639767766,0.400704920,0.145753205,0.755303144,0.037722562,0.637848198,,,,,,,,,,,,,,,,,,,,,
717,3664485,147342,moving,moving_B_to_A,-0.272929758,1.641680479,0.395743042,0.176472649,0.741076350,0.085837051,0.642102182,,,,,,,,,,,,,,,,,,,,,
718,3664652,147509,moving,moving_B_to_A,-0.276253015,1.640175939,0.379665583,0.176316068,0.734905899,0.112768747,0.645065308,,,,,,,,,,,,,,,,,,,,,
719,3664833,147690,moving,moving_B_to_A,-0.281041384,1.639938354,0.360130519,0.166700527,0.748800099,0.108375274,0.632269144,,,,,,,,,,,,,,,,,,,,,
720,3664974,147831,moving,moving_B_to_A,-0.278323442,1.673509002,0.346749544,0.186794683,0.757229865,0.059093039,0.623072028,,,,,,,,,,,,,,,,,,,,,
721,3665123,147980,moving,moving_B_to_A,-0.266124010,1.697199821,0.343363047,0.223815277,0.773460805,0.080123223,0.587575912,,,,,,,,,,,,,,,,,,,,,
722,3665290,148147,moving,moving_B_to_A,-0.246366769,1.712202787,0.342267841,0.247465923,0.770494819,0.139688462,0.570601106,,,,,,,,,,,,,,,,,,,,,
723,3665456,148313,moving,moving_B_to_A,-0.237695649,1.721657991,0.343600512,0.242612615,0.772249579,0.226617724,0.541677117,,,,,,,,,,,,,,,,,,,,,
724,3665624,148481,moving,moving_B_to_A,-0.239357620,1.714898586,0.338255078,0.243218705,0.772309780,0.250809640,0.530543923,,,,,,,,,,,,,,,,,,,,,
725,3665833,148690,moving,moving_B_to_A,-0.254714251,1.694059134,0.321667045,0.189873204,0.752250135,0.295269668,0.557569504,,,,,,,,,,,,,,,,,,,,,
726,3666012,148869,moving,moving_B_to_A,-0.310171902,1.642986774,0.265244603,0.113037810,0.749784887,0.286031544,0.585859239,,,,,,,,,,,,,,,,,,,,,
727,3666195,149052,moving,moving_B_to_A,-0.394368529,1.558545232,0.182850778,0.014700213,0.822303414,0.198840961,0.532975912,,,,,,,,,,,,,,,,,,,,,
728,3666374,149231,moving,moving_B_to_A,-0.479776740,1.458968878,0.115015991,-0.097271644,0.872981727,0.088099673,0.469765455,,,,,,,,,,,,,,,,,,,,,
729,3666511,149368,moving,moving_B_to_A,-0.552453041,1.375537515,0.087174647,-0.204469845,0.894931138,0.036781762,0.394889176,,,,,,,,,,,,,,,,,,,,,
730,3666651,149508,moving,moving_B_to_A,-0.585313678,1.330518365,0.082735404,-0.245797262,0.904232800,-0.016676622,0.348810315,,,,,,,,,,,,,,,,,,,,,
731,3666774,149631,moving,moving_B_to_A,-0.603439093,1.306032300,0.084642105,-0.259486139,0.909829497,-0.043597773,0.320899487,,,,,,,,,,,,,,,,,,,,,
732,3666903,149760,moving,moving_B_to_A,-0.613100290,1.304679871,0.085983664,-0.236231133,0.921595752,-0.051671878,0.303621769,,,,,,,,,,,,,,,,,,,,,
733,3667039,149896,moving,moving_B_to_A,-0.613286376,1.300239205,0.085530080,-0.214296341,0.928013623,-0.082201816,0.293446273,,,,,,,,,,,,,,,,,,,,,
734,3667163,150020,moving,moving_B_to_A,-0.612737477,1.295624137,0.083782017,-0.160460457,0.944094837,-0.067365631,0.279998600,,,,,,,,,,,,,,,,,,,,,
735,3667289,150146,moving,moving_B_to_A,-0.610819101,1.283454657,0.080095291,-0.007861754,0.968783081,-0.041462023,0.244291693,,,,,,,,,,,,,,,,,,,,,
736,3667401,150258,moving,moving_B_to_A,-0.611286402,1.283184290,0.080178648,-0.004230132,0.966620147,-0.038438153,0.253278702,,,,,,,,,,,,,,,,,,,,,
737,3667526,150383,moving,moving_B_to_A,-0.611128330,1.283928394,0.081341304,-0.000618469,0.966183841,-0.031963661,0.255864650,,,,,,,,,,,,,,,,,,,,,
738,3667664,150521,moving,moving_B_to_A,-0.610610485,1.283931971,0.081768744,0.001866564,0.965563118,-0.030537969,0.258363754,,,,,,,,,,,,,,,,,,,,,
739,3667792,150649,moving,moving_B_to_A,-0.610579431,1.284065723,0.081963167,0.001335572,0.965496242,-0.028919650,0.258802831,,,,,,,,,,,,,,,,,,,,,
740,3667917,150774,moving,moving_B_to_A,-0.610576749,1.283986807,0.081971429,0.001107923,0.965514362,-0.029343566,0.258688509,,,,,,,,,,,,,,,,,,,,,
741,3668039,150896,moving,moving_B_to_A,-0.610572517,1.283992529,0.082073018,0.001266357,0.965519786,-0.029189928,0.258685023,,,,,,,,,,,,,,,,,,,,,
742,3668167,151024,moving,moving_B_to_A,-0.610618532,1.283896327,0.082041316,0.000961007,0.965506315,-0.029510232,0.258700192,,,,,,,,,,,,,,,,,,,,,
743,3668277,151134,moving,moving_B_to_A,-0.610648155,1.283891916,0.082086630,0.001114238,0.965502501,-0.029518101,0.258712888,,,,,,,,,,,,,,,,,,,,,
744,3668415,151272,moving,moving_B_to_A,-0.610623538,1.283883333,0.082103573,0.001224952,0.965495229,-0.029494802,0.258742183,,,,,,,,,,,,,,,,,,,,,
745,3668542,151399,moving,moving_B_to_A,-0.610589206,1.283868313,0.082066968,0.000998826,0.965489566,-0.029612735,0.258750826,,,,,,,,,,,,,,,,,,,,,
746,3668667,151524,moving,moving_B_to_A,-0.610617697,1.283947110,0.082012072,0.001044526,0.965489268,-0.029622888,0.258750528,,,,,,,,,,,,,,,,,,,,,
747,3668790,151647,moving,moving_B_to_A,-0.610612631,1.283991218,0.082004525,0.001008735,0.965490699,-0.029685909,0.258738309,,,,,,,,,,,,,,,,,,,,,
748,3668917,151774,moving,moving_B_to_A,-0.610555112,1.283959866,0.081970356,0.001044954,0.965489268,-0.029764205,0.258734465,,,,,,,,,,,,,,,,,,,,,
749,3669042,151899,moving,moving_B_to_A,-0.610565603,1.283982873,0.081927411,0.000893390,0.965499163,-0.029914394,0.258680671,,,,,,,,,,,,,,,,,,,,,
750,3669167,152024,moving,moving_B_to_A,-0.610568762,1.284045219,0.081949644,0.000830962,0.965504169,-0.029946703,0.258658469,,,,,,,,,,,,,,,,,,,,,
751,3669290,152147,moving,moving_B_to_A,-0.610559165,1.284010530,0.081937939,0.000866594,0.965506077,-0.029906521,0.258655936,,,,,,,,,,,,,,,,,,,,,
752,3669416,152273,moving,moving_B_to_A,-0.610574603,1.283964753,0.081957608,0.000841516,0.965508461,-0.029956516,0.258641273,,,,,,,,,,,,,,,,,,,,,
753,3669540,152397,moving,moving_B_to_A,-0.610552251,1.283929586,0.081936456,0.000852477,0.965511501,-0.029977009,0.258627474,,,,,,,,,,,,,,,,,,,,,
754,3669667,152524,moving,moving_B_to_A,-0.610541046,1.283891439,0.081943706,0.000882796,0.965513229,-0.029979270,0.258620620,,,,,,,,,,,,,,,,,,,,,
755,3669790,152647,moving,moving_B_to_A,-0.610612750,1.283912778,0.081914537,0.000811658,0.965523720,-0.030053198,0.258573294,,,,,,,,,,,,,,,,,,,,,
756,3669917,152774,moving,moving_B_to_A,-0.610572934,1.283974767,0.081904404,0.001013484,0.965516090,-0.029962335,0.258611500,,,,,,,,,,,,,,,,,,,,,
757,3670042,152899,moving,moving_B_to_A,-0.610553086,1.283939362,0.081910297,0.001199038,0.965508044,-0.029868620,0.258651555,,,,,,,,,,,,,,,,,,,,,
758,3670165,153022,moving,moving_B_to_A,-0.610549986,1.283896685,0.081924111,0.001183723,0.965513170,-0.029816495,0.258638531,,,,,,,,,,,,,,,,,,,,,
759,3670290,153147,moving,moving_B_to_A,-0.610600293,1.283927798,0.081963368,0.001187159,0.965514600,-0.029853178,0.258628905,,,,,,,,,,,,,,,,,,,,,
760,3670417,153274,moving,moving_B_to_A,-0.610591173,1.283928394,0.082016125,0.001268525,0.965507567,-0.029937914,0.258645028,,,,,,,,,,,,,,,,,,,,,
761,3670539,153396,moving,moving_B_to_A,-0.610546768,1.283974171,0.082090698,0.001296920,0.965520918,-0.029789241,0.258612365,,,,,,,,,,,,,,,,,,,,,
762,3670665,153522,moving,moving_B_to_A,-0.610533953,1.283954024,0.082013831,0.001179104,0.965510845,-0.029998105,0.258626312,,,,,,,,,,,,,,,,,,,,,
763,3670789,153646,moving,moving_B_to_A,-0.610524595,1.283916473,0.081929006,0.001346513,0.965507925,-0.029953321,0.258641511,,,,,,,,,,,,,,,,,,,,,
764,3670915,153772,moving,moving_B_to_A,-0.610570431,1.284015775,0.081947692,0.001317550,0.965505004,-0.029867370,0.258662403,,,,,,,,,,,,,,,,,,,,,
765,3671027,153884,moving,moving_B_to_A,-0.610548615,1.283926368,0.081895053,0.001295352,0.965499699,-0.029914604,0.258676916,,,,,,,,,,,,,,,,,,,,,
766,3671152,154009,moving,moving_B_to_A,-0.610544801,1.283917308,0.081907213,0.001234557,0.965514600,-0.029929677,0.258619845,,,,,,,,,,,,,,,,,,,,,
767,3671278,154135,moving,moving_B_to_A,-0.610527098,1.283936620,0.081923224,0.001209802,0.965509653,-0.029962828,0.258634716,,,,,,,,,,,,,,,,,,,,,
768,3671401,154258,moving,moving_B_to_A,-0.610550821,1.283949494,0.081957132,0.001187936,0.965510547,-0.029957503,0.258632094,,,,,,,,,,,,,,,,,,,,,
769,3671527,154384,moving,moving_B_to_A,-0.610578895,1.283918619,0.081958987,0.001224983,0.965513051,-0.030001963,0.258617342,,,,,,,,,,,,,,,,,,,,,
770,3671654,154511,moving,moving_B_to_A,-0.610611260,1.283925533,0.081956387,0.001185339,0.965513229,-0.029962629,0.258621454,,,,,,,,,,,,,,,,,,,,,
771,3671762,154619,moving,moving_B_to_A,-0.610604763,1.283919573,0.081988633,0.001242722,0.965510666,-0.029923391,0.258635312,,,,,,,,,,,,,,,,,,,,,
772,3671889,154746,moving,moving_B_to_A,-0.610602677,1.283895493,0.081975922,0.001218058,0.965510368,-0.029939765,0.258634657,,,,,,,,,,,,,,,,,,,,,
773,3672012,154869,moving,moving_B_to_A,-0.610577464,1.283884645,0.081974760,0.001233762,0.965509415,-0.029965797,0.258634955,,,,,,,,,,,,,,,,,,,,,
774,3672137,154994,moving,moving_B_to_A,-0.610578477,1.283913374,0.081945844,0.001235957,0.965514004,-0.029958393,0.258618832,,,,,,,,,,,,,,,,,,,,,
775,3672262,155119,moving,moving_B_to_A,-0.610528648,1.283891439,0.081897691,0.001220187,0.965510607,-0.030002160,0.258626521,,,,,,,,,,,,,,,,,,,,,
776,3672388,155245,moving,moving_B_to_A,-0.610508204,1.283910394,0.081863344,0.001229308,0.965511203,-0.030005990,0.258623630,,,,,,,,,,,,,,,,,,,,,
777,3672512,155369,moving,moving_B_to_A,-0.610488892,1.284006357,0.081895202,0.001331679,0.965509176,-0.029922862,0.258640587,,,,,,,,,,,,,,,,,,,,,
778,3672637,155494,moving,moving_B_to_A,-0.610488713,1.284005165,0.081907928,0.001362577,0.965512693,-0.029877523,0.258632541,,,,,,,,,,,,,,,,,,,,,
779,3672765,155622,moving,moving_B_to_A,-0.610502541,1.284024835,0.081914343,0.001380611,0.965509713,-0.029843740,0.258647442,,,,,,,,,,,,,,,,,,,,,
780,3672916,155773,moving,moving_B_to_A,-0.610488832,1.283976316,0.081932478,0.001357861,0.965512276,-0.029886426,0.258633137,,,,,,,,,,,,,,,,,,,,,
781,3673069,155926,moving,moving_B_to_A,-0.610563695,1.283931732,0.081966572,0.001404502,0.965518892,-0.029856896,0.258611321,,,,,,,,,,,,,,,,,,,,,
782,3673222,156079,moving,moving_B_to_A,-0.610637307,1.283927441,0.081990883,0.001378831,0.965514243,-0.029852651,0.258629411,,,,,,,,,,,,,,,,,,,,,
783,3673375,156232,moving,moving_B_to_A,-0.610620320,1.283868551,0.081999935,0.001402643,0.965511680,-0.029867742,0.258636981,,,,,,,,,,,,,,,,,,,,,
784,3673527,156384,moving,moving_B_to_A,-0.610582411,1.283845663,0.081982568,0.001396179,0.965511560,-0.029936880,0.258629650,,,,,,,,,,,,,,,,,,,,,
785,3673680,156537,moving,moving_B_to_A,-0.610511303,1.283855677,0.081969768,0.001579156,0.965511858,-0.029872693,0.258634806,,,,,,,,,,,,,,,,,,,,,
786,3673832,156689,moving,moving_B_to_A,-0.610548973,1.283888340,0.081969045,0.001611035,0.965507746,-0.029849712,0.258652717,,,,,,,,,,,,,,,,,,,,,
787,3673971,156828,moving,moving_B_to_A,-0.610562265,1.283915520,0.081970103,0.001590847,0.965499341,-0.029842628,0.258684993,,,,,,,,,,,,,,,,,,,,,
788,3674124,156981,moving,moving_B_to_A,-0.610545516,1.283926010,0.081922397,0.001606779,0.965496361,-0.029841999,0.258696049,,,,,,,,,,,,,,,,,,,,,
789,3674276,157133,moving,moving_B_to_A,-0.610553503,1.283996344,0.081956945,0.001647208,0.965499818,-0.029818330,0.258685648,,,,,,,,,,,,,,,,,,,,,
790,3674430,157287,moving,moving_B_to_A,-0.610558867,1.283976793,0.081934094,0.001622975,0.965496480,-0.029827615,0.258696973,,,,,,,,,,,,,,,,,,,,,
791,3674583,157440,moving,moving_B_to_A,-0.610534966,1.283947706,0.081908360,0.001634654,0.965501726,-0.029833330,0.258676797,,,,,,,,,,,,,,,,,,,,,
792,3674736,157593,moving,moving_B_to_A,-0.610479295,1.283917546,0.081918709,0.001607404,0.965493679,-0.029834345,0.258706957,,,,,,,,,,,,,,,,,,,,,
793,3674887,157744,moving,moving_B_to_A,-0.610535383,1.283942223,0.081919432,0.001708102,0.965502203,-0.029766133,0.258682400,,,,,,,,,,,,,,,,,,,,,
794,3675041,157898,moving,moving_B_to_A,-0.610520780,1.283957958,0.081947789,0.001691649,0.965501606,-0.029761977,0.258685172,,,,,,,,,,,,,,,,,,,,,
795,3675197,158054,moving,moving_B_to_A,-0.610530972,1.283955574,0.081953868,0.001657544,0.965499878,-0.029780310,0.258689821,,,,,,,,,,,,,,,,,,,,,
796,3675346,158203,moving,moving_B_to_A,-0.610534847,1.283934355,0.081944846,0.001701991,0.965509295,-0.029742427,0.258658618,,,,,,,,,,,,,,,,,,,,,
797,3675499,158356,moving,moving_B_to_A,-0.610534072,1.283966303,0.081989869,0.001861707,0.965501964,-0.029690197,0.258690953,,,,,,,,,,,,,,,,,,,,,
798,3675652,158509,moving,moving_B_to_A,-0.610502481,1.283923507,0.081945203,0.001861613,0.965492666,-0.029760536,0.258717448,,,,,,,,,,,,,,,,,,,,,
799,3675804,158661,moving,moving_B_to_A,-0.610447109,1.283918381,0.081898779,0.001829171,0.965487182,-0.029742232,0.258740366,,,,,,,,,,,,,,,,,,,,,
800,3675943,158800,moving,moving_B_to_A,-0.610460520,1.284061790,0.081883766,0.001809979,0.965488017,-0.029682988,0.258744240,,,,,,,,,,,,,,,,,,,,,
801,3676096,158953,moving,moving_B_to_A,-0.610441148,1.284074306,0.081860319,0.001817908,0.965488374,-0.029673323,0.258743942,,,,,,,,,,,,,,,,,,,,,
802,3676248,159105,moving,moving_B_to_A,-0.610396504,1.284033060,0.081843242,0.001676742,0.965478301,-0.029755164,0.258773029,,,,,,,,,,,,,,,,,,,,,
803,3676402,159259,moving,moving_B_to_A,-0.610422075,1.284002423,0.081840008,0.001620611,0.965495825,-0.029828342,0.258699596,,,,,,,,,,,,,,,,,,,,,
804,3676541,159398,moving,moving_B_to_A,-0.610421419,1.283993244,0.081858337,0.001729892,0.965494394,-0.029801428,0.258707225,,,,,,,,,,,,,,,,,,,,,
805,3676706,159563,moving,moving_B_to_A,-0.610456109,1.283957243,0.081916533,0.001725338,0.965498924,-0.029761648,0.258695096,,,,,,,,,,,,,,,,,,,,,
806,3676859,159716,moving,moving_B_to_A,-0.610464633,1.284006953,0.081961736,0.001733502,0.965493798,-0.029691193,0.258722097,,,,,,,,,,,,,,,,,,,,,
807,3677000,159857,moving,moving_B_to_A,-0.610466480,1.283968091,0.081966981,0.001934109,0.965488911,-0.029608723,0.258748472,,,,,,,,,,,,,,,,,,,,,
808,3677166,160023,moving,moving_B_to_A,-0.610488534,1.283983350,0.081964351,0.001889508,0.965487063,-0.029642824,0.258751720,,,,,,,,,,,,,,,,,,,,,
809,3677318,160175,moving,moving_B_to_A,-0.610495448,1.283973932,0.081967250,0.001855231,0.965487599,-0.029661918,0.258747876,,,,,,,,,,,,,,,,,,,,,
810,3677471,160328,moving,moving_B_to_A,-0.610494733,1.283948421,0.081914619,0.001790542,0.965499580,-0.029741751,0.258694470,,,,,,,,,,,,,,,,,,,,,
811,3677624,160481,moving,moving_B_to_A,-0.610512018,1.284023046,0.081906401,0.001515924,0.965510130,-0.029957976,0.258631796,,,,,,,,,,,,,,,,,,,,,
812,3677776,160633,moving,moving_B_to_A,-0.610535145,1.284027100,0.081870481,0.001392058,0.965525448,-0.030051867,0.258564442,,,,,,,,,,,,,,,,,,,,,
813,3677931,160788,moving,moving_B_to_A,-0.610538363,1.284046173,0.081864633,0.001282725,0.965527356,-0.030101528,0.258552194,,,,,,,,,,,,,,,,,,,,,
814,3678083,160940,moving,moving_B_to_A,-0.610542417,1.284045696,0.081892066,0.001173855,0.965538383,-0.030173197,0.258503109,,,,,,,,,,,,,,,,,,,,,
815,3678236,161093,moving,moving_B_to_A,-0.610511243,1.284012556,0.081911355,0.001142488,0.965530813,-0.030220447,0.258525878,,,,,,,,,,,,,,,,,,,,,
816,3678387,161244,moving,moving_B_to_A,-0.610531092,1.283999085,0.081899717,0.001126525,0.965537965,-0.030238157,0.258497238,,,,,,,,,,,,,,,,,,,,,
817,3678539,161396,moving,moving_B_to_A,-0.610519588,1.283946633,0.081864722,0.001104519,0.965540528,-0.030248582,0.258486688,,,,,,,,,,,,,,,,,,,,,
818,3678694,161551,moving,moving_B_to_A,-0.610526204,1.283904314,0.081909128,0.001401172,0.965526879,-0.030052204,0.258559018,,,,,,,,,,,,,,,,,,,,,
819,3678846,161703,moving,moving_B_to_A,-0.610511363,1.283897519,0.081907839,0.001679790,0.965512276,-0.029833850,0.258637220,,,,,,,,,,,,,,,,,,,,,
820,3679000,161857,moving,moving_B_to_A,-0.610518098,1.283924580,0.081854820,0.001759884,0.965503097,-0.029894110,0.258663863,,,,,,,,,,,,,,,,,,,,,
821,3679153,162010,moving,moving_B_to_A,-0.610481203,1.283934832,0.081795730,0.001841662,0.965506911,-0.029813549,0.258658439,,,,,,,,,,,,,,,,,,,,,
822,3679305,162162,moving,moving_B_to_A,-0.610482991,1.284007072,0.081813537,0.001870562,0.965503395,-0.029768735,0.258676350,,,,,,,,,,,,,,,,,,,,,
823,3679458,162315,moving,moving_B_to_A,-0.610446990,1.283944607,0.081810921,0.001837784,0.965514064,-0.029772256,0.258636445,,,,,,,,,,,,,,,,,,,,,
824,3679597,162454,moving,moving_B_to_A,-0.610490859,1.283968687,0.081815012,0.001854774,0.965513229,-0.029756960,0.258641303,,,,,,,,,,,,,,,,,,,,,
825,3679748,162605,moving,moving_B_to_A,-0.610465229,1.283972025,0.081851967,0.001865432,0.965499163,-0.029746622,0.258694768,,,,,,,,,,,,,,,,,,,,,
826,3679901,162758,moving,moving_B_to_A,-0.610475957,1.283949375,0.081934206,0.001888618,0.965503454,-0.029795829,0.258673042,,,,,,,,,,,,,,,,,,,,,
827,3680055,162912,moving,moving_B_to_A,-0.610486329,1.283986449,0.081929229,0.001887715,0.965500414,-0.029739603,0.258690894,,,,,,,,,,,,,,,,,,,,,
828,3680208,163065,moving,moving_B_to_A,-0.610451937,1.283926845,0.081907451,0.001916259,0.965497792,-0.029704196,0.258704484,,,,,,,,,,,,,,,,,,,,,
829,3680361,163218,moving,moving_B_to_A,-0.610433221,1.283952832,0.081887700,0.001922626,0.965494394,-0.029714037,0.258715957,,,,,,,,,,,,,,,,,,,,,
830,3680512,163369,moving,moving_B_to_A,-0.610392392,1.283961654,0.081896015,0.001937927,0.965496480,-0.029696185,0.258710116,,,,,,,,,,,,,,,,,,,,,
831,3680667,163524,moving,moving_B_to_A,-0.610387921,1.283984780,0.081900522,0.002026203,0.965493858,-0.029647931,0.258724838,,,,,,,,,,,,,,,,,,,,,
832,3680818,163675,moving,moving_B_to_A,-0.610438883,1.283988237,0.081860252,0.001945907,0.965495706,-0.029734135,0.258708626,,,,,,,,,,,,,,,,,,,,,
833,3680971,163828,moving,moving_B_to_A,-0.610523403,1.283995628,0.081882469,0.001897680,0.965504944,-0.029873308,0.258658379,,,,,,,,,,,,,,,,,,,,,
834,3681125,163982,moving,moving_B_to_A,-0.610505104,1.283913136,0.081825644,0.001936149,0.965504885,-0.029850932,0.258660913,,,,,,,,,,,,,,,,,,,,,
835,3681264,164121,moving,moving_B_to_A,-0.610491395,1.283930421,0.081849895,0.001766921,0.965500236,-0.029940017,0.258669257,,,,,,,,,,,,,,,,,,,,,
836,3681430,164287,moving,moving_B_to_A,-0.610494018,1.283927441,0.081851430,0.001841755,0.965510070,-0.029891415,0.258637697,,,,,,,,,,,,,,,,,,,,,
837,3681569,164426,moving,moving_B_to_A,-0.610484123,1.283962846,0.081842825,0.001796186,0.965504706,-0.029970117,0.258648932,,,,,,,,,,,,,,,,,,,,,
838,3681721,164578,moving,moving_B_to_A,-0.610477984,1.283975124,0.081836224,0.001781786,0.965511024,-0.029922536,0.258630991,,,,,,,,,,,,,,,,,,,,,
839,3681874,164731,moving,moving_B_to_A,-0.610447347,1.283955812,0.081855409,0.001805765,0.965491533,-0.029897057,0.258706510,,,,,,,,,,,,,,,,,,,,,
840,3682027,164884,moving,moving_B_to_A,-0.610466421,1.283918023,0.081811786,0.001355210,0.965501428,-0.030165121,0.258641034,,,,,,,,,,,,,,,,,,,,,
841,3682179,165036,moving,moving_B_to_A,-0.610535026,1.283980608,0.081820942,0.001074687,0.965534329,-0.030277062,0.258506507,,,,,,,,,,,,,,,,,,,,,
842,3682333,165190,moving,moving_B_to_A,-0.610487998,1.283993721,0.081910171,0.001950671,0.965491295,-0.029685870,0.258730590,,,,,,,,,,,,,,,,,,,,,
843,3682484,165341,moving,moving_B_to_A,-0.610499501,1.283916712,0.081857279,0.002016325,0.965503812,-0.029703129,0.258681357,,,,,,,,,,,,,,,,,,,,,
844,3682638,165495,moving,moving_B_to_A,-0.610495746,1.283965349,0.081818357,0.001996828,0.965497911,-0.029827001,0.258689225,,,,,,,,,,,,,,,,,,,,,
845,3682791,165648,moving,moving_B_to_A,-0.610469639,1.283898354,0.081829153,0.001998153,0.965499043,-0.029862087,0.258681089,,,,,,,,,,,,,,,,,,,,,
846,3682930,165787,moving,moving_B_to_A,-0.610493481,1.283868432,0.081877537,0.001971130,0.965497494,-0.029881390,0.258684844,,,,,,,,,,,,,,,,,,,,,
847,3683083,165940,moving,moving_B_to_A,-0.610493183,1.283881783,0.081893086,0.001947013,0.965500593,-0.029917430,0.258669198,,,,,,,,,,,,,,,,,,,,,
848,3683236,166093,moving,moving_B_to_A,-0.610466719,1.283849359,0.081881292,0.001983487,0.965494752,-0.029924752,0.258690000,,,,,,,,,,,,,,,,,,,,,
849,3683388,166245,moving,moving_B_to_A,-0.610465288,1.283843398,0.081918627,0.001962531,0.965486586,-0.029910233,0.258722126,,,,,,,,,,,,,,,,,,,,,
850,3683527,166384,moving,moving_B_to_A,-0.610443950,1.283850908,0.081944779,0.001995004,0.965481460,-0.029896690,0.258742839,,,,,,,,,,,,,,,,,,,,,
851,3683679,166536,moving,moving_B_to_A,-0.610419512,1.283892870,0.081909783,0.001989870,0.965482831,-0.029895585,0.258737892,,,,,,,,,,,,,,,,,,,,,
852,3683833,166690,moving,moving_B_to_A,-0.610440016,1.283956647,0.081877396,0.001974537,0.965487719,-0.029847248,0.258725226,,,,,,,,,,,,,,,,,,,,,
853,3683984,166841,moving,moving_B_to_A,-0.610419214,1.283912063,0.081850983,0.001969342,0.965484798,-0.029878967,0.258732557,,,,,,,,,,,,,,,,,,,,,
854,3684138,166995,moving,moving_B_to_A,-0.610430121,1.283948064,0.081881724,0.001986763,0.965489447,-0.029856294,0.258717597,,,,,,,,,,,,,,,,,,,,,
855,3684291,167148,moving,moving_B_to_A,-0.610393763,1.284026980,0.081903055,0.002019867,0.965488791,-0.029853940,0.258719951,,,,,,,,,,,,,,,,,,,,,
856,3684443,167300,moving,moving_B_to_A,-0.610398173,1.283961177,0.081794485,0.002001843,0.965495229,-0.029854979,0.258696139,,,,,,,,,,,,,,,,,,,,,
857,3684582,167439,moving,moving_B_to_A,-0.610394120,1.283914566,0.081790395,0.001991688,0.965490162,-0.029851196,0.258715600,,,,,,,,,,,,,,,,,,,,,
858,3684736,167593,moving,moving_B_to_A,-0.610362411,1.283904314,0.081767641,0.001971887,0.965486825,-0.029843023,0.258729130,,,,,,,,,,,,,,,,,,,,,
859,3684888,167745,moving,moving_B_to_A,-0.610317409,1.283948660,0.081793547,0.001962426,0.965492785,-0.029840529,0.258707076,,,,,,,,,,,,,,,,,,,,,
860,3685041,167898,moving,moving_B_to_A,-0.610337973,1.283927202,0.081842758,0.001952835,0.965487778,-0.029836033,0.258726478,,,,,,,,,,,,,,,,,,,,,
861,3685194,168051,moving,moving_B_to_A,-0.610386789,1.283941627,0.081894636,0.001961297,0.965485454,-0.029836172,0.258735090,,,,,,,,,,,,,,,,,,,,,
862,3685349,168206,moving,moving_B_to_A,-0.610423803,1.283925772,0.081946507,0.001971104,0.965490103,-0.029841390,0.258716941,,,,,,,,,,,,,,,,,,,,,
863,3685501,168358,moving,moving_B_to_A,-0.610450327,1.283918142,0.081926577,0.001976544,0.965493858,-0.029850002,0.258701801,,,,,,,,,,,,,,,,,,,,,
864,3685638,168495,moving,moving_B_to_A,-0.610419273,1.283935785,0.081907831,0.001985928,0.965491176,-0.029858502,0.258710921,,,,,,,,,,,,,,,,,,,,,
865,3685791,168648,moving,moving_B_to_A,-0.610398173,1.283930659,0.081850111,0.002005385,0.965491116,-0.029845696,0.258712381,,,,,,,,,,,,,,,,,,,,,
866,3685943,168800,moving,moving_B_to_A,-0.610409975,1.284002542,0.081833333,0.002009969,0.965495646,-0.029863896,0.258693427,,,,,,,,,,,,,,,,,,,,,
867,3686096,168953,moving,moving_B_to_A,-0.610395432,1.283957243,0.081867486,0.002024364,0.965486407,-0.029839301,0.258730590,,,,,,,,,,,,,,,,,,,,,
868,3686236,169093,moving,moving_B_to_A,-0.610396683,1.283931732,0.081922933,0.002054410,0.965483010,-0.029852763,0.258741498,,,,,,,,,,,,,,,,,,,,,
869,3686403,169260,moving,moving_B_to_A,-0.610374808,1.283967853,0.081900150,0.002023573,0.965489388,-0.029850414,0.258718193,,,,,,,,,,,,,,,,,,,,,
870,3686541,169398,moving,moving_B_to_A,-0.610380292,1.283967018,0.081890129,0.002005982,0.965486586,-0.029843701,0.258729666,,,,,,,,,,,,,,,,,,,,,
871,3686693,169550,moving,moving_B_to_A,-0.610427380,1.283950329,0.081851751,0.002012145,0.965485513,-0.029866576,0.258730888,,,,,,,,,,,,,,,,,,,,,
872,3686847,169704,moving,moving_B_to_A,-0.610438764,1.283948421,0.081856333,0.001994788,0.965487719,-0.029827535,0.258727282,,,,,,,,,,,,,,,,,,,,,
873,3687001,169858,moving,moving_B_to_A,-0.610436857,1.283946395,0.081839934,0.002016495,0.965489805,-0.029865617,0.258715063,,,,,,,,,,,,,,,,,,,,,
874,3687152,170009,moving,moving_B_to_A,-0.610432446,1.283959508,0.081880316,0.002031136,0.965486765,-0.029864268,0.258726388,,,,,,,,,,,,,,,,,,,,,
875,3687305,170162,moving,moving_B_to_A,-0.610391378,1.283915281,0.081874996,0.002042515,0.965487838,-0.029875597,0.258720964,,,,,,,,,,,,,,,,,,,,,
876,3687458,170315,moving,moving_B_to_A,-0.610372543,1.283903360,0.081867620,0.002036926,0.965487003,-0.029873475,0.258724272,,,,,,,,,,,,,,,,,,,,,
877,3687610,170467,moving,moving_B_to_A,-0.610360384,1.283959746,0.081862159,0.002041427,0.965493381,-0.029879097,0.258699983,,,,,,,,,,,,,,,,,,,,,
878,3687763,170620,moving,moving_B_to_A,-0.610355973,1.283888102,0.081850141,0.002018523,0.965492010,-0.029864188,0.258706838,,,,,,,,,,,,,,,,,,,,,
879,3687916,170773,moving,moving_B_to_A,-0.610387921,1.283928037,0.081869066,0.002044397,0.965489686,-0.029859910,0.258715779,,,,,,,,,,,,,,,,,,,,,
880,3688070,170927,moving,moving_B_to_A,-0.610397875,1.283934116,0.081913009,0.002011000,0.965490043,-0.029860087,0.258714736,,,,,,,,,,,,,,,,,,,,,
881,3688221,171078,moving,moving_B_to_A,-0.610420704,1.283923268,0.081996307,0.002049167,0.965492189,-0.029864721,0.258705825,,,,,,,,,,,,,,,,,,,,,
882,3688373,171230,moving,moving_B_to_A,-0.610469520,1.283940911,0.082023226,0.002035488,0.965485871,-0.029875882,0.258728176,,,,,,,,,,,,,,,,,,,,,
883,3688513,171370,moving,moving_B_to_A,-0.610406041,1.283949137,0.081972606,0.002012915,0.965483844,-0.029877735,0.258735955,,,,,,,,,,,,,,,,,,,,,
884,3688667,171524,moving,moving_B_to_A,-0.610372543,1.283967137,0.081915922,0.002049643,0.965484858,-0.029915744,0.258727401,,,,,,,,,,,,,,,,,,,,,
885,3688819,171676,moving,moving_B_to_A,-0.610371351,1.283980727,0.081817731,0.002052111,0.965488017,-0.029909577,0.258716345,,,,,,,,,,,,,,,,,,,,,
886,3688973,171830,moving,moving_B_to_A,-0.610361695,1.283976793,0.081752077,0.002051792,0.965489924,-0.029892316,0.258711100,,,,,,,,,,,,,,,,,,,,,
887,3689125,171982,moving,moving_B_to_A,-0.610379159,1.283920884,0.081725620,0.002049057,0.965489864,-0.029884722,0.258712471,,,,,,,,,,,,,,,,,,,,,
888,3689277,172134,moving,moving_B_to_A,-0.610415399,1.283935308,0.081797346,0.002052204,0.965492189,-0.029863922,0.258705914,,,,,,,,,,,,,,,,,,,,,
889,3689430,172287,moving,moving_B_to_A,-0.610399127,1.283860564,0.081824034,0.002057453,0.965491891,-0.029863972,0.258707106,,,,,,,,,,,,,,,,,,,,,
890,3689569,172426,moving,moving_B_to_A,-0.610362709,1.283858061,0.081846423,0.002066561,0.965485513,-0.029920328,0.258724362,,,,,,,,,,,,,,,,,,,,,
891,3689721,172578,moving,moving_B_to_A,-0.610364974,1.283870459,0.081870466,0.002063449,0.965489507,-0.029898865,0.258711934,,,,,,,,,,,,,,,,,,,,,
892,3689874,172731,moving,moving_B_to_A,-0.610356808,1.283899188,0.081855230,0.002101517,0.965489864,-0.029877195,0.258712769,,,,,,,,,,,,,,,,,,,,,
893,3690026,172883,moving,moving_B_to_A,-0.610372484,1.283910513,0.081897847,0.002078932,0.965488255,-0.029887911,0.258717746,,,,,,,,,,,,,,,,,,,,,
894,3690179,173036,moving,moving_B_to_A,-0.610407293,1.283912420,0.081929095,0.002049217,0.965486050,-0.029916666,0.258722723,,,,,,,,,,,,,,,,,,,,,
895,3690332,173189,moving,moving_B_to_A,-0.610411346,1.283915043,0.081891872,0.002059060,0.965490341,-0.029897602,0.258708984,,,,,,,,,,,,,,,,,,,,,
896,3690472,173329,moving,moving_B_to_A,-0.610414207,1.283930779,0.081914514,0.002069177,0.965487301,-0.029884787,0.258721560,,,,,,,,,,,,,,,,,,,,,
897,3690625,173482,moving,moving_B_to_A,-0.610405982,1.283941031,0.081930883,0.002074694,0.965485692,-0.029890699,0.258727044,,,,,,,,,,,,,,,,,,,,,
898,3690776,173633,moving,moving_B_to_A,-0.610375047,1.283890128,0.081943117,0.002065934,0.965485871,-0.029893788,0.258726001,,,,,,,,,,,,,,,,,,,,,
899,3690930,173787,moving,moving_B_to_A,-0.610386610,1.283956289,0.081981547,0.002069997,0.965486884,-0.029923841,0.258718669,,,,,,,,,,,,,,,,,,,,,
900,3691083,173940,moving,moving_B_to_A,-0.610380948,1.283903718,0.081915110,0.002080387,0.965483546,-0.029908417,0.258732766,,,,,,,,,,,,,,,,,,,,,
901,3691236,174093,moving,moving_B_to_A,-0.610412300,1.283853769,0.081836499,0.002061221,0.965486169,-0.029913280,0.258722603,,,,,,,,,,,,,,,,,,,,,
902,3691375,174232,moving,moving_B_to_A,-0.610379517,1.283858061,0.081794821,0.002096104,0.965487003,-0.029905129,0.258720160,,,,,,,,,,,,,,,,,,,,,
903,3691527,174384,moving,moving_B_to_A,-0.610331953,1.283896685,0.081789568,0.002091788,0.965493977,-0.029909829,0.258693725,,,,,,,,,,,,,,,,,,,,,
904,3691679,174536,moving,moving_B_to_A,-0.610322714,1.283912659,0.081804074,0.002096489,0.965490639,-0.029882554,0.258709282,,,,,,,,,,,,,,,,,,,,,
905,3691833,174690,moving,moving_B_to_A,-0.610364735,1.283973098,0.081822410,0.002086388,0.965493381,-0.029874595,0.258700073,,,,,,,,,,,,,,,,,,,,,
906,3691984,174841,moving,moving_B_to_A,-0.610344112,1.283965111,0.081805274,0.002084167,0.965494096,-0.029871430,0.258697718,,,,,,,,,,,,,,,,,,,,,
907,3692137,174994,moving,moving_B_to_A,-0.610353231,1.283953190,0.081829540,0.002133630,0.965498030,-0.029871486,0.258682638,,,,,,,,,,,,,,,,,,,,,
908,3692290,175147,moving,moving_B_to_A,-0.610370398,1.283934355,0.081851482,0.002108630,0.965486705,-0.029867927,0.258725464,,,,,,,,,,,,,,,,,,,,,
909,3692430,175287,moving,moving_B_to_A,-0.610344470,1.283939719,0.081887975,0.002124652,0.965489030,-0.029875636,0.258715838,,,,,,,,,,,,,,,,,,,,,
910,3692597,175454,moving,moving_B_to_A,-0.610314250,1.283882260,0.081872091,0.002134580,0.965487897,-0.029899929,0.258717209,,,,,,,,,,,,,,,,,,,,,
911,3692748,175605,moving,moving_B_to_A,-0.610333562,1.283882380,0.081927232,0.002143417,0.965486348,-0.029880028,0.258725315,,,,,,,,,,,,,,,,,,,,,
912,3692902,175759,moving,moving_B_to_A,-0.610356927,1.283964396,0.081899114,0.002143139,0.965484858,-0.029889263,0.258729637,,,,,,,,,,,,,,,,,,,,,
913,3693041,175898,moving,moving_B_to_A,-0.610409796,1.283973455,0.081865855,0.002096260,0.965500653,-0.029905740,0.258669138,,,,,,,,,,,,,,,,,,,,,
914,3693194,176051,moving,moving_B_to_A,-0.610399723,1.283949614,0.081881724,0.002106698,0.965493798,-0.029914936,0.258693606,,,,,,,,,,,,,,,,,,,,,
915,3693346,176203,moving,moving_B_to_A,-0.610386670,1.283961058,0.081879765,0.002099114,0.965499043,-0.029914476,0.258674234,,,,,,,,,,,,,,,,,,,,,
916,3693500,176357,moving,moving_B_to_A,-0.610328197,1.283979535,0.081856385,0.002100531,0.965492845,-0.029924266,0.258696198,,,,,,,,,,,,,,,,,,,,,
917,3693651,176508,moving,moving_B_to_A,-0.610299230,1.283950210,0.081823193,0.002097280,0.965491116,-0.029928297,0.258702099,,,,,,,,,,,,,,,,,,,,,
918,3693804,176661,moving,moving_B_to_A,-0.610354185,1.283955574,0.081844628,0.002093492,0.965489030,-0.029921576,0.258710712,,,,,,,,,,,,,,,,,,,,,
919,3693958,176815,moving,moving_B_to_A,-0.610356271,1.283954024,0.081846319,0.002097413,0.965488970,-0.029913966,0.258711874,,,,,,,,,,,,,,,,,,,,,
920,3694110,176967,moving,moving_B_to_A,-0.610373676,1.284048200,0.081905186,0.002101869,0.965489328,-0.029920205,0.258709639,,,,,,,,,,,,,,,,,,,,,
921,3694264,177121,moving,moving_B_to_A,-0.610327840,1.283992648,0.081920721,0.002113865,0.965488553,-0.029949034,0.258709192,,,,,,,,,,,,,,,,,,,,,
922,3694416,177273,moving,moving_B_to_A,-0.610325575,1.283939958,0.081914134,0.002097714,0.965495884,-0.029941903,0.258682877,,,,,,,,,,,,,,,,,,,,,
923,3694569,177426,moving,moving_B_to_A,-0.610341370,1.283941746,0.081899554,0.002111962,0.965482771,-0.029936112,0.258732289,,,,,,,,,,,,,,,,,,,,,
924,3694707,177564,moving,moving_B_to_A,-0.610364735,1.283968449,0.081904054,0.002101336,0.965492487,-0.029938638,0.258695811,,,,,,,,,,,,,,,,,,,,,
925,3694860,177717,moving,moving_B_to_A,-0.610396087,1.283963203,0.081864268,0.002105587,0.965490103,-0.029972291,0.258700967,,,,,,,,,,,,,,,,,,,,,
926,3695012,177869,moving,moving_B_to_A,-0.610364318,1.283990145,0.081822805,0.002115664,0.965509892,-0.029931808,0.258631527,,,,,,,,,,,,,,,,,,,,,
927,3695166,178023,moving,moving_B_to_A,-0.610352099,1.283969045,0.081786819,0.002055899,0.965508044,-0.029964387,0.258635163,,,,,,,,,,,,,,,,,,,,,
928,3695319,178176,moving,moving_B_to_A,-0.610344350,1.283993483,0.081750385,0.002051010,0.965497673,-0.029957864,0.258674711,,,,,,,,,,,,,,,,,,,,,
929,3695472,178329,moving,moving_B_to_A,-0.610366046,1.283957958,0.081752807,0.002080910,0.965502262,-0.029916581,0.258662134,,,,,,,,,,,,,,,,,,,,,
930,3695611,178468,moving,moving_B_to_A,-0.610361457,1.284043670,0.081779562,0.002105376,0.965495288,-0.029925341,0.258686960,,,,,,,,,,,,,,,,,,,,,
931,3695776,178633,moving,moving_B_to_A,-0.610345900,1.283947825,0.081811197,0.002060029,0.965500951,-0.029928708,0.258665711,,,,,,,,,,,,,,,,,,,,,
932,3695930,178787,moving,moving_B_to_A,-0.610367179,1.283960581,0.081863411,0.002073733,0.965492904,-0.029948099,0.258693308,,,,,,,,,,,,,,,,,,,,,
933,3696069,178926,moving,moving_B_to_A,-0.610327363,1.283964872,0.081855915,0.002062621,0.965489209,-0.029977016,0.258703977,,,,,,,,,,,,,,,,,,,,,
934,3696236,179093,moving,moving_B_to_A,-0.610299349,1.283970594,0.081901379,0.002076674,0.965487599,-0.029950477,0.258712888,,,,,,,,,,,,,,,,,,,,,
935,3696374,179231,moving,moving_B_to_A,-0.610319138,1.283960819,0.081888668,0.002081828,0.965494454,-0.029941490,0.258688331,,,,,,,,,,,,,,,,,,,,,
936,3696528,179385,moving,moving_B_to_A,-0.610313714,1.283985376,0.081868306,0.002101674,0.965490699,-0.029948201,0.258701384,,,,,,,,,,,,,,,,,,,,,
937,3696679,179536,moving,moving_B_to_A,-0.610345304,1.283998489,0.081836589,0.002090222,0.965498686,-0.029953778,0.258671016,,,,,,,,,,,,,,,,,,,,,
938,3696834,179691,moving,moving_B_to_A,-0.610384226,1.283973932,0.081801765,0.002105059,0.965490401,-0.029968552,0.258700222,,,,,,,,,,,,,,,,,,,,,
939,3696985,179842,moving,moving_B_to_A,-0.610403538,1.284000874,0.081802599,0.002109231,0.965488672,-0.029921860,0.258711904,,,,,,,,,,,,,,,,,,,,,
940,3697138,179995,moving,moving_B_to_A,-0.610359490,1.284072876,0.081852995,0.002123962,0.965500832,-0.029926902,0.258665860,,,,,,,,,,,,,,,,,,,,,
941,3697291,180148,moving,moving_B_to_A,-0.610322118,1.284012794,0.081844896,0.002095040,0.965498745,-0.029896287,0.258677483,,,,,,,,,,,,,,,,,,,,,
942,3697431,180288,moving,moving_B_to_A,-0.610301375,1.284008741,0.081849135,0.002126081,0.965493798,-0.029905470,0.258694649,,,,,,,,,,,,,,,,,,,,,
943,3697583,180440,moving,moving_B_to_A,-0.610309064,1.284014344,0.081861585,0.002107033,0.965491652,-0.029921001,0.258700997,,,,,,,,,,,,,,,,,,,,,
944,3697735,180592,moving,moving_B_to_A,-0.610319078,1.284033418,0.081861399,0.002107584,0.965491831,-0.029877221,0.258705378,,,,,,,,,,,,,,,,,,,,,
945,3697888,180745,moving,moving_B_to_A,-0.610364556,1.284046412,0.081846938,0.002131625,0.965495229,-0.029905258,0.258689314,,,,,,,,,,,,,,,,,,,,,
946,3698041,180898,moving,moving_B_to_A,-0.610378981,1.284026146,0.081805348,0.002109317,0.965485871,-0.029927174,0.258721679,,,,,,,,,,,,,,,,,,,,,
947,3698194,181051,moving,moving_B_to_A,-0.610406935,1.283999681,0.081831224,0.002125716,0.965496898,-0.029924531,0.258680910,,,,,,,,,,,,,,,,,,,,,
948,3698347,181204,moving,moving_B_to_A,-0.610388756,1.283956528,0.081861138,0.002147974,0.965494275,-0.029920807,0.258690864,,,,,,,,,,,,,,,,,,,,,
949,3698501,181358,moving,moving_B_to_A,-0.610326588,1.283940077,0.081947200,0.002137874,0.965493202,-0.029928567,0.258694082,,,,,,,,,,,,,,,,,,,,,
950,3698638,181495,moving,moving_B_to_A,-0.610384643,1.284019828,0.081958197,0.002148016,0.965493679,-0.029926108,0.258692384,,,,,,,,,,,,,,,,,,,,,
951,3698805,181662,moving,moving_B_to_A,-0.610360920,1.283972502,0.081917129,0.002144411,0.965497315,-0.029941037,0.258677065,,,,,,,,,,,,,,,,,,,,,
952,3698957,181814,moving,moving_B_to_A,-0.610345483,1.283986807,0.081865847,0.002158446,0.965493798,-0.029968679,0.258687049,,,,,,,,,,,,,,,,,,,,,
953,3699112,181969,moving,moving_B_to_A,-0.610360086,1.284025908,0.081936397,0.002134003,0.965496004,-0.029948507,0.258681267,,,,,,,,,,,,,,,,,,,,,
954,3699251,182108,moving,moving_B_to_A,-0.610341728,1.283987999,0.081886120,0.002143217,0.965496361,-0.029960113,0.258678555,,,,,,,,,,,,,,,,,,,,,
955,3699402,182259,moving,moving_B_to_A,-0.610332072,1.283980966,0.081915908,0.002133500,0.965491235,-0.029971266,0.258696347,,,,,,,,,,,,,,,,,,,,,
956,3699553,182410,moving,moving_B_to_A,-0.610316277,1.284003735,0.081886955,0.002149787,0.965493858,-0.029969754,0.258686662,,,,,,,,,,,,,,,,,,,,,
957,3699707,182564,moving,moving_B_to_A,-0.610254943,1.283950567,0.081862323,0.002127620,0.965492487,-0.029974217,0.258691519,,,,,,,,,,,,,,,,,,,,,
958,3699859,182716,moving,moving_B_to_A,-0.610275209,1.283973217,0.081840873,0.002133967,0.965487778,-0.029980980,0.258708209,,,,,,,,,,,,,,,,,,,,,
959,3700013,182870,moving,moving_B_to_A,-0.610306978,1.283998609,0.081810601,0.002139119,0.965502679,-0.029982157,0.258652538,,,,,,,,,,,,,,,,,,,,,
960,3700166,183023,moving,moving_B_to_A,-0.610324144,1.284019113,0.081789166,0.002144848,0.965495169,-0.029997284,0.258678734,,,,,,,,,,,,,,,,,,,,,
961,3700318,183175,moving,moving_B_to_A,-0.610296249,1.284053683,0.081810594,0.002158398,0.965499520,-0.029984673,0.258663833,,,,,,,,,,,,,,,,,,,,,
962,3700471,183328,moving,moving_B_to_A,-0.610274315,1.284014463,0.081823371,0.002140851,0.965496421,-0.029983189,0.258675694,,,,,,,,,,,,,,,,,,,,,
963,3700609,183466,moving,moving_B_to_A,-0.610299230,1.283997178,0.081790738,0.002148036,0.965491176,-0.029998126,0.258693367,,,,,,,,,,,,,,,,,,,,,
964,3700764,183621,moving,moving_B_to_A,-0.610343099,1.283995867,0.081787236,0.002112173,0.965496421,-0.029995989,0.258674413,,,,,,,,,,,,,,,,,,,,,
965,3700903,183760,moving,moving_B_to_A,-0.610365152,1.283990383,0.081810586,0.002113513,0.965491772,-0.029994911,0.258691967,,,,,,,,,,,,,,,,,,,,,
966,3701054,183911,moving,moving_B_to_A,-0.610314608,1.284002542,0.081811324,0.002095926,0.965490043,-0.030008791,0.258696824,,,,,,,,,,,,,,,,,,,,,
967,3701207,184064,moving,moving_B_to_A,-0.610342622,1.284029961,0.081810445,0.002114380,0.965493381,-0.029987033,0.258686811,,,,,,,,,,,,,,,,,,,,,
968,3701360,184217,moving,moving_B_to_A,-0.610355198,1.284042835,0.081814408,0.002118526,0.965492964,-0.029993305,0.258687586,,,,,,,,,,,,,,,,,,,,,
969,3701512,184369,moving,moving_B_to_A,-0.610362291,1.284020662,0.081844077,0.002117442,0.965494514,-0.029981229,0.258683234,,,,,,,,,,,,,,,,,,,,,
970,3701666,184523,moving,moving_B_to_A,-0.610316157,1.284022093,0.081833720,0.002142990,0.965492606,-0.029995624,0.258688390,,,,,,,,,,,,,,,,,,,,,
971,3701805,184662,moving,moving_B_to_A,-0.610266387,1.283970356,0.081830993,0.002142371,0.965487182,-0.029990897,0.258709192,,,,,,,,,,,,,,,,,,,,,
972,3701957,184814,moving,moving_B_to_A,-0.610259175,1.283993721,0.081800736,0.002152414,0.965486765,-0.030002782,0.258709282,,,,,,,,,,,,,,,,,,,,,
973,3702110,184967,moving,moving_B_to_A,-0.610287249,1.284052372,0.081780724,0.002164731,0.965489149,-0.029969795,0.258704126,,,,,,,,,,,,,,,,,,,,,
974,3702249,185106,moving,moving_B_to_A,-0.610252857,1.284008980,0.081758782,0.002138286,0.965493798,-0.029980881,0.258685648,,,,,,,,,,,,,,,,,,,,,
975,3702403,185260,moving,moving_B_to_A,-0.610256791,1.283997059,0.081786841,0.002146209,0.965490043,-0.029961718,0.258701831,,,,,,,,,,,,,,,,,,,,,
976,3702555,185412,moving,moving_B_to_A,-0.610271037,1.284020305,0.081794702,0.002150948,0.965489030,-0.029957959,0.258706093,,,,,,,,,,,,,,,,,,,,,
977,3702707,185564,moving,moving_B_to_A,-0.610265315,1.283970594,0.081827410,0.002157597,0.965490401,-0.029951541,0.258701563,,,,,,,,,,,,,,,,,,,,,
978,3702862,185719,moving,moving_B_to_A,-0.610325754,1.283966064,0.081808120,0.002109354,0.965491891,-0.029965328,0.258695036,,,,,,,,,,,,,,,,,,,,,
979,3703013,185870,moving,moving_B_to_A,-0.610314906,1.283984184,0.081852145,0.002167672,0.965500951,-0.029962007,0.258661002,,,,,,,,,,,,,,,,,,,,,
980,3703166,186023,moving,moving_B_to_A,-0.610293269,1.284063816,0.081777029,0.002171045,0.965494990,-0.030010007,0.258677840,,,,,,,,,,,,,,,,,,,,,
981,3703305,186162,moving,moving_B_to_A,-0.610223234,1.284024954,0.081732079,0.002133113,0.965494812,-0.029997213,0.258679986,,,,,,,,,,,,,,,,,,,,,
982,3703457,186314,moving,moving_B_to_A,-0.610248804,1.283998966,0.081744693,0.002159503,0.965493262,-0.029954374,0.258690804,,,,,,,,,,,,,,,,,,,,,
983,3703609,186466,moving,moving_B_to_A,-0.610260904,1.283975959,0.081753902,0.002150491,0.965487480,-0.029949084,0.258712918,,,,,,,,,,,,,,,,,,,,,
984,3703764,186621,moving,moving_B_to_A,-0.610246420,1.283992410,0.081795938,0.002153015,0.965492129,-0.029945271,0.258695930,,,,,,,,,,,,,,,,,,,,,
985,3703916,186773,moving,moving_B_to_A,-0.610289097,1.284045696,0.081801094,0.002138546,0.965491772,-0.029948153,0.258697152,,,,,,,,,,,,,,,,,,,,,
986,3704069,186926,moving,moving_B_to_A,-0.610313237,1.284037232,0.081787311,0.002151367,0.965494096,-0.029951535,0.258687943,,,,,,,,,,,,,,,,,,,,,
987,3704222,187079,moving,moving_B_to_A,-0.610294938,1.284054279,0.081765994,0.002143851,0.965490401,-0.029956665,0.258701235,,,,,,,,,,,,,,,,,,,,,
988,3704374,187231,moving,moving_B_to_A,-0.610298932,1.284001112,0.081713237,0.002142189,0.965490341,-0.029960727,0.258700937,,,,,,,,,,,,,,,,,,,,,
989,3704541,187398,moving,moving_B_to_A,-0.610342324,1.284047842,0.081673905,0.002170502,0.965492964,-0.029961981,0.258690774,,,,,,,,,,,,,,,,,,,,,
990,3704679,187536,moving,moving_B_to_A,-0.610294163,1.283976197,0.081715941,0.002147228,0.965495348,-0.029937578,0.258684933,,,,,,,,,,,,,,,,,,,,,
991,3704833,187690,moving,moving_B_to_A,-0.610227227,1.283951879,0.081696711,0.002161869,0.965499401,-0.029929988,0.258670479,,,,,,,,,,,,,,,,,,,,,
992,3704984,187841,moving,moving_B_to_A,-0.610262334,1.284037113,0.081715904,0.002155877,0.965495765,-0.029911960,0.258686244,,,,,,,,,,,,,,,,,,,,,
993,3705139,187996,moving,moving_B_to_A,-0.610308647,1.284062386,0.081762783,0.002154704,0.965493023,-0.029905099,0.258697271,,,,,,,,,,,,,,,,,,,,,
994,3705291,188148,moving,moving_B_to_A,-0.610319018,1.284039021,0.081823140,0.002162508,0.965493798,-0.029950187,0.258689076,,,,,,,,,,,,,,,,,,,,,
995,3705443,188300,moving,moving_B_to_A,-0.610348523,1.284060001,0.081871904,0.002160332,0.965494812,-0.029921778,0.258688658,,,,,,,,,,,,,,,,,,,,,
996,3705584,188441,moving,moving_B_to_A,-0.610331297,1.284052491,0.081817895,0.002158911,0.965494514,-0.029960988,0.258685172,,,,,,,,,,,,,,,,,,,,,
997,3705735,188592,moving,moving_B_to_A,-0.610344052,1.284033895,0.081785522,0.002144120,0.965496898,-0.029945452,0.258678228,,,,,,,,,,,,,,,,,,,,,
998,3705887,188744,moving,moving_B_to_A,-0.610296965,1.284023166,0.081731841,0.002159417,0.965496480,-0.029948916,0.258679152,,,,,,,,,,,,,,,,,,,,,
999,3706041,188898,moving,moving_B_to_A,-0.610210657,1.284140229,0.081860028,0.002168916,0.965494037,-0.029937297,0.258689642,,,,,,,,,,,,,,,,,,,,,
1000,3706193,189050,moving,moving_B_to_A,-0.610211849,1.284073830,0.081790678,0.002153125,0.965493202,-0.029939745,0.258692533,,,,,,,,,,,,,,,,,,,,,
1001,3706346,189203,moving,moving_B_to_A,-0.610211194,1.284053683,0.081736088,0.002123634,0.965489805,-0.029937124,0.258705944,,,,,,,,,,,,,,,,,,,,,
1002,3706499,189356,moving,moving_B_to_A,-0.610220611,1.284027815,0.081697851,0.002129285,0.965495586,-0.029934969,0.258684427,,,,,,,,,,,,,,,,,,,,,
1003,3706651,189508,moving,moving_B_to_A,-0.610263765,1.284020662,0.081732459,0.002094980,0.965496242,-0.029928554,0.258683026,,,,,,,,,,,,,,,,,,,,,
1004,3706805,189662,moving,moving_B_to_A,-0.610301793,1.284054279,0.081781775,0.002125270,0.965497017,-0.029910665,0.258682132,,,,,,,,,,,,,,,,,,,,,
1005,3706958,189815,moving,moving_B_to_A,-0.610319078,1.284043550,0.081769042,0.002104947,0.965492845,-0.029940024,0.258694291,,,,,,,,,,,,,,,,,,,,,
1006,3707097,189954,moving,moving_B_to_A,-0.610307157,1.284012556,0.081781685,0.002159039,0.965495408,-0.029914461,0.258687317,,,,,,,,,,,,,,,,,,,,,
1007,3707263,190120,moving,moving_B_to_A,-0.610308230,1.284009576,0.081828803,0.002127903,0.965494335,-0.029919410,0.258690953,,,,,,,,,,,,,,,,,,,,,
1008,3707402,190259,moving,moving_B_to_A,-0.610336244,1.284077764,0.081862874,0.002132713,0.965496004,-0.029891115,0.258688062,,,,,,,,,,,,,,,,,,,,,
1009,3707568,190425,moving,moving_B_to_A,-0.610305846,1.284181476,0.081961341,0.002162914,0.965496302,-0.029950026,0.258679926,,,,,,,,,,,,,,,,,,,,,
1010,3707721,190578,moving,moving_B_to_A,-0.610311508,1.284065723,0.081908174,0.002163237,0.965494394,-0.029939417,0.258688062,,,,,,,,,,,,,,,,,,,,,
1011,3707862,190719,moving,moving_B_to_A,-0.610340655,1.283991575,0.081850976,0.002137660,0.965503335,-0.029966289,0.258651912,,,,,,,,,,,,,,,,,,,,,
1012,3708013,190870,moving,moving_B_to_A,-0.610319734,1.283986568,0.081846021,0.002152198,0.965490460,-0.029955642,0.258700967,,,,,,,,,,,,,,,,,,,,,
1013,3708166,191023,moving,moving_B_to_A,-0.610281825,1.284039974,0.081762120,0.002159650,0.965495646,-0.029941047,0.258683354,,,,,,,,,,,,,,,,,,,,,
1014,3708318,191175,moving,moving_B_to_A,-0.610241711,1.284091949,0.081712157,0.002138606,0.965496004,-0.029939311,0.258682251,,,,,,,,,,,,,,,,,,,,,
1015,3708472,191329,moving,moving_B_to_A,-0.610259891,1.284130931,0.081672810,0.002172082,0.965494692,-0.029919730,0.258689255,,,,,,,,,,,,,,,,,,,,,
1016,3708625,191482,moving,moving_B_to_A,-0.610277355,1.284154058,0.081687137,0.002168862,0.965498567,-0.029906457,0.258676380,,,,,,,,,,,,,,,,,,,,,
1017,3708764,191621,moving,moving_B_to_A,-0.610213041,1.284130692,0.081766039,0.002145855,0.965493917,-0.029898399,0.258694828,,,,,,,,,,,,,,,,,,,,,
1018,3708916,191773,moving,moving_B_to_A,-0.610223055,1.284073830,0.081792451,0.002136812,0.965494514,-0.029902028,0.258692265,,,,,,,,,,,,,,,,,,,,,
1019,3709069,191926,moving,moving_B_to_A,-0.610258520,1.284157515,0.081928477,0.002144828,0.965492845,-0.029906623,0.258697927,,,,,,,,,,,,,,,,,,,,,
1020,3709221,192078,moving,moving_B_to_A,-0.610323250,1.284091711,0.081907719,0.002153914,0.965494931,-0.029917002,0.258688867,,,,,,,,,,,,,,,,,,,,,
1021,3709374,192231,moving,moving_B_to_A,-0.610311508,1.284048915,0.081819534,0.002148424,0.965494514,-0.029957587,0.258685708,,,,,,,,,,,,,,,,,,,,,
1022,3709527,192384,moving,moving_B_to_A,-0.610308349,1.284020424,0.081816010,0.002153948,0.965494156,-0.029946638,0.258688241,,,,,,,,,,,,,,,,,,,,,
1023,3709679,192536,moving,moving_B_to_A,-0.610319912,1.284005284,0.081821270,0.002169314,0.965494335,-0.029966807,0.258684963,,,,,,,,,,,,,,,,,,,,,
1024,3709819,192676,moving,moving_B_to_A,-0.610316157,1.283998728,0.081803732,0.002167942,0.965493381,-0.029982923,0.258686870,,,,,,,,,,,,,,,,,,,,,
1025,3709972,192829,moving,moving_B_to_A,-0.610335529,1.284005046,0.081825666,0.002175865,0.965496004,-0.029980144,0.258677363,,,,,,,,,,,,,,,,,,,,,
1026,3710125,192982,moving,moving_B_to_A,-0.610301733,1.284025908,0.081786118,0.002181829,0.965494990,-0.029982476,0.258680820,,,,,,,,,,,,,,,,,,,,,
1027,3710277,193134,moving,moving_B_to_A,-0.610283196,1.284066677,0.081780769,0.002187908,0.965493202,-0.029983720,0.258687258,,,,,,,,,,,,,,,,,,,,,
1028,3710430,193287,moving,moving_B_to_A,-0.610269666,1.284029365,0.081758097,0.002177339,0.965495527,-0.029944021,0.258683205,,,,,,,,,,,,,,,,,,,,,
1029,3710583,193440,moving,moving_B_to_A,-0.610276699,1.283997893,0.081684045,0.002186675,0.965493023,-0.029948993,0.258691788,,,,,,,,,,,,,,,,,,,,,
1030,3710737,193594,moving,moving_B_to_A,-0.610378504,1.284132242,0.081701778,0.002197044,0.965500355,-0.029927917,0.258666873,,,,,,,,,,,,,,,,,,,,,
1031,3710887,193744,moving,moving_B_to_A,-0.610327244,1.284044266,0.081687152,0.002213128,0.965494394,-0.029945852,0.258686930,,,,,,,,,,,,,,,,,,,,,
1032,3711012,193869,moving,moving_B_to_A,-0.610271215,1.283992171,0.081753835,0.002216904,0.965493023,-0.029942058,0.258692443,,,,,,,,,,,,,,,,,,,,,
1033,3711139,193996,moving,moving_B_to_A,-0.610265791,1.283959150,0.081787482,0.002204989,0.965492010,-0.029925935,0.258698106,,,,,,,,,,,,,,,,,,,,,
1034,3711264,194121,moving,moving_B_to_A,-0.610295057,1.283939719,0.081811897,0.002191735,0.965495467,-0.029927300,0.258685350,,,,,,,,,,,,,,,,,,,,,
1035,3711389,194246,moving,moving_B_to_A,-0.610296249,1.283959746,0.081818163,0.002206477,0.965487719,-0.029938200,0.258712709,,,,,,,,,,,,,,,,,,,,,
1036,3711512,194369,moving,moving_B_to_A,-0.610317886,1.283984065,0.081825510,0.002219683,0.965481997,-0.029962894,0.258731276,,,,,,,,,,,,,,,,,,,,,
1037,3711639,194496,moving,moving_B_to_A,-0.610311210,1.283980966,0.081794761,0.002215712,0.965487659,-0.029973254,0.258708894,,,,,,,,,,,,,,,,,,,,,
1038,3711763,194620,moving,moving_B_to_A,-0.610297322,1.283995152,0.081811033,0.002202551,0.965487242,-0.029976448,0.258710146,,,,,,,,,,,,,,,,,,,,,
1039,3711887,194744,moving,moving_B_to_A,-0.610331297,1.284016490,0.081850432,0.002203358,0.965487301,-0.029955892,0.258712351,,,,,,,,,,,,,,,,,,,,,
1040,3712014,194871,moving,moving_B_to_A,-0.610320687,1.283972740,0.081833713,0.002191571,0.965485573,-0.029971475,0.258717149,,,,,,,,,,,,,,,,,,,,,
1041,3712137,194994,moving,moving_B_to_A,-0.610329151,1.283993006,0.081826344,0.002199592,0.965492189,-0.029963462,0.258693308,,,,,,,,,,,,,,,,,,,,,
1042,3712262,195119,moving,moving_B_to_A,-0.610313356,1.283991337,0.081780411,0.002208045,0.965487242,-0.029986264,0.258708984,,,,,,,,,,,,,,,,,,,,,
1043,3712375,195232,moving,moving_B_to_A,-0.610324621,1.284048080,0.081830859,0.002186828,0.965493739,-0.030002829,0.258682936,,,,,,,,,,,,,,,,,,,,,
1044,3712501,195358,moving,moving_B_to_A,-0.610339582,1.283972502,0.081810988,0.002199411,0.965495646,-0.030011427,0.258674711,,,,,,,,,,,,,,,,,,,,,
1045,3712624,195481,moving,moving_B_to_A,-0.610358715,1.283947349,0.081795745,0.002167258,0.965500057,-0.030017003,0.258657992,,,,,,,,,,,,,,,,,,,,,
1046,3712764,195621,moving,moving_B_to_A,-0.610350668,1.283959866,0.081802517,0.002181642,0.965497673,-0.030020794,0.258666277,,,,,,,,,,,,,,,,,,,,,
1047,3712889,195746,moving,moving_B_to_A,-0.610350907,1.283935308,0.081787132,0.002186398,0.965496838,-0.030013606,0.258670121,,,,,,,,,,,,,,,,,,,,,
1048,3713012,195869,moving,moving_B_to_A,-0.610335648,1.283922911,0.081797108,0.002193856,0.965495348,-0.030042714,0.258672267,,,,,,,,,,,,,,,,,,,,,
1049,3713151,196008,moving,moving_B_to_A,-0.610309362,1.283937097,0.081799336,0.002193425,0.965495527,-0.030034345,0.258672684,,,,,,,,,,,,,,,,,,,,,
1050,3713276,196133,moving,moving_B_to_A,-0.610302985,1.283922315,0.081787489,0.002196709,0.965494573,-0.030016288,0.258678287,,,,,,,,,,,,,,,,,,,,,
1051,3713402,196259,moving,moving_B_to_A,-0.610273242,1.283958793,0.081798546,0.002222020,0.965493798,-0.030014366,0.258681208,,,,,,,,,,,,,,,,,,,,,
1052,3713526,196383,moving,moving_B_to_A,-0.610273600,1.283989906,0.081822053,0.002202386,0.965494215,-0.029997827,0.258681744,,,,,,,,,,,,,,,,,,,,,
1053,3713653,196510,moving,moving_B_to_A,-0.610290885,1.283994317,0.081821606,0.002209002,0.965491652,-0.030004947,0.258690387,,,,,,,,,,,,,,,,,,,,,
1054,3713792,196649,moving,moving_B_to_A,-0.610315740,1.283994079,0.081793852,0.002196914,0.965492070,-0.030003153,0.258689046,,,,,,,,,,,,,,,,,,,,,
1055,3713944,196801,moving,moving_B_to_A,-0.610266685,1.283969164,0.081738979,0.002193786,0.965492487,-0.029993104,0.258688837,,,,,,,,,,,,,,,,,,,,,
1056,3714097,196954,moving,moving_B_to_A,-0.610278308,1.284040451,0.081725702,0.002219877,0.965497255,-0.029989129,0.258671224,,,,,,,,,,,,,,,,,,,,,
1057,3714250,197107,moving,moving_B_to_A,-0.610294878,1.283987403,0.081722729,0.002208547,0.965499580,-0.029979009,0.258663744,,,,,,,,,,,,,,,,,,,,,
1058,3714402,197259,moving,moving_B_to_A,-0.610283136,1.283994436,0.081750348,0.002216473,0.965494692,-0.029971976,0.258682758,,,,,,,,,,,,,,,,,,,,,
1059,3714555,197412,moving,moving_B_to_A,-0.610218763,1.284016967,0.081781939,0.002219544,0.965488732,-0.029975113,0.258704573,,,,,,,,,,,,,,,,,,,,,
1060,3714708,197565,moving,moving_B_to_A,-0.610252142,1.284013152,0.081786595,0.002205135,0.965493023,-0.029978691,0.258688152,,,,,,,,,,,,,,,,,,,,,
1061,3714860,197717,moving,moving_B_to_A,-0.610258281,1.284013271,0.081780098,0.002238915,0.965493679,-0.029959666,0.258687854,,,,,,,,,,,,,,,,,,,,,
1062,3715012,197869,moving,moving_B_to_A,-0.610292971,1.284004688,0.081805430,0.002221499,0.965495229,-0.029963339,0.258681774,,,,,,,,,,,,,,,,,,,,,
1063,3715152,198009,moving,moving_B_to_A,-0.610286295,1.283966541,0.081821956,0.002254806,0.965492427,-0.029994581,0.258688122,,,,,,,,,,,,,,,,,,,,,
1064,3715305,198162,moving,moving_B_to_A,-0.610288620,1.283954620,0.081815958,0.002254785,0.965492070,-0.029985471,0.258690745,,,,,,,,,,,,,,,,,,,,,
1065,3715458,198315,moving,moving_B_to_A,-0.610325575,1.283979535,0.081792466,0.002173078,0.965491474,-0.030045994,0.258686632,,,,,,,,,,,,,,,,,,,,,
1066,3715611,198468,moving,moving_B_to_A,-0.610308886,1.284002900,0.081788175,0.002208667,0.965491176,-0.030030500,0.258689165,,,,,,,,,,,,,,,,,,,,,
1067,3715763,198620,moving,moving_B_to_A,-0.610361814,1.284100771,0.081766136,0.001575166,0.965535998,-0.030100757,0.258518219,,,,,,,,,,,,,,,,,,,,,
1068,3715917,198774,moving,moving_B_to_A,-0.610263288,1.284008741,0.081806883,0.002342669,0.965511978,-0.029968202,0.258617461,,,,,,,,,,,,,,,,,,,,,
1069,3716069,198926,moving,moving_B_to_A,-0.610262871,1.283935070,0.081779532,0.002473496,0.965499640,-0.029919608,0.258668095,,,,,,,,,,,,,,,,,,,,,
1070,3716222,199079,moving,moving_B_to_A,-0.610308409,1.283949971,0.081747003,0.002450916,0.965503037,-0.029939784,0.258653224,,,,,,,,,,,,,,,,,,,,,
1071,3716373,199230,moving,moving_B_to_A,-0.610320628,1.283972859,0.081744634,0.002374618,0.965494633,-0.029996565,0.258678794,,,,,,,,,,,,,,,,,,,,,
1072,3716528,199385,moving,moving_B_to_A,-0.610304177,1.283974767,0.081707716,0.002338303,0.965506434,-0.030054912,0.258628309,,,,,,,,,,,,,,,,,,,,,
1073,3716679,199536,moving,moving_B_to_A,-0.610205412,1.283982515,0.081690907,0.002332972,0.965495408,-0.029995950,0.258676291,,,,,,,,,,,,,,,,,,,,,
1074,3716833,199690,moving,moving_B_to_A,-0.610215545,1.283972740,0.081671089,0.002352426,0.965495467,-0.029969893,0.258678854,,,,,,,,,,,,,,,,,,,,,
1075,3716988,199845,moving,moving_B_to_A,-0.610253513,1.283970594,0.081616700,0.002323678,0.965502203,-0.029957140,0.258655578,,,,,,,,,,,,,,,,,,,,,
1076,3717137,199994,moving,moving_B_to_A,-0.610281527,1.283945084,0.081626140,0.002308100,0.965499640,-0.029957443,0.258665293,,,,,,,,,,,,,,,,,,,,,
1077,3717292,200149,moving,moving_B_to_A,-0.610294640,1.283963680,0.081670314,0.002292885,0.965498090,-0.030007180,0.258665204,,,,,,,,,,,,,,,,,,,,,
1078,3717445,200302,moving,moving_B_to_A,-0.610282063,1.283998728,0.081669763,0.002297886,0.965496123,-0.030017301,0.258671463,,,,,,,,,,,,,,,,,,,,,
1079,3717597,200454,moving,moving_B_to_A,-0.610309660,1.283988714,0.081680305,0.002270714,0.965497732,-0.030046837,0.258662313,,,,,,,,,,,,,,,,,,,,,
1080,3717750,200607,moving,moving_B_to_A,-0.610312641,1.283954620,0.081685260,0.002251258,0.965500534,-0.030011367,0.258656025,,,,,,,,,,,,,,,,,,,,,
1081,3717903,200760,moving,moving_B_to_A,-0.610296190,1.283915997,0.081740201,0.002320712,0.965497553,-0.029951403,0.258673668,,,,,,,,,,,,,,,,,,,,,
1082,3718054,200911,moving,moving_B_to_A,-0.610305250,1.283924937,0.081781961,0.002267702,0.965499282,-0.029907571,0.258672684,,,,,,,,,,,,,,,,,,,,,
1083,3718206,201063,moving,moving_B_to_A,-0.610332608,1.283953905,0.081781432,0.002274087,0.965493083,-0.030011991,0.258683711,,,,,,,,,,,,,,,,,,,,,
1084,3718359,201216,moving,moving_B_to_A,-0.610277414,1.283923864,0.081778213,0.002336277,0.965476334,-0.030006981,0.258746177,,,,,,,,,,,,,,,,,,,,,
1085,3718513,201370,moving,moving_B_to_A,-0.610265732,1.283915043,0.081736438,0.002313495,0.965497255,-0.029991189,0.258670241,,,,,,,,,,,,,,,,,,,,,
1086,3718666,201523,moving,moving_B_to_A,-0.610261977,1.283931613,0.081740223,0.002257652,0.965496480,-0.030053001,0.258666247,,,,,,,,,,,,,,,,,,,,,
1087,3718804,201661,moving,moving_B_to_A,-0.610286117,1.283930421,0.081771627,0.002283198,0.965496600,-0.030055104,0.258665383,,,,,,,,,,,,,,,,,,,,,
1088,3718958,201815,moving,moving_B_to_A,-0.610282898,1.283877134,0.081723638,0.002162846,0.965503573,-0.030151518,0.258629382,,,,,,,,,,,,,,,,,,,,,
1089,3719111,201968,moving,moving_B_to_A,-0.610258162,1.283946276,0.081781276,0.002210108,0.965501666,-0.030089485,0.258643180,,,,,,,,,,,,,,,,,,,,,
1090,3719277,202134,moving,moving_B_to_A,-0.610272348,1.283948541,0.081741437,0.002216294,0.965497971,-0.030049935,0.258661538,,,,,,,,,,,,,,,,,,,,,
1091,3719431,202288,moving,moving_B_to_A,-0.610284448,1.283944011,0.081714444,0.002294814,0.965498447,-0.029988345,0.258666277,,,,,,,,,,,,,,,,,,,,,
1092,3719583,202440,moving,moving_B_to_A,-0.610260129,1.283961654,0.081674635,0.002300004,0.965506911,-0.030003374,0.258632779,,,,,,,,,,,,,,,,,,,,,
1093,3719736,202593,moving,moving_B_to_A,-0.610270083,1.283995152,0.081668660,0.002287841,0.965504110,-0.030022364,0.258641243,,,,,,,,,,,,,,,,,,,,,
1094,3719888,202745,moving,moving_B_to_A,-0.610280752,1.283960581,0.081680670,0.002288769,0.965503573,-0.029995209,0.258646399,,,,,,,,,,,,,,,,,,,,,
1095,3720041,202898,moving,moving_B_to_A,-0.610278606,1.283983231,0.081754737,0.002232175,0.965491533,-0.029996404,0.258691579,,,,,,,,,,,,,,,,,,,,,
1096,3720194,203051,moving,moving_B_to_A,-0.610288441,1.283983707,0.081818156,0.002188087,0.965494335,-0.030050956,0.258675158,,,,,,,,,,,,,,,,,,,,,
1097,3720346,203203,moving,moving_B_to_A,-0.610360146,1.284027457,0.081842393,0.002230226,0.965497017,-0.030023467,0.258668065,,,,,,,,,,,,,,,,,,,,,
1098,3720500,203357,moving,moving_B_to_A,-0.610358536,1.283955574,0.081822090,0.002250585,0.965494156,-0.030057868,0.258674473,,,,,,,,,,,,,,,,,,,,,
1099,3720651,203508,moving,moving_B_to_A,-0.610296130,1.283966303,0.081819557,0.002265551,0.965498745,-0.030068554,0.258656055,,,,,,,,,,,,,,,,,,,,,
1100,3720805,203662,moving,moving_B_to_A,-0.610273719,1.284008384,0.081783749,0.002278360,0.965501487,-0.030045738,0.258648396,,,,,,,,,,,,,,,,,,,,,
1101,3720957,203814,moving,moving_B_to_A,-0.610201597,1.283984065,0.081690617,0.002307086,0.965506554,-0.030017676,0.258632541,,,,,,,,,,,,,,,,,,,,,
1102,3721099,203956,moving,moving_B_to_A,-0.610241652,1.283980846,0.081664741,0.002251132,0.965498745,-0.030018954,0.258662015,,,,,,,,,,,,,,,,,,,,,
1103,3721263,204120,moving,moving_B_to_A,-0.610301614,1.284031391,0.081713960,0.002161708,0.965495467,-0.030043827,0.258672059,,,,,,,,,,,,,,,,,,,,,
1104,3721403,204260,moving,moving_B_to_A,-0.610321462,1.284044266,0.081754021,0.002179310,0.965500236,-0.030046273,0.258653969,,,,,,,,,,,,,,,,,,,,,
1105,3721556,204413,moving,moving_B_to_A,-0.610357225,1.284038424,0.081797600,0.002139171,0.965499461,-0.030105544,0.258650154,,,,,,,,,,,,,,,,,,,,,
1106,3721708,204565,moving,moving_B_to_A,-0.610350192,1.283996224,0.081833094,0.002128256,0.965504229,-0.030121859,0.258630455,,,,,,,,,,,,,,,,,,,,,
1107,3721862,204719,moving,moving_B_to_A,-0.610330641,1.283976555,0.081811070,0.002149149,0.965511620,-0.030121973,0.258602768,,,,,,,,,,,,,,,,,,,,,
1108,3722013,204870,moving,moving_B_to_A,-0.610311389,1.283982515,0.081799828,0.002167635,0.965503991,-0.030135354,0.258629501,,,,,,,,,,,,,,,,,,,,,
1109,3722168,205025,moving,moving_B_to_A,-0.610348701,1.284029365,0.081787340,0.002132054,0.965503097,-0.030141823,0.258632243,,,,,,,,,,,,,,,,,,,,,
1110,3722318,205175,moving,moving_B_to_A,-0.610345304,1.284014225,0.081791341,0.002105341,0.965506732,-0.030161625,0.258616656,,,,,,,,,,,,,,,,,,,,,
1111,3722459,205316,moving,moving_B_to_A,-0.610346675,1.284059882,0.081834331,0.002136968,0.965512216,-0.030134803,0.258599252,,,,,,,,,,,,,,,,,,,,,
1112,3722625,205482,moving,moving_B_to_A,-0.610406876,1.283925653,0.081846856,0.002136322,0.965511322,-0.030133687,0.258602560,,,,,,,,,,,,,,,,,,,,,
1113,3722764,205621,moving,moving_B_to_A,-0.610368669,1.283836365,0.081825443,0.002105033,0.965511918,-0.030154083,0.258598238,,,,,,,,,,,,,,,,,,,,,
1114,3722916,205773,moving,moving_B_to_A,-0.610333383,1.283870459,0.081787810,0.002181430,0.965506315,-0.030160377,0.258617908,,,,,,,,,,,,,,,,,,,,,
1115,3723068,205925,moving,moving_B_to_A,-0.610318005,1.283918738,0.081790507,0.002168960,0.965504766,-0.030135611,0.258626610,,,,,,,,,,,,,,,,,,,,,
1116,3723235,206092,moving,moving_B_to_A,-0.610313535,1.283935547,0.081792273,0.002188299,0.965502918,-0.030135587,0.258633286,,,,,,,,,,,,,,,,,,,,,
1117,3723374,206231,moving,moving_B_to_A,-0.610378742,1.283925056,0.081724204,0.002179079,0.965510249,-0.030141730,0.258605212,,,,,,,,,,,,,,,,,,,,,
1118,3723527,206384,moving,moving_B_to_A,-0.610326469,1.283918381,0.081695989,0.002185171,0.965506375,-0.030150125,0.258618772,,,,,,,,,,,,,,,,,,,,,
1119,3723679,206536,moving,moving_B_to_A,-0.610290885,1.283911943,0.081698723,0.002206368,0.965503335,-0.030148907,0.258629918,,,,,,,,,,,,,,,,,,,,,
1120,3723835,206692,moving,moving_B_to_A,-0.610301316,1.283930421,0.081746049,0.002260133,0.965513766,-0.030069947,0.258599699,,,,,,,,,,,,,,,,,,,,,
1121,3723985,206842,moving,moving_B_to_A,-0.610323608,1.283908129,0.081786141,0.002243939,0.965499759,-0.030133991,0.258644849,,,,,,,,,,,,,,,,,,,,,
1122,3724138,206995,moving,moving_B_to_A,-0.610339999,1.283928633,0.081800781,0.002269025,0.965502739,-0.030124797,0.258634537,,,,,,,,,,,,,,,,,,,,,
1123,3724290,207147,moving,moving_B_to_A,-0.610252261,1.283905149,0.081753135,0.002269560,0.965498209,-0.030102758,0.258653939,,,,,,,,,,,,,,,,,,,,,
1124,3724443,207300,moving,moving_B_to_A,-0.610250711,1.283906937,0.081733420,0.002307876,0.965499878,-0.030038575,0.258654803,,,,,,,,,,,,,,,,,,,,,
1125,3724582,207439,moving,moving_B_to_A,-0.610260427,1.283876896,0.081724323,0.002306414,0.965495050,-0.030048519,0.258671850,,,,,,,,,,,,,,,,,,,,,
1126,3724736,207593,moving,moving_B_to_A,-0.610264897,1.283905864,0.081689678,0.002302053,0.965495348,-0.030045778,0.258671135,,,,,,,,,,,,,,,,,,,,,
1127,3724874,207731,moving,moving_B_to_A,-0.610284209,1.283926487,0.081697889,0.002265777,0.965500414,-0.030009154,0.258656740,,,,,,,,,,,,,,,,,,,,,
1128,3725027,207884,moving,moving_B_to_A,-0.610261381,1.283911467,0.081719592,0.002258503,0.965498269,-0.030059941,0.258658826,,,,,,,,,,,,,,,,,,,,,
1129,3725179,208036,moving,moving_B_to_A,-0.610278785,1.283905745,0.081748568,0.002240170,0.965509474,-0.030056980,0.258617401,,,,,,,,,,,,,,,,,,,,,
1130,3725334,208191,moving,moving_B_to_A,-0.610303283,1.283889651,0.081786536,0.002243518,0.965497911,-0.030052355,0.258661062,,,,,,,,,,,,,,,,,,,,,
1131,3725485,208342,moving,moving_B_to_A,-0.610292673,1.283864141,0.081744716,0.002241703,0.965499938,-0.030054463,0.258653432,,,,,,,,,,,,,,,,,,,,,
1132,3725637,208494,moving,moving_B_to_A,-0.610287011,1.283879995,0.081691526,0.002249177,0.965502560,-0.030056719,0.258643210,,,,,,,,,,,,,,,,,,,,,
1133,3725790,208647,moving,moving_B_to_A,-0.610275626,1.283978343,0.081731275,0.002255033,0.965501428,-0.030047746,0.258648425,,,,,,,,,,,,,,,,,,,,,
1134,3725930,208787,moving,moving_B_to_A,-0.610294878,1.283932447,0.081650525,0.002234857,0.965509057,-0.030040655,0.258621097,,,,,,,,,,,,,,,,,,,,,
1135,3726097,208954,moving,moving_B_to_A,-0.610285461,1.283939600,0.081641182,0.002222347,0.965499103,-0.030093582,0.258652270,,,,,,,,,,,,,,,,,,,,,
1136,3726249,209106,moving,moving_B_to_A,-0.610295653,1.283889651,0.081670806,0.002244568,0.965505421,-0.030072605,0.258630842,,,,,,,,,,,,,,,,,,,,,
1137,3726402,209259,moving,moving_B_to_A,-0.610284209,1.283899069,0.081733890,0.002239982,0.965503097,-0.030012658,0.258646488,,,,,,,,,,,,,,,,,,,,,
1138,3726540,209397,moving,moving_B_to_A,-0.610262573,1.283926964,0.081771985,0.002248575,0.965502501,-0.030035324,0.258645982,,,,,,,,,,,,,,,,,,,,,
1139,3726694,209551,moving,moving_B_to_A,-0.610266805,1.283936262,0.081763886,0.002273528,0.965501070,-0.030038983,0.258650661,,,,,,,,,,,,,,,,,,,,,
1140,3726834,209691,moving,moving_B_to_A,-0.610293090,1.283950806,0.081810445,0.002251260,0.965498507,-0.030045988,0.258659810,,,,,,,,,,,,,,,,,,,,,
1141,3726986,209843,moving,moving_B_to_A,-0.610303044,1.283944726,0.081823371,0.002245988,0.965501487,-0.030027527,0.258650780,,,,,,,,,,,,,,,,,,,,,
1142,3727138,209995,moving,moving_B_to_A,-0.610340774,1.283940434,0.081796356,0.002239545,0.965503454,-0.030010290,0.258645356,,,,,,,,,,,,,,,,,,,,,
1143,3727277,210134,moving,moving_B_to_A,-0.610311329,1.283907175,0.081752732,0.002264811,0.965503037,-0.030015927,0.258646190,,,,,,,,,,,,,,,,,,,,,
1144,3727430,210287,moving,moving_B_to_A,-0.610344946,1.283976912,0.081713371,0.002284318,0.965498507,-0.030000867,0.258664638,,,,,,,,,,,,,,,,,,,,,
1145,3727582,210439,moving,moving_B_to_A,-0.610280871,1.283937812,0.081707008,0.002261995,0.965500176,-0.030005336,0.258658081,,,,,,,,,,,,,,,,,,,,,
1146,3727735,210592,moving,moving_B_to_A,-0.610265017,1.283893466,0.081736013,0.002266928,0.965495169,-0.030010026,0.258676291,,,,,,,,,,,,,,,,,,,,,
1147,3727890,210747,moving,moving_B_to_A,-0.610303640,1.283891678,0.081734441,0.002264383,0.965501606,-0.030003278,0.258652925,,,,,,,,,,,,,,,,,,,,,
1148,3728041,210898,moving,moving_B_to_A,-0.610304356,1.283910275,0.081733845,0.002285228,0.965498507,-0.030005777,0.258664012,,,,,,,,,,,,,,,,,,,,,
1149,3728194,211051,moving,moving_B_to_A,-0.610301614,1.283886433,0.081749566,0.002295396,0.965497375,-0.030006660,0.258668095,,,,,,,,,,,,,,,,,,,,,
1150,3728346,211203,moving,moving_B_to_A,-0.610304415,1.283872008,0.081744708,0.002307992,0.965493321,-0.030005239,0.258683383,,,,,,,,,,,,,,,,,,,,,
1151,3728499,211356,moving,moving_B_to_A,-0.610349774,1.283893228,0.081727125,0.002314730,0.965496361,-0.029989736,0.258673519,,,,,,,,,,,,,,,,,,,,,
1152,3728638,211495,moving,moving_B_to_A,-0.610334337,1.283929944,0.081713222,0.002319052,0.965496719,-0.029993124,0.258672059,,,,,,,,,,,,,,,,,,,,,
1153,3728791,211648,moving,moving_B_to_A,-0.610309839,1.283915281,0.081707612,0.002326232,0.965496898,-0.029995045,0.258671016,,,,,,,,,,,,,,,,,,,,,
1154,3728943,211800,moving,moving_B_to_A,-0.610293269,1.283916712,0.081670150,0.002336293,0.965494275,-0.029984882,0.258681834,,,,,,,,,,,,,,,,,,,,,
1155,3729098,211955,moving,moving_B_to_A,-0.610246301,1.283969879,0.081746012,0.002306597,0.965500116,-0.029987320,0.258660078,,,,,,,,,,,,,,,,,,,,,
1156,3729249,212106,moving,moving_B_to_A,-0.610251188,1.283935308,0.081741340,0.002296770,0.965495110,-0.029984010,0.258679032,,,,,,,,,,,,,,,,,,,,,
1157,3729402,212259,moving,moving_B_to_A,-0.610282481,1.283962727,0.081748508,0.002281127,0.965494931,-0.029975073,0.258680969,,,,,,,,,,,,,,,,,,,,,
1158,3729539,212396,moving,moving_B_to_A,-0.610310733,1.283957958,0.081710964,0.002254096,0.965498686,-0.029979799,0.258666694,,,,,,,,,,,,,,,,,,,,,
1159,3729693,212550,moving,moving_B_to_A,-0.610323012,1.283938885,0.081696711,0.002263968,0.965506077,-0.029975751,0.258639485,,,,,,,,,,,,,,,,,,,,,
1160,3729846,212703,moving,moving_B_to_A,-0.610339105,1.283905506,0.081710078,0.002258379,0.965507925,-0.029983047,0.258631796,,,,,,,,,,,,,,,,,,,,,
1161,3730000,212857,moving,moving_B_to_A,-0.610351384,1.283894300,0.081752077,0.002293956,0.965498567,-0.029982140,0.258666426,,,,,,,,,,,,,,,,,,,,,
1162,3730138,212995,moving,moving_B_to_A,-0.610353291,1.283918262,0.081780449,0.002257585,0.965512574,-0.029999979,0.258612365,,,,,,,,,,,,,,,,,,,,,
1163,3730291,213148,moving,moving_B_to_A,-0.610345662,1.283943057,0.081793860,0.002262078,0.965502679,-0.030002071,0.258649081,,,,,,,,,,,,,,,,,,,,,
1164,3730444,213301,moving,moving_B_to_A,-0.610299647,1.283886909,0.081824981,0.002262346,0.965498924,-0.029987095,0.258664757,,,,,,,,,,,,,,,,,,,,,
1165,3730597,213454,moving,moving_B_to_A,-0.610284507,1.283855200,0.081837870,0.002280071,0.965494454,-0.030018730,0.258677751,,,,,,,,,,,,,,,,,,,,,
1166,3730736,213593,moving,moving_B_to_A,-0.610330880,1.283923864,0.081823468,0.002278929,0.965492785,-0.030011745,0.258684754,,,,,,,,,,,,,,,,,,,,,
1167,3730888,213745,moving,moving_B_to_A,-0.610322773,1.283863068,0.081817016,0.002291156,0.965494990,-0.030017935,0.258675873,,,,,,,,,,,,,,,,,,,,,
1168,3731040,213897,moving,moving_B_to_A,-0.610295296,1.283825874,0.081799492,0.002288260,0.965493917,-0.030041169,0.258677065,,,,,,,,,,,,,,,,,,,,,
1169,3731194,214051,moving,moving_B_to_A,-0.610262990,1.283861876,0.081769235,0.002291664,0.965498745,-0.030022195,0.258661181,,,,,,,,,,,,,,,,,,,,,
1170,3731333,214190,moving,moving_B_to_A,-0.610254169,1.283891916,0.081743576,0.002275712,0.965492308,-0.030046137,0.258682519,,,,,,,,,,,,,,,,,,,,,
1171,3731484,214341,moving,moving_B_to_A,-0.610282838,1.283926129,0.081696086,0.002287844,0.965496182,-0.030032462,0.258669466,,,,,,,,,,,,,,,,,,,,,
1172,3731652,214509,moving,moving_B_to_A,-0.610323489,1.283901095,0.081726328,0.002263603,0.965498745,-0.030023707,0.258661211,,,,,,,,,,,,,,,,,,,,,
1173,3731804,214661,moving,moving_B_to_A,-0.610317647,1.283863902,0.081764221,0.002250355,0.965502620,-0.030031662,0.258646011,,,,,,,,,,,,,,,,,,,,,
1174,3731944,214801,moving,moving_B_to_A,-0.610327065,1.283911467,0.081774712,0.002262837,0.965499580,-0.030031024,0.258657157,,,,,,,,,,,,,,,,,,,,,
1175,3732097,214954,moving,moving_B_to_A,-0.610340655,1.283916593,0.081742875,0.002228609,0.965499401,-0.030044021,0.258656830,,,,,,,,,,,,,,,,,,,,,
1176,3732249,215106,moving,moving_B_to_A,-0.610318244,1.283896446,0.081693962,0.002242510,0.965497673,-0.030044377,0.258662999,,,,,,,,,,,,,,,,,,,,,
1177,3732403,215260,moving,moving_B_to_A,-0.610330582,1.283996105,0.081793420,0.002252359,0.965502977,-0.030041240,0.258643448,,,,,,,,,,,,,,,,,,,,,
1178,3732554,215411,moving,moving_B_to_A,-0.610277116,1.283874631,0.081771813,0.002249970,0.965498328,-0.030068701,0.258657694,,,,,,,,,,,,,,,,,,,,,
1179,3732708,215565,moving,moving_B_to_A,-0.610306382,1.283833742,0.081763096,0.002241317,0.965496182,-0.030026581,0.258670688,,,,,,,,,,,,,,,,,,,,,
1180,3732860,215717,moving,moving_B_to_A,-0.610345244,1.283851743,0.081791662,0.002261704,0.965498567,-0.030037062,0.258660287,,,,,,,,,,,,,,,,,,,,,
1181,3733013,215870,moving,moving_B_to_A,-0.610338807,1.283869505,0.081758589,0.002259243,0.965496421,-0.030048041,0.258667082,,,,,,,,,,,,,,,,,,,,,
1182,3733166,216023,moving,moving_B_to_A,-0.610325456,1.283843160,0.081796683,0.002281662,0.965498805,-0.030038247,0.258659184,,,,,,,,,,,,,,,,,,,,,
1183,3733320,216177,moving,moving_B_to_A,-0.610344946,1.283847570,0.081829041,0.002267406,0.965498388,-0.030023465,0.258662641,,,,,,,,,,,,,,,,,,,,,
1184,3733472,216329,moving,moving_B_to_A,-0.610389650,1.283800960,0.081864789,0.002269117,0.965495944,-0.030069439,0.258666337,,,,,,,,,,,,,,,,,,,,,
1185,3733625,216482,moving,moving_B_to_A,-0.610358596,1.283810616,0.081834979,0.002272432,0.965495527,-0.030071037,0.258667767,,,,,,,,,,,,,,,,,,,,,
1186,3733764,216621,moving,moving_B_to_A,-0.610301137,1.283797026,0.081842922,0.002324637,0.965488553,-0.030048801,0.258695811,,,,,,,,,,,,,,,,,,,,,
1187,3733915,216772,moving,moving_B_to_A,-0.610310316,1.283838511,0.081825152,0.002294481,0.965493798,-0.030048864,0.258676559,,,,,,,,,,,,,,,,,,,,,
1188,3734068,216925,moving,moving_B_to_A,-0.610289216,1.283945441,0.081804410,0.002300700,0.965494514,-0.030051852,0.258673489,,,,,,,,,,,,,,,,,,,,,
1189,3734221,217078,moving,moving_B_to_A,-0.610208213,1.283880115,0.081745669,0.002271365,0.965497494,-0.030061956,0.258661509,,,,,,,,,,,,,,,,,,,,,
1190,3734374,217231,moving,moving_B_to_A,-0.610198200,1.283882260,0.081740521,0.002249034,0.965495050,-0.030078238,0.258668989,,,,,,,,,,,,,,,,,,,,,
1191,3734526,217383,moving,moving_B_to_A,-0.610215425,1.283874393,0.081790373,0.002232313,0.965495229,-0.030049235,0.258671761,,,,,,,,,,,,,,,,,,,,,
1192,3734680,217537,moving,moving_B_to_A,-0.610210299,1.283878088,0.081830353,0.002215351,0.965494394,-0.030059842,0.258673757,,,,,,,,,,,,,,,,,,,,,
1193,3734833,217690,moving,moving_B_to_A,-0.610251665,1.283922672,0.081848778,0.002212511,0.965495408,-0.030066857,0.258669168,,,,,,,,,,,,,,,,,,,,,
1194,3734985,217842,moving,moving_B_to_A,-0.610257983,1.283887386,0.081788033,0.002240169,0.965494275,-0.030081367,0.258671522,,,,,,,,,,,,,,,,,,,,,
1195,3735137,217994,moving,moving_B_to_A,-0.610300660,1.283888102,0.081753969,0.002238843,0.965495527,-0.030087473,0.258666098,,,,,,,,,,,,,,,,,,,,,
1196,3735277,218134,moving,moving_B_to_A,-0.610298574,1.283901691,0.081759378,0.002280564,0.965498805,-0.030053169,0.258657455,,,,,,,,,,,,,,,,,,,,,
1197,3735443,218300,moving,moving_B_to_A,-0.610271633,1.283956289,0.081753157,0.002261837,0.965497434,-0.030060949,0.258661687,,,,,,,,,,,,,,,,,,,,,
1198,3735582,218439,moving,moving_B_to_A,-0.610254049,1.283997655,0.081699058,0.002250513,0.965494692,-0.030062165,0.258671880,,,,,,,,,,,,,,,,,,,,,
1199,3735736,218593,moving,moving_B_to_A,-0.610209942,1.284058928,0.081796139,0.002248155,0.965504944,-0.030059142,0.258634210,,,,,,,,,,,,,,,,,,,,,
1200,3735888,218745,moving,moving_B_to_A,-0.610247016,1.283995152,0.081779428,0.002285925,0.965501070,-0.030047275,0.258649617,,,,,,,,,,,,,,,,,,,,,
1201,3736041,218898,moving,moving_B_to_A,-0.610276222,1.283896446,0.081763498,0.002296420,0.965498984,-0.030014742,0.258661032,,,,,,,,,,,,,,,,,,,,,
1202,3736194,219051,moving,moving_B_to_A,-0.610262394,1.283917189,0.081744887,0.002295668,0.965500891,-0.030039530,0.258651108,,,,,,,,,,,,,,,,,,,,,
1203,3736346,219203,moving,moving_B_to_A,-0.610255241,1.283940792,0.081734411,0.002283459,0.965500891,-0.030018214,0.258653611,,,,,,,,,,,,,,,,,,,,,
1204,3736499,219356,moving,moving_B_to_A,-0.610247970,1.283934712,0.081702173,0.002297062,0.965497255,-0.030033410,0.258665323,,,,,,,,,,,,,,,,,,,,,
1205,3736652,219509,moving,moving_B_to_A,-0.610215783,1.283935547,0.081717029,0.002302092,0.965496182,-0.030030776,0.258669734,,,,,,,,,,,,,,,,,,,,,
1206,3736804,219661,moving,moving_B_to_A,-0.610228598,1.283972144,0.081722282,0.002277120,0.965492904,-0.030027594,0.258682370,,,,,,,,,,,,,,,,,,,,,
1207,3736957,219814,moving,moving_B_to_A,-0.610253632,1.284005284,0.081688412,0.002284896,0.965502083,-0.030025410,0.258648485,,,,,,,,,,,,,,,,,,,,,
1208,3737098,219955,moving,moving_B_to_A,-0.610269725,1.283977628,0.081681043,0.002284550,0.965498865,-0.030020343,0.258660972,,,,,,,,,,,,,,,,,,,,,
1209,3737249,220106,moving,moving_B_to_A,-0.610294640,1.283985138,0.081670932,0.002259928,0.965503752,-0.030022180,0.258642763,,,,,,,,,,,,,,,,,,,,,
1210,3737402,220259,moving,moving_B_to_A,-0.610388815,1.284067750,0.081678703,0.002278460,0.965515256,-0.030018948,0.258599997,,,,,,,,,,,,,,,,,,,,,
1211,3737555,220412,moving,moving_B_to_A,-0.610344529,1.283942938,0.081727110,0.002269343,0.965490103,-0.030027458,0.258693099,,,,,,,,,,,,,,,,,,,,,
1212,3737708,220565,moving,moving_B_to_A,-0.610301793,1.283888578,0.081736594,0.002313420,0.965494096,-0.030019950,0.258678526,,,,,,,,,,,,,,,,,,,,,
1213,3737860,220717,moving,moving_B_to_A,-0.610326052,1.283897400,0.081716046,0.002308625,0.965499580,-0.030027002,0.258657426,,,,,,,,,,,,,,,,,,,,,
1214,3738013,220870,moving,moving_B_to_A,-0.610270083,1.283899307,0.081767209,0.002313202,0.965499997,-0.030014241,0.258657157,,,,,,,,,,,,,,,,,,,,,
1215,3738167,221024,moving,moving_B_to_A,-0.610279799,1.283865213,0.081725433,0.002311588,0.965498984,-0.030031107,0.258659035,,,,,,,,,,,,,,,,,,,,,
1216,3738319,221176,moving,moving_B_to_A,-0.610294700,1.283887506,0.081738159,0.002307326,0.965509355,-0.030097760,0.258612722,,,,,,,,,,,,,,,,,,,,,
1217,3738471,221328,moving,moving_B_to_A,-0.610275984,1.283902884,0.081800073,0.002243433,0.965503454,-0.030081613,0.258637041,,,,,,,,,,,,,,,,,,,,,
1218,3738625,221482,moving,moving_B_to_A,-0.610281408,1.283906341,0.081843793,0.002272703,0.965505123,-0.030076552,0.258631289,,,,,,,,,,,,,,,,,,,,,
1219,3738777,221634,moving,moving_B_to_A,-0.610288501,1.283921838,0.081838317,0.002257456,0.965504289,-0.030083761,0.258633733,,,,,,,,,,,,,,,,,,,,,
1220,3738929,221786,moving,moving_B_to_A,-0.610331416,1.283885956,0.081797801,0.002286664,0.965502501,-0.030076938,0.258640915,,,,,,,,,,,,,,,,,,,,,
1221,3739082,221939,moving,moving_B_to_A,-0.610320330,1.283913493,0.081836000,0.002285503,0.965500951,-0.030077351,0.258646667,,,,,,,,,,,,,,,,,,,,,
1222,3739221,222078,moving,moving_B_to_A,-0.610350668,1.283858657,0.081761852,0.002203774,0.965498388,-0.030145662,0.258649051,,,,,,,,,,,,,,,,,,,,,
1223,3739374,222231,moving,moving_B_to_A,-0.610315382,1.283860207,0.081732720,0.002319504,0.965505898,-0.030027434,0.258633703,,,,,,,,,,,,,,,,,,,,,
1224,3739528,222385,moving,moving_B_to_A,-0.610341430,1.283875704,0.081646346,0.002296107,0.965516746,-0.030116890,0.258583009,,,,,,,,,,,,,,,,,,,,,
1225,3739679,222536,moving,moving_B_to_A,-0.610300124,1.283885002,0.081659608,0.002359209,0.965509653,-0.030178228,0.258601725,,,,,,,,,,,,,,,,,,,,,
1226,3739833,222690,moving,moving_B_to_A,-0.610291898,1.283876419,0.081633918,0.002398994,0.965508461,-0.030095624,0.258615345,,,,,,,,,,,,,,,,,,,,,
1227,3739985,222842,moving,moving_B_to_A,-0.610238016,1.283859849,0.081653424,0.002355217,0.965505421,-0.030063577,0.258631051,,,,,,,,,,,,,,,,,,,,,
1228,3740138,222995,moving,moving_B_to_A,-0.610197127,1.283847332,0.081681147,0.002319168,0.965503812,-0.030056566,0.258637995,,,,,,,,,,,,,,,,,,,,,
1229,3740291,223148,moving,moving_B_to_A,-0.610240221,1.283885717,0.081784502,0.002308527,0.965500653,-0.030079167,0.258647352,,,,,,,,,,,,,,,,,,,,,
1230,3740443,223300,moving,moving_B_to_A,-0.610317707,1.283882737,0.081810646,0.002285653,0.965510130,-0.030093899,0.258610427,,,,,,,,,,,,,,,,,,,,,
1231,3740597,223454,moving,moving_B_to_A,-0.610306501,1.283822775,0.081780620,0.002287755,0.965499103,-0.030097291,0.258651197,,,,,,,,,,,,,,,,,,,,,
1232,3740749,223606,moving,moving_B_to_A,-0.610371828,1.283907175,0.081757329,0.002281065,0.965502918,-0.030128159,0.258633286,,,,,,,,,,,,,,,,,,,,,
1233,3740903,223760,moving,moving_B_to_A,-0.610338867,1.283882618,0.081744201,0.002281722,0.965508938,-0.030099073,0.258614272,,,,,,,,,,,,,,,,,,,,,
1234,3741055,223912,moving,moving_B_to_A,-0.610300541,1.283861637,0.081721820,0.002253893,0.965499103,-0.030186215,0.258641034,,,,,,,,,,,,,,,,,,,,,
1235,3741207,224064,moving,moving_B_to_A,-0.610217154,1.283814311,0.081700720,0.002176914,0.965503216,-0.030228104,0.258621454,,,,,,,,,,,,,,,,,,,,,
1236,3741361,224218,moving,moving_B_to_A,-0.610213041,1.283878207,0.081705779,0.002133294,0.965507030,-0.030190514,0.258612126,,,,,,,,,,,,,,,,,,,,,
1237,3741513,224370,moving,moving_B_to_A,-0.610241771,1.283890009,0.081696086,0.002152163,0.965505004,-0.030230336,0.258614659,,,,,,,,,,,,,,,,,,,,,
1238,3741666,224523,moving,moving_B_to_A,-0.610261679,1.283892632,0.081659921,0.002138141,0.965507746,-0.030233365,0.258604288,,,,,,,,,,,,,,,,,,,,,
1239,3741818,224675,moving,moving_B_to_A,-0.610244036,1.283897281,0.081657924,0.002162417,0.965503037,-0.030210536,0.258624405,,,,,,,,,,,,,,,,,,,,,
1240,3741971,224828,moving,moving_B_to_A,-0.610265434,1.283911586,0.081663378,0.002118948,0.965505064,-0.030207260,0.258617580,,,,,,,,,,,,,,,,,,,,,
1241,3742124,224981,moving,moving_B_to_A,-0.610259533,1.283940196,0.081680618,0.001912941,0.965500593,-0.030315770,0.258623153,,,,,,,,,,,,,,,,,,,,,
1242,3742263,225120,moving,moving_B_to_A,-0.610242546,1.283935189,0.081671171,0.001716972,0.965502262,-0.030513341,0.258595049,,,,,,,,,,,,,,,,,,,,,
1243,3742415,225272,moving,moving_B_to_A,-0.610232472,1.284029961,0.081766263,0.001801148,0.965507925,-0.030476021,0.258577675,,,,,,,,,,,,,,,,,,,,,
