sample_id,logger_ms,recording_ms,test_type,phase_label,camera_x,camera_y,camera_z,camera_qx,camera_qy,camera_qz,camera_qw,common_x,common_y,common_z,common_qx,common_qy,common_qz,common_qw,chest_x,chest_y,chest_z,chest_qx,chest_qy,chest_qz,chest_qw,navel_x,navel_y,navel_z,navel_qx,navel_qy,navel_qz,navel_qw
0,2950956,5,stationary,stationary,0.247639924,0.709807992,-0.582804382,0.180424824,0.031441160,-0.007836313,0.983054876,-0.210803494,-0.309440523,-0.738507748,0.887362957,0.001198589,-0.053246014,0.457985133,-0.078507021,-0.315256536,-0.753931224,0.884277523,0.012361724,-0.068253376,0.461781234,-0.136940360,-0.397840679,-0.636909068,0.894306362,0.015648913,-0.062385228,0.442808449
1,2951133,182,stationary,stationary,0.247654483,0.709798813,-0.582871258,0.180420831,0.031433206,-0.007844818,0.983055830,-0.210947320,-0.309661090,-0.739297390,0.887803257,0.000443010,-0.054210559,0.457019001,-0.078536019,-0.315121204,-0.753570914,0.884157002,0.012399114,-0.067498639,0.462121844,-0.136932164,-0.397850424,-0.636904478,0.894075215,0.015846999,-0.062225312,0.443290383
2,2951301,350,stationary,stationary,0.247663379,0.709758639,-0.582919896,0.180423483,0.031439729,-0.007834205,0.983055174,-0.211062431,-0.309796274,-0.739706933,0.888171136,-0.000495862,-0.055725280,0.456121117,-0.078504413,-0.315362036,-0.754232764,0.884519815,0.012484688,-0.067750856,0.461387783,-0.136769637,-0.397510111,-0.636353016,0.893868625,0.016044039,-0.060461782,0.443943530
3,2951454,503,stationary,stationary,0.247674003,0.709780455,-0.582914531,0.180403426,0.031443343,-0.007833626,0.983058751,-0.210855171,-0.309527665,-0.739036500,0.887602270,0.000335114,-0.054674987,0.457354128,-0.078511678,-0.315320253,-0.754130900,0.884248793,0.012658709,-0.067925312,0.461876690,-0.136739552,-0.397376955,-0.636192203,0.893777370,0.015796859,-0.061693028,0.443966687
4,2951635,684,stationary,stationary,0.247670591,0.709832430,-0.582958400,0.180413648,0.031443615,-0.007832768,0.983056903,-0.210916683,-0.309579492,-0.738954842,0.888160169,0.001111410,-0.053686209,0.456385881,-0.078490190,-0.315200448,-0.753902197,0.884235740,0.012413199,-0.068239160,0.461861998,-0.136664718,-0.397190988,-0.635916054,0.893567026,0.015885431,-0.059939180,0.444626778
5,2951801,850,stationary,stationary,0.247688189,0.709809899,-0.582981586,0.180422395,0.031464662,-0.007826596,0.983054698,-0.211113691,-0.309842288,-0.739945650,0.887091696,-0.000070011,-0.056578301,0.458112717,-0.078542024,-0.315036595,-0.753510833,0.883745432,0.012363237,-0.067385145,0.462925941,-0.136605203,-0.397021323,-0.635696650,0.892857552,0.016087480,-0.060353149,0.445986718
6,2951968,1017,stationary,stationary,0.247702628,0.709748864,-0.582942903,0.180444464,0.031478576,-0.007810022,0.983050346,-0.210715353,-0.309331834,-0.738181293,0.888425112,0.001791741,-0.051701795,0.456097066,-0.078471497,-0.315249622,-0.753894389,0.884277225,0.012318687,-0.068600759,0.461731583,-0.136664838,-0.397161067,-0.635878623,0.893618762,0.016105579,-0.060187187,0.444481313
7,2952134,1183,stationary,stationary,0.247753903,0.709690511,-0.582861662,0.180437893,0.031484514,-0.007791376,0.983051479,-0.210858807,-0.309462786,-0.738803923,0.887634337,0.000863456,-0.054353196,0.457329482,-0.078556672,-0.315082908,-0.753586709,0.883972347,0.012529967,-0.067203037,0.462514460,-0.136930600,-0.397860527,-0.636995971,0.894360781,0.015117950,-0.063588038,0.442545861
8,2952301,1350,stationary,stationary,0.247693494,0.709722042,-0.582880735,0.180425778,0.031474680,-0.007798790,0.983053982,-0.210981488,-0.309666038,-0.739294052,0.888134539,0.000524507,-0.054262239,0.456368715,-0.078512952,-0.315166473,-0.753925800,0.884315073,0.012111830,-0.068525188,0.461675763,-0.136760429,-0.397362381,-0.636210561,0.893780529,0.016274389,-0.060822897,0.444063246
9,2952482,1531,stationary,stationary,0.247675017,0.709775448,-0.582879066,0.180404037,0.031464405,-0.007803835,0.983058214,-0.210839465,-0.309472322,-0.738846421,0.888000011,0.000696815,-0.053480815,0.456722349,-0.078464940,-0.315122247,-0.753796518,0.884328783,0.012006542,-0.069123261,0.461563021,-0.136758149,-0.397358537,-0.636295438,0.892854154,0.015771881,-0.061913129,0.445790857
10,2952649,1698,stationary,stationary,0.247682303,0.709792733,-0.582917273,0.180408105,0.031459600,-0.007808967,0.983057618,-0.210945189,-0.309599161,-0.739061117,0.887781501,0.000756800,-0.054913964,0.456976891,-0.078519307,-0.315367550,-0.754261851,0.884501517,0.012220228,-0.068824634,0.461270928,-0.136820763,-0.397491813,-0.636418700,0.893866003,0.015835583,-0.061987944,0.443745822
11,2952815,1864,stationary,stationary,0.247734144,0.709786475,-0.582960069,0.180403158,0.031447753,-0.007837369,0.983058631,-0.210805312,-0.309391707,-0.738534689,0.888003886,0.001125558,-0.053471029,0.456715077,-0.078443661,-0.314633965,-0.752707660,0.883868635,0.011757156,-0.067612089,0.462673277,-0.136772007,-0.397402883,-0.636259198,0.893636823,0.015828641,-0.061524786,0.444271833
12,2952982,2031,stationary,stationary,0.247756198,0.709764421,-0.583019197,0.180407152,0.031456593,-0.007839178,0.983057618,-0.211052388,-0.309749037,-0.739515543,0.888695061,0.000514904,-0.054012630,0.455305904,-0.078510270,-0.315155327,-0.753806412,0.884025037,0.012698157,-0.067400984,0.462380409,-0.136590794,-0.396879315,-0.635523260,0.892872989,0.016267246,-0.059362896,0.446082175
13,2953149,2198,stationary,stationary,0.247764722,0.709739029,-0.583079457,0.180408686,0.031460967,-0.007840606,0.983057201,-0.210841238,-0.309526443,-0.738656461,0.888517976,0.001589551,-0.051935781,0.455890328,-0.078508362,-0.315260231,-0.754030347,0.884126902,0.012490444,-0.068624213,0.462011248,-0.136845529,-0.397598118,-0.636605203,0.894132137,0.015866833,-0.061417885,0.443287551
14,2953315,2364,stationary,stationary,0.247698978,0.709720612,-0.583149672,0.180400327,0.031464029,-0.007815897,0.983058810,-0.211009875,-0.309639990,-0.739483953,0.887666047,0.000194045,-0.054763060,0.457219929,-0.078529298,-0.315003097,-0.753597260,0.884306788,0.011790978,-0.068158418,0.461754113,-0.136795074,-0.397380739,-0.636335135,0.893226385,0.015495633,-0.062476642,0.444975436
15,2953497,2546,stationary,stationary,0.247679859,0.709666729,-0.583139360,0.180429712,0.031458195,-0.007826827,0.983053565,-0.210926622,-0.309544861,-0.738827467,0.887653112,0.001920745,-0.052697219,0.457483649,-0.078468189,-0.314987570,-0.753524423,0.884228110,0.012044157,-0.067762151,0.461956590,-0.136607230,-0.396899849,-0.635597527,0.893057525,0.016539413,-0.058836866,0.445772320
16,2953661,2710,stationary,stationary,0.247695237,0.709676981,-0.583129525,0.180432707,0.031453509,-0.007835443,0.983053088,-0.210915715,-0.309535801,-0.738944352,0.888340116,0.000998411,-0.053312548,0.456079662,-0.078523412,-0.315127701,-0.753775001,0.884215057,0.012741496,-0.067766927,0.461962253,-0.136838257,-0.397625595,-0.636606157,0.894278586,0.015917839,-0.061422262,0.442989528
17,2953830,2879,stationary,stationary,0.247690469,0.709687948,-0.583130777,0.180427164,0.031471070,-0.007828123,0.983053565,-0.211125180,-0.309789211,-0.739997208,0.887484848,-0.000025026,-0.055856768,0.457439303,-0.078509748,-0.314858019,-0.753152370,0.883697331,0.012389061,-0.067174204,0.463047743,-0.136631906,-0.396995515,-0.635780632,0.892511427,0.015812589,-0.060590759,0.446656525
18,2953996,3045,stationary,stationary,0.247735307,0.709675431,-0.583144128,0.180428714,0.031458274,-0.007840604,0.983053565,-0.210985214,-0.309601337,-0.739452183,0.887301743,0.000281380,-0.055131044,0.457882285,-0.078515105,-0.315185785,-0.754003048,0.884538949,0.012012913,-0.068597756,0.461238533,-0.136857823,-0.397590369,-0.636622071,0.893868268,0.015695287,-0.062461101,0.443679810
19,2954163,3212,stationary,stationary,0.247717693,0.709635258,-0.583124399,0.180436641,0.031454988,-0.007835485,0.983052313,-0.210834488,-0.309464514,-0.738620102,0.887737989,0.001803015,-0.052107614,0.457386911,-0.078495622,-0.315141380,-0.753900230,0.884404719,0.012046624,-0.068587407,0.461496472,-0.136838675,-0.397645026,-0.636675537,0.894136071,0.015229558,-0.062848419,0.443101346
20,2954342,3391,stationary,stationary,0.247693196,0.709521890,-0.583159387,0.180436522,0.031468585,-0.007839904,0.983051836,-0.210893765,-0.309496373,-0.738779545,0.887793481,0.001217780,-0.053427137,0.457128853,-0.078548782,-0.315099120,-0.753681183,0.884062290,0.012311737,-0.067233130,0.462344080,-0.136841387,-0.397572547,-0.636631012,0.893506229,0.015715221,-0.062088519,0.444460005
21,2954509,3558,stationary,stationary,0.247702762,0.709538102,-0.583097279,0.180439517,0.031454746,-0.007830675,0.983051777,-0.210982010,-0.309564888,-0.739464819,0.887483776,0.000140638,-0.055699330,0.457460523,-0.078516617,-0.315052032,-0.753684402,0.884328246,0.011852074,-0.067594662,0.461794347,-0.136872232,-0.397624880,-0.636696458,0.893831253,0.015583723,-0.062360696,0.443772405
22,2954676,3725,stationary,stationary,0.247675925,0.709614038,-0.583103120,0.180434346,0.031433944,-0.007852601,0.983053267,-0.210965484,-0.309602648,-0.739169061,0.887928128,0.001264894,-0.053275947,0.456884742,-0.078512721,-0.315308064,-0.754196465,0.884317219,0.012467416,-0.068306930,0.461694479,-0.136781961,-0.397415936,-0.636324346,0.894029677,0.015735485,-0.061713461,0.443457693
23,2954842,3891,stationary,stationary,0.247729212,0.709641814,-0.583058953,0.180454895,0.031444021,-0.007856465,0.983049154,-0.210902244,-0.309530199,-0.739065170,0.887992501,0.001000780,-0.053359259,0.456750602,-0.078529492,-0.315266907,-0.754209042,0.884741127,0.011985082,-0.068728581,0.460831851,-0.136864066,-0.397607833,-0.636650681,0.894117117,0.015785646,-0.061759338,0.443273246
24,2955010,4059,stationary,stationary,0.247737646,0.709636092,-0.583003640,0.180427954,0.031447001,-0.007845987,0.983054042,-0.210947379,-0.309554219,-0.739130139,0.887883246,0.000909049,-0.053739555,0.456918597,-0.078513913,-0.314894497,-0.753305137,0.883866429,0.012308563,-0.067102984,0.462737381,-0.136801273,-0.397467583,-0.636521041,0.893011153,0.015587715,-0.062703386,0.445372254
25,2955176,4225,stationary,stationary,0.247786298,0.709650755,-0.582967639,0.180421188,0.031447664,-0.007837308,0.983055353,-0.210905135,-0.309451938,-0.738896370,0.887006104,0.001052219,-0.054291535,0.458553672,-0.078561306,-0.315325409,-0.754265249,0.884558737,0.012202526,-0.067258000,0.461392820,-0.136821777,-0.397502303,-0.636560380,0.893829107,0.015588592,-0.062086169,0.443815023
26,2955343,4392,stationary,stationary,0.247799024,0.709611297,-0.582947969,0.180415541,0.031445116,-0.007851923,0.983056366,-0.210802421,-0.309398115,-0.738439620,0.889153123,0.001867029,-0.050970152,0.454758495,-0.078498572,-0.314919531,-0.753273785,0.883719146,0.012378524,-0.067640141,0.462938547,-0.136764377,-0.397295773,-0.636267304,0.893279731,0.015796605,-0.062035605,0.444919407
27,2955524,4573,stationary,stationary,0.247812107,0.709583163,-0.582962036,0.180420250,0.031447265,-0.007821636,0.983055651,-0.211005569,-0.309646130,-0.739434540,0.887985647,0.000201906,-0.055000395,0.456570208,-0.078573249,-0.315326959,-0.754331052,0.884678423,0.011873291,-0.068902232,0.460929126,-0.136843532,-0.397562325,-0.636616588,0.893610835,0.015494240,-0.063177556,0.444103867
28,2955690,4739,stationary,stationary,0.247836500,0.709631145,-0.583074033,0.180417597,0.031454694,-0.007832658,0.983055830,-0.210854292,-0.309349507,-0.738619924,0.887425900,0.001619304,-0.053158585,0.457872093,-0.078533269,-0.315286756,-0.754228950,0.884692013,0.011943409,-0.068550371,0.460953683,-0.136717439,-0.397168189,-0.636036396,0.893447936,0.016304065,-0.060099583,0.444829196
29,2955857,4906,stationary,stationary,0.247839689,0.709647775,-0.583135962,0.180420160,0.031452127,-0.007832048,0.983055413,-0.210981607,-0.309545189,-0.739132762,0.888014615,0.000977243,-0.053722400,0.456665099,-0.078524649,-0.315234631,-0.754078865,0.884754539,0.012114763,-0.068516135,0.460834295,-0.136887223,-0.397670180,-0.636769891,0.894277096,0.016026450,-0.061839845,0.442930579
30,2956024,5073,stationary,stationary,0.247779012,0.709673643,-0.583119452,0.180451021,0.031447064,-0.007848648,0.983049810,-0.210809484,-0.309294254,-0.738502622,0.887188971,0.001744361,-0.053146500,0.458331883,-0.078496560,-0.315291643,-0.754239440,0.884621084,0.012084819,-0.068021782,0.461164266,-0.136614084,-0.396928787,-0.635705292,0.892392099,0.015688159,-0.061151758,0.446822852
31,2956209,5258,stationary,stationary,0.247838289,0.709619522,-0.583125949,0.180417284,0.031454511,-0.007844674,0.983055830,-0.210956037,-0.309592962,-0.739045084,0.888570905,0.001327035,-0.052437771,0.455730408,-0.078528374,-0.315095067,-0.753735840,0.883873224,0.012634462,-0.067357793,0.462678552,-0.136851400,-0.397584617,-0.636681497,0.893597841,0.015340029,-0.062511057,0.444229692
32,2956371,5420,stationary,stationary,0.247874141,0.709624171,-0.583141923,0.180412516,0.031457324,-0.007844705,0.983056605,-0.211045563,-0.309657127,-0.739524961,0.887534499,0.000538864,-0.055110183,0.457433105,-0.078517362,-0.315191031,-0.753926218,0.884181380,0.012292615,-0.067829885,0.462029517,-0.136839807,-0.397461474,-0.636478722,0.893924832,0.016205976,-0.061232276,0.443718761
33,2956538,5587,stationary,stationary,0.247876436,0.709637225,-0.583153665,0.180414140,0.031458966,-0.007841032,0.983056247,-0.210991159,-0.309615642,-0.739170611,0.887721360,0.001435064,-0.053213950,0.457293183,-0.078557491,-0.314819425,-0.753100514,0.883773685,0.012261262,-0.067192540,0.462902665,-0.136781827,-0.397289038,-0.636310756,0.893118739,0.015741000,-0.062117908,0.445233077
34,2956704,5753,stationary,stationary,0.247891277,0.709619164,-0.583182395,0.180422992,0.031456847,-0.007838722,0.983054698,-0.210807964,-0.309288234,-0.738365471,0.887764215,0.001973006,-0.052672561,0.457270682,-0.078543410,-0.314932972,-0.753458798,0.884222329,0.011973225,-0.068129294,0.461915582,-0.136957049,-0.397791564,-0.636996686,0.894174516,0.015437439,-0.063486211,0.442925721
35,2956870,5919,stationary,stationary,0.247867420,0.709633827,-0.583232105,0.180436850,0.031445887,-0.007874338,0.983052254,-0.210759759,-0.309325516,-0.738174140,0.888377666,0.002259949,-0.051402077,0.456221312,-0.078528926,-0.315380096,-0.754326999,0.884447038,0.012211992,-0.068136990,0.461477637,-0.137002409,-0.397983372,-0.637281537,0.894268870,0.015350431,-0.063555434,0.442728221
36,2957038,6087,stationary,stationary,0.247753426,0.709711015,-0.583218336,0.180410936,0.031422943,-0.007882065,0.983057678,-0.210897893,-0.309488654,-0.738846898,0.888089240,0.001358456,-0.053237524,0.456575692,-0.078518972,-0.315259516,-0.754195571,0.884485960,0.011864902,-0.068793789,0.461314768,-0.136816174,-0.397439420,-0.636450648,0.893466592,0.016061325,-0.060976446,0.444681257
37,2957219,6268,stationary,stationary,0.247769400,0.709669352,-0.583168387,0.180413038,0.031423606,-0.007852391,0.983057499,-0.210850433,-0.309346795,-0.738603890,0.888292670,0.001325820,-0.052924711,0.456216365,-0.078579798,-0.315416515,-0.754557967,0.884897232,0.011581779,-0.068419352,0.460588276,-0.136803553,-0.397433877,-0.636387110,0.894018352,0.015857559,-0.062139235,0.443416864
38,2957385,6434,stationary,stationary,0.247789949,0.709643960,-0.583137095,0.180411637,0.031410649,-0.007877843,0.983057976,-0.210811734,-0.309325904,-0.738404632,0.889023900,0.001673762,-0.051210258,0.454984903,-0.078565642,-0.315220118,-0.754114270,0.884579480,0.011915146,-0.067903720,0.461265951,-0.136851519,-0.397526979,-0.636612713,0.893755317,0.015532268,-0.062180925,0.443952382
39,2957551,6600,stationary,stationary,0.247786507,0.709605217,-0.583126962,0.180417344,0.031415120,-0.007855874,0.983056962,-0.210961610,-0.309517741,-0.738992572,0.888062656,0.001419971,-0.052784108,0.456679970,-0.078564703,-0.315068752,-0.753763974,0.884330809,0.011717754,-0.068093233,0.461719722,-0.136781126,-0.397377044,-0.636406422,0.893093169,0.015614984,-0.062810861,0.445191562
40,2957719,6768,stationary,stationary,0.247814387,0.709632397,-0.583133459,0.180413142,0.031429525,-0.007846083,0.983057380,-0.210793853,-0.309301138,-0.738441110,0.887325168,0.001693312,-0.053109068,0.458072662,-0.078582540,-0.315017611,-0.753514111,0.884023130,0.012254338,-0.067055583,0.462446153,-0.136853859,-0.397542179,-0.636640966,0.893746197,0.015526268,-0.062029365,0.443992138
41,2957885,6934,stationary,stationary,0.247824267,0.709650755,-0.583109975,0.180406511,0.031436186,-0.007847677,0.983058333,-0.210837543,-0.309397370,-0.738427222,0.888830125,0.001893078,-0.051160280,0.455368012,-0.078513950,-0.315212667,-0.754082024,0.884753346,0.011760351,-0.068121247,0.460904241,-0.136826336,-0.397447646,-0.636487365,0.893224478,0.015538908,-0.062745303,0.444939971
42,2958067,7116,stationary,stationary,0.247829899,0.709709048,-0.583092153,0.180403054,0.031433195,-0.007854583,0.983058989,-0.210847169,-0.309417605,-0.738688350,0.888784468,0.001169963,-0.053089660,0.455238700,-0.078564934,-0.315030485,-0.753641367,0.883861482,0.012257827,-0.067238197,0.462728500,-0.136763811,-0.397287130,-0.636280417,0.893437982,0.015745761,-0.061833072,0.444631696
43,2958233,7282,stationary,stationary,0.247856095,0.709715426,-0.583036423,0.180398285,0.031433310,-0.007839781,0.983060002,-0.210780814,-0.309325337,-0.738264561,0.889102101,0.001994161,-0.050976634,0.454857022,-0.078586146,-0.315373838,-0.754481196,0.884780228,0.012026276,-0.068527937,0.460785478,-0.136787549,-0.397397012,-0.636343658,0.893950403,0.015800001,-0.061895814,0.443589777
44,2958400,7449,stationary,stationary,0.247883961,0.709706783,-0.583011448,0.180370674,0.031455327,-0.007839359,0.983064353,-0.211061984,-0.309701145,-0.739606857,0.887806177,0.001014379,-0.054121554,0.457022995,-0.078530103,-0.315214843,-0.754135013,0.884559393,0.011945857,-0.067855611,0.461310744,-0.136853397,-0.397523612,-0.636626601,0.893353999,0.015568802,-0.062765636,0.444675952
45,2958565,7614,stationary,stationary,0.247874573,0.709698558,-0.582976878,0.180380136,0.031432450,-0.007844068,0.983063340,-0.210842848,-0.309427321,-0.738503337,0.889391005,0.001908091,-0.050772116,0.454315096,-0.078593247,-0.315288931,-0.754270136,0.884706855,0.011669218,-0.067683645,0.461060286,-0.136823311,-0.397467166,-0.636543691,0.893667519,0.015765777,-0.061832532,0.444169462
46,2958732,7781,stationary,stationary,0.247865528,0.709688067,-0.582942963,0.180366382,0.031433556,-0.007843577,0.983065784,-0.211064383,-0.309655011,-0.739530146,0.887630343,0.001105111,-0.054078687,0.457369298,-0.078515649,-0.314840674,-0.753363967,0.884253502,0.011648167,-0.068238653,0.461848021,-0.136869609,-0.397629917,-0.636698604,0.894405365,0.015407098,-0.062060725,0.442662597
47,2958912,7961,stationary,stationary,0.247847438,0.709660947,-0.582965732,0.180374801,0.031450748,-0.007843534,0.983063698,-0.210962847,-0.309523463,-0.739050806,0.888609469,0.001175707,-0.052836854,0.455609590,-0.078571334,-0.315100908,-0.753853023,0.884298384,0.012056730,-0.067754522,0.461822867,-0.136795938,-0.397288650,-0.636331856,0.893030643,0.015757419,-0.062820420,0.445310652
48,2959079,8128,stationary,stationary,0.247827426,0.709693551,-0.582985044,0.180351660,0.031436116,-0.007855834,0.983068347,-0.210888788,-0.309414923,-0.738738239,0.888164043,0.001373256,-0.053112738,0.456444710,-0.078551605,-0.315214902,-0.754106939,0.884541750,0.011948433,-0.068375632,0.461267710,-0.136866972,-0.397643507,-0.636678338,0.894052446,0.016082827,-0.061252881,0.443463266
49,2959250,8299,stationary,stationary,0.247908950,0.709709466,-0.583072126,0.180364892,0.031441860,-0.007875405,0.983065546,-0.211016342,-0.309580505,-0.739337504,0.888044059,0.000939453,-0.054220505,0.456549078,-0.078514308,-0.315174699,-0.754054070,0.884469926,0.011616389,-0.068138979,0.461448908,-0.136777654,-0.397284865,-0.636243999,0.893883765,0.016136849,-0.061506130,0.443766236
50,2959412,8461,stationary,stationary,0.247904152,0.709701955,-0.583166480,0.180376172,0.031435892,-0.007880230,0.983063638,-0.211024001,-0.309525788,-0.739462972,0.887556195,0.000262168,-0.055451978,0.457349986,-0.078560300,-0.315325797,-0.754359841,0.884721816,0.011855335,-0.069119468,0.460813701,-0.137003392,-0.397883654,-0.637103438,0.894263089,0.015601338,-0.062945224,0.442818284
51,2959593,8642,stationary,stationary,0.247918978,0.709683120,-0.583219647,0.180369228,0.031445540,-0.007870032,0.983064711,-0.210898235,-0.309423387,-0.738757730,0.888208926,0.001661686,-0.052286953,0.456451744,-0.078561366,-0.315118313,-0.753881514,0.884375632,0.012277058,-0.068090826,0.461619645,-0.136779562,-0.397288650,-0.636262655,0.893521547,0.015774898,-0.062060636,0.444431007
52,2959759,8808,stationary,stationary,0.247926429,0.709664464,-0.583214462,0.180375695,0.031438898,-0.007815653,0.983064115,-0.210891098,-0.309438169,-0.738728881,0.888678312,0.001668316,-0.052382991,0.455526203,-0.078573450,-0.315365225,-0.754465044,0.884834409,0.011831846,-0.068340436,0.460714340,-0.136866152,-0.397549093,-0.636631131,0.893801451,0.015745960,-0.062385220,0.443823367
53,2959926,8975,stationary,stationary,0.247903496,0.709615707,-0.583144426,0.180388093,0.031445958,-0.007847451,0.983061433,-0.210702106,-0.309202790,-0.737913072,0.888575673,0.002589377,-0.050101019,0.455978572,-0.078588381,-0.315428197,-0.754559815,0.884666920,0.011827212,-0.068273604,0.461045921,-0.136925012,-0.397756368,-0.636968791,0.894185185,0.015729252,-0.062087741,0.443092078
54,2960093,9142,stationary,stationary,0.247883409,0.709599972,-0.583137572,0.180392534,0.031437013,-0.007859609,0.983060777,-0.210943863,-0.309423029,-0.739089012,0.887481809,0.001025081,-0.054430239,0.457615942,-0.078555539,-0.315463483,-0.754664063,0.885255754,0.011750807,-0.068271875,0.459916443,-0.136956230,-0.397773534,-0.636998057,0.894272983,0.015338222,-0.062847771,0.442821294
55,2960273,9322,stationary,stationary,0.247851938,0.709574461,-0.583139479,0.180372983,0.031433273,-0.007870518,0.983064413,-0.210981756,-0.309581697,-0.739124775,0.888832986,0.001096668,-0.052619345,0.455198795,-0.078563854,-0.314998955,-0.753667355,0.884355187,0.011640119,-0.068663880,0.461590379,-0.136885375,-0.397630453,-0.636787295,0.893854618,0.015513001,-0.062162179,0.443755746
56,2960440,9489,stationary,stationary,0.247883335,0.709563732,-0.583086073,0.180388838,0.031447783,-0.007872824,0.983061016,-0.210986912,-0.309559584,-0.739020705,0.888145447,0.001348633,-0.053670429,0.456415743,-0.078540668,-0.314854324,-0.753314912,0.884168804,0.011759103,-0.067918815,0.462054461,-0.136832252,-0.397454619,-0.636494875,0.893712699,0.015732307,-0.061979972,0.444059193
57,2960607,9656,stationary,stationary,0.247927681,0.709675431,-0.583053589,0.180383652,0.031427287,-0.007863589,0.983062685,-0.210922197,-0.309431255,-0.738905013,0.888316453,0.001154959,-0.053157795,0.456143379,-0.078550652,-0.315086126,-0.753828347,0.884341657,0.011876623,-0.068151258,0.461686194,-0.136895314,-0.397586882,-0.636719286,0.893549740,0.015792372,-0.062543668,0.444305927
58,2960774,9823,stationary,stationary,0.247978315,0.709735632,-0.583025455,0.180380553,0.031431012,-0.007857270,0.983063221,-0.211002767,-0.309634537,-0.739233494,0.889099479,0.000820964,-0.052253023,0.454720825,-0.078567401,-0.314821839,-0.753035307,0.883618593,0.012310277,-0.067710854,0.463121921,-0.136855930,-0.397577882,-0.636707425,0.893673778,0.015445405,-0.063057609,0.443995953
59,2960940,9989,stationary,stationary,0.248007104,0.709772289,-0.583000541,0.180382043,0.031436905,-0.007841541,0.983062863,-0.210843533,-0.309322208,-0.738515973,0.887890041,0.002023416,-0.052449994,0.457051665,-0.078529656,-0.315241814,-0.754184544,0.884755969,0.011867308,-0.068271160,0.460874319,-0.136912674,-0.397627592,-0.636757672,0.894023716,0.015806181,-0.062515199,0.443355054
60,2961107,10156,stationary,stationary,0.248013154,0.709732354,-0.583020926,0.180369437,0.031437054,-0.007858017,0.983065009,-0.210850105,-0.309323132,-0.738623857,0.888190329,0.001235691,-0.053141277,0.456390679,-0.078569554,-0.315216064,-0.754074454,0.884280562,0.012420001,-0.067273319,0.461917728,-0.136935323,-0.397718132,-0.636841476,0.894580364,0.015817344,-0.062619790,0.442215562
61,2961274,10323,stationary,stationary,0.248008579,0.709724784,-0.583070457,0.180364579,0.031430371,-0.007853249,0.983066201,-0.211016536,-0.309577972,-0.739370763,0.887763739,0.000855186,-0.054130428,0.457104683,-0.078567512,-0.314966917,-0.753503203,0.883924961,0.012403438,-0.067435764,0.462574571,-0.136954665,-0.397834182,-0.637009025,0.894064426,0.015248198,-0.064166166,0.443056464
62,2961440,10489,stationary,stationary,0.248025790,0.709653735,-0.583132505,0.180371672,0.031409368,-0.007868614,0.983065426,-0.211072966,-0.309718013,-0.739517748,0.887921095,0.001221430,-0.053497355,0.456872731,-0.078571089,-0.315369725,-0.754474342,0.884831071,0.011813057,-0.068892419,0.460639030,-0.136792600,-0.397281587,-0.636223018,0.892929792,0.015960662,-0.062100694,0.445606619
63,2961618,10667,stationary,stationary,0.247924641,0.709631324,-0.583180785,0.180373773,0.031422246,-0.007846076,0.983064830,-0.210847452,-0.309323609,-0.738625586,0.888621092,0.001233622,-0.053142395,0.455551296,-0.078559846,-0.315006822,-0.753606379,0.884120941,0.012366799,-0.066992640,0.462265342,-0.136784494,-0.397345275,-0.636354148,0.893391252,0.015694793,-0.062661454,0.444611430
64,2961786,10835,stationary,stationary,0.247912645,0.709617674,-0.583244622,0.180379137,0.031418093,-0.007893058,0.983063579,-0.210888818,-0.309470832,-0.738585353,0.888988137,0.002501762,-0.050755892,0.455101788,-0.078519538,-0.314814925,-0.753273308,0.883982778,0.011715644,-0.067855433,0.462420613,-0.136842817,-0.397436142,-0.636571109,0.893253267,0.015906179,-0.061841749,0.444995761
65,2961954,11003,stationary,stationary,0.247924969,0.709598005,-0.583294332,0.180389851,0.031423274,-0.007876578,0.983061552,-0.210956335,-0.309452266,-0.738843024,0.888125241,0.001737629,-0.052925594,0.456540734,-0.078565970,-0.315129846,-0.753920436,0.884595573,0.011829803,-0.067775339,0.461256236,-0.136939555,-0.397733718,-0.636861563,0.894532323,0.015874503,-0.061467595,0.442472309
66,2962134,11183,stationary,stationary,0.247908831,0.709582686,-0.583286166,0.180397779,0.031422842,-0.007879240,0.983060122,-0.210815161,-0.309343994,-0.738248527,0.888918817,0.002599685,-0.050495561,0.455265641,-0.078594550,-0.315269768,-0.754287183,0.884557486,0.011828193,-0.067615196,0.461352766,-0.136827558,-0.397417128,-0.636469066,0.893825710,0.015421168,-0.062931761,0.443708599
67,2962301,11350,stationary,stationary,0.247941405,0.709593892,-0.583195925,0.180395111,0.031419881,-0.007874728,0.983060718,-0.210909173,-0.309423149,-0.738774240,0.888071835,0.001519052,-0.053245172,0.456608236,-0.078562208,-0.315294027,-0.754324913,0.884757400,0.011756158,-0.068708077,0.460809439,-0.136902720,-0.397542775,-0.636769831,0.893953800,0.015235968,-0.063413166,0.443388343
68,2962468,11517,stationary,stationary,0.247970283,0.709619641,-0.583144844,0.180394202,0.031430531,-0.007876544,0.983060539,-0.210870147,-0.309414327,-0.738773286,0.887535214,0.001560855,-0.052705742,0.457712740,-0.078565024,-0.315051496,-0.753726304,0.884605944,0.011653652,-0.067797944,0.461237371,-0.136876911,-0.397565007,-0.636618137,0.894141614,0.015991757,-0.061708011,0.443223596
69,2962634,11683,stationary,stationary,0.247884616,0.709683299,-0.583096504,0.180384293,0.031402908,-0.007888222,0.983063161,-0.210893363,-0.309402585,-0.738823414,0.888553441,0.001400779,-0.052762292,0.455726922,-0.078575723,-0.315099776,-0.753887057,0.884460151,0.012056832,-0.068211801,0.461445600,-0.136849388,-0.397495866,-0.636586428,0.893457949,0.015539578,-0.063451305,0.444370806
70,2962802,11851,stationary,stationary,0.247960702,0.709652901,-0.583052397,0.180375278,0.031415224,-0.007880218,0.983064473,-0.210862339,-0.309384704,-0.738630891,0.887839675,0.001855824,-0.052123949,0.457187414,-0.078584999,-0.315078139,-0.753844798,0.884372830,0.011875194,-0.067493431,0.461723179,-0.136855081,-0.397524804,-0.636636972,0.893278003,0.015959188,-0.061745580,0.444957465
71,2962968,12017,stationary,stationary,0.247993514,0.709665179,-0.583016396,0.180374324,0.031418905,-0.007864418,0.983064651,-0.210950762,-0.309503973,-0.739099324,0.887220383,0.001206914,-0.054365829,0.458129734,-0.078567877,-0.314954877,-0.753532588,0.884086132,0.011875981,-0.068797313,0.462079704,-0.136918843,-0.397738099,-0.636873007,0.894378960,0.015405716,-0.062769398,0.442616105
72,2963134,12183,stationary,stationary,0.248028874,0.709681928,-0.583015740,0.180397302,0.031423051,-0.007856923,0.983060360,-0.210841939,-0.309354782,-0.738451362,0.889210105,0.001864194,-0.050767321,0.454669833,-0.078576960,-0.315038055,-0.753668606,0.883955956,0.012192868,-0.067309663,0.462539285,-0.136784077,-0.397306174,-0.636340022,0.893315494,0.016076151,-0.061522759,0.444908887
73,2963301,12350,stationary,stationary,0.248007491,0.709620833,-0.583126247,0.180396497,0.031427849,-0.007849657,0.983060420,-0.210812628,-0.309329510,-0.738462687,0.889248550,0.001570854,-0.051313277,0.454534322,-0.078533404,-0.314909309,-0.753401041,0.884270906,0.011868997,-0.068163902,0.461820066,-0.136823088,-0.397408068,-0.636484265,0.893426955,0.015552117,-0.062860683,0.444516569
74,2963482,12531,stationary,stationary,0.247987241,0.709555268,-0.583170116,0.180410072,0.031432334,-0.007853127,0.983057737,-0.210820541,-0.309366584,-0.738379657,0.888913631,0.002056230,-0.051015288,0.455220610,-0.078586362,-0.315050453,-0.753799021,0.884249926,0.011921356,-0.067603625,0.461941212,-0.136847317,-0.397510141,-0.636643291,0.893286169,0.015692167,-0.062441021,0.444853604
75,2963649,12698,stationary,stationary,0.248010069,0.709561765,-0.583277583,0.180414230,0.031433135,-0.007850376,0.983057022,-0.210963175,-0.309516072,-0.739059269,0.888308167,0.001408645,-0.052559100,0.456228137,-0.078548238,-0.314977050,-0.753610015,0.884230912,0.011955842,-0.067649819,0.461970031,-0.136851639,-0.397537321,-0.636685371,0.893597722,0.015480893,-0.062674493,0.444202036
76,2963815,12864,stationary,stationary,0.248025864,0.709536970,-0.583240569,0.180409387,0.031446248,-0.007836502,0.983057559,-0.210891917,-0.309336483,-0.738711596,0.888339520,0.001524862,-0.052745532,0.456145227,-0.078537494,-0.314807951,-0.753260493,0.883867621,0.011735803,-0.067231506,0.462731272,-0.136876196,-0.397565067,-0.636732221,0.893850744,0.015098628,-0.063188568,0.443632841
77,2963982,13031,stationary,stationary,0.247984394,0.709572077,-0.583228230,0.180427402,0.031450197,-0.007839795,0.983054101,-0.210749879,-0.309197932,-0.738131106,0.888918102,0.002051702,-0.050977208,0.455216140,-0.078575939,-0.314953208,-0.753606558,0.884316385,0.011675715,-0.067807741,0.461790323,-0.136756629,-0.397256315,-0.636265576,0.892781496,0.015080261,-0.063329346,0.445761383
78,2964162,13211,stationary,stationary,0.247949287,0.709600151,-0.583204746,0.180412009,0.031445555,-0.007846284,0.983057022,-0.210867897,-0.309343517,-0.738692641,0.887728035,0.001513876,-0.053401768,0.457258016,-0.078549229,-0.315127879,-0.753911972,0.884362340,0.011876658,-0.067705549,0.461712182,-0.136876956,-0.397575319,-0.636680067,0.893810630,0.015694045,-0.062333014,0.443813980
79,2964330,13379,stationary,stationary,0.247993559,0.709534049,-0.583099008,0.180443659,0.031449027,-0.007844865,0.983051121,-0.210904732,-0.309387624,-0.738823533,0.888682544,0.000804720,-0.053425066,0.455399275,-0.078590423,-0.315117925,-0.753897071,0.884449899,0.011696571,-0.067909829,0.461519092,-0.136841014,-0.397498131,-0.636608064,0.893696666,0.015365774,-0.062986791,0.443962663
80,2964496,13545,stationary,stationary,0.248030767,0.709526420,-0.583003342,0.180401683,0.031449597,-0.007826068,0.983058929,-0.210746661,-0.309164822,-0.738039374,0.888850689,0.002421520,-0.050456651,0.455403954,-0.078570239,-0.314957678,-0.753675163,0.884462178,0.011646202,-0.067378394,0.461574733,-0.136826485,-0.397317261,-0.636421800,0.893275857,0.015519203,-0.062617347,0.444855601
81,2964665,13714,stationary,stationary,0.248071507,0.709546506,-0.582957089,0.180387527,0.031445969,-0.007843586,0.983061552,-0.210916683,-0.309469044,-0.738865554,0.888580859,0.001284149,-0.052647322,0.455687046,-0.078582510,-0.315094680,-0.753899992,0.884558797,0.011836763,-0.067188166,0.461412460,-0.136890948,-0.397595733,-0.636736095,0.893809140,0.015721366,-0.062736586,0.443759173
82,2964833,13882,stationary,stationary,0.248112366,0.709564686,-0.582987130,0.180386901,0.031442627,-0.007847246,0.983061731,-0.210826576,-0.309392065,-0.738343060,0.888989151,0.002539290,-0.050026610,0.455180436,-0.078600444,-0.315051317,-0.753730834,0.884392858,0.011847860,-0.066903248,0.461771488,-0.136863872,-0.397501409,-0.636603475,0.893385649,0.015311011,-0.062955707,0.444594413
83,2965010,14059,stationary,stationary,0.248118967,0.709586501,-0.583072841,0.180385590,0.031459358,-0.007832921,0.983061552,-0.211054817,-0.309583783,-0.739250839,0.888647556,0.001243597,-0.053331986,0.455477476,-0.078574494,-0.314950526,-0.753541827,0.884201944,0.011885642,-0.067740493,0.462014019,-0.136831790,-0.397381544,-0.636458576,0.893673897,0.015156538,-0.062564567,0.444075346
84,2965176,14225,stationary,stationary,0.248110577,0.709564269,-0.583136320,0.180409208,0.031455278,-0.007830501,0.983057380,-0.211011216,-0.309625298,-0.739431918,0.888096929,0.000740283,-0.053945564,0.456479192,-0.078605399,-0.315026462,-0.753536344,0.884080887,0.012272066,-0.066636965,0.462395817,-0.136805505,-0.397373438,-0.636394501,0.893431067,0.015425347,-0.062641717,0.444543600
85,2965343,14392,stationary,stationary,0.248035967,0.709565163,-0.583185375,0.180401489,0.031462919,-0.007833809,0.983058512,-0.210877374,-0.309351921,-0.738647997,0.887996793,0.001860156,-0.051762488,0.456923246,-0.078468889,-0.314529002,-0.752594650,0.883905411,0.011304974,-0.066538557,0.462769955,-0.136787370,-0.397230655,-0.636256754,0.893256426,0.015610634,-0.062520564,0.444905013
86,2965511,14560,stationary,stationary,0.248014599,0.709487081,-0.583213627,0.180422500,0.031450845,-0.007820367,0.983055115,-0.210823968,-0.309295177,-0.738420427,0.888310611,0.001943611,-0.051946655,0.456291676,-0.078547910,-0.315213025,-0.754131079,0.884642124,0.012011644,-0.067883655,0.461146295,-0.136594012,-0.396754056,-0.635475099,0.893083513,0.016635524,-0.059470132,0.445632696
87,2965690,14739,stationary,stationary,0.248041898,0.709462464,-0.583225727,0.180435985,0.031493571,-0.007843066,0.983051121,-0.210877419,-0.309407383,-0.738661289,0.888726294,0.001360805,-0.052877296,0.455376565,-0.078554794,-0.315056175,-0.753780007,0.884149194,0.012053491,-0.068847150,0.461946964,-0.136965692,-0.397789896,-0.637013912,0.894010365,0.015455909,-0.062900305,0.443339795
88,2965857,14906,stationary,stationary,0.248105437,0.709416032,-0.583187699,0.180415317,0.031469807,-0.007817717,0.983055890,-0.210862905,-0.309370279,-0.738663971,0.888505876,0.001594936,-0.051606059,0.455951333,-0.078602672,-0.315256357,-0.754304230,0.884785593,0.011666187,-0.067766525,0.460897058,-0.136900023,-0.397674799,-0.636746049,0.894726574,0.016006220,-0.061999932,0.442000151
89,2966024,15073,stationary,stationary,0.248047024,0.709421933,-0.583184838,0.180539876,0.031508323,-0.007835415,0.983031631,-0.210907638,-0.309941828,-0.739049733,0.887608171,-0.000476935,-0.055461500,0.457247823,-0.078508914,-0.315496862,-0.754230857,0.883840561,0.013547344,-0.065889627,0.462926477,-0.136920393,-0.398040175,-0.636779845,0.892866194,0.015932918,-0.062305536,0.445706397
90,2966191,15240,stationary,stationary,0.248026386,0.709540248,-0.583231091,0.180423662,0.031482305,-0.007856918,0.983053625,-0.210934639,-0.309529066,-0.738962233,0.887343466,0.001287144,-0.053987667,0.457935899,-0.078522503,-0.315078914,-0.753781140,0.884662628,0.011703481,-0.067758821,0.461133212,-0.136644319,-0.396988183,-0.635742426,0.892797112,0.015879609,-0.060110107,0.446147889
91,2966358,15407,stationary,stationary,0.248044163,0.709533095,-0.583223820,0.180378720,0.031502526,-0.007841279,0.983061373,-0.210986555,-0.309506953,-0.739121675,0.889212012,0.001103530,-0.053339627,0.454373896,-0.078610867,-0.315546185,-0.754804552,0.885062635,0.012418286,-0.067604072,0.460368961,-0.136804223,-0.397300512,-0.636408508,0.893306375,0.015428787,-0.062816828,0.444769323
92,2966524,15573,stationary,stationary,0.248121992,0.709508538,-0.583232701,0.180374980,0.031479232,-0.007844282,0.983062804,-0.210751742,-0.309332281,-0.738222301,0.887938559,0.001793794,-0.051919095,0.457018942,-0.078586102,-0.315049052,-0.753525317,0.884149551,0.012443626,-0.066907756,0.462220788,-0.136845767,-0.397561610,-0.636492491,0.894484997,0.016058294,-0.060603499,0.442680418
93,2966690,15739,stationary,stationary,0.248112097,0.709623575,-0.583281219,0.180266112,0.031462878,-0.007806920,0.983083546,-0.210929573,-0.309211910,-0.738625824,0.889006674,0.002089030,-0.051795948,0.454950482,-0.078670233,-0.315266490,-0.754662395,0.884651303,0.011692943,-0.067916080,0.461132079,-0.136831775,-0.397080541,-0.636339188,0.893410683,0.015519815,-0.062143099,0.444651246
94,2966871,15920,stationary,stationary,0.248221293,0.709533930,-0.583224952,0.180493578,0.031474158,-0.007838452,0.983041167,-0.210891232,-0.309796989,-0.739029944,0.887407720,-0.000163321,-0.055201512,0.457668364,-0.078602202,-0.315401882,-0.753968060,0.883924127,0.013398971,-0.064964332,0.462902009,-0.136945814,-0.398056209,-0.637014151,0.894479096,0.015085529,-0.063649453,0.442299008
95,2967038,16087,stationary,stationary,0.248159915,0.709624290,-0.583267272,0.180306271,0.031462211,-0.007835028,0.983075976,-0.210933074,-0.309278607,-0.738716543,0.889278829,0.001879752,-0.052130986,0.454380959,-0.078615174,-0.315410048,-0.754938364,0.884937704,0.011727902,-0.068396628,0.460510135,-0.136908591,-0.397408485,-0.636686504,0.893689513,0.015526295,-0.062862955,0.443988979
96,2967204,16253,stationary,stationary,0.248129517,0.709578514,-0.583262265,0.180409044,0.031452645,-0.007832416,0.983057499,-0.210913941,-0.309479654,-0.738819480,0.887834907,0.001411017,-0.052843064,0.457115740,-0.078576081,-0.315061688,-0.753634810,0.884031773,0.012292434,-0.067416362,0.462376267,-0.136830881,-0.397488892,-0.636462927,0.894008756,0.015459700,-0.062868476,0.443347365
97,2967371,16420,stationary,stationary,0.248148888,0.709550142,-0.583282828,0.180347070,0.031445697,-0.007827952,0.983069062,-0.210820317,-0.309274673,-0.738248229,0.889075875,0.002736838,-0.049722891,0.455043077,-0.078606024,-0.315301538,-0.754429102,0.884861827,0.011657683,-0.068081878,0.460704356,-0.136869162,-0.397474229,-0.636664331,0.893752396,0.015556301,-0.063041627,0.443836033
98,2967537,16586,stationary,stationary,0.248155639,0.709498286,-0.583277285,0.180342555,0.031460360,-0.007831342,0.983069420,-0.210815400,-0.309177697,-0.738186240,0.889400065,0.002485036,-0.050471012,0.454328090,-0.078613788,-0.315217733,-0.754345298,0.884683967,0.011567164,-0.068407029,0.460999906,-0.136587918,-0.396633983,-0.635503113,0.892243445,0.015882012,-0.061027121,0.447129905
99,2967704,16753,stationary,stationary,0.248105034,0.709482789,-0.583242118,0.180629686,0.031459711,-0.007859536,0.983016491,-0.210738361,-0.309750736,-0.737905741,0.887521803,0.002294292,-0.050781492,0.457953066,-0.078588143,-0.315514684,-0.754177570,0.883723080,0.013497587,-0.064831667,0.463301361,-0.136882290,-0.398046821,-0.636691988,0.892826319,0.015008518,-0.064051509,0.445570797
100,2967884,16933,stationary,stationary,0.248094812,0.709562659,-0.583265901,0.180248260,0.031446662,-0.007846959,0.983087003,-0.211164340,-0.309450924,-0.739793360,0.889174461,0.000455647,-0.054913949,0.454261035,-0.078665674,-0.315295815,-0.754907072,0.884704292,0.011217196,-0.068410374,0.460969090,-0.136687070,-0.396748036,-0.635892570,0.892865062,0.015619462,-0.060960084,0.445905656
101,2968051,17100,stationary,stationary,0.248160198,0.709537268,-0.583231926,0.180450216,0.031456355,-0.007860168,0.983049572,-0.210863575,-0.309453964,-0.738650024,0.887988448,0.001502665,-0.052160524,0.456895560,-0.078577593,-0.314958006,-0.753302395,0.883848608,0.012342473,-0.066820249,0.462811440,-0.136864334,-0.397590846,-0.636639774,0.893787563,0.015845601,-0.062358830,0.443851441
102,2968218,17267,stationary,stationary,0.248126939,0.709486425,-0.583247364,0.180428490,0.031436488,-0.007863699,0.983054161,-0.210863546,-0.309328914,-0.738395691,0.889025748,0.001977499,-0.051132105,0.454988867,-0.078582272,-0.314908087,-0.753574789,0.884100616,0.012155024,-0.067748159,0.462199777,-0.136806667,-0.397359073,-0.636410594,0.893497109,0.015657578,-0.062450513,0.444429636
103,2968385,17434,stationary,stationary,0.248153239,0.709499598,-0.583203852,0.180279568,0.031432185,-0.007845538,0.983081758,-0.211073920,-0.309379399,-0.739165008,0.889898896,0.001529799,-0.051599670,0.453227431,-0.078673288,-0.315177351,-0.755070269,0.883424938,0.013237381,-0.065262429,0.463816792,-0.136809736,-0.397002816,-0.636306822,0.892919779,0.015913950,-0.061199084,0.445752889
104,2968551,17600,stationary,stationary,0.248192504,0.709443927,-0.583139360,0.180503696,0.031436183,-0.007864716,0.983040333,-0.210868254,-0.309671402,-0.738692403,0.889446735,0.000828077,-0.052209254,0.454046249,-0.078539424,-0.315164030,-0.753596365,0.883821964,0.012645488,-0.066792570,0.462858051,-0.136875629,-0.397809297,-0.636728644,0.894452214,0.015425050,-0.063046508,0.442427874
105,2968718,17767,stationary,stationary,0.248173341,0.709519982,-0.583136082,0.180307984,0.031441957,-0.007844830,0.983076215,-0.210988477,-0.309327245,-0.739121437,0.889220357,0.001539296,-0.052089829,0.454501361,-0.078663364,-0.315309197,-0.754822850,0.884447932,0.011898610,-0.068076707,0.461493105,-0.136850774,-0.397276074,-0.636617720,0.893995941,0.015478566,-0.062289327,0.443454295
106,2968899,17948,stationary,stationary,0.248136163,0.709521651,-0.583124399,0.180472761,0.031445559,-0.007852333,0.983045816,-0.210761800,-0.309433311,-0.738175392,0.888602912,0.001496263,-0.050866023,0.455845654,-0.078609496,-0.315153986,-0.753643572,0.883953869,0.012876339,-0.066224717,0.462681413,-0.136746496,-0.397362053,-0.636116803,0.893808603,0.016030066,-0.061404876,0.443935513
107,2969065,18114,stationary,stationary,0.248082668,0.709557772,-0.583192289,0.180369735,0.031447411,-0.007854870,0.983064651,-0.210926816,-0.309449494,-0.738959670,0.888131559,0.001321241,-0.052583627,0.456569254,-0.078605533,-0.315063953,-0.753829360,0.884268045,0.012060129,-0.067134447,0.461971343,-0.136806935,-0.397300035,-0.636314094,0.893419921,0.015866002,-0.061634846,0.444691211
108,2969232,18281,stationary,stationary,0.248111486,0.709582567,-0.583190322,0.180383176,0.031432215,-0.007876188,0.983062506,-0.210974604,-0.309615135,-0.738904178,0.889323175,0.001756404,-0.051309798,0.454388082,-0.078522861,-0.314730942,-0.753017604,0.883979380,0.012055725,-0.068243876,0.462361217,-0.137019977,-0.398008764,-0.637330413,0.894339800,0.015328201,-0.064131558,0.442502588
109,2969399,18448,stationary,stationary,0.248161465,0.709538341,-0.583178937,0.180380166,0.031427089,-0.007841654,0.983063519,-0.211010933,-0.309579730,-0.739328265,0.887721181,0.000607687,-0.054434221,0.457151771,-0.078641437,-0.315015495,-0.753561497,0.883980691,0.012415064,-0.066846989,0.462553293,-0.136951506,-0.397779793,-0.636972725,0.894653261,0.015697334,-0.062932611,0.442027867
110,2969566,18615,stationary,stationary,0.248171583,0.709542036,-0.583098888,0.180370763,0.031425346,-0.007856401,0.983065188,-0.210936502,-0.309386373,-0.739066362,0.887326658,0.000850370,-0.055167485,0.457828850,-0.078550309,-0.314718068,-0.753136635,0.884013891,0.011506290,-0.067747086,0.462382287,-0.136850506,-0.397461504,-0.636589289,0.893596053,0.015675114,-0.061977085,0.444296300
111,2969732,18781,stationary,stationary,0.248155370,0.709519625,-0.583085716,0.179806322,0.031603053,-0.007929777,0.983162284,-0.211180791,-0.308857977,-0.740343034,0.892420232,-0.001155870,-0.055173282,0.447817743,-0.078546010,-0.314617455,-0.755175710,0.883838177,0.013013195,-0.067030169,0.462782592,-0.136921912,-0.397410363,-0.637301922,0.893306971,0.014573138,-0.063634001,0.444680870
112,2969900,18949,stationary,stationary,0.248129115,0.709546924,-0.583037794,0.180472597,0.031562429,-0.007656090,0.983043671,-0.210977808,-0.309520602,-0.738986313,0.888000250,0.001461965,-0.052574351,0.456825346,-0.078523874,-0.314666927,-0.752915740,0.883987427,0.011651643,-0.067738771,0.462430477,-0.136952728,-0.397754908,-0.636947811,0.894541740,0.015276384,-0.063295603,0.442216456
113,2970066,19115,stationary,stationary,0.248170108,0.709572554,-0.583142638,0.180313379,0.031430900,-0.007596631,0.983077586,-0.210749954,-0.309079170,-0.737725675,0.888479471,0.002967864,-0.048499186,0.456336737,-0.078717798,-0.314968109,-0.753667235,0.884521365,0.011538498,-0.067519233,0.461443365,-0.136890739,-0.397242129,-0.636140883,0.894775152,0.016200144,-0.061026990,0.442030221
114,2970232,19281,stationary,stationary,0.248214111,0.709639549,-0.583222508,0.180122256,0.031486090,-0.007853242,0.983108819,-0.210955158,-0.309103072,-0.738798320,0.889722049,0.001529209,-0.051609829,0.453573287,-0.078638971,-0.314985156,-0.754831374,0.882881761,0.013135397,-0.065917589,0.464760393,-0.136652559,-0.396604478,-0.635776341,0.892169297,0.015923014,-0.060227133,0.447384834
115,2970413,19462,stationary,stationary,0.248152167,0.709726214,-0.583194792,0.180414021,0.031489179,-0.007829350,0.983055353,-0.210849583,-0.309824169,-0.738557816,0.888278723,0.000490606,-0.052714996,0.456269383,-0.078615032,-0.315454811,-0.753998876,0.883808494,0.013259785,-0.065183565,0.463095933,-0.136991948,-0.398265868,-0.637163222,0.894792140,0.014199231,-0.065076098,0.441486776
116,2970580,19629,stationary,stationary,0.248210594,0.709761858,-0.583303750,0.180091619,0.031456135,-0.007809960,0.983115733,-0.210929319,-0.309043586,-0.738618851,0.890082836,0.001657176,-0.050095759,0.453034431,-0.078635409,-0.314841956,-0.754452586,0.882806718,0.013142436,-0.065615959,0.464945287,-0.137027562,-0.397548676,-0.637243629,0.893982172,0.015350122,-0.063413531,0.443327188
117,2970746,19795,stationary,stationary,0.248165578,0.709753573,-0.583420217,0.180365026,0.031462707,-0.007869325,0.983064950,-0.210726246,-0.309327006,-0.737885892,0.888557196,0.001944504,-0.050766252,0.455944240,-0.078557834,-0.314938426,-0.753196418,0.883661747,0.012670749,-0.066277549,0.463237166,-0.136841714,-0.397609025,-0.636456788,0.894429564,0.015762744,-0.061082896,0.442737192
118,2970912,19961,stationary,stationary,0.248154134,0.709586501,-0.583483934,0.180305973,0.031425670,-0.007883086,0.983076870,-0.210683122,-0.309101135,-0.737842560,0.888907671,0.002364665,-0.050345976,0.455305248,-0.078612015,-0.315012842,-0.753712833,0.884608984,0.011631980,-0.068203673,0.461172372,-0.136811823,-0.397336662,-0.636363208,0.893797815,0.015644923,-0.062201455,0.443860024
119,2971098,20147,stationary,stationary,0.248142004,0.709506631,-0.583435059,0.180387869,0.031413481,-0.007881206,0.983062208,-0.210823581,-0.309334964,-0.738433421,0.888093710,0.001759382,-0.051721718,0.456739932,-0.078639679,-0.315034837,-0.753740013,0.884222865,0.011779721,-0.067395076,0.462027133,-0.136840373,-0.397499204,-0.636629403,0.893706501,0.015512499,-0.063113965,0.443919718
120,2971260,20309,stationary,stationary,0.248158962,0.709418893,-0.583464742,0.180444226,0.031413566,-0.007882614,0.983051836,-0.210850447,-0.309604347,-0.738565326,0.889041185,0.001260288,-0.051717240,0.454895079,-0.078581467,-0.315158963,-0.753621161,0.884218872,0.012580155,-0.067386553,0.462014943,-0.136815637,-0.397547841,-0.636364639,0.894078493,0.015641540,-0.062227413,0.443290830
121,2971426,20475,stationary,stationary,0.248175427,0.709468722,-0.583423853,0.180375397,0.031410657,-0.007872853,0.983064651,-0.210859418,-0.309261560,-0.738381267,0.889389634,0.002454612,-0.050571073,0.454337597,-0.078663953,-0.314952731,-0.753976166,0.883830070,0.012079111,-0.066700146,0.462871075,-0.136844158,-0.397251427,-0.636459529,0.893180370,0.015873030,-0.062328570,0.445075303
122,2971594,20643,stationary,stationary,0.248164922,0.709445596,-0.583301008,0.180439964,0.031425294,-0.007859499,0.983052433,-0.210917249,-0.309574515,-0.738718092,0.888422728,0.001584616,-0.051843222,0.456086487,-0.078609444,-0.314916372,-0.753226161,0.883994877,0.012164720,-0.066932589,0.462520450,-0.136860177,-0.397619963,-0.636615753,0.894625902,0.015587065,-0.062766872,0.442110717
123,2971760,20809,stationary,stationary,0.248148397,0.709514260,-0.583298683,0.180380732,0.031407766,-0.007896432,0.983063579,-0.211070001,-0.309498280,-0.739240825,0.887932599,0.001508710,-0.053769115,0.456817716,-0.078627884,-0.314990729,-0.753837764,0.884632289,0.011637633,-0.068229847,0.461123526,-0.136630595,-0.396691650,-0.635524511,0.892633259,0.015737576,-0.060495857,0.446428537
124,2971940,20989,stationary,stationary,0.248230040,0.709493876,-0.583260477,0.180390134,0.031421151,-0.007903153,0.983061373,-0.210825771,-0.309370816,-0.738443613,0.889167190,0.001702608,-0.051157720,0.454710633,-0.078636445,-0.315010786,-0.753617227,0.884047210,0.012455340,-0.066969626,0.462407261,-0.136758566,-0.397263914,-0.636214733,0.893562973,0.015834972,-0.061552320,0.444416314
125,2972107,21156,stationary,stationary,0.248293474,0.709430218,-0.583316207,0.180433527,0.031424865,-0.007894643,0.983053386,-0.210933343,-0.309498906,-0.738940299,0.888704479,0.000731448,-0.053165682,0.455386907,-0.078615621,-0.315074444,-0.753717363,0.884544075,0.012167813,-0.066990040,0.461460769,-0.136880159,-0.397602081,-0.636695027,0.894108176,0.015475258,-0.062624820,0.443180829
126,2972273,21322,stationary,stationary,0.248256847,0.709442735,-0.583292067,0.180377781,0.031422317,-0.007901741,0.983063638,-0.210872129,-0.309292525,-0.738599420,0.888246655,0.001707079,-0.052024808,0.456408083,-0.078614309,-0.315006554,-0.753751814,0.884509385,0.011601937,-0.067715935,0.461435944,-0.136822462,-0.397329211,-0.636467814,0.893331707,0.015486952,-0.062903136,0.444704205
127,2972440,21489,stationary,stationary,0.248233825,0.709433079,-0.583230317,0.180422664,0.031422600,-0.007907792,0.983055294,-0.210727319,-0.309259474,-0.738090932,0.889221907,0.001658811,-0.050831012,0.454640359,-0.078614444,-0.314980447,-0.753478408,0.884332299,0.011830501,-0.067911513,0.461740732,-0.136999711,-0.398041964,-0.637162864,0.895173490,0.015329327,-0.063873433,0.440851033
128,2972607,21656,stationary,stationary,0.248182625,0.709465265,-0.583227634,0.180378616,0.031404037,-0.007900738,0.983064055,-0.210736617,-0.309116185,-0.737964094,0.888795853,0.002713093,-0.050497830,0.455504745,-0.078603454,-0.315382004,-0.754589438,0.884734392,0.011782720,-0.068527825,0.460879833,-0.136877388,-0.397448748,-0.636595726,0.894029140,0.015866613,-0.061772846,0.443445951
129,2972774,21823,stationary,stationary,0.248171344,0.709479392,-0.583207250,0.180397287,0.031400364,-0.007920026,0.983060598,-0.210836783,-0.309381843,-0.738376021,0.888695478,0.002091374,-0.050600700,0.455692410,-0.078587443,-0.314876854,-0.753219485,0.883845389,0.012536528,-0.066622257,0.462840945,-0.136911422,-0.397641748,-0.636776328,0.893877566,0.015434653,-0.062743247,0.443630457
130,2972941,21990,stationary,stationary,0.248141736,0.709537745,-0.583283365,0.180369467,0.031389356,-0.007936923,0.983065903,-0.210769609,-0.309272528,-0.738010168,0.888673484,0.003073022,-0.049291879,0.455873102,-0.078645468,-0.314861894,-0.753376365,0.884043872,0.011911287,-0.067626469,0.462332398,-0.137038827,-0.398008138,-0.637347639,0.894812465,0.015113692,-0.063943662,0.441580594
131,2973108,22157,stationary,stationary,0.248103827,0.709551990,-0.583293974,0.180377156,0.031397723,-0.007943114,0.983064175,-0.210888252,-0.309388340,-0.738664091,0.888275802,0.001620528,-0.051750019,0.456382990,-0.078593045,-0.315140188,-0.753914893,0.884717584,0.011909798,-0.067603946,0.461045265,-0.136902362,-0.397628754,-0.636782110,0.894299805,0.015170652,-0.063608035,0.442664415
132,2973288,22337,stationary,stationary,0.248138994,0.709504485,-0.583294928,0.180384889,0.031396076,-0.007930255,0.983062923,-0.210896328,-0.309435725,-0.738527775,0.889005423,0.001837189,-0.050817937,0.455064356,-0.078598626,-0.315089613,-0.753776014,0.884526074,0.011908049,-0.067278802,0.461460024,-0.136924729,-0.397762865,-0.636823893,0.894894242,0.015909553,-0.061749212,0.441699266
133,2973454,22503,stationary,stationary,0.248245209,0.709506035,-0.583412111,0.180374831,0.031401969,-0.007942629,0.983064473,-0.210860789,-0.309281945,-0.738429129,0.888432145,0.002275686,-0.051226381,0.456134915,-0.078658417,-0.314770758,-0.753827214,0.882776439,0.013924057,-0.065284610,0.465026736,-0.136862606,-0.397516400,-0.636627436,0.893989980,0.015409792,-0.062988602,0.443370014
134,2973620,22669,stationary,stationary,0.248279124,0.709476471,-0.583521843,0.180407763,0.031387951,-0.007927636,0.983058989,-0.210959554,-0.309580296,-0.738856435,0.888709843,0.002011290,-0.050886985,0.455632836,-0.078628182,-0.315036505,-0.753773928,0.884212852,0.012109108,-0.066515774,0.462165147,-0.136890635,-0.397578299,-0.636699796,0.894111991,0.015669651,-0.062468205,0.443188339
135,2973787,22836,stationary,stationary,0.248243541,0.709437311,-0.583538473,0.180417120,0.031395540,-0.007928208,0.983057022,-0.210981369,-0.309486389,-0.738999486,0.888765156,0.001303852,-0.052091267,0.455391407,-0.078624442,-0.315064251,-0.753817081,0.884311140,0.011961941,-0.067088097,0.461898237,-0.136868298,-0.397510976,-0.636665821,0.893615067,0.015418758,-0.063404195,0.444065601
136,2973954,23003,stationary,stationary,0.248237744,0.709362507,-0.583602726,0.180429950,0.031389236,-0.007935684,0.983054817,-0.211004809,-0.309575140,-0.739137113,0.888695598,0.001452154,-0.052578617,0.455470711,-0.078588381,-0.314844251,-0.753290176,0.884064555,0.011894858,-0.067402445,0.462325990,-0.136934817,-0.397734404,-0.636929333,0.894272804,0.015445917,-0.062906124,0.442809671
137,2974121,23170,stationary,stationary,0.248200446,0.709325552,-0.583529234,0.180441931,0.031413678,-0.007919977,0.983051956,-0.210758582,-0.309320033,-0.738220096,0.888928056,0.002074985,-0.050873574,0.455208212,-0.078648344,-0.315142393,-0.753910303,0.884789765,0.011940721,-0.068084247,0.460835129,-0.136993885,-0.397885442,-0.637116373,0.894003451,0.015136589,-0.064286448,0.443165869
138,2974301,23350,stationary,stationary,0.248180062,0.709356248,-0.583474398,0.180456340,0.031396553,-0.007921110,0.983049870,-0.210853234,-0.309301734,-0.738374770,0.888911784,0.001950598,-0.051126048,0.455212265,-0.078643501,-0.315119028,-0.753970325,0.884444416,0.011922139,-0.068052031,0.461502761,-0.136918604,-0.397652149,-0.636784434,0.894973040,0.015886990,-0.062034696,0.441500455
139,2974468,23517,stationary,stationary,0.248185411,0.709376574,-0.583457232,0.180450082,0.031381920,-0.007923127,0.983051479,-0.210999444,-0.309560239,-0.739195645,0.888071060,0.001225056,-0.053090084,0.456628680,-0.078609891,-0.315281183,-0.754189670,0.884625673,0.011862103,-0.067707904,0.461207509,-0.136943221,-0.397780359,-0.636887074,0.894711077,0.015964273,-0.061564382,0.442093939
140,2974634,23683,stationary,stationary,0.248185813,0.709406912,-0.583486021,0.180443197,0.031400219,-0.007906955,0.983052254,-0.210696816,-0.309090018,-0.737777352,0.888486147,0.002435224,-0.050762549,0.456080765,-0.078587919,-0.314932376,-0.753490269,0.884072185,0.011780610,-0.067407191,0.462313592,-0.136940241,-0.397696823,-0.636867583,0.894590914,0.015776802,-0.062757604,0.442176104
141,2974802,23851,stationary,stationary,0.248239294,0.709382594,-0.583405018,0.180458322,0.031415507,-0.007924699,0.983048856,-0.210915968,-0.309456229,-0.738673985,0.887654841,0.002266084,-0.051198576,0.457648873,-0.078651667,-0.314943671,-0.753433347,0.883855879,0.012055641,-0.066780061,0.462810844,-0.136859745,-0.397478193,-0.636599422,0.893259525,0.015401240,-0.063535579,0.444762290
142,2974969,24018,stationary,stationary,0.248214632,0.709369421,-0.583349586,0.180437967,0.031419840,-0.007905589,0.983052611,-0.210911170,-0.309444427,-0.738620162,0.889042675,0.001967296,-0.050319366,0.455046445,-0.078665122,-0.315026313,-0.753746450,0.884316027,0.011823731,-0.066765763,0.461939037,-0.136900812,-0.397662580,-0.636811256,0.894041181,0.015573527,-0.063431948,0.443197757
143,2975148,24197,stationary,stationary,0.248199806,0.709387302,-0.583298683,0.180458158,0.031410776,-0.007905204,0.983049214,-0.210779592,-0.309295177,-0.738182962,0.888722122,0.002521038,-0.049996480,0.455704927,-0.078651384,-0.315138936,-0.754070401,0.884613991,0.011644877,-0.067614473,0.461249173,-0.136986211,-0.397806406,-0.637079000,0.894055903,0.015583910,-0.063960321,0.443091691
144,2975315,24364,stationary,stationary,0.248209238,0.709365487,-0.583316386,0.180457592,0.031417079,-0.007908280,0.983049095,-0.210831225,-0.309336841,-0.738311112,0.888808966,0.002100075,-0.051389024,0.455382764,-0.078641996,-0.314643502,-0.752863109,0.883794725,0.011731047,-0.068375289,0.462703019,-0.136953026,-0.397747219,-0.636971295,0.893928885,0.015313937,-0.064463139,0.443284541
145,2975482,24531,stationary,stationary,0.248182505,0.709365726,-0.583298385,0.180449784,0.031412374,-0.007901789,0.983050704,-0.210797220,-0.309243262,-0.738162994,0.888722360,0.002332370,-0.050429076,0.455657810,-0.078664742,-0.315004528,-0.753589272,0.883813441,0.012160441,-0.066779532,0.462889194,-0.136901617,-0.397604078,-0.636684060,0.894247115,0.016013673,-0.062429268,0.442908794
146,2975648,24697,stationary,stationary,0.248128638,0.709346294,-0.583317280,0.180443287,0.031445168,-0.007916856,0.983050764,-0.210811555,-0.309264421,-0.738338053,0.888321638,0.001603573,-0.052096531,0.456254423,-0.078613602,-0.315017164,-0.753663599,0.884428322,0.011923615,-0.067973189,0.461545289,-0.137010813,-0.397936434,-0.637135327,0.894605398,0.015722422,-0.063233383,0.442081004
147,2975830,24879,stationary,stationary,0.248185232,0.709320545,-0.583331347,0.180443615,0.031431351,-0.007913667,0.983051121,-0.210800499,-0.309313178,-0.738269925,0.888931751,0.002232950,-0.050488148,0.455243140,-0.078614503,-0.314924657,-0.753453195,0.884227097,0.011815352,-0.068990260,0.461782575,-0.136970341,-0.397766590,-0.637008071,0.893791378,0.015136739,-0.064425789,0.443573147
148,2975996,25045,stationary,stationary,0.248231232,0.709330201,-0.583369195,0.180442557,0.031419870,-0.007908829,0.983051717,-0.210849479,-0.309378862,-0.738480031,0.888769448,0.001734416,-0.051615611,0.455435693,-0.078580916,-0.314989150,-0.753605425,0.884320080,0.011892741,-0.067014009,0.461893618,-0.136869401,-0.397469908,-0.636530817,0.894098282,0.016153581,-0.061583154,0.443322539
149,2976163,25212,stationary,stationary,0.248221293,0.709309816,-0.583370864,0.180437773,0.031417049,-0.007927308,0.983052552,-0.210783318,-0.309244484,-0.738183200,0.888653755,0.002073298,-0.051017635,0.455727339,-0.078639738,-0.314929545,-0.753516853,0.884343803,0.011445557,-0.068722770,0.461608320,-0.137001097,-0.397910565,-0.637157202,0.894578278,0.015075699,-0.064742558,0.441939861
150,2976330,25379,stationary,stationary,0.248184621,0.709318042,-0.583353698,0.180447295,0.031430844,-0.007913529,0.983050525,-0.210816488,-0.309272587,-0.738464117,0.887919664,0.001490325,-0.052500665,0.456990272,-0.078595616,-0.315036595,-0.753685176,0.884345293,0.011989627,-0.067637086,0.461751997,-0.136972666,-0.397713721,-0.636971176,0.893785000,0.015422884,-0.063894086,0.443653136
151,2976496,25545,stationary,stationary,0.248177856,0.709351778,-0.583266675,0.180448264,0.031405773,-0.007918090,0.983051062,-0.210982889,-0.309520960,-0.738991320,0.888334215,0.001337879,-0.053102236,0.456114799,-0.078619942,-0.314970434,-0.753581882,0.884529412,0.011443165,-0.068898410,0.461226404,-0.137004495,-0.397841692,-0.637063384,0.894348204,0.015288060,-0.063662954,0.442554593
152,2976679,25728,stationary,stationary,0.248153955,0.709360361,-0.583225667,0.180435956,0.031394385,-0.007920605,0.983053684,-0.210787505,-0.309233248,-0.738070190,0.888915896,0.002361824,-0.050066620,0.455319971,-0.078647375,-0.315074474,-0.753914356,0.884188950,0.012076274,-0.066686951,0.462187082,-0.136958227,-0.397745281,-0.636932909,0.894256830,0.015414867,-0.062807098,0.442857116
153,2976842,25891,stationary,stationary,0.248220235,0.709341168,-0.583208799,0.180440038,0.031398356,-0.007928785,0.983052731,-0.210853562,-0.309365571,-0.738306582,0.888658524,0.002363961,-0.050794557,0.455741584,-0.078636676,-0.314956546,-0.753520191,0.884270668,0.011734016,-0.066799387,0.462023348,-0.136871740,-0.397488117,-0.636476934,0.894322038,0.015870767,-0.062183101,0.442797333
154,2977009,26058,stationary,stationary,0.248228431,0.709365606,-0.583252847,0.180427581,0.031413384,-0.007921300,0.983054578,-0.211178035,-0.309786022,-0.739864886,0.887635708,0.000412672,-0.055093404,0.457238972,-0.078603357,-0.314814925,-0.753130794,0.884165466,0.011701540,-0.067906067,0.462064177,-0.136901811,-0.397549182,-0.636678100,0.893891215,0.015123487,-0.063910171,0.443447024
155,2977176,26225,stationary,stationary,0.248207703,0.709411204,-0.583301246,0.180413410,0.031413965,-0.007911175,0.983057261,-0.210665494,-0.308968633,-0.737551212,0.888674617,0.002167092,-0.050397217,0.455755204,-0.078630842,-0.314961314,-0.753465533,0.883923590,0.012166621,-0.067392096,0.462589830,-0.136846989,-0.397472173,-0.636451900,0.894395530,0.015624814,-0.062039007,0.442677855
156,2977343,26392,stationary,stationary,0.248195529,0.709412038,-0.583356559,0.180421114,0.031429362,-0.007884225,0.983055592,-0.211058483,-0.309648275,-0.739247322,0.888264418,0.001408025,-0.053068720,0.456254452,-0.078619197,-0.314947784,-0.753502965,0.884300053,0.012006170,-0.067966424,0.461789846,-0.136864513,-0.397484243,-0.636480331,0.894068420,0.016273286,-0.061488457,0.443391472
157,2977525,26574,stationary,stationary,0.248208791,0.709402084,-0.583406389,0.180429608,0.031410009,-0.007902829,0.983054519,-0.210864395,-0.309350610,-0.738442421,0.888895154,0.001783580,-0.051145934,0.455243140,-0.078664660,-0.314795732,-0.753126681,0.883578539,0.012305434,-0.066657238,0.463351309,-0.136935279,-0.397681534,-0.636819839,0.894505143,0.016069619,-0.061897345,0.442460328
158,2977690,26739,stationary,stationary,0.248220995,0.709356785,-0.583393097,0.180441365,0.031406164,-0.007903977,0.983052433,-0.210821092,-0.309293509,-0.738263249,0.889076889,0.002071524,-0.050462931,0.454963118,-0.078623950,-0.314932466,-0.753392994,0.883875549,0.012385465,-0.067180276,0.462706655,-0.136852160,-0.397440553,-0.636524260,0.893910825,0.015404178,-0.063170008,0.443503767
159,2977857,26906,stationary,stationary,0.248263061,0.709360719,-0.583377838,0.180450156,0.031408820,-0.007905495,0.983050704,-0.210937604,-0.309463978,-0.738851488,0.888052106,0.001538270,-0.052241642,0.456762373,-0.078623831,-0.314989030,-0.753539324,0.883945227,0.012554172,-0.067386143,0.462539017,-0.136888906,-0.397539288,-0.636550546,0.894646704,0.015947837,-0.061400991,0.442247599
160,2978026,27075,stationary,stationary,0.248262793,0.709383965,-0.583405912,0.180450767,0.031431857,-0.007912030,0.983049810,-0.210877195,-0.309394866,-0.738237262,0.889085650,0.002291972,-0.050839987,0.454902977,-0.078630134,-0.315052986,-0.753709674,0.884307146,0.011744085,-0.067778692,0.461810619,-0.136875331,-0.397532582,-0.636495471,0.894468844,0.015841577,-0.061888460,0.442543060
161,2978190,27239,stationary,stationary,0.248211443,0.709379375,-0.583351493,0.180449247,0.031408425,-0.007911016,0.983050883,-0.210685492,-0.309056580,-0.737605155,0.888799965,0.002457906,-0.050106499,0.455541342,-0.078629851,-0.314987957,-0.753626406,0.884264350,0.012068902,-0.066642046,0.462049544,-0.136923701,-0.397556037,-0.636620522,0.894632876,0.016163355,-0.061372094,0.442271739
162,2978357,27406,stationary,stationary,0.248195812,0.709353924,-0.583310008,0.180450246,0.031416137,-0.007887423,0.983050644,-0.210818544,-0.309275448,-0.738109112,0.889047325,0.002204835,-0.050256662,0.455043137,-0.078624457,-0.315015495,-0.753682017,0.884385824,0.012066844,-0.067060165,0.461756468,-0.136910528,-0.397632360,-0.636780679,0.894022763,0.015678622,-0.062613420,0.443347663
163,2978526,27575,stationary,stationary,0.248249948,0.709395528,-0.583333671,0.180443853,0.031412397,-0.007909228,0.983051717,-0.210842296,-0.309334874,-0.738359153,0.888787031,0.002091377,-0.050975263,0.455472052,-0.078597732,-0.314764500,-0.753118336,0.883968353,0.012068078,-0.067564763,0.462481707,-0.136876971,-0.397459447,-0.636428773,0.894173563,0.016029950,-0.061601955,0.443172574
164,2978704,27753,stationary,stationary,0.248249531,0.709378242,-0.583315551,0.180452526,0.031411115,-0.007911280,0.983050168,-0.210909933,-0.309505761,-0.738559186,0.889063179,0.002183378,-0.050796457,0.454952449,-0.078640804,-0.315088928,-0.753729582,0.884021759,0.012262499,-0.066507131,0.462527841,-0.136908799,-0.397590727,-0.636717200,0.893934309,0.015976150,-0.061666295,0.443647981
165,2978871,27920,stationary,stationary,0.248245195,0.709392786,-0.583282709,0.180434853,0.031401396,-0.007907239,0.983053803,-0.210814938,-0.309365332,-0.738302112,0.888763607,0.002279443,-0.050031420,0.455621511,-0.078621313,-0.315041184,-0.753744483,0.884508669,0.011754618,-0.067391008,0.461480975,-0.136886746,-0.397571892,-0.636601329,0.894629180,0.015680587,-0.062350746,0.442159683
166,2979038,28087,stationary,stationary,0.248208240,0.709423542,-0.583269656,0.180426031,0.031409908,-0.007905531,0.983055115,-0.210794508,-0.309286356,-0.738160968,0.888842106,0.002137331,-0.050496336,0.455417722,-0.078664780,-0.315198004,-0.754072011,0.884749889,0.011712275,-0.066979676,0.461079448,-0.137007087,-0.397833139,-0.637046695,0.894227147,0.015217590,-0.063998044,0.442753345
167,2979217,28266,stationary,stationary,0.248163968,0.709421217,-0.583312988,0.180394843,0.031391267,-0.007907660,0.983061433,-0.210877016,-0.309410870,-0.738465905,0.889220536,0.002213800,-0.050652914,0.454660535,-0.078682169,-0.314979792,-0.753479481,0.883894682,0.012224889,-0.066469610,0.462776959,-0.136930063,-0.397677958,-0.636753500,0.894828916,0.015729159,-0.062970668,0.441665649
168,2979385,28434,stationary,stationary,0.248187780,0.709404230,-0.583360612,0.180421039,0.031392768,-0.007896635,0.983056664,-0.210739300,-0.309188902,-0.738041461,0.889101267,0.002165073,-0.050374988,0.454924792,-0.078614175,-0.314964473,-0.753476143,0.884242833,0.011652039,-0.068170339,0.461878449,-0.136828631,-0.397424340,-0.636450469,0.893846333,0.015781619,-0.062353786,0.443736047
169,2979551,28600,stationary,stationary,0.248189747,0.709372282,-0.583403528,0.180423543,0.031402692,-0.007935666,0.983055592,-0.210917696,-0.309422821,-0.738490820,0.888815045,0.002170820,-0.050748341,0.455442399,-0.078624994,-0.314945191,-0.753433704,0.883743286,0.012423184,-0.067502156,0.462911367,-0.136948079,-0.397684306,-0.636893868,0.893781960,0.015334949,-0.063752919,0.443682522
170,2979718,28767,stationary,stationary,0.248185411,0.709355712,-0.583393276,0.180422470,0.031370137,-0.007929076,0.983056843,-0.210779965,-0.309243381,-0.738139868,0.888827980,0.002139105,-0.050754890,0.455416560,-0.078646086,-0.315097928,-0.753800750,0.884338558,0.011670342,-0.066899315,0.461880565,-0.136849537,-0.397527218,-0.636564076,0.893906236,0.015480198,-0.062940933,0.443543106
171,2979884,28933,stationary,stationary,0.248238549,0.709351540,-0.583347440,0.180420369,0.031394895,-0.007929911,0.983056426,-0.210959479,-0.309525818,-0.738912642,0.887844563,0.001304847,-0.052990556,0.457080185,-0.078597851,-0.314563513,-0.752604663,0.883737683,0.011897963,-0.067928627,0.462873459,-0.136858210,-0.397504091,-0.636450231,0.894292951,0.016203381,-0.061468713,0.442943811
172,2980051,29100,stationary,stationary,0.248253867,0.709358335,-0.583287895,0.180431530,0.031402953,-0.007920934,0.983054221,-0.210753411,-0.309193730,-0.738078892,0.889103532,0.001470470,-0.050991040,0.454854637,-0.078652896,-0.314781129,-0.753037453,0.884149492,0.011888258,-0.067412525,0.462162197,-0.137025237,-0.397935480,-0.637100279,0.894871652,0.015419630,-0.063779898,0.441473842
173,2980218,29267,stationary,stationary,0.248323694,0.709388375,-0.583236516,0.180434629,0.031391539,-0.007922713,0.983053982,-0.210797533,-0.309315562,-0.738203645,0.888671279,0.002333463,-0.050874513,0.455707908,-0.078683145,-0.314991951,-0.753499389,0.884118080,0.012054419,-0.067667164,0.462180853,-0.136880934,-0.397516906,-0.636471331,0.894294024,0.015922368,-0.061414503,0.442959368
174,2980384,29433,stationary,stationary,0.248293877,0.709413886,-0.583230853,0.180411324,0.031372190,-0.007914073,0.983058929,-0.210983321,-0.309533536,-0.739004076,0.888178349,0.000909470,-0.053507149,0.456372023,-0.078633785,-0.314701706,-0.752928376,0.883995652,0.011802549,-0.068799905,0.462254256,-0.136946544,-0.397692531,-0.636886597,0.893916249,0.015741691,-0.062843136,0.443527520
175,2980551,29600,stationary,stationary,0.248259887,0.709405184,-0.583255410,0.180421010,0.031379484,-0.007916980,0.983056903,-0.210930690,-0.309456021,-0.738697588,0.888152242,0.001709451,-0.051350445,0.456668198,-0.078624219,-0.314699233,-0.752820849,0.883481801,0.012419820,-0.067269489,0.463444114,-0.136936948,-0.397651225,-0.636690259,0.894589484,0.015721386,-0.063091464,0.442133427
176,2980718,29767,stationary,stationary,0.248231098,0.709429741,-0.583241045,0.180414930,0.031400673,-0.007925995,0.983057320,-0.210787237,-0.309225559,-0.738114536,0.889104605,0.001899335,-0.050222367,0.454936355,-0.078642040,-0.314914286,-0.753437459,0.884175837,0.011970752,-0.067084715,0.462157339,-0.136900201,-0.397534579,-0.636558950,0.894543409,0.015553484,-0.062406830,0.442329705
177,2980888,29937,stationary,stationary,0.248198301,0.709429562,-0.583344698,0.180406481,0.031381536,-0.007919527,0.983059525,-0.210759550,-0.309191108,-0.737936497,0.888396263,0.002530555,-0.050355803,0.456300288,-0.078642614,-0.315042198,-0.753635824,0.884281158,0.011916692,-0.067791447,0.461854011,-0.136920005,-0.397613615,-0.636760414,0.893530369,0.015306529,-0.063709386,0.444196254
178,2981051,30100,stationary,stationary,0.248244613,0.709478259,-0.583335519,0.180415541,0.031394582,-0.007924817,0.983057380,-0.210808873,-0.309249222,-0.738093257,0.889231682,0.002062163,-0.050842103,0.454618305,-0.078624070,-0.314954638,-0.753514051,0.884368241,0.011912822,-0.067516468,0.461727679,-0.136848167,-0.397308230,-0.636322975,0.893536866,0.015473304,-0.063253656,0.444242537
179,2981222,30271,stationary,stationary,0.248266757,0.709491491,-0.583358288,0.180398121,0.031389806,-0.007919643,0.983060777,-0.210889369,-0.309466541,-0.738526225,0.888972580,0.002177593,-0.050619528,0.455149174,-0.078643978,-0.315135241,-0.753974080,0.884799302,0.011866532,-0.068284333,0.460789204,-0.136873752,-0.397566259,-0.636559308,0.894833028,0.015736211,-0.061993267,0.441795319
180,2981399,30448,stationary,stationary,0.248316944,0.709460497,-0.583293915,0.180421710,0.031407438,-0.007925800,0.983055830,-0.210818633,-0.309308052,-0.738232195,0.888750255,0.002744851,-0.049461495,0.455707103,-0.078650825,-0.315071434,-0.753792107,0.884272516,0.011861806,-0.067369565,0.461933702,-0.136932895,-0.397706926,-0.636895239,0.894352615,0.015214993,-0.063373588,0.442589819
181,2981566,30615,stationary,stationary,0.248367548,0.709499836,-0.583217323,0.180422291,0.031425454,-0.007902519,0.983055353,-0.210752726,-0.309178621,-0.737960160,0.888795853,0.002110173,-0.050133891,0.455548137,-0.078651875,-0.315041512,-0.753750026,0.884440005,0.011812659,-0.067668401,0.461570531,-0.136997223,-0.397902608,-0.637064099,0.894761086,0.015411992,-0.063512735,0.441736609
182,2981732,30781,stationary,stationary,0.248413265,0.709528029,-0.583156228,0.180423513,0.031431288,-0.007916220,0.983054817,-0.210895628,-0.309400380,-0.738639832,0.887705564,0.001494833,-0.052027326,0.457460135,-0.078597106,-0.314682424,-0.752993822,0.884022057,0.011643263,-0.067131154,0.462453097,-0.136848539,-0.397492707,-0.636455715,0.894489288,0.015644336,-0.062148057,0.442472458
183,2981898,30947,stationary,stationary,0.248316094,0.709478736,-0.583374619,0.180421069,0.031432185,-0.007901984,0.983055353,-0.210720554,-0.309109002,-0.737897992,0.888695598,0.001822651,-0.050902247,0.455659777,-0.078628451,-0.314971328,-0.753460824,0.883866906,0.012308269,-0.066950008,0.462758601,-0.136910796,-0.397664845,-0.636714816,0.894709587,0.015631260,-0.062188916,0.442021489
184,2982065,31114,stationary,stationary,0.248314992,0.709412217,-0.583451629,0.180421486,0.031439573,-0.007878689,0.983055234,-0.210860968,-0.309360445,-0.738469124,0.889156222,0.001615717,-0.050668288,0.454787195,-0.078654513,-0.314755917,-0.752949774,0.883657753,0.012295771,-0.067016914,0.463148564,-0.136846498,-0.397420794,-0.636358202,0.894591212,0.016360119,-0.059953809,0.442543179
185,2982246,31295,stationary,stationary,0.248369932,0.709359407,-0.583517194,0.180431321,0.031448122,-0.007888489,0.983053088,-0.210871279,-0.309362650,-0.738375247,0.888934076,0.002209120,-0.050237909,0.455266386,-0.078634173,-0.315024167,-0.753684461,0.884281516,0.011782201,-0.067611769,0.461883187,-0.136970282,-0.397664547,-0.636765480,0.894485652,0.015490339,-0.063699104,0.442264527
186,2982412,31461,stationary,stationary,0.248379603,0.709306657,-0.583526313,0.180447981,0.031458981,-0.007887238,0.983049691,-0.210934401,-0.309481323,-0.738628447,0.888977408,0.001837682,-0.050972559,0.455101728,-0.078651093,-0.314800441,-0.753041565,0.883576691,0.012359751,-0.066658787,0.463353127,-0.136871845,-0.397570670,-0.636615038,0.894124687,0.015919628,-0.061869569,0.443237841
187,2982578,31627,stationary,stationary,0.248312935,0.709280610,-0.583500862,0.180463821,0.031451073,-0.007877980,0.983047128,-0.210863858,-0.309454173,-0.738400817,0.888830364,0.002171868,-0.050388034,0.455452502,-0.078679770,-0.315031737,-0.753572464,0.883643866,0.012554134,-0.066279247,0.463274211,-0.136895597,-0.397537529,-0.636565208,0.894141257,0.015639709,-0.062372185,0.443143994
188,2982759,31808,stationary,stationary,0.248265758,0.709257007,-0.583505392,0.180466279,0.031447083,-0.007871110,0.983046830,-0.210838199,-0.309413463,-0.738474071,0.888713181,0.001826732,-0.051456764,0.455563188,-0.078635916,-0.314827353,-0.753206134,0.884183347,0.011977693,-0.067308642,0.462110281,-0.136832967,-0.397401065,-0.636402190,0.894204617,0.015801877,-0.061912253,0.443074852
189,2982926,31975,stationary,stationary,0.248254195,0.709289134,-0.583476484,0.180476189,0.031445239,-0.007858257,0.983045220,-0.210834116,-0.309336424,-0.738184929,0.888819575,0.002053875,-0.050148997,0.455500454,-0.078660235,-0.314919114,-0.753448725,0.884295225,0.011710448,-0.068282999,0.461759955,-0.136943594,-0.397663444,-0.636647046,0.894840956,0.015972083,-0.061598711,0.441825986
190,2983093,32142,stationary,stationary,0.248279706,0.709280014,-0.583445489,0.180501238,0.031477898,-0.007860836,0.983039498,-0.210796401,-0.309334219,-0.738322437,0.889175951,0.001655101,-0.050370198,0.454781502,-0.078646675,-0.314791024,-0.753055096,0.883859277,0.012286005,-0.067660637,0.462670326,-0.136888504,-0.397567123,-0.636523664,0.894722104,0.016003614,-0.061683010,0.442053586
191,2983261,32310,stationary,stationary,0.248228014,0.709216237,-0.583486080,0.180493608,0.031443711,-0.007869617,0.983041942,-0.210935473,-0.309555411,-0.738730907,0.889364004,0.001705865,-0.051014766,0.454341501,-0.078663766,-0.314689368,-0.752911091,0.883975804,0.011684572,-0.067890614,0.462429583,-0.136904627,-0.397604287,-0.636641800,0.894456446,0.015717767,-0.062199742,0.442528903
192,2983426,32475,stationary,stationary,0.248243868,0.709253788,-0.583422720,0.180505097,0.031448897,-0.007877261,0.983039558,-0.210840583,-0.309419990,-0.738430977,0.888820589,0.001988960,-0.050275333,0.455484837,-0.078658655,-0.315169513,-0.753996730,0.884466231,0.011863652,-0.067141466,0.461595893,-0.136962771,-0.397786081,-0.636849821,0.895245433,0.015799947,-0.062035263,0.440950871
193,2983593,32642,stationary,stationary,0.248297736,0.709266305,-0.583422244,0.180499390,0.031446896,-0.007887898,0.983040631,-0.210912287,-0.309460223,-0.738654733,0.888266146,0.001684370,-0.051837835,0.456391603,-0.078607813,-0.314941406,-0.753429651,0.884360492,0.011767111,-0.067341343,0.461771727,-0.136858851,-0.397502601,-0.636471987,0.894405901,0.015291832,-0.063095182,0.442519248
194,2983759,32808,stationary,stationary,0.248270273,0.709267259,-0.583395362,0.180488855,0.031437960,-0.007896544,0.983042777,-0.210825905,-0.309338212,-0.738190293,0.888660789,0.002537625,-0.050606556,0.455757141,-0.078638524,-0.314966857,-0.753577709,0.884456217,0.011642409,-0.067457400,0.461574674,-0.136857435,-0.397471547,-0.636407852,0.894619644,0.015959878,-0.061776601,0.442249507
195,2983926,32975,stationary,stationary,0.248275816,0.709250689,-0.583376884,0.180486694,0.031449568,-0.007907292,0.983042717,-0.210784227,-0.309255540,-0.738178253,0.888891995,0.002001765,-0.050159305,0.455358177,-0.078664944,-0.314883471,-0.753287792,0.884279430,0.011924538,-0.067836918,0.461850435,-0.136915743,-0.397677511,-0.636751056,0.894692361,0.015393354,-0.063328236,0.441902876
196,2984107,33156,stationary,stationary,0.248343438,0.709226310,-0.583411753,0.180505902,0.031446960,-0.007911831,0.983039260,-0.210742965,-0.309257329,-0.738104284,0.889130294,0.001445286,-0.050806619,0.454822987,-0.078674890,-0.315034121,-0.753572047,0.883826554,0.012527123,-0.066341311,0.462917387,-0.136840358,-0.397488832,-0.636409760,0.894337773,0.015817732,-0.061930869,0.442802787
197,2984274,33323,stationary,stationary,0.248352736,0.709222317,-0.583391786,0.180507526,0.031442061,-0.007902693,0.983039141,-0.210799977,-0.309328556,-0.738271773,0.888989329,0.001470194,-0.051798593,0.454986572,-0.078590319,-0.314729542,-0.752986491,0.884149790,0.011810502,-0.068556070,0.461995393,-0.137027517,-0.398030698,-0.637247920,0.895422757,0.015512742,-0.063361384,0.440412074
198,2984440,33489,stationary,stationary,0.248355299,0.709205270,-0.583422661,0.180502996,0.031441428,-0.007890658,0.983040094,-0.210849643,-0.309399128,-0.738357306,0.889153063,0.002233820,-0.049715880,0.454895765,-0.078647450,-0.314783335,-0.753100276,0.884042978,0.012077426,-0.067147255,0.462399602,-0.136830747,-0.397318006,-0.636198461,0.893963158,0.015998203,-0.061281968,0.443642318
199,2984607,33656,stationary,stationary,0.248379901,0.709203303,-0.583399594,0.180503905,0.031441990,-0.007858102,0.983040154,-0.210837603,-0.309290588,-0.738241673,0.889331341,0.001724955,-0.050647356,0.454446584,-0.078665406,-0.315036595,-0.753682017,0.884605229,0.011768881,-0.066724040,0.461392462,-0.136883929,-0.397612691,-0.636632740,0.894242704,0.015717030,-0.062242929,0.442954630
200,2984774,33823,stationary,stationary,0.248364910,0.709235489,-0.583314836,0.180506125,0.031435572,-0.007869856,0.983039916,-0.210717946,-0.309198856,-0.737935662,0.888650596,0.002000536,-0.051129326,0.455721349,-0.078657724,-0.315103799,-0.753840089,0.884536624,0.011751289,-0.067653656,0.461389065,-0.136850208,-0.397465855,-0.636452198,0.894219041,0.015945373,-0.061090093,0.443154663
201,2984940,33989,stationary,stationary,0.248312771,0.709267735,-0.583287001,0.180503100,0.031434152,-0.007878904,0.983040392,-0.210808396,-0.309321761,-0.738187015,0.888804674,0.002090232,-0.050911516,0.455444753,-0.078670688,-0.314925194,-0.753248811,0.883824050,0.012097359,-0.066498980,0.462911069,-0.137000501,-0.397976518,-0.637107611,0.895687819,0.015363611,-0.063532926,0.439853191
202,2985107,34156,stationary,stationary,0.248379499,0.709250629,-0.583387315,0.180493340,0.031441558,-0.007888542,0.983041883,-0.210893422,-0.309407532,-0.738497317,0.889129043,0.001834500,-0.050299697,0.454880327,-0.078647844,-0.314877212,-0.753348172,0.884240270,0.012018137,-0.067303561,0.462001026,-0.136886984,-0.397614539,-0.636635602,0.894537032,0.015870117,-0.061882883,0.442404926
203,2985287,34336,stationary,stationary,0.248427406,0.709247470,-0.583494067,0.180487677,0.031436663,-0.007862519,0.983043313,-0.210851774,-0.309405923,-0.738362134,0.889087498,0.001786713,-0.050976776,0.454886407,-0.078680538,-0.314867139,-0.753159344,0.883871734,0.012336311,-0.066787817,0.462772101,-0.136964768,-0.397807062,-0.636881351,0.894947529,0.015843950,-0.062587656,0.441475570
204,2985454,34503,stationary,stationary,0.248412147,0.709298730,-0.583548784,0.180491522,0.031443335,-0.007872229,0.983042300,-0.210775211,-0.309282482,-0.738098681,0.888997018,0.001930312,-0.050653923,0.455098569,-0.078655139,-0.314885259,-0.753207505,0.883949518,0.012304405,-0.067192778,0.462565660,-0.136848927,-0.397481143,-0.636423647,0.894568980,0.015631104,-0.062258396,0.442296177
205,2985621,34670,stationary,stationary,0.248408109,0.709332585,-0.583514690,0.180485860,0.031445466,-0.007875996,0.983043253,-0.210744113,-0.309245795,-0.738003790,0.889089346,0.002061427,-0.049984157,0.454991698,-0.078654215,-0.315008342,-0.753579855,0.884231508,0.012010918,-0.066835336,0.462085932,-0.136913508,-0.397665054,-0.636720538,0.894713938,0.015691662,-0.062165394,0.442013830
206,2985788,34837,stationary,stationary,0.248472840,0.709355652,-0.583459795,0.180489078,0.031440839,-0.007870353,0.983042836,-0.210828528,-0.309376985,-0.738349020,0.888853669,0.001943574,-0.051014230,0.455338269,-0.078645840,-0.314853907,-0.753197730,0.884007037,0.011820097,-0.067772418,0.462383807,-0.136886582,-0.397552848,-0.636528254,0.894656062,0.015596801,-0.062821172,0.442041665
207,2985954,35003,stationary,stationary,0.248460650,0.709359765,-0.583408654,0.180494472,0.031444740,-0.007877562,0.983041704,-0.210709900,-0.309210211,-0.737984478,0.888945699,0.001965257,-0.050402753,0.455226600,-0.078671455,-0.315030724,-0.753687501,0.884533048,0.011962307,-0.067281783,0.461444825,-0.136802495,-0.397302657,-0.636282980,0.893669665,0.015260997,-0.063317239,0.443973631
208,2986135,35184,stationary,stationary,0.248401925,0.709357083,-0.583360136,0.180491999,0.031440455,-0.007884328,0.983042181,-0.210863605,-0.309448957,-0.738426566,0.889156878,0.001845415,-0.050980676,0.454750031,-0.078666128,-0.315088063,-0.753712177,0.884259939,0.012224392,-0.066585585,0.462062001,-0.136952579,-0.397718042,-0.636804223,0.895107210,0.015619240,-0.062347066,0.441193819
209,2986302,35351,stationary,stationary,0.248364031,0.709385931,-0.583396971,0.180496320,0.031473015,-0.007889247,0.983040333,-0.210797936,-0.309290111,-0.738176346,0.888780713,0.001974103,-0.050385885,0.455550462,-0.078687869,-0.315019488,-0.753533244,0.884002686,0.012194001,-0.066530921,0.462562710,-0.136921555,-0.397549093,-0.636608899,0.894470572,0.015858529,-0.061663188,0.442570418
210,2986468,35517,stationary,stationary,0.248388782,0.709393144,-0.583435059,0.180501953,0.031446457,-0.007887176,0.983040154,-0.210844740,-0.309397072,-0.738291860,0.889079213,0.002218151,-0.050193377,0.454987794,-0.078644030,-0.315110862,-0.753901422,0.884611130,0.011783933,-0.067393459,0.461283475,-0.136925399,-0.397735894,-0.636753500,0.894957423,0.015708879,-0.062483557,0.441475093
211,2986635,35684,stationary,stationary,0.248384833,0.709400475,-0.583409250,0.180511981,0.031448461,-0.007866126,0.983038425,-0.210686430,-0.309095204,-0.737594545,0.888333559,0.002444006,-0.050404467,0.456417471,-0.078680150,-0.315065026,-0.753638864,0.884099722,0.012380023,-0.066518769,0.462374002,-0.137019902,-0.397850245,-0.637041688,0.894769311,0.015597530,-0.063366324,0.441734523
212,2986802,35851,stationary,stationary,0.248362958,0.709332347,-0.583406746,0.180493504,0.031435225,-0.007883592,0.983042121,-0.210909903,-0.309447259,-0.738467336,0.888774276,0.002089354,-0.051336035,0.455456406,-0.078649700,-0.314942956,-0.753364563,0.883828104,0.012347074,-0.066532455,0.462891877,-0.136945039,-0.397755593,-0.636827946,0.894903839,0.015503894,-0.063258432,0.441480666
213,2986981,36030,stationary,stationary,0.248386160,0.709290624,-0.583392024,0.180480927,0.031430833,-0.007878495,0.983044565,-0.210723996,-0.309211731,-0.738030910,0.888941407,0.001600571,-0.050972492,0.455172956,-0.078645907,-0.314864993,-0.753157496,0.883876503,0.012278477,-0.067387544,0.462677509,-0.136979163,-0.397844613,-0.636979520,0.895060122,0.015774714,-0.061721675,0.441371739
214,2987148,36197,stationary,stationary,0.248417854,0.709265351,-0.583405614,0.180496022,0.031439234,-0.007883562,0.983041525,-0.210734203,-0.309197605,-0.737991393,0.888642490,0.001906560,-0.050729591,0.455782294,-0.078662463,-0.314991176,-0.753536940,0.884130776,0.011850802,-0.066899620,0.462273479,-0.136889860,-0.397592008,-0.636580229,0.894365132,0.015727337,-0.062753603,0.442634881
215,2987315,36364,stationary,stationary,0.248425171,0.709296823,-0.583438396,0.180489495,0.031441342,-0.007884059,0.983042657,-0.210808977,-0.309291124,-0.738159955,0.888757825,0.001970469,-0.050786577,0.455550671,-0.078669369,-0.315185338,-0.753937244,0.884775579,0.011633443,-0.067819305,0.460909247,-0.137007922,-0.397909671,-0.637077272,0.895222902,0.015383838,-0.063545160,0.440796256
216,2987481,36530,stationary,stationary,0.248409450,0.709302068,-0.583447218,0.180485457,0.031423144,-0.007887399,0.983043969,-0.210830197,-0.309441507,-0.738212585,0.887823641,0.003311726,-0.049494632,0.457502544,-0.078661725,-0.314849436,-0.753090262,0.883851051,0.012449089,-0.067037426,0.462772489,-0.136878550,-0.397544146,-0.636585712,0.894372642,0.015531379,-0.062663153,0.442639500
217,2987663,36712,stationary,stationary,0.248394489,0.709302783,-0.583458781,0.180476993,0.031443022,-0.007882747,0.983044863,-0.210844442,-0.309421182,-0.738458514,0.888655722,0.001809166,-0.051364481,0.455685645,-0.078614041,-0.314841986,-0.753045559,0.883794904,0.012264763,-0.067354590,0.462838590,-0.136967570,-0.397851288,-0.636906385,0.895217657,0.015623691,-0.062307417,0.440975219
218,2987830,36879,stationary,stationary,0.248351857,0.709279239,-0.583378971,0.180498332,0.031441316,-0.007879430,0.983041048,-0.210733920,-0.309210896,-0.738039553,0.888780057,0.001913388,-0.050961424,0.455487996,-0.078635871,-0.314864576,-0.753158152,0.883661568,0.012373405,-0.066815659,0.463168204,-0.136884674,-0.397587180,-0.636558294,0.894606233,0.015735883,-0.061941016,0.442261726
219,2987997,37046,stationary,stationary,0.248417720,0.709257543,-0.583360016,0.180492386,0.031473968,-0.007898890,0.983040929,-0.210720271,-0.309196532,-0.737954080,0.888777196,0.001958366,-0.050200421,0.455577880,-0.078665890,-0.314946711,-0.753390908,0.883899271,0.012245419,-0.067192882,0.462663233,-0.137082517,-0.398116648,-0.637376308,0.895299733,0.015407392,-0.063311309,0.440672964
220,2988176,37225,stationary,stationary,0.248404399,0.709259391,-0.583292723,0.180488810,0.031432401,-0.007902496,0.983042896,-0.210799992,-0.309316874,-0.738160312,0.888567924,0.002028604,-0.050295711,0.455975115,-0.078645431,-0.314905882,-0.753194809,0.883571267,0.012385360,-0.066816412,0.463340014,-0.136896431,-0.397686064,-0.636668205,0.894843459,0.015673816,-0.062263772,0.441738397
221,2988342,37391,stationary,stationary,0.248431683,0.709245682,-0.583252609,0.180472285,0.031430833,-0.007913686,0.983045876,-0.210835233,-0.309350073,-0.738339782,0.888909996,0.001914805,-0.050608654,0.455273718,-0.078701705,-0.315017164,-0.753547311,0.884324253,0.012189167,-0.066739209,0.461917669,-0.136907935,-0.397659928,-0.636694431,0.894590974,0.016150914,-0.061484870,0.442341238
222,2988509,37558,stationary,stationary,0.248466074,0.709255099,-0.583322823,0.180473477,0.031450961,-0.007909714,0.983045101,-0.210765377,-0.309327304,-0.738168120,0.888588965,0.002061734,-0.050462373,0.455915511,-0.078603894,-0.314786792,-0.753078043,0.883980155,0.011890908,-0.067127876,0.462527335,-0.136926815,-0.397636592,-0.636678755,0.894859672,0.015759535,-0.062118046,0.441722959
223,2988676,37725,stationary,stationary,0.248474315,0.709288001,-0.583345532,0.180476680,0.031425178,-0.007906520,0.983045340,-0.210839778,-0.309397906,-0.738383710,0.889085293,0.002069655,-0.050280720,0.454966962,-0.078651428,-0.314885229,-0.753225446,0.883739829,0.012249766,-0.066468589,0.463072181,-0.136872917,-0.397526115,-0.636489689,0.894522309,0.015632922,-0.062836498,0.442308724
224,2988856,37905,stationary,stationary,0.248502791,0.709299326,-0.583379984,0.180469006,0.031428762,-0.007880989,0.983046830,-0.210731685,-0.309251964,-0.738020241,0.889065802,0.002139138,-0.049892895,0.455047369,-0.078652978,-0.314943433,-0.753518462,0.884397209,0.011987519,-0.067548200,0.461665660,-0.136873826,-0.397519827,-0.636487484,0.894426942,0.015568744,-0.063032255,0.442475975
225,2989023,38072,stationary,stationary,0.248497322,0.709299982,-0.583339095,0.180475727,0.031447697,-0.007877734,0.983045042,-0.210859358,-0.309379220,-0.738256097,0.889320910,0.001905151,-0.050564446,0.454475462,-0.078635350,-0.314747930,-0.753036320,0.884150445,0.011886861,-0.067289345,0.462178409,-0.136985332,-0.397900879,-0.637006819,0.895170569,0.015527628,-0.063097984,0.440961689
226,2989190,38239,stationary,stationary,0.248496294,0.709316015,-0.583331704,0.180475876,0.031451877,-0.007896621,0.983044684,-0.210946038,-0.309501827,-0.738696158,0.889160573,0.001536925,-0.051232427,0.454715699,-0.078649752,-0.314712286,-0.752829731,0.883468926,0.012171166,-0.066876128,0.463532180,-0.136928558,-0.397691011,-0.636703908,0.894561708,0.015568516,-0.062980570,0.442210793
227,2989356,38405,stationary,stationary,0.248538554,0.709327340,-0.583327472,0.180480465,0.031429473,-0.007901960,0.983044505,-0.210787937,-0.309293866,-0.738041759,0.889081359,0.001705479,-0.050938528,0.454902977,-0.078632087,-0.314795256,-0.753116190,0.884077549,0.011767969,-0.067449585,0.462297499,-0.136882946,-0.397601157,-0.636563718,0.894772768,0.015769593,-0.062037084,0.441909969
228,2989523,38572,stationary,stationary,0.248539016,0.709263444,-0.583341241,0.180482894,0.031442329,-0.007905388,0.983043671,-0.210907087,-0.309488624,-0.738570809,0.888616145,0.001921459,-0.051281586,0.455771774,-0.078666158,-0.314874232,-0.753180623,0.884046018,0.012296649,-0.066996522,0.462409943,-0.137004957,-0.397926599,-0.637094438,0.895139813,0.015501897,-0.062907524,0.441052258
229,2989693,38742,stationary,stationary,0.248517245,0.709236681,-0.583334684,0.180493847,0.031439964,-0.007882449,0.983041883,-0.210880682,-0.309450984,-0.738387942,0.888853490,0.001916397,-0.050261337,0.455422491,-0.078601301,-0.314751327,-0.752857208,0.883505404,0.012380105,-0.067167506,0.463414997,-0.136947811,-0.397742093,-0.636786401,0.894715726,0.015821373,-0.061989214,0.442030311
230,2989870,38919,stationary,stationary,0.248462588,0.709241867,-0.583348036,0.180498585,0.031444579,-0.007890991,0.983040810,-0.210710704,-0.309111595,-0.737899780,0.888846815,0.001361672,-0.051859673,0.455258280,-0.078618728,-0.314665318,-0.752809107,0.883735418,0.012049805,-0.067689754,0.462908953,-0.136987090,-0.397888780,-0.637039542,0.894609869,0.015316050,-0.064063102,0.441966653
231,2990037,39086,stationary,stationary,0.248393714,0.709225535,-0.583416462,0.180482328,0.031443380,-0.007887591,0.983043849,-0.211005241,-0.309585243,-0.739081383,0.888629019,0.000854785,-0.052891918,0.455565780,-0.078664914,-0.314826071,-0.753184617,0.884050548,0.011951472,-0.067182228,0.462383360,-0.137008846,-0.398010880,-0.637182593,0.895099461,0.015507162,-0.063199587,0.441092193
232,2990219,39268,stationary,stationary,0.248438925,0.709235191,-0.583444357,0.180479422,0.031437561,-0.007893108,0.983044505,-0.210869491,-0.309401721,-0.738399982,0.888983548,0.001564875,-0.051323198,0.455051392,-0.078679413,-0.314758658,-0.753001571,0.883580983,0.012219779,-0.066890717,0.463315219,-0.136974782,-0.397828162,-0.636887968,0.895222008,0.015608051,-0.063143827,0.440847814
233,2990385,39434,stationary,stationary,0.248437434,0.709252000,-0.583405912,0.180477783,0.031440236,-0.007900549,0.983044684,-0.210832924,-0.309396505,-0.738361001,0.889708638,0.001389174,-0.050508045,0.453724146,-0.078668565,-0.314863205,-0.753146231,0.883983135,0.012374045,-0.066949509,0.462534875,-0.136986852,-0.397769272,-0.636854768,0.894804239,0.015367926,-0.063693494,0.441624641
234,2990551,39600,stationary,stationary,0.248413846,0.709254742,-0.583335400,0.180481344,0.031430844,-0.007916821,0.983044207,-0.210697740,-0.309201449,-0.737838745,0.888337970,0.002189460,-0.050362200,0.456414878,-0.078703582,-0.314904571,-0.753328204,0.883571506,0.012402616,-0.066416658,0.463396639,-0.136996597,-0.397933066,-0.637067735,0.895177662,0.015869439,-0.062439922,0.441028774
235,2990717,39766,stationary,stationary,0.248461768,0.709248245,-0.583342314,0.180475220,0.031456552,-0.007923121,0.983044446,-0.210746258,-0.309214681,-0.737829745,0.888554990,0.002511321,-0.049679905,0.456065416,-0.078598931,-0.314638525,-0.752770841,0.883859932,0.011759993,-0.067922346,0.462644428,-0.136992097,-0.397840619,-0.636939704,0.895122588,0.015250986,-0.063798018,0.440968007
236,2990884,39933,stationary,stationary,0.248472452,0.709286690,-0.583345354,0.180473089,0.031452764,-0.007926772,0.983044922,-0.210799783,-0.309362620,-0.738230526,0.888877988,0.002079029,-0.049674120,0.455438316,-0.078613847,-0.314753741,-0.752873957,0.883567989,0.012470964,-0.067107730,0.463301867,-0.137027144,-0.398015052,-0.637158573,0.895323515,0.015372406,-0.063939631,0.440535218
237,2991050,40099,stationary,stationary,0.248535886,0.709288239,-0.583355784,0.180476591,0.031438496,-0.007927276,0.983044744,-0.210899264,-0.309519947,-0.738589346,0.888725281,0.001624417,-0.051619608,0.455521882,-0.078628510,-0.314820766,-0.753167093,0.884030044,0.011849877,-0.067471713,0.462382942,-0.136905223,-0.397621781,-0.636602938,0.894683242,0.015645240,-0.062802762,0.441987485
238,2991217,40266,stationary,stationary,0.248554751,0.709286809,-0.583420992,0.180457696,0.031433787,-0.007921326,0.983048379,-0.210663244,-0.309101820,-0.737566352,0.888668597,0.002331698,-0.049821973,0.455829382,-0.078676097,-0.315178752,-0.753836870,0.884213507,0.012490693,-0.066706471,0.462126315,-0.136878744,-0.397670746,-0.636637270,0.894980490,0.015708787,-0.061978672,0.441499501
239,2991384,40433,stationary,stationary,0.248555347,0.709222734,-0.583418071,0.180473059,0.031441726,-0.007911270,0.983045459,-0.210780188,-0.309320033,-0.738174021,0.889083207,0.001776860,-0.050604682,0.454936355,-0.078668296,-0.314994693,-0.753418684,0.884204268,0.012241887,-0.067494653,0.462036222,-0.136903122,-0.397715688,-0.636734664,0.894523859,0.016000409,-0.061786659,0.442440301
240,2991550,40599,stationary,stationary,0.248488382,0.709175408,-0.583409786,0.180473030,0.031441689,-0.007908497,0.983045459,-0.210940838,-0.309505105,-0.738554835,0.888637245,0.001948019,-0.050523061,0.455815136,-0.078662172,-0.314940512,-0.753462017,0.884339333,0.011823446,-0.067599073,0.461773217,-0.136829168,-0.397457838,-0.636397660,0.894308209,0.015904477,-0.062288571,0.442809254
241,2991718,40767,stationary,stationary,0.248471677,0.709233224,-0.583347142,0.180473089,0.031442739,-0.007912406,0.983045399,-0.210894138,-0.309443384,-0.738450706,0.889217496,0.001628011,-0.051394176,0.454585880,-0.078681797,-0.315014184,-0.753531814,0.884089708,0.012531644,-0.067277834,0.462279171,-0.136884645,-0.397547483,-0.636548638,0.894381762,0.015333935,-0.063480407,0.442511469
242,2991899,40948,stationary,stationary,0.248535007,0.709243834,-0.583299577,0.180482253,0.031491812,-0.007915236,0.983042121,-0.210776523,-0.309287280,-0.738037646,0.888499558,0.001966166,-0.050577465,0.456077456,-0.078637302,-0.314817786,-0.753142476,0.884084940,0.011735830,-0.067568377,0.462266833,-0.136914805,-0.397628278,-0.636615098,0.894980192,0.015826140,-0.061560355,0.441554487
243,2992066,41115,stationary,stationary,0.248551697,0.709266424,-0.583257735,0.180473879,0.031444717,-0.007895079,0.983045340,-0.210805297,-0.309304655,-0.738215983,0.888858438,0.001710944,-0.050947439,0.455337405,-0.078619502,-0.314735770,-0.752795994,0.883752763,0.012157093,-0.066781282,0.463004917,-0.136860833,-0.397494972,-0.636465132,0.894123614,0.015294324,-0.063500412,0.443031251
244,2992233,41282,stationary,stationary,0.248567447,0.709329128,-0.583197176,0.180465385,0.031443026,-0.007889326,0.983046949,-0.210758910,-0.309247047,-0.737853646,0.888791144,0.001862732,-0.050214808,0.455549479,-0.078692108,-0.314816177,-0.753068209,0.883780837,0.012377577,-0.067506939,0.462840229,-0.136863887,-0.397483885,-0.636378407,0.894660056,0.015718859,-0.062083151,0.442133486
245,2992399,41448,stationary,stationary,0.248560980,0.709334314,-0.583212495,0.180457309,0.031452600,-0.007876259,0.983048260,-0.210753784,-0.309233546,-0.737962663,0.888851762,0.002040619,-0.050138284,0.455438882,-0.078682080,-0.314968914,-0.753335536,0.883905351,0.012500674,-0.066984504,0.462675035,-0.136940807,-0.397761852,-0.636779010,0.895203173,0.015591007,-0.062544256,0.440972120
246,2992566,41615,stationary,stationary,0.248547360,0.709361613,-0.583191752,0.180413425,0.031443220,-0.007889873,0.983056486,-0.210726619,-0.309165388,-0.737861276,0.888805330,0.001765419,-0.050515320,0.455488920,-0.078652173,-0.314778566,-0.752904713,0.883478940,0.012362003,-0.066820785,0.463516057,-0.136965513,-0.397794068,-0.636883318,0.894631267,0.015397424,-0.063706912,0.441971958
247,2992746,41795,stationary,stationary,0.248584479,0.709342003,-0.583223283,0.180432320,0.031436872,-0.007909468,0.983053088,-0.210739613,-0.309271216,-0.737986505,0.889040112,0.002056184,-0.049317271,0.455160767,-0.078686789,-0.315029293,-0.753665805,0.884383857,0.011791095,-0.066891104,0.461791962,-0.136853755,-0.397560537,-0.636481881,0.894702673,0.015934069,-0.061713498,0.442091256
248,2992912,41961,stationary,stationary,0.248552084,0.709340811,-0.583287418,0.180434614,0.031438585,-0.007907324,0.983052611,-0.210739419,-0.309241474,-0.737893343,0.888242960,0.002011110,-0.051493134,0.456474364,-0.078652516,-0.315089285,-0.753728092,0.884519458,0.011982686,-0.067070067,0.461501271,-0.136913210,-0.397676826,-0.636679053,0.894747019,0.015555926,-0.062951334,0.441840380
249,2993079,42128,stationary,stationary,0.248552710,0.709342480,-0.583361208,0.180457756,0.031448003,-0.007902890,0.983048081,-0.210907370,-0.309466064,-0.738528788,0.889028847,0.001618875,-0.050636299,0.455039650,-0.078625113,-0.314609885,-0.752699971,0.883646011,0.011982009,-0.066490658,0.463255048,-0.136868566,-0.397558033,-0.636472523,0.894948244,0.015662456,-0.062551491,0.441485673
250,2993246,42295,stationary,stationary,0.248520523,0.709388137,-0.583418787,0.180450350,0.031439204,-0.007894199,0.983049810,-0.210808888,-0.309365451,-0.738211036,0.889448464,0.001484666,-0.050245807,0.454262733,-0.078671813,-0.314836740,-0.753072798,0.883826852,0.012337422,-0.067469463,0.462758899,-0.137031049,-0.398052812,-0.637216747,0.895381451,0.015507409,-0.063490920,0.440477550
251,2993412,42461,stationary,stationary,0.248507664,0.709365249,-0.583427429,0.180460259,0.031452391,-0.007911815,0.983047426,-0.210810497,-0.309337556,-0.738191366,0.888671398,0.001991309,-0.050603930,0.455739468,-0.078670762,-0.315036416,-0.753484547,0.884049416,0.012520595,-0.067310065,0.462351859,-0.136870548,-0.397614300,-0.636578143,0.894886971,0.015405339,-0.062344767,0.441648155
252,2993579,42628,stationary,stationary,0.248525620,0.709271729,-0.583414495,0.180476099,0.031445023,-0.007913753,0.983044744,-0.210873216,-0.309423625,-0.738433540,0.888660729,0.001766127,-0.051109653,0.455704719,-0.078693748,-0.314962834,-0.753303885,0.883696437,0.012574592,-0.066518970,0.463138938,-0.136842802,-0.397496283,-0.636405408,0.894596398,0.015489597,-0.062701546,0.442183167
253,2993745,42794,stationary,stationary,0.248528421,0.709228516,-0.583400667,0.180482313,0.031434886,-0.007931822,0.983043790,-0.210929245,-0.309540957,-0.738696814,0.889245927,0.001469979,-0.051167898,0.454556197,-0.078680709,-0.314876646,-0.753233910,0.883985400,0.012234887,-0.066321142,0.462624729,-0.136997074,-0.397903293,-0.636995077,0.895237803,0.015658652,-0.062943093,0.440842718
254,2993912,42961,stationary,stationary,0.248564780,0.709201336,-0.583418012,0.180478856,0.031440884,-0.007916286,0.983044326,-0.210893556,-0.309427321,-0.738448679,0.889252603,0.001599018,-0.050728932,0.454591900,-0.078627497,-0.314688087,-0.752873540,0.883969784,0.011847650,-0.067529090,0.462489933,-0.136885852,-0.397578567,-0.636564612,0.894350469,0.015501383,-0.062828548,0.442661822
255,2994095,43144,stationary,stationary,0.248564467,0.709209442,-0.583434582,0.180480182,0.031455357,-0.007901700,0.983043790,-0.210838705,-0.309352160,-0.738231182,0.889390290,0.001690620,-0.051151503,0.454274803,-0.078672223,-0.314892292,-0.753181100,0.883751869,0.012239162,-0.066896595,0.462987810,-0.136895075,-0.397592604,-0.636537611,0.894579232,0.014999936,-0.064193964,0.442020476
256,2994260,43309,stationary,stationary,0.248545229,0.709223390,-0.583427429,0.180483624,0.031436577,-0.007905997,0.983043671,-0.210787013,-0.309307516,-0.738215804,0.888696611,0.001815655,-0.050762903,0.455673307,-0.078704230,-0.314947873,-0.753330231,0.883908629,0.012406231,-0.066343173,0.462763608,-0.136924416,-0.397774756,-0.636859119,0.894728780,0.015571518,-0.062186766,0.441984981
257,2994426,43475,stationary,stationary,0.248566136,0.709275723,-0.583412826,0.180495784,0.031442463,-0.007919192,0.983041167,-0.210730925,-0.309175730,-0.737802744,0.888816655,0.002278588,-0.049935412,0.455528468,-0.078659169,-0.315016508,-0.753476262,0.884210348,0.012250794,-0.066737771,0.462134242,-0.136836290,-0.397441119,-0.636357546,0.894093931,0.015426002,-0.063172668,0.443133593
258,2994593,43642,stationary,stationary,0.248600930,0.709277749,-0.583415508,0.180484518,0.031435676,-0.007916684,0.983043492,-0.210738152,-0.309186757,-0.737781048,0.888414621,0.002137494,-0.050896399,0.456206679,-0.078702182,-0.314936787,-0.753303170,0.883833468,0.012311433,-0.067230903,0.462781668,-0.136993363,-0.397900641,-0.637140155,0.894312322,0.015058771,-0.064508788,0.442512602
259,2994757,43806,stationary,stationary,0.248574913,0.709216177,-0.583453417,0.180492103,0.031438198,-0.007906851,0.983042061,-0.210888863,-0.309489667,-0.738530219,0.889161587,0.001614284,-0.051042989,0.454734802,-0.078608245,-0.314737558,-0.752975702,0.884220660,0.011895264,-0.067554206,0.462005198,-0.136853606,-0.397545278,-0.636501014,0.894442081,0.015531179,-0.062422000,0.442533195
260,2994925,43974,stationary,stationary,0.248573691,0.709182262,-0.583464324,0.180475935,0.031440914,-0.007922308,0.983044863,-0.210795477,-0.309297025,-0.738130212,0.888772190,0.001924914,-0.050307266,0.455576003,-0.078696907,-0.315103412,-0.753713012,0.883957982,0.012531807,-0.067186065,0.462544411,-0.136987299,-0.397891998,-0.637043834,0.894810319,0.015438788,-0.063663840,0.441614151
261,2995091,44140,stationary,stationary,0.248599708,0.709152043,-0.583432972,0.180487990,0.031443257,-0.007912712,0.983042598,-0.210818008,-0.309358388,-0.738217473,0.888615012,0.001780129,-0.051215567,0.455781907,-0.078658424,-0.314897895,-0.753249943,0.883692384,0.012314767,-0.065409862,0.463311672,-0.136991769,-0.397940129,-0.637049079,0.895365715,0.015464092,-0.063367546,0.440528929
262,2995259,44308,stationary,stationary,0.248623773,0.709142447,-0.583401978,0.180505678,0.031455915,-0.007881287,0.983039200,-0.210782602,-0.309296250,-0.738160849,0.888950944,0.001340771,-0.051538862,0.455091417,-0.078696884,-0.314821959,-0.753032148,0.883587837,0.012571375,-0.067067564,0.463267118,-0.136980802,-0.397835314,-0.636878669,0.895036817,0.015107929,-0.064378135,0.441062719
263,2995426,44475,stationary,stationary,0.248593658,0.709189832,-0.583456993,0.180494368,0.031454168,-0.007898293,0.983041227,-0.210761577,-0.309260368,-0.737990081,0.888913631,0.001741194,-0.050169490,0.455315948,-0.078688249,-0.314992309,-0.753400981,0.883858144,0.012448334,-0.066891193,0.462780148,-0.137006298,-0.397879273,-0.636986852,0.895107388,0.015077998,-0.064508930,0.440901399
264,2995593,44642,stationary,stationary,0.248593479,0.709179282,-0.583462954,0.180499926,0.031455293,-0.007896534,0.983040154,-0.210780770,-0.309270203,-0.738166094,0.889062285,0.001394667,-0.051047053,0.454929084,-0.078709669,-0.314998269,-0.753392935,0.883942902,0.012402129,-0.066896275,0.462618709,-0.136901617,-0.397697479,-0.636669338,0.894798160,0.016001837,-0.062241338,0.441821545
265,2995772,44821,stationary,stationary,0.248563454,0.709165335,-0.583412290,0.180518106,0.031452715,-0.007897325,0.983036935,-0.210807100,-0.309375107,-0.738258183,0.888988674,0.001631061,-0.050430804,0.455140889,-0.078671657,-0.314917266,-0.753217757,0.883663177,0.012562660,-0.066234224,0.463243514,-0.136981249,-0.397801787,-0.636848092,0.894892931,0.015711565,-0.062616967,0.441586792
266,2995939,44988,stationary,stationary,0.248555481,0.709202945,-0.583360076,0.180503085,0.031466879,-0.007909894,0.983039141,-0.210763782,-0.309228301,-0.737964392,0.888884544,0.002055232,-0.049876872,0.455403477,-0.078679219,-0.314958662,-0.753314078,0.883969545,0.012577080,-0.066975623,0.462551594,-0.136877313,-0.397565246,-0.636544943,0.894523025,0.016181536,-0.061812930,0.442431778
267,2996106,45155,stationary,stationary,0.248570502,0.709261119,-0.583372712,0.180499732,0.031449266,-0.007914678,0.983040273,-0.210808948,-0.309305072,-0.738279164,0.888886631,0.001364494,-0.051207632,0.455254316,-0.078730196,-0.315208316,-0.753957272,0.884418905,0.012267843,-0.067142375,0.461675823,-0.136979371,-0.397858590,-0.636951923,0.895023704,0.015643673,-0.063303478,0.441226095
268,2996272,45321,stationary,stationary,0.248551339,0.709259033,-0.583346367,0.180473447,0.031450860,-0.007915974,0.983045042,-0.210786715,-0.309289753,-0.738243639,0.887919009,0.001757261,-0.051074307,0.457152247,-0.078721225,-0.314999342,-0.753580987,0.884257317,0.011691093,-0.066956580,0.462027252,-0.136854336,-0.397562593,-0.636504650,0.894587755,0.015312656,-0.063358545,0.442113101
269,2996443,45492,stationary,stationary,0.248575300,0.709270835,-0.583324194,0.180488586,0.031451989,-0.007918629,0.983042181,-0.210806206,-0.309347451,-0.738153398,0.889038503,0.001948779,-0.050535586,0.455030710,-0.078714311,-0.314900398,-0.753194869,0.883520782,0.012518927,-0.067278862,0.463365883,-0.136980370,-0.397873819,-0.636948824,0.894868612,0.016058983,-0.062274113,0.441672087
270,2996606,45655,stationary,stationary,0.248608574,0.709256887,-0.583273590,0.180467576,0.031465825,-0.007907600,0.983045697,-0.210888907,-0.309456944,-0.738420963,0.888917446,0.001658723,-0.050441872,0.455278695,-0.078682825,-0.314976573,-0.753390670,0.883895814,0.012402267,-0.067117609,0.462676555,-0.136979476,-0.397824049,-0.636843979,0.894825697,0.015684165,-0.063096926,0.441655755
271,2996774,45823,stationary,stationary,0.248632744,0.709245861,-0.583267450,0.180468291,0.031437248,-0.007892113,0.983046591,-0.210819140,-0.309362888,-0.738212883,0.888749301,0.001859204,-0.050592627,0.455589354,-0.078706607,-0.315294385,-0.754095614,0.884297848,0.012283340,-0.066270977,0.462033093,-0.136925638,-0.397808850,-0.636871397,0.894968688,0.015657099,-0.062598579,0.441437781
272,2996940,45989,stationary,stationary,0.248621210,0.709253073,-0.583298981,0.180457965,0.031457756,-0.007908517,0.983047724,-0.210809916,-0.309302211,-0.738036036,0.889078379,0.002031418,-0.050510310,0.454955250,-0.078710787,-0.315042853,-0.753455818,0.884003699,0.012476727,-0.066006936,0.462628275,-0.137036800,-0.398057252,-0.637161732,0.895319581,0.015422069,-0.063682638,0.440578669
273,2997106,46155,stationary,stationary,0.248596922,0.709282815,-0.583333313,0.180456713,0.031452522,-0.007878494,0.983048379,-0.210839406,-0.309422344,-0.738287926,0.888722658,0.001955278,-0.051187228,0.455574512,-0.078684717,-0.314931333,-0.753359973,0.883929372,0.012400452,-0.066141732,0.462753028,-0.136905685,-0.397609502,-0.636588991,0.894633472,0.015901208,-0.061958112,0.442198247
274,2997287,46336,stationary,stationary,0.248613104,0.709271908,-0.583333254,0.180469632,0.031452887,-0.007907886,0.983045697,-0.210672572,-0.309098691,-0.737582326,0.888361573,0.001955953,-0.050552852,0.456348926,-0.078746483,-0.315254390,-0.753942192,0.884162068,0.012475358,-0.066149250,0.462305218,-0.136951536,-0.397755593,-0.636799097,0.895142853,0.015752433,-0.062637091,0.441075712
275,2997454,46503,stationary,stationary,0.248636827,0.709276021,-0.583326519,0.180469751,0.031448804,-0.007900817,0.983045876,-0.210877746,-0.309459329,-0.738462806,0.889806807,0.001012123,-0.050843053,0.453495085,-0.078723282,-0.314915985,-0.753210068,0.883721828,0.012667367,-0.065820739,0.463187754,-0.136982635,-0.397845328,-0.636897206,0.895299733,0.015498228,-0.063244946,0.440679342
276,2997621,46670,stationary,stationary,0.248583913,0.709296703,-0.583352923,0.180449173,0.031444244,-0.007903832,0.983049810,-0.210888848,-0.309475482,-0.738494217,0.888964415,0.001773303,-0.050038241,0.455231011,-0.078721970,-0.315008879,-0.753471315,0.883878469,0.012367112,-0.066571526,0.462789506,-0.136870369,-0.397538930,-0.636460066,0.894720376,0.016079806,-0.061519053,0.442077279
277,2997788,46837,stationary,stationary,0.248575106,0.709275365,-0.583381414,0.180469885,0.031441569,-0.007908027,0.983046055,-0.210876107,-0.309516609,-0.738507628,0.889110506,0.001483509,-0.051388409,0.454796165,-0.078697860,-0.314864516,-0.753157735,0.883861661,0.012388620,-0.067193978,0.462731123,-0.136991113,-0.397928655,-0.636978924,0.895442903,0.015333862,-0.063917741,0.440296948
278,2997954,47003,stationary,stationary,0.248556778,0.709267616,-0.583485126,0.180472732,0.031440910,-0.007918146,0.983045459,-0.210878655,-0.309450448,-0.738517761,0.889225185,0.001427843,-0.050094675,0.454716474,-0.078640476,-0.314716429,-0.752867579,0.883791447,0.012268052,-0.066998295,0.462896734,-0.136809647,-0.397477329,-0.636330128,0.894571722,0.015565879,-0.062402207,0.442272693
279,2998135,47184,stationary,stationary,0.248540282,0.709239483,-0.583582759,0.180483818,0.031465523,-0.007927071,0.983042538,-0.210724235,-0.309225112,-0.737951756,0.889005721,0.001897990,-0.050216280,0.455130309,-0.078670897,-0.314771920,-0.752913833,0.883634031,0.012446641,-0.067444220,0.463127702,-0.136831999,-0.397425622,-0.636294603,0.894598663,0.015538248,-0.062721886,0.442173868
280,2998301,47350,stationary,stationary,0.248481765,0.709201694,-0.583572209,0.180465803,0.031432170,-0.007917060,0.983047009,-0.210860029,-0.309417367,-0.738424778,0.888962269,0.001792141,-0.050010748,0.455238223,-0.078673184,-0.315059364,-0.753644347,0.883629203,0.013021402,-0.065958299,0.463335067,-0.137024596,-0.397872865,-0.636907220,0.894930184,0.015660634,-0.062857822,0.441478968
281,2998468,47517,stationary,stationary,0.248463660,0.709220588,-0.583542764,0.180483773,0.031430777,-0.007916672,0.983043790,-0.210890785,-0.309408426,-0.738441110,0.889078081,0.001517926,-0.051100593,0.454891860,-0.078694165,-0.314710915,-0.752829731,0.883420646,0.012555211,-0.066867545,0.463615268,-0.136990905,-0.397891998,-0.636986971,0.894839942,0.015419088,-0.064457044,0.441439688
282,2998649,47698,stationary,stationary,0.248446077,0.709244192,-0.583538353,0.180491000,0.031435952,-0.007881462,0.983042538,-0.210803121,-0.309368789,-0.738164067,0.888462842,0.002040102,-0.050498717,0.456157267,-0.078680225,-0.314837873,-0.753044128,0.883613467,0.012459835,-0.066696741,0.463274837,-0.136923477,-0.397753626,-0.636783898,0.894751668,0.015554478,-0.062508211,0.441893995
283,2998814,47863,stationary,stationary,0.248482779,0.709201336,-0.583504856,0.180498555,0.031432424,-0.007920171,0.983040929,-0.210828260,-0.309398532,-0.738353014,0.888838887,0.001771458,-0.050553143,0.455419272,-0.078709960,-0.314853072,-0.753041267,0.883858144,0.012338575,-0.066456094,0.462845773,-0.136933535,-0.397751302,-0.636769176,0.894415617,0.015272317,-0.063335881,0.442465931
284,2998986,48035,stationary,stationary,0.248539940,0.709243536,-0.583420336,0.180487752,0.031433925,-0.007911962,0.983042955,-0.210797668,-0.309280485,-0.738011599,0.888724685,0.001882283,-0.050278526,0.455672026,-0.078744046,-0.315098345,-0.753644407,0.884012282,0.012519412,-0.066119947,0.462594599,-0.137031794,-0.397956550,-0.637005568,0.895282984,0.015396670,-0.062964879,0.440757006
285,2999148,48197,stationary,stationary,0.248559400,0.709299803,-0.583289921,0.180489451,0.031428237,-0.007935473,0.983042657,-0.210864022,-0.309493214,-0.738481104,0.889174104,0.001723807,-0.050034236,0.454821974,-0.078688473,-0.315008909,-0.753389597,0.883693516,0.012656996,-0.066181615,0.463190734,-0.136996746,-0.397929460,-0.636992097,0.895170093,0.015343770,-0.063372642,0.440929681
286,2999314,48363,stationary,stationary,0.248580173,0.709288120,-0.583258748,0.180481061,0.031431209,-0.007931778,0.983044147,-0.210806549,-0.309320569,-0.738157690,0.889042079,0.001956543,-0.050040197,0.455078363,-0.078718558,-0.315012753,-0.753513932,0.883866370,0.012395643,-0.065791264,0.462923467,-0.137003630,-0.397896141,-0.636947930,0.895334721,0.015470042,-0.063172519,0.440619528
287,2999481,48530,stationary,stationary,0.248638645,0.709309518,-0.583212197,0.180477932,0.031428501,-0.007911259,0.983044922,-0.210776180,-0.309288055,-0.738155723,0.889143109,0.001397858,-0.050881781,0.454789698,-0.078698307,-0.314988345,-0.753388464,0.883584976,0.012658886,-0.067074634,0.463269234,-0.136863708,-0.397452593,-0.636315882,0.895065665,0.015824014,-0.060628969,0.441510201
288,2999648,48697,stationary,stationary,0.248659968,0.709296703,-0.583199203,0.180475459,0.031426352,-0.007923035,0.983045399,-0.210792959,-0.309318602,-0.738068998,0.888828456,0.001994384,-0.050242122,0.455473095,-0.078687370,-0.314869791,-0.753304482,0.884240270,0.011780567,-0.067789063,0.461936176,-0.136808649,-0.397411287,-0.636259258,0.894292057,0.015289363,-0.063179649,0.442737252
289,2999815,48864,stationary,stationary,0.248667389,0.709279895,-0.583251715,0.180469126,0.031443909,-0.007928265,0.983045936,-0.210806146,-0.309326410,-0.738008857,0.888306975,0.002283107,-0.050006349,0.456513762,-0.078736931,-0.314904183,-0.753191292,0.883850753,0.012483628,-0.066913038,0.462790132,-0.136899680,-0.397665083,-0.636629820,0.894938707,0.015681228,-0.062433530,0.441521108
290,2999996,49045,stationary,stationary,0.248619661,0.709272385,-0.583344996,0.180461779,0.031424325,-0.007925573,0.983047962,-0.210940614,-0.309572279,-0.738641620,0.889290214,0.001473877,-0.051307861,0.454453796,-0.078680225,-0.314882815,-0.753110647,0.883640707,0.012694949,-0.066174768,0.463291317,-0.136931360,-0.397784740,-0.636791646,0.894979358,0.015613866,-0.062312786,0.441458195
291,3000152,49201,stationary,stationary,0.248619333,0.709263742,-0.583337307,0.180482000,0.031415019,-0.007925760,0.983044505,-0.210786894,-0.309340417,-0.738289893,0.888891697,0.001013619,-0.051794022,0.455179006,-0.078622803,-0.314623117,-0.752659976,0.883827567,0.011886269,-0.067824058,0.462717474,-0.136893168,-0.397595465,-0.636463702,0.894848883,0.015941573,-0.061393693,0.441839516
292,3000329,49378,stationary,stationary,0.248574823,0.709249854,-0.583320439,0.180470973,0.031417705,-0.007923999,0.983046472,-0.210945562,-0.309525251,-0.738541842,0.888973892,0.001626075,-0.051730927,0.455023766,-0.078683168,-0.314935148,-0.753280878,0.883920193,0.012239231,-0.067174278,0.462626070,-0.136882052,-0.397553623,-0.636427760,0.894797266,0.015920844,-0.061034132,0.441994578
293,3000496,49545,stationary,stationary,0.248533055,0.709237099,-0.583322585,0.180484891,0.031418234,-0.007917473,0.983043969,-0.210852742,-0.309487760,-0.738395751,0.889142871,0.001568286,-0.050058469,0.454880893,-0.078710407,-0.315046251,-0.753490746,0.884012461,0.012408010,-0.066559881,0.462534100,-0.136946782,-0.397824764,-0.636891901,0.894801080,0.015781110,-0.062071115,0.441847473
294,3000663,49712,stationary,stationary,0.248562530,0.709215283,-0.583357751,0.180468872,0.031423554,-0.007916398,0.983046770,-0.210873932,-0.309421390,-0.738337219,0.888897002,0.001531241,-0.050956398,0.455261737,-0.078663513,-0.315057039,-0.753605664,0.884540379,0.012023211,-0.067787208,0.461355269,-0.136937112,-0.397719622,-0.636753321,0.894794822,0.015720416,-0.063028187,0.441726804
295,3000830,49879,stationary,stationary,0.248635218,0.709267795,-0.583386421,0.180501133,0.031456508,-0.007917101,0.983039796,-0.210873991,-0.309454799,-0.738458514,0.888698816,0.001433559,-0.051222719,0.455618829,-0.078668483,-0.314772129,-0.752882123,0.883621514,0.012474466,-0.067258656,0.463177860,-0.137052298,-0.398088843,-0.637191415,0.895372927,0.015703972,-0.062863156,0.440577924
296,3001009,50058,stationary,stationary,0.248637483,0.709279060,-0.583354056,0.180465430,0.031434752,-0.007909805,0.983047068,-0.210833862,-0.309368759,-0.738254905,0.888895392,0.001376352,-0.051547028,0.455198854,-0.078684054,-0.314841568,-0.753020287,0.883634269,0.012253669,-0.066419259,0.463280499,-0.136906475,-0.397596747,-0.636536360,0.894749641,0.015328934,-0.063019380,0.441833317
297,3001176,50225,stationary,stationary,0.248581707,0.709280014,-0.583362937,0.180468068,0.031432234,-0.007895822,0.983046770,-0.210708067,-0.309214383,-0.737794816,0.888288081,0.002127073,-0.049442925,0.456612736,-0.078700624,-0.314823210,-0.753091097,0.883831322,0.012317900,-0.067433745,0.462756097,-0.136941403,-0.397760242,-0.636718035,0.894889355,0.015652578,-0.062028024,0.441679269
298,3001343,50392,stationary,stationary,0.248558581,0.709286809,-0.583394885,0.180470794,0.031430714,-0.007910751,0.983046174,-0.210820168,-0.309311032,-0.738129556,0.888920784,0.001853004,-0.050851427,0.455225766,-0.078718752,-0.315037727,-0.753490746,0.883871198,0.012501670,-0.066127785,0.462863415,-0.136879832,-0.397708952,-0.636670411,0.894741297,0.015719611,-0.062522441,0.441907048
299,3001523,50572,stationary,stationary,0.248559862,0.709280074,-0.583437741,0.180482268,0.031430330,-0.007918805,0.983044028,-0.210720807,-0.309192002,-0.737691045,0.888646364,0.002181909,-0.050027639,0.455851048,-0.078657895,-0.314842284,-0.753033340,0.883577883,0.012394250,-0.066963725,0.463305891,-0.136977226,-0.397851318,-0.636857271,0.895146191,0.015258601,-0.063896820,0.440905541
300,3001688,50737,stationary,stationary,0.248573229,0.709217548,-0.583435178,0.180505246,0.031434599,-0.007922704,0.983039618,-0.210894704,-0.309494972,-0.738584995,0.889590979,0.001260046,-0.050492000,0.453956932,-0.078702673,-0.315040976,-0.753475606,0.883876622,0.012486140,-0.066358224,0.462820530,-0.136819869,-0.397385955,-0.636178970,0.894176483,0.015596042,-0.061822604,0.443151385
301,3001857,50906,stationary,stationary,0.248610422,0.709225118,-0.583432317,0.180494323,0.031434402,-0.007925743,0.983041704,-0.210730821,-0.309237957,-0.737926364,0.889006555,0.001452248,-0.050767288,0.455069184,-0.078641579,-0.314686298,-0.752691031,0.883637011,0.012302600,-0.068033017,0.463039756,-0.136978418,-0.397846282,-0.636874437,0.895151436,0.015679738,-0.062935062,0.441018432
302,3002027,51076,stationary,stationary,0.248604178,0.709234118,-0.583420396,0.180497184,0.031434499,-0.007915150,0.983041167,-0.210807815,-0.309352398,-0.738155067,0.889365852,0.001473935,-0.049908563,0.454461634,-0.078729331,-0.315048099,-0.753541708,0.883983970,0.012375219,-0.066712379,0.462567449,-0.137001634,-0.397858828,-0.636915565,0.895024598,0.015301169,-0.063751213,0.441171944
