sample_id,logger_ms,recording_ms,test_type,phase_label,camera_x,camera_y,camera_z,camera_qx,camera_qy,camera_qz,camera_qw,common_x,common_y,common_z,common_qx,common_qy,common_qz,common_qw,chest_x,chest_y,chest_z,chest_qx,chest_qy,chest_qz,chest_qw,navel_x,navel_y,navel_z,navel_qx,navel_qy,navel_qz,navel_qw
0,980672,106,moving,stationary_A,-0.426941276,1.473790407,0.253160715,-0.061140113,0.869230807,0.317147404,0.374322355,-0.139565766,-0.732326150,-1.201309323,0.861012578,-0.014007502,-0.052140735,0.505709887,-0.008687722,-0.766089916,-1.244103789,0.852013886,-0.027065651,-0.111678019,0.510752201,-0.072876543,-0.843993902,-1.101271152,0.881732166,-0.002242275,-0.066103131,0.467090726
1,980795,229,moving,stationary_A,-0.428099513,1.473441720,0.252665877,-0.060772188,0.869410694,0.317911327,0.373315156,-0.139689475,-0.731110990,-1.203197956,0.862162173,-0.014946685,-0.050243061,0.503913283,-0.008548714,-0.764060497,-1.244680405,0.854935825,-0.029761057,-0.113242112,0.505346715,-0.073340319,-0.835624337,-1.093948841,0.877857149,-0.001075529,-0.062398259,0.474839061
2,980921,355,moving,stationary_A,-0.429175258,1.472981453,0.251768351,-0.062485352,0.868739247,0.319407731,0.373318166,-0.139591098,-0.724606633,-1.202925086,0.861364007,-0.014707104,-0.050725661,0.505235255,-0.008775517,-0.757449389,-1.244808555,0.854051828,-0.028529081,-0.110319503,0.507554173,-0.073426567,-0.836073756,-1.102535844,0.883601665,-0.000486026,-0.058532603,0.464566171
3,981046,480,moving,stationary_A,-0.429701447,1.473238945,0.250847697,-0.062206086,0.868649483,0.318866402,0.374035716,-0.142531216,-0.729085088,-1.207011580,0.865964174,-0.013010669,-0.055141333,0.496886551,-0.010558136,-0.765112638,-1.254095674,0.857673109,-0.027188912,-0.099999107,0.503644466,-0.075353682,-0.839862168,-1.105471373,0.887357831,-0.000382389,-0.068138607,0.456018686
4,981185,619,moving,stationary_A,-0.429858327,1.473429322,0.250081658,-0.062557377,0.868520737,0.318390071,0.374681324,-0.142999381,-0.729307711,-1.205680490,0.863256752,-0.012827465,-0.046316989,0.502471805,-0.012358725,-0.758567333,-1.242634296,0.851495981,-0.027129618,-0.104712866,0.513082683,-0.076114371,-0.833807588,-1.096463442,0.878285229,0.002369770,-0.059211161,0.474450707
5,981310,744,moving,stationary_A,-0.429379344,1.473870277,0.249549747,-0.062524118,0.868691623,0.317734867,0.374846876,-0.142263174,-0.729388952,-1.204538226,0.862900078,-0.016647028,-0.056900978,0.501885116,-0.010712314,-0.766612232,-1.251792192,0.854267955,-0.025441881,-0.097026214,0.510063589,-0.075186595,-0.840711594,-1.103448868,0.884607792,-0.000345022,-0.069344655,0.461151034
6,981436,870,moving,stationary_A,-0.428667545,1.474335790,0.249144316,-0.063038334,0.869155347,0.316829354,0.374451995,-0.139414176,-0.730763793,-1.202438116,0.860718966,-0.015800076,-0.054841243,0.505871296,-0.007769033,-0.770111799,-1.254707456,0.858437061,-0.030114271,-0.108808123,0.500339687,-0.072489657,-0.845960975,-1.106893063,0.887248874,-0.002491763,-0.070527114,0.455860943
7,981560,994,moving,stationary_A,-0.427725196,1.474896669,0.249070287,-0.062701635,0.869898796,0.315349787,0.374030948,-0.138543040,-0.742856264,-1.215772986,0.867813468,-0.017951809,-0.061435603,0.492750615,-0.005838403,-0.766739309,-1.242264032,0.851640165,-0.028439265,-0.111982189,0.511234105,-0.070235886,-0.844408870,-1.100104332,0.884353399,-0.000784752,-0.063863747,0.462428272
8,981684,1118,moving,stationary_A,-0.426528573,1.475229859,0.249511242,-0.062640071,0.870280027,0.314698994,0.373702347,-0.136785582,-0.744470477,-1.213832259,0.867661774,-0.014882746,-0.058697447,0.493453324,-0.004215324,-0.772872269,-1.248898745,0.854113579,-0.030293871,-0.094749078,0.510484993,-0.068683639,-0.844979405,-1.098132849,0.878102720,0.000186849,-0.067616411,0.473670393
9,981810,1244,moving,stationary_A,-0.425285935,1.475743651,0.250207186,-0.061815806,0.870538890,0.313833266,0.373964578,-0.136944950,-0.752650261,-1.221676707,0.869972169,-0.015406226,-0.051990017,0.490110368,-0.003895396,-0.771162629,-1.241147876,0.851011634,-0.028286494,-0.098337948,0.515081465,-0.068200529,-0.845236957,-1.094253182,0.878293037,-0.000046887,-0.065865092,0.473564267
10,981934,1368,moving,stationary_A,-0.424137712,1.476097107,0.250800252,-0.061591487,0.870849371,0.313030452,0.373951584,-0.133593559,-0.742459059,-1.200965047,0.859259427,-0.012041544,-0.047501672,0.509187639,-0.001599148,-0.786150038,-1.258873343,0.859769464,-0.030761134,-0.107948020,0.498194188,-0.066956639,-0.853157282,-1.100026608,0.882469237,-0.000405516,-0.068412922,0.465368211
11,982059,1493,moving,stationary_A,-0.423002720,1.476339698,0.251486540,-0.061293047,0.871161222,0.312480658,0.373734146,-0.134514675,-0.759914994,-1.225002050,0.873302102,-0.012176848,-0.043396339,0.485089600,-0.000821013,-0.785919487,-1.255378366,0.854832172,-0.026600732,-0.090442061,0.510269105,-0.065446652,-0.848577678,-1.091715574,0.873277903,0.001781195,-0.057559248,0.483807236
12,982185,1619,moving,stationary_A,-0.421963573,1.476497650,0.251890182,-0.060604930,0.871283174,0.312052310,0.373919815,-0.133918911,-0.753986835,-1.212233543,0.865276575,-0.007778546,-0.046511956,0.499071717,-0.000983223,-0.784324408,-1.250229239,0.852458298,-0.032215815,-0.092618398,0.513516188,-0.065990001,-0.852192998,-1.094818592,0.879077494,-0.000933508,-0.070601441,0.471420616
13,982323,1757,moving,stationary_A,-0.420978308,1.476663828,0.251808405,-0.059908506,0.871581018,0.311501592,0.373797119,-0.134539396,-0.762749255,-1.224189043,0.871645570,-0.013185253,-0.047174193,0.487683058,-0.000916559,-0.787662387,-1.252602816,0.853392601,-0.028231248,-0.090219133,0.512625158,-0.065625899,-0.852374554,-1.092591763,0.873684287,0.000394124,-0.061301954,0.482615530
14,982449,1883,moving,stationary_A,-0.419748187,1.477092028,0.251229048,-0.059197549,0.872062266,0.310841024,0.373337567,-0.131342649,-0.749462545,-1.200269222,0.855971038,-0.012513288,-0.046701934,0.514758170,0.000968337,-0.791635633,-1.255135298,0.856249273,-0.033039901,-0.099212952,0.505867958,-0.065032035,-0.854815304,-1.093353629,0.883144200,-0.003243970,-0.065403052,0.464508593
15,982574,2008,moving,stationary_A,-0.418660283,1.477359176,0.250194550,-0.058989450,0.872114003,0.310413122,0.373605639,-0.134228349,-0.763316154,-1.221082807,0.869985998,-0.011984671,-0.045999702,0.490779787,-0.000589665,-0.789563954,-1.251943827,0.854891062,-0.033022940,-0.096863203,0.508614182,-0.065513954,-0.852910757,-1.090696573,0.874181271,-0.001999010,-0.064035632,0.481354892
16,982698,2132,moving,stationary_A,-0.417543530,1.477645040,0.248926163,-0.058733501,0.872322738,0.309804499,0.373663753,-0.134630769,-0.766073108,-1.224431276,0.871514916,-0.012699112,-0.048706293,0.487778842,-0.000782035,-0.791884959,-1.253920794,0.853143156,-0.028455056,-0.091698810,0.512765467,-0.065597713,-0.854370296,-1.091449380,0.871236622,0.000346902,-0.059848044,0.487201005
17,982823,2257,moving,stationary_A,-0.416557193,1.477882385,0.247638822,-0.058721952,0.872513533,0.309118092,0.373788536,-0.133144870,-0.759359598,-1.214327693,0.864132583,-0.012526833,-0.053460207,0.500259936,0.000435375,-0.792516351,-1.255213976,0.854564488,-0.031959131,-0.097126096,0.509180486,-0.065088123,-0.853614926,-1.090774655,0.871860027,-0.001372783,-0.063459069,0.485624552
18,982948,2382,moving,stationary_A,-0.415482640,1.477854013,0.246322513,-0.059147965,0.872357011,0.309002310,0.374182284,-0.134101048,-0.762332857,-1.221584916,0.867653191,-0.016124902,-0.051084675,0.494275510,-0.000103522,-0.794438720,-1.261303902,0.854808331,-0.035492413,-0.092409998,0.509414852,-0.065409616,-0.852835536,-1.092547774,0.874075174,0.001250728,-0.060411822,0.482018054
19,983074,2508,moving,stationary_A,-0.414268494,1.477962732,0.245227098,-0.058890056,0.872385263,0.308495879,0.374574780,-0.134834722,-0.767749488,-1.228960037,0.875761747,-0.015073588,-0.045067314,0.480398983,-0.001287047,-0.791411638,-1.255386829,0.852599442,-0.031984504,-0.095933966,0.512687087,-0.066135287,-0.856955469,-1.097364545,0.876702607,-0.000548747,-0.069965094,0.475917161
20,983198,2632,moving,stationary_A,-0.413356185,1.478111744,0.244915247,-0.058135062,0.872556686,0.308423340,0.374353081,-0.134289637,-0.758203685,-1.213099837,0.864928305,-0.010179696,-0.050318539,0.499262929,-0.001441909,-0.793777585,-1.257958531,0.854067326,-0.028722806,-0.098655522,0.509912848,-0.066446945,-0.858151793,-1.098270893,0.876136184,-0.000256882,-0.069227584,0.477066964
21,983324,2758,moving,stationary_A,-0.412906528,1.478110790,0.245006204,-0.058145929,0.872805834,0.308126479,0.374014795,-0.133063659,-0.758425117,-1.213639379,0.861688316,-0.014064196,-0.055569999,0.504189968,-0.000587732,-0.791560650,-1.253923178,0.851283491,-0.028393792,-0.094130181,0.515412271,-0.065196291,-0.853137612,-1.091493011,0.875653684,-0.005654250,-0.072483957,0.477435559
22,983449,2883,moving,stationary_A,-0.412527442,1.478201866,0.245142341,-0.058357365,0.873065352,0.307907701,0.373556137,-0.131511152,-0.765054286,-1.221947193,0.866109729,-0.014745614,-0.046590466,0.497459412,0.001818977,-0.789913177,-1.249394178,0.847519636,-0.033976045,-0.093773350,0.521308601,-0.063429475,-0.858548939,-1.096660614,0.873769820,-0.001576563,-0.066757873,0.481733561
23,983574,3008,moving,stationary_A,-0.412484288,1.478462577,0.245438695,-0.058419410,0.873242378,0.306862116,0.373992801,-0.131098896,-0.767251492,-1.219950438,0.864601910,-0.015754415,-0.049170934,0.499797553,0.002118256,-0.792804956,-1.248350501,0.847677529,-0.032999821,-0.093541987,0.521156192,-0.062735349,-0.858359575,-1.091917992,0.873605788,0.001063155,-0.058125664,0.483149290
24,983699,3133,moving,stationary_A,-0.412900329,1.478424191,0.246248960,-0.058525335,0.873351991,0.306753874,0.373808950,-0.129600257,-0.761693180,-1.209714651,0.857345045,-0.012028269,-0.052802507,0.511885464,0.004239343,-0.799096406,-1.256703496,0.854726493,-0.032884821,-0.105837703,0.507109046,-0.061728984,-0.866929114,-1.100876093,0.885326505,-0.006658629,-0.073653206,0.459051073
25,983824,3258,moving,stationary_A,-0.413405180,1.478462458,0.246989250,-0.058413647,0.873446345,0.306822389,0.373549759,-0.129655197,-0.764526963,-1.212869167,0.863683283,-0.010293715,-0.052312016,0.501207292,0.004260335,-0.800058722,-1.256797433,0.855764925,-0.031811759,-0.106113307,0.505365610,-0.061522897,-0.867372751,-1.100027561,0.877077162,-0.002431275,-0.064366244,0.476011246
26,983963,3397,moving,stationary_A,-0.414002061,1.478153825,0.247801304,-0.058453478,0.873298228,0.307149053,0.373621255,-0.129994422,-0.763998210,-1.211852551,0.863321602,-0.011747750,-0.050744001,0.501959026,0.002633039,-0.790182889,-1.241274118,0.847101629,-0.028824601,-0.098525092,0.521421850,-0.062062271,-0.866816521,-1.099166155,0.878318846,-0.002603838,-0.065057948,0.473620892
27,984086,3520,moving,stationary_A,-0.414935112,1.477782011,0.248605251,-0.058930743,0.873227477,0.307462454,0.373453975,-0.128312841,-0.759592533,-1.205535889,0.860072374,-0.008675814,-0.045165922,0.508094788,0.004667178,-0.799973845,-1.257876873,0.855623305,-0.032278720,-0.101020843,0.506617904,-0.061024953,-0.863202512,-1.095958829,0.877734303,-0.000811617,-0.066998057,0.474439770
28,984213,3647,moving,stationary_A,-0.415666699,1.477699518,0.248932362,-0.059267994,0.873011708,0.307463527,0.373903811,-0.129551381,-0.762858152,-1.210466266,0.863172650,-0.009512943,-0.050773934,0.502259493,0.004596673,-0.802192986,-1.260833025,0.858486354,-0.032317456,-0.105602086,0.500804305,-0.061261144,-0.865865290,-1.098271489,0.875968993,-0.001643600,-0.064657137,0.478011549
29,984338,3772,moving,stationary_A,-0.416176677,1.477757215,0.249431968,-0.059188467,0.873153210,0.307348102,0.373680800,-0.127928764,-0.758210003,-1.201266170,0.858136535,-0.013855570,-0.052139182,0.510579169,0.004684411,-0.800238132,-1.255179524,0.855242610,-0.031826112,-0.099028409,0.507681549,-0.060857989,-0.863277793,-1.093509078,0.876938939,-0.000572467,-0.066026814,0.476044357
30,984461,3895,moving,stationary_A,-0.416640520,1.477764010,0.249747038,-0.059267681,0.873252749,0.307280898,0.373490930,-0.127984807,-0.761896133,-1.205688477,0.862732172,-0.015596669,-0.053754020,0.502553940,0.005027451,-0.797002316,-1.248818398,0.851800919,-0.032308705,-0.093490526,0.514442265,-0.060558010,-0.861684024,-1.090815902,0.878222585,-0.003137668,-0.070178360,0.473064810
31,984588,4022,moving,stationary_A,-0.416840911,1.477785230,0.250115871,-0.059203621,0.873421729,0.307256728,0.373125643,-0.128530309,-0.772835732,-1.221582890,0.872466147,-0.015771721,-0.047094602,0.486144215,0.005256172,-0.797410011,-1.249006271,0.852375388,-0.032574125,-0.094129220,0.513356388,-0.059950456,-0.860518754,-1.087997556,0.871386111,0.001834041,-0.054624133,0.487544030
32,984713,4147,moving,stationary_A,-0.416842103,1.477680564,0.250349402,-0.059156064,0.873265803,0.307630718,0.373190016,-0.128010824,-0.761425316,-1.205528975,0.862426102,-0.016759738,-0.055760473,0.502823234,0.005050659,-0.797572374,-1.249882817,0.851330757,-0.032969713,-0.092563070,0.515345395,-0.060726225,-0.862467349,-1.091760039,0.876523376,-0.001955725,-0.067250587,0.476634383
33,984839,4273,moving,stationary_A,-0.416817784,1.477780938,0.250275612,-0.059549741,0.873427510,0.307064980,0.373214871,-0.128583878,-0.774295509,-1.222236991,0.870535374,-0.012922163,-0.044048328,0.489960134,0.005351409,-0.790688515,-1.236989260,0.846349478,-0.028588869,-0.095025472,0.523302436,-0.059680820,-0.861053944,-1.087404728,0.875767410,-0.002088581,-0.062422447,0.478675783
34,984963,4397,moving,stationary_A,-0.416823149,1.478027582,0.250053883,-0.059037689,0.873326838,0.306779504,0.373766214,-0.127691716,-0.760233521,-1.198715329,0.857357085,-0.016176807,-0.053219065,0.511707902,0.004761763,-0.803449869,-1.254279613,0.855836093,-0.031223137,-0.100155726,0.506496370,-0.060765170,-0.864792705,-1.090717435,0.876011848,-0.002460071,-0.069668911,0.477224708
35,985087,4521,moving,stationary_A,-0.416325450,1.478386521,0.250009179,-0.058592767,0.873736024,0.306003511,0.373515844,-0.128191113,-0.767756999,-1.206608653,0.861139238,-0.013394335,-0.051406898,0.505585909,0.004903246,-0.801496863,-1.247836113,0.851744294,-0.031280112,-0.093213402,0.514649868,-0.060555447,-0.867507100,-1.091003537,0.876640022,-0.002508835,-0.067098953,0.476438552
36,985213,4647,moving,stationary_A,-0.416089416,1.478376627,0.249964118,-0.058911569,0.873807728,0.306204617,0.373133034,-0.127101511,-0.769145131,-1.210154176,0.862294972,-0.010882581,-0.046480253,0.504151344,0.006294053,-0.798285663,-1.243474960,0.847788453,-0.026366549,-0.100291394,0.520097256,-0.059038714,-0.871170402,-1.096252918,0.879522324,-0.001452511,-0.060407229,0.472005695
37,985351,4785,moving,stationary_A,-0.415575862,1.478390098,0.250095725,-0.058743514,0.874048352,0.306344330,0.372480720,-0.124894962,-0.760497212,-1.198073387,0.853883505,-0.013727943,-0.044601347,0.518368006,0.007911470,-0.801761329,-1.250210762,0.853829145,-0.033971149,-0.095499158,0.510589421,-0.058098346,-0.866366029,-1.091490030,0.872754991,-0.001444958,-0.063591987,0.483996630
38,985477,4911,moving,stationary_A,-0.415042281,1.478454709,0.249999404,-0.058292340,0.874267519,0.306195825,0.372159153,-0.125314772,-0.767160118,-1.206922770,0.861972213,-0.010295605,-0.044403870,0.504902184,0.007702060,-0.801290095,-1.248181581,0.851226628,-0.031077735,-0.093354836,0.515492380,-0.058101624,-0.867523193,-1.092089653,0.873174727,0.001410176,-0.058705457,0.483857006
39,985602,5036,moving,stationary_A,-0.414671779,1.478575706,0.250007749,-0.057905316,0.874463379,0.306059748,0.371871263,-0.125933841,-0.779518008,-1.225722909,0.875960767,-0.018746795,-0.045875866,0.479829848,0.007756405,-0.801534057,-1.247622132,0.850615144,-0.033079010,-0.093258910,0.516393661,-0.058016665,-0.868204176,-1.092128992,0.875943303,-0.002103510,-0.065211125,0.477981567
40,985727,5161,moving,stationary_A,-0.414523005,1.478593469,0.250154972,-0.058169283,0.874442399,0.305943847,0.371974736,-0.125566363,-0.775726974,-1.219110250,0.867838621,-0.014488365,-0.046616916,0.494442195,0.008111447,-0.793776870,-1.235794306,0.844023585,-0.030799955,-0.092393294,0.527388990,-0.057437427,-0.864772737,-1.087615013,0.873832285,-0.001596282,-0.059408002,0.482581913
41,985852,5286,moving,stationary_A,-0.414460301,1.478756666,0.250344157,-0.057969511,0.874590695,0.305593580,0.371945113,-0.125247777,-0.776084661,-1.216770887,0.868719280,-0.017235357,-0.049250245,0.492548674,0.009325922,-0.803340435,-1.247549176,0.852006018,-0.036301557,-0.095934033,0.513385475,-0.057344012,-0.866628230,-1.087691784,0.871711254,-0.000255697,-0.057891995,0.486588150
42,985977,5411,moving,stationary_A,-0.414737105,1.478906035,0.250504851,-0.057908919,0.874697208,0.305294067,0.371950150,-0.124414779,-0.773117721,-1.210766077,0.863287628,-0.012644239,-0.048665944,0.502201438,0.010079972,-0.806190491,-1.249876976,0.854544699,-0.034492109,-0.107791357,0.506897211,-0.056791611,-0.868385434,-1.088223696,0.875435472,-0.002439152,-0.062084623,0.479324877
43,986101,5535,moving,stationary_A,-0.414932609,1.478983045,0.250677466,-0.057666622,0.874925673,0.304965377,0.371720016,-0.122224122,-0.764762282,-1.195484757,0.855928838,-0.018306997,-0.048548989,0.514483929,0.010407884,-0.810266495,-1.252379775,0.855680168,-0.036721498,-0.107577458,0.504866421,-0.056410529,-0.873371661,-1.091227293,0.876734436,-0.002978040,-0.059594411,0.477259219
44,986227,5661,moving,stationary_A,-0.415119290,1.479038715,0.251339316,-0.057215493,0.875368118,0.304689378,0.370973557,-0.122160524,-0.772353470,-1.203072190,0.859360158,-0.017539158,-0.052563395,0.508359790,0.010864384,-0.808769464,-1.246243238,0.850656271,-0.033968799,-0.092083238,0.516479254,-0.055363454,-0.872917891,-1.088462234,0.873088598,-0.005108486,-0.068587177,0.482686311
45,986351,5785,moving,stationary_A,-0.415276885,1.479189396,0.251384020,-0.057041954,0.875396490,0.304492772,0.371094793,-0.122213379,-0.769293129,-1.195795417,0.854955971,-0.010975755,-0.041126534,0.516951084,0.010756977,-0.811671734,-1.248350978,0.852454424,-0.034080103,-0.093553960,0.513232648,-0.055536367,-0.874218464,-1.087972403,0.874451160,-0.004053074,-0.067329861,0.480401367
46,986478,5912,moving,stationary_A,-0.415361524,1.479710698,0.251250267,-0.057310447,0.875476778,0.303302199,0.371838361,-0.122202568,-0.771498084,-1.193738461,0.855996668,-0.010275956,-0.041019205,0.515249074,0.010832965,-0.815102935,-1.247450113,0.853587210,-0.032464635,-0.093128040,0.511529267,-0.055514969,-0.878093421,-1.087970018,0.876062155,-0.002035286,-0.064995401,0.477793455
47,986602,6036,moving,stationary_A,-0.415357232,1.479776621,0.251646399,-0.057123370,0.875408232,0.303227305,0.372089505,-0.122195445,-0.771946251,-1.192992926,0.854019344,-0.016391847,-0.046845376,0.517868578,0.010774914,-0.815313578,-1.246214151,0.851290286,-0.035298839,-0.095408462,0.514738917,-0.055703722,-0.877948582,-1.085966229,0.873197258,-0.002965855,-0.064079136,0.483126998
48,986726,6160,moving,stationary_A,-0.415423274,1.479930162,0.252193570,-0.056966960,0.875441790,0.303214580,0.372044951,-0.122308642,-0.772793531,-1.193539143,0.853856862,-0.017370705,-0.048644427,0.517938793,0.010603346,-0.818389773,-1.249669790,0.854443967,-0.036801931,-0.106326394,0.507213891,-0.056228101,-0.871053278,-1.076987624,0.866874039,-0.001772807,-0.061132323,0.494761735
49,986851,6285,moving,stationary_A,-0.415499210,1.479861498,0.252484322,-0.056881193,0.875517666,0.303269744,0.371834427,-0.122139350,-0.773091078,-1.193197370,0.857336760,-0.015177292,-0.045011777,0.512559533,0.010858353,-0.816173553,-1.246146202,0.853574753,-0.035570838,-0.095678158,0.510872424,-0.055856846,-0.876449049,-1.083219767,0.872302830,-0.002340967,-0.062126458,0.484997600
50,986977,6411,moving,stationary_A,-0.415873647,1.479918003,0.252750039,-0.056320123,0.875544131,0.303378940,0.371768385,-0.125230461,-0.788660407,-1.215115547,0.870577335,-0.018087802,-0.048290338,0.489321977,0.008455645,-0.806904137,-1.231238127,0.843752563,-0.030478230,-0.093497217,0.527646780,-0.057120994,-0.875216007,-1.080867052,0.876746058,-0.002426334,-0.060078420,0.477180392
51,987101,6535,moving,stationary_A,-0.416061640,1.479851723,0.252640247,-0.056243382,0.875683308,0.303378046,0.371452928,-0.125612617,-0.791526318,-1.218825817,0.874127030,-0.018734487,-0.045415029,0.483206421,0.008469157,-0.807551742,-1.231122017,0.846434712,-0.030592432,-0.094492495,0.523147821,-0.057131078,-0.875155747,-1.079626083,0.872665823,-0.007638024,-0.069836482,0.483237982
52,987241,6675,moving,stationary_A,-0.416534185,1.480065942,0.252486229,-0.056379672,0.875891030,0.303137541,0.371138662,-0.122561842,-0.775551617,-1.193344951,0.855502188,-0.016788922,-0.046608236,0.515423834,0.010614179,-0.817712784,-1.244077206,0.851590693,-0.037259161,-0.099321797,0.513361752,-0.056859426,-0.874901652,-1.077920675,0.868554115,-0.000829489,-0.054137725,0.492627829
53,987365,6799,moving,stationary_A,-0.416802526,1.479986668,0.252466559,-0.056065835,0.876023471,0.303029865,0.370961547,-0.123682164,-0.783599675,-1.203112006,0.864604890,-0.016380634,-0.035643544,0.500918865,0.009678550,-0.817356646,-1.242550492,0.853203177,-0.037933111,-0.100195572,0.510456979,-0.057043657,-0.877143562,-1.078956723,0.875156581,-0.004062370,-0.062143970,0.479815155
54,987477,6911,moving,stationary_A,-0.416854143,1.480135202,0.252353191,-0.055978794,0.876278460,0.302387565,0.370896488,-0.125274718,-0.793087244,-1.213938236,0.872500241,-0.015357099,-0.048032321,0.486004531,0.009641945,-0.818160295,-1.240153432,0.851133823,-0.038059659,-0.099847488,0.513958335,-0.057095118,-0.879345953,-1.079107761,0.871933043,-0.000767124,-0.054536361,0.486577839
55,987615,7049,moving,stationary_A,-0.417014718,1.480065584,0.252134800,-0.056592844,0.876172423,0.302587777,0.370890528,-0.123309426,-0.781632423,-1.199341774,0.858323276,-0.013623081,-0.051371481,0.510349572,0.010813557,-0.821389973,-1.246668100,0.855122924,-0.033501148,-0.094035335,0.508723676,-0.056453496,-0.879567266,-1.080887675,0.874228895,-0.007073530,-0.061177779,0.481592208
56,987741,7175,moving,stationary_A,-0.416671753,1.480031610,0.251933336,-0.056585718,0.876106083,0.302581161,0.371053725,-0.125050306,-0.790288687,-1.211727977,0.866146207,-0.016173808,-0.046910014,0.497321457,0.010448091,-0.822094440,-1.248351336,0.857506216,-0.037196320,-0.109535873,0.501299798,-0.056954000,-0.876697481,-1.077624321,0.871184707,-0.004567634,-0.061725236,0.487038344
57,987851,7285,moving,stationary_A,-0.416659951,1.480008602,0.251951098,-0.056359716,0.876409054,0.302590519,0.370364338,-0.122502409,-0.777461171,-1.193316340,0.856380999,-0.013858934,-0.044504054,0.514236331,0.010771375,-0.820128322,-1.244900227,0.852933586,-0.034363531,-0.094336085,0.512273550,-0.056531087,-0.876787901,-1.077994704,0.872566223,-0.008338412,-0.064439513,0.484155118
58,987977,7411,moving,stationary_A,-0.416601539,1.480218887,0.251593232,-0.055705748,0.876701057,0.302243441,0.370055437,-0.122526966,-0.778781295,-1.193159223,0.855608642,-0.018596502,-0.047325164,0.515119791,0.010666762,-0.819090724,-1.240942478,0.850963950,-0.037558436,-0.095571190,0.515088320,-0.057010528,-0.879112720,-1.079038024,0.870783508,-0.001795046,-0.054588757,0.488623500
59,988100,7534,moving,stationary_A,-0.416397214,1.480371952,0.251582026,-0.056168325,0.876826346,0.302323729,0.369622886,-0.122271687,-0.780850053,-1.197792530,0.858333290,-0.015830098,-0.046949942,0.510694742,0.011029124,-0.817560554,-1.240033031,0.849098861,-0.037038844,-0.091127813,0.518994272,-0.055699460,-0.878883243,-1.080107570,0.872214496,-0.006633697,-0.063017190,0.485001743
60,988242,7676,moving,stationary_A,-0.416372299,1.480448723,0.251308918,-0.056240004,0.876621127,0.302491784,0.369961083,-0.122050516,-0.774277151,-1.190490961,0.851752341,-0.017803298,-0.048336059,0.521406591,0.010733128,-0.818334997,-1.243872643,0.854780138,-0.037290774,-0.097861789,0.508314252,-0.056821980,-0.876774669,-1.079053998,0.873446405,-0.006940033,-0.064303815,0.482605755
61,988365,7799,moving,stationary_A,-0.416726947,1.480505228,0.251467824,-0.056054864,0.876531839,0.302227527,0.370416522,-0.125221729,-0.791392744,-1.214196324,0.870413482,-0.019795043,-0.049266167,0.489450097,0.008365780,-0.808959007,-1.229030132,0.842446625,-0.032038949,-0.092856608,0.529749811,-0.057281908,-0.878500521,-1.080438137,0.875264466,-0.007373268,-0.067117617,0.478908092
62,988490,7924,moving,stationary_A,-0.416832805,1.480486870,0.251570940,-0.055941496,0.876534224,0.302180827,0.370466053,-0.124971703,-0.789385676,-1.211496353,0.866993129,-0.017616857,-0.048271857,0.495663553,0.009376179,-0.815028548,-1.238971710,0.849984467,-0.039463308,-0.098293401,0.516049922,-0.057306219,-0.879034340,-1.081113219,0.873371601,-0.009647808,-0.069588192,0.481961101
63,988615,8049,moving,stationary_A,-0.416404843,1.480448365,0.251253486,-0.055747587,0.876877487,0.302160829,0.369698465,-0.122124627,-0.775544047,-1.190459609,0.852236927,-0.012388233,-0.041044313,0.521396339,0.010739326,-0.819903612,-1.244562864,0.852316260,-0.035372902,-0.094915137,0.513124585,-0.056648083,-0.879537165,-1.081938267,0.876393616,-0.006989107,-0.060262818,0.477759153
64,988741,8175,moving,stationary_A,-0.416793227,1.480685711,0.251155972,-0.055269163,0.877215505,0.301753581,0.369300872,-0.121866040,-0.781386495,-1.196560860,0.859692097,-0.017197942,-0.051351987,0.507933795,0.010754276,-0.816922903,-1.237717628,0.848670125,-0.038120799,-0.095648527,0.518803537,-0.056392450,-0.882830441,-1.083627224,0.873683274,-0.003261659,-0.051356096,0.483765870
65,988864,8298,moving,stationary_A,-0.416982532,1.480680943,0.251110435,-0.055438038,0.877480865,0.301436931,0.368903518,-0.122140445,-0.793335557,-1.212738276,0.867104769,-0.019217629,-0.046676945,0.495561659,0.011591431,-0.812203467,-1.228591323,0.842799067,-0.035112184,-0.093511134,0.528878570,-0.054725349,-0.881193757,-1.079968095,0.871082067,-0.009661714,-0.066476233,0.486522019
66,988990,8424,moving,stationary_A,-0.416728139,1.480793357,0.251013160,-0.054896504,0.877923965,0.301120996,0.368187517,-0.119045861,-0.780672431,-1.192076206,0.852910161,-0.019950463,-0.047101732,0.519545674,0.013811104,-0.821468353,-1.239471674,0.849982917,-0.038860809,-0.095586754,0.516606212,-0.054178156,-0.881080747,-1.078043938,0.869340003,-0.004256399,-0.054272518,0.491207033
67,989115,8549,moving,stationary_A,-0.416272163,1.480934978,0.251783609,-0.054668386,0.878240764,0.300746173,0.367772102,-0.119377747,-0.794464946,-1.210026860,0.865492880,-0.019065127,-0.042686496,0.498734862,0.013934784,-0.813967407,-1.225909948,0.842054427,-0.034619212,-0.092557900,0.530263007,-0.052950170,-0.881255388,-1.076258302,0.869367123,-0.007941600,-0.060496144,0.490385532
68,989241,8675,moving,stationary_A,-0.415616632,1.480928063,0.252434492,-0.054528505,0.878222525,0.300794870,0.367796481,-0.119314209,-0.795597434,-1.211250424,0.866206467,-0.020392885,-0.048474643,0.496911138,0.014207989,-0.812044263,-1.222214818,0.839967787,-0.036248684,-0.094437703,0.533124506,-0.052405670,-0.883597791,-1.078765392,0.871364295,-0.008607886,-0.064012982,0.486366630
69,989365,8799,moving,stationary_A,-0.415206552,1.480838299,0.252446055,-0.053997654,0.877878070,0.300762951,0.368722081,-0.119699307,-0.783045530,-1.191838980,0.855340242,-0.015833315,-0.042954285,0.516040146,0.013560768,-0.823608160,-1.238612771,0.850140035,-0.039879490,-0.098406911,0.515739858,-0.054512978,-0.884325743,-1.078677893,0.868201971,-0.005149066,-0.057738978,0.492813408
70,989504,8938,moving,stationary_A,-0.414876342,1.480761647,0.252359629,-0.053865533,0.877837360,0.300942421,0.368691981,-0.119283527,-0.782425344,-1.192198634,0.855461001,-0.017898440,-0.047132637,0.515407324,0.013681006,-0.823966682,-1.239491701,0.848440230,-0.039439514,-0.096381679,0.518945396,-0.054159973,-0.880871058,-1.075506449,0.868522525,-0.009141251,-0.064655907,0.491329581
71,989629,9063,moving,stationary_A,-0.414390683,1.480804205,0.252637982,-0.054287255,0.877974689,0.300639093,0.368550569,-0.118903756,-0.794317901,-1.208912373,0.866616666,-0.022177096,-0.052594811,0.495699018,0.015942570,-0.820754945,-1.234960914,0.847272038,-0.041090012,-0.091285899,0.521640301,-0.051859520,-0.884278893,-1.078761697,0.867512226,-0.003490547,-0.054989122,0.494354725
72,989754,9188,moving,stationary_A,-0.414163232,1.480853796,0.252677441,-0.054421954,0.877903700,0.300698698,0.368651122,-0.116743714,-0.782468140,-1.192333698,0.855388522,-0.016708048,-0.040581997,0.516124487,0.016598273,-0.825476348,-1.242180705,0.850601017,-0.040127892,-0.098067597,0.515024722,-0.051649440,-0.881724775,-1.076708078,0.869901419,-0.008889652,-0.062565632,0.489160538
73,989879,9313,moving,stationary_A,-0.413457990,1.480924726,0.252949238,-0.054423105,0.878014803,0.300489902,0.368556529,-0.116388321,-0.782114089,-1.190586329,0.852471292,-0.015366528,-0.041526545,0.520895541,0.016776029,-0.823682666,-1.238851547,0.848618269,-0.039122332,-0.094606437,0.519005001,-0.051200900,-0.886927783,-1.082056165,0.874252677,-0.007755554,-0.055894658,0.482180446
74,990018,9452,moving,stationary_A,-0.413049817,1.480932713,0.253206134,-0.054310217,0.877882183,0.300691247,0.368724972,-0.116709515,-0.781661689,-1.191213489,0.855377734,-0.016226573,-0.040937748,0.516129673,0.016627718,-0.825556576,-1.242139935,0.850151956,-0.040260449,-0.097613312,0.515841484,-0.051708397,-0.881742597,-1.076619387,0.869642317,-0.007990003,-0.061069015,0.489825457
75,990143,9577,moving,stationary_A,-0.412808299,1.480978370,0.253241539,-0.053907312,0.877824187,0.300718665,0.368899792,-0.119633175,-0.796874166,-1.212977886,0.868096173,-0.019935010,-0.044217899,0.494020611,0.014125001,-0.815617323,-1.227930188,0.843660295,-0.034266066,-0.093566783,0.527549505,-0.052513301,-0.885610819,-1.081030965,0.872308612,-0.010497842,-0.072215475,0.483479500
76,990269,9703,moving,stationary_A,-0.413123012,1.480829597,0.253319263,-0.054103326,0.877779484,0.301049143,0.368707806,-0.119095899,-0.794013143,-1.209740996,0.865404367,-0.019020516,-0.045919631,0.498602897,0.015519902,-0.822569370,-1.240299582,0.851074040,-0.039597608,-0.097265042,0.514436185,-0.052114487,-0.884400010,-1.080354333,0.872080028,-0.007184845,-0.060359433,0.485573411
77,990391,9825,moving,stationary_A,-0.413658977,1.480699420,0.253357649,-0.054346256,0.877677917,0.301325709,0.368687898,-0.119223565,-0.793746054,-1.211011767,0.865398407,-0.020746252,-0.051947724,0.497952551,0.015628144,-0.822263598,-1.240657330,0.849901378,-0.039485157,-0.095395058,0.516728580,-0.052111082,-0.883184314,-1.079956055,0.873693526,-0.007594171,-0.061538450,0.482508987
78,990530,9964,moving,stationary_A,-0.414106488,1.480493784,0.253307939,-0.054841012,0.877624750,0.301552624,0.368555665,-0.118362308,-0.788323402,-1.204244375,0.861914814,-0.015958432,-0.045687567,0.504738450,0.016576786,-0.822284102,-1.241888523,0.851337135,-0.040023763,-0.098506391,0.513731241,-0.051621009,-0.879914999,-1.077863455,0.869275212,-0.007409515,-0.060326125,0.490577728
79,990657,10091,moving,stationary_A,-0.414202094,1.480343223,0.253341556,-0.054669037,0.877881408,0.301608324,0.367923856,-0.116576985,-0.781324387,-1.194684029,0.859791279,-0.020021863,-0.046652310,0.508115828,0.016822606,-0.822392941,-1.241614103,0.851460040,-0.039067626,-0.096949846,0.513897121,-0.051504750,-0.879154146,-1.076971054,0.869667411,-0.009226674,-0.062183652,0.489618927
80,990782,10216,moving,stationary_A,-0.414301515,1.480341434,0.253502011,-0.054290369,0.878024817,0.301920950,0.367380857,-0.116622582,-0.780694604,-1.194104671,0.859184027,-0.020028491,-0.045882449,0.509211719,0.016817465,-0.821240246,-1.239961624,0.850704551,-0.040318888,-0.097432658,0.514959395,-0.051614173,-0.878759623,-1.076618671,0.869287968,-0.009326618,-0.062260907,0.490280539
81,990907,10341,moving,stationary_A,-0.414664626,1.480307579,0.252855897,-0.054447088,0.878130972,0.301931798,0.367094964,-0.116287485,-0.778668642,-1.191576958,0.855794072,-0.018424191,-0.042451944,0.515242696,0.016793340,-0.820716143,-1.239565253,0.849322498,-0.040517278,-0.095107853,0.517652571,-0.051629417,-0.880301893,-1.078642607,0.871046245,-0.010276206,-0.064156525,0.486884773
82,991032,10466,moving,stationary_A,-0.414785028,1.480482221,0.252032876,-0.054363504,0.878271282,0.301598072,0.367045999,-0.116631061,-0.780201197,-1.191983938,0.854240716,-0.016669415,-0.041196391,0.517974794,0.016691543,-0.821737528,-1.239933968,0.851487517,-0.040093936,-0.098696046,0.513440013,-0.051835895,-0.881917238,-1.079109311,0.870247722,-0.005931688,-0.056884982,0.489282966
83,991171,10605,moving,stationary_A,-0.415030122,1.480537653,0.251455665,-0.054692775,0.878307283,0.301425397,0.367052853,-0.116732173,-0.780915618,-1.193165302,0.854701877,-0.015831035,-0.041325569,0.517229438,0.016711835,-0.821606517,-1.239844084,0.851358891,-0.040228877,-0.098232366,0.513731480,-0.051797040,-0.880697250,-1.077931523,0.867441118,-0.004568352,-0.054039732,0.494575381
84,991296,10730,moving,stationary_A,-0.415237546,1.480645537,0.251259685,-0.054721322,0.878347874,0.301193178,0.367142081,-0.116433553,-0.779109836,-1.189838171,0.850964606,-0.017684320,-0.041590966,0.523274958,0.016518328,-0.822418034,-1.240807533,0.852105618,-0.039609212,-0.099019654,0.512388825,-0.051880617,-0.881695986,-1.078804493,0.869494379,-0.006502312,-0.059088051,0.490352780
85,991419,10853,moving,stationary_A,-0.414888501,1.480732679,0.251190543,-0.053849347,0.878520191,0.301260114,0.366803586,-0.119054824,-0.792167306,-1.208386540,0.862819791,-0.022527531,-0.050182700,0.502509952,0.015313894,-0.821677804,-1.239233136,0.849870503,-0.040251672,-0.095068648,0.516780317,-0.053471003,-0.886517942,-1.083692312,0.876756907,-0.008882465,-0.056329202,0.477541119
86,991546,10980,moving,stationary_A,-0.414686799,1.480888247,0.251292109,-0.053109247,0.878806233,0.301051825,0.366397023,-0.119319737,-0.792784572,-1.207615495,0.863752306,-0.020372225,-0.043641981,0.501609743,0.013967019,-0.815341830,-1.226722121,0.842314661,-0.038153294,-0.096039712,0.528986394,-0.053796083,-0.886814594,-1.082453489,0.875297070,-0.011139674,-0.059587132,0.479771137
87,991671,11105,moving,stationary_A,-0.414402604,1.481141806,0.251358271,-0.052589234,0.879156709,0.301025063,0.365652561,-0.119321555,-0.796154022,-1.211473942,0.869104087,-0.024035774,-0.052298468,0.491269052,0.015556473,-0.820849538,-1.233701229,0.848228812,-0.041360110,-0.089896493,0.520303607,-0.053617090,-0.888651490,-1.083144188,0.873198807,-0.007893262,-0.050268587,0.484700561
88,991796,11230,moving,stationary_A,-0.413900256,1.481359839,0.251704812,-0.052008159,0.879327297,0.300830901,0.365485251,-0.117855467,-0.787518144,-1.196901202,0.855962932,-0.022179542,-0.040281422,0.514988303,0.014442421,-0.813566864,-1.220106840,0.835910439,-0.039358690,-0.087333761,0.540441990,-0.053629413,-0.888752759,-1.081943274,0.872347176,-0.011073871,-0.055831581,0.485562205
89,991920,11354,moving,stationary_A,-0.413513899,1.481486440,0.251990080,-0.051282030,0.879401028,0.300675839,0.365538090,-0.119422965,-0.793856978,-1.204312921,0.860305190,-0.027137557,-0.047759723,0.506811202,0.013891801,-0.825140476,-1.234739542,0.847375751,-0.041305974,-0.096446685,0.520525038,-0.054281473,-0.885203600,-1.075417519,0.868188500,-0.012001103,-0.064738624,0.491847217
90,992032,11466,moving,stationary_A,-0.412841201,1.481870770,0.252501845,-0.051391814,0.880019665,0.299936771,0.364639938,-0.115045547,-0.792377949,-1.198186874,0.858513117,-0.025072781,-0.040807564,0.510550082,0.018378668,-0.825036764,-1.230851889,0.845314682,-0.042248361,-0.088500068,0.525191426,-0.050967414,-0.891561627,-1.080209017,0.874352217,-0.013891988,-0.061509896,0.481177479
91,992157,11591,moving,stationary_A,-0.412024856,1.482237101,0.252694607,-0.050643627,0.880168438,0.299496770,0.364747047,-0.116056837,-0.797167778,-1.201679945,0.857378662,-0.023703307,-0.045011826,0.512165904,0.016840879,-0.825046778,-1.226722240,0.839316010,-0.039982840,-0.092126615,0.534287155,-0.051259246,-0.893236637,-1.079310894,0.872584462,-0.013680370,-0.060823921,0.484468430
92,992294,11728,moving,stationary_A,-0.410281777,1.483332634,0.253416419,-0.048470087,0.881666541,0.296742618,0.363673717,-0.113419682,-0.800630152,-1.190716624,0.854751468,-0.027278112,-0.051018674,0.515803158,0.019634251,-0.837353706,-1.227153659,0.843729496,-0.046480231,-0.097190984,0.525846124,-0.049850196,-0.896425962,-1.069172263,0.863955915,-0.012479234,-0.051206194,0.500801802
93,992408,11842,moving,stationary_A,-0.408749223,1.483868003,0.254022360,-0.046753865,0.882731855,0.296017051,0.361901104,-0.111583859,-0.804764152,-1.190555096,0.855067432,-0.029691614,-0.043371350,0.515845954,0.021728046,-0.840813696,-1.225461841,0.843889952,-0.049508538,-0.091872901,0.526267946,-0.048542436,-0.903965771,-1.073229790,0.868639767,-0.017733371,-0.062687986,0.491142213
94,992546,11980,moving,stationary_A,-0.408385515,1.483756065,0.254056931,-0.046311375,0.883136094,0.296201915,0.360818982,-0.110288106,-0.807034910,-1.194585085,0.856608689,-0.029453395,-0.045157026,0.513142169,0.023944035,-0.850865722,-1.239468575,0.851542294,-0.052122336,-0.098360069,0.512332201,-0.047473177,-0.900615275,-1.069524884,0.865566730,-0.015910527,-0.052473422,0.497782737
95,992670,12104,moving,stationary_A,-0.408439279,1.483978271,0.253807425,-0.045990977,0.883881450,0.295165330,0.359883070,-0.108678892,-0.808907688,-1.191717505,0.855363607,-0.031333890,-0.044811614,0.515134335,0.024662085,-0.841433525,-1.220657468,0.841399431,-0.049896408,-0.087984510,0.530863464,-0.046091065,-0.905770481,-1.070656657,0.868613780,-0.023042548,-0.064607069,0.490718991
96,992796,12230,moving,stationary_A,-0.408720970,1.483903646,0.253409624,-0.046730705,0.883909285,0.295510501,0.359435916,-0.107214928,-0.808268309,-1.194525719,0.856277585,-0.034440726,-0.048413929,0.513087392,0.025907941,-0.839932680,-1.221195221,0.838427007,-0.050799266,-0.088936605,0.535303473,-0.044861875,-0.904456854,-1.071636200,0.869336903,-0.017775346,-0.051410038,0.491217285
97,992919,12353,moving,stationary_A,-0.408698678,1.483808041,0.252928138,-0.046909783,0.883677483,0.295707613,0.359820306,-0.108107388,-0.806351602,-1.193805337,0.856419206,-0.031128012,-0.046012297,0.513283610,0.025126178,-0.840150297,-1.224866867,0.843409240,-0.049233790,-0.091411963,0.527143955,-0.045583516,-0.906700015,-1.076623917,0.871191084,-0.018117093,-0.059717033,0.486961752
98,993046,12480,moving,stationary_A,-0.408525944,1.483746767,0.251816750,-0.047352958,0.883381844,0.295752615,0.360450655,-0.108988285,-0.800991893,-1.188720822,0.855483830,-0.031851966,-0.039395418,0.515345395,0.024001803,-0.835240364,-1.220264673,0.838615417,-0.050771803,-0.089963131,0.534839392,-0.046557244,-0.895270407,-1.065751195,0.861786067,-0.018734530,-0.063610055,0.502919078
99,993185,12619,moving,stationary_A,-0.408011317,1.483588099,0.251011729,-0.047420457,0.883066416,0.295870006,0.361117721,-0.110873409,-0.808416247,-1.200894713,0.859016657,-0.028591264,-0.040727865,0.509523511,0.022868969,-0.841409802,-1.231043577,0.845735431,-0.047780149,-0.097551219,0.522429287,-0.047701735,-0.899755120,-1.072406650,0.867097974,-0.014284308,-0.048564844,0.495558858
100,993310,12744,moving,stationary_A,-0.407283783,1.483560801,0.251167536,-0.047364134,0.883051574,0.295943677,0.361101031,-0.110531822,-0.807384491,-1.201696873,0.861990154,-0.033124439,-0.047288753,0.503626466,0.022670552,-0.837960541,-1.227949142,0.843582749,-0.047555476,-0.097360201,0.525954008,-0.047582090,-0.897576571,-1.071394444,0.864714921,-0.015465700,-0.049972020,0.499531537
101,993436,12870,moving,stationary_A,-0.406586051,1.483479738,0.250708342,-0.047880713,0.882800460,0.296222329,0.361418337,-0.109060295,-0.798913062,-1.191822767,0.853646874,-0.027929531,-0.040058881,0.518557787,0.023238450,-0.833654225,-1.225143790,0.835385680,-0.042284660,-0.079773158,0.542198360,-0.046430904,-0.896221757,-1.072723627,0.863184333,-0.013447307,-0.058332864,0.501327515
102,993558,12992,moving,stationary_A,-0.406017423,1.483378649,0.250315189,-0.047907311,0.882611930,0.296130240,0.361950219,-0.110384509,-0.805352211,-1.201394558,0.858632624,-0.028166436,-0.049877338,0.509380996,0.023933981,-0.844936967,-1.242007613,0.848162413,-0.050784126,-0.092577584,0.519105732,-0.046542522,-0.896385491,-1.072925925,0.863116622,-0.013122412,-0.058825597,0.501395047
103,993685,13119,moving,stationary_A,-0.405500054,1.483440876,0.250341535,-0.047912385,0.882624030,0.295994163,0.362031370,-0.110248208,-0.805410743,-1.201209188,0.857631326,-0.028058223,-0.047668178,0.511281669,0.024120260,-0.846498370,-1.243962407,0.849435627,-0.051223852,-0.092332281,0.517020345,-0.046465080,-0.896560311,-1.072977185,0.864542603,-0.014392688,-0.061858363,0.498530298
104,993810,13244,moving,stationary_A,-0.405329704,1.483589172,0.250228643,-0.047399826,0.882849634,0.296186388,0.361390948,-0.109098405,-0.800357640,-1.193646431,0.854453325,-0.028457113,-0.040141560,0.517192721,0.024339002,-0.838734329,-1.232533336,0.844513595,-0.049935643,-0.092061751,0.525193214,-0.046397172,-0.897886217,-1.074096441,0.866522193,-0.015366499,-0.062517591,0.494969428
105,993935,13369,moving,stationary_A,-0.405656457,1.483594298,0.250053167,-0.047741648,0.883295119,0.296042532,0.360373884,-0.107405618,-0.803157806,-1.198327780,0.853182912,-0.031317826,-0.046416383,0.518597782,0.026058950,-0.841012478,-1.234426618,0.843980610,-0.043377727,-0.088491373,0.527242303,-0.044267289,-0.894462824,-1.070169449,0.862050056,-0.013352542,-0.052363321,0.503934145
106,994060,13494,moving,stationary_A,-0.406081319,1.483602524,0.249716520,-0.047937606,0.883559465,0.295839965,0.359865755,-0.105987504,-0.801603138,-1.193915963,0.851715147,-0.025271300,-0.036131967,0.522146642,0.027496945,-0.835197210,-1.225675225,0.842468739,-0.048010495,-0.086321630,0.529613197,-0.043238156,-0.902057827,-1.078127265,0.871739149,-0.019389521,-0.061591066,0.485696912
107,994184,13618,moving,stationary_A,-0.406258464,1.483729601,0.249466896,-0.047857825,0.883671463,0.295482457,0.359895140,-0.106088422,-0.800866306,-1.191999674,0.853178799,-0.028488168,-0.038611956,0.519406915,0.027100056,-0.835932672,-1.225272298,0.839233339,-0.051209588,-0.087303899,0.534268677,-0.043733947,-0.899684370,-1.074518323,0.864194691,-0.018276863,-0.058956131,0.499357313
108,994310,13744,moving,stationary_A,-0.406437516,1.483903766,0.249239445,-0.047349621,0.883551240,0.295393854,0.360329926,-0.108754896,-0.804572821,-1.195797443,0.856791794,-0.029714663,-0.043630108,0.512953520,0.024743937,-0.835720122,-1.224201083,0.839858413,-0.049454037,-0.085881665,0.533681989,-0.045897849,-0.903530002,-1.077430129,0.869983315,-0.017175669,-0.057977315,0.489359438
109,994435,13869,moving,stationary_A,-0.405982256,1.483998299,0.249209881,-0.047710609,0.883232057,0.295622796,0.360876679,-0.109154843,-0.802129269,-1.195002913,0.858258963,-0.030217808,-0.040876806,0.510693252,0.024198920,-0.835888863,-1.226019502,0.839305937,-0.050484788,-0.089326374,0.533889174,-0.046450220,-0.894979477,-1.069793463,0.862765729,-0.015915705,-0.064317800,0.501243651
110,994560,13994,moving,stationary_A,-0.405529261,1.483986378,0.248941183,-0.047270279,0.883400381,0.295329422,0.360762954,-0.109097108,-0.803553104,-1.194674969,0.856707394,-0.027976712,-0.039005458,0.513564408,0.024335027,-0.837768614,-1.227622986,0.841142774,-0.050615974,-0.088854462,0.531057179,-0.046584666,-0.895566225,-1.069056988,0.856524527,-0.012012436,-0.052890658,0.513248503
111,994684,14118,moving,stationary_A,-0.404969335,1.483992100,0.248932004,-0.046917476,0.883602738,0.295177966,0.360437065,-0.108763993,-0.804091930,-1.195428848,0.853956938,-0.031754401,-0.046603180,0.517278969,0.024593811,-0.835067153,-1.223241806,0.839005172,-0.050331961,-0.087924242,0.534608662,-0.045952704,-0.903411269,-1.077494740,0.869361222,-0.018667502,-0.061376769,0.489995420
112,994810,14244,moving,stationary_A,-0.404793262,1.484019041,0.249137044,-0.046788406,0.883762062,0.295213372,0.360034078,-0.107625842,-0.804596603,-1.196538091,0.854647517,-0.031688672,-0.044111330,0.516360104,0.025840554,-0.841061115,-1.231159568,0.843900919,-0.049928494,-0.096820131,0.525323093,-0.045261975,-0.900705993,-1.074322462,0.865307629,-0.016551435,-0.050472483,0.498418868
113,994935,14369,moving,stationary_A,-0.404342532,1.484105110,0.249198556,-0.046417948,0.883882403,0.294903010,0.360040873,-0.108859442,-0.813481688,-1.207575083,0.860759676,-0.031876624,-0.035671975,0.506758451,0.024975710,-0.839686632,-1.227319479,0.842763722,-0.047217932,-0.086833239,0.529131114,-0.045656696,-0.905689716,-1.079115033,0.871711671,-0.018997664,-0.060670521,0.485877484
114,995074,14508,moving,stationary_A,-0.404648662,1.484031439,0.249171734,-0.046634942,0.884009480,0.294659734,0.359900057,-0.107355818,-0.806531072,-1.197153807,0.855798841,-0.033476889,-0.047273848,0.514055312,0.025777768,-0.841905892,-1.229489803,0.843701303,-0.048167739,-0.094717667,0.526190579,-0.044710029,-0.897626162,-1.069168925,0.861812532,-0.018648177,-0.052730907,0.504133761
115,995197,14631,moving,stationary_A,-0.404766202,1.483914852,0.249112725,-0.046259835,0.883936286,0.294633478,0.360149741,-0.108330742,-0.812746763,-1.205368638,0.862366498,-0.033264671,-0.041282147,0.503501117,0.025313258,-0.839944363,-1.225945115,0.839212179,-0.050205313,-0.095982052,0.532906950,-0.045610368,-0.904360175,-1.076134205,0.869468510,-0.021825546,-0.066295885,0.489032745
116,995324,14758,moving,stationary_A,-0.404741168,1.483982444,0.249205589,-0.046084598,0.884043515,0.294358194,0.360134035,-0.108138338,-0.813337505,-1.204285026,0.862985849,-0.035817362,-0.043300558,0.502093315,0.026859503,-0.853076577,-1.242769718,0.851812959,-0.051299334,-0.096453309,0.512327969,-0.045617260,-0.906636059,-1.077015519,0.869191706,-0.019384755,-0.062802464,0.490087599
117,995448,14882,moving,stationary_A,-0.405450583,1.483987451,0.249150991,-0.046292376,0.884035766,0.294333458,0.360146701,-0.107963704,-0.810439050,-1.199199915,0.855899632,-0.030844921,-0.039738007,0.514689684,0.026973691,-0.854245007,-1.244024396,0.852161586,-0.051674940,-0.096090473,0.511778474,-0.045474909,-0.906096697,-1.076060653,0.869315267,-0.018722316,-0.061879024,0.490011722
118,995573,15007,moving,stationary_A,-0.405745864,1.483922482,0.249123693,-0.046273842,0.884132802,0.294341505,0.359904170,-0.107570827,-0.809091687,-1.196832657,0.854931712,-0.030631419,-0.043115322,0.516037405,0.025731329,-0.844916642,-1.229779601,0.844725251,-0.046184264,-0.095112488,0.524652183,-0.045089021,-0.904025793,-1.073177814,0.866571784,-0.019269435,-0.054947134,0.495643884
119,995699,15133,moving,stationary_A,-0.406596065,1.483807325,0.249513984,-0.046485312,0.884014487,0.294143975,0.360328794,-0.108734094,-0.808799624,-1.193603039,0.852988422,-0.029453816,-0.043992963,0.519237697,0.024712842,-0.839883924,-1.220899701,0.837577224,-0.050413903,-0.087597802,0.536888778,-0.045756586,-0.909319580,-1.076770306,0.871470094,-0.017963115,-0.060545765,0.486365557
120,995824,15258,moving,stationary_A,-0.407504201,1.483976841,0.250268221,-0.046339195,0.884105921,0.294069737,0.360183895,-0.108393192,-0.808001339,-1.190531611,0.853429675,-0.030871192,-0.045670729,0.518284678,0.025102839,-0.845024586,-1.226038098,0.842028260,-0.046701469,-0.085563518,0.530552804,-0.045609325,-0.907567143,-1.073310971,0.870485425,-0.021575369,-0.065183669,0.487381458
121,995949,15383,moving,stationary_A,-0.408445358,1.483862519,0.250996590,-0.046862297,0.883759260,0.294917166,0.360273987,-0.108982347,-0.808817029,-1.193857431,0.855782747,-0.027841460,-0.041029163,0.514953911,0.024543475,-0.838611841,-1.219757676,0.837934673,-0.051328365,-0.088007033,0.536176920,-0.045988709,-0.908851743,-1.076541543,0.872040629,-0.019214142,-0.062151309,0.485090941
122,996074,15508,moving,stationary_A,-0.409103513,1.483838558,0.251588941,-0.046741366,0.884001374,0.294809103,0.359783947,-0.108611949,-0.810648561,-1.194865465,0.856426299,-0.031103577,-0.042995345,0.513534904,0.026250776,-0.851573527,-1.236081243,0.850904644,-0.052766554,-0.089746088,0.514900684,-0.045530804,-0.906809747,-1.072712898,0.869960904,-0.019973483,-0.062848859,0.488691151
123,996199,15633,moving,stationary_A,-0.409647226,1.483815312,0.251812458,-0.046815302,0.883944154,0.295339167,0.359479904,-0.108095422,-0.807649136,-1.193149328,0.858467221,-0.032720048,-0.050382506,0.509337842,0.025433682,-0.842429340,-1.224437594,0.840251148,-0.050975300,-0.096487544,0.531102419,-0.045429949,-0.906745911,-1.073922515,0.870401740,-0.016429670,-0.051829193,0.489330769
124,996323,15757,moving,stationary_A,-0.409544110,1.483857393,0.251770496,-0.046580981,0.884130836,0.295431405,0.358975232,-0.107952036,-0.806267381,-1.191100836,0.857344329,-0.033857681,-0.053500932,0.510834575,0.025775686,-0.845131814,-1.227455854,0.844202220,-0.049856741,-0.096864313,0.524837375,-0.045841441,-0.907527804,-1.074521780,0.869636655,-0.018510109,-0.056315776,0.490120411
125,996448,15882,moving,stationary_A,-0.409668803,1.484002233,0.251338363,-0.046375066,0.884188175,0.295206338,0.359045744,-0.108797014,-0.807427406,-1.190506935,0.854052246,-0.029666590,-0.041498430,0.517679989,0.024754744,-0.841413736,-1.221533060,0.843429089,-0.051035285,-0.089201242,0.527319670,-0.046625443,-0.898620546,-1.063807845,0.861251771,-0.017207494,-0.054948460,0.504905999
126,996574,16008,moving,stationary_A,-0.409977317,1.484260559,0.250999331,-0.046322852,0.884332538,0.294795215,0.359034747,-0.108740129,-0.803108811,-1.181952000,0.847642303,-0.028087182,-0.033523064,0.528762579,0.024286948,-0.840725183,-1.218106270,0.837452948,-0.052417651,-0.087885454,0.536843777,-0.046911534,-0.900569439,-1.063490272,0.858769178,-0.013387040,-0.048694372,0.509867907
127,996699,16133,moving,stationary_A,-0.409825206,1.484436035,0.250907540,-0.046632707,0.884252787,0.294465274,0.359461576,-0.108968198,-0.804477215,-1.183838367,0.849532843,-0.028681461,-0.034248326,0.525640965,0.024216507,-0.843918562,-1.222253561,0.839655161,-0.052290145,-0.087255768,0.533508480,-0.047069337,-0.901249528,-1.064134598,0.861038387,-0.015159500,-0.051771317,0.505670667
128,996824,16258,moving,stationary_A,-0.409568667,1.484680057,0.250344634,-0.046272356,0.884195626,0.294445693,0.359664708,-0.110792868,-0.814767957,-1.198584199,0.861269355,-0.033920318,-0.048563007,0.504684269,0.023783479,-0.854279280,-1.236594200,0.846516490,-0.052959360,-0.094419248,0.521239221,-0.047843792,-0.908028960,-1.071787477,0.867782652,-0.016558617,-0.052710753,0.493863016
129,996949,16383,moving,stationary_A,-0.409007192,1.484835982,0.250157475,-0.046035226,0.884303272,0.293972343,0.359817654,-0.110767275,-0.815246403,-1.197593331,0.859176934,-0.027460799,-0.042250995,0.509191275,0.024141859,-0.857590318,-1.239757061,0.851846635,-0.052274391,-0.098370500,0.511808455,-0.047713295,-0.907557011,-1.070457458,0.867775321,-0.015516124,-0.049402393,0.494251609
130,997075,16509,moving,stationary_A,-0.408563256,1.484825730,0.249733210,-0.046066828,0.884333968,0.293832272,0.359852582,-0.110384457,-0.813071728,-1.195906281,0.858071506,-0.033904273,-0.051339172,0.509831548,0.024367124,-0.855225623,-1.236930609,0.847773373,-0.051539674,-0.086948469,0.520638049,-0.047526926,-0.906875432,-1.070128918,0.866928518,-0.015872333,-0.051226221,0.495539039
131,997199,16633,moving,stationary_A,-0.407489181,1.485097766,0.249505043,-0.045505121,0.884481132,0.293367743,0.359941363,-0.110481411,-0.814711452,-1.195625067,0.855655670,-0.031858955,-0.044100892,0.514678121,0.022815403,-0.849755049,-1.227223158,0.843465626,-0.048239227,-0.096530661,0.526232541,-0.047785666,-0.905981779,-1.067427278,0.864591777,-0.023060462,-0.063147888,0.497957498
132,997323,16757,moving,stationary_A,-0.406543136,1.485288382,0.249244332,-0.044918712,0.884543240,0.293164402,0.360028088,-0.111550167,-0.812734008,-1.190855384,0.849357963,-0.027502658,-0.041226942,0.525485516,0.021776445,-0.844061315,-1.218425274,0.839200914,-0.050489631,-0.090031855,0.533935308,-0.048847679,-0.908424735,-1.069556236,0.868197024,-0.021244194,-0.060051084,0.492114276
133,997449,16883,moving,stationary_A,-0.405873895,1.485657811,0.248872876,-0.044583891,0.884725273,0.292498469,0.360164016,-0.111389562,-0.814426601,-1.191304803,0.852301717,-0.029984690,-0.045359295,0.520216525,0.022157099,-0.848636389,-1.222480536,0.841257155,-0.052410435,-0.092197806,0.530131161,-0.048673496,-0.911619842,-1.071600199,0.866475046,-0.017182453,-0.053659108,0.496030718
134,997574,17008,moving,stationary_A,-0.405143619,1.485797048,0.248364210,-0.044566393,0.884723008,0.292067915,0.360521108,-0.111096986,-0.821054101,-1.200175405,0.856902838,-0.030886004,-0.038202077,0.513131917,0.022618633,-0.852911353,-1.226742268,0.842739761,-0.045932058,-0.094781466,0.527917147,-0.048178464,-0.913407266,-1.072430372,0.869458318,-0.023438722,-0.068654016,0.488650709
135,997712,17146,moving,stationary_A,-0.404425740,1.486069679,0.248049140,-0.044836264,0.884600878,0.291468412,0.361271590,-0.110376760,-0.813218117,-1.187695980,0.851681292,-0.034527782,-0.058750071,0.519610584,0.022901379,-0.854069352,-1.227550983,0.842059374,-0.047311287,-0.093462974,0.529114544,-0.047551706,-0.911087871,-1.068674803,0.863567948,-0.014694680,-0.051342025,0.501396596
136,997823,17257,moving,stationary_A,-0.404108644,1.486283541,0.247691631,-0.045355361,0.884583056,0.290894836,0.361712456,-0.110023171,-0.816776037,-1.191767931,0.851071417,-0.030001361,-0.046815857,0.522097349,0.024213694,-0.852201939,-1.224587679,0.838473856,-0.050155878,-0.086727343,0.535653293,-0.046713065,-0.909124434,-1.066122413,0.860040724,-0.013386494,-0.052286454,0.507362664
137,997948,17382,moving,stationary_A,-0.403211355,1.486397982,0.247892380,-0.045054529,0.884362578,0.290452510,0.362643421,-0.110531576,-0.814078271,-1.184108973,0.845835209,-0.025143603,-0.045245294,0.530926943,0.022678189,-0.858837247,-1.230818987,0.843260825,-0.044227980,-0.093618371,0.527437866,-0.047365054,-0.910297573,-1.065129876,0.860996068,-0.015643062,-0.053818628,0.505514145
138,998075,17509,moving,stationary_A,-0.402070522,1.486675620,0.248198986,-0.044199836,0.884621322,0.289312094,0.363029033,-0.111717515,-0.822390258,-1.189711571,0.853588820,-0.025713110,-0.041489489,0.518655539,0.021752525,-0.855195880,-1.220180035,0.838237584,-0.047410529,-0.088603318,0.535965860,-0.048068974,-0.918892145,-1.069751978,0.866428435,-0.016614618,-0.062220544,0.495130539
139,998199,17633,moving,stationary_A,-0.401399732,1.487008572,0.248391509,-0.043842692,0.884532690,0.288635701,0.363825768,-0.112807453,-0.823659241,-1.188384056,0.847355425,-0.028252689,-0.045264121,0.528338790,0.020972200,-0.860613883,-1.224062920,0.841086686,-0.047458034,-0.097023845,0.530006826,-0.049097843,-0.915015161,-1.062519073,0.859024942,-0.014528039,-0.055567279,0.508701682
140,998323,17757,moving,stationary_A,-0.401144624,1.487323880,0.248738647,-0.043940734,0.884422481,0.288508236,0.364182830,-0.113027245,-0.831136346,-1.198424935,0.859646916,-0.030036278,-0.051626559,0.507385194,0.021001291,-0.860162854,-1.223396182,0.840274394,-0.047398660,-0.095940135,0.531495988,-0.048661988,-0.917129040,-1.064588666,0.861476302,-0.016738081,-0.066206366,0.503184915
141,998449,17883,moving,stationary_A,-0.400753856,1.487059832,0.248780847,-0.043841429,0.884160995,0.289235294,0.364252985,-0.112737298,-0.823221326,-1.191402316,0.849956036,-0.036973123,-0.051297329,0.523045242,0.019865911,-0.860101104,-1.226567864,0.839483261,-0.045588531,-0.091550373,0.533674121,-0.049478009,-0.911763310,-1.061790109,0.859625995,-0.012655009,-0.052565854,0.508054793
142,998587,18021,moving,stationary_A,-0.400565028,1.487081289,0.248427272,-0.043517821,0.884427965,0.288745463,0.364032149,-0.112826854,-0.824253678,-1.190283060,0.851260781,-0.030555924,-0.043611389,0.522033930,0.021122340,-0.861080170,-1.225823522,0.842206657,-0.050150972,-0.100100227,0.527401805,-0.049232386,-0.913465381,-1.061580896,0.854358315,-0.011863532,-0.051134907,0.517026603
143,998713,18147,moving,stationary_A,-0.400771022,1.487271786,0.247671962,-0.043531165,0.884725273,0.288379133,0.363598287,-0.111967377,-0.821690917,-1.185697198,0.846108019,-0.028294876,-0.039993744,0.530755281,0.021055918,-0.860336959,-1.223564863,0.839583397,-0.047526766,-0.094521388,0.532828867,-0.048779588,-0.917836666,-1.065583467,0.860651076,-0.016990397,-0.064889610,0.504757822
144,998823,18257,moving,stationary_A,-0.400884271,1.487756729,0.246389151,-0.043172181,0.885349751,0.287188977,0.363062650,-0.111695796,-0.826826215,-1.187307596,0.850005686,-0.025795428,-0.039983109,0.524620175,0.021706954,-0.861344099,-1.219823837,0.837056100,-0.048493776,-0.087661728,0.537866890,-0.048143592,-0.924178541,-1.068444133,0.866250515,-0.017618895,-0.061946355,0.495441437
145,998961,18395,moving,stationary_A,-0.400329351,1.487953901,0.245837688,-0.042742439,0.885903716,0.286394089,0.362389505,-0.111650057,-0.832022548,-1.189927936,0.851199389,-0.025883758,-0.039739188,0.522695303,0.021841995,-0.863694012,-1.218473554,0.836809516,-0.047192089,-0.086625732,0.538533866,-0.048092663,-0.928337216,-1.069812775,0.866260886,-0.019771341,-0.066238105,0.494786501
146,999074,18508,moving,stationary_A,-0.399862647,1.488369346,0.244877458,-0.042500541,0.886302710,0.285269737,0.362329155,-0.110775925,-0.831364036,-1.185523987,0.851594090,-0.031553756,-0.052419279,0.520618975,0.022646487,-0.870158970,-1.221995115,0.839129567,-0.047080211,-0.094659634,0.533558488,-0.047580518,-0.926651776,-1.064214945,0.864659190,-0.016391750,-0.054120842,0.499166101
147,999198,18632,moving,stationary_A,-0.399207950,1.488830924,0.244272590,-0.041893296,0.886683583,0.284322500,0.362212598,-0.111431897,-0.836877286,-1.187720299,0.849508762,-0.027646348,-0.042009447,0.525172055,0.022625607,-0.873046517,-1.220893502,0.839453101,-0.047127627,-0.096326061,0.532746494,-0.047933389,-0.929774046,-1.063805342,0.862851501,-0.019768879,-0.065239199,0.500839710
148,999322,18756,moving,stationary_A,-0.398264170,1.489394903,0.243869066,-0.041517355,0.886903167,0.283216745,0.362584293,-0.111468770,-0.838449538,-1.185453534,0.847402930,-0.025257520,-0.038733613,0.528933048,0.021803036,-0.870802402,-1.214028955,0.831494689,-0.049905457,-0.086658761,0.546458006,-0.047672927,-0.930282414,-1.060858965,0.857836664,-0.019613586,-0.058658708,0.510186851
149,999449,18883,moving,stationary_A,-0.397434831,1.489480019,0.243393302,-0.042114340,0.886814713,0.282749087,0.363096446,-0.110076264,-0.832722008,-1.177742481,0.842435956,-0.025019512,-0.046703693,0.536185145,0.022596508,-0.874256730,-1.218602538,0.834321618,-0.047448277,-0.092379622,0.541407585,-0.046930682,-0.925537944,-1.056253314,0.856110871,-0.013509964,-0.051162019,0.514075994
150,999574,19008,moving,stationary_A,-0.396161437,1.489453435,0.243027449,-0.040900726,0.886673808,0.282752514,0.363576412,-0.111573331,-0.831953168,-1.175881982,0.840048552,-0.030727094,-0.039713703,0.540182531,0.020224020,-0.865121007,-1.205277205,0.827795982,-0.045723956,-0.091386303,0.551644623,-0.049123645,-0.925283372,-1.055267334,0.853659213,-0.017951069,-0.056704782,0.517424762
151,999699,19133,moving,stationary_A,-0.395070195,1.489740610,0.243191719,-0.040012568,0.886602640,0.282586277,0.363977760,-0.114141859,-0.837938726,-1.182556152,0.845297217,-0.031703256,-0.046882901,0.531290472,0.018374622,-0.869598150,-1.209743500,0.829619586,-0.046302885,-0.087997742,0.549403131,-0.050730668,-0.937525153,-1.066828489,0.863481045,-0.017851433,-0.063080490,0.500102639
152,999823,19257,moving,stationary_A,-0.394579291,1.489879370,0.243384957,-0.039706800,0.886750281,0.282318473,0.363859385,-0.113308907,-0.835936189,-1.179041743,0.843248844,-0.032088876,-0.052964006,0.533944428,0.019091174,-0.873136640,-1.213360429,0.833720088,-0.047293391,-0.096355736,0.541654766,-0.050061550,-0.931305170,-1.059615612,0.858185112,-0.016485486,-0.056034259,0.510006607
153,999948,19382,moving,stationary_A,-0.394248843,1.489943385,0.243707657,-0.039947417,0.886784554,0.282259494,0.363795161,-0.112933330,-0.843356729,-1.189822793,0.847780526,-0.032831669,-0.048209306,0.527130127,0.019459803,-0.867437899,-1.206170201,0.828385293,-0.045594685,-0.096493587,0.549898088,-0.049452357,-0.927320242,-1.055488586,0.853066504,-0.014611147,-0.053486023,0.518847942
154,1000073,19507,moving,stationary_A,-0.393856168,1.489624977,0.244009256,-0.039608289,0.886739671,0.282509953,0.363747299,-0.112684153,-0.838648438,-1.184077859,0.845428646,-0.030805271,-0.045843575,0.531224787,0.019389223,-0.870726943,-1.211636305,0.832082093,-0.051033217,-0.101636410,0.542867422,-0.049537171,-0.928604245,-1.057735205,0.852170467,-0.011785420,-0.049421158,0.520791888
155,1000197,19631,moving,stationary_A,-0.393723845,1.489590764,0.244357586,-0.039606873,0.886840820,0.282597870,0.363432318,-0.111540392,-0.834175408,-1.178397417,0.844848454,-0.030514132,-0.039938424,0.532639623,0.021594636,-0.873779416,-1.215994835,0.834730923,-0.051265012,-0.090076223,0.540816545,-0.048410222,-0.936144114,-1.066455960,0.863027990,-0.021731537,-0.065716557,0.500391543
156,1000310,19744,moving,stationary_A,-0.393835425,1.489443898,0.244328260,-0.039887726,0.886787057,0.282622546,0.363513708,-0.111421108,-0.839029014,-1.184962630,0.848020852,-0.030848924,-0.044855613,0.527159393,0.021860249,-0.873423815,-1.215750456,0.835263371,-0.050976478,-0.090964466,0.539872229,-0.048030980,-0.933571219,-1.063795924,0.859879076,-0.020100513,-0.065232329,0.505913854
157,1000435,19869,moving,stationary_A,-0.393520236,1.489357591,0.244548917,-0.039653488,0.886930704,0.282402337,0.363360047,-0.111252911,-0.839858770,-1.185152173,0.846434236,-0.032995962,-0.049150102,0.529192567,0.021852873,-0.873058915,-1.213976622,0.831299722,-0.048114352,-0.088317558,0.546649694,-0.047677256,-0.932609558,-1.061219573,0.859723449,-0.017513558,-0.054646488,0.507525980
158,1000560,19994,moving,stationary_A,-0.393864870,1.488902569,0.244585991,-0.039924126,0.886724114,0.282973677,0.363390088,-0.111603528,-0.838858366,-1.186031818,0.848555923,-0.026253849,-0.039261226,0.526993454,0.021713778,-0.869918287,-1.212689281,0.829360545,-0.050724655,-0.088169307,0.549376369,-0.047914915,-0.933228612,-1.064549565,0.862968445,-0.018553587,-0.063766286,0.500874281
159,1000684,20118,moving,stationary_A,-0.394716382,1.488401890,0.244674802,-0.041242860,0.886399090,0.283304155,0.363778055,-0.110376015,-0.839691281,-1.190737963,0.849982142,-0.027650777,-0.042006742,0.524405539,0.022636961,-0.863484979,-1.206970215,0.830904663,-0.048703104,-0.100045584,0.545175552,-0.046669230,-0.923641443,-1.056061387,0.850411594,-0.013552937,-0.049958877,0.523565292
160,1000811,20245,moving,stationary_A,-0.395406485,1.487605572,0.244924664,-0.042212144,0.885602176,0.284784287,0.364451498,-0.111457825,-0.829810262,-1.185223103,0.848569453,-0.029152974,-0.045001678,0.526360095,0.022003334,-0.866684079,-1.220440865,0.836458385,-0.047997583,-0.089336507,0.538565278,-0.047468148,-0.923206031,-1.062847495,0.858069658,-0.017077977,-0.057295825,0.510041177
161,1000934,20368,moving,stationary_A,-0.396395326,1.487470388,0.244850993,-0.042590577,0.885366082,0.284819275,0.364953429,-0.113282219,-0.836474597,-1.194907784,0.853953958,-0.028200002,-0.047255304,0.517430544,0.019983754,-0.855480194,-1.205364466,0.829581022,-0.045280274,-0.096092373,0.548189163,-0.048537105,-0.921906054,-1.060845733,0.854104042,-0.016227154,-0.065698683,0.515680671
162,1001061,20495,moving,stationary_A,-0.397078156,1.487413287,0.244726777,-0.042978395,0.885159910,0.285182238,0.365124524,-0.112962805,-0.827691257,-1.183927774,0.848520577,-0.025315471,-0.049989525,0.526187241,0.019525737,-0.853829920,-1.205113769,0.830188155,-0.045050032,-0.100750759,0.546449840,-0.048579533,-0.921238303,-1.061661124,0.861276090,-0.017304771,-0.069980539,0.502997935
163,1001184,20618,moving,stationary_A,-0.397377849,1.487431645,0.244714856,-0.042956121,0.885401487,0.285180211,0.364542514,-0.111747868,-0.827526510,-1.182664990,0.845734000,-0.029063761,-0.040740971,0.531252742,0.020102233,-0.852545619,-1.201648593,0.827379405,-0.045586471,-0.093217961,0.551974356,-0.048067331,-0.925472617,-1.065564632,0.863552809,-0.017286975,-0.064885341,0.499767542
164,1001380,20814,moving,stationary_A,-0.397608042,1.487638831,0.245090723,-0.042716049,0.885555267,0.285315454,0.364091069,-0.111470044,-0.825061917,-1.179016590,0.843593657,-0.031043721,-0.040792905,0.534529805,0.020155370,-0.852336884,-1.200916171,0.826711297,-0.046553463,-0.092687786,0.552982986,-0.048332185,-0.926453471,-1.066390395,0.865603209,-0.018886007,-0.066615440,0.495920241
165,1001602,21036,moving,stationary_A,-0.399106145,1.487698555,0.245441437,-0.043141071,0.885825217,0.285237253,0.363445014,-0.110207342,-0.825841188,-1.178977728,0.844827294,-0.032156512,-0.054176297,0.531317115,0.022158429,-0.866198301,-1.218020916,0.835769713,-0.045366537,-0.094738640,0.538939238,-0.047002148,-0.919322014,-1.057141185,0.854179561,-0.010653616,-0.046772581,0.517760754
166,1001809,21243,moving,stationary_A,-0.401031017,1.487532020,0.246224642,-0.042819511,0.886165738,0.285647094,0.362329334,-0.110002942,-0.825469375,-1.176488876,0.842957675,-0.026437443,-0.048197608,0.535163879,0.022047639,-0.864003301,-1.213750601,0.834926367,-0.048712011,-0.095956832,0.539738357,-0.047077406,-0.920651436,-1.057502031,0.858329058,-0.014076465,-0.052021697,0.510261655
167,1002018,21452,moving,stationary_A,-0.402710080,1.487486482,0.247298479,-0.042165734,0.886546612,0.286003351,0.361191392,-0.109874010,-0.826048732,-1.175132751,0.843939960,-0.032648478,-0.055794656,0.532528341,0.022149593,-0.867929995,-1.215677857,0.834906459,-0.047026947,-0.095122434,0.540066183,-0.047407590,-0.925928771,-1.060317755,0.861753583,-0.016142670,-0.051303130,0.504468203
168,1002240,21674,moving,stationary_A,-0.405040741,1.487357020,0.248762608,-0.042506117,0.886540830,0.286278456,0.360947728,-0.108984105,-0.822927058,-1.167840600,0.836841345,-0.030133026,-0.043963306,0.544844806,0.022052780,-0.856206715,-1.197426081,0.829124391,-0.050160218,-0.098913535,0.547953367,-0.047160640,-0.923059106,-1.055296779,0.853374183,-0.013464419,-0.049033478,0.518812954
169,1002449,21883,moving,stationary_A,-0.406755924,1.487220287,0.249832630,-0.042903464,0.886204720,0.286387026,0.361639291,-0.110954426,-0.827153683,-1.172258377,0.843226969,-0.034051701,-0.043338951,0.534724653,0.021267463,-0.865221858,-1.208321452,0.835295379,-0.050643817,-0.089824773,0.540044665,-0.048601728,-0.929636002,-1.060516596,0.864674628,-0.015868394,-0.052838843,0.499293536
170,1002672,22106,moving,stationary_A,-0.408034921,1.487228632,0.250428319,-0.043065250,0.886051297,0.286556304,0.361861855,-0.111619487,-0.831538856,-1.177200556,0.848723412,-0.031525958,-0.038009048,0.526526332,0.019879118,-0.858019173,-1.197444677,0.828028262,-0.044644974,-0.084514335,0.552479327,-0.049078558,-0.921781361,-1.050872922,0.856826246,-0.019823316,-0.061013553,0.511598527
171,1002878,22312,moving,stationary_A,-0.409150720,1.487247825,0.250385165,-0.043393511,0.885971010,0.285999775,0.362459004,-0.112264894,-0.829247475,-1.170793295,0.844344199,-0.030761417,-0.056151722,0.531962156,0.019414037,-0.855955899,-1.191753864,0.829371452,-0.048307367,-0.099713497,0.547600806,-0.049368516,-0.926676154,-1.053680420,0.858304799,-0.015352295,-0.056936517,0.509740591
172,1003087,22521,moving,stationary_A,-0.410310745,1.487348795,0.250129938,-0.044313494,0.885934651,0.285648704,0.362713307,-0.111456141,-0.834305763,-1.176541567,0.848281682,-0.030902861,-0.037601084,0.527303874,0.020100892,-0.859432220,-1.195270777,0.826832950,-0.043519367,-0.086066522,0.554117203,-0.048823014,-0.926954329,-1.052921057,0.863028407,-0.016112810,-0.057810690,0.501577914
173,1003295,22729,moving,stationary_A,-0.410635471,1.487705588,0.249775410,-0.044024535,0.886269033,0.285155147,0.362319738,-0.111196741,-0.832760572,-1.171322465,0.843616247,-0.031588484,-0.038194079,0.534654260,0.020207360,-0.860399067,-1.193487048,0.828000546,-0.049050268,-0.092137910,0.550926328,-0.048983201,-0.925982714,-1.049520373,0.858635247,-0.013228373,-0.051428188,0.509829104
174,1003504,22938,moving,stationary_A,-0.411113620,1.488072038,0.249172211,-0.044168625,0.886308193,0.284891605,0.362413764,-0.112391651,-0.832848370,-1.170436263,0.845559657,-0.027928706,-0.050121650,0.530788779,0.019708954,-0.861307383,-1.194156885,0.830712497,-0.047569133,-0.096600555,0.546188831,-0.049432881,-0.930042982,-1.053377867,0.859475970,-0.013303643,-0.052976821,0.508249462
175,1003713,23147,moving,stationary_A,-0.411656976,1.488567710,0.247923136,-0.044876777,0.886008501,0.283865213,0.363862008,-0.115383849,-0.840865016,-1.178909898,0.849790990,-0.026567720,-0.045323696,0.524495244,0.018934526,-0.879247904,-1.216206789,0.840236604,-0.046084471,-0.085458234,0.533456326,-0.051142123,-0.929602563,-1.050670862,0.858902931,-0.014351242,-0.058305141,0.508606195
176,1003934,23368,moving,stationary_A,-0.411434054,1.489063621,0.247507453,-0.044736523,0.886300623,0.283465505,0.363479167,-0.114312805,-0.837425768,-1.173320055,0.845925331,-0.031383287,-0.040199108,0.530857444,0.019040704,-0.878884196,-1.214164972,0.837838292,-0.048440415,-0.085633442,0.536979914,-0.051194046,-0.931225896,-1.051510930,0.862782478,-0.018247845,-0.065474495,0.500985563
177,1004143,23577,moving,stationary_A,-0.411117673,1.489322305,0.247175932,-0.043920860,0.886462092,0.283130944,0.363445729,-0.115061961,-0.836029291,-1.169673085,0.846428633,-0.031872988,-0.056853522,0.528498292,0.018695056,-0.881493807,-1.214964271,0.840373337,-0.046205726,-0.088012911,0.532814622,-0.051847309,-0.933721602,-1.052290559,0.856359124,-0.013268007,-0.054495871,0.513325810
178,1004352,23786,moving,stationary_A,-0.411109090,1.489054322,0.247025251,-0.044135965,0.886417747,0.283169448,0.363497823,-0.114908844,-0.835340261,-1.168787122,0.840734005,-0.022406658,-0.039097022,0.539569974,0.018861063,-0.879693151,-1.214060068,0.838674486,-0.049374096,-0.086934768,0.535378218,-0.051652387,-0.930842400,-1.049970388,0.856498301,-0.016291901,-0.057099529,0.512723029
179,1004559,23993,moving,stationary_A,-0.410940051,1.489019394,0.247020602,-0.044021770,0.886638105,0.282633543,0.363391370,-0.114383161,-0.840301096,-1.173739195,0.846596241,-0.028678503,-0.037386876,0.530145884,0.018992640,-0.879856825,-1.211333156,0.837525427,-0.048009485,-0.088809580,0.536990881,-0.050828565,-0.929682016,-1.046461225,0.855096698,-0.016718967,-0.056212414,0.515141129
180,1004769,24203,moving,stationary_A,-0.411540151,1.489074945,0.247189283,-0.044238605,0.886803150,0.282394290,0.363148212,-0.113031343,-0.834294915,-1.163821697,0.841991484,-0.027850688,-0.040820420,0.537222803,0.021272894,-0.883585155,-1.214386582,0.840580821,-0.048888575,-0.093876645,0.531244695,-0.049741119,-0.934449255,-1.050358772,0.852588415,-0.012896096,-0.053752284,0.519651294
181,1004977,24411,moving,stationary_A,-0.411929488,1.489283800,0.247162938,-0.044145495,0.887077451,0.281688780,0.363037556,-0.112635434,-0.838588655,-1.165791988,0.842235148,-0.028119517,-0.047510426,0.536276102,0.021417610,-0.884580016,-1.211792231,0.838809252,-0.048961286,-0.091374956,0.534464657,-0.049335111,-0.935603201,-1.048592687,0.854693234,-0.017492898,-0.060402077,0.515310645
182,1005185,24619,moving,stationary_A,-0.412738919,1.489535332,0.247035861,-0.044344243,0.887345135,0.281416267,0.362570107,-0.111685604,-0.845698059,-1.172526002,0.847958446,-0.029018933,-0.035574228,0.528070927,0.021929555,-0.885559797,-1.210582733,0.838728309,-0.047296241,-0.086423926,0.535564005,-0.048545387,-0.935588300,-1.046080232,0.859085500,-0.019172739,-0.062999614,0.507578135
183,1005392,24826,moving,stationary_A,-0.412727714,1.490247488,0.246891499,-0.043872267,0.887688160,0.280491978,0.362504095,-0.112648599,-0.844705760,-1.166146874,0.841966867,-0.028467881,-0.049285460,0.536518753,0.021579776,-0.887761831,-1.207229733,0.836072803,-0.050332345,-0.087538995,0.539245665,-0.049173377,-0.943079352,-1.049166441,0.856473804,-0.013330379,-0.054366473,0.513146400
184,1005616,25050,moving,stationary_A,-0.413506985,1.490336418,0.246422291,-0.043996830,0.887276828,0.280139476,0.363766432,-0.114085563,-0.843674004,-1.163276315,0.841942370,-0.028142370,-0.041673522,0.537219226,0.019060623,-0.890233755,-1.210301280,0.837361038,-0.048869483,-0.087163009,0.537439287,-0.051266797,-0.939477444,-1.044854283,0.856395304,-0.016161462,-0.060747858,0.512479782
185,1005824,25258,moving,stationary_A,-0.412484169,1.490568638,0.245264530,-0.043401338,0.887808859,0.278986633,0.363425672,-0.113832653,-0.850450397,-1.168048143,0.845022619,-0.028090538,-0.034758050,0.532859862,0.020239569,-0.886325359,-1.200677752,0.833540976,-0.046575632,-0.093587972,0.542477310,-0.050165534,-0.936159253,-1.038616180,0.847300947,-0.009905632,-0.048389040,0.528811395
186,1006032,25466,moving,stationary_A,-0.411084294,1.490636110,0.244685650,-0.043033127,0.888108432,0.278241813,0.363308489,-0.112876572,-0.851335883,-1.166713953,0.844109714,-0.024547271,-0.045960374,0.533632696,0.021277823,-0.892779589,-1.206760883,0.836977541,-0.049025919,-0.087125771,0.538027942,-0.049253162,-0.944913149,-1.045684814,0.853306770,-0.017080769,-0.058186356,0.517870784
187,1006239,25673,moving,stationary_A,-0.409707546,1.490851402,0.244297743,-0.042325795,0.888114333,0.277533978,0.363918036,-0.113926522,-0.852935791,-1.166789770,0.842891991,-0.028888531,-0.036299605,0.536079347,0.019339126,-0.890181065,-1.201511502,0.832013428,-0.047140334,-0.091559961,0.545112908,-0.050434858,-0.945410848,-1.044506192,0.855080187,-0.013429813,-0.046384282,0.516242146
188,1006449,25883,moving,stationary_A,-0.409060121,1.490700364,0.244019151,-0.042608440,0.887992561,0.277584583,0.364143610,-0.113707677,-0.852630496,-1.168034434,0.839115202,-0.031767927,-0.041886147,0.541407585,0.019543372,-0.883896768,-1.194361687,0.827737212,-0.046885204,-0.095140189,0.551000178,-0.049639460,-0.947875738,-1.048018336,0.853446424,-0.011849114,-0.052861448,0.518357396
189,1006671,26105,moving,stationary_A,-0.408763528,1.491000295,0.243816614,-0.042788088,0.888294160,0.276822746,0.363966733,-0.111591630,-0.859941244,-1.174470663,0.852689981,-0.030523561,-0.034916185,0.520354688,0.021688528,-0.895444870,-1.206550002,0.835443974,-0.047120191,-0.085832231,0.540782571,-0.048082806,-0.940879822,-1.038328528,0.848469496,-0.013586303,-0.048319235,0.526858807
190,1006879,26313,moving,stationary_A,-0.409025431,1.490945339,0.243671894,-0.042400811,0.888657212,0.276475996,0.363389015,-0.111125275,-0.856837928,-1.168243408,0.843759239,-0.028862560,-0.033397742,0.534903586,0.022014961,-0.889764071,-1.196964264,0.828040063,-0.047143143,-0.087945692,0.551718056,-0.047855739,-0.940103889,-1.035900831,0.847555816,-0.012259610,-0.048481014,0.528344989
191,1007087,26521,moving,stationary_A,-0.409304261,1.490536690,0.243241191,-0.043408133,0.888451874,0.277093947,0.363301426,-0.111024439,-0.854183137,-1.169671774,0.843668461,-0.028226865,-0.034347553,0.535020530,0.022735957,-0.886274099,-1.197309732,0.828740180,-0.047705993,-0.093916103,0.549630463,-0.047124162,-0.945924103,-1.046374798,0.851602793,-0.012700714,-0.051139604,0.521532416
192,1007295,26729,moving,stationary_A,-0.409066796,1.490636468,0.242688417,-0.042917196,0.888428390,0.277153373,0.363372028,-0.112663865,-0.854373574,-1.170989156,0.851540625,-0.032752950,-0.059449773,0.519876599,0.021280304,-0.892434776,-1.205792308,0.835106194,-0.048310664,-0.085798889,0.541204572,-0.049004629,-0.946472287,-1.046667695,0.853662193,-0.013292722,-0.051482782,0.518105984
193,1007517,26951,moving,stationary_A,-0.409063458,1.490756989,0.242348909,-0.042849723,0.888584852,0.276951849,0.363150805,-0.112334028,-0.851223826,-1.165420055,0.844719410,-0.030270580,-0.056653734,0.531340957,0.020373564,-0.883718729,-1.193084002,0.829051554,-0.046973120,-0.090492643,0.549798310,-0.049070328,-0.947242677,-1.046728969,0.855975747,-0.014713908,-0.054308746,0.513945043
194,1007726,27160,moving,stationary_A,-0.409124494,1.490807056,0.242805362,-0.042391606,0.888506174,0.277228177,0.363186330,-0.113934577,-0.852749884,-1.167863250,0.843105495,-0.029586339,-0.036573749,0.535686672,0.018662855,-0.883167207,-1.193853378,0.828460634,-0.047324747,-0.091911972,0.550423086,-0.050891131,-0.940960050,-1.040752649,0.848707497,-0.011672937,-0.046412054,0.526692748
195,1007948,27382,moving,stationary_A,-0.409362197,1.490423203,0.243187189,-0.042431910,0.888489604,0.277982920,0.362644881,-0.113802530,-0.850854278,-1.168203115,0.843410313,-0.029247096,-0.038161967,0.535114408,0.019734614,-0.879034936,-1.190826058,0.828491628,-0.045565855,-0.096485697,0.549741745,-0.050669018,-0.937684655,-1.039631605,0.851359010,-0.013877222,-0.049942754,0.522016287
196,1008156,27590,moving,stationary_A,-0.409496427,1.490099669,0.244046092,-0.042576440,0.888410330,0.278608739,0.362341791,-0.112474047,-0.848266780,-1.168038845,0.846616209,-0.032799017,-0.056062669,0.528225601,0.019718308,-0.868595541,-1.178710938,0.817992806,-0.049350969,-0.087532066,0.566383600,-0.049287327,-0.942288160,-1.046332955,0.852327526,-0.017172622,-0.058946036,0.519392133
197,1008364,27798,moving,stationary_A,-0.409182549,1.489879131,0.245010138,-0.042382587,0.888111234,0.278746575,0.362991095,-0.113590322,-0.849567950,-1.167396784,0.844946444,-0.031408489,-0.040301539,0.532404661,0.019923627,-0.866223931,-1.173653007,0.813041389,-0.047911402,-0.074716941,0.575400293,-0.050303772,-0.934939682,-1.037669539,0.845579803,-0.011274801,-0.047570221,0.531605840
198,1008574,28008,moving,stationary_A,-0.409982562,1.489636779,0.245982647,-0.042068802,0.888032258,0.278954536,0.363061041,-0.113882281,-0.851107955,-1.168645740,0.844012976,-0.029936744,-0.037293587,0.534186423,0.019642115,-0.867376328,-1.173282981,0.806773186,-0.050896790,-0.079054840,0.583332658,-0.050639760,-0.938389242,-1.040284038,0.851662457,-0.012994862,-0.049150065,0.521619141
199,1008794,28228,moving,stationary_A,-0.410707355,1.489263654,0.246186972,-0.042468086,0.887949765,0.279574662,0.362739146,-0.112539306,-0.848049998,-1.167092443,0.849061191,-0.031792838,-0.057184339,0.524227321,0.019873701,-0.863735080,-1.171911240,0.815788031,-0.048467729,-0.074805014,0.571441174,-0.049372852,-0.942487657,-1.045853496,0.853326857,-0.015509096,-0.057004530,0.518018484
200,1009004,28438,moving,stationary_A,-0.411831975,1.488884211,0.246647358,-0.042723712,0.887519717,0.280595392,0.362973362,-0.113845773,-0.846398830,-1.167458296,0.844277561,-0.029865483,-0.038308676,0.533700228,0.019843094,-0.869194865,-1.182372570,0.822834253,-0.046276201,-0.078014411,0.560995579,-0.050529089,-0.932400048,-1.037949800,0.846058786,-0.008607152,-0.046448242,0.530992508
201,1009213,28647,moving,stationary_A,-0.413721204,1.488438606,0.247763038,-0.043105848,0.887225866,0.281411767,0.363014549,-0.114249900,-0.840937257,-1.163048387,0.845577598,-0.030991288,-0.048529655,0.530738175,0.017599214,-0.863354206,-1.176556349,0.817188144,-0.047370669,-0.069858164,0.570157468,-0.051482171,-0.937537372,-1.045111299,0.858031571,-0.017048091,-0.058610633,0.509956837
202,1009436,28870,moving,stationary_A,-0.415611506,1.488187790,0.248122215,-0.043552507,0.887153447,0.281711489,0.362905860,-0.114112899,-0.837652683,-1.158031940,0.837190807,-0.025460329,-0.042193476,0.544686258,0.017640289,-0.864298761,-1.178441763,0.823742032,-0.042468797,-0.065908901,0.561517060,-0.051545180,-0.938391328,-1.045932651,0.858870566,-0.017240161,-0.060271963,0.508341789
203,1009656,29090,moving,stationary_A,-0.416847110,1.487917662,0.248541832,-0.044508282,0.886406183,0.282314032,0.364145368,-0.117048770,-0.844333172,-1.170611024,0.846080363,-0.029857051,-0.041079078,0.530630827,0.016573742,-0.863762617,-1.180524349,0.817941248,-0.049534932,-0.086683802,0.566572487,-0.052893326,-0.928920865,-1.038431644,0.847929478,-0.007981914,-0.047887579,0.527881265
204,1009865,29299,moving,stationary_A,-0.417620540,1.487370491,0.249478221,-0.045161322,0.885847628,0.283206075,0.364731014,-0.117205471,-0.844082415,-1.172698140,0.851289093,-0.027492492,-0.032844227,0.522945940,0.016073573,-0.868554831,-1.190031528,0.823385298,-0.051008537,-0.075086370,0.560175657,-0.053035624,-0.927779734,-1.039413810,0.849495471,-0.009916690,-0.050291240,0.525099933
205,1010074,29508,moving,stationary_A,-0.418135285,1.487149596,0.251353025,-0.045287181,0.885451734,0.283595800,0.365373373,-0.118240558,-0.840764523,-1.168221593,0.848460913,-0.027981307,-0.056615192,0.525476754,0.016031921,-0.872665405,-1.194568753,0.823316574,-0.052953843,-0.075222686,0.560077906,-0.053746440,-0.932773054,-1.044204473,0.855533957,-0.011588327,-0.057308607,0.514434814
206,1010295,29729,moving,stationary_A,-0.419067025,1.486644506,0.253914237,-0.044768143,0.885129392,0.284856886,0.365237445,-0.118306294,-0.837155938,-1.164248943,0.846743822,-0.026011080,-0.054032244,0.528610349,0.016209871,-0.866341293,-1.189038277,0.833704889,-0.040323939,-0.064465150,0.546950102,-0.054267295,-0.935123324,-1.046811700,0.857114792,-0.013785373,-0.057592317,0.511710227
207,1010504,29938,moving,stationary_A,-0.419892907,1.486414194,0.256692290,-0.044991907,0.885124266,0.285071194,0.365055054,-0.115154795,-0.831963420,-1.155376792,0.842296779,-0.031633873,-0.054064374,0.535362184,0.017555509,-0.863491297,-1.181854010,0.827271700,-0.041411676,-0.067126624,0.556237996,-0.051836550,-0.934860408,-1.045104027,0.860346079,-0.016518127,-0.062521167,0.505591631
208,1010712,30146,moving,stationary_A,-0.419912338,1.486518264,0.258764505,-0.044303946,0.884500265,0.285039365,0.366672814,-0.119207919,-0.836583078,-1.157388687,0.843634903,-0.031687859,-0.052960411,0.533358514,0.013731956,-0.879232347,-1.200440168,0.838102996,-0.044031486,-0.115213133,0.531385481,-0.055096529,-0.932747245,-1.039262176,0.853583455,-0.009277979,-0.057965647,0.517638266
209,1010933,30367,moving,stationary_A,-0.420780301,1.486260176,0.260009408,-0.044615902,0.883568168,0.286157370,0.368009090,-0.121800236,-0.834030151,-1.157276273,0.848157406,-0.030532412,-0.052336022,0.526267767,0.011124033,-0.864312351,-1.184111714,0.827155411,-0.042932600,-0.091128506,0.552870929,-0.057210092,-0.937082410,-1.046676755,0.860162795,-0.009995379,-0.057713281,0.506645024
210,1011157,30591,moving,stationary_A,-0.422048211,1.485942960,0.261029959,-0.045241904,0.883321285,0.286699682,0.368103236,-0.121522509,-0.837188780,-1.163786054,0.848012626,-0.024776012,-0.043935984,0.527570426,0.010915212,-0.864175200,-1.186429739,0.833466649,-0.040453862,-0.096416049,0.542587101,-0.056848548,-0.932557762,-1.043302894,0.860606015,-0.014233325,-0.065054916,0.504898667
211,1011365,30799,moving,stationary_A,-0.424101710,1.484743357,0.262398839,-0.046944223,0.882240057,0.288979381,0.368699968,-0.121966273,-0.825525820,-1.157254934,0.846651852,-0.024497159,-0.047661249,0.529442072,0.010482676,-0.860848010,-1.192980647,0.836938977,-0.036084119,-0.100993685,0.536685526,-0.057175621,-0.928803146,-1.047398090,0.863198698,-0.008567560,-0.057986822,0.501450121
212,1011587,31021,moving,stationary_A,-0.427267432,1.483817339,0.263498187,-0.049455911,0.880656362,0.290536165,0.370927572,-0.123302110,-0.814329863,-1.149177074,0.841314495,-0.025448605,-0.058170270,0.536804020,0.007922843,-0.853176653,-1.190539598,0.833252490,-0.035428863,-0.090034455,0.544361055,-0.058484055,-0.920922458,-1.044810772,0.862103760,-0.006698204,-0.069081508,0.501956165
213,1011810,31244,moving,stationary_A,-0.430530906,1.483064890,0.264436126,-0.050920535,0.879257321,0.291593432,0.373211741,-0.126480117,-0.813858211,-1.153344989,0.845288098,-0.022628456,-0.056779359,0.530803323,0.005046863,-0.851927161,-1.194148540,0.838206589,-0.031082407,-0.087856092,0.537331343,-0.060976043,-0.919105232,-1.046301484,0.865236163,-0.004891985,-0.066347212,0.496931106
214,1012017,31451,moving,stationary_A,-0.431433797,1.481951237,0.265680313,-0.052414823,0.878374398,0.294231057,0.373013616,-0.120486140,-0.808349133,-1.157084107,0.852026403,-0.024642553,-0.066839516,0.518629253,0.010763217,-0.846525192,-1.200959921,0.841097057,-0.029242977,-0.094113998,0.531830013,-0.053444885,-0.914748311,-1.051698923,0.867344618,0.001123661,-0.061197691,0.493930042
215,1012240,31674,moving,stationary_A,-0.433225751,1.481233835,0.265354872,-0.053475343,0.877568424,0.294495285,0.374548525,-0.118982978,-0.802085042,-1.149554729,0.851723492,-0.019527227,-0.077125035,0.517916560,0.012106471,-0.839410901,-1.194627643,0.841704965,-0.023355618,-0.102511354,0.529602468,-0.050298274,-0.910836697,-1.049158454,0.865813255,0.007878253,-0.058605194,0.496861011
216,1012450,31884,moving,stationary_A,-0.438390374,1.481673241,0.263443470,-0.055332385,0.874308944,0.290027529,0.385235339,-0.133666724,-0.818936765,-1.152014971,0.850611389,-0.013077779,-0.065993801,0.521472991,-0.001970448,-0.846593559,-1.186212659,0.838754058,-0.020680077,-0.101339929,0.534597158,-0.063548207,-0.915778637,-1.037710786,0.860596120,0.009828008,-0.066511080,0.504830837
217,1012656,32090,moving,stationary_A,-0.444419980,1.480832815,0.261145711,-0.056730345,0.867633104,0.290707409,0.399354100,-0.160985351,-0.825751185,-1.166262150,0.865579009,0.000450487,-0.056777213,0.497543156,-0.028369308,-0.844034433,-1.193400145,0.843376517,-0.008525471,-0.108620577,0.526160598,-0.085690096,-0.911761463,-1.039233208,0.858169198,0.020864505,-0.076653063,0.507183015
218,1012879,32313,moving,stationary_A,-0.451066256,1.478353262,0.259519100,-0.059496745,0.860177219,0.295286030,0.411535531,-0.182440668,-0.802340150,-1.154934168,0.856440067,0.011652216,-0.086633779,0.508791924,-0.051982168,-0.822419107,-1.189136624,0.839598238,0.003772518,-0.118585214,0.530092716,-0.104749054,-0.902800143,-1.048038840,0.864864409,0.033709116,-0.076915085,0.494931638
219,1013101,32535,moving,stationary_A,-0.455057025,1.477298498,0.259410977,-0.060623888,0.858773828,0.295736521,0.413971275,-0.184187770,-0.808222294,-1.165016174,0.867916822,0.008258294,-0.084562719,0.489388764,-0.052385159,-0.822191298,-1.191698909,0.843834519,0.005766809,-0.118299238,0.523369253,-0.104873531,-0.901638627,-1.048542142,0.867639124,0.029535601,-0.092678830,0.487586558
220,1013310,32744,moving,moving_A_to_B,-0.454139113,1.476489902,0.261830926,-0.059902474,0.858259976,0.297638208,0.413778961,-0.178449064,-0.799285591,-1.161148190,0.856745660,0.004883820,-0.072412156,0.510607123,-0.048213650,-0.810560167,-1.182946086,0.832262754,0.009819217,-0.106255941,0.544014692,-0.100864723,-0.891197681,-1.043764234,0.866421044,0.027673608,-0.087067463,0.490884960
221,1013530,32964,moving,moving_A_to_B,-0.452013373,1.476053596,0.264611125,-0.060502354,0.856999397,0.298308313,0.415816903,-0.175682738,-0.798322916,-1.164440393,0.868712068,0.008806907,-0.085072719,0.487877429,-0.045090791,-0.821074426,-1.203747988,0.845444024,0.011550693,-0.118203431,0.520690799,-0.097217016,-0.896708608,-1.054729342,0.873486042,0.033944286,-0.085158348,0.478140116
222,1013753,33187,moving,moving_A_to_B,-0.447840095,1.475634575,0.269520879,-0.058481842,0.855449557,0.298809558,0.418925732,-0.176927581,-0.802152097,-1.168556690,0.866240025,0.015363480,-0.086376503,0.491865098,-0.045288246,-0.817415833,-1.197643518,0.841487110,0.012404831,-0.122146048,0.526142478,-0.096892945,-0.896069288,-1.052982926,0.872049809,0.033260960,-0.086775526,0.480513126
223,1013960,33394,moving,moving_A_to_B,-0.444522858,1.473939061,0.273961782,-0.056009851,0.853697360,0.299299747,0.422472984,-0.176794350,-0.794037282,-1.156041741,0.854903162,0.022040689,-0.080039419,0.512102008,-0.046679217,-0.819183469,-1.200563669,0.843137980,0.010873762,-0.117572293,0.524573088,-0.096106082,-0.894576013,-1.051192522,0.863994777,0.038161010,-0.094307072,0.493115604
224,1014185,33619,moving,moving_A_to_B,-0.441229939,1.471535444,0.273186445,-0.058432549,0.853661239,0.298256248,0.422955453,-0.164313227,-0.782942414,-1.146192551,0.854630768,0.015221360,-0.102312833,0.508828700,-0.034993079,-0.820529044,-1.208210826,0.845421493,0.014574872,-0.124218352,0.519249439,-0.084488429,-0.887190938,-1.048054338,0.863588154,0.041898299,-0.082880758,0.495571226
225,1014392,33826,moving,moving_A_to_B,-0.435336351,1.472577929,0.271340370,-0.059936263,0.853488326,0.291802108,0.427570879,-0.159271762,-0.817280531,-1.175682187,0.871788204,0.020091061,-0.092343025,0.480681270,-0.027202971,-0.825596631,-1.199742913,0.843382418,0.016291561,-0.129498214,0.521220624,-0.074738026,-0.904455423,-1.053733349,0.869943261,0.040710047,-0.098724067,0.481450856
226,1014574,34008,moving,moving_A_to_B,-0.430287242,1.473483086,0.274275303,-0.061523106,0.850539804,0.289083809,0.435002893,-0.152994245,-0.792150617,-1.133791804,0.845038652,0.029378699,-0.109390929,0.522570789,-0.025342509,-0.837402880,-1.212354898,0.840623379,0.031104283,-0.125206724,0.526030540,-0.069927633,-0.901795983,-1.047742009,0.852019072,0.063606039,-0.084271736,0.512753427
227,1014753,34187,moving,moving_A_to_B,-0.426656842,1.475219846,0.278027177,-0.058854733,0.848156631,0.288695574,0.440251470,-0.162054628,-0.809676588,-1.148944974,0.850050449,0.032683734,-0.097951561,0.516479850,-0.033815857,-0.836265624,-1.204312563,0.839931965,0.028219424,-0.138812110,0.523879051,-0.076160997,-0.910516322,-1.050815463,0.863307238,0.058915947,-0.095877081,0.491972685
228,1014935,34369,moving,moving_A_to_B,-0.425089240,1.476322412,0.280128837,-0.056822553,0.848534346,0.288401961,0.439982980,-0.159699395,-0.807124615,-1.141286969,0.845850527,0.030619202,-0.107270077,0.521624923,-0.031893384,-0.835280299,-1.197943091,0.837629557,0.027872104,-0.140267968,0.527185678,-0.074873611,-0.911924779,-1.049301028,0.856320202,0.061737441,-0.098126300,0.503264785
229,1015117,34551,moving,moving_A_to_B,-0.424284458,1.475829244,0.278718233,-0.054840215,0.848270357,0.290188164,0.439568967,-0.160928845,-0.811675906,-1.155701995,0.849807441,0.033059437,-0.093138039,0.517744899,-0.032249689,-0.828769207,-1.197189808,0.832831740,0.027692456,-0.135419279,0.535990655,-0.075264007,-0.906984091,-1.051067591,0.857196093,0.062819295,-0.092107758,0.502776921
230,1015295,34729,moving,moving_A_to_B,-0.423479199,1.476177692,0.273113966,-0.051666897,0.849681020,0.290499359,0.437015861,-0.160159141,-0.808508754,-1.154680371,0.849710405,0.032165267,-0.097005241,0.517249942,-0.031131303,-0.837363124,-1.209416986,0.837378204,0.022965237,-0.137836233,0.528461456,-0.075879529,-0.909847021,-1.055316925,0.858804345,0.052878711,-0.098827951,0.499891907
231,1015461,34895,moving,moving_A_to_B,-0.422112107,1.478522778,0.263272524,-0.046729922,0.855765998,0.284388959,0.429655463,-0.152198792,-0.831631541,-1.161856055,0.853371620,0.017094456,-0.104331084,0.510470152,-0.022106959,-0.853075981,-1.202528834,0.835793376,0.014980899,-0.142063543,0.530134916,-0.068571128,-0.922380090,-1.047375321,0.852242887,0.048985854,-0.088242859,0.513318300
232,1015643,35077,moving,moving_A_to_B,-0.420837998,1.479898810,0.255952239,-0.041546818,0.859299541,0.280895144,0.425412863,-0.149968266,-0.836039722,-1.150559783,0.846843123,0.015852248,-0.093861289,0.523254812,-0.020140607,-0.861619234,-1.193354607,0.827602267,0.013874822,-0.124996349,0.547044754,-0.068542674,-0.933837771,-1.044877529,0.851323009,0.044120174,-0.088872999,0.515173852
233,1015823,35257,moving,moving_A_to_B,-0.421423316,1.482263923,0.254008651,-0.037832130,0.861667812,0.280250341,0.421375245,-0.146985471,-0.829806745,-1.132831812,0.837939799,0.006776111,-0.106432609,0.535241127,-0.018195059,-0.871492863,-1.194081068,0.830181420,0.005035406,-0.132880896,0.541401982,-0.068536967,-0.937997758,-1.040128589,0.850499094,0.027981384,-0.102856562,0.515062094
234,1016003,35437,moving,moving_A_to_B,-0.425671458,1.485999107,0.256979585,-0.038041286,0.861358404,0.280669272,0.421710044,-0.146567449,-0.842758775,-1.141141653,0.842753947,0.007744870,-0.101556838,0.528575361,-0.017305862,-0.881285071,-1.198327780,0.834039748,0.002463187,-0.133202910,0.535377145,-0.067526713,-0.947487295,-1.042973399,0.853418350,0.036195137,-0.086138934,0.512783706
235,1016172,35606,moving,moving_A_to_B,-0.430963397,1.487630844,0.261099219,-0.038724873,0.862875104,0.278613120,0.419906765,-0.138211459,-0.853222191,-1.138514400,0.841373444,0.007933139,-0.098142929,0.531409264,-0.008495416,-0.882347941,-1.182996631,0.826856852,0.004332674,-0.125652954,0.548179030,-0.059103906,-0.955252647,-1.036488414,0.851446152,0.032057501,-0.086818956,0.516211450
236,1016350,35784,moving,moving_A_to_B,-0.435295224,1.487615108,0.262240052,-0.037253477,0.863713503,0.279620498,0.417640537,-0.134311885,-0.837025046,-1.114845991,0.835107386,0.003819884,-0.113984086,0.538134456,-0.005632332,-0.888435304,-1.186758399,0.828873515,0.003362434,-0.126443997,0.544948876,-0.057587918,-0.961485505,-1.040039420,0.854845703,0.035779472,-0.087472610,0.510203063
237,1016531,35965,moving,moving_A_to_B,-0.437710643,1.487655520,0.261193275,-0.034905802,0.864709020,0.280777156,0.414998889,-0.134905577,-0.838763654,-1.116941094,0.837289453,-0.002477274,-0.116504014,0.534197569,-0.005746897,-0.893085718,-1.190999627,0.836349010,-0.004317638,-0.134449422,0.531436741,-0.058687024,-0.954720318,-1.031684160,0.849759340,0.028222714,-0.085028008,0.519502521
238,1016712,36146,moving,moving_A_to_B,-0.438913703,1.488088369,0.257009745,-0.032937493,0.865045607,0.281009227,0.414300591,-0.138208359,-0.840386808,-1.118691325,0.836953461,-0.000709340,-0.103636079,0.537371457,-0.009699356,-0.893539429,-1.191230655,0.833457947,-0.004870351,-0.124969468,0.538244247,-0.062093094,-0.958419442,-1.035605788,0.850335479,0.026921110,-0.090868883,0.517636776
239,1016892,36326,moving,moving_A_to_B,-0.439094424,1.488434911,0.251656771,-0.033178318,0.865992546,0.280185789,0.412858456,-0.138261631,-0.851820588,-1.134839058,0.840019584,-0.000719942,-0.104285508,0.532438874,-0.008791538,-0.892948568,-1.191019177,0.833312690,-0.005989803,-0.137212753,0.535468638,-0.061603986,-0.956961453,-1.034792423,0.848456860,0.027490035,-0.086908475,0.521356165
240,1017060,36494,moving,moving_A_to_B,-0.438192248,1.488769770,0.247586131,-0.034598626,0.867310226,0.279683262,0.410308689,-0.131506279,-0.858406186,-1.148495078,0.850119948,-0.000137004,-0.094764426,0.517992079,-0.000671327,-0.890154064,-1.192380667,0.832854033,-0.006508907,-0.121189535,0.540023148,-0.054459237,-0.954949141,-1.038027525,0.851072848,0.024032511,-0.088978499,0.516894877
241,1017241,36675,moving,moving_A_to_B,-0.437460780,1.488927603,0.244834304,-0.035129551,0.867004454,0.279442340,0.411073238,-0.129164666,-0.862302005,-1.156832099,0.837829411,0.017113596,-0.060592040,0.542289257,0.002705544,-0.891506612,-1.199018598,0.832454920,-0.003325527,-0.125003129,0.539798081,-0.051650014,-0.953927994,-1.041726589,0.847830415,0.027726574,-0.083528399,0.522912920
242,1017419,36853,moving,moving_A_to_B,-0.437169194,1.488949418,0.242405534,-0.035687793,0.866861463,0.279352933,0.411387295,-0.122871116,-0.851747274,-1.147489786,0.842815638,0.001250822,-0.086569399,0.531193018,0.006682515,-0.880492806,-1.189198017,0.825834036,-0.001414229,-0.117481329,0.551538169,-0.046238244,-0.959463120,-1.050652385,0.858710051,0.027350999,-0.078007422,0.505750775
243,1017587,37021,moving,moving_A_to_B,-0.436886191,1.489133835,0.240906835,-0.036557615,0.867138922,0.278663814,0.411193609,-0.117110670,-0.847540021,-1.142758965,0.837981164,-0.001520272,-0.092093520,0.537869930,0.012303062,-0.882576883,-1.192219138,0.827422082,-0.001100149,-0.123063199,0.547929764,-0.040202793,-0.961418271,-1.052945375,0.856796384,0.025995661,-0.087461293,0.507518232
244,1017769,37203,moving,moving_A_to_B,-0.437035918,1.489271760,0.240514398,-0.036654990,0.867427886,0.278750151,0.410516322,-0.113856912,-0.860550344,-1.160832167,0.848462284,0.001562307,-0.086587697,0.522122502,0.017570153,-0.892093778,-1.204723835,0.833325446,-0.003976909,-0.117910236,0.540046453,-0.036605351,-0.954960704,-1.046953082,0.855009437,0.024572032,-0.081468023,0.511583865
245,1017948,37382,moving,moving_A_to_B,-0.437783122,1.489198685,0.240749359,-0.036249619,0.868023217,0.279227704,0.408966452,-0.106884025,-0.839387119,-1.135440350,0.841684461,-0.004101580,-0.115850240,0.527379632,0.023443885,-0.886889935,-1.199745893,0.832460582,-0.007958354,-0.120921358,0.540670097,-0.030774528,-0.955139518,-1.048738003,0.853880227,0.028441884,-0.078711301,0.513696611
246,1018129,37563,moving,moving_A_to_B,-0.438590169,1.489157438,0.241433144,-0.035462387,0.868683755,0.279697478,0.407308578,-0.101595990,-0.837851942,-1.132807136,0.839952648,-0.005382497,-0.107520372,0.531874120,0.029095765,-0.890778542,-1.203563929,0.834552407,-0.008462691,-0.121783584,0.537233114,-0.026091537,-0.953212023,-1.045625806,0.851843536,0.022452477,-0.080943406,0.517017066
247,1018296,37730,moving,moving_A_to_B,-0.439600825,1.488948226,0.242417455,-0.035468750,0.869263470,0.279729366,0.406047374,-0.097429775,-0.856252730,-1.155453444,0.846665561,-0.000285382,-0.079401657,0.526168168,0.034323350,-0.893476248,-1.205446243,0.836624146,-0.007691140,-0.127078936,0.532777548,-0.021599719,-0.960070670,-1.051868200,0.857889831,0.022517100,-0.082008749,0.506747067
248,1018476,37910,moving,moving_A_to_B,-0.441018224,1.488781810,0.243400455,-0.036416829,0.869334698,0.279902071,0.405691832,-0.090748824,-0.844632506,-1.141379833,0.841459930,-0.003541288,-0.096682385,0.531587541,0.039676562,-0.890744567,-1.202697039,0.832654297,-0.001986506,-0.121903859,0.540205836,-0.015093859,-0.954634905,-1.046627045,0.855238259,0.022465225,-0.082410701,0.511147082
249,1018656,38090,moving,moving_A_to_B,-0.441957831,1.488825083,0.243989348,-0.036151957,0.869173229,0.279924870,0.406045675,-0.088296533,-0.860709906,-1.160688639,0.849966407,0.002427780,-0.079223290,0.520840645,0.042399324,-0.888370991,-1.199260831,0.831862152,-0.003366475,-0.123127982,0.541141033,-0.011823907,-0.956844687,-1.048135281,0.852757394,0.030428438,-0.070709437,0.516603470
250,1018838,38272,moving,moving_A_to_B,-0.442768931,1.488969088,0.243772507,-0.036264047,0.868780673,0.279624969,0.407081068,-0.084751800,-0.843216181,-1.136306286,0.841523647,-0.003678834,-0.102479674,0.530398309,0.046832100,-0.894013882,-1.204968333,0.834379733,-0.008587563,-0.120074287,0.537883699,-0.007619534,-0.964395106,-1.055382013,0.859535456,0.027104320,-0.083213791,0.503527224
251,1019017,38451,moving,moving_A_to_B,-0.443024039,1.489121199,0.243659258,-0.036334090,0.868951976,0.279244006,0.406970620,-0.079061463,-0.857517838,-1.153678536,0.848711908,-0.003780746,-0.094727837,0.520288825,0.052454442,-0.887984276,-1.196660995,0.829386055,-0.006642274,-0.125939772,0.544255257,-0.001936007,-0.961659491,-1.051386356,0.858188331,0.024626210,-0.085842066,0.505507112
252,1019184,38618,moving,moving_A_to_B,-0.442896843,1.489141226,0.243696451,-0.036622182,0.869398355,0.278656751,0.406393677,-0.071161479,-0.867757499,-1.165856481,0.850372553,0.000158607,-0.070782602,0.521398544,0.059736259,-0.890174329,-1.197318554,0.830624878,-0.004917807,-0.118394196,0.544078112,0.005762983,-0.966920793,-1.055763483,0.857366323,0.026926691,-0.074322887,0.508600056
253,1019365,38799,moving,moving_A_to_B,-0.441972494,1.489490509,0.243352175,-0.036391582,0.869390309,0.278600335,0.406470239,-0.068255059,-0.846456110,-1.139220119,0.841749370,-0.005367993,-0.095087931,0.531401396,0.062800281,-0.890662849,-1.198184371,0.829580665,-0.005637676,-0.117307052,0.545896709,0.008556802,-0.965167880,-1.054469585,0.856058717,0.025411790,-0.075188406,0.510748982
254,1019559,38993,moving,moving_A_to_B,-0.440774083,1.489748001,0.242555499,-0.036150429,0.869549394,0.277938217,0.406604737,-0.063855529,-0.857540846,-1.152154207,0.841291606,-0.003193479,-0.098435372,0.531534314,0.067929409,-0.891574025,-1.198576093,0.831791580,-0.005374662,-0.130474761,0.539509356,0.013768312,-0.971118510,-1.059892416,0.859779179,0.027949367,-0.072989434,0.504649520
255,1019725,39159,moving,moving_A_to_B,-0.439210296,1.489945173,0.241296649,-0.035945028,0.869592607,0.277821541,0.406610161,-0.060381930,-0.850269794,-1.145057797,0.842978179,-0.007053611,-0.114807688,0.525506675,0.071362868,-0.892670453,-1.201880217,0.827710330,-0.002385283,-0.118730232,0.548446119,0.017287806,-0.968765080,-1.059914589,0.858449876,0.026736651,-0.079816751,0.505942941
256,1019934,39368,moving,moving_A_to_B,-0.437412143,1.490193963,0.240048766,-0.035408705,0.869943798,0.276918769,0.406521857,-0.055501528,-0.858554721,-1.154319286,0.843394995,0.000327971,-0.090363048,0.529640734,0.076585352,-0.894135356,-1.203113317,0.828259110,-0.002992568,-0.122433454,0.546797931,0.021786615,-0.967720807,-1.058189511,0.856310487,0.026473206,-0.070546612,0.510935009
257,1020142,39576,moving,moving_A_to_B,-0.436188340,1.490656257,0.238586545,-0.035335831,0.869684696,0.276150167,0.407603979,-0.050667435,-0.846952498,-1.138777494,0.830584586,-0.001348185,-0.093648441,0.548960209,0.080615647,-0.896737695,-1.206857085,0.829038918,-0.003943392,-0.125163913,0.544988990,0.027020928,-0.971609592,-1.062932849,0.861288190,0.030520612,-0.068350166,0.502572954
258,1020364,39798,moving,moving_A_to_B,-0.434914589,1.491323471,0.236666203,-0.035290480,0.869917095,0.274563909,0.408183128,-0.047101155,-0.877891541,-1.173674941,0.839254320,0.017423626,-0.051255204,0.541037440,0.084880300,-0.902042925,-1.209480047,0.829406917,-0.003562178,-0.123848267,0.544732094,0.030751899,-0.970171094,-1.058630824,0.852205276,0.030707082,-0.072988525,0.517180800
259,1020574,40008,moving,moving_A_to_B,-0.432563186,1.492058158,0.235108614,-0.033932533,0.870707810,0.272620112,0.407915145,-0.046468724,-0.870716095,-1.157929778,0.842589796,-0.002512677,-0.100730352,0.529045880,0.085848100,-0.903229237,-1.201202273,0.823868752,-0.009711141,-0.123517431,0.553072691,0.031747140,-0.979583025,-1.061119556,0.854552925,0.024974890,-0.077639624,0.512920737
260,1020783,40217,moving,moving_A_to_B,-0.430936694,1.492349863,0.234843373,-0.032095499,0.872266173,0.270754397,0.405972511,-0.041004516,-0.872993946,-1.151499152,0.837207794,-0.008368538,-0.097529776,0.538053095,0.091977745,-0.911286771,-1.200869918,0.827323854,-0.011580013,-0.125368208,0.547434032,0.035767041,-0.984636307,-1.057255387,0.851155221,0.023537142,-0.071862437,0.519438803
261,1020990,40424,moving,moving_A_to_B,-0.430236220,1.491969943,0.234326720,-0.031723756,0.872242928,0.270909488,0.405948162,-0.036107376,-0.871427715,-1.150252700,0.830180883,-0.003037101,-0.077170588,0.552118778,0.095818385,-0.911500692,-1.201929450,0.826968193,-0.011924539,-0.129184797,0.547076523,0.040422663,-0.987192631,-1.061464071,0.856639683,0.025791489,-0.062911682,0.511415064
262,1021199,40633,moving,moving_A_to_B,-0.429138064,1.492061853,0.233008742,-0.030715514,0.873035014,0.269436926,0.405302584,-0.029865094,-0.891311586,-1.168517351,0.833674550,0.006349135,-0.056434434,0.549328387,0.102144942,-0.916841984,-1.202654481,0.828018963,-0.013426417,-0.132177740,0.544732273,0.046492919,-0.991079092,-1.060392022,0.851085365,0.024533000,-0.067517020,0.520089686
263,1021407,40841,moving,moving_A_to_B,-0.428059697,1.492141962,0.231904030,-0.029916706,0.873673260,0.268507004,0.404603541,-0.024004688,-0.882331431,-1.153793335,0.840882123,-0.009222168,-0.097925954,0.532205522,0.107903197,-0.913923979,-1.192838550,0.818528175,-0.009522053,-0.113862880,0.562988698,0.053158760,-0.996511340,-1.062112689,0.852601409,0.025826324,-0.059015401,0.518576026
264,1021615,41049,moving,moving_A_to_B,-0.427318215,1.491836548,0.231327176,-0.030225495,0.873947024,0.268700600,0.403860182,-0.015833648,-0.882763922,-1.157265902,0.839165092,-0.009010856,-0.079685040,0.537932277,0.116940230,-0.921447396,-1.206234813,0.826675057,-0.012905979,-0.127010256,0.548005641,0.059946693,-0.989412010,-1.058286548,0.850861430,0.024148021,-0.068348095,0.520365655
265,1021837,41271,moving,moving_A_to_B,-0.426426291,1.491658807,0.231752753,-0.029378489,0.874307632,0.268932760,0.402986676,-0.012537681,-0.879761994,-1.153603196,0.839203179,-0.011404040,-0.091067344,0.536017537,0.119935945,-0.920114875,-1.203553081,0.827309191,-0.015379119,-0.128604606,0.546611071,0.063929483,-0.995690107,-1.063991427,0.859115541,0.022597846,-0.062996089,0.507386744
266,1022046,41480,moving,moving_A_to_B,-0.425533652,1.492085934,0.232255578,-0.028104277,0.875041842,0.267359555,0.402530491,-0.004626531,-0.911946356,-1.182678699,0.838907599,0.008971660,-0.048890203,0.541999400,0.125431359,-0.917209208,-1.190587521,0.817720413,-0.014600986,-0.119942829,0.562791109,0.070838317,-0.998625159,-1.059054613,0.848296583,0.025864799,-0.059301846,0.525554180
267,1022268,41702,moving,moving_A_to_B,-0.426296353,1.491757989,0.233008027,-0.028818009,0.875263393,0.267625868,0.401820749,0.001412600,-0.883750260,-1.150706053,0.835795820,-0.010017381,-0.082540274,0.542708099,0.135320649,-0.929900348,-1.208180666,0.828170717,-0.015480820,-0.122349277,0.546739697,0.078523338,-1.002145052,-1.064106584,0.856949270,0.019749489,-0.070123918,0.510225952
268,1022477,41911,moving,moving_A_to_B,-0.428278446,1.491692305,0.234369993,-0.028668625,0.876499295,0.265616417,0.400468618,0.010155473,-0.896101117,-1.153905392,0.839650512,-0.013326173,-0.080714591,0.536930621,0.143179789,-0.931524694,-1.197197795,0.824602783,-0.016696030,-0.122395538,0.552060664,,,,,,,
269,1022684,42118,moving,moving_A_to_B,-0.430253983,1.491544604,0.234219790,-0.028471595,0.876569033,0.265452623,0.400438577,0.008902647,-0.875268877,-1.125538588,0.827400506,-0.009888188,-0.095681109,0.553313375,0.143590674,-0.933279932,-1.195420146,0.823252499,-0.015008147,-0.121246316,0.554373026,,,,,,,
270,1022893,42327,moving,moving_A_to_B,-0.431423306,1.491681099,0.234502673,-0.027072657,0.877301574,0.265034378,0.399206489,0.010137308,-0.890467167,-1.137430668,0.829629838,-0.011546720,-0.089869574,0.550912380,0.144894063,-0.941285849,-1.197011471,0.823014438,-0.014704240,-0.121836394,0.554605186,,,,,,,
271,1023102,42536,moving,moving_A_to_B,-0.432202935,1.491175890,0.235066772,-0.025367878,0.877903044,0.265969187,0.397370189,0.009560101,-0.880516648,-1.125935674,0.828021228,-0.019306742,-0.101504527,0.551094294,0.146012083,-0.944684029,-1.200148344,0.827727675,-0.021411829,-0.123350821,0.546985447,,,,,,,
272,1023323,42757,moving,moving_A_to_B,-0.433657289,1.490558386,0.234665394,-0.026532585,0.877794683,0.266455948,0.397207469,0.015981477,-0.903324962,-1.155282021,0.830499411,-0.003466294,-0.065227799,0.553176343,0.148866937,-0.932543755,-1.189098477,0.819612980,-0.021367285,-0.112963840,0.561264038,,,,,,,
273,1023533,42967,moving,moving_A_to_B,-0.434547067,1.490081549,0.233829141,-0.027666835,0.877547860,0.267862886,0.396728903,0.025472812,-0.908785105,-1.171164751,0.839812219,-0.003438767,-0.053665895,0.540206969,0.158025295,-0.933124065,-1.199805617,0.824921489,-0.016756779,-0.114094108,0.553359091,,,,,,,
274,1023741,43175,moving,moving_A_to_B,-0.434530616,1.490361094,0.232763410,-0.027387790,0.877347410,0.267687201,0.397309691,0.028130442,-0.919774055,-1.186245322,0.848620892,0.001357264,-0.058166474,0.525792122,0.162465051,-0.940719724,-1.210763931,0.827969670,-0.020381961,-0.113244712,0.548840940,,,,,,,
275,1023949,43383,moving,moving_A_to_B,-0.435644507,1.489601135,0.232891679,-0.028956102,0.876590610,0.269235581,0.397822440,0.027692497,-0.912856102,-1.186906695,0.844267905,0.005044557,-0.044907130,0.534012854,0.159093201,-0.924335599,-1.200380564,0.826711655,-0.017197244,-0.126378104,0.547978818,0.102431566,-1.005608082,-1.067169905,0.858578324,0.015204573,-0.063722737,0.508479536
276,1024170,43604,moving,moving_A_to_B,-0.436810851,1.489820957,0.232615352,-0.029846670,0.876231074,0.268695116,0.398912549,0.027391758,-0.902373791,-1.173271537,0.850779474,-0.013024157,-0.082484245,0.518845975,0.158883393,-0.922985554,-1.197585106,0.823318243,-0.018904673,-0.124327295,0.553472996,0.103021488,-1.008503318,-1.069086552,0.856553197,0.023318069,-0.053310882,0.512767911
277,1024380,43814,moving,moving_A_to_B,-0.437402129,1.489744186,0.232656240,-0.030167166,0.876172543,0.269319504,0.398595870,0.029888716,-0.900706410,-1.174353361,0.849988580,-0.013798897,-0.073023409,0.521532953,0.161623359,-0.922530890,-1.198795795,0.826004982,-0.017205147,-0.123911358,0.549604952,0.103680268,-1.000111580,-1.062159777,0.855537891,0.017253848,-0.062890187,0.513616681
278,1024589,44023,moving,moving_A_to_B,-0.437425733,1.490260363,0.232217789,-0.030097591,0.876380920,0.268834323,0.398470461,0.030935906,-0.863232970,-1.124538302,0.829075158,-0.015729349,-0.094983846,0.550786018,0.168139338,-0.928765893,-1.203570008,0.823598981,-0.013325823,-0.113258891,0.555589437,0.111129478,-1.009194255,-1.069363594,0.857726812,0.024461914,-0.049876247,0.511095703
279,1024796,44230,moving,moving_A_to_B,-0.437581182,1.490898013,0.231564760,-0.028838573,0.876616359,0.267924428,0.398658574,0.036377072,-0.909385383,-1.177257895,0.852672279,-0.012956396,-0.078455456,0.516359329,0.169179484,-0.934609592,-1.206554413,0.824964523,-0.012233091,-0.115247898,0.553174257,0.122191355,-1.082184076,-1.137898922,0.862133682,-0.003880489,-0.042580731,0.504873514
280,1025004,44438,moving,moving_A_to_B,-0.438111424,1.490811348,0.230193496,-0.029586116,0.876249373,0.268180251,0.399238080,0.033501901,-0.865270615,-1.127522111,0.828564763,-0.015401085,-0.091297045,0.552184820,0.169985697,-0.924918652,-1.199877977,0.823721528,-0.018025076,-0.112198479,0.555490196,0.112434909,-1.005822778,-1.065678716,0.854056716,0.026016498,-0.043804180,0.517678976
281,1025212,44646,moving,moving_A_to_B,-0.438506246,1.490728855,0.229010940,-0.030160330,0.875973165,0.268684655,0.399462134,0.040631346,-0.904219747,-1.180482507,0.840106845,0.004614834,-0.057711694,0.539322436,0.172701269,-0.920438707,-1.201007605,0.824221611,-0.013083581,-0.109098516,0.555504322,0.116716236,-1.005447865,-1.072059512,0.857877731,0.025614323,-0.046587352,0.511096299
282,1025435,44869,moving,moving_A_to_B,-0.438014150,1.490293503,0.227977157,-0.028176688,0.875661552,0.271238118,0.398563445,0.036348224,-0.864029944,-1.140993118,0.836273372,-0.016628591,-0.108462021,0.537220955,0.172433600,-0.920190215,-1.209700465,0.826179683,-0.015037009,-0.117496215,0.550813675,0.117226958,-1.007678509,-1.081637621,0.864991724,0.020987350,-0.056323394,0.498173207
283,1025643,45077,moving,moving_A_to_B,-0.438151956,1.490417600,0.227336526,-0.028814366,0.875834286,0.270748705,0.398470998,0.046550684,-0.904816151,-1.190269709,0.842577338,0.005624280,-0.056976900,0.535523593,0.178564295,-0.921952844,-1.211937308,0.827425480,-0.013826878,-0.114839897,0.549534082,0.123293683,-1.007007480,-1.081387997,0.857647181,0.029704554,-0.042930540,0.511581898
284,1025852,45286,moving,moving_A_to_B,-0.437457204,1.490592957,0.227161050,-0.029274538,0.876396656,0.270599842,0.397300452,0.050788850,-0.876146913,-1.155759335,0.837921917,-0.011294643,-0.080613732,0.539685786,0.187934935,-0.929066300,-1.221055984,0.831995487,-0.016211238,-0.116591416,0.542150617,0.129442081,-1.004542232,-1.078947306,0.858992219,0.022264419,-0.055292033,0.508507192
285,1026059,45493,moving,moving_A_to_B,-0.437086701,1.490601659,0.226188421,-0.029974384,0.876604915,0.270669103,0.396741271,0.058711454,-0.903429747,-1.192469597,0.845569074,0.007014076,-0.052771129,0.531205297,0.190884709,-0.920936465,-1.215010643,0.828218102,-0.014295056,-0.112336926,0.548844993,0.134817630,-1.002353549,-1.080573559,0.860739529,0.022402689,-0.054366440,0.505638182
286,1026283,45717,moving,moving_A_to_B,-0.436876178,1.490917802,0.224742532,-0.030245719,0.876603544,0.270606011,0.396766663,0.061570600,-0.901103556,-1.193429708,0.846640110,0.005631305,-0.059077516,0.528846502,0.193879440,-0.918166935,-1.215735435,0.829055429,-0.014465027,-0.113825366,0.547267437,0.138405249,-1.004345775,-1.085721970,0.859447598,0.027504999,-0.044853851,0.508509040
287,1026490,45924,moving,moving_A_to_B,-0.437821269,1.490964174,0.222562790,-0.030478654,0.875769138,0.270726681,0.398505390,0.056445189,-0.865734100,-1.154504180,0.839002550,-0.011222085,-0.107954971,0.533192813,0.193831503,-0.917351842,-1.220180154,0.827941418,-0.010975800,-0.117945381,0.548161864,0.138640866,-0.999293327,-1.085132003,0.866164684,0.023348941,-0.064592145,0.495016605
288,1026698,46132,moving,moving_A_to_B,-0.438867927,1.490880847,0.220846295,-0.030254884,0.875473499,0.271376461,0.398730010,0.059918344,-0.864990652,-1.156426907,0.836431980,-0.010351349,-0.093038544,0.540016830,0.198253080,-0.923201799,-1.231687307,0.832971990,-0.011911220,-0.119229615,0.540185273,0.143068522,-1.002971411,-1.092798710,0.870224357,0.025542781,-0.064235613,0.487781644
289,1026921,46355,moving,moving_A_to_B,-0.440178752,1.491033792,0.218672514,-0.029610060,0.875818253,0.271625489,0.397850722,0.059575886,-0.857650578,-1.147779703,0.834655702,-0.009748866,-0.099612869,0.541601360,0.196539149,-0.913405299,-1.219112635,0.827611446,-0.012707775,-0.120015062,0.548173547,0.143693477,-1.005011201,-1.094478846,0.864869535,0.029534124,-0.054422785,0.498163223
290,1027115,46549,moving,moving_A_to_B,-0.442153573,1.491247892,0.215223670,-0.029697547,0.876586556,0.271438420,0.396276742,0.062030748,-0.857039928,-1.146651506,0.832747281,-0.010272071,-0.092899263,0.545706987,0.200198814,-0.917514563,-1.224272370,0.829848230,-0.012637300,-0.118663296,0.545079231,0.144626603,-0.998733997,-1.088407755,0.862582803,0.024353173,-0.062621608,0.501434386
291,1027323,46757,moving,moving_A_to_B,-0.443636537,1.491534829,0.212478280,-0.030093880,0.877436221,0.270915687,0.394721121,0.073924258,-0.911266923,-1.214634180,0.859830856,0.003528074,-0.064615913,0.506461442,0.204770580,-0.917082608,-1.223096848,0.831068277,-0.012651585,-0.119262837,0.543085456,0.149674878,-1.001175523,-1.091151476,0.866052508,0.028510811,-0.047566716,0.496867776
292,1027545,46979,moving,moving_A_to_B,-0.445268869,1.491232634,0.210443020,-0.031045565,0.877513528,0.271914214,0.393787801,0.080392003,-0.909896314,-1.219929099,0.851996839,0.010557571,-0.045774456,0.521434963,0.211393490,-0.913838327,-1.227463007,0.832651317,-0.011313837,-0.116474509,0.541292429,0.156990081,-1.002788305,-1.099272013,0.865818441,0.033092976,-0.049995348,0.496753305
293,1027754,47188,moving,moving_A_to_B,-0.445981860,1.491146684,0.207491517,-0.031853911,0.877226233,0.271827042,0.394423038,0.073550217,-0.853961706,-1.155094504,0.832507312,-0.007767750,-0.082505353,0.547781050,0.211574435,-0.910258651,-1.227849603,0.831180334,-0.010919540,-0.113168776,0.544254422,0.157923087,-1.000286460,-1.101129651,0.870228231,0.026501950,-0.054862179,0.488866597
294,1027976,47410,moving,moving_A_to_B,-0.446021318,1.491720796,0.204128385,-0.033043209,0.876878619,0.270421684,0.396060795,0.077720389,-0.893334746,-1.203520179,0.840445936,0.013629240,-0.049188815,0.539486289,0.211116910,-0.911981225,-1.230546594,0.830033004,-0.010030152,-0.119284064,0.544716477,0.156548709,-0.997279048,-1.098619461,0.862039745,0.029952915,-0.051396970,0.503337562
295,1028185,47619,moving,moving_A_to_B,-0.445659280,1.492202640,0.200742841,-0.034222778,0.876677394,0.269326985,0.397150457,0.074748471,-0.863327086,-1.168863773,0.840991080,-0.004456634,-0.091784790,0.533188283,0.212920174,-0.914606690,-1.234829903,0.828239799,-0.009188147,-0.109034434,0.549587071,0.157924145,-0.998988152,-1.102119327,0.866354585,0.032020718,-0.048259970,0.496059865
296,1028392,47826,moving,moving_A_to_B,-0.445084929,1.492513895,0.198850036,-0.034146536,0.876772821,0.268660426,0.397397846,0.081706405,-0.875629544,-1.186096549,0.843773663,-0.003789762,-0.082982354,0.530231595,0.217817798,-0.912620068,-1.235291958,0.832261503,-0.010652211,-0.120904572,0.540933847,0.162913889,-0.996866643,-1.101922631,0.863245010,0.027703438,-0.056490093,0.500848711
297,1028615,48049,moving,moving_A_to_B,-0.444773912,1.492232800,0.197218180,-0.035037924,0.876091123,0.269387662,0.398330271,0.087284096,-0.860451818,-1.176093817,0.839564323,-0.002259783,-0.097194307,0.534490407,0.224689171,-0.907059431,-1.238642335,0.830493808,-0.009744753,-0.116664119,0.544586599,0.172153115,-0.996037245,-1.110584974,0.864722371,0.033784289,-0.049678344,0.498644114
298,1028823,48257,moving,moving_A_to_B,-0.444932103,1.491526365,0.196068764,-0.035738233,0.875271499,0.270349741,0.399416596,0.100107998,-0.899139285,-1.235348701,0.851585031,0.017397655,-0.060014307,0.520479202,0.231576547,-0.904684186,-1.246218920,0.828178823,-0.006294974,-0.112052552,0.549112439,0.178426579,-0.990929008,-1.114591360,0.866941571,0.034162447,-0.058421455,0.493793637
299,1029031,48465,moving,moving_A_to_B,-0.445403576,1.490990639,0.195646763,-0.036391381,0.874369264,0.271147192,0.400790721,0.099606976,-0.886840343,-1.226838827,0.846096575,0.013517255,-0.051917575,0.530322969,0.231511250,-0.899322510,-1.246944547,0.831422150,-0.007553565,-0.114291996,0.543707192,0.178303763,-0.986036062,-1.116080642,0.869700670,0.032083705,-0.058305681,0.489072442
300,1029240,48674,moving,moving_A_to_B,-0.445512295,1.490887523,0.195379972,-0.035989974,0.873965681,0.271529585,0.401447892,0.095906809,-0.871164441,-1.209207416,0.845257938,0.000650184,-0.065825596,0.530288219,0.229824200,-0.900309920,-1.249420881,0.827814579,-0.007080046,-0.109254219,0.550215006,0.177324101,-0.990331411,-1.121762872,0.869449258,0.033237521,-0.055517472,0.489766389
301,1029462,48896,moving,moving_A_to_B,-0.446440935,1.490846395,0.194359183,-0.037508547,0.873417258,0.271471441,0.402540237,0.100038618,-0.885826945,-1.231336117,0.849277437,0.020437494,-0.046751037,0.525475681,0.231827423,-0.896383464,-1.249007821,0.827920794,-0.006743026,-0.112287968,0.549448073,0.179072276,-0.982350826,-1.117641330,0.868250012,0.030293858,-0.066077717,0.490772754
302,1029670,49105,moving,moving_A_to_B,-0.447448134,1.490816593,0.192459226,-0.039188042,0.872842252,0.271174192,0.403825790,0.097114116,-0.847308934,-1.185936451,0.842245758,0.003909148,-0.100052640,0.529713511,0.237022355,-0.898371935,-1.258351326,0.830942035,0.000876775,-0.107100017,0.545952559,0.184088111,-0.979079545,-1.118830562,0.869657516,0.031862814,-0.071288131,0.487440825
303,1029880,49314,moving,moving_A_to_B,-0.447903633,1.491042376,0.190984368,-0.039180025,0.872713327,0.271034241,0.404199034,0.107094556,-0.882303059,-1.231597781,0.848879695,0.020973640,-0.058192000,0.524954379,0.242377207,-0.903200865,-1.265449405,0.832375586,0.001553393,-0.111609399,0.542855322,0.189598814,-0.986824155,-1.127884746,0.865816474,0.046655159,-0.043475524,0.496281207
304,1030087,49521,moving,moving_A_to_B,-0.448273301,1.491357088,0.189226031,-0.038954567,0.872356594,0.271245807,0.404848367,0.109965578,-0.884493113,-1.238783121,0.851054192,0.017528385,-0.070127904,0.520078480,0.243415400,-0.898126006,-1.262903094,0.832651198,0.000773234,-0.110916570,0.542576194,0.191508979,-0.982788444,-1.127169609,0.869724870,0.037884101,-0.059594527,0.488458723
305,1030295,49729,moving,moving_A_to_B,-0.448927641,1.491435647,0.187484860,-0.040390372,0.872039914,0.270729184,0.405734777,0.112415418,-0.854110241,-1.202667475,0.845590830,0.007617030,-0.093609221,0.525505006,0.250875950,-0.895635247,-1.263920665,0.832778871,0.000942767,-0.113742605,0.541794360,0.200054154,-0.982106090,-1.130594611,0.870780468,0.037562810,-0.063865580,0.486057192
306,1030504,49938,moving,moving_A_to_B,-0.449315786,1.491424203,0.186764240,-0.040943291,0.871184468,0.270661622,0.407558143,0.115990594,-0.851432920,-1.202412367,0.842290878,0.010917127,-0.093250461,0.530783713,0.255024850,-0.895065665,-1.268260121,0.834209979,0.003615619,-0.108729884,0.540609360,0.205805317,-0.984209299,-1.136558652,0.864189148,0.054628577,-0.041185133,0.498494357
307,1030713,50147,moving,moving_A_to_B,-0.449879289,1.491325855,0.186496496,-0.041529287,0.870351732,0.270707965,0.409243733,0.118458837,-0.845378399,-1.198024273,0.840748370,0.010364566,-0.098669022,0.532258630,0.259856462,-0.896757185,-1.274974465,0.833160579,0.007332671,-0.103730217,0.543166399,0.210045010,-0.980910659,-1.136508346,0.872911394,0.043724943,-0.067604281,0.481189668
308,1030935,50369,moving,moving_A_to_B,-0.450163126,1.491283417,0.187220335,-0.041771889,0.870460987,0.270777166,0.408940703,0.124398530,-0.837980390,-1.188508391,0.837870061,0.011416209,-0.094553024,0.537497103,0.264736533,-0.888303578,-1.264163017,0.829086006,0.008667251,-0.111287348,0.547865272,0.218020484,-0.984189868,-1.140812993,0.864874721,0.054833099,-0.043231651,0.497107744
309,1031144,50578,moving,moving_A_to_B,-0.450253367,1.491135597,0.188589334,-0.041926917,0.870680869,0.271100670,0.408241808,0.133204594,-0.842727840,-1.194995642,0.839770496,0.012494885,-0.092314668,0.534890115,0.274625897,-0.892018676,-1.268860936,0.830097198,0.008473359,-0.107448280,0.547102928,0.226608381,-0.985531688,-1.142596841,0.865659952,0.054404330,-0.041967422,0.495894879
310,1031364,50798,moving,moving_A_to_B,-0.451080918,1.491008162,0.189933181,-0.042252045,0.870598376,0.271539241,0.408092797,0.138284862,-0.833417833,-1.184081793,0.837566555,0.009611724,-0.094104066,0.538083851,0.282235324,-0.893326521,-1.271967530,0.827906013,0.009091931,-0.102174968,0.551406562,0.233641431,-0.982991219,-1.141876101,0.875692308,0.042545095,-0.071589395,0.475634128
311,1031575,51009,moving,moving_A_to_B,-0.451534867,1.491056204,0.190940142,-0.041704755,0.870620966,0.271719992,0.407980531,0.157798946,-0.879791439,-1.243821859,0.847839296,0.028712936,-0.047618635,0.527329743,0.291765869,-0.895381927,-1.275128007,0.829058588,0.008147533,-0.102374420,0.549649894,0.244024470,-0.986372590,-1.146021008,0.873036742,0.053504992,-0.052318580,0.481878400
312,1031794,51228,moving,moving_A_to_B,-0.452559471,1.491006851,0.191311121,-0.042153444,0.870466530,0.272060812,0.408036828,0.153716534,-0.837961555,-1.192718148,0.838589728,0.013766289,-0.094251677,0.536371529,0.297900677,-0.892965913,-1.276179552,0.831554830,0.010620959,-0.103851512,0.545544386,0.253093541,-0.992039621,-1.154632092,0.872784019,0.058972400,-0.046848785,0.482260883
313,1032004,51438,moving,moving_A_to_B,-0.453538537,1.490902662,0.191155553,-0.042646877,0.870345592,0.272176117,0.408166707,0.172175154,-0.892817140,-1.266980052,0.858758628,0.032068718,-0.043047972,0.509560764,0.301900744,-0.892721117,-1.276611924,0.829301417,0.008853411,-0.099692918,0.549765527,0.255206943,-0.985910356,-1.149998069,0.874027371,0.048277684,-0.059584804,0.479786545
314,1032226,51660,moving,moving_A_to_B,-0.455827713,1.490368724,0.189682364,-0.044824958,0.869746327,0.272307843,0.409121633,0.163329259,-0.838647842,-1.202546954,0.842232108,0.016150190,-0.089107916,0.531454742,0.306377053,-0.889590621,-1.281064630,0.831559181,0.012775585,-0.106091201,0.545060396,0.258710206,-0.977428436,-1.147489190,0.873094678,0.049621683,-0.066349536,0.480459303
315,1032436,51870,moving,moving_A_to_B,-0.458673120,1.489930153,0.186583877,-0.046137396,0.868808210,0.272527725,0.410819054,0.175448716,-0.883335471,-1.270150185,0.857313097,0.036857374,-0.055316098,0.510486126,0.306232095,-0.884666502,-1.283544540,0.833137572,0.014877549,-0.096426830,0.544391632,0.259115398,-0.973685265,-1.150595903,0.871837854,0.051877279,-0.062660426,0.482991844
316,1032644,52078,moving,moving_A_to_B,-0.461722374,1.489763379,0.182099938,-0.046144031,0.868675172,0.273182064,0.410664946,0.161154270,-0.833440602,-1.207858920,0.842217922,0.020290129,-0.089767896,0.531224132,0.305577278,-0.886320293,-1.290218949,0.831769228,0.019370031,-0.097710103,0.546111286,0.260814607,-0.983729661,-1.165596724,0.874084651,0.064398162,-0.042013310,0.479649663
317,1032851,52285,moving,moving_A_to_B,-0.464975238,1.490022063,0.176905751,-0.046266228,0.868646622,0.272763819,0.410989583,0.158274800,-0.833631277,-1.209262252,0.843694687,0.018114189,-0.090594694,0.528813601,0.299862504,-0.879516184,-1.282662988,0.829552650,0.013024941,-0.102714024,0.548746467,0.254242003,-0.972398758,-1.154750824,0.869574428,0.053820800,-0.056751002,0.487568468
318,1033059,52493,moving,moving_A_to_B,-0.468035817,1.490062714,0.170986414,-0.047228314,0.868018448,0.272548020,0.412348270,0.153032705,-0.834228992,-1.215790272,0.845635712,0.017562261,-0.091201656,0.525617898,0.293999255,-0.877846539,-1.286468744,0.829293966,0.013924924,-0.103206791,0.549022794,0.247563794,-0.967878103,-1.155259490,0.874663949,0.048877951,-0.067063838,0.477573425
319,1033283,52717,moving,moving_A_to_B,-0.470399022,1.490259051,0.164673209,-0.047488533,0.868045211,0.272000372,0.412623614,0.159155428,-0.863965750,-1.257940650,0.851423562,0.038272027,-0.053299334,0.520357907,0.305129409,-0.913722157,-1.340309858,0.847268581,0.019842830,-0.126769185,0.515433609,0.247753546,-0.970084906,-1.160304785,0.874315619,0.057336375,-0.058380734,0.478410363
320,1033489,52923,moving,moving_A_to_B,-0.473166347,1.490381241,0.158186197,-0.048997082,0.867967963,0.270749420,0.413431615,0.153710604,-0.832020164,-1.219714761,0.843654335,0.025264215,-0.092871584,0.528189301,0.292842805,-0.868980348,-1.284508348,0.832779646,0.017519759,-0.112323195,0.541806877,0.251009285,-0.968867183,-1.163963556,0.871904016,0.063259393,-0.052538197,0.482722849
321,1033698,53132,moving,moving_A_to_B,-0.475065708,1.490173101,0.152012587,-0.051041558,0.866166353,0.270237118,0.417279899,0.147814631,-0.820800185,-1.214538813,0.841346145,0.027667990,-0.095812075,0.531216800,0.300363421,-0.897541642,-1.337447405,0.845592678,0.026758501,-0.139966950,0.514457285,0.246882066,-0.958784163,-1.163855314,0.870830834,0.063258395,-0.062527023,0.483469129
322,1033907,53341,moving,moving_A_to_B,-0.476463437,1.490125895,0.144956231,-0.053253043,0.863673031,0.269490153,0.422620505,0.139372528,-0.816432238,-1.222040176,0.841217220,0.032876845,-0.096097387,0.531072378,0.294485033,-0.903353214,-1.363589406,0.847859681,0.036735728,-0.128300577,0.513150454,0.239716694,-0.954290628,-1.173504233,0.874490023,0.069214143,-0.065708794,0.475561738
323,1034115,53549,moving,moving_A_to_B,-0.476563811,1.490025282,0.139529705,-0.054586120,0.862762928,0.269023597,0.424601942,0.146099895,-0.855516613,-1.284702063,0.854346275,0.054878134,-0.053398244,0.514032602,0.290589511,-0.897114158,-1.363842726,0.845327079,0.037098892,-0.126674801,0.517686486,0.235614970,-0.947138190,-1.172257543,0.875031114,0.063813485,-0.079672977,0.473181367
324,1034323,53757,moving,moving_A_to_B,-0.475383520,1.489983797,0.136311173,-0.054282177,0.862744033,0.268424034,0.425058484,0.150054067,-0.860395730,-1.294253111,0.860626936,0.049662553,-0.060735274,0.503156185,0.285885453,-0.874374807,-1.333629847,0.837124884,0.038315441,-0.138074696,0.527910292,0.239708915,-0.949403524,-1.177403092,0.874122620,0.065968074,-0.077275611,0.474959284
325,1034531,53965,moving,moving_A_to_B,-0.473685861,1.490391731,0.135556936,-0.053746972,0.863441825,0.267537385,0.424267888,0.146608591,-0.815845191,-1.227629066,0.841778457,0.036667142,-0.090145126,0.530978739,0.301781237,-0.901133299,-1.369474530,0.847001612,0.037474509,-0.134259224,0.512989759,0.247817174,-0.952121675,-1.178601027,0.869609535,0.072673887,-0.068506859,0.483533502
326,1034740,54174,moving,moving_A_to_B,-0.472261906,1.490679026,0.135427713,-0.053340614,0.863654971,0.267122686,0.424146652,0.152384341,-0.818180919,-1.230933189,0.839934349,0.035098005,-0.096482381,0.532887876,0.301894367,-0.884315133,-1.343813896,0.837839365,0.037866291,-0.138787851,0.526620626,0.253688812,-0.953490376,-1.180118561,0.868369520,0.070011608,-0.071628809,0.485697478
327,1034948,54382,moving,moving_A_to_B,-0.471002102,1.490974545,0.135925889,-0.052676369,0.864284337,0.266449809,0.423370212,0.170415744,-0.874086857,-1.306476474,0.860539734,0.051485281,-0.059097264,0.503317237,0.305940151,-0.881972432,-1.335358977,0.833912849,0.035637442,-0.135367796,0.533849120,0.256792486,-0.953414083,-1.176545143,0.870508254,0.061684106,-0.071579792,0.482997775
328,1035143,54577,moving,moving_A_to_B,-0.469451070,1.491129875,0.137600780,-0.051838852,0.865176201,0.266420096,0.421667218,0.163469583,-0.819367170,-1.226684809,0.836443603,0.028790258,-0.099383168,0.538197279,0.316592574,-0.894960403,-1.350346088,0.829976320,0.029625881,-0.110460654,0.545948863,0.264927745,-0.959354997,-1.179841042,0.869326055,0.063447341,-0.066008396,0.485684603
329,1035351,54785,moving,moving_A_to_B,-0.467219472,1.491429925,0.140164018,-0.050977126,0.865962029,0.266058058,0.420385838,0.173793048,-0.824339628,-1.229107261,0.841757238,0.029445378,-0.101356864,0.529437959,0.325387597,-0.889781356,-1.336371422,0.829492807,0.034867164,-0.125689074,0.543072879,0.274781704,-0.961285710,-1.177940011,0.870256245,0.057257701,-0.070786104,0.484112561
330,1035559,54993,moving,moving_A_to_B,-0.464377284,1.491483212,0.143723011,-0.050192263,0.865706146,0.267029762,0.420391172,0.194657728,-0.866976500,-1.290536523,0.848467767,0.045462187,-0.052194711,0.524701178,0.338995099,-0.905858397,-1.362103581,0.842746437,0.026555117,-0.136861354,0.519944549,0.285186052,-0.967156827,-1.187500477,0.868760288,0.065164402,-0.065578766,0.486527026
331,1035753,55187,moving,moving_A_to_B,-0.461618185,1.491704464,0.147186875,-0.049884856,0.865288854,0.266903639,0.421365738,0.197274104,-0.861826777,-1.282946944,0.845576048,0.044589203,-0.048844889,0.529742539,0.348162889,-0.918286085,-1.378550053,0.846677125,0.028867790,-0.130076528,0.515154958,0.287941515,-0.964264154,-1.184315920,0.874686301,0.057774097,-0.072546840,0.475734204
332,1035962,55396,moving,moving_A_to_B,-0.459202170,1.491677999,0.150543213,-0.049496662,0.864807010,0.266819775,0.422452569,0.200361952,-0.864970684,-1.286718965,0.848869920,0.041921940,-0.053365774,0.524227619,0.347406268,-0.910958409,-1.366309762,0.841635585,0.024595220,-0.132300988,0.523011386,0.291757047,-0.970229268,-1.189909697,0.866807163,0.063060865,-0.057977948,0.491230279
333,1036171,55605,moving,moving_A_to_B,-0.458061337,1.491811991,0.153096437,-0.048569188,0.864047289,0.266860306,0.424086004,0.207926095,-0.873975039,-1.299313188,0.854902983,0.041064676,-0.069860876,0.512419879,0.354913831,-0.919446588,-1.378964543,0.846700549,0.027328014,-0.124074489,0.516678751,0.297464848,-0.970427394,-1.190312743,0.865623236,0.062916428,-0.065424278,0.492399842
334,1036336,55770,moving,moving_A_to_B,-0.458698392,1.491627574,0.153726220,-0.049728226,0.863074899,0.267095566,0.425780296,0.215094894,-0.866333961,-1.296013951,0.845615327,0.046615448,-0.055168476,0.528883934,0.357071280,-0.895188093,-1.354692221,0.834255159,0.031074882,-0.124495447,0.536240280,0.306730211,-0.965500712,-1.193456173,0.870918751,0.066803709,-0.063906141,0.482652903
335,1036518,55952,moving,moving_A_to_B,-0.459534764,1.491212845,0.154057622,-0.050553638,0.862891376,0.267150402,0.426020563,0.224912569,-0.867753863,-1.306511164,0.855962992,0.045886483,-0.062738270,0.511161089,0.368143380,-0.898719788,-1.368813992,0.836325049,0.039029974,-0.123479463,0.532719433,0.317458749,-0.964702249,-1.200341225,0.871087611,0.070751138,-0.071705654,0.480685920
336,1036686,56120,moving,moving_A_to_B,-0.460069299,1.491022944,0.155091405,-0.050504953,0.862814724,0.267588258,0.425906748,0.216151044,-0.826810956,-1.250913501,0.836681664,0.030044045,-0.091418505,0.539169550,0.376687586,-0.909370065,-1.386350751,0.840432703,0.028974513,-0.128554150,0.525649309,0.321795404,-0.965484262,-1.203327298,0.868504047,0.066539884,-0.075038709,0.485430032
337,1036864,56298,moving,moving_A_to_B,-0.460432649,1.490893841,0.155938506,-0.050123706,0.862459421,0.268157750,0.426313072,0.220344588,-0.838983059,-1.269469857,0.845934570,0.039237469,-0.125029400,0.516936064,0.376271546,-0.913541079,-1.393127561,0.840181291,0.030243117,-0.138838172,0.523359060,0.319144309,-0.960147142,-1.198557377,0.869759619,0.056708731,-0.094623014,0.480987340
338,1037031,56465,moving,moving_A_to_B,-0.460394263,1.490944862,0.156359196,-0.050186958,0.862255454,0.268325895,0.426612288,0.212291405,-0.823094726,-1.246375203,0.833585382,0.034862589,-0.087959543,0.544227183,0.372235477,-0.906973660,-1.384510279,0.840698957,0.031784877,-0.141992927,0.521587074,0.319588602,-0.964029491,-1.203797936,0.873823106,0.066335328,-0.081295043,0.474788308
339,1037214,56648,moving,moving_A_to_B,-0.459411740,1.491163015,0.156805754,-0.050148524,0.862513006,0.267892927,0.426368177,0.214958966,-0.822638988,-1.244750500,0.831201136,0.029791960,-0.093292125,0.547278523,0.375883281,-0.909697890,-1.385892510,0.834474444,0.028080365,-0.139796525,0.532278955,0.322888196,-0.964484692,-1.202703357,0.869713187,0.060508326,-0.090166576,0.481464118
340,1037393,56827,moving,moving_A_to_B,-0.458420634,1.491326094,0.157607913,-0.050389018,0.862530708,0.267833441,0.426341414,0.215633839,-0.820756614,-1.242045045,0.832747519,0.034311198,-0.091677815,0.544930875,0.384647250,-0.925227642,-1.408244014,0.840179741,0.031918332,-0.124802344,0.526786149,0.322904706,-0.961814880,-1.199932694,0.866579533,0.061973497,-0.086649276,0.487535745
341,1037559,56993,moving,moving_A_to_B,-0.457440019,1.491523266,0.158697248,-0.050233994,0.862423480,0.267835408,0.426575243,0.219033584,-0.827297151,-1.250963211,0.836348176,0.029378114,-0.090360172,0.539901614,0.380505204,-0.912382841,-1.387889981,0.836113870,0.027154103,-0.122802377,0.533943713,0.324411154,-0.966007411,-1.203624368,0.869523644,0.066686563,-0.074846379,0.483610958
342,1037740,57174,moving,moving_A_to_B,-0.456953526,1.491921902,0.159623861,-0.049710546,0.862412870,0.267208070,0.427051306,0.235554889,-0.871011138,-1.308635712,0.843771994,0.043611553,-0.047451995,0.532818139,0.382163942,-0.913235784,-1.384189367,0.836989582,0.026487201,-0.135716587,0.529460073,0.325666904,-0.965657651,-1.199639082,0.870472133,0.056169212,-0.087296948,0.481147081
343,1037907,57341,moving,moving_A_to_B,-0.456597924,1.492012382,0.160436511,-0.049625315,0.862493217,0.267216653,0.426893502,0.227519348,-0.835545659,-1.257852435,0.839689493,0.028052429,-0.125756547,0.527560234,0.375777304,-0.893664002,-1.354037285,0.828078806,0.028867146,-0.152437180,0.538716018,0.328674138,-0.967311502,-1.200181484,0.873658121,0.055995155,-0.087618701,0.475298941
344,1038089,57523,moving,moving_A_to_B,-0.456042171,1.492068768,0.160898447,-0.049591705,0.862660170,0.267271370,0.426525652,0.230938897,-0.829298437,-1.249509573,0.835636377,0.024579594,-0.092698067,0.540846348,0.393338740,-0.917149425,-1.386492610,0.834922194,0.019708777,-0.138998687,0.532161534,0.335489690,-0.968975782,-1.201588631,0.869960129,0.055652939,-0.074483261,0.484277189
345,1038269,57703,moving,moving_A_to_B,-0.455241561,1.492282748,0.161077738,-0.049341213,0.862767994,0.266776681,0.426646292,0.238652155,-0.837686658,-1.259436131,0.838512480,0.023950949,-0.077410504,0.538823545,,,,,,,,0.339932442,-0.970394850,-1.201866269,0.870538890,0.051717076,-0.077131078,0.483257860
346,1038434,57868,moving,moving_A_to_B,-0.454894423,1.492424250,0.160805464,-0.049356770,0.862634838,0.266432732,0.427128375,0.240673468,-0.832610726,-1.253292680,0.832259655,0.020627080,-0.081029855,0.548044324,0.401906490,-0.915030062,-1.382555723,0.838117123,0.018977867,-0.137554422,0.527520955,0.344238102,-0.970757365,-1.202919722,0.871069252,0.050972804,-0.084416486,0.481159031
347,1038601,58035,moving,moving_A_to_B,-0.455213666,1.492159247,0.160249829,-0.049958605,0.862162590,0.266898721,0.427720606,0.243490174,-0.830434144,-1.254768729,0.833312035,0.023278989,-0.084909871,0.545746803,0.399454474,-0.898440361,-1.364414454,0.830680549,0.022213697,-0.131133795,0.540629566,0.348206639,-0.969053328,-1.205687761,0.871067226,0.055557754,-0.078614801,0.481637806
348,1038784,58218,moving,moving_A_to_B,-0.455601811,1.492094278,0.159923315,-0.049962204,0.862018764,0.266671836,0.428151339,0.242261991,-0.822862864,-1.242671371,0.832382143,0.028021103,-0.091292202,0.545912564,0.408934772,-0.915762305,-1.389893889,0.838994384,0.023255603,-0.129808918,0.527917862,0.350943148,-0.968481183,-1.205050230,0.871773362,0.053892605,-0.088655725,0.478797376
349,1038948,58382,moving,moving_A_to_B,-0.456052423,1.491797447,0.159851670,-0.050315525,0.861910224,0.266881406,0.428197891,0.262884498,-0.874850988,-1.317934871,0.854393959,0.044781003,-0.062294845,0.513930917,0.404663980,-0.901778102,-1.373839855,0.819294512,0.029256906,-0.110737875,0.561816514,0.353268802,-0.968175411,-1.206492782,0.872243822,0.057612956,-0.090652391,0.477130651
350,1039129,58563,moving,moving_A_to_B,-0.456100821,1.491446018,0.160074949,-0.050187152,0.861854672,0.267237008,0.428102970,0.267037988,-0.878590226,-1.324800134,0.851749420,0.044462722,-0.048472218,0.519804299,0.418570757,-0.925790071,-1.409704089,0.851798654,0.021093661,-0.169207439,0.495341212,0.355259180,-0.968839407,-1.208395600,0.870344222,0.059589975,-0.078839816,0.482425421
351,1039309,58743,moving,moving_A_to_B,-0.456357002,1.491276741,0.160005093,-0.050549958,0.861574173,0.267460853,0.428484976,0.269075453,-0.871660471,-1.317412853,0.853434205,0.040324006,-0.065428883,0.515502810,0.419981241,-0.915659428,-1.397204041,0.828847229,0.032113552,-0.130743697,0.543035030,0.360591114,-0.968182445,-1.210337281,0.873609722,0.060002524,-0.090698913,0.474320024
352,1039476,58910,moving,moving_A_to_B,-0.457144737,1.491144896,0.160084128,-0.051165927,0.861230254,0.267646492,0.428987086,0.274754763,-0.877423763,-1.328843594,0.852846563,0.048329338,-0.050267320,0.517484367,0.408762097,-0.886826038,-1.358047247,0.825311661,0.028467817,-0.136829585,0.547108710,0.362790763,-0.964616656,-1.208583474,0.872183502,0.058832195,-0.087676898,0.477647901
353,1039658,59092,moving,moving_A_to_B,-0.458094716,1.491034269,0.160454512,-0.051554814,0.861015439,0.267739594,0.429313570,0.276461005,-0.872816682,-1.325682044,0.855178058,0.041093443,-0.070798188,0.511829495,0.421626270,-0.905308545,-1.389105558,0.837998509,0.037733443,-0.126918897,0.529364049,0.367459893,-0.968407094,-1.215060592,0.873889148,0.061453696,-0.085715093,0.474546224
354,1039837,59271,moving,moving_A_to_B,-0.459343791,1.490974545,0.161129236,-0.051660039,0.860991001,0.267810762,0.429305524,0.263799071,-0.830320120,-1.263167500,0.839037955,0.032643538,-0.084267795,0.536515355,0.426279366,-0.906945705,-1.391199589,0.834145129,0.038225908,-0.163493425,0.525367081,0.371552110,-0.966965318,-1.213245392,0.874349475,0.065589190,-0.078733958,0.474354267
355,1040004,59438,moving,moving_A_to_B,-0.460700631,1.490856290,0.161871076,-0.051812362,0.860896587,0.267919689,0.429408491,0.277182281,-0.861379385,-1.307527184,0.848615885,0.040804669,-0.061525632,0.523832798,0.425798893,-0.905799508,-1.388520718,0.843479872,0.031123595,-0.141882807,0.517148077,0.372375846,-0.968414068,-1.214351058,0.871980846,0.064217851,-0.074903525,0.479494512
356,1040185,59619,moving,moving_A_to_B,-0.461931348,1.490631342,0.162093043,-0.052428830,0.861045122,0.268400699,0.428734899,0.281603754,-0.864621401,-1.314822316,0.847067356,0.045480743,-0.051002223,0.527074099,0.429992080,-0.907104492,-1.391603112,0.839352727,0.029213695,-0.138657153,0.524793088,0.376281619,-0.969956398,-1.217948318,0.873607635,0.064703561,-0.072078764,0.476893902
357,1040367,59801,moving,moving_A_to_B,-0.462904096,1.490474582,0.161774516,-0.052718986,0.860806584,0.269053251,0.428769350,0.271795690,-0.830800176,-1.270193338,0.847119927,0.030293295,-0.091467537,0.522593498,0.428332686,-0.892943084,-1.376545072,0.832085073,0.037444998,-0.127540931,0.538484514,0.378761828,-0.966717243,-1.217934012,0.875972688,0.063491285,-0.076344691,0.472029924
358,1040546,59980,moving,moving_A_to_B,-0.463592172,1.490405440,0.161009550,-0.053055618,0.860605836,0.269259810,0.429001004,0.288465738,-0.861320674,-1.317744017,0.854164004,0.039351393,-0.064434275,0.514493585,0.433922172,-0.893675327,-1.381615043,0.831250370,0.035080053,-0.115595303,0.542614043,0.381766677,-0.962637901,-1.216748714,0.873638690,0.064099021,-0.080199592,0.475620449
359,1040714,60148,moving,moving_A_to_B,-0.464110613,1.490476847,0.160338521,-0.053163320,0.860521257,0.269162059,0.429218709,0.291176736,-0.857920408,-1.313284039,0.851319253,0.042887907,-0.067986973,0.518453598,0.429781258,-0.877963901,-1.358849525,0.828139663,0.038190465,-0.137743458,0.541989803,0.387013555,-0.965523899,-1.220692635,0.874850750,0.063269280,-0.081832416,0.473219424
360,1040893,60327,moving,moving_A_to_B,-0.464098573,1.490778804,0.160210729,-0.052853312,0.860388279,0.269023746,0.429610014,0.298642278,-0.873411059,-1.333776474,0.854725957,0.047952179,-0.053618036,0.514071286,0.446484208,-0.910547793,-1.405063748,0.841865957,0.027212597,-0.131913528,0.522608876,0.388757586,-0.964651108,-1.219151735,0.872750401,0.063956439,-0.080002174,0.477300733
361,1041058,60492,moving,moving_A_to_B,-0.463953853,1.491111755,0.160553336,-0.052565563,0.860430002,0.268809378,0.429695934,0.295356691,-0.863763332,-1.318267107,0.850706697,0.044009097,-0.065310836,0.519707561,0.438265800,-0.892710924,-1.376675487,0.831033945,0.035886005,-0.125750303,0.540630817,0.391900659,-0.971863270,-1.224981070,0.874211252,0.065929689,-0.074890427,0.475183517
362,1041240,60674,moving,moving_A_to_B,-0.463404894,1.491576314,0.160979867,-0.052476250,0.860760272,0.268035173,0.429528981,0.283453047,-0.821750045,-1.252276301,0.838273406,0.031817112,-0.094432950,0.536067009,0.447923720,-0.900259256,-1.382365108,0.831632435,0.036444016,-0.133099139,0.537907004,0.396377742,-0.967867255,-1.216444254,0.872302771,0.061679736,-0.084481694,0.477646649
363,1041407,60841,moving,moving_A_to_B,-0.462998390,1.491404533,0.161987543,-0.052700277,0.860489130,0.268673688,0.429645956,0.308421493,-0.873503804,-1.328946352,0.851088285,0.049525235,-0.084546909,0.515798271,0.452507913,-0.904228449,-1.393636942,0.836150408,0.036525432,-0.138686538,0.529418945,0.401033640,-0.971773982,-1.224793077,0.874599218,0.064952470,-0.076098822,0.474411607
364,1041589,61023,moving,moving_A_to_B,-0.462307692,1.491048813,0.163018942,-0.052663762,0.860326767,0.269331127,0.429563969,0.308835387,-0.873574495,-1.334167242,0.853177071,0.047845680,-0.055364434,0.516463399,0.459585071,-0.916737080,-1.414225101,0.842307329,0.029901862,-0.130962804,0.521989405,0.400153637,-0.967909575,-1.223356485,0.874901772,0.063675448,-0.079087295,0.473537236
365,1041768,61202,moving,moving_A_to_B,-0.461758614,1.490734935,0.164178252,-0.052933462,0.860221386,0.270111084,0.429251909,0.286174476,-0.814381242,-1.252474427,0.834179580,0.030703275,-0.092360839,0.542836428,0.452043772,-0.894848347,-1.385490775,0.832147777,0.036163397,-0.133660033,0.536989212,0.401930988,-0.965221763,-1.223178148,0.869124949,0.062035430,-0.079195641,0.484253585
366,1041936,61370,moving,moving_A_to_B,-0.460975528,1.490428805,0.165634871,-0.052498445,0.860368192,0.270808309,0.428571343,0.292843282,-0.824117661,-1.267559648,0.837746441,0.029712679,-0.089284912,0.537890673,0.449142933,-0.886707604,-1.373442411,0.828878880,0.035301451,-0.138915613,0.540755153,0.404224277,-0.967291296,-1.225708365,0.875164509,0.058274299,-0.082732223,0.473124206
367,1042114,61548,moving,moving_A_to_B,-0.460069895,1.490425825,0.167258859,-0.051927604,0.860668778,0.270908654,0.427973479,0.314653099,-0.871364474,-1.330378652,0.849539340,0.046560936,-0.082728133,0.518913388,0.454973757,-0.894908071,-1.382302284,0.837751806,0.030361183,-0.132262617,0.528920412,0.404925942,-0.966496110,-1.222591043,0.873172045,0.061559964,-0.081165388,0.476647854
368,1042282,61716,moving,moving_A_to_B,-0.459144950,1.490481019,0.168640733,-0.051204145,0.860936344,0.271042705,0.427437246,0.313732326,-0.870615721,-1.328994036,0.851578593,0.044324856,-0.070029125,0.517634273,0.463525712,-0.914302766,-1.406825066,0.834580779,0.022381589,-0.146016344,0.530710161,0.408382237,-0.974034488,-1.228074908,0.874583662,0.063917726,-0.077401511,0.474370062
369,1042463,61897,moving,moving_A_to_B,-0.458693981,1.490570545,0.169200420,-0.051064394,0.860710859,0.271048367,0.427904278,0.291094542,-0.819185615,-1.255103230,0.833680630,0.029781384,-0.088800088,0.544246495,0.459160805,-0.908077061,-1.399020076,0.837412715,0.028810332,-0.158106431,0.522410035,0.410878420,-0.980223894,-1.236642838,0.873160839,0.069391660,-0.068145789,0.477630734
370,1042643,62077,moving,moving_A_to_B,-0.458673596,1.490266800,0.169630170,-0.051755875,0.860072017,0.271765828,0.428650051,0.309668958,-0.861768484,-1.321979523,0.847262204,0.046972748,-0.061458290,0.525512338,0.451817334,-0.888753414,-1.376893520,0.825943887,0.030734628,-0.135154814,0.546447873,0.407169998,-0.968569279,-1.229909658,0.871568203,0.066768423,-0.079665564,0.479128629
371,1042811,62245,moving,moving_A_to_B,-0.458972573,1.490170956,0.169807434,-0.052139658,0.859827578,0.271500468,0.429261535,0.311798811,-0.868348777,-1.332917571,0.848853290,0.051561221,-0.054119036,0.523316979,,,,,,,,0.404034376,-0.961090446,-1.222939968,0.869251788,0.059458371,-0.091225371,0.482228130
372,1042990,62424,moving,moving_A_to_B,-0.460098624,1.489986539,0.169571757,-0.052455820,0.858823538,0.271785855,0.431048721,0.302526653,-0.856285989,-1.319144607,0.844964981,0.047082022,-0.067385241,0.528466344,0.455997109,-0.907242000,-1.413815141,0.822646022,0.032477256,-0.134682387,0.551415801,0.403222561,-0.967756510,-1.234159350,0.870172381,0.069183394,-0.083084069,0.480739743
373,1043158,62592,moving,moving_A_to_B,-0.460913420,1.489984751,0.169480562,-0.052838668,0.858505309,0.271813363,0.431618154,0.304351509,-0.863023520,-1.329633832,0.848707318,0.050955813,-0.058563273,0.523134410,0.450516045,-0.897698879,-1.398577213,0.827685416,0.034983680,-0.129577026,0.544906318,0.399833858,-0.961487055,-1.227895737,0.868638515,0.066980377,-0.086112402,0.483286053
374,1043337,62771,moving,moving_A_to_B,-0.461066008,1.490123272,0.170263052,-0.052975859,0.858747661,0.271672666,0.431207567,0.304239213,-0.862738252,-1.324889541,0.844690919,0.053719431,-0.052128222,0.529994547,0.444076836,-0.884676814,-1.375651002,0.826495469,0.034861494,-0.141884938,0.543653011,0.400153339,-0.961832047,-1.224532366,0.871670306,0.068695903,-0.084499404,0.477840632
375,1043506,62940,moving,moving_A_to_B,-0.460909605,1.490467429,0.171800137,-0.051835377,0.858734667,0.271637708,0.431394041,0.305746496,-0.872262955,-1.333656907,0.848132908,0.053395458,-0.050569136,0.524654567,0.445687711,-0.895365536,-1.386312485,0.832459331,0.034552667,-0.148434371,0.532714725,0.397857249,-0.963199139,-1.221641779,0.868460476,0.063371688,-0.091535002,0.483096093
376,1043684,63118,moving,moving_A_to_B,-0.460997701,1.490565181,0.173306227,-0.051607668,0.858700514,0.271765947,0.431408584,0.286112130,-0.824783802,-1.263959408,0.836327314,0.036774766,-0.086066514,0.540182173,0.440389216,-0.883244276,-1.367158413,0.823279560,0.038275905,-0.158958733,0.543578744,0.400936186,-0.970139325,-1.228223562,0.870581269,0.068424053,-0.078429379,0.480890036
377,1043851,63285,moving,moving_A_to_B,-0.460975289,1.490462303,0.175008774,-0.051265530,0.858420074,0.272357583,0.431634337,0.306855142,-0.873787284,-1.334173441,0.852928996,0.050912958,-0.097510897,0.510305464,0.444128394,-0.892898977,-1.382682562,0.831493795,0.034881819,-0.148980364,0.534047008,0.399419069,-0.967130423,-1.226879120,0.869776547,0.066068508,-0.086109631,0.481361449
378,1044031,63465,moving,moving_A_to_B,-0.461203575,1.490113258,0.175985575,-0.051004957,0.858147681,0.273034990,0.431778848,0.295969844,-0.852769494,-1.306024432,0.842859328,0.053469878,-0.065053314,0.531504631,0.441874921,-0.889300108,-1.377684355,0.828997791,0.035630714,-0.147976875,0.538141131,0.397125840,-0.963262498,-1.222404003,0.874189675,0.060739975,-0.096209064,0.472066581
379,1044199,63633,moving,moving_A_to_B,-0.461826324,1.489821792,0.176808596,-0.051501188,0.857731879,0.273448050,0.432284415,0.293651700,-0.843739986,-1.296858549,0.838834167,0.044626072,-0.070743188,0.537923038,0.442242205,-0.887325585,-1.379514456,0.829343379,0.037701648,-0.148825660,0.537232816,0.397032380,-0.960892200,-1.222819090,0.872751594,0.062173296,-0.094630562,0.474851817
380,1044378,63812,moving,moving_A_to_B,-0.462226033,1.489598513,0.177632451,-0.051786538,0.857561409,0.273572981,0.432509452,0.294712961,-0.845856488,-1.299508929,0.840811789,0.047352780,-0.068839125,0.534840524,0.441314399,-0.885813832,-1.377480388,0.829510927,0.037369866,-0.148709297,0.537029505,0.397269070,-0.961029053,-1.223057985,0.873268843,0.063486688,-0.094511725,0.473749489
381,1044546,63980,moving,moving_A_to_B,-0.462397456,1.489375353,0.178466797,-0.051759139,0.857560039,0.274217367,0.432107180,0.306454301,-0.869143009,-1.333082914,0.852236450,0.052284528,-0.094054490,0.511969805,0.450047612,-0.901150048,-1.401398897,0.837777197,0.034691542,-0.150980219,0.523575008,0.399245620,-0.963002801,-1.226696730,0.872086048,0.067100145,-0.088603102,0.476563752
382,1044714,64148,moving,moving_A_to_B,-0.462370276,1.489430666,0.179505348,-0.051460121,0.857730269,0.274182677,0.431826979,0.290974259,-0.833988726,-1.280732393,0.840769351,0.046493296,-0.077281490,0.533828616,,,,,,,,0.400753736,-0.966969252,-1.227887869,0.872287810,0.068553559,-0.084188312,0.476787835
383,1044894,64328,moving,moving_A_to_B,-0.462711453,1.489708900,0.180714250,-0.051049292,0.858016431,0.273681849,0.431624889,0.296783447,-0.848054647,-1.296332479,0.840616822,0.044800863,-0.073180288,0.534790516,0.452740788,-0.906742215,-1.399902582,0.835942626,0.035588335,-0.148277327,0.527207017,0.402633846,-0.970266342,-1.227611065,0.871534348,0.068004988,-0.084314391,0.478219956
384,1045059,64493,moving,moving_A_to_B,-0.463556170,1.489683628,0.181542158,-0.051276002,0.857820451,0.273640126,0.432013810,0.296248078,-0.847287774,-1.294783711,0.843254387,0.045788739,-0.077929631,0.529860735,0.452159941,-0.905816793,-1.398540974,0.836278737,0.036787968,-0.148079783,0.526646912,0.402029157,-0.968963981,-1.225968242,0.871659338,0.067957483,-0.086957455,0.477525085
385,1045240,64674,moving,moving_A_to_B,-0.464748740,1.489444613,0.181653380,-0.052422438,0.857484162,0.273560733,0.432593703,0.297848403,-0.848962545,-1.298762083,0.842266023,0.046979290,-0.069807172,0.532454550,0.446211219,-0.891209960,-1.380095959,0.831277668,0.037188016,-0.147434056,0.534656763,0.399567604,-0.960879385,-1.218185186,0.871056736,0.064216785,-0.091170505,0.478355885
386,1045407,64841,moving,moving_A_to_B,-0.465683460,1.489196539,0.181277514,-0.052387051,0.857219934,0.273688108,0.433040887,0.293536365,-0.843250215,-1.290983200,0.837348461,0.050285447,-0.064043559,0.540571213,0.446828425,-0.897016883,-1.389541507,0.835748255,0.035879418,-0.153402805,0.526027799,0.397960842,-0.962463140,-1.219999313,0.873270392,0.067419887,-0.094414264,0.473222345
387,1045587,65021,moving,moving_A_to_B,-0.466356993,1.488524437,0.181015015,-0.053911276,0.856966138,0.275199026,0.432398081,0.296883225,-0.839524448,-1.294718385,0.839753032,0.049923591,-0.064634435,0.536791265,0.447145402,-0.886189759,-1.383217335,0.832602859,0.037798069,-0.147254720,0.532597244,0.400658548,-0.957378030,-1.221828341,0.871316195,0.066025414,-0.086732239,0.478462458
388,1045754,65188,moving,moving_A_to_B,-0.467180371,1.488624334,0.181502461,-0.054152068,0.857592225,0.274296552,0.431699574,0.301132143,-0.845813572,-1.299165964,0.841462553,0.046076313,-0.066853851,0.534180224,0.456347048,-0.900990486,-1.400120616,0.840788066,0.033562284,-0.151671290,0.518598795,0.403677762,-0.960429430,-1.220825076,0.872098386,0.065862074,-0.086341344,0.477128685
389,1045935,65369,moving,moving_A_to_B,-0.467702508,1.488528609,0.182455778,-0.053757947,0.857342720,0.275153577,0.431699038,0.296839178,-0.838769078,-1.289742112,0.837344885,0.051540103,-0.063133769,0.540565789,0.450494528,-0.889288545,-1.385111570,0.829356849,0.044735033,-0.138181388,0.539510846,0.404458046,-0.964123249,-1.226575971,0.875348866,0.067807280,-0.087810218,0.470591068
390,1046101,65535,moving,moving_A_to_B,-0.468644977,1.488182545,0.183606744,-0.054042596,0.857024074,0.276462644,0.431459785,0.301138341,-0.845272064,-1.305235863,0.845781624,0.054061644,-0.064988501,0.526789665,0.450379610,-0.885915995,-1.385833740,0.830515444,0.044714313,-0.138749614,0.537580848,0.402745485,-0.957600832,-1.223552823,0.876295328,0.064999603,-0.090580598,0.468696833
391,1046282,65716,moving,moving_A_to_B,-0.469564795,1.487387896,0.185680270,-0.054324869,0.857175827,0.278277636,0.429953456,0.304069102,-0.841964006,-1.304727554,0.844985962,0.051172242,-0.059818003,0.528963029,0.449212849,-0.875746787,-1.373876214,0.832487404,0.036960438,-0.144554526,0.533575296,0.408102334,-0.961124301,-1.230780840,0.876985610,0.070726350,-0.083582558,0.467876017
392,1046463,65897,moving,moving_A_to_B,-0.470026493,1.486918211,0.187278390,-0.054640014,0.857016087,0.279503882,0.429436237,0.314692497,-0.856696606,-1.329890013,0.854597569,0.048960082,-0.101125076,0.506990671,0.458548486,-0.888951540,-1.398578644,0.841507614,0.032722391,-0.150890946,0.517712414,0.407495081,-0.954214573,-1.226364970,0.873590231,0.065011047,-0.083921164,0.474943072
393,1046643,66077,moving,moving_A_to_B,-0.469990134,1.486665368,0.188824773,-0.054377235,0.857446790,0.279914141,0.428341210,0.305447757,-0.833947778,-1.296885371,0.844986737,0.043931969,-0.068745635,0.528527617,0.459722698,-0.887194514,-1.394075632,0.840178430,0.031433135,-0.150654316,0.520014882,0.409310102,-0.954925656,-1.225129843,0.877889454,0.062646396,-0.088222452,0.466478646
394,1046808,66242,moving,moving_A_to_B,-0.470514417,1.486274958,0.190068245,-0.054498535,0.856584251,0.280763984,0.429493815,0.303676128,-0.834135771,-1.301632762,0.847054780,0.044256493,-0.070445016,0.524954379,0.456260085,-0.882175684,-1.392082691,0.833701074,0.043217596,-0.138472989,0.532822609,0.406816900,-0.953481615,-1.227613211,0.878162026,0.066507436,-0.086347222,0.465781480
395,1046976,66410,moving,moving_A_to_B,-0.471680641,1.485467076,0.191215515,-0.056195538,0.853775859,0.282509536,0.433701783,0.294362664,-0.823571324,-1.302408695,0.846406162,0.047883201,-0.073327832,0.525287390,0.443929017,-0.866596878,-1.388944268,0.832214117,0.046760090,-0.141227946,0.534123480,0.397791624,-0.940353453,-1.227912664,0.879314423,0.065223686,-0.097761884,0.461513340
396,1047156,66590,moving,moving_A_to_B,-0.473359466,1.484808326,0.193891048,-0.058306172,0.850171387,0.282899320,0.440201074,0.295813918,-0.843483329,-1.339304686,0.952193439,0.211266369,0.216446936,0.042953007,0.442457855,-0.878103256,-1.421673059,0.844968677,0.045769293,-0.160109445,0.508230329,0.392434835,-0.937936544,-1.237313867,0.877161503,0.078037307,-0.091866054,0.464820892
397,1047337,66771,moving,moving_A_to_B,-0.475905776,1.483160257,0.199333787,-0.062616169,0.844542027,0.283841521,0.449735463,0.283386290,-0.829201519,-1.345120788,0.853698254,0.080359817,-0.090856910,0.506445050,0.420734167,-0.846417665,-1.404274464,0.832394958,0.065514773,-0.157396182,0.527307093,0.383763671,-0.928157806,-1.249558210,0.876163900,0.091948040,-0.098740205,0.462744772
398,1047504,66938,moving,stationary_B,-0.479179025,1.481409788,0.208559155,-0.066596717,0.838048637,0.282910645,0.461736858,0.268448830,-0.820121527,-1.344633102,0.851123452,0.088205300,-0.092331678,0.509198844,0.405514181,-0.837511837,-1.408271074,0.836263955,0.069177218,-0.182266816,0.512499750,0.372984409,-0.916231990,-1.248551965,0.876861393,0.096581906,-0.107003912,0.458624214
399,1047684,67118,moving,stationary_B,-0.482945323,1.478266001,0.219353795,-0.070953675,0.832155168,0.282699913,0.471767038,0.262212098,-0.813682437,-1.345597029,0.855580866,0.100051954,-0.110049009,0.495842934,0.400237381,-0.834097564,-1.421080709,0.840008795,0.079695754,-0.169712439,0.509147763,0.370888114,-0.913329959,-1.257631540,0.874685228,0.113401845,-0.104985408,0.459395111
400,1047851,67285,moving,stationary_B,-0.488941550,1.473142385,0.228456855,-0.073236853,0.826366544,0.282928854,0.481358498,0.250211060,-0.808549523,-1.344989419,0.852235496,0.112021387,-0.113034293,0.498366445,0.382892668,-0.817893386,-1.406726956,0.832760632,0.090675391,-0.180414945,0.515497983,0.357092679,-0.897162199,-1.245552778,0.874358058,0.116650790,-0.127510294,0.453466326
401,1048018,67452,moving,stationary_B,-0.501722932,1.473769426,0.227798820,-0.073283434,0.824706435,0.277980328,0.487048030,0.226091370,-0.801898062,-1.296657562,0.843302369,0.109826781,-0.095483594,0.517360806,,,,,,,,0.347883642,-0.921516955,-1.244380593,0.875640213,0.133672163,-0.110065192,0.450856566
402,1048185,67619,moving,stationary_B,-0.526112676,1.470942616,0.218204975,-0.066761814,0.833974183,0.271092027,0.475961179,0.229108617,-0.838056087,-1.260353446,0.835653067,0.101580739,-0.080218613,0.533788681,0.371201634,-0.870174646,-1.349645734,0.826237559,0.083110705,-0.179709375,0.527379155,0.344710767,-0.950359106,-1.193144202,0.869677663,0.115511082,-0.104412965,0.468418539
403,1048351,67785,moving,stationary_B,-0.571064949,1.461225986,0.183267355,-0.057828356,0.853567004,0.259607762,0.447976679,0.231503651,-0.872961044,-1.187759638,0.832035065,0.067018911,-0.070231386,0.546162724,0.372946262,-0.906781852,-1.260017753,0.821799219,0.051583689,-0.134417251,0.551286876,0.343760133,-1.002627134,-1.129469514,0.865183532,0.100823782,-0.059346933,0.487616628
404,1048517,67951,moving,stationary_B,-0.646565080,1.453455925,0.110039592,-0.034701265,0.877351522,0.258969277,0.402473688,0.168584317,-0.908117890,-1.123748302,0.824288964,0.018720968,-0.048833940,0.563748598,0.311608911,-0.954962373,-1.185057402,0.821013272,-0.003798640,-0.117556125,0.558662117,,,,,,,
405,1048684,68118,moving,stationary_B,-0.741424680,1.461947918,0.019077182,-0.006582332,0.893233299,0.273534656,0.356748909,0.050293915,-0.932653904,-1.138639569,0.848317981,-0.050367367,-0.041009355,0.525488377,0.187548697,-0.975945532,-1.170659184,0.834176123,-0.065601259,-0.116802439,0.534980297,,,,,,,
406,1048853,68287,moving,stationary_B,-0.819279194,1.475435019,-0.057349682,0.001727560,0.897178352,0.286902487,0.335790128,-0.053679161,-0.877412677,-1.126723289,0.837875307,-0.079026468,-0.058034524,0.536984086,0.078727335,-0.933110476,-1.164875150,0.830526531,-0.085891604,-0.107771955,0.539660573,,,,,,,
407,1049018,68452,moving,stationary_B,-0.871519685,1.485924244,-0.105821729,-0.010547476,0.902934730,0.282443225,0.323764533,-0.073815942,-0.878783584,-1.137095451,0.846577466,-0.072627500,-0.035872899,0.526065528,0.059739187,-0.928882599,-1.167513132,0.831807137,-0.089526534,-0.088423617,0.540613711,,,,,,,
408,1049184,68618,moving,stationary_B,-0.903648734,1.487058401,-0.130806088,-0.022611184,0.905029774,0.278388381,0.320795596,-0.078427717,-0.871715188,-1.129546762,0.832407236,-0.058850892,-0.022299472,0.550579250,0.053908624,-0.912439406,-1.151367903,0.829431832,-0.080592521,-0.081799529,0.546677768,,,,,,,
409,1049365,68799,moving,stationary_B,-0.926175475,1.482991219,-0.142558098,-0.030365542,0.902502656,0.288393021,0.318428010,-0.090448588,-0.852242649,-1.153827429,0.853078246,-0.063091286,-0.017467013,0.517660022,0.042331718,-0.884681702,-1.166034937,0.836742520,-0.080475621,-0.079032153,0.535853922,-0.038993031,-0.941687286,-1.020462751,0.852047145,-0.050264426,-0.029714137,0.520198226
410,1049531,68965,moving,stationary_B,-0.948074222,1.483694792,-0.153300285,-0.048463788,0.906236768,0.284239262,0.309183151,-0.055661500,-0.848659456,-1.153017879,0.852240562,-0.053448275,-0.004367775,0.520394266,0.079391733,-0.878763139,-1.163758993,0.838083267,-0.076012187,-0.060177542,0.536858678,-0.004441651,-0.942010522,-1.024172664,0.862607896,-0.039440677,-0.013199545,0.504160583
411,1049697,69131,moving,stationary_B,-0.952832103,1.483300090,-0.155990839,-0.055748962,0.900948465,0.287689894,0.320028782,-0.067641489,-0.828514397,-1.150118232,0.850304902,-0.039099507,-0.000762650,0.524835408,0.066068739,-0.857067406,-1.166201353,0.839556575,-0.062285680,-0.065432735,0.535708785,-0.013372164,-0.924906969,-1.028193951,0.857312143,-0.028238889,-0.021230377,0.513583124
412,1049864,69298,moving,stationary_B,-0.944810748,1.483664274,-0.153472424,-0.054495268,0.897472739,0.287914455,0.329663873,-0.081271738,-0.837736011,-1.165721774,0.859089792,-0.038394921,-0.003102239,0.510373414,0.052935347,-0.857537448,-1.171949863,0.838030577,-0.055813573,-0.072943993,0.537837207,-0.023727361,-0.923598528,-1.030278921,0.857778013,-0.023014503,-0.024785561,0.512906492
413,1050032,69466,moving,stationary_B,-0.935188651,1.483525395,-0.149226665,-0.052069806,0.892616928,0.288131505,0.342788637,-0.099733889,-0.836270571,-1.163559437,0.859526634,-0.029509544,-0.018251004,0.509911895,0.033995755,-0.862986445,-1.183413029,0.842619181,-0.045123301,-0.084386714,0.529939234,-0.038284615,-0.927473009,-1.035709500,0.861466885,-0.014091430,-0.034425363,0.506449521
414,1050212,69646,moving,stationary_B,-0.926421285,1.483867168,-0.145649433,-0.048966233,0.889938951,0.288405210,0.349904895,-0.109427311,-0.829675078,-1.156220198,0.854042888,-0.023092363,-0.032733772,0.518657982,0.024244569,-0.859296441,-1.181707978,0.837291241,-0.046323828,-0.084717445,0.538164020,-0.046547223,-0.931239545,-1.041965723,0.863965511,-0.012285463,-0.046527039,0.501246452
415,1050379,69813,moving,stationary_B,-0.921886086,1.484923244,-0.143821001,-0.047895689,0.889738798,0.284945488,0.353379279,-0.110827759,-0.838377059,-1.150598764,0.851708770,-0.021587703,-0.031419933,0.522626936,0.022775322,-0.874989390,-1.186863184,0.840517879,-0.039767448,-0.086777024,0.533308625,-0.046698384,-0.934390426,-1.032271266,0.857376277,-0.010003728,-0.054370202,0.511712551
416,1050546,69980,moving,stationary_B,-0.920144677,1.485611558,-0.141827583,-0.047160316,0.890172184,0.282080591,0.354682833,-0.109206766,-0.849047065,-1.149891019,0.850241244,-0.021933123,-0.032475851,0.524932444,0.024142522,-0.880083323,-1.177952886,0.836489379,-0.033547331,-0.087421767,0.539923608,-0.044353295,-0.941438079,-1.027176023,0.852990329,-0.006997906,-0.046325229,0.519819677
417,1050712,70146,moving,stationary_B,-0.919880986,1.485995173,-0.139866114,-0.046599675,0.890032113,0.282528877,0.354751736,-0.109506376,-0.845431924,-1.142340422,0.846338272,-0.014136703,-0.030521031,0.531582594,0.022989087,-0.875371814,-1.169726014,0.835150957,-0.038790394,-0.092975825,0.540715814,-0.045397550,-0.942569613,-1.026200056,0.855534792,-0.003904495,-0.037120666,0.516398191
418,1050878,70312,moving,stationary_B,-0.920819402,1.486883283,-0.138287544,-0.044119824,0.890247464,0.282073021,0.354891181,-0.114609294,-0.854948461,-1.147635818,0.850348353,-0.024978353,-0.039756011,0.524121523,0.019257464,-0.887542844,-1.176956058,0.838064492,-0.043376602,-0.089262173,0.536468804,-0.050158001,-0.945319057,-1.022125363,0.853353858,-0.007481635,-0.044772554,0.519352078
419,1051046,70480,moving,stationary_B,-0.921918273,1.487268567,-0.137572765,-0.042916894,0.890671790,0.282223612,0.353852779,-0.115722150,-0.854868174,-1.144137502,0.848572612,-0.026275339,-0.040739320,0.526853323,0.017239779,-0.877050877,-1.159415245,0.828617275,-0.040732663,-0.088891909,0.551210046,-0.051772915,-0.945598125,-1.019915700,0.848056316,-0.005926817,-0.043072745,0.528119445
420,1051213,70647,moving,stationary_B,-0.922154784,1.487750411,-0.137462854,-0.042163897,0.891216278,0.281375289,0.353247434,-0.116396680,-0.868938327,-1.156912088,0.856354058,-0.027144233,-0.028895065,0.514865100,0.017294824,-0.880666435,-1.158845663,0.831396639,-0.042127766,-0.093009435,0.546218038,-0.052094840,-0.949589610,-1.019243598,0.852429032,-0.010680377,-0.048937697,0.520438015
421,1051380,70814,moving,stationary_B,-0.921105266,1.488198757,-0.137533903,-0.041312926,0.891716480,0.280655026,0.352658004,-0.114934132,-0.864807010,-1.147333264,0.855897725,-0.024901405,-0.038624402,0.515099287,0.018835273,-0.892722845,-1.169793844,0.836208999,-0.044832259,-0.084870115,0.539946079,-0.051101189,-0.950222015,-1.016866446,0.849464953,-0.007079151,-0.033921674,0.526505947
422,1051558,70992,moving,stationary_B,-0.919828057,1.489075422,-0.137566805,-0.040477939,0.892552257,0.278524101,0.352329820,-0.112561412,-0.861261487,-1.132472396,0.838954210,-0.022664962,-0.028372400,0.542989135,0.020433813,-0.892271519,-1.158072948,0.827609479,-0.041000370,-0.083470881,0.553546965,-0.049610112,-0.957720101,-1.015435457,0.848141909,-0.011607612,-0.047744777,0.527485549
423,1051726,71160,moving,stationary_B,-0.918061852,1.489739418,-0.137244225,-0.040128708,0.893207192,0.276912302,0.351980358,-0.110051870,-0.865493774,-1.131134987,0.834435582,-0.024865624,-0.029587477,0.549748659,0.023159143,-0.894736409,-1.154400349,0.827610791,-0.046742857,-0.089808740,0.552095771,,,,,,,
424,1051892,71326,moving,stationary_B,-0.916263223,1.490218997,-0.136083364,-0.039540209,0.893713534,0.275968701,0.351502448,-0.107530169,-0.867773175,-1.129006028,0.836836815,-0.024550976,-0.028371450,0.546165228,0.025448322,-0.902860224,-1.158822775,0.828816473,-0.042914208,-0.091418207,0.550331175,,,,,,,
425,1052060,71494,moving,stationary_B,-0.914562583,1.490500689,-0.134471655,-0.038451929,0.893600225,0.275838703,0.352012873,-0.107763469,-0.871233463,-1.130846024,0.842815220,-0.027385546,-0.030624244,0.536632776,0.024852086,-0.910567403,-1.165998936,0.832540452,-0.047902625,-0.084747888,0.545343459,,,,,,,
426,1052226,71660,moving,stationary_B,-0.912805915,1.490548372,-0.132918596,-0.038071848,0.893446803,0.275582850,0.352643460,-0.107718006,-0.872073114,-1.130055308,0.841083229,-0.026246687,-0.030686816,0.539396346,0.025404781,-0.907184184,-1.160208941,0.830213308,-0.042842034,-0.093428805,0.547888339,,,,,,,
427,1052393,71827,moving,stationary_B,-0.910963178,1.490558147,-0.131311655,-0.037092369,0.893295348,0.275610715,0.353109449,-0.109068960,-0.883460760,-1.142645121,0.852971375,-0.025320388,-0.038230844,0.519939542,0.025121871,-0.912689865,-1.165124416,0.832604527,-0.048739381,-0.089770891,0.544367135,,,,,,,
428,1052573,72007,moving,stationary_B,-0.909517050,1.490370274,-0.129583001,-0.036395542,0.893542051,0.276060075,0.352205575,-0.106612436,-0.872282088,-1.130808115,0.843083918,-0.033849508,-0.048725147,0.534499347,0.025921252,-0.903326511,-1.154488921,0.827716112,-0.046018951,-0.088811487,0.552160144,,,,,,,
429,1052725,72159,moving,stationary_B,-0.908702731,1.490112782,-0.128464580,-0.035924423,0.893154144,0.276416600,0.352957457,-0.107520334,-0.871305823,-1.128870368,0.838611245,-0.028525302,-0.035210602,0.542842329,0.025407024,-0.904701054,-1.156545997,0.829186440,-0.045746602,-0.098228149,0.548368871,,,,,,,
430,1052892,72326,moving,stationary_B,-0.908317804,1.490115643,-0.128188610,-0.036581509,0.892944932,0.276002467,0.353742599,-0.107411332,-0.877361774,-1.134988546,0.847540736,-0.025451204,-0.034481134,0.528997183,0.025725942,-0.902028859,-1.152138472,0.824966550,-0.047194809,-0.092451520,0.555567801,,,,,,,
431,1053060,72494,moving,stationary_B,-0.907638907,1.490365028,-0.128388524,-0.036498211,0.892734945,0.275525063,0.354652077,-0.107488640,-0.874567509,-1.130503654,0.841551781,-0.028502848,-0.035229702,0.538272262,0.025683150,-0.908351660,-1.158898950,0.829140842,-0.045859788,-0.097713791,0.548520148,,,,,,,
432,1053225,72659,moving,stationary_B,-0.906464219,1.490666151,-0.128661513,-0.036009099,0.892659128,0.274858981,0.355409056,-0.109082289,-0.885494590,-1.140940905,0.849606097,-0.023335028,-0.033758644,0.525818765,0.023955774,-0.909279287,-1.157554626,0.828483105,-0.045371901,-0.091830306,0.550567269,,,,,,,
433,1053393,72827,moving,stationary_B,-0.905431151,1.491112471,-0.128519773,-0.035633639,0.892880917,0.274108946,0.355469048,-0.108717397,-0.885683656,-1.137745023,0.847498238,-0.026129188,-0.038453661,0.528758228,0.025120724,-0.911901712,-1.157347679,0.828817189,-0.044781853,-0.095038049,0.549567461,,,,,,,
434,1053560,72994,moving,stationary_B,-0.905376792,1.491245627,-0.128210664,-0.035713874,0.892977715,0.273902535,0.355376899,-0.107594989,-0.879110992,-1.128676534,0.840407908,-0.027310032,-0.034497097,0.540165484,0.025566801,-0.912346005,-1.156800628,0.830248654,-0.044288751,-0.099394262,0.546668530,,,,,,,
435,1053726,73160,moving,stationary_B,-0.905923724,1.491261721,-0.128221393,-0.036166746,0.893176854,0.273756504,0.354942918,-0.105909020,-0.879120469,-1.128714442,0.840868652,-0.025382940,-0.044327494,0.538823366,0.026785143,-0.910039067,-1.153614759,0.826417804,-0.044467296,-0.087765276,0.554394841,,,,,,,
436,1053908,73342,moving,stationary_B,-0.906421542,1.491354585,-0.128515244,-0.036393661,0.893464684,0.273520648,0.354376644,-0.105144948,-0.882002413,-1.131584883,0.842430472,-0.028686153,-0.034175575,0.536954463,0.028337494,-0.915231824,-1.158789039,0.826116979,-0.042719200,-0.091150478,0.554434478,,,,,,,
437,1054059,73493,moving,stationary_B,-0.907345414,1.491282701,-0.128932357,-0.036148932,0.894005775,0.273779035,0.352834255,-0.104272388,-0.877975821,-1.127134204,0.836987495,-0.028301455,-0.033816256,0.545442462,0.028827004,-0.911234796,-1.154373169,0.827831566,-0.046863396,-0.090565190,0.551630974,,,,,,,
438,1054226,73660,moving,stationary_B,-0.907769799,1.491379619,-0.130093575,-0.035904020,0.894224167,0.273885578,0.352222592,-0.104513638,-0.878315330,-1.128092289,0.839332938,-0.029149797,-0.031811636,0.541902661,0.028570015,-0.908934295,-1.151949286,0.825346172,-0.047141299,-0.089855514,0.555434465,,,,,,,
439,1054392,73826,moving,stationary_B,-0.907665849,1.491959453,-0.132338881,-0.035840359,0.894512177,0.272762179,0.352369428,-0.106089503,-0.888374567,-1.137551188,0.847356498,-0.025903052,-0.035251867,0.529219568,0.027865473,-0.921978712,-1.164836884,0.830626845,-0.049177494,-0.084201865,0.548224926,,,,,,,
440,1054559,73993,moving,stationary_B,-0.907299161,1.492618322,-0.134534240,-0.035636604,0.894506574,0.271584094,0.353313088,-0.107782125,-0.883953691,-1.129045248,0.838397145,-0.026908334,-0.031353641,0.543491602,0.025219996,-0.925997972,-1.167076826,0.832804263,-0.046628013,-0.087872498,0.544556201,,,,,,,
441,1054726,74160,moving,stationary_B,-0.906456590,1.493098259,-0.135716438,-0.034514442,0.894422412,0.271127075,0.353987873,-0.111848861,-0.891947627,-1.137588382,0.844974279,-0.025312146,-0.035936426,0.532997370,0.022049107,-0.925162137,-1.164318323,0.832018137,-0.047678322,-0.087867640,0.545666575,,,,,,,
442,1054892,74326,moving,stationary_B,-0.905800223,1.492655277,-0.135658503,-0.034635082,0.894222379,0.271937400,0.353859901,-0.110626094,-0.881823361,-1.129827857,0.838363171,-0.027771488,-0.035051100,0.543274701,0.022343315,-0.922435403,-1.165690780,0.832046926,-0.047737509,-0.090082631,0.545256019,,,,,,,
443,1055047,74481,moving,stationary_B,-0.904714704,1.492423773,-0.135200143,-0.034807604,0.893965542,0.272490174,0.354066640,-0.110409446,-0.877550066,-1.129037619,0.836190164,-0.028845629,-0.036768295,0.546444893,0.022675261,-0.914635420,-1.161238194,0.827796757,-0.042696144,-0.093485199,0.551534355,,,,,,,
444,1055214,74648,moving,stationary_B,-0.904017329,1.491238236,-0.134676099,-0.036353108,0.892515063,0.276434511,0.354512691,-0.110367157,-0.865124881,-1.132121086,0.836243331,-0.028678127,-0.037069786,0.546351969,0.022748746,-0.909793973,-1.174553752,0.835096776,-0.045240767,-0.092797138,0.540328920,,,,,,,
445,1055392,74826,moving,stationary_B,-0.901833296,1.488855362,-0.136122584,-0.039058890,0.890588164,0.282382518,0.354383051,-0.109313101,-0.848929167,-1.149777770,0.843151867,-0.029764025,-0.045550395,0.534915090,0.022821285,-0.876068652,-1.170799971,0.829562306,-0.044420801,-0.097431861,0.548051357,-0.046077915,-0.948759139,-1.034831405,0.857687593,-0.013010672,-0.053426240,0.511222601
446,1055559,74993,moving,stationary_B,-0.896941781,1.488673210,-0.139692307,-0.037765879,0.890526116,0.283054411,0.354142964,-0.110981531,-0.854730487,-1.166873932,0.855217636,-0.031001261,-0.034081921,0.516217232,0.022558302,-0.881202638,-1.186780810,0.835111618,-0.043325286,-0.095887691,0.539923131,-0.047340628,-0.943182170,-1.038046598,0.858546972,-0.011244353,-0.042725857,0.510828078
447,1055725,75159,moving,stationary_B,-0.891719460,1.489001274,-0.143890142,-0.036927279,0.890517354,0.283706605,0.353731155,-0.111051545,-0.840953231,-1.158982277,0.846176744,-0.030662762,-0.042323790,0.530333340,0.021739937,-0.884921491,-1.202157378,0.840405166,-0.050075147,-0.096719213,0.530902088,-0.048647966,-0.938562512,-1.042315841,0.857804179,-0.014837543,-0.052996568,0.511021733
448,1055893,75327,moving,stationary_B,-0.887055516,1.489569664,-0.148590684,-0.036226191,0.890916824,0.282519370,0.353748173,-0.111131549,-0.839330792,-1.161213875,0.843661904,-0.031743053,-0.044026799,0.534124196,0.021383308,-0.882740438,-1.202877402,0.837666988,-0.047238812,-0.090662427,0.536528468,-0.048995979,-0.940427423,-1.048335075,0.860911608,-0.016097138,-0.053387910,0.505689442
449,1056059,75493,moving,stationary_B,-0.882214189,1.490191698,-0.153154850,-0.035744797,0.891411662,0.281030416,0.353736460,-0.110849395,-0.844822407,-1.169374943,0.845407605,-0.029332966,-0.034725301,0.532183886,0.022438802,-0.876322627,-1.196044445,0.831674457,-0.046757597,-0.100175917,0.544147134,-0.047459431,-0.938272655,-1.047811270,0.850887239,-0.011130890,-0.042117637,0.523539007
450,1056226,75660,moving,stationary_B,-0.878150821,1.491420984,-0.155308723,-0.033819020,0.892700970,0.278139383,0.352958560,-0.108530626,-0.845821023,-1.161091924,0.843678236,-0.032310270,-0.044355754,0.534037232,0.023113474,-0.880388021,-1.190248251,0.827707767,-0.047148239,-0.093931422,0.551229417,-0.046602819,-0.945660233,-1.047456741,0.855758727,-0.015778879,-0.052894026,0.514422297
451,1056393,75827,moving,stationary_B,-0.877030492,1.492055416,-0.155703187,-0.032835688,0.892974377,0.276930839,0.353310049,-0.110970989,-0.854137897,-1.164884925,0.841792285,-0.030618653,-0.034448728,0.537830472,0.021871313,-0.896575272,-1.204188585,0.832575679,-0.047298223,-0.091206819,0.544299424,-0.048802268,-0.950985312,-1.047328591,0.855005562,-0.015727604,-0.052235238,0.515741765
452,1056559,75993,moving,stationary_B,-0.878720045,1.492698550,-0.155349255,-0.032345481,0.893427193,0.275806963,0.353089422,-0.111276947,-0.862366199,-1.168189168,0.848133445,-0.034299944,-0.037194911,0.527361155,0.021561801,-0.899424076,-1.199934363,0.835372210,-0.051830318,-0.095174231,0.538895845,-0.049100667,-0.955171406,-1.045005322,0.853828132,-0.016221980,-0.053324006,0.517562568
453,1056725,76159,moving,stationary_B,-0.881678224,1.493274093,-0.155605316,-0.032857466,0.894360602,0.274240017,0.351897627,-0.108254224,-0.864521027,-1.160780787,0.841808081,-0.032505002,-0.033339936,0.537764907,0.024542335,-0.905184746,-1.197327495,0.834432840,-0.052079521,-0.092543997,0.540781975,-0.046561260,-0.960904658,-1.042222619,0.851249099,-0.015874442,-0.051737159,0.521963894
454,1056892,76326,moving,stationary_B,-0.884179354,1.493487716,-0.156215549,-0.032821700,0.894982636,0.273804039,0.350656778,-0.108098939,-0.868215203,-1.162121534,0.842966795,-0.033476256,-0.036119055,0.535706639,0.025326431,-0.896502495,-1.182591796,0.826801419,-0.050953254,-0.091861844,0.552598059,-0.045838010,-0.956553876,-1.035096765,0.849337935,-0.018427040,-0.046950679,0.525434196
455,1057059,76493,moving,stationary_B,-0.885605812,1.493509531,-0.157160997,-0.033292245,0.895553112,0.273728102,0.349212348,-0.105611734,-0.854952812,-1.145370364,0.832711577,-0.030803213,-0.030136211,0.552027583,0.026059814,-0.899409771,-1.185727358,0.824581981,-0.046404876,-0.085181594,0.557364464,-0.044842988,-0.956061304,-1.034880280,0.849086225,-0.018489541,-0.044290360,0.526069462
456,1057226,76660,moving,stationary_B,-0.886486650,1.493375540,-0.158730984,-0.033908475,0.895729780,0.273589581,0.348808199,-0.105735779,-0.866584122,-1.162892342,0.842629731,-0.034753293,-0.031057538,0.536472678,0.027301088,-0.905385137,-1.195000887,0.834053695,-0.052913904,-0.090543717,0.541624010,-0.044680409,-0.956766903,-1.036628127,0.851872742,-0.016400309,-0.040987894,0.521884978
457,1057393,76827,moving,stationary_B,-0.886668801,1.493397474,-0.160617232,-0.033075903,0.895926952,0.273390234,0.348537862,-0.108288199,-0.868585408,-1.164344668,0.848018825,-0.034188215,-0.033488978,0.527800977,0.024917386,-0.902271628,-1.190260053,0.830762148,-0.053112250,-0.084795706,0.547561109,-0.047097914,-0.956455767,-1.035699248,0.849122345,-0.017724121,-0.042343840,0.526197731
458,1057559,76993,moving,stationary_B,-0.886865258,1.493651628,-0.161766171,-0.033405185,0.896148324,0.272832513,0.348374367,-0.107948549,-0.867592752,-1.161082268,0.841770053,-0.034282733,-0.035221200,0.537593961,0.024822891,-0.894029021,-1.177936196,0.820955396,-0.051265225,-0.086581968,0.562056601,-0.046685848,-0.959865689,-1.038468599,0.852787316,-0.020632418,-0.049593832,0.519488811
459,1057713,77147,moving,stationary_B,-0.887351632,1.493696451,-0.161957622,-0.033531755,0.896191835,0.272590846,0.348439425,-0.108117886,-0.869437754,-1.162929535,0.843335986,-0.034727108,-0.036324419,0.535031736,0.024814736,-0.892843246,-1.175390244,0.821610630,-0.052093107,-0.087081268,0.560944915,-0.046754196,-0.960423589,-1.037732363,0.849401057,-0.015690826,-0.042983927,0.525760472
460,1057892,77326,moving,stationary_B,-0.888265967,1.493487000,-0.161749721,-0.034123745,0.896178663,0.272779137,0.348268509,-0.106717400,-0.859870076,-1.151567340,0.838590443,-0.032334276,-0.026706737,0.543145895,0.026023965,-0.898159742,-1.184406996,0.828025281,-0.051898856,-0.092402600,0.550583720,-0.045382753,-0.961818397,-1.040581226,0.854983449,-0.019930631,-0.044401661,0.516366839
461,1058088,77522,moving,stationary_B,-0.888828278,1.493604064,-0.161558867,-0.034025040,0.896226048,0.272276700,0.348549157,-0.108283058,-0.872350991,-1.164530873,0.849848986,-0.037668269,-0.042837467,0.523930132,0.025632426,-0.898490310,-1.180831313,0.827323914,-0.051732540,-0.094298452,0.551331699,-0.045924336,-0.960217714,-1.035452604,0.850769699,-0.018281046,-0.046588436,0.523150384
462,1058295,77729,moving,stationary_B,-0.889318347,1.493812919,-0.160626769,-0.033847429,0.896489382,0.271778822,0.348277926,-0.107452177,-0.869890332,-1.156428576,0.842190564,-0.028851818,-0.030306591,0.537553847,0.026114013,-0.904398203,-1.183396935,0.827431083,-0.047536269,-0.089252263,0.552387655,-0.045452096,-0.961130679,-1.032568932,0.849598467,-0.017869065,-0.044059508,0.525282800
463,1058490,77924,moving,stationary_B,-0.889749885,1.494095325,-0.159700274,-0.033925150,0.896778047,0.270975471,0.348153025,-0.105254054,-0.873642683,-1.156448722,0.840890765,-0.033806831,-0.030492814,0.539286494,0.027760550,-0.901282430,-1.174349785,0.824230134,-0.051086396,-0.086412728,0.557285964,-0.044225268,-0.965763688,-1.033293247,0.851566970,-0.016038058,-0.041849080,0.522326767
464,1058684,78118,moving,stationary_B,-0.889832139,1.494027972,-0.158916950,-0.034880351,0.896772563,0.270884395,0.348143697,-0.102513276,-0.871715665,-1.154888630,0.843290508,-0.037176039,-0.025123697,0.535581827,0.030490249,-0.904731512,-1.179134130,0.825904250,-0.053363256,-0.085674256,0.554702222,-0.041869976,-0.965149999,-1.032690287,0.850790977,-0.015639067,-0.038741633,0.523840904
465,1058892,78326,moving,stationary_B,-0.889557004,1.493676305,-0.158252478,-0.034631878,0.896786571,0.271328151,0.347786665,-0.102562144,-0.876933634,-1.161942244,0.848275065,-0.035308305,-0.030924013,0.527471840,0.030570470,-0.899413645,-1.174309969,0.823935628,-0.051929019,-0.086086027,0.557693958,-0.041444696,-0.966019094,-1.034423947,0.849407017,-0.016278202,-0.042980351,0.525733173
466,1059087,78521,moving,stationary_B,-0.888224244,1.493830800,-0.157890320,-0.034284268,0.897017300,0.270760268,0.347668588,-0.101732746,-0.874206662,-1.156107426,0.839599192,-0.034963138,-0.034869619,0.540957391,0.031703651,-0.906160057,-1.179353118,0.825338125,-0.051500309,-0.087694533,0.555404603,-0.039915562,-0.956619680,-1.023163557,0.839750051,-0.017761199,-0.046756174,0.540664673
467,1059294,78728,moving,stationary_B,-0.886708498,1.493984938,-0.157165885,-0.033332888,0.897215486,0.270634979,0.347347111,-0.100818329,-0.871315598,-1.151304364,0.842583179,-0.036771037,-0.039841063,0.535830379,0.033094309,-0.917567134,-1.192181706,0.835126817,-0.054476961,-0.089071199,0.540057123,-0.039806824,-0.959361553,-1.024201632,0.842160940,-0.016779186,-0.043534745,0.537204027
468,1059489,78923,moving,stationary_B,-0.885888457,1.493647814,-0.156565309,-0.033154037,0.896874070,0.271302193,0.347725213,-0.102108881,-0.871833920,-1.154510975,0.838495135,-0.034096405,-0.032549396,0.542866349,0.031338654,-0.905919611,-1.180404425,0.826977730,-0.049450796,-0.089455910,0.552865326,-0.040609270,-0.960964918,-1.028472662,0.842369735,-0.019886902,-0.046007682,0.536564112
469,1059684,79118,moving,stationary_B,-0.885295272,1.493392110,-0.156499863,-0.032620922,0.896886349,0.271812528,0.347345293,-0.101770565,-0.867102265,-1.152388811,0.844952464,-0.042993091,-0.050256260,0.530736566,0.031350628,-0.901065469,-1.176935554,0.825892210,-0.053743932,-0.093982905,0.553336143,-0.040628891,-0.960987091,-1.030841708,0.847619176,-0.020940930,-0.047208328,0.528085709
470,1059892,79326,moving,stationary_B,-0.885135770,1.493232608,-0.156469107,-0.032564647,0.897142947,0.272103786,0.346458673,-0.099860623,-0.876026392,-1.163162231,0.839582801,-0.026269328,-0.008694992,0.542526543,0.033171341,-0.899672270,-1.176073551,0.822987199,-0.054423634,-0.084392212,0.559113741,-0.039598808,-0.959690511,-1.030692935,0.847530186,-0.017005250,-0.038433440,0.529080570
471,1060087,79521,moving,stationary_B,-0.885087371,1.493369460,-0.156046867,-0.031837113,0.897136688,0.272235334,0.346439153,-0.102295175,-0.871656895,-1.157513380,0.840729296,-0.035481378,-0.037774868,0.538969755,0.030553073,-0.897804379,-1.172721624,0.824321628,-0.054392494,-0.091440275,0.556034148,-0.041799653,-0.959746242,-1.029484034,0.846405685,-0.019333268,-0.040092543,0.530675232
472,1060282,79716,moving,stationary_B,-0.884917974,1.493252158,-0.154721618,-0.031196278,0.896348238,0.273210526,0.347767979,-0.106698416,-0.878933430,-1.169407368,0.850207984,-0.032325007,-0.034191325,0.524340034,0.027301103,-0.909435511,-1.190562606,0.834853649,-0.055871941,-0.094283991,0.539451778,-0.045135368,-0.959150195,-1.031150460,0.851878941,-0.023455782,-0.049809396,0.520837069
473,1060475,79909,moving,stationary_B,-0.884609222,1.492807865,-0.154080868,-0.030742008,0.895288050,0.274343222,0.349642724,-0.111316919,-0.873610377,-1.165819049,0.846129060,-0.027185991,-0.030732108,0.531396389,0.022104882,-0.890629590,-1.171306610,0.825092554,-0.054742809,-0.100738801,0.553242505,-0.048906557,-0.954010904,-1.029394150,0.847788513,-0.019742958,-0.047400005,0.527843058
474,1060672,80106,moving,stationary_B,-0.884313703,1.492265940,-0.154544234,-0.031834755,0.893950045,0.275213867,0.352274328,-0.113910489,-0.867764592,-1.165285349,0.844499886,-0.030749641,-0.035705868,0.533478558,0.018973362,-0.890777349,-1.179758310,0.827433765,-0.051124219,-0.096995130,0.550755501,-0.051552054,-0.953656912,-1.035097599,0.850627124,-0.019820780,-0.059265763,0.522042334
475,1060881,80315,moving,stationary_B,-0.885240674,1.490729094,-0.154579997,-0.033343043,0.891710937,0.278889298,0.354909331,-0.119950809,-0.857587278,-1.172320247,0.849211812,-0.028366007,-0.036868375,0.525999486,0.013510063,-0.881968260,-1.189917326,0.832658231,-0.050706860,-0.110270336,0.540323615,-0.056072690,-0.936921477,-1.034931421,0.850293219,-0.012935637,-0.047497150,0.524002016
476,1061087,80521,moving,stationary_B,-0.887437463,1.488749504,-0.153807998,-0.036352396,0.889395833,0.283557326,0.356719553,-0.122105062,-0.842180550,-1.174592733,0.852242827,-0.021456568,-0.041666191,0.521042943,0.010845963,-0.862959564,-1.187869787,0.827879190,-0.046745479,-0.102345183,0.549505651,-0.057680495,-0.931085050,-1.047099471,0.853862762,-0.009345628,-0.051258925,0.517883778
477,1061282,80716,moving,stationary_B,-0.888762116,1.487583637,-0.152367949,-0.037895914,0.888185680,0.286169261,0.357487470,-0.123051412,-0.835929990,-1.180745721,0.853816211,-0.025035450,-0.037434053,0.518623114,0.010441896,-0.868777454,-1.211331725,0.840861559,-0.044232368,-0.101756342,0.529755712,-0.057897776,-0.925364375,-1.053450704,0.856466889,-0.005588370,-0.048029575,0.513932347
478,1061477,80911,moving,stationary_B,-0.889336109,1.486438036,-0.151191592,-0.038339164,0.886607945,0.288981467,0.359090805,-0.127564043,-0.834448397,-1.191304684,0.862544119,-0.020801730,-0.038537946,0.504083216,0.005508296,-0.846525908,-1.194379449,0.833366036,-0.040722847,-0.100162812,0.542042494,-0.062108442,-0.915127635,-1.052093744,0.855336547,-0.007585642,-0.052686170,0.515331030
479,1061672,81106,moving,stationary_B,-0.890755534,1.485490441,-0.150073171,-0.040063523,0.885808408,0.290689111,0.359497219,-0.126391813,-0.823238194,-1.185011387,0.857208371,-0.024469379,-0.038078409,0.512976706,0.005848106,-0.845163226,-1.201550722,0.835989058,-0.039787531,-0.099586479,0.538165331,-0.061098166,-0.908827782,-1.052188396,0.852857709,-0.006649011,-0.063198403,0.518262148
480,1061866,81300,moving,stationary_B,-0.892047763,1.485018969,-0.149770379,-0.040976293,0.885001063,0.291758299,0.360515147,-0.127687812,-0.818436503,-1.181377888,0.854043841,-0.013722011,-0.042456467,0.518284082,0.004831057,-0.844123244,-1.205083609,0.838366389,-0.040105388,-0.107901461,0.532813907,-0.062540248,-0.908022285,-1.055008411,0.860665262,-0.004726863,-0.049882114,0.506699860
481,1062073,81507,moving,stationary_B,-0.892700076,1.484710932,-0.150345445,-0.041669805,0.884638965,0.292699337,0.360561520,-0.127455592,-0.814098120,-1.181360722,0.856484413,-0.015804900,-0.043448232,0.514098287,0.004831560,-0.841998339,-1.208131790,0.838868320,-0.036743984,-0.103183575,0.533200681,-0.062433757,-0.906417429,-1.057554483,0.859553218,-0.003765140,-0.050127540,0.508567810
482,1062268,81702,moving,stationary_B,-0.893153071,1.484888196,-0.151638746,-0.041731615,0.885044456,0.292116940,0.360031247,-0.127249971,-0.815503299,-1.181850910,0.852899313,-0.013537806,-0.039495569,0.520403266,0.005271316,-0.836007118,-1.198054671,0.835983694,-0.039369956,-0.100973509,0.537945688,-0.061921354,-0.910548449,-1.061237097,0.866223574,-0.007133531,-0.064469501,0.495428681
483,1062461,81895,moving,stationary_B,-0.894489646,1.484967470,-0.152963161,-0.042268328,0.885687828,0.292258441,0.358267397,-0.124465920,-0.809812248,-1.176423192,0.853392959,-0.021842916,-0.052762065,0.518130720,0.007715426,-0.848398924,-1.216372848,0.840975761,-0.043188144,-0.101798408,0.529652417,-0.060186222,-0.906685054,-1.058773518,0.859627604,-0.005562623,-0.047915492,0.508638978
484,1062656,82090,moving,stationary_B,-0.896780252,1.484876394,-0.153807282,-0.043294579,0.886253893,0.292682260,0.356394053,-0.121384345,-0.805109024,-1.174684405,0.859277368,-0.031619400,-0.070520662,0.505637705,0.010748010,-0.847405791,-1.218459606,0.845360637,-0.042193700,-0.101348191,0.522794008,-0.057622802,-0.905240595,-1.060133934,0.861813724,-0.006487916,-0.045913253,0.505100906
485,1062851,82285,moving,stationary_B,-0.898607135,1.484209061,-0.153789878,-0.044498324,0.885897279,0.294236183,0.355852485,-0.121975541,-0.815518558,-1.196777582,0.864483118,-0.025723558,-0.044039603,0.500067770,0.011300165,-0.831551790,-1.204923630,0.840152204,-0.040386066,-0.098581478,0.531784713,-0.057139054,-0.900481701,-1.061420202,0.865608811,-0.010328848,-0.052915301,0.497809917
486,1063047,82481,moving,stationary_B,-0.899347305,1.483443260,-0.152149916,-0.044330314,0.885549903,0.296004683,0.355270922,-0.121777348,-0.805543065,-1.187907338,0.857065201,-0.022487327,-0.045744278,0.512680352,0.010920040,-0.828208745,-1.205559850,0.839840949,-0.040938646,-0.103182763,0.531360984,-0.057498716,-0.896825433,-1.061504006,0.864942610,-0.010392202,-0.054851290,0.498756111
487,1063253,82687,moving,stationary_B,-0.899755836,1.483420372,-0.150584221,-0.043898266,0.885909319,0.296041310,0.354396880,-0.119937189,-0.801670313,-1.178973436,0.853790283,-0.023209170,-0.029523715,0.519260883,0.012696467,-0.837343812,-1.215199113,0.844838917,-0.047299623,-0.096469253,0.524121881,-0.056967579,-0.899896383,-1.062023997,0.865956247,-0.012234944,-0.054073807,0.497037411
488,1063449,82883,moving,stationary_B,-0.899957776,1.483649373,-0.149806619,-0.043170597,0.886240363,0.295906633,0.353770465,-0.119740844,-0.803471029,-1.178465128,0.851849198,-0.030977996,-0.039487012,0.521377146,0.012970902,-0.840699196,-1.215281725,0.843758941,-0.047279451,-0.096099339,0.525928199,-0.056879379,-0.903072119,-1.062050223,0.865812898,-0.011151480,-0.050919179,0.497645408
489,1063656,83090,moving,stationary_B,-0.900063992,1.484071612,-0.149794459,-0.043047965,0.886445642,0.295120567,0.353927761,-0.119859882,-0.807004988,-1.177666664,0.851968586,-0.024544232,-0.032291148,0.522019506,0.012983959,-0.844000280,-1.214772582,0.843340576,-0.046052169,-0.094695911,0.526961565,-0.056740783,-0.910792351,-1.066811562,0.872317374,-0.011313953,-0.048392911,0.486407876
490,1063852,83286,moving,stationary_B,-0.899928093,1.484659672,-0.150101185,-0.042431056,0.886898279,0.293916047,0.353870600,-0.119929597,-0.811577857,-1.178968906,0.857646942,-0.031570435,-0.039319489,0.511760652,0.012814544,-0.848096371,-1.214184761,0.844949961,-0.043765806,-0.093613110,0.524767399,-0.056926601,-0.908844829,-1.059130549,0.863075972,-0.012267600,-0.051791217,0.502261937
491,1064046,83480,moving,stationary_B,-0.900014162,1.484753489,-0.149930477,-0.042242471,0.887119412,0.293676138,0.353537917,-0.119516812,-0.810302734,-1.175104260,0.851180673,-0.029956352,-0.039462391,0.522529364,0.013529319,-0.850401998,-1.215686321,0.846277714,-0.047181223,-0.103887782,0.520379961,-0.056206845,-0.909079254,-1.058054566,0.865809321,-0.012468204,-0.044437930,0.498241007
492,1064240,83674,moving,stationary_B,-0.899631858,1.485248685,-0.149498582,-0.041514177,0.887543619,0.292884737,0.353215814,-0.119554244,-0.817057490,-1.178372741,0.856066883,-0.029945692,-0.036218986,0.514724076,0.013733353,-0.855056405,-1.214969754,0.844123006,-0.043878552,-0.096117340,0.525635302,-0.055995904,-0.913625300,-1.057267666,0.864403248,-0.013152779,-0.042538051,0.500823855
493,1064435,83869,moving,stationary_B,-0.899405003,1.486499548,-0.148910642,-0.040481403,0.888308287,0.290135145,0.353682458,-0.119943127,-0.827035844,-1.176371217,0.857329965,-0.025725378,-0.034600921,0.512958407,0.013582055,-0.849894404,-1.192676902,0.833071351,-0.047872704,-0.099877760,0.541963875,-0.055886954,-0.913387656,-1.045021057,0.856241643,-0.016208282,-0.053317845,0.513560772
494,1064629,84063,moving,stationary_B,-0.899140000,1.486637712,-0.147654772,-0.039998747,0.888320565,0.290214032,0.353641897,-0.119582415,-0.825778842,-1.173320293,0.853802741,-0.028162023,-0.037235186,0.518499196,0.013856594,-0.851861060,-1.193842411,0.835617483,-0.045660309,-0.098624095,0.538453281,-0.056201920,-0.918862939,-1.049488902,0.858833730,-0.012529774,-0.047839519,0.509861887
495,1064838,84272,moving,stationary_B,-0.898737192,1.486857533,-0.147006512,-0.039511155,0.888275921,0.289889276,0.354074806,-0.120142631,-0.828933656,-1.175166011,0.852970660,-0.028656384,-0.037390016,0.519828796,0.012865257,-0.863809943,-1.207156897,0.842954040,-0.047368098,-0.096381582,0.527157843,-0.056865439,-0.921752632,-1.050480723,0.864474297,-0.017595280,-0.058683563,0.498929709
496,1065031,84465,moving,stationary_B,-0.898151755,1.487262487,-0.146573424,-0.039135560,0.888639688,0.288837492,0.354063332,-0.119215705,-0.828053296,-1.167885423,0.848683655,-0.028187554,-0.038309887,0.526757956,0.013964705,-0.857501745,-1.192623496,0.834311903,-0.046028346,-0.098604120,0.540446460,-0.055677626,-0.928045094,-1.052579284,0.860711277,-0.010966949,-0.043958157,0.507073402
497,1065226,84660,moving,stationary_B,-0.897450328,1.487246871,-0.145735860,-0.038963821,0.888755858,0.288512439,0.354055703,-0.117595211,-0.836858034,-1.177839637,0.862150073,-0.028133169,-0.025548918,0.505225778,0.014154725,-0.857629657,-1.190629482,0.834990680,-0.044929143,-0.099169359,0.539386153,-0.054579638,-0.927386403,-1.050238490,0.863119841,-0.014558950,-0.056074519,0.501665175
498,1065420,84854,moving,stationary_B,-0.895830750,1.487755179,-0.144898295,-0.037950002,0.888787627,0.287695795,0.354749918,-0.119217992,-0.833818555,-1.167373776,0.850175619,-0.029527918,-0.040173262,0.524133205,0.013922989,-0.861829042,-1.189875007,0.832024097,-0.045451496,-0.097628176,0.544186473,-0.055547178,-0.923912764,-1.041468620,0.851826668,-0.008691908,-0.046514854,0.521682024
499,1065629,85063,moving,stationary_B,-0.894040704,1.488018990,-0.143635511,-0.036760155,0.888896108,0.287116528,0.355072558,-0.119627222,-0.836741984,-1.167275667,0.848787129,-0.027510548,-0.036056306,0.526786029,0.013043966,-0.875822127,-1.204860687,0.841436684,-0.047785670,-0.098051876,0.529232264,-0.056681611,-0.932656229,-1.047319770,0.857897043,-0.013139705,-0.055737790,0.510620475
500,1065823,85257,moving,stationary_B,-0.892750859,1.488104343,-0.142323971,-0.035816673,0.888837397,0.287102610,0.355327070,-0.119896330,-0.839437008,-1.169745207,0.852876484,-0.030763812,-0.034823932,0.520040989,0.012680084,-0.876026571,-1.203510284,0.841694236,-0.050340801,-0.099474974,0.528319359,-0.057043351,-0.935499251,-1.049507022,0.863583624,-0.017082892,-0.063748404,0.499867618
501,1066018,85452,moving,stationary_B,-0.892464280,1.487768888,-0.141723633,-0.035541844,0.888755381,0.287707269,0.355070740,-0.119416140,-0.829069972,-1.159006715,0.848227262,-0.033217896,-0.052374087,0.525988698,0.012532596,-0.872429729,-1.201175094,0.840352297,-0.048651747,-0.098689191,0.530755579,-0.057046499,-0.932209253,-1.047705293,0.853353441,-0.013437183,-0.055097230,0.518239021
502,1066213,85647,moving,stationary_B,-0.892963290,1.487514257,-0.142220020,-0.035823647,0.888596237,0.287928224,0.355261624,-0.119499102,-0.823576093,-1.152723789,0.843292713,-0.029511010,-0.043230284,0.534899592,0.011416346,-0.864707768,-1.192002773,0.832257211,-0.043950852,-0.097882174,0.543907404,-0.057265170,-0.931132078,-1.048007011,0.861811638,-0.016075578,-0.058806572,0.503551483
503,1066421,85855,moving,stationary_B,-0.893596053,1.487477899,-0.143417478,-0.036219489,0.888749421,0.287757218,0.354976594,-0.119794801,-0.835366488,-1.168787837,0.851950586,-0.030708257,-0.039421599,0.521232367,0.012885224,-0.875299871,-1.206975222,0.842739820,-0.048969511,-0.096566215,0.527320147,-0.056974456,-0.931865573,-1.049241185,0.861084044,-0.014946427,-0.058662571,0.504846156
504,1066615,86049,moving,stationary_B,-0.894382596,1.487585306,-0.144538641,-0.036997579,0.888971508,0.287549376,0.354508400,-0.119084299,-0.833078921,-1.166048527,0.849152088,-0.031624679,-0.042958025,0.525447726,0.013974022,-0.862490058,-1.190293789,0.834012330,-0.046195462,-0.100091338,0.540621161,-0.055428788,-0.928642631,-1.046337366,0.856580913,-0.008905997,-0.042298511,0.514199018
505,1066810,86244,moving,stationary_B,-0.895116091,1.487844825,-0.144861937,-0.037036486,0.889235437,0.287370980,0.353986710,-0.119150564,-0.833692074,-1.165284038,0.843846083,-0.029758371,-0.041939806,0.534115553,0.013890646,-0.862340629,-1.187979579,0.832514524,-0.045197655,-0.097862594,0.543414831,-0.055718027,-0.933137596,-1.049367189,0.862168431,-0.018674722,-0.051085133,0.503693461
506,1067004,86438,moving,stationary_B,-0.896302342,1.488080859,-0.144904613,-0.036856338,0.889414072,0.287020862,0.353840709,-0.119508378,-0.837673128,-1.167585135,0.849914193,-0.030899089,-0.036967002,0.524713814,0.013188802,-0.875025630,-1.202132344,0.841599405,-0.049659457,-0.097064823,0.528982818,-0.056899849,-0.933758438,-1.047764540,0.862740695,-0.016912816,-0.059829690,0.501809657
507,1067199,86633,moving,stationary_B,-0.898236156,1.487921119,-0.144862294,-0.037027895,0.889486432,0.287808865,0.352999836,-0.119502105,-0.834952295,-1.166588426,0.846979082,-0.029156083,-0.037182916,0.529522240,0.013341911,-0.861311674,-1.186515689,0.832775474,-0.046019167,-0.093566105,0.543702781,-0.056762170,-0.929613709,-1.045431018,0.856934428,-0.019932002,-0.062930033,0.511180937
508,1067393,86827,moving,stationary_B,-0.900244832,1.487295747,-0.145212054,-0.038665056,0.889300227,0.288977802,0.352337897,-0.117232144,-0.830603182,-1.168236613,0.855012000,-0.033667076,-0.029542541,0.516670406,0.014497191,-0.860475659,-1.192075491,0.835850596,-0.047892123,-0.097316042,0.538135409,-0.055174801,-0.925981581,-1.046690464,0.857467234,-0.010811339,-0.043439623,0.512587607
509,1067588,87022,moving,stationary_B,-0.900950789,1.487359405,-0.146215439,-0.039330669,0.889110625,0.288276136,0.353316098,-0.119269274,-0.831741691,-1.167628765,0.851051986,-0.031102521,-0.042461932,0.522436678,0.014078595,-0.861580312,-1.192694664,0.837534845,-0.046813570,-0.100010574,0.535109162,-0.055935256,-0.922684431,-1.042119026,0.858483732,-0.014376213,-0.052018654,0.509993136
510,1067782,87216,moving,stationary_B,-0.900741100,1.487589478,-0.147366285,-0.038971782,0.889289200,0.287581801,0.353472292,-0.119631343,-0.834353924,-1.167722106,0.851566136,-0.031130709,-0.036507472,0.522047222,0.012884643,-0.872859240,-1.204482794,0.841379464,-0.047997665,-0.096251398,0.529634416,-0.057122204,-0.931240559,-1.048944354,0.859755695,-0.012056538,-0.052734099,0.507832587
511,1067990,87424,moving,stationary_B,-0.900177360,1.488053560,-0.148480058,-0.038375575,0.889896214,0.286522269,0.352869660,-0.119488195,-0.837823272,-1.168277740,0.849885106,-0.029562861,-0.037855837,0.524774432,0.013889752,-0.864419937,-1.188440681,0.833309710,-0.046709206,-0.098459505,0.541958392,-0.056299154,-0.929584920,-1.043340802,0.860300779,-0.014815351,-0.048882455,0.507221639
512,1068185,87619,moving,stationary_B,-0.898868799,1.488467216,-0.149352074,-0.037969373,0.890217662,0.285712183,0.352759719,-0.119593106,-0.838761687,-1.167441368,0.846174359,-0.028739929,-0.039261371,0.530680299,0.013694271,-0.864899635,-1.187034130,0.831504107,-0.045249283,-0.095578454,0.545360744,-0.056084603,-0.933575213,-1.046114087,0.860978544,-0.018774936,-0.051698849,0.505658746
513,1068380,87814,moving,stationary_B,-0.897523046,1.488567352,-0.150366306,-0.037260521,0.889930844,0.285450548,0.353769362,-0.122212663,-0.838887811,-1.168311834,0.850684166,-0.033577241,-0.045759607,0.522604227,0.011020925,-0.864925981,-1.187274456,0.830575824,-0.045699902,-0.096226476,0.546622157,-0.058518596,-0.935333133,-1.048281789,0.860280514,-0.018007651,-0.049608894,0.507081985
514,1068574,88008,moving,stationary_B,-0.896300435,1.488771677,-0.151198745,-0.036775153,0.890173256,0.284808904,0.353727311,-0.122456670,-0.841033876,-1.168815374,0.852188468,-0.028427592,-0.042790893,0.520706952,0.011043485,-0.865994334,-1.186611056,0.829897821,-0.047722787,-0.098260090,0.547117114,-0.058895245,-0.933609486,-1.044887304,0.857927442,-0.013907467,-0.049957652,0.511147082
515,1068781,88215,moving,stationary_B,-0.895840049,1.488784075,-0.151535034,-0.036302526,0.890483677,0.284750581,0.353041172,-0.120603532,-0.835164547,-1.162070394,0.853930235,-0.033672195,-0.057351694,0.516120255,0.011553653,-0.867594838,-1.188463211,0.832162142,-0.048863042,-0.099667870,0.543309152,-0.058201097,-0.936273098,-1.047633648,0.859353423,-0.012754788,-0.042826302,0.509425998
516,1068976,88410,moving,stationary_B,-0.895405054,1.488779664,-0.151626825,-0.036040150,0.890749753,0.285071433,0.352136791,-0.119820684,-0.840746164,-1.170125604,0.857586443,-0.034548391,-0.049838483,0.510752618,0.013061494,-0.875643134,-1.199582458,0.837311029,-0.050899070,-0.092967294,0.536355019,-0.057355583,-0.931486726,-1.043651223,0.854403079,-0.016085453,-0.053254474,0.516624272
517,1069171,88605,moving,stationary_B,-0.895428538,1.488897562,-0.151504755,-0.035968129,0.891260326,0.284480691,0.351328939,-0.116924956,-0.841061234,-1.168616414,0.856987119,-0.040710539,-0.050338328,0.511255145,0.015454583,-0.877827823,-1.200031400,0.836673021,-0.050638974,-0.094404437,0.537123621,-0.055484042,-0.934984207,-1.045390606,0.859158099,-0.017074244,-0.048018545,0.509166121
518,1069380,88814,moving,stationary_B,-0.895151973,1.489304066,-0.150651574,-0.035078842,0.892213106,0.283699661,0.349628001,-0.116105512,-0.843715250,-1.165862322,0.851165473,-0.038639408,-0.052176151,0.520866573,0.016964108,-0.870512962,-1.183226466,0.832191467,-0.051231023,-0.099694237,0.543041348,-0.053794697,-0.935467958,-1.039801240,0.850501776,-0.018106965,-0.048122790,0.523453057
519,1069574,89008,moving,stationary_B,-0.895104527,1.489662886,-0.148797750,-0.033981718,0.892741024,0.283122003,0.348856091,-0.113401294,-0.827451766,-1.138519645,0.842552602,-0.043351389,-0.065289058,0.532881856,0.018359601,-0.881348491,-1.190502286,0.832350314,-0.055131342,-0.089105926,0.544255257,-0.053403154,-0.944480777,-1.044387937,0.861933708,-0.022622950,-0.052781239,0.503758490
520,1069770,89204,moving,stationary_B,-0.895860314,1.489509106,-0.147067189,-0.033839017,0.892310202,0.283634186,0.349555552,-0.115664512,-0.832918167,-1.144276977,0.849410653,-0.042384889,-0.073538393,0.520861924,0.016416773,-0.868830562,-1.172958255,0.826325476,-0.051331464,-0.081779383,0.554854453,-0.054992054,-0.939251661,-1.037849307,0.852631748,-0.015101133,-0.044773128,0.520371556
521,1069962,89396,moving,stationary_B,-0.896818519,1.489343882,-0.145525694,-0.033879519,0.892117560,0.283476502,0.350170761,-0.116364807,-0.848244131,-1.161112666,0.853768885,-0.042233832,-0.057113085,0.515783966,0.016534079,-0.874823928,-1.177472591,0.824681163,-0.051606067,-0.067466095,0.559183478,-0.054920599,-0.940886378,-1.036960602,0.852245450,-0.015784368,-0.045122512,0.520953536
522,1070171,89605,moving,stationary_B,-0.897255540,1.489155173,-0.144331098,-0.033150930,0.892188072,0.284049362,0.349596143,-0.116544880,-0.850053787,-1.163370848,0.854844928,-0.042992283,-0.053478919,0.514326453,0.016109392,-0.874530435,-1.175739646,0.821917772,-0.057656378,-0.074954309,0.561701775,-0.055291519,-0.944581866,-1.040306449,0.855619907,-0.017133217,-0.044421662,0.515410304
523,1070365,89799,moving,stationary_B,-0.897763133,1.489054680,-0.143784046,-0.033221390,0.892639875,0.284042388,0.348439962,-0.112790428,-0.825477004,-1.131418347,0.838185012,-0.045924287,-0.070061095,0.538914025,0.018598184,-0.877175093,-1.178140879,0.822983146,-0.059653673,-0.079831958,0.559255779,-0.053473733,-0.942245543,-1.036675572,0.852204263,-0.023072664,-0.054888267,0.519810379
524,1070574,90008,moving,stationary_B,-0.898071647,1.489238024,-0.143737316,-0.032932337,0.892496765,0.283521295,0.349257380,-0.116100475,-0.848949134,-1.158218861,0.851713002,-0.043915246,-0.058242947,0.518906713,0.016653862,-0.868072689,-1.164299130,0.821337283,-0.052463796,-0.075186409,0.563027322,-0.054932330,-0.944149017,-1.037247539,0.853724301,-0.019313714,-0.048332501,0.518117547
525,1070767,90201,moving,stationary_B,-0.897640347,1.489396334,-0.142811179,-0.032438688,0.892912805,0.283392608,0.348343283,-0.113695793,-0.843996048,-1.147437572,0.831513405,-0.027999993,-0.028955368,0.554042518,0.018596426,-0.877844572,-1.172157407,0.815630376,-0.062094927,-0.075882114,0.570204616,-0.053451441,-0.947096169,-1.037213326,0.857394397,-0.022338750,-0.055679861,0.511151254
526,1070962,90396,moving,stationary_B,-0.896998525,1.489457846,-0.141563535,-0.031523138,0.893215477,0.283508480,0.347556323,-0.113573052,-0.848909736,-1.154067755,0.847200692,-0.044042349,-0.044926759,0.527534723,0.018868010,-0.878342152,-1.172379255,0.828902483,-0.052122351,-0.065512575,0.553093135,-0.053487621,-0.945195436,-1.033179402,0.850598276,-0.023493893,-0.053971838,0.522510886
527,1071156,90590,moving,stationary_B,-0.896593809,1.489456296,-0.140715241,-0.031282391,0.893223345,0.283647299,0.347444564,-0.113248304,-0.849440992,-1.154415369,0.849101126,-0.044411011,-0.053534191,0.523630679,0.019109704,-0.873494387,-1.166556597,0.828917086,-0.049728207,-0.073847011,0.552241147,-0.053020239,-0.951633692,-1.039891243,0.856640816,-0.023541884,-0.047955174,0.513140023
528,1071352,90786,moving,stationary_B,-0.896082282,1.489378691,-0.140276313,-0.030888619,0.893350065,0.283870876,0.346971005,-0.113280237,-0.852094948,-1.158210039,0.851414859,-0.044535212,-0.057710648,0.519402444,0.020120587,-0.872911513,-1.165851474,0.826072276,-0.048922375,-0.075505532,0.556336343,-0.052646518,-0.948132694,-1.036590576,0.851808310,-0.024355005,-0.050244991,0.520869374
529,1071559,90993,moving,stationary_B,-0.895749331,1.489252925,-0.139619470,-0.030736806,0.893741548,0.284368396,0.345566124,-0.110080808,-0.839260101,-1.143540859,0.852085650,-0.049900286,-0.079213463,0.514961541,0.021958120,-0.865483165,-1.154943228,0.803796768,-0.069158748,-0.087435782,0.584365308,-0.050366487,-0.950383067,-1.039882898,0.861672699,-0.028814763,-0.053638060,0.503798485
530,1071754,91188,moving,stationary_B,-0.895377040,1.489003658,-0.138554454,-0.030281173,0.894226909,0.284761101,0.344023824,-0.108284265,-0.848938048,-1.156636000,0.853815973,-0.048968147,-0.048402186,0.516001582,0.024727605,-0.879933417,-1.175915837,0.839340746,-0.046289355,-0.053143874,0.539017856,-0.049145192,-0.940754294,-1.029043555,0.847905397,-0.023356032,-0.040537503,0.528079271
531,1071949,91383,moving,stationary_B,-0.895538449,1.488573790,-0.137563944,-0.029725339,0.894143581,0.285646349,0.343554676,-0.110242143,-0.847406685,-1.155702710,0.855665445,-0.043755714,-0.051814921,0.513066471,0.023759477,-0.876933455,-1.174374700,0.837931633,-0.055850938,-0.066101760,0.538870931,-0.050434694,-0.951860428,-1.041883111,0.868530154,-0.027142406,-0.054170765,0.491918981
532,1072142,91576,moving,stationary_B,-0.895937800,1.488144636,-0.136805773,-0.029659348,0.894152105,0.286437064,0.342879236,-0.111631393,-0.829981148,-1.138600826,0.849724233,-0.051630665,-0.061093319,0.521124482,0.020627946,-0.867162764,-1.165868878,0.833913147,-0.054617323,-0.055725399,0.546351910,-0.054384336,-0.938249588,-1.031638384,0.854525745,-0.024820181,-0.041952059,0.517116785
533,1072338,91772,moving,stationary_B,-0.896183133,1.487954855,-0.136111259,-0.029453872,0.894233406,0.286828995,0.342356771,-0.114010729,-0.842032731,-1.155345678,0.858040512,-0.052440438,-0.055110343,0.507916570,0.019123409,-0.869332552,-1.168714285,0.832870841,-0.053358000,-0.058027931,0.547824681,-0.055908088,-0.938875198,-1.032708764,0.853902817,-0.024442893,-0.036987554,0.518540680
534,1072546,91980,moving,stationary_B,-0.896512866,1.487753749,-0.135522842,-0.028614311,0.894646525,0.287428051,0.340843111,-0.114628471,-0.830501497,-1.141605258,0.849343896,-0.048266590,-0.045208242,0.523680747,0.017463934,-0.861006618,-1.158870339,0.828950584,-0.062135145,-0.061090499,0.552492559,-0.058701888,-0.939627111,-1.034654975,0.858225346,-0.031011654,-0.046269145,0.510241926
535,1072741,92175,moving,stationary_B,-0.897169948,1.487436652,-0.135831714,-0.028688854,0.894985914,0.287869662,0.339570642,-0.119544826,-0.838599980,-1.157169700,0.853546917,-0.052418895,-0.047393255,0.516201258,0.014060546,-0.856343865,-1.156085134,0.810095906,-0.073616788,-0.076429002,0.576614201,-0.061427530,-0.936518788,-1.035398364,0.859373748,-0.026599951,-0.041797746,0.508942306
536,1072947,92381,moving,moving_B_to_A,-0.897920609,1.487622380,-0.136801362,-0.029027611,0.895243227,0.287420243,0.339244246,-0.123513974,-0.838053703,-1.155759335,0.856756985,-0.048071723,-0.032276563,0.512459695,0.009284474,-0.858118117,-1.159379005,0.828325152,-0.061704557,-0.063780606,0.553174615,-0.066998556,-0.940137863,-1.038336992,0.861901522,-0.033184890,-0.048891902,0.503620982
537,1073143,92577,moving,moving_B_to_A,-0.898176432,1.487697601,-0.136897564,-0.028954865,0.895376623,0.287461102,0.338863522,-0.127115160,-0.829903305,-1.146197557,0.857961059,-0.056501344,-0.056142632,0.507502198,0.005648911,-0.853217363,-1.151846766,0.808590412,-0.072316565,-0.076839745,0.578832924,-0.070554391,-0.929391384,-1.028046727,0.852386117,-0.029012803,-0.040985379,0.520496249
538,1073336,92770,moving,moving_B_to_A,-0.897799850,1.487757921,-0.136434436,-0.028601883,0.895570755,0.287440002,0.338398129,-0.128799558,-0.833748698,-1.152001262,0.853483260,-0.056156475,-0.047670167,0.515887976,0.002658606,-0.866783738,-1.172592402,0.834698498,-0.058675550,-0.089229099,0.540253401,-0.072859801,-0.931991100,-1.030590892,0.854907155,-0.029045098,-0.038861230,0.516507566
539,1073546,92980,moving,moving_B_to_A,-0.895913720,1.488138437,-0.136097670,-0.027079994,0.896316528,0.287328452,0.336638868,-0.133147210,-0.844420075,-1.162646770,0.859472513,-0.055125568,-0.031796269,0.507205367,-0.000426032,-0.875686944,-1.178022742,0.836042643,-0.072923802,-0.102273643,0.534092665,-0.077083029,-0.931702256,-1.027300239,0.848085761,-0.033510223,-0.031606756,0.527852774
540,1073755,93189,moving,moving_B_to_A,-0.892826676,1.488611102,-0.135177493,-0.025172757,0.897891223,0.286797136,0.333024204,-0.130994767,-0.835405350,-1.149470210,0.852394521,-0.062183019,-0.050097760,0.516766012,0.001819916,-0.862027645,-1.156995416,0.829096258,-0.069336429,-0.056946561,0.551859558,-0.077136680,-0.933699906,-1.027203083,0.849963725,-0.038745131,-0.038124330,0.524029732
541,1073950,93384,moving,moving_B_to_A,-0.889410377,1.489214659,-0.135171771,-0.023353657,0.899457693,0.285949141,0.329641610,-0.132826269,-0.845564902,-1.158773661,0.856063843,-0.061649915,-0.041510865,0.511498570,0.001468349,-0.874354064,-1.168712616,0.837388337,-0.071664549,-0.052658845,0.539325535,-0.078925826,-0.941584110,-1.032753348,0.855928183,-0.043281026,-0.039694335,0.513748884
542,1074144,93578,moving,moving_B_to_A,-0.886576295,1.489750981,-0.135984302,-0.022576945,0.900647521,0.284564912,0.327638745,-0.130426601,-0.843794346,-1.152563214,0.849745154,-0.064958289,-0.033741545,0.522087276,0.001744218,-0.865256727,-1.149275303,0.816781223,-0.080606714,-0.069754906,0.567014337,-0.078756720,-0.942383647,-1.029313207,0.855410278,-0.045604698,-0.039705943,0.514409423
543,1074337,93771,moving,moving_B_to_A,-0.884494424,1.490314603,-0.136776090,-0.022158589,0.901170850,0.283564597,0.327095121,-0.129951075,-0.842941642,-1.149037242,0.851221442,-0.069395959,-0.040362164,0.518630147,0.001693390,-0.864733934,-1.145640373,0.809830129,-0.081795007,-0.068154268,0.576922655,-0.078930333,-0.943846345,-1.028869629,0.847720683,-0.042921349,-0.032638181,0.527695179
544,1074546,93980,moving,moving_B_to_A,-0.882437825,1.490795493,-0.136606932,-0.020663219,0.901761472,0.282687426,0.326323599,-0.133831531,-0.869386673,-1.179419637,0.867683947,-0.067865252,-0.008444377,0.492389649,0.000318825,-0.876486480,-1.157499552,0.827156603,-0.081525482,-0.056367960,0.553162038,-0.081929341,-0.949711502,-1.031940341,0.856009543,-0.053113542,-0.044179998,0.512323022
545,1074740,94174,moving,moving_B_to_A,-0.879848361,1.491061211,-0.136289358,-0.018800648,0.902815998,0.282393605,0.323764861,-0.131419897,-0.851176798,-1.154987335,0.854474068,-0.074962504,-0.040454522,0.512462735,0.000896133,-0.875686169,-1.155131459,0.828459144,-0.078105018,-0.045586284,0.552699685,-0.081609562,-0.948250234,-1.029109716,0.851755440,-0.051521029,-0.037644476,0.520039439
546,1074935,94369,moving,moving_B_to_A,-0.877908111,1.491470098,-0.135984778,-0.018551413,0.903966904,0.281419635,0.321407318,-0.128598481,-0.855827749,-1.157161355,0.856385231,-0.075749211,-0.035857406,0.509490490,0.003362473,-0.873665929,-1.145077467,0.805602312,-0.097692505,-0.065795176,0.580630779,-0.079429567,-0.953611076,-1.031555891,0.855100632,-0.056485347,-0.040902011,0.513750315
547,1075142,94576,moving,moving_B_to_A,-0.876636386,1.492058635,-0.136232495,-0.017617386,0.904798329,0.279936284,0.320414275,-0.129523188,-0.859287024,-1.156747580,0.852315903,-0.078099988,-0.026912136,0.516462684,0.003185041,-0.883240223,-1.153565764,0.826683700,-0.083749451,-0.049528461,0.554190457,-0.080370441,-0.946781456,-1.020210981,0.845212758,-0.056380186,-0.039378658,0.529986739
548,1075337,94771,moving,moving_B_to_A,-0.876343846,1.492215872,-0.136755824,-0.017903697,0.905195475,0.279381037,0.319760621,-0.131109089,-0.856818497,-1.153387427,0.852283359,-0.082230978,-0.047071714,0.514427125,0.000788014,-0.878890276,-1.147698879,0.820343375,-0.083719328,-0.050298255,0.563469529,-0.082582332,-0.951211035,-1.024756789,0.850737989,-0.057092313,-0.035037145,0.521303952
549,1075545,94979,moving,moving_B_to_A,-0.876047254,1.492476583,-0.137457967,-0.017864773,0.906188369,0.278965294,0.317304134,-0.128215611,-0.856594145,-1.151761293,0.848976135,-0.077995792,-0.039603587,0.521140873,0.003495879,-0.878602505,-1.145264626,0.818036675,-0.089564875,-0.054627948,0.565517426,-0.080229260,-0.953002930,-1.025949955,0.848282039,-0.057664484,-0.034295131,0.525277436
550,1075740,95174,moving,moving_B_to_A,-0.876340747,1.492833376,-0.138678312,-0.017312801,0.907667398,0.278207123,0.313753039,-0.125269488,-0.858549416,-1.152151465,0.850545704,-0.081559427,-0.038403563,0.518117130,0.006475732,-0.897763729,-1.165781379,0.826161504,-0.102669299,-0.090832472,0.546503067,-0.078713566,-0.956367493,-1.026552439,0.849084616,-0.062822938,-0.032729883,0.523485899
551,1075950,95384,moving,moving_B_to_A,-0.875763059,1.493189335,-0.140460372,-0.015978772,0.909304619,0.277966470,0.309264302,-0.123599276,-0.870400786,-1.168112516,0.855087936,-0.085143119,-0.018313862,0.511116385,0.009173311,-0.902117133,-1.169529200,0.834137261,-0.101035081,-0.085807413,0.535391331,-0.077985875,-0.957125068,-1.027259350,0.848740458,-0.072352856,-0.036770977,0.522544384
552,1076142,95576,moving,moving_B_to_A,-0.874452710,1.493378043,-0.143145084,-0.014677519,0.911399364,0.277720362,0.303326815,-0.118355460,-0.866026461,-1.166050196,0.854536057,-0.093439959,-0.019072857,0.510561764,0.014749639,-0.890827417,-1.155503273,0.822426081,-0.108165622,-0.044315394,0.556733072,-0.075080596,-0.946816087,-1.020143509,0.845230281,-0.074778728,-0.021637214,0.528701961
553,1076351,95785,moving,moving_B_to_A,-0.873017669,1.493558884,-0.145189881,-0.014397235,0.913308203,0.277804762,0.297465026,-0.110091023,-0.858852744,-1.160880566,0.844501019,-0.100912653,-0.020257479,0.525570571,0.021195460,-0.881035566,-1.143680692,0.807988763,-0.116393015,-0.053907860,0.575065851,-0.069580391,-0.955538630,-1.031514525,0.850770354,-0.081317820,-0.025933359,0.518560231
554,1076560,95994,moving,moving_B_to_A,-0.870248437,1.493118048,-0.146158576,-0.014865257,0.914551377,0.278588235,0.292853862,-0.102517322,-0.859737158,-1.171725988,0.853845716,-0.104171239,-0.004746540,0.509973884,0.028655499,-0.878428519,-1.148589969,0.805582404,-0.125120208,-0.051728800,0.576806784,-0.063767463,-0.949186325,-1.032853246,0.850813389,-0.081796892,-0.013959871,0.518874764
555,1076769,96203,moving,moving_B_to_A,-0.865870595,1.492788672,-0.146693468,-0.012172286,0.915575981,0.279221892,0.289149880,-0.100321852,-0.857561707,-1.174402356,0.851108074,-0.107480958,-0.006421179,0.513830364,0.031076521,-0.884665132,-1.159848690,0.821109772,-0.124111839,-0.040733926,0.555621982,-0.063343711,-0.946174264,-1.034439683,0.849035263,-0.088010393,-0.011256668,0.520832598
556,1076977,96411,moving,moving_B_to_A,-0.862159848,1.492522955,-0.147599459,-0.011267747,0.916258812,0.279723942,0.286526382,-0.096702307,-0.849896967,-1.169201255,0.847460985,-0.110765561,-0.013364545,0.519001186,0.034856275,-0.887811542,-1.168211937,0.821443677,-0.128694355,-0.059467830,0.552387238,-0.060394246,-0.942038000,-1.033964872,0.847185433,-0.090076946,-0.010500913,0.523500443
557,1077185,96619,moving,moving_B_to_A,-0.858879447,1.492722273,-0.149263382,-0.010611380,0.916917264,0.279126257,0.285023957,-0.094798729,-0.854203701,-1.174568653,0.848353148,-0.109571964,-0.005697132,0.517936766,0.036140308,-0.893817961,-1.175010920,0.824299335,-0.128428757,-0.068472743,0.547127187,-0.059578300,-0.951014638,-1.043187737,0.854198992,-0.092320345,-0.018402243,0.511353612
558,1077393,96827,moving,moving_B_to_A,-0.856020689,1.493324876,-0.150083542,-0.008978354,0.917781889,0.277705848,0.283681661,-0.098413095,-0.860071421,-1.176213503,0.848783135,-0.118795477,-0.001649937,0.515220582,0.032289088,-0.892793179,-1.166639209,0.818472028,-0.130809933,-0.064292096,0.555750728,-0.063120902,-0.948542535,-1.035593033,0.848074436,-0.096645787,-0.016503299,0.520727396
559,1077600,97034,moving,moving_B_to_A,-0.852724195,1.494104266,-0.150951505,-0.007804518,0.918261290,0.276084840,0.283747196,-0.101622432,-0.862915576,-1.173419714,0.847094774,-0.110706508,0.006860205,0.519737959,0.029287860,-0.898535490,-1.168170452,0.821292222,-0.129068136,-0.060302559,0.552434683,-0.066249892,-0.952742398,-1.034335256,0.843998671,-0.099763811,-0.020701399,0.526578486
560,1077810,97244,moving,moving_B_to_A,-0.850102067,1.494912744,-0.152100921,-0.006790786,0.918781757,0.274130613,0.283983111,-0.104293868,-0.860123515,-1.161637664,0.840430856,-0.111939654,-0.007499330,0.530178547,0.026451293,-0.903449535,-1.166556001,0.820743740,-0.130357623,-0.062642083,0.552686810,-0.069054917,-0.956840456,-1.032455683,0.841082752,-0.098105565,-0.016758289,0.531671226
561,1078005,97439,moving,moving_B_to_A,-0.848958135,1.495179653,-0.153328776,-0.005557374,0.919177830,0.272913307,0.283900648,-0.107602306,-0.865078688,-1.162386298,0.842243791,-0.115897678,-0.023905838,0.525948465,0.024117984,-0.896929502,-1.152858973,0.820846438,-0.118206166,-0.024993407,0.558223724,-0.071601756,-0.957356215,-1.028147340,0.840632439,-0.095996335,-0.011537695,0.532905877
562,1078212,97646,moving,moving_B_to_A,-0.849730372,1.495259285,-0.154448748,-0.005795170,0.920061290,0.271994770,0.281908661,-0.106005564,-0.866949260,-1.162345290,0.840344250,-0.111367337,-0.003112240,0.530480146,0.024276890,-0.910668433,-1.166716099,0.820403993,-0.130180001,-0.068656541,0.552518606,-0.070941724,-0.957805812,-1.026808023,0.839932799,-0.097239077,-0.019875178,0.533537745
563,1078421,97855,moving,moving_B_to_A,-0.851862192,1.495803595,-0.155220151,-0.005898550,0.921358109,0.269960731,0.279617012,-0.108106516,-0.869614899,-1.155842304,0.837956250,-0.117231511,-0.015329694,0.532776713,0.022925451,-0.898492336,-1.138702512,0.799612880,-0.140325218,-0.050268769,0.581722617,,,,,,,
564,1078628,98062,moving,moving_B_to_A,-0.853918076,1.496007204,-0.154017329,-0.006101782,0.921721756,0.269328415,0.279023379,-0.113047384,-0.891564131,-1.177254200,0.849542379,-0.112019002,0.021608915,0.515036464,0.018340196,-0.903948426,-1.140383720,0.802767217,-0.135139450,-0.042772811,0.579200089,,,,,,,
565,1078838,98272,moving,moving_B_to_A,-0.854620576,1.495805740,-0.151285410,-0.005806167,0.921487570,0.269558519,0.279580295,-0.117801338,-0.880131721,-1.161382079,0.841988683,-0.116786793,-0.009205119,0.526622593,0.013985801,-0.903892994,-1.139040112,0.804236054,-0.134042844,-0.035927270,0.577880681,,,,,,,
566,1079032,98466,moving,moving_B_to_A,-0.853908062,1.495545506,-0.148600578,-0.004001517,0.921772361,0.270323157,0.277930021,-0.120932356,-0.884603977,-1.165317297,0.851185918,-0.116015553,-0.001188754,0.511880517,0.010665871,-0.918238640,-1.155737162,0.822897971,-0.134215683,-0.058327500,0.549020112,,,,,,,
567,1079240,98674,moving,moving_B_to_A,-0.852726817,1.495374560,-0.146861672,-0.003372174,0.922120988,0.271142811,0.275976628,-0.119238116,-0.879953027,-1.162315965,0.847797573,-0.119489849,0.006127873,0.516646743,0.011986315,-0.906430542,-1.141461253,0.807347715,-0.138114601,-0.043576676,0.572027266,,,,,,,
568,1079450,98884,moving,moving_B_to_A,-0.850722671,1.495392799,-0.146281242,-0.003294050,0.922221363,0.271816134,0.274977982,-0.121036932,-0.874666214,-1.160792112,0.842546999,-0.123948254,-0.013037037,0.524005175,0.009015191,-0.917120934,-1.159607887,0.820117116,-0.139334917,-0.074168511,0.549993336,,,,,,,
569,1079657,99091,moving,moving_B_to_A,-0.849866867,1.494652510,-0.147627831,-0.005314885,0.920434356,0.274943084,0.277810395,-0.128020659,-0.876045763,-1.183659196,0.852716148,-0.115746617,0.019644286,0.509010911,0.004318308,-0.900210381,-1.159984469,0.813700080,-0.137732968,-0.042909704,0.563099086,-0.093721658,-0.948067486,-1.023396730,0.834704280,-0.101480737,-0.016817430,0.541006088
570,1079865,99299,moving,moving_B_to_A,-0.848362446,1.493686080,-0.151306987,-0.008564017,0.918069124,0.281611651,0.278874010,-0.129914194,-0.840717673,-1.178757668,0.846172988,-0.116082571,-0.010566830,0.520004213,0.000639688,-0.885213971,-1.184618235,0.828659356,-0.129835710,-0.064214259,0.540687323,-0.095021136,-0.928311944,-1.037808418,0.843485653,-0.099223770,-0.022521675,0.527427137
571,1080074,99508,moving,moving_B_to_A,-0.845534444,1.494602084,-0.156101704,-0.006385489,0.919017255,0.280601561,0.276819974,-0.132439643,-0.842207789,-1.183933735,0.847062349,-0.122468904,-0.014273504,0.516994238,-0.001125034,-0.872169316,-1.168054223,0.816980422,-0.135929272,-0.042078983,0.558834136,-0.098747976,-0.932960510,-1.045096874,0.850995898,-0.101556964,-0.016597651,0.514991939
572,1080283,99717,moving,moving_B_to_A,-0.843827248,1.495192528,-0.161307573,-0.006073200,0.920190036,0.279122144,0.274416178,-0.133141339,-0.857341051,-1.204202890,0.855449200,-0.120019101,0.016885607,0.503504813,-0.001104183,-0.873505592,-1.170225024,0.815484643,-0.136856139,-0.039109934,0.561004162,-0.099259198,-0.933763981,-1.046751738,0.844928563,-0.103763156,-0.018199958,0.524402142
573,1080490,99924,moving,moving_B_to_A,-0.842311025,1.496042728,-0.166256428,-0.006153419,0.921638191,0.276844025,0.271850318,-0.129288271,-0.848127186,-1.189091802,0.850108266,-0.117011815,0.005303395,0.513416111,0.001787029,-0.875967741,-1.169238925,0.807867825,-0.143489435,-0.044740189,0.569876075,-0.096403636,-0.934675336,-1.046414614,0.842524350,-0.107340425,-0.020069893,0.527473271
574,1080699,100133,moving,moving_B_to_A,-0.839960933,1.496819019,-0.170887709,-0.006284282,0.922293484,0.274270475,0.272233158,-0.133317173,-0.856656849,-1.195958376,0.849061966,-0.119910538,0.000633040,0.514504433,-0.001575228,-0.878313303,-1.167427182,0.808311284,-0.142628327,-0.045150295,0.569430888,-0.101064563,-0.943333983,-1.052197099,0.847177565,-0.104726873,-0.009520070,0.520799220
575,1080908,100342,moving,moving_B_to_A,-0.838266134,1.497296095,-0.175073624,-0.006875666,0.922493458,0.271882504,0.273931444,-0.136483356,-0.857435346,-1.192825794,0.846570313,-0.117806137,0.007057270,0.519028664,-0.005160121,-0.882619262,-1.169162750,0.806179106,-0.144708619,-0.039045781,0.572372317,-0.103924200,-0.945257545,-1.051183105,0.843224406,-0.102011390,-0.008895568,0.527718723
576,1081117,100551,moving,moving_B_to_A,-0.836149812,1.498332620,-0.178292274,-0.006216392,0.923503339,0.267715901,0.274647355,-0.137375653,-0.861017108,-1.182955027,0.841357231,-0.121681191,-0.014329867,0.526408970,-0.006514527,-0.890453398,-1.166324377,0.803645670,-0.141527921,-0.048016269,0.576036394,-0.103919670,-0.949718058,-1.044126272,0.844202280,-0.099312074,-0.013619550,0.526568353
577,1081323,100757,moving,moving_B_to_A,-0.833920717,1.498500228,-0.180151939,-0.004578969,0.924158990,0.266586483,0.273570508,-0.143303692,-0.871193767,-1.193699837,0.845630765,-0.117682077,0.006191610,0.520596981,-0.011166219,-0.892729044,-1.165628433,0.800619245,-0.145211354,-0.041666161,0.579815865,-0.109423652,-0.953311861,-1.046166778,0.838944793,-0.101462439,-0.014301565,0.534483433
578,1081517,100951,moving,moving_B_to_A,-0.832478166,1.499026299,-0.182559729,-0.003640115,0.925150692,0.264397115,0.272354841,-0.144827008,-0.871391118,-1.188444495,0.840620339,-0.124626748,-0.000846166,0.527091086,-0.013473000,-0.891366363,-1.156372309,0.795839787,-0.145833999,-0.045051593,0.585953832,-0.112431213,-0.952890992,-1.040636539,0.837404490,-0.108608618,-0.012500289,0.535538614
579,1081725,101159,moving,moving_B_to_A,-0.832210660,1.499064684,-0.183911085,-0.002421303,0.925644159,0.263732433,0.271334141,-0.146336317,-0.867679238,-1.181555390,0.832578599,-0.122239158,-0.002492090,0.540244699,-0.015850568,-0.895444453,-1.159716249,0.797083974,-0.144732520,-0.042942777,0.584692717,-0.114968449,-0.953235924,-1.039720058,0.834399760,-0.105709344,-0.007072212,0.540881515
580,1081936,101370,moving,moving_B_to_A,-0.833168030,1.499204755,-0.184358716,-0.002647251,0.926141441,0.263037741,0.270307600,-0.146682560,-0.873267472,-1.186536312,0.838798404,-0.122414127,0.014090017,0.530314624,-0.016246047,-0.898970246,-1.162293792,0.802686274,-0.143314242,-0.034426112,0.577901900,-0.116008423,-0.959319651,-1.044105172,0.840771198,-0.111873373,-0.020713815,0.529300570
581,1082129,101563,moving,moving_B_to_A,-0.834516644,1.499106646,-0.184322238,-0.002285384,0.926398277,0.262530088,0.269923925,-0.149123833,-0.887873411,-1.200846076,0.847461522,-0.123900510,0.019309277,0.515834093,-0.016751681,-0.899960339,-1.158925891,0.798085034,-0.145400047,-0.036232509,0.583614826,-0.116721965,-0.963815391,-1.045432091,0.841226876,-0.109037235,-0.017796947,0.529274523
582,1082337,101771,moving,moving_B_to_A,-0.835687876,1.499226570,-0.183502316,-0.002002479,0.926314831,0.262349755,0.270387590,-0.151758313,-0.881741881,-1.189409375,0.844175220,-0.122417092,0.004917691,0.521879435,-0.019768517,-0.902584672,-1.159346461,0.802840590,-0.140657142,-0.032031219,0.578477859,-0.120121360,-0.963524699,-1.041931868,0.839881718,-0.109599099,-0.011792531,0.531457961
583,1082546,101980,moving,moving_B_to_A,-0.835503817,1.498868227,-0.182938933,-0.001797749,0.926288784,0.262796849,0.270043850,-0.154101744,-0.868742049,-1.176990390,0.834929764,-0.122933015,0.004788226,0.536429763,-0.023500960,-0.897340834,-1.155827761,0.794494212,-0.147817835,-0.039456416,0.587683618,-0.123177201,-0.955183864,-1.036643267,0.833471298,-0.112095810,-0.020057013,0.540701270
584,1082754,102188,moving,moving_B_to_A,-0.833002448,1.498688936,-0.182300806,-0.001003215,0.926834226,0.263003111,0.267967641,-0.154452711,-0.875088096,-1.188081980,0.842799902,-0.128829002,-0.002145479,0.522577226,-0.023017738,-0.896472573,-1.157019377,0.800457180,-0.148659706,-0.035593946,0.579570293,-0.123125881,-0.954284132,-1.037940979,0.837263882,-0.111978680,-0.020009048,0.534835994
585,1082962,102396,moving,moving_B_to_A,-0.830161929,1.498564243,-0.180500746,0.000897265,0.927908838,0.263327718,0.263899416,-0.151688382,-0.881614089,-1.196421742,0.845337927,-0.130460218,0.010385943,0.517953813,-0.020300444,-0.895925879,-1.154367208,0.793447375,-0.151637301,-0.034964778,0.588408649,-0.122096673,-0.955897689,-1.039613366,0.839158475,-0.117534272,-0.017587690,0.530744195
586,1083171,102605,moving,moving_B_to_A,-0.828375936,1.498504162,-0.178357840,0.003134339,0.928473830,0.263730198,0.261482239,-0.151635945,-0.877915859,-1.191730261,0.837277174,-0.138243467,0.013624626,0.528838396,-0.020993195,-0.898293853,-1.154672384,0.796296239,-0.159084812,-0.036257777,0.582485855,-0.123923257,-0.957981348,-1.041076899,0.835084975,-0.119643651,-0.006192566,0.536917329
587,1083379,102813,moving,moving_B_to_A,-0.828791857,1.498427868,-0.176924229,0.003725295,0.928658783,0.263825357,0.260720491,-0.152761802,-0.875877023,-1.187086105,0.840924025,-0.141755566,-0.001274860,0.522255242,-0.022321725,-0.902144432,-1.156726480,0.795496702,-0.161969960,-0.046702728,0.582039177,-0.125956252,-0.962317050,-1.043778896,0.841827095,-0.123873934,-0.016602999,0.525077939
588,1083587,103021,moving,moving_B_to_A,-0.830218673,1.498750210,-0.176037192,0.003813204,0.928804040,0.263208777,0.260824919,-0.155267775,-0.876953125,-1.183244586,0.836244643,-0.138756528,0.000132233,0.530510724,-0.024915855,-0.903299034,-1.153250575,0.795670271,-0.159922436,-0.041295383,0.582776368,-0.128492504,-0.963545918,-1.040422797,0.839396179,-0.124058478,-0.016828390,0.528904796
589,1083808,103242,moving,moving_B_to_A,-0.831998706,1.498935938,-0.175165415,0.004402445,0.928914905,0.263081938,0.260548800,-0.160758600,-0.874633014,-1.179223180,0.833418131,-0.140632600,-0.000677767,0.534449518,-0.030887328,-0.904713273,-1.153729200,0.799943626,-0.162923947,-0.032807179,0.576601863,-0.134912416,-0.962970972,-1.038399220,0.837562680,-0.127746582,-0.010682729,0.531088948
590,1084004,103438,moving,moving_B_to_A,-0.833346009,1.498564005,-0.174364567,0.005110329,0.928883970,0.263775110,0.259944528,-0.167805761,-0.873136342,-1.181038380,0.835307240,-0.142146721,0.005827959,0.531057656,-0.037517313,-0.906146407,-1.158048511,0.800668716,-0.159709543,-0.028185697,0.576739192,-0.142599255,-0.962598443,-1.041134000,0.840751231,-0.132358178,-0.015138766,0.524775743
591,1084213,103647,moving,moving_B_to_A,-0.834331274,1.498282552,-0.173881650,0.005219790,0.929221153,0.263947129,0.258558899,-0.170492768,-0.876492202,-1.186583757,0.840890586,-0.145861551,0.017693777,0.520878553,-0.039858054,-0.900969505,-1.151498079,0.795577943,-0.167428419,-0.033805989,0.581275046,-0.145134941,-0.954784572,-1.034045696,0.830897212,-0.132836029,-0.013953527,0.540157080
592,1084420,103854,moving,moving_B_to_A,-0.834948659,1.498160601,-0.173388243,0.006184072,0.929529488,0.264636666,0.256717891,-0.170615926,-0.876393795,-1.187954783,0.838147581,-0.148455188,0.014890531,0.524640739,-0.040099211,-0.901635885,-1.153594732,0.800283015,-0.165356010,-0.028263159,0.575678468,-0.146268278,-0.957796156,-1.037624121,0.833533168,-0.134436116,-0.009160815,0.535784900
593,1084629,104063,moving,moving_B_to_A,-0.835268617,1.498067737,-0.172563791,0.006911296,0.929769039,0.265076399,0.255374819,-0.170486882,-0.874730587,-1.186074615,0.836807907,-0.149142146,0.013049757,0.526629686,-0.040429130,-0.903314710,-1.155429482,0.801880777,-0.167122900,-0.033074319,0.572680771,-0.146614999,-0.957068980,-1.037136793,0.833198905,-0.135838151,-0.010404602,0.535928488
594,1084839,104273,moving,moving_B_to_A,-0.834961653,1.498465061,-0.172263384,0.007538047,0.930172145,0.264388114,0.254601389,-0.173971787,-0.874129593,-1.182121038,0.834337354,-0.147447914,0.012053077,0.531032026,-0.044299491,-0.906478882,-1.154895067,0.796356320,-0.174114481,-0.034373276,0.578203499,-0.151068509,-0.957759142,-1.035863400,0.833208442,-0.139510140,-0.015983166,0.534831941
595,1085034,104468,moving,moving_B_to_A,-0.834533095,1.498676777,-0.171519518,0.008605353,0.930449843,0.264243960,0.253700912,-0.177510411,-0.876525521,-1.184259772,0.837578595,-0.150024846,0.009365088,0.525230348,-0.047288410,-0.909430861,-1.157683372,0.799045086,-0.172027200,-0.026715821,0.575516999,-0.153686315,-0.954251647,-1.031121373,0.824414015,-0.138806760,-0.011385693,0.548584223
596,1085241,104675,moving,moving_B_to_A,-0.834443450,1.498695016,-0.171058416,0.009625962,0.930935383,0.264470726,0.251638502,-0.180480376,-0.879118562,-1.190186858,0.838676870,-0.155312940,0.012363284,0.521867931,-0.050187338,-0.906690478,-1.155067921,0.797457933,-0.174788699,-0.031621896,0.576636612,-0.157447979,-0.953621507,-1.032310486,0.830030560,-0.137795433,-0.001937148,0.540423810
597,1085449,104883,moving,moving_B_to_A,-0.835007071,1.498922586,-0.170766234,0.009530565,0.931251168,0.264274180,0.250678271,-0.181421116,-0.878333092,-1.188421726,0.835418522,-0.153389722,0.026747299,0.527097821,-0.051690325,-0.899914145,-1.145937324,0.797635496,-0.176261708,-0.033011775,0.575864375,-0.158796072,-0.952053130,-1.030332565,0.824550569,-0.140512750,-0.010714773,0.547957838
598,1085670,105104,moving,moving_B_to_A,-0.836112380,1.499453783,-0.170303106,0.009597756,0.931707144,0.263204843,0.250105768,-0.183951691,-0.884129643,-1.190753341,0.844475210,-0.154277310,0.017668404,0.512589514,-0.053136382,-0.907126784,-1.150287390,0.799148738,-0.175279096,-0.031377379,0.574155092,-0.160932437,-0.957212090,-1.031837821,0.829656422,-0.141706198,-0.015233505,0.539775550
599,1085879,105313,moving,moving_B_to_A,-0.837646842,1.499669909,-0.169409871,0.010444538,0.932074130,0.263018042,0.248898149,-0.186649188,-0.880914390,-1.184005141,0.834189355,-0.156031296,0.020277876,0.528555751,-0.056982599,-0.908616841,-1.148705721,0.796611607,-0.176832438,-0.026245864,0.577452481,-0.165117472,-0.958579659,-1.030335426,0.826780319,-0.142169505,-0.006603282,0.544222891
600,1086088,105522,moving,moving_B_to_A,-0.839461565,1.499235034,-0.168890119,0.010123123,0.931562364,0.263576925,0.250232488,-0.192329213,-0.878054082,-1.183198094,0.839673519,-0.153536469,0.020847658,0.520519257,-0.062841326,-0.906426787,-1.148866415,0.793457925,-0.179812446,-0.033060007,0.580516279,-0.171370983,-0.963265359,-1.037655711,0.833588779,-0.144104660,-0.017340083,0.532975674
601,1086295,105729,moving,moving_B_to_A,-0.840194583,1.498804688,-0.168639421,0.010006270,0.931246161,0.263965249,0.251003534,-0.198845744,-0.873524189,-1.179538608,0.835203052,-0.153568506,0.014878085,0.527855456,-0.069693565,-0.906107783,-1.151711345,0.800458431,-0.169754654,-0.031523786,0.573982537,-0.177622467,-0.958697498,-1.035200715,0.834208667,-0.143967763,-0.013661825,0.532149076
602,1086504,105938,moving,moving_B_to_A,-0.839383125,1.498628259,-0.166760683,0.009602447,0.931306541,0.264033526,0.250723302,-0.199098200,-0.873408973,-1.179229259,0.833147109,-0.153607145,0.013769850,0.531113148,-0.070355609,-0.909674883,-1.155705690,0.804420054,-0.173713878,-0.033596974,0.567100585,-0.177767515,-0.957879901,-1.034002185,0.829514802,-0.144027129,-0.014179862,0.539407313
603,1086712,106146,moving,moving_B_to_A,-0.837311029,1.498525023,-0.163879633,0.010516979,0.931000352,0.264718860,0.251100987,-0.200355113,-0.870485365,-1.175973773,0.832791328,-0.153254256,0.005874851,0.531918406,-0.071355775,-0.905384541,-1.150304079,0.794481635,-0.175793573,-0.032782502,0.580362737,-0.178294435,-0.952303886,-1.028333068,0.825267732,-0.138652369,-0.013063335,0.547300816
604,1086921,106355,moving,moving_B_to_A,-0.834592581,1.498353481,-0.160915971,0.012765571,0.931224883,0.265336335,0.249507293,-0.201151818,-0.866663158,-1.172871351,0.829705000,-0.161343947,0.003096016,0.534367085,-0.073503412,-0.905613244,-1.151749492,0.799105763,-0.176304862,-0.034252092,0.573736310,-0.180123821,-0.948958635,-1.026118994,0.822805285,-0.145483434,-0.015656698,0.549163878
605,1087129,106563,moving,moving_B_to_A,-0.831120849,1.498426080,-0.157531023,0.014908074,0.931605101,0.265739202,0.247532666,-0.200957760,-0.866729379,-1.171037793,0.830262840,-0.156401247,0.009280042,0.534898281,-0.073157936,-0.906299949,-1.150063753,0.799160779,-0.179117799,-0.036463387,0.572651088,-0.181110725,-0.953412414,-1.028784275,0.825657785,-0.146648094,-0.009911673,0.544688344
606,1087324,106758,moving,moving_B_to_A,-0.829176545,1.497835875,-0.154228449,0.013715765,0.931889832,0.266303152,0.245918363,-0.196083918,-0.868603587,-1.176506996,0.832491577,-0.159066975,0.012385205,0.530567586,-0.068018064,-0.906451941,-1.152977228,0.801665604,-0.177829593,-0.030799294,0.569877505,-0.177079111,-0.955488503,-1.033490062,0.830351412,-0.147241116,-0.010470838,0.537333131
607,1087546,106980,moving,moving_B_to_A,-0.826968789,1.497778654,-0.151664138,0.014140907,0.932644784,0.266712874,0.242565483,-0.190123811,-0.864680052,-1.172676444,0.826908648,-0.161561236,0.014137358,0.538442433,-0.062820129,-0.904799581,-1.149735689,0.795312643,-0.182991773,-0.030269040,0.577126920,-0.172559649,-0.955431223,-1.034211993,0.830637753,-0.152099729,-0.011878059,0.535504818
608,1087753,107187,moving,moving_B_to_A,-0.826995254,1.498146892,-0.150005460,0.015384880,0.933297992,0.266473860,0.240228757,-0.189937636,-0.874606252,-1.182206750,0.835067093,-0.168316633,0.010232399,0.523667574,-0.061280996,-0.901152432,-1.141564488,0.795132577,-0.187871054,-0.032960758,0.575658023,-0.171767369,-0.955789447,-1.031534672,0.830663979,-0.153216839,-0.009809901,0.535187602
609,1087962,107396,moving,moving_B_to_A,-0.829805851,1.497791767,-0.150184631,0.014874180,0.933146417,0.267336428,0.239891067,-0.196322322,-0.874136925,-1.186048150,0.837438643,-0.167209178,0.019035526,0.519976258,-0.067613609,-0.910392821,-1.157195330,0.801009417,-0.187466145,-0.028900929,0.567807257,-0.177915618,-0.950605094,-1.030187488,0.827431381,-0.156781554,-0.013090820,0.539078355
610,1088172,107606,moving,moving_B_to_A,-0.833494067,1.497741342,-0.149311066,0.013747401,0.932486236,0.268904924,0.240770817,-0.203742743,-0.864692867,-1.182334542,0.835759699,-0.168608919,0.007815987,0.522509038,-0.075356334,-0.899283528,-1.151357651,0.799304187,-0.187321112,-0.026631711,0.570363343,-0.186440691,-0.948556542,-1.035117269,0.828946292,-0.154027194,-0.007451973,0.537650526
611,1088379,107813,moving,moving_B_to_A,-0.836167693,1.497304559,-0.148689747,0.013447370,0.932052493,0.270521671,0.240656048,-0.210248262,-0.860898018,-1.185323358,0.837297320,-0.167564079,0.008876545,0.520362020,-0.081850857,-0.897921562,-1.157430172,0.801724195,-0.185694829,-0.031720649,0.567229807,-0.191347882,-0.938514411,-1.030440688,0.823348165,-0.156892210,-0.020942619,0.545017421
612,1088588,108022,moving,moving_B_to_A,-0.838296533,1.497501135,-0.148269296,0.013126553,0.932082772,0.270784259,0.240260810,-0.213782042,-0.857140541,-1.181641459,0.836649001,-0.165996924,0.024933349,0.521384537,-0.086272441,-0.892656684,-1.152359486,0.804200113,-0.184755832,-0.029091666,0.564164162,-0.196531683,-0.941100061,-1.034670472,0.831090808,-0.158443898,-0.013095020,0.532927930
613,1088795,108229,moving,moving_B_to_A,-0.840294719,1.497614861,-0.147641659,0.014183771,0.932228982,0.271052986,0.239328757,-0.220670193,-0.858477354,-1.185090780,0.834610760,-0.169460893,0.023208389,0.523611844,-0.092378572,-0.890607655,-1.149041295,0.800107241,-0.191864759,-0.035807550,0.567216098,-0.205329850,-0.946061909,-1.040630460,0.837453902,-0.160659581,-0.011050183,0.522242665
614,1089004,108438,moving,moving_B_to_A,-0.842480779,1.497376680,-0.147452116,0.014072980,0.932239294,0.271760195,0.238491833,-0.223300532,-0.848415554,-1.176867008,0.833945990,-0.173844680,0.010401519,0.523644865,-0.097089767,-0.895253181,-1.160281658,0.806086898,-0.189272329,-0.026852002,0.560070395,-0.207784474,-0.935354829,-1.033285618,0.825660348,-0.158623174,-0.009155048,0.541331708
615,1089213,108647,moving,moving_B_to_A,-0.844757199,1.497428656,-0.147643328,0.013233667,0.932649612,0.271635801,0.237073004,-0.227716878,-0.857007980,-1.190005302,0.839055598,-0.172668993,0.024318848,0.515344501,-0.099009261,-0.887583256,-1.151256323,0.801308155,-0.189385116,-0.023641493,0.566991806,-0.211812198,-0.939113200,-1.038252115,0.832994640,-0.165730014,-0.008667318,0.527805328
616,1089420,108854,moving,moving_B_to_A,-0.847656846,1.496928453,-0.147449136,0.012127053,0.932483256,0.272847086,0.236394420,-0.231231019,-0.851992369,-1.190501094,0.839628577,-0.174195841,0.027402943,0.513740122,-0.103222065,-0.889021456,-1.160104752,0.807300806,-0.191380695,-0.027389044,0.557573974,-0.215645656,-0.932978749,-1.038464308,0.830276549,-0.165488333,-0.014220571,0.532026589
617,1089628,109062,moving,moving_B_to_A,-0.849941373,1.496609926,-0.147734284,0.011092912,0.932632744,0.273331463,0.235293642,-0.232722268,-0.845340252,-1.187099934,0.834984779,-0.177417293,0.019719362,0.520513952,-0.105909877,-0.885981917,-1.160883307,0.807294428,-0.191180035,-0.027503807,0.557646453,-0.219214737,-0.931238055,-1.041098475,0.834306002,-0.167628899,-0.011653388,0.525069773
618,1089838,109272,moving,moving_B_to_A,-0.850664258,1.496776342,-0.148993611,0.011714391,0.933245957,0.273359269,0.232786417,-0.231943369,-0.846945643,-1.190542698,0.836714327,-0.176513493,0.020453356,0.518009424,-0.104603909,-0.889249086,-1.165051341,0.808670819,-0.194289073,-0.020828933,0.554859877,-0.218166590,-0.931666613,-1.042449713,0.830947161,-0.169444725,-0.015093212,0.529704988
619,1090059,109493,moving,moving_B_to_A,-0.851256490,1.496996999,-0.150299907,0.011617994,0.933676839,0.273080409,0.231386513,-0.233337253,-0.845503151,-1.191682935,0.837699950,-0.180671200,0.019313578,0.515018284,-0.106594965,-0.886134565,-1.163271070,0.808260143,-0.198459014,-0.026048521,0.553760886,-0.221277863,-0.932238638,-1.043678045,0.960469484,-0.189895973,0.011417707,0.203242600
620,1090267,109701,moving,moving_B_to_A,-0.851885438,1.497076750,-0.151437283,0.011183825,0.933678806,0.272964776,0.231536463,-0.239110440,-0.846150100,-1.196123719,0.838000894,-0.182802290,0.025591034,0.513500690,-0.112032197,-0.880878806,-1.160019636,0.804723263,-0.197172359,-0.025336253,0.559376121,-0.227364734,-0.929314494,-1.046153307,0.830997050,-0.169587165,-0.005060727,0.529772043
621,1090477,109911,moving,moving_B_to_A,-0.852384686,1.497051477,-0.152385831,0.011266509,0.933614194,0.272925854,0.231838450,-0.245197803,-0.843232036,-1.195020437,0.835834146,-0.178081393,0.035064362,0.518110871,-0.118439533,-0.880026162,-1.161557198,0.803434491,-0.198854282,-0.027177585,0.560545623,-0.233236998,-0.929097414,-1.048089862,0.832591832,-0.172599316,-0.013025058,0.526147068
622,1090684,110118,moving,moving_B_to_A,-0.852097631,1.497622728,-0.152919054,0.013050906,0.934347212,0.271749884,0.230167285,-0.246671766,-0.841672599,-1.188309789,0.829157710,-0.181909755,0.020651469,0.528185487,-0.120605461,-0.881063998,-1.157407880,0.803885818,-0.200622827,-0.026149807,0.559315920,-0.236944616,-0.933325946,-1.049123764,0.835743785,-0.174307957,-0.003387918,0.520708799
623,1090879,110313,moving,moving_B_to_A,-0.851881027,1.497999310,-0.152834415,0.015083839,0.934994102,0.271544933,0.227644354,-0.248062357,-0.842519045,-1.189682007,0.834482193,-0.191664204,0.014384808,0.516427696,-0.122373462,-0.886101246,-1.161807775,0.802741408,-0.204645604,-0.025806818,0.559518099,-0.238585860,-0.930065036,-1.045439124,0.829376936,-0.178992525,-0.009418672,0.529156804
624,1091101,110535,moving,moving_B_to_A,-0.851453543,1.498305917,-0.152381182,0.016539669,0.935260653,0.271381646,0.226640537,-0.253895283,-0.843435168,-1.191086650,0.832947254,-0.190089196,0.023756528,0.519134521,-0.128270030,-0.886538744,-1.162029266,0.802631021,-0.204690829,-0.023252510,0.559771717,-0.244851544,-0.929383814,-1.043061852,0.957404792,-0.208464712,0.000006317,0.199796438
625,1091323,110757,moving,moving_B_to_A,-0.850531220,1.498193860,-0.151873231,0.016996918,0.935575366,0.271865964,0.224719346,-0.257297873,-0.846390665,-1.201887488,0.836504757,-0.190515175,0.023870569,0.513219178,-0.130248010,-0.884677589,-1.165127873,0.804217994,-0.209285438,-0.019871835,0.555911958,-0.247637078,-0.927517295,-1.048632503,0.830268681,-0.184545144,-0.008416677,0.525857508
626,1091531,110965,moving,moving_B_to_A,-0.847674131,1.497911453,-0.151562095,0.017962346,0.936609805,0.272235274,0.219834790,-0.253662616,-0.840413392,-1.201566696,0.833670616,-0.197120413,0.032981213,0.514829278,-0.128486574,-0.878079295,-1.162167311,0.804017603,-0.213260934,-0.023482567,0.554548502,-0.248951450,-0.929628372,-1.058516860,0.836375177,-0.189129293,-0.005462063,0.514467478
627,1091740,111174,moving,moving_B_to_A,-0.844034553,1.498288155,-0.151970863,0.020159962,0.937798560,0.271498382,0.215443805,-0.251173079,-0.835498869,-1.197331905,0.826296031,-0.201239273,0.024634298,0.525481582,-0.126455054,-0.874486685,-1.158263803,0.792345881,-0.217184156,-0.020260591,0.569744289,-0.246601999,-0.923453808,-1.051853299,0.956010461,-0.217740864,0.004589077,0.196499184
628,1091949,111383,moving,moving_B_to_A,-0.840556026,1.498571754,-0.152506828,0.021305589,0.938785493,0.270625502,0.212107852,-0.248559222,-0.839514554,-1.202823162,0.826834142,-0.202197328,0.031135282,0.523920059,-0.123362422,-0.873207629,-1.155439615,0.790490329,-0.222556770,-0.023200035,0.570136189,-0.246045887,-0.927365839,-1.058972836,0.828535914,-0.195407867,-0.002713317,0.524725318
629,1092156,111590,moving,moving_B_to_A,-0.838146567,1.498396039,-0.153486490,0.021303471,0.939003885,0.271027476,0.210622877,-0.250355303,-0.839889526,-1.212050796,0.831200302,-0.202253014,0.037139941,0.516546547,-0.125086829,-0.875623584,-1.166191220,0.798735797,-0.224898979,-0.023666833,0.557567537,-0.246208563,-0.919455707,-1.057903528,0.822586656,-0.195700541,-0.000261501,0.533902943
630,1092365,111799,moving,moving_B_to_A,-0.836215138,1.498332620,-0.155461669,0.021928789,0.939543188,0.270465463,0.208868742,-0.252981901,-0.832810879,-1.207668543,0.824923813,-0.208818480,0.028927384,0.524460375,-0.129466295,-0.873417497,-1.166573405,0.796007812,-0.231034413,-0.020684130,0.559076726,-0.252192020,-0.917955756,-1.061253428,0.826031208,-0.203682274,-0.003525925,0.525522172
631,1092574,112008,moving,moving_B_to_A,-0.834416389,1.498787403,-0.156925082,0.023354841,0.940711081,0.268444747,0.206045359,-0.256903410,-0.839635491,-1.214707136,0.828596234,-0.214642569,0.032785971,0.516025126,-0.132335752,-0.871454239,-1.161043286,0.792003453,-0.229550272,-0.019996049,0.565364897,-0.256263912,-0.921306968,-1.063705206,0.823345244,-0.204258591,0.000955993,0.529509246
632,1092782,112216,moving,moving_B_to_A,-0.833041787,1.499157667,-0.157215714,0.025051225,0.941735029,0.266981840,0.203047454,-0.257316560,-0.845221639,-1.217244506,0.827884674,-0.214665875,0.047167409,0.516043365,-0.132820725,-0.878479481,-1.163452387,0.791318834,-0.236993104,-0.020069487,0.563245952,-0.257463515,-0.923933387,-1.062770128,0.822523236,-0.206100300,0.008193145,0.530010402
633,1092990,112424,moving,moving_B_to_A,-0.831736207,1.499229193,-0.156868219,0.027962601,0.942306399,0.266719550,0.200343251,-0.259278774,-0.840188444,-1.211917281,0.822715759,-0.220371142,0.034996230,0.522829473,-0.136058301,-0.879080296,-1.163950205,0.792149961,-0.240334034,-0.018509038,0.560709715,-0.261896700,-0.924855649,-1.063496590,0.948728204,-0.245470196,0.000348108,0.199145883
634,1093198,112632,moving,moving_B_to_A,-0.830506206,1.499495268,-0.156510830,0.030178377,0.942875683,0.266325146,0.197852641,-0.263775408,-0.838325620,-1.211003542,0.824778199,-0.224652484,0.032656610,0.517885983,-0.141313434,-0.878290772,-1.162989616,0.792173326,-0.242080808,-0.021550050,0.559815943,-0.266729772,-0.921130776,-1.062334895,0.816537857,-0.214808345,0.003064578,0.535830081
635,1093407,112841,moving,moving_B_to_A,-0.828239083,1.499851346,-0.155888319,0.032568607,0.943616629,0.265354007,0.195228621,-0.265279233,-0.837521911,-1.207748532,0.816282570,-0.227610379,0.036790911,0.529643953,-0.144238800,-0.879788280,-1.162086487,0.786420941,-0.245316684,-0.021096593,0.566495240,-0.271703601,-0.925914824,-1.066859484,0.817104578,-0.222453475,-0.001528127,0.531838596
636,1093615,113049,moving,moving_B_to_A,-0.826013923,1.499862909,-0.154857993,0.033494733,0.943790138,0.265154272,0.194503248,-0.269637525,-0.841132641,-1.215451002,0.818397641,-0.231459081,0.035700124,0.524764299,-0.147102967,-0.878041506,-1.160813451,0.783666968,-0.246022567,-0.021272739,0.569988132,-0.275133312,-0.925265193,-1.068362355,0.822569132,-0.222780541,-0.000035999,0.523210168
637,1093823,113257,moving,moving_B_to_A,-0.823303819,1.499746442,-0.153856277,0.034867432,0.943953633,0.265131563,0.193496913,-0.270041823,-0.840713620,-1.215240598,0.818465829,-0.230086192,0.036356993,0.525216341,-0.148208499,-0.880521417,-1.163983464,0.787971497,-0.249491885,-0.021647995,0.562482119,-0.276986957,-0.928917348,-1.070986390,0.944913983,-0.256030530,-0.001169609,0.203923091
638,1094031,113465,moving,moving_B_to_A,-0.821894884,1.499453187,-0.153206587,0.034294583,0.943908632,0.265334100,0.193541020,-0.272704303,-0.835026145,-1.213448882,0.817305326,-0.229047611,0.041260369,0.527111769,-0.151400223,-0.874274611,-1.162346959,0.785121858,-0.251581311,-0.020859174,0.565557539,-0.278292120,-0.915739655,-1.062489986,0.947764456,-0.263198644,-0.004139337,0.180144146
639,1094241,113675,moving,moving_B_to_A,-0.820048213,1.499541163,-0.152355433,0.034526698,0.944252193,0.264675796,0.192723602,-0.276056349,-0.835379183,-1.214170694,0.815938592,-0.232189611,0.038191397,0.528084815,-0.155691624,-0.880328715,-1.170074224,0.788220227,-0.250563741,-0.018203206,0.561778784,-0.284465492,-0.923171282,-1.073047638,0.823197961,-0.224087089,0.010233094,0.521560609
640,1094435,113869,moving,moving_B_to_A,-0.818320394,1.499080896,-0.150546193,0.035365913,0.944271326,0.265684336,0.191083282,-0.282631993,-0.832814336,-1.220685601,0.816786230,-0.235433146,0.036576703,0.525446296,-0.161192268,-0.871813059,-1.166408896,0.786326945,-0.253551871,-0.018407669,0.563083053,-0.290541232,-0.915400565,-1.072353601,0.817769051,-0.230816007,0.006003660,0.527201831
641,1094644,114078,moving,moving_B_to_A,-0.817531228,1.498846531,-0.149424911,0.035844482,0.944335341,0.266041994,0.190177768,-0.286727071,-0.829053104,-1.221094012,0.814991236,-0.235147968,0.040628564,0.528056920,-0.165232018,-0.865156293,-1.163346291,0.783994794,-0.255903870,-0.021775426,0.565147042,-0.295583010,-0.913844526,-1.076385975,0.819180131,-0.229931459,0.002363731,0.525423467
642,1094851,114285,moving,moving_B_to_A,-0.816985965,1.498751879,-0.148446798,0.035981223,0.944300115,0.266158223,0.190164223,-0.292870522,-0.824352384,-1.218535662,0.815777540,-0.236459836,0.041002586,0.526224732,-0.171848848,-0.863166153,-1.163727880,0.785435379,-0.255793124,-0.019182570,0.563287854,-0.302822232,-0.912975073,-1.076720715,0.942082167,-0.273723990,-0.008065817,0.193626851
643,1095058,114492,moving,moving_B_to_A,-0.816834450,1.498312235,-0.147027373,0.035287872,0.943971395,0.267212480,0.190447584,-0.298937619,-0.820354939,-1.221475244,0.815030038,-0.235208049,0.045141049,0.527603567,-0.177909538,-0.858995140,-1.166258574,0.784470618,-0.253133863,-0.020994848,0.565763474,-0.308743775,-0.908060133,-1.077764034,0.943529129,-0.274218947,-0.011260990,0.185553223
644,1095269,114703,moving,moving_B_to_A,-0.814798236,1.498018742,-0.145242691,0.037464805,0.944241762,0.267682642,0.188015774,-0.301840007,-0.820298791,-1.226263642,0.815841317,-0.239069790,0.035434239,0.525350273,-0.179923877,-0.855166554,-1.164284945,0.781842470,-0.260061055,-0.027702769,0.565971017,-0.312563896,-0.908482671,-1.082604885,0.939676940,-0.281097561,-0.013906875,0.194417179
645,1095476,114910,moving,moving_B_to_A,-0.810492039,1.497836351,-0.141955614,0.038321368,0.946453333,0.267543703,0.176572829,-0.282848120,-0.819994211,-1.230845928,0.810680330,-0.251646101,0.037617352,0.527310848,-0.163339600,-0.859793663,-1.171668768,0.781501412,-0.267127723,-0.014228264,0.563645244,-0.298213601,-0.909501731,-1.089322805,0.938627601,-0.286167920,-0.009801496,0.192327976
646,1095684,115118,moving,moving_B_to_A,-0.808283448,1.497661352,-0.139510512,0.039500095,0.947017491,0.267814994,0.172837526,-0.280992448,-0.818682492,-1.232667923,0.813585758,-0.255406380,0.041275557,0.520713210,-0.162816212,-0.865205824,-1.180013061,0.787737429,-0.272600144,-0.013043274,0.552257895,-0.296634912,-0.904257357,-1.086601853,0.938033998,-0.293050796,-0.010249177,0.184684694
647,1095893,115327,moving,moving_B_to_A,-0.807340264,1.498148918,-0.138920546,0.040664673,0.947426796,0.266963124,0.171637893,-0.286055028,-0.821375728,-1.237128377,0.813530147,-0.252652049,0.050727107,0.521308482,-0.165623114,-0.854577541,-1.166888475,0.776655436,-0.272102177,-0.016848477,0.567875803,-0.301631153,-0.903460145,-1.088831186,0.814969361,-0.250380188,0.013199985,0.522456169
648,1096101,115535,moving,moving_B_to_A,-0.807056785,1.498715997,-0.139907479,0.040810753,0.947702467,0.266227990,0.171222582,-0.291360736,-0.817782223,-1.233360171,0.810341775,-0.252876133,0.051924672,0.526026368,-0.172385305,-0.855810165,-1.169627547,0.778674304,-0.272437423,-0.012332302,0.565059423,-0.308421433,-0.903652430,-1.089398503,0.934706926,-0.300924659,-0.020483667,0.188009962
649,1096310,115744,moving,moving_B_to_A,-0.806581616,1.499766588,-0.142117262,0.041106801,0.948942423,0.263624907,0.168286905,-0.292306602,-0.822636545,-1.235859394,0.808442116,-0.258616745,0.046196647,0.526692033,-0.174546331,-0.865508020,-1.177867293,0.777444065,-0.273648113,-0.009602618,0.566220045,-0.310128927,-0.905669391,-1.090734720,0.811379373,-0.250367999,0.014599116,0.527983189
650,1096517,115951,moving,moving_B_to_A,-0.804980159,1.500478745,-0.144035816,0.043592710,0.950526953,0.261737078,0.161529958,-0.288469732,-0.825478613,-1.238045335,0.804631829,-0.262790799,0.051043257,0.530003011,-0.171258450,-0.867693186,-1.177029014,0.776892722,-0.277170062,-0.010911811,0.565239310,-0.308678806,-0.910430193,-1.094043970,0.933429837,-0.305904061,-0.011555202,0.187077507
651,1096726,116160,moving,moving_B_to_A,-0.802967429,1.500615478,-0.145056725,0.045854375,0.951594591,0.260842621,0.155968934,-0.287280321,-0.826679945,-1.244428873,0.805373728,-0.268054605,0.054718286,0.525857270,-0.169711486,-0.865384758,-1.176451802,0.771952748,-0.284049302,-0.006686631,0.568647623,-0.310082495,-0.914284825,-1.102910042,0.931763053,-0.309825599,-0.009545801,0.189036131
652,1096921,116355,moving,moving_B_to_A,-0.800798535,1.501147866,-0.146489859,0.046989769,0.952322662,0.258956611,0.154321268,-0.289713502,-0.824643731,-1.238822460,0.798890710,-0.266143590,0.061902985,0.535825789,-0.173817471,-0.867380261,-1.175993681,0.770275831,-0.288933694,-0.005731837,0.568471253,-0.315228879,-0.915535092,-1.104265451,0.928096890,-0.316192389,-0.014224536,0.196102574
653,1097129,116563,moving,moving_B_to_A,-0.798801780,1.501564741,-0.147738338,0.047096610,0.952977777,0.257232428,0.153123572,-0.292681992,-0.833492219,-1.247710586,0.801970243,-0.273371458,0.050621722,0.528724194,-0.175257429,-0.870105505,-1.176195621,0.768975973,-0.285740376,-0.004039458,0.571849763,-0.315821171,-0.915528297,-1.101760983,0.930937231,-0.315528899,-0.009014370,0.183619648
654,1097338,116772,moving,moving_B_to_A,-0.796780944,1.502052546,-0.148352861,0.047959723,0.953440309,0.255145252,0.153467789,-0.297397137,-0.833228290,-1.242818952,0.798438907,-0.271529853,0.052651741,0.534784734,-0.180708855,-0.871455848,-1.174052596,0.769426346,-0.282441020,-0.000972927,0.572895527,-0.320458174,-0.914528430,-1.097031832,0.931361556,-0.318263143,-0.014394101,0.176258504
655,1097546,116980,moving,moving_B_to_A,-0.794856668,1.503177047,-0.148800969,0.049668301,0.953715801,0.252582788,0.155438632,-0.309712946,-0.834022164,-1.238512993,0.794220269,-0.269546866,0.049071722,0.542356491,-0.193467081,-0.876757860,-1.175855041,0.767779708,-0.286030501,-0.006681726,0.573285580,-0.334159911,-0.922799468,-1.102094650,0.928450763,-0.320231289,-0.023072831,0.186812341
656,1097754,117188,moving,moving_B_to_A,-0.792581916,1.502906680,-0.150155425,0.050158534,0.954174817,0.251927495,0.153515488,-0.313400745,-0.836404920,-1.247095108,0.794898391,-0.269535989,0.058558349,0.540423810,-0.196349651,-0.874298334,-1.177072644,0.765445769,-0.287472486,-0.008257004,0.575659752,-0.336688340,-0.916909337,-1.101233602,0.927882016,-0.324665397,-0.025114059,0.181649894
657,1097962,117396,moving,moving_B_to_A,-0.789692163,1.502401114,-0.151963711,0.049600586,0.954605341,0.251752347,0.151291773,-0.311341643,-0.835998178,-1.255138993,0.799932599,-0.273767501,0.057618696,0.530885398,-0.194380686,-0.877412796,-1.188496470,0.771059990,-0.289565444,0.001310582,0.567112625,-0.335669160,-0.917643189,-1.109581828,0.926790118,-0.327398598,-0.027466547,0.181977659
658,1098156,117590,moving,moving_B_to_A,-0.786828756,1.502282023,-0.153731942,0.049298748,0.955199480,0.251129389,0.148652881,-0.307230473,-0.835566401,-1.259900331,0.797660291,-0.272703677,0.061449684,0.534410655,-0.189748913,-0.870872974,-1.184456110,0.769518793,-0.291070759,0.001198483,0.568434060,-0.332832277,-0.917896867,-1.115065217,0.926035285,-0.329440325,-0.026156420,0.182328343
659,1098365,117799,moving,moving_B_to_A,-0.783764720,1.502483487,-0.156398535,0.050780270,0.956092954,0.248770073,0.146359220,-0.304861248,-0.835568070,-1.255836487,0.793992817,-0.273456573,0.070577756,0.538345456,-0.188967064,-0.875182629,-1.186587095,0.766713798,-0.291320711,0.009326925,0.572009802,-0.333373368,-0.923110008,-1.119278193,0.924063921,-0.331797808,-0.027447676,0.187783703
660,1098574,118008,moving,moving_B_to_A,-0.781129003,1.502936125,-0.158706784,0.051567774,0.956941664,0.247198239,0.143165678,-0.302444398,-0.838079333,-1.260015011,0.791302204,-0.276792973,0.064282738,0.541381717,-0.186314374,-0.873897612,-1.184890509,0.765434623,-0.296100616,0.004196514,0.571328878,-0.330852509,-0.921765447,-1.119214892,0.925281465,-0.333955973,-0.025598872,0.177967250
661,1098768,118202,moving,moving_B_to_A,-0.778364301,1.503052473,-0.160126448,0.052060384,0.957337856,0.245931476,0.142518997,-0.305542588,-0.840970159,-1.265315413,0.791768074,-0.277134240,0.063171528,0.540656388,-0.189496070,-0.878757238,-1.192139745,0.765262902,-0.294346958,0.007935910,0.572424352,-0.334129930,-0.923361361,-1.122855544,0.924042284,-0.336565852,-0.031935576,0.178463921
662,1098977,118411,moving,moving_B_to_A,-0.776875854,1.502573490,-0.160735607,0.052306034,0.957252979,0.246601433,0.141839787,-0.309347451,-0.836952090,-1.268778443,0.793444037,-0.278483242,0.061913919,0.537643373,-0.192171231,-0.871411324,-1.190115452,0.764692128,-0.297241271,0.004257957,0.571730256,-0.336769998,-0.917363286,-1.122948885,0.925648630,-0.336311072,-0.027373377,0.171231329
663,1099171,118605,moving,moving_B_to_A,-0.776975513,1.502774715,-0.160709143,0.053003997,0.957688510,0.244883597,0.141616866,-0.314197481,-0.839677691,-1.268670678,0.789170623,-0.277832061,0.067873940,0.543518424,-0.197648302,-0.877440453,-1.195424795,0.762161732,-0.292503357,0.004040594,0.577524960,-0.341541708,-0.920948744,-1.124409080,0.924322188,-0.336494565,-0.030588616,0.177381739
664,1099379,118813,moving,moving_B_to_A,-0.778817296,1.503129721,-0.159048319,0.052188762,0.957991660,0.244222760,0.141009167,-0.315430403,-0.838735819,-1.262447000,0.787812591,-0.275645256,0.062665336,0.547214866,-0.199010178,-0.876694202,-1.190571904,0.764677644,-0.291910797,0.002571977,0.574499428,-0.343280375,-0.924752891,-1.124417067,0.925344169,-0.334087163,-0.031750321,0.176396757
665,1099574,119008,moving,moving_B_to_A,-0.779835105,1.503312945,-0.156056523,0.052325957,0.958438635,0.243557587,0.139057755,-0.320488632,-0.841753006,-1.265938163,0.788774490,-0.280341148,0.059329242,0.543804765,-0.203953817,-0.879705727,-1.192968607,0.761640131,-0.293272018,0.001926451,0.577833951,-0.348708987,-0.925161123,-1.124633789,0.922690511,-0.339180261,-0.038664088,0.179176092
666,1099782,119216,moving,moving_B_to_A,-0.780383706,1.503608465,-0.153766036,0.053197093,0.958512902,0.243280157,0.138700828,-0.328899086,-0.840742111,-1.264639735,0.786811709,-0.277354181,0.063719064,0.547669590,-0.212631166,-0.879542828,-1.192804456,0.761923134,-0.293559879,0.002316545,0.577313006,-0.357192338,-0.924097180,-1.123569727,0.924126029,-0.338788390,-0.034734856,0.173225343
667,1099990,119424,moving,moving_B_to_A,-0.780829310,1.504392147,-0.153110623,0.053954978,0.959088266,0.241049796,0.138323963,-0.336149871,-0.842856407,-1.258346081,0.783398986,-0.274803936,0.063053951,0.553888917,-0.220663011,-0.883972883,-1.191017985,0.760264575,-0.291538417,0.000189435,0.580519676,-0.365458131,-0.930183887,-1.123339295,0.923646450,-0.339166522,-0.037574504,0.174446359
668,1100199,119633,moving,moving_B_to_A,-0.780634165,1.504490256,-0.151779771,0.054000776,0.959447265,0.240713954,0.136388183,-0.337646961,-0.842973828,-1.259721875,0.784228563,-0.274725765,0.053435467,0.553765237,-0.220674559,-0.880419075,-1.187713146,0.755890250,-0.290515035,-0.002031794,0.586708486,-0.365696669,-0.929101229,-1.123190522,0.923638403,-0.337911040,-0.037504796,0.176922664
669,1100407,119841,moving,moving_B_to_A,-0.780111670,1.504177094,-0.149558187,0.054928165,0.959841788,0.240772635,0.133098722,-0.338347137,-0.842273831,-1.262750387,0.786390781,-0.276074320,0.058509368,0.549499035,-0.222499996,-0.883988500,-1.195715070,0.761370301,-0.292053044,0.004421541,0.578792512,-0.366068363,-0.924610019,-1.122213602,0.922309399,-0.342840701,-0.034597196,0.174953297
670,1100602,120036,moving,moving_B_to_A,-0.780066013,1.503926635,-0.147530913,0.055041309,0.960375428,0.240899727,0.128906265,-0.337361634,-0.845162630,-1.271640301,0.787581086,-0.277442545,0.071132787,0.545602381,-0.219879180,-0.880687773,-1.194667697,0.760473549,-0.294119895,0.013852231,0.578776002,-0.366077006,-0.925500631,-1.128213048,0.917765975,-0.350771248,-0.050310288,0.179259822
671,1100808,120242,moving,moving_B_to_A,-0.779943824,1.503523946,-0.146517396,0.055403657,0.960357845,0.240880907,0.128917292,-0.340198338,-0.838588357,-1.263829947,0.781941652,-0.281056613,0.056804247,0.553486884,-0.225632593,-0.881919444,-1.197544575,0.759017885,-0.294713080,0.004249442,0.580532491,-0.371434331,-0.924391091,-1.130374432,0.801445425,-0.269898504,0.036339220,0.532465518
672,1101004,120438,moving,moving_B_to_A,-0.780716538,1.503236055,-0.145549655,0.055687957,0.960367501,0.241832182,0.126926556,-0.341471076,-0.835493326,-1.267381549,0.784712195,-0.277162552,0.060635429,0.551117897,-0.226844981,-0.880640507,-1.203459382,0.762610555,-0.290450305,0.013176939,0.577832282,-0.371598601,-0.919080615,-1.130456686,0.803812027,-0.272212833,0.040424924,0.527401268
673,1101213,120647,moving,moving_B_to_A,-0.782483459,1.502967834,-0.144355536,0.055282872,0.960501373,0.242027491,0.125712454,-0.347005069,-0.838418245,-1.275777102,0.789373636,-0.279702455,0.066093653,0.542482734,-0.230085224,-0.876359224,-1.200013041,0.759979665,-0.299185038,0.001701890,0.576988935,-0.375612080,-0.917728603,-1.130859375,0.917639852,-0.354131460,-0.049496755,0.173430294
674,1101421,120855,moving,moving_B_to_A,-0.785736680,1.502630353,-0.143190980,0.054892477,0.960338056,0.242864534,0.125516832,-0.352384567,-0.833921015,-1.275256634,0.790162563,-0.280327499,0.065919288,0.541030705,-0.235362500,-0.871693432,-1.199574113,0.760754049,-0.296214193,0.010671670,0.577405095,-0.381754160,-0.915255308,-1.133040309,0.919121504,-0.353011310,-0.046061635,0.168751284
675,1101629,121063,moving,moving_B_to_A,-0.789119363,1.502199054,-0.141825080,0.054700091,0.960044742,0.244341046,0.124977864,-0.354926944,-0.829348385,-1.275662422,0.785106719,-0.279979467,0.070300832,0.547975123,-0.239423692,-0.870809197,-1.205511093,0.761916399,-0.298662841,0.002363151,0.574698508,-0.385503054,-0.912777066,-1.136145473,0.917644083,-0.354595125,-0.048537847,0.172730103
676,1101824,121258,moving,moving_B_to_A,-0.791151166,1.501850486,-0.140361071,0.054376118,0.960000634,0.245489433,0.123194844,-0.353964806,-0.828144193,-1.278644919,0.784299016,-0.279594302,0.066430539,0.549808204,-0.237552196,-0.865900099,-1.204129219,0.759195864,-0.297162771,0.003012557,0.579056859,-0.385984361,-0.912471533,-1.143027306,0.808394432,-0.272240818,0.044556294,0.519998133
677,1102033,121467,moving,moving_B_to_A,-0.793426275,1.501459360,-0.139350891,0.053610981,0.959959388,0.246414229,0.121999584,-0.351913452,-0.825920701,-1.279436946,0.786776900,-0.280944705,0.068684846,0.545284033,-0.235059738,-0.861651838,-1.201180816,0.760682285,-0.298369050,0.006117754,0.576455474,-0.382604122,-0.908007145,-1.138663054,0.916217744,-0.358277351,-0.057856292,0.169808790
678,1102241,121675,moving,moving_B_to_A,-0.797131181,1.501313806,-0.138877749,0.053605273,0.959602416,0.247262910,0.123088613,-0.356871903,-0.823415399,-1.277588367,0.785816848,-0.279031724,0.066361219,0.547931969,-0.241770148,-0.865267575,-1.207504630,0.764109135,-0.302001268,-0.000935238,0.570027709,-0.389296532,-0.909745872,-1.142196298,0.914366364,-0.359054893,-0.063559547,0.175994173
679,1102435,121869,moving,moving_B_to_A,-0.802865863,1.501340270,-0.138598323,0.051768005,0.959125400,0.247791603,0.126482770,-0.366996884,-0.826813877,-1.280592680,0.788404763,-0.273728848,0.069330625,0.546519756,-0.248910934,-0.862315297,-1.204230070,0.761431634,-0.294121474,0.002630390,0.577674210,-0.395692647,-0.907716393,-1.137592196,0.913598061,-0.358100355,-0.068631619,0.179979026
680,1102644,122078,moving,moving_B_to_A,-0.808749318,1.501047015,-0.138087749,0.048793703,0.958268583,0.248718977,0.132209480,-0.377840102,-0.825179636,-1.277318597,0.788999200,-0.270989001,0.066639051,0.547361374,-0.258949131,-0.861501813,-1.203833342,0.762664437,-0.289872855,-0.002429921,0.578196168,-0.404090703,-0.905704856,-1.132680655,0.918148518,-0.351371467,-0.061438449,0.172530353
681,1102852,122286,moving,moving_B_to_A,-0.814958215,1.500900626,-0.137340069,0.045852825,0.957445860,0.249577194,0.137499571,-0.387009084,-0.821885407,-1.270387292,0.790105462,-0.263397902,0.062191002,0.549988329,-0.268542379,-0.859805942,-1.201562405,0.765387833,-0.286643714,-0.008433000,0.576147318,-0.415741742,-0.912999272,-1.138868213,0.912689805,-0.351996094,-0.080204323,0.191476896
682,1103046,122480,moving,moving_B_to_A,-0.821085095,1.500979185,-0.136051655,0.044163406,0.957238793,0.249331087,0.139919683,-0.393294096,-0.823007345,-1.266378045,0.788175762,-0.262373000,0.062149208,0.553242087,-0.274000406,-0.860655665,-1.197723866,0.766067147,-0.281995267,-0.006278354,0.577564240,-0.419068336,-0.909702361,-1.129527092,0.914709091,-0.350606471,-0.077511117,0.185403362
683,1103254,122688,moving,moving_B_to_A,-0.826050401,1.500713944,-0.134940982,0.041425180,0.956528723,0.251133263,0.142368853,-0.397076070,-0.818585157,-1.263815999,0.792252302,-0.257930160,0.061291464,0.549592316,-0.277574927,-0.857273877,-1.198380113,0.768156886,-0.277013332,0.000418768,0.577233493,-0.423162520,-0.909696817,-1.131747365,0.914680541,-0.349141300,-0.087477446,0.183868393
684,1103449,122883,moving,moving_B_to_A,-0.829140306,1.499845505,-0.134557247,0.039312627,0.955509126,0.254091114,0.144549415,-0.400610209,-0.810467243,-1.266967535,0.793178499,-0.254301399,0.062793054,0.549778044,-0.281246424,-0.849857092,-1.203731656,0.770942986,-0.276555061,-0.003685886,0.573716521,-0.427200317,-0.904618263,-1.138013363,0.912463784,-0.347826540,-0.093533836,0.194108248
685,1103656,123090,moving,moving_B_to_A,-0.830321908,1.499766707,-0.135410786,0.038691718,0.955088973,0.254372120,0.146979243,-0.405670941,-0.808887959,-1.265560150,0.798046350,-0.250457555,0.067111470,0.543956816,-0.284262478,-0.844268441,-1.197047114,0.763576090,-0.271644443,-0.007311877,0.585753679,-0.432527959,-0.906564474,-1.140423417,0.915509701,-0.341523886,-0.084565841,0.195069388
686,1103865,123299,moving,moving_B_to_A,-0.830139041,1.500049114,-0.136875749,0.038347580,0.954940856,0.253996462,0.148671404,-0.409695089,-0.812260866,-1.268864036,0.796815693,-0.253637016,0.060219035,0.545093417,-0.287857950,-0.847256780,-1.199972749,0.768004656,-0.273463577,-0.010382050,0.579032660,-0.432121575,-0.901321888,-1.132543564,0.916237116,-0.345081985,-0.088323973,0.183376357
687,1104074,123508,moving,moving_B_to_A,-0.829860330,1.500202775,-0.137917757,0.038301814,0.954633236,0.254090965,0.150486529,-0.414381742,-0.813576937,-1.271885395,0.799625814,-0.248077050,0.064045586,0.543097198,-0.290481627,-0.844513595,-1.197965145,0.767159700,-0.269996941,-0.006976623,0.581823885,-0.436904550,-0.902312398,-1.136384726,0.816341579,-0.248330802,0.022167195,0.520986557
688,1104267,123701,moving,moving_B_to_A,-0.829365492,1.500391841,-0.138998032,0.038950544,0.954706311,0.254247755,0.149589017,-0.413716793,-0.811956108,-1.272830606,0.797767758,-0.256517291,0.056705881,0.542724550,-0.292334318,-0.849455416,-1.207055449,0.771736622,-0.273122072,-0.010961898,0.574200988,-0.435404539,-0.899738252,-1.134400129,0.915862918,-0.344878346,-0.091538288,0.184051186
689,1104477,123911,moving,moving_B_to_A,-0.828494906,1.500720263,-0.139809012,0.038701985,0.954930902,0.253991187,0.148652717,-0.408339441,-0.808504820,-1.268191099,0.796356201,-0.254540741,0.060736910,0.545286119,-0.287389576,-0.844112158,-1.200650215,0.766983747,-0.273468822,-0.009647234,0.580394387,-0.433349550,-0.902480841,-1.138689637,0.914236665,-0.346396595,-0.095500000,0.187244579
690,1104684,124118,moving,moving_B_to_A,-0.826918840,1.500898838,-0.139755130,0.038749907,0.955001831,0.253897160,0.148344919,-0.408694625,-0.811785936,-1.273221135,0.795921087,-0.252761364,0.059920121,0.546837211,-0.287436426,-0.848032713,-1.206067562,0.771645308,-0.275556356,-0.007775051,0.573211789,-0.432517052,-0.901186645,-1.139416933,0.816319287,-0.249551460,0.024259040,0.520344436
691,1104879,124313,moving,moving_B_to_A,-0.826355577,1.500555515,-0.139674664,0.038902391,0.954531968,0.255083352,0.149291024,-0.410796225,-0.807144463,-1.273308516,0.800799251,-0.250430763,0.064762451,0.540195227,-0.289723158,-0.845178604,-1.208305478,0.771518588,-0.272499442,-0.011428475,0.574780464,-0.435961723,-0.902654469,-1.144483805,0.915678442,-0.343002319,-0.088811636,0.189723119
692,1105074,124508,moving,moving_B_to_A,-0.826818705,1.500247598,-0.140246153,0.038261767,0.954652131,0.255097836,0.148662269,-0.408224642,-0.807035208,-1.274485230,0.796194017,-0.252617031,0.061387919,0.546343565,-0.288571239,-0.848778129,-1.213800907,0.776190937,-0.276326537,-0.009700695,0.566636741,-0.431590319,-0.898110569,-1.140224099,0.917245269,-0.344746709,-0.087458342,0.179337412
693,1105282,124716,moving,moving_B_to_A,-0.826858640,1.499996424,-0.140800953,0.037963226,0.954757690,0.255392760,0.147550419,-0.403339624,-0.801485956,-1.270396709,0.796316803,-0.252047300,0.063677594,0.546165645,-0.285255432,-0.845566869,-1.213258147,0.776539087,-0.276071042,-0.007280768,0.566320479,-0.427305043,-0.893057406,-1.138023019,0.915156484,-0.347970784,-0.098324716,0.178149477
694,1105476,124910,moving,moving_B_to_A,-0.826511025,1.499953628,-0.141333103,0.037970357,0.954908252,0.255059600,0.147150144,-0.402491510,-0.801645875,-1.269742131,0.797774851,-0.253029108,0.062591366,0.543703973,-0.283661783,-0.842981517,-1.209338069,0.772334695,-0.272744924,-0.004910041,0.573659539,-0.428035975,-0.896417379,-1.141399026,0.916601777,-0.345756084,-0.088665068,0.180090025
695,1105685,125119,moving,moving_B_to_A,-0.826254249,1.499827981,-0.141290188,0.038037360,0.954782784,0.255402833,0.147351280,-0.403966904,-0.803277612,-1.274278045,0.797636390,-0.255097449,0.060416270,0.543186307,-0.285129964,-0.845386446,-1.214563251,0.772742689,-0.272404283,-0.008236007,0.573233724,-0.428513467,-0.896055877,-1.142656565,0.915243030,-0.347065061,-0.095687464,0.180886507
696,1105893,125327,moving,moving_B_to_A,-0.826075315,1.499144554,-0.141167879,0.037108466,0.954214633,0.257187515,0.148161992,-0.404282928,-0.799181819,-1.277894855,0.797980011,-0.253115684,0.058429059,0.543825805,-0.284588158,-0.838444591,-1.214551330,0.773005366,-0.271637470,-0.008554007,0.573238730,-0.429536819,-0.894059062,-1.148519278,0.916495144,-0.344330281,-0.095667429,0.179780766
697,1106087,125521,moving,moving_B_to_A,-0.826129436,1.498792887,-0.140864372,0.037376497,0.953597188,0.258286446,0.150144890,-0.408788383,-0.795856297,-1.276623011,0.800028563,-0.249240562,0.062891170,0.542105258,-0.288675845,-0.836085439,-1.215258956,0.776268184,-0.271741599,-0.009150174,0.568753421,-0.434017479,-0.892189145,-1.149281502,0.915179431,-0.343863487,-0.098026052,0.185998306
698,1106295,125729,moving,moving_B_to_A,-0.827655196,1.497608900,-0.140715122,0.034582842,0.952246964,0.261976510,0.152964354,-0.411347270,-0.785922110,-1.281177640,0.802982986,-0.247207031,0.057452470,0.539264500,-0.288797975,-0.820577204,-1.212356091,0.774782658,-0.267254144,-0.009021019,0.572892368,-0.435433388,-0.883621037,-1.154080272,0.915601671,-0.341662556,-0.103998698,0.184728339
699,1106505,125939,moving,moving_B_to_A,-0.829276085,1.495651603,-0.139714718,0.032526672,0.949502528,0.269350559,0.157598197,-0.421215653,-0.768904090,-1.292467594,0.810551167,-0.245275781,0.060526606,0.528377831,-0.299246788,-0.808852732,-1.232537150,0.783203363,-0.265706927,-0.012568698,0.561991394,-0.441972792,-0.863501191,-1.160974026,0.830030262,-0.241851687,0.019442510,0.502174795
700,1106712,126146,moving,moving_B_to_A,-0.830124021,1.494458437,-0.138400078,0.031614203,0.947968781,0.273918778,0.159135878,-0.422978163,-0.755709469,-1.293707371,0.810505807,-0.244629964,0.053174812,0.529536605,-0.299808562,-0.792685986,-1.229222536,0.784718275,-0.264066398,-0.016461976,0.560549080,-0.443859577,-0.853343487,-1.163999796,0.918474615,-0.337327480,-0.110391632,0.174437031
701,1106906,126340,moving,moving_B_to_A,-0.829930902,1.493431449,-0.137435079,0.031974357,0.946952641,0.277776301,0.158425406,-0.424835086,-0.745721221,-1.304698706,0.813203633,-0.246433824,0.049550544,0.524895251,-0.299756765,-0.779413879,-1.233490229,0.789429724,-0.265832931,-0.017564224,0.553014457,-0.443461359,-0.840160131,-1.169089794,0.917478979,-0.338713884,-0.115530111,0.173660636
702,1107101,126535,moving,moving_B_to_A,-0.829077363,1.494404197,-0.136828303,0.033155695,0.948879540,0.272794247,0.155279160,-0.415182114,-0.755688131,-1.290238857,0.805969775,-0.249873757,0.049795069,0.534318507,-0.292596519,-0.791519642,-1.222436666,0.782403469,-0.267949373,-0.012522707,0.562042058,-0.439042091,-0.856485128,-1.165210485,0.918508708,-0.338159949,-0.102037653,0.177701831
703,1107309,126743,moving,moving_B_to_A,-0.828910589,1.494623899,-0.136857510,0.031987067,0.948967874,0.273560226,0.153628305,-0.411238849,-0.757560134,-1.298268437,0.808440566,-0.251232058,0.050108716,0.529901385,-0.287701845,-0.791795492,-1.227226734,0.785230637,-0.269169241,-0.011010900,0.557529867,-0.431893766,-0.851539016,-1.163504004,0.917213023,-0.340794921,-0.112159893,0.173203155
704,1107518,126952,moving,moving_B_to_A,-0.828465104,1.494886875,-0.135529757,0.030932380,0.949585438,0.273714691,0.149702802,-0.399451256,-0.755643606,-1.296961904,0.810551286,-0.248002708,0.065454021,0.526514113,-0.278086782,-0.793338835,-1.230856776,0.783259451,-0.269330472,-0.008143390,0.560267329,-0.423067868,-0.853453755,-1.167874217,0.916548133,-0.341305047,-0.106785379,0.179017484
705,1107725,127159,moving,stationary_A_return,-0.827152610,1.495397449,-0.134257913,0.031590693,0.949780762,0.272991925,0.149646267,-0.399213195,-0.757015109,-1.294014692,0.809046209,-0.247265294,0.069877706,0.528603196,-0.277555645,-0.793880582,-1.226574302,0.779529750,-0.270682722,-0.014550509,0.564670265,-0.424043417,-0.855915129,-1.168227434,0.835318983,-0.250358701,0.027873660,0.488657147
706,1107934,127368,moving,stationary_A_return,-0.825201631,1.495412350,-0.132425904,0.033729833,0.949935377,0.272464216,0.149158686,-0.399801195,-0.759138227,-1.292441368,0.810267806,-0.249332666,0.067449905,0.526070178,-0.279111564,-0.797877967,-1.226627111,0.781480312,-0.275364876,-0.016636128,0.559630334,-0.422438383,-0.853559911,-1.159146905,0.918835759,-0.342502058,-0.100492425,0.168328270
707,1108143,127577,moving,stationary_A_return,-0.823019981,1.495656490,-0.129052877,0.036548086,0.951223373,0.269717783,0.145226315,-0.394112051,-0.767588019,-1.292058587,0.807173789,-0.255409181,0.060064267,0.528799593,-0.272901952,-0.803912699,-1.220969319,0.777183652,-0.277506351,-0.010831636,0.564675570,-0.418278515,-0.860956550,-1.157495141,0.916665912,-0.344384968,-0.093156084,0.180123731
708,1108351,127785,moving,stationary_A_return,-0.815744281,1.492016196,-0.113880277,0.029024826,0.951792121,0.277683496,0.127048105,-0.333936393,-0.754087806,-1.302819014,0.808297634,-0.266590238,0.073839702,0.519742548,-0.216823459,-0.795133710,-1.234757543,0.786648810,-0.290020078,0.003000451,0.545034766,-0.362388670,-0.848097563,-1.169127941,0.920509040,-0.343828082,-0.078512475,0.168170005
709,1108559,127993,moving,stationary_A_return,-0.790587306,1.488094211,-0.082660556,0.031684864,0.949027121,0.280389398,0.140447110,-0.333514333,-0.758841991,-1.279865742,0.811327100,-0.259666592,0.063564137,0.519885778,-0.214089662,-0.796544194,-1.210476875,0.784804583,-0.280998915,-0.006672313,0.552337766,-0.357102752,-0.851913571,-1.143079162,0.924776614,-0.329097569,-0.065822050,0.179305717
710,1108739,128173,moving,stationary_A_return,-0.731917500,1.480363011,-0.019337296,0.027666546,0.944941282,0.274517149,0.175957099,-0.315037251,-0.807257414,-1.216380119,0.814254582,-0.230339468,0.043366496,0.531086206,-0.191773534,-0.845358133,-1.162161827,0.791033566,-0.250532627,-0.021593131,0.557703257,-0.326162755,-0.901744008,-1.081105471,0.836095035,-0.225221157,0.014752122,0.500002980
711,1108949,128383,moving,stationary_A_return,-0.646288276,1.473611712,0.069676518,-0.017160393,0.935107052,0.255360365,0.245094702,-0.223018304,-0.874997020,-1.133315682,0.816226602,-0.153674766,0.036687352,0.555708826,-0.094645798,-0.904052138,-1.101428986,0.795976520,-0.172640696,-0.014529426,0.580004752,,,,,,,
712,1109156,128590,moving,stationary_A_return,-0.568045497,1.478752613,0.144673705,-0.035169058,0.916623354,0.270821810,0.291925251,-0.167637840,-0.860416830,-1.143185377,0.835538328,-0.104918502,0.014000258,0.539139867,-0.036022253,-0.896445394,-1.141040087,0.819622457,-0.127699703,-0.034526397,0.557422459,,,,,,,
713,1109352,128786,moving,stationary_A_return,-0.510135531,1.484965801,0.186740279,-0.030438380,0.906699538,0.280763239,0.313275397,-0.153267264,-0.846839726,-1.150131583,0.835278928,-0.092875578,-0.017799588,0.541633129,-0.022037666,-0.889100432,-1.161588669,0.825974166,-0.111975566,-0.056726798,0.549554586,-0.112553559,-0.941063583,-1.020740390,0.845336795,-0.082321323,-0.028179051,0.527100503
714,1109573,129007,moving,stationary_A_return,-0.476746678,1.487294436,0.203822494,-0.020738792,0.903712332,0.284135669,0.319594920,-0.153026327,-0.842633247,-1.155405879,0.832520008,-0.092294700,-0.022496721,0.545789361,-0.022018354,-0.888342619,-1.172391772,0.823912144,-0.114295550,-0.065274879,0.551220953,-0.111229382,-0.941805780,-1.031658530,0.848529339,-0.079960458,-0.032338791,0.522071362
715,1109783,129217,moving,stationary_A_return,-0.465572476,1.488790274,0.204459310,-0.024498161,0.896025121,0.286721975,0.338126272,-0.172334880,-0.830695808,-1.163875461,0.834951103,-0.074943632,-0.034693219,0.544092298,-0.042023577,-0.888509512,-1.204888463,0.836712182,-0.098801069,-0.076103486,0.533253551,-0.123848662,-0.927057385,-1.038887143,0.847146332,-0.061506439,-0.041937601,0.526119232
716,1109990,129424,moving,stationary_A_return,-0.474483371,1.488830566,0.190513968,-0.024953322,0.893947959,0.288398236,0.342141598,-0.195924178,-0.829874873,-1.179124117,0.841048241,-0.076372273,-0.037653193,0.534216702,-0.064819634,-0.874373436,-1.203894138,0.833522022,-0.092399418,-0.075459428,0.539452791,-0.146369427,-0.926812887,-1.053003788,0.860262215,-0.060619976,-0.059273217,0.502753198
717,1110212,129646,moving,stationary_A_return,-0.482157469,1.490688086,0.174371481,-0.022404941,0.900682688,0.281723499,0.330000877,-0.187901556,-0.835266590,-1.166616917,0.833155096,-0.085964695,-0.034901820,0.545201361,-0.058132399,-0.890066266,-1.198810697,0.831420302,-0.103191078,-0.069974326,0.541475356,-0.143134087,-0.933165193,-1.042683482,0.851542473,-0.073597834,-0.044265468,0.517203391
718,1110420,129854,moving,stationary_A_return,-0.484291673,1.492471337,0.164483547,-0.020341503,0.902451038,0.277676016,0.328731447,-0.197326332,-0.854463875,-1.178429365,0.842074215,-0.084840730,-0.023993801,0.532106578,-0.065099165,-0.885941148,-1.179875255,0.817275941,-0.105160736,-0.070282750,0.562193513,-0.151042566,-0.943155229,-1.042794704,0.849834442,-0.077420175,-0.050096948,0.518919885
719,1110629,130063,moving,stationary_A_return,-0.485419869,1.493200898,0.162927628,-0.020425797,0.902852237,0.275857568,0.329155415,-0.197014943,-0.857559800,-1.174162149,0.837487936,-0.084143363,-0.025490373,0.539336741,-0.065088697,-0.892142177,-1.179492116,0.817247510,-0.103727482,-0.070596136,0.562461913,-0.150920331,-0.947704196,-1.040432811,0.848198354,-0.077534027,-0.050405726,0.521543264
720,1110838,130272,moving,stationary_A_return,-0.485643744,1.493319869,0.162134171,-0.023948120,0.903468430,0.272408158,0.330098689,-0.188425720,-0.856517732,-1.162426233,0.827958524,-0.083557680,-0.028856097,0.553778052,-0.057717934,-0.906679153,-1.188879490,0.823051691,-0.104152709,-0.067416273,0.554250181,-0.142840773,-0.951708972,-1.036822438,0.848397791,-0.072237223,-0.044275243,0.522534788
721,1111047,130481,moving,stationary_A_return,-0.485432982,1.493890166,0.160653234,-0.024581898,0.904166222,0.270776331,0.329483479,-0.185875192,-0.866254330,-1.170112371,0.837405145,-0.079785451,-0.018291237,0.540418744,-0.053393476,-0.901692212,-1.177996278,0.817445874,-0.103381939,-0.063240297,0.563112020,-0.139189214,-0.956781387,-1.038439035,0.846808136,-0.074287057,-0.054829616,0.523823678
722,1111269,130703,moving,stationary_A_return,-0.484324574,1.494856358,0.159412861,-0.024036624,0.905049682,0.268538028,0.328929573,-0.182196736,-0.862709641,-1.156513453,0.827080369,-0.080464311,-0.022046607,0.555857539,-0.052326452,-0.915999651,-1.186454773,0.823661685,-0.102653839,-0.063692614,0.554063976,-0.137412697,-0.956158936,-1.029993415,0.837600291,-0.069016144,-0.040865142,0.540363312
723,1111490,130924,moving,stationary_A_return,-0.482224345,1.495339274,0.159118176,-0.023051692,0.905377984,0.267790079,0.328706324,-0.182017952,-0.864474118,-1.156667471,0.825912535,-0.081598975,-0.024673959,0.557316124,-0.051069420,-0.908662796,-1.174909592,0.815289378,-0.103883743,-0.062962376,0.566168904,-0.136943489,-0.957993746,-1.030640960,0.841159523,-0.070746206,-0.036851354,0.534871638
724,1111713,131147,moving,stationary_A_return,-0.480086923,1.495870709,0.159857154,-0.022827035,0.905715644,0.266258508,0.329035729,-0.179834813,-0.870982707,-1.158331871,0.825895846,-0.082542032,-0.023551624,0.557250500,-0.049664378,-0.920451581,-1.183080077,0.822216511,-0.100232527,-0.065300547,0.556461394,-0.134937257,-0.963227868,-1.030096889,0.843475223,-0.070883997,-0.041256081,0.530870020
725,1111934,131368,moving,stationary_A_return,-0.477354407,1.496174812,0.162479520,-0.022384217,0.905789137,0.265020370,0.329862416,-0.179551065,-0.881508589,-1.163573861,0.831330717,-0.080469050,-0.021643326,0.549495757,-0.047352389,-0.916659772,-1.170939922,0.814344764,-0.100085050,-0.063387074,0.568161607,-0.131958842,-0.962207437,-1.024165034,0.820950031,-0.083001271,-0.065880679,0.561080694
726,1112156,131590,moving,stationary_A_return,-0.474521756,1.495797157,0.166689515,-0.021577954,0.905478299,0.265356690,0.330498546,-0.176101863,-0.874024749,-1.153069377,0.823893547,-0.082495481,-0.025161395,0.560143650,-0.045034554,-0.920239449,-1.173079967,0.814605594,-0.102455914,-0.062249020,0.567490637,,,,,,,
727,1112366,131800,moving,stationary_A_return,-0.471459746,1.495015740,0.170306325,-0.021834265,0.904880345,0.266320020,0.331343442,-0.173628196,-0.874830246,-1.156775355,0.831196189,-0.077511214,-0.018445278,0.550240517,-0.041876979,-0.916639209,-1.172714353,0.812676847,-0.104782335,-0.066729702,0.569318950,-0.126948982,-0.964376092,-1.025987148,0.837664664,-0.067036569,-0.038495935,0.540686667
728,1112574,132008,moving,stationary_A_return,-0.468216181,1.493973017,0.172978640,-0.022275206,0.904170632,0.267740756,0.332105696,-0.170732781,-0.872334063,-1.160784602,0.831470609,-0.079208784,-0.024588665,0.549343288,-0.038892943,-0.915215611,-1.178400278,0.816365480,-0.103797071,-0.066752441,0.564196527,-0.123818785,-0.965623736,-1.033290148,0.840648174,-0.067700043,-0.041525096,0.535726666
729,1112795,132229,moving,stationary_A_return,-0.465489984,1.493901014,0.175149441,-0.021778209,0.903800011,0.268124193,0.332837343,-0.169575810,-0.868060529,-1.155319095,0.827449679,-0.078480184,-0.032526396,0.555076540,-0.039004873,-0.913376808,-1.175294042,0.816722929,-0.098776586,-0.071931288,0.563943923,-0.123534068,-0.965692461,-1.033408642,0.841310799,-0.067827955,-0.044178914,0.534456491
730,1113017,132451,moving,stationary_A_return,-0.462722540,1.494204044,0.175536871,-0.020328326,0.904218376,0.267530173,0.332270265,-0.170123547,-0.878423929,-1.166044354,0.834166825,-0.079875700,-0.022031795,0.545252323,-0.037680887,-0.913640976,-1.172919869,0.815292656,-0.102035806,-0.071261853,0.565515935,-0.123026378,-0.964951873,-1.030513167,0.839832008,-0.067409508,-0.042111725,0.536996067
731,1113241,132675,moving,stationary_A_return,-0.461188674,1.494534612,0.173566222,-0.019461127,0.904573858,0.267360628,0.331490219,-0.169476569,-0.875005603,-1.163555264,0.828273952,-0.082680792,-0.025391420,0.553607523,-0.037829600,-0.912111342,-1.172207117,0.810159445,-0.102096632,-0.069563001,0.573043644,-0.123447619,-0.967104197,-1.034064770,0.842007816,-0.071836643,-0.046797622,0.532608926
732,1113463,132897,moving,stationary_A_return,-0.461136699,1.494951248,0.171484232,-0.020109035,0.904985547,0.266651958,0.330898136,-0.168538496,-0.876431227,-1.165115237,0.831022978,-0.081718236,-0.022542708,0.549740672,-0.036800858,-0.920008838,-1.182579279,0.817914963,-0.101715893,-0.067016721,0.562296867,-0.121537313,-0.957112134,-1.024508238,0.832002401,-0.067454554,-0.035211541,0.549528956
733,1113671,133105,moving,stationary_A_return,-0.460583329,1.495316505,0.170430064,-0.019767851,0.904601038,0.266235262,0.332302570,-0.171233431,-0.873177886,-1.160479307,0.826951623,-0.080091096,-0.021867404,0.556109965,-0.039942827,-0.918801427,-1.180642962,0.814512849,-0.101315625,-0.071485810,0.566739500,-0.124869101,-0.962659001,-1.029974699,0.836849153,-0.068643108,-0.041788314,0.541502833
734,1113892,133326,moving,stationary_A_return,-0.460150123,1.495797276,0.169965744,-0.018502045,0.905039787,0.265503764,0.331765682,-0.172515631,-0.879114985,-1.163914204,0.825319707,-0.081553526,-0.027355909,0.558075428,-0.040573936,-0.917247057,-1.173515081,0.812487006,-0.103599221,-0.071009278,0.569288909,-0.126213491,-0.969690681,-1.032960534,0.843311369,-0.073008701,-0.049284093,0.530157328
735,1114101,133535,moving,stationary_A_return,-0.459909081,1.496082902,0.169543266,-0.018008962,0.905618370,0.265142739,0.330500185,-0.171100080,-0.881675601,-1.164535403,0.829690874,-0.082875974,-0.023248019,0.551546991,-0.039765563,-0.916810215,-1.171396255,0.810308397,-0.101036318,-0.069520876,0.573026061,-0.125191540,-0.969530642,-1.031458616,0.839599907,-0.072338484,-0.044284880,0.536542654
736,1114323,133757,moving,stationary_A_return,-0.459751964,1.495941401,0.169643402,-0.018135484,0.905674338,0.264689684,0.330703080,-0.170157015,-0.883481085,-1.165945053,0.828153193,-0.081735224,-0.023659945,0.554005325,-0.038531885,-0.926595449,-1.181168556,0.815388858,-0.105274007,-0.072220184,0.564661562,-0.124072008,-0.968510270,-1.029169917,0.837985814,-0.072314985,-0.035601042,0.539706290
737,1114546,133980,moving,stationary_A_return,-0.459062219,1.496045351,0.170105815,-0.017700775,0.906046331,0.264305592,0.330014110,-0.167603776,-0.874957442,-1.151731968,0.824037850,-0.082373209,-0.019717293,0.560167372,-0.037268698,-0.922181427,-1.172524333,0.811089098,-0.104011543,-0.070614621,0.571252763,,,,,,,
738,1114754,134188,moving,stationary_A_return,-0.457880616,1.496201396,0.171036720,-0.016658908,0.906779706,0.263451695,0.328734308,-0.166083574,-0.883448184,-1.158209920,0.824788868,-0.084503606,-0.024491450,0.558554053,-0.035270859,-0.929910541,-1.176697969,0.814614058,-0.106304988,-0.063557163,0.566624880,,,,,,,
739,1114976,134410,moving,stationary_A_return,-0.456433177,1.496209621,0.171667099,-0.015447603,0.907493711,0.262849599,0.327302039,-0.164907023,-0.883887947,-1.154806256,0.823773086,-0.086551912,-0.028040119,0.559571743,-0.033630479,-0.933093190,-1.176709175,0.812718570,-0.106602594,-0.064345695,0.569196045,,,,,,,
740,1115184,134618,moving,stationary_A_return,-0.455461740,1.496100903,0.171912074,-0.014929762,0.908153653,0.262589425,0.325700611,-0.162284672,-0.887482405,-1.158297777,0.825850487,-0.089145787,-0.028149711,0.556086004,-0.030780319,-0.933511317,-1.174937487,0.813233554,-0.111795209,-0.069522634,0.566850662,,,,,,,
741,1115407,134841,moving,stationary_A_return,-0.455262303,1.496128321,0.171656609,-0.014686206,0.908581614,0.262214065,0.324819356,-0.159171909,-0.881492496,-1.150027752,0.818849921,-0.092377782,-0.027715022,0.565847158,-0.029442159,-0.937040091,-1.177351475,0.815291047,-0.110095978,-0.065020449,0.564758122,,,,,,,
742,1115615,135049,moving,stationary_A_return,-0.455473065,1.495961785,0.171440482,-0.013941558,0.908956945,0.262419105,0.323634267,-0.158833221,-0.879221797,-1.147320151,0.818297267,-0.092882209,-0.027788980,0.566560030,-0.029341506,-0.937680125,-1.178035498,0.815918386,-0.111255422,-0.065664679,0.563549042,,,,,,,
743,1115823,135257,moving,stationary_A_return,-0.456310868,1.496110082,0.170794368,-0.013587418,0.909393013,0.261977226,0.322781146,-0.159118474,-0.881669998,-1.147593856,0.821831286,-0.089591295,-0.022219826,0.562203884,-0.028921338,-0.942303658,-1.180742264,0.817593277,-0.114229776,-0.066389807,0.560433090,,,,,,,
744,1116046,135480,moving,stationary_A_return,-0.457357287,1.496294260,0.170220494,-0.012856384,0.909457684,0.261933535,0.322664201,-0.161303937,-0.881301045,-1.145644665,0.817352533,-0.093572214,-0.028593490,0.567768812,-0.031603467,-0.946476042,-1.183138728,0.820242882,-0.113307200,-0.063903756,0.557027280,,,,,,,
745,1116254,135688,moving,stationary_A_return,-0.457875133,1.496734381,0.170196414,-0.011633932,0.909986734,0.261200786,0.321811944,-0.163752556,-0.895369291,-1.158066154,0.827350259,-0.096036859,-0.019425495,0.553074241,-0.032068022,-0.944822669,-1.176373839,0.813034296,-0.116938815,-0.061924193,0.566979647,,,,,,,
746,1116463,135897,moving,stationary_A_return,-0.457483411,1.496628761,0.170655012,-0.011221184,0.910167336,0.261340946,0.321201593,-0.161842361,-0.887984037,-1.148875356,0.818216085,-0.093569890,-0.024416031,0.566719472,-0.031297214,-0.944817603,-1.175622106,0.815097988,-0.116919316,-0.062250856,0.563977003,,,,,,,
747,1116670,136104,moving,stationary_A_return,-0.456863046,1.496957541,0.171117067,-0.011260965,0.910405755,0.260300547,0.321369261,-0.161593065,-0.892437339,-1.148902535,0.820309520,-0.091456346,-0.021562783,0.564148128,-0.030961310,-0.929841638,-1.152633071,0.801569641,-0.111934133,-0.067031600,0.583492577,,,,,,,
748,1116879,136313,moving,stationary_A_return,-0.456107497,1.497116446,0.171978354,-0.010038883,0.910581470,0.259716064,0.321384788,-0.161710858,-0.892993093,-1.144595146,0.817290306,-0.093581282,-0.027654314,0.567903459,-0.031592607,-0.950215459,-1.171273828,0.810553730,-0.117476434,-0.064730346,0.570098162,,,,,,,
749,1117087,136521,moving,stationary_A_return,-0.455427170,1.497576356,0.172469497,-0.008527770,0.911553502,0.258637697,0.319537222,-0.160182074,-0.901142001,-1.147456050,0.817915857,-0.097907357,-0.019400181,0.566614032,-0.029720444,-0.947831392,-1.161583304,0.805338562,-0.119415693,-0.064861476,0.577029288,,,,,,,
750,1117309,136743,moving,stationary_A_return,-0.455479503,1.497756362,0.173072577,-0.008862136,0.912039816,0.257742733,0.318862796,-0.157184094,-0.904302597,-1.146801591,0.820384622,-0.097563945,-0.019500019,0.563089848,-0.026198562,-0.952199101,-1.161754370,0.805733383,-0.121547341,-0.061625928,0.576387227,,,,,,,
751,1117518,136952,moving,stationary_A_return,-0.454188943,1.497443199,0.174861073,-0.009398337,0.912910342,0.258032173,0.316110432,-0.149063289,-0.903672814,-1.148089886,0.825600684,-0.096440583,-0.010921946,0.555844903,-0.018382749,-0.948397160,-1.158110499,0.804854155,-0.119901188,-0.060896989,0.578035533,,,,,,,
752,1117740,137174,moving,stationary_A_return,-0.452502966,1.497395754,0.176322937,-0.008425892,0.913852811,0.257703364,0.313673466,-0.144638866,-0.903195918,-1.144929290,0.818136275,-0.100115687,-0.018369200,0.565943897,-0.013655365,-0.947278261,-1.153101683,0.803751588,-0.122471467,-0.060675196,0.579053283,,,,,,,
753,1117949,137383,moving,stationary_A_return,-0.451741457,1.497137427,0.176922083,-0.008533100,0.913421988,0.258177727,0.314534187,-0.145520806,-0.908053219,-1.152539492,0.824245870,-0.099789329,-0.009436551,0.557289600,-0.014383130,-0.962954283,-1.173789382,0.815770626,-0.121861130,-0.062632561,0.561912298,,,,,,,
754,1118157,137591,moving,stationary_A_return,-0.451215029,1.497028589,0.177958608,-0.008565728,0.913268745,0.258330315,0.314852864,-0.144721776,-0.903935194,-1.147723079,0.820852160,-0.099144459,-0.015930630,0.562244058,-0.014026335,-0.958580852,-1.168629050,0.813227236,-0.122004852,-0.061648995,0.565663934,,,,,,,
755,1118364,137798,moving,stationary_A_return,-0.450861335,1.496760368,0.179181576,-0.007997899,0.913335443,0.258723348,0.314351201,-0.144291326,-0.903425455,-1.147594929,0.817475617,-0.104280449,-0.020459481,0.566074789,-0.013463123,-0.947981954,-1.156433463,0.806400657,-0.120589212,-0.058901824,0.575939953,,,,,,,
756,1118575,138009,moving,stationary_A_return,-0.450762987,1.497024775,0.179557562,-0.007381646,0.913810790,0.258275151,0.313351750,-0.143583804,-0.909545064,-1.150082827,0.826269507,-0.101496272,-0.010021481,0.553964734,-0.011973541,-0.960934758,-1.167243361,0.811564028,-0.124400184,-0.059959240,0.567708910,,,,,,,
757,1118782,138216,moving,stationary_A_return,-0.452041268,1.496967673,0.179725647,-0.008091518,0.913581550,0.259039909,0.313371480,-0.143460780,-0.906696141,-1.149689913,0.824193597,-0.099886447,-0.011915101,0.557302177,-0.011721160,-0.960285306,-1.169198751,0.812048316,-0.125218928,-0.060960613,0.566728830,,,,,,,
758,1119005,138439,moving,stationary_A_return,-0.453449607,1.497483492,0.179957509,-0.007698824,0.914621055,0.257694304,0.311452568,-0.140173599,-0.903971314,-1.138931751,0.820288122,-0.102517255,-0.007793419,0.562633872,-0.009404141,-0.960264862,-1.160910487,0.808977067,-0.127332106,-0.057542935,0.570991695,,,,,,,
759,1119226,138660,moving,stationary_A_return,-0.454585433,1.497606754,0.180289745,-0.006993863,0.914807260,0.257402837,0.311163217,-0.142496556,-0.914065123,-1.148065567,0.822657645,-0.104040802,-0.011622280,0.558815658,-0.011034651,-0.961186826,-1.158433676,0.808476210,-0.127241284,-0.058370993,0.571636856,,,,,,,
760,1119435,138869,moving,stationary_A_return,-0.455221653,1.498007298,0.180023074,-0.006325526,0.915094316,0.256416261,0.311148077,-0.142967030,-0.908674419,-1.136058092,0.815799296,-0.103903003,-0.013555780,0.568763435,-0.012826549,-0.961009383,-1.152326465,0.803417325,-0.124242991,-0.055361435,0.579671919,,,,,,,
761,1119643,139077,moving,stationary_A_return,-0.455464244,1.498807788,0.179829121,-0.005427048,0.915497661,0.254473239,0.311573356,-0.145553738,-0.917129934,-1.135189176,0.817848265,-0.106825165,-0.018175643,0.565139234,-0.014419436,-0.969940722,-1.151420593,0.808037460,-0.124870025,-0.053073730,0.573294103,,,,,,,
762,1119865,139299,moving,stationary_A_return,-0.455410600,1.499367237,0.179775119,-0.004749937,0.916137934,0.253259420,0.310690194,-0.144225538,-0.922906637,-1.135755539,0.817250133,-0.103948854,-0.018773993,0.566519499,-0.013153974,-0.969318449,-1.144534230,0.802431464,-0.126147553,-0.060615443,0.580100238,,,,,,,
763,1120074,139508,moving,stationary_A_return,-0.455342174,1.499276757,0.179216981,-0.004600434,0.916479111,0.253098756,0.309815943,-0.142211169,-0.918372214,-1.131236315,0.809091747,-0.110325068,-0.022876741,0.576780379,-0.011621907,-0.974152505,-1.149825573,0.805734575,-0.129462481,-0.053570241,0.575466394,,,,,,,
764,1120296,139730,moving,stationary_A_return,-0.455522895,1.499158263,0.178645492,-0.004904900,0.916621566,0.253013194,0.309459567,-0.142212898,-0.920987189,-1.134444237,0.813689649,-0.106573485,-0.018205114,0.571156561,-0.011017554,-0.964617372,-1.139855027,0.797326326,-0.126412392,-0.056438927,0.587456703,,,,,,,
765,1120505,139939,moving,stationary_A_return,-0.456343293,1.498995781,0.178244352,-0.005325194,0.916622996,0.252740175,0.309671372,-0.142126858,-0.919163406,-1.131704807,0.810573995,-0.108831532,-0.018859858,0.575125933,-0.011380803,-0.969646692,-1.144733429,0.802296817,-0.128295407,-0.053074550,0.580554307,,,,,,,
766,1120726,140160,moving,stationary_A_return,-0.457664847,1.498631239,0.177692890,-0.005975992,0.916396439,0.252880543,0.310215026,-0.143815726,-0.923656821,-1.137627244,0.819721580,-0.100304380,-0.011657001,0.563790381,-0.012716349,-0.972118139,-1.149299979,0.805481970,-0.124882832,-0.055757597,0.576623142,,,,,,,
767,1120935,140369,moving,stationary_A_return,-0.458577752,1.498461962,0.177054882,-0.005972024,0.916618645,0.252658963,0.309738666,-0.142139822,-0.915297866,-1.127637506,0.806937397,-0.108254388,-0.018585950,0.580334067,-0.011939064,-0.974219441,-1.150520325,0.803135395,-0.127515972,-0.048040573,0.580004513,,,,,,,
768,1121143,140577,moving,stationary_A_return,-0.459143996,1.498034835,0.177177191,-0.006096514,0.916602492,0.253648192,0.308974564,-0.142368138,-0.915555239,-1.132197022,0.814288855,-0.106427841,-0.014955684,0.570423603,-0.011715338,-0.969389319,-1.148897409,0.804579675,-0.128189459,-0.050938398,0.577602208,,,,,,,
769,1121351,140785,moving,stationary_A_return,-0.459583879,1.498276830,0.177259922,-0.006171619,0.916758716,0.253087074,0.308969676,-0.142610520,-0.919355750,-1.133127093,0.814509273,-0.106059767,-0.015995542,0.570149243,-0.011352129,-0.962499440,-1.137653828,0.797695518,-0.126245499,-0.054665368,0.587159038,,,,,,,
770,1121559,140993,moving,stationary_A_return,-0.460609078,1.498260736,0.177903891,-0.006826217,0.916542947,0.253771186,0.309034973,-0.142278478,-0.915694833,-1.130998254,0.816649377,-0.104344897,-0.012714677,0.567480624,-0.011415284,-0.969573379,-1.148289680,0.806199908,-0.126992747,-0.051749554,0.575531662,,,,,,,
771,1121783,141217,moving,stationary_A_return,-0.461145997,1.498215914,0.178387165,-0.007139020,0.916539907,0.253922522,0.308912635,-0.141775131,-0.922973752,-1.139447689,0.820402861,-0.103182718,-0.009157210,0.562324524,-0.010457477,-0.966460526,-1.144846559,0.804676473,-0.126268521,-0.057409581,0.577283442,,,,,,,
772,1121977,141411,moving,stationary_A_return,-0.462047458,1.497774124,0.179019809,-0.007890320,0.916211426,0.255183697,0.308829606,-0.141381413,-0.914305329,-1.135164499,0.812994003,-0.100141168,-0.016576789,0.573356569,-0.010424562,-0.960605919,-1.144223213,0.803048730,-0.124828234,-0.056058787,0.579989731,,,,,,,
773,1122185,141619,moving,stationary_A_return,-0.464074254,1.496205091,0.179237843,-0.011635052,0.914392889,0.260630280,0.309551537,-0.140542239,-0.904155135,-1.151018620,0.827337205,-0.103338167,-0.009920259,0.552028954,-0.008666875,-0.946906328,-1.157307744,0.807179511,-0.127789229,-0.054441918,0.573731065,,,,,,,
774,1122392,141826,moving,stationary_A_return,-0.465786576,1.494690418,0.178556442,-0.015880775,0.912189245,0.265889794,0.311386079,-0.139229655,-0.884797454,-1.153873205,0.826349914,-0.098846838,-0.008708885,0.554345846,-0.007963989,-0.927439451,-1.161408901,0.809483945,-0.122250237,-0.059734143,0.571158946,,,,,,,
775,1122615,142049,moving,stationary_A_return,-0.466982722,1.492635012,0.176241994,-0.022373203,0.908521712,0.274174452,0.314509302,-0.140627131,-0.862465143,-1.178251624,0.838432670,-0.092032120,-0.006910104,0.537133992,-0.008452658,-0.908742189,-1.194332600,0.825154722,-0.117082335,-0.056515642,0.549743056,-0.099134237,-0.947058737,-1.038021922,0.843045533,-0.081421465,-0.025250256,0.531043530
776,1122823,142257,moving,stationary_A_return,-0.467501760,1.491144180,0.172540426,-0.027855448,0.905285656,0.280552328,0.317761391,-0.141510755,-0.832371473,-1.182973027,0.833033144,-0.089304402,-0.021065734,0.545560837,-0.010258541,-0.876162529,-1.198855996,0.823392510,-0.110174753,-0.063721105,0.553015232,-0.099433772,-0.927359521,-1.055052042,0.851454854,-0.076397963,-0.027646039,0.518096209
777,1123044,142478,moving,stationary_A_return,-0.468156695,1.488910794,0.168335676,-0.034156211,0.901980042,0.288238645,0.319662064,-0.141766757,-0.811501622,-1.204233408,0.842610836,-0.087031528,-0.010114006,0.531347513,-0.009954920,-0.852531791,-1.219910622,0.832859039,-0.103995189,-0.061910070,0.540090799,-0.098658971,-0.909440041,-1.078263998,0.864388824,-0.075325914,-0.030631812,0.496205240
778,1123269,142703,moving,stationary_A_return,-0.468422055,1.487889528,0.162726402,-0.037363272,0.900542557,0.290355444,0.321435541,-0.143257439,-0.802019536,-1.213379145,0.847168505,-0.083153471,-0.006640405,0.524735153,-0.011462826,-0.840973377,-1.226853609,0.834174275,-0.102836423,-0.061096601,0.538372576,-0.099217229,-0.896469474,-1.082419872,0.864824951,-0.070292272,-0.028354259,0.496319324
779,1123476,142910,moving,stationary_A_return,-0.467647910,1.488414884,0.155824184,-0.038822424,0.899473846,0.288582206,0.325821966,-0.150201738,-0.799077272,-1.211423874,0.845175385,-0.075911880,-0.009011808,0.528994024,-0.018940974,-0.837987900,-1.227633119,0.831367373,-0.095744208,-0.060286086,0.544083476,-0.104582340,-0.890549779,-1.078155160,0.853801906,-0.064093910,-0.026866257,0.515938342
780,1123698,143132,moving,stationary_A_return,-0.466043115,1.489412069,0.151370764,-0.038135529,0.899634480,0.286071658,0.327668339,-0.154896304,-0.799421191,-1.204276681,0.838609457,-0.077782422,-0.024461871,0.538596094,-0.023676796,-0.851205945,-1.239714742,0.836940408,-0.098361783,-0.063626662,0.534609616,-0.109618723,-0.901854873,-1.085475922,0.863379300,-0.068707533,-0.032431141,0.498802215
781,1123921,143355,moving,stationary_A_return,-0.463702798,1.490506649,0.148466349,-0.036418416,0.900226414,0.283444077,0.328520209,-0.157777146,-0.806193233,-1.204674840,0.836877823,-0.077812076,-0.022292651,0.541372299,-0.027062044,-0.852731586,-1.231806517,0.829856396,-0.096175134,-0.064069249,0.545878947,-0.112265050,-0.905956149,-1.082669854,0.861346006,-0.066604353,-0.031982865,0.502617180
782,1124143,143577,moving,stationary_A_return,-0.461047053,1.491109371,0.147284031,-0.035539381,0.900557697,0.282160759,0.328813165,-0.157816917,-0.809200108,-1.204058051,0.834936261,-0.078608550,-0.024207653,0.544165552,-0.027269945,-0.854205370,-1.228627443,0.827408671,-0.095089436,-0.063613713,0.549823821,-0.112214401,-0.906980157,-1.080102324,0.854542077,-0.064218126,-0.026177445,0.514731646
783,1124351,143785,moving,stationary_A_return,-0.458412528,1.491637230,0.147320509,-0.034661755,0.900359631,0.280865222,0.330553830,-0.160650089,-0.816643357,-1.208628535,0.839834392,-0.075101621,-0.023436507,0.537111461,-0.028810030,-0.849191546,-1.215932012,0.822693348,-0.093299456,-0.068126470,0.556623459,-0.114505991,-0.917019010,-1.087296367,0.862459779,-0.063329622,-0.035241727,0.500909686
784,1124574,144008,moving,stationary_A_return,-0.455491662,1.492305517,0.148293853,-0.033513445,0.900420368,0.279297829,0.331832409,-0.160462037,-0.816856444,-1.200186610,0.836531699,-0.073581211,-0.017971905,0.542657971,-0.029260529,-0.872513771,-1.240628839,0.835754931,-0.096503146,-0.067727149,0.536296546,-0.114506170,-0.921473324,-1.085483789,0.860801816,-0.063940242,-0.039757892,0.503340006
785,1124795,144229,moving,stationary_A_return,-0.451279044,1.493233681,0.149811864,-0.031715669,0.901062846,0.276925534,0.332253069,-0.160791337,-0.837539196,-1.216102958,0.845103800,-0.074570030,-0.014951865,0.529164791,-0.027648441,-0.867414951,-1.220396996,0.824089706,-0.097459421,-0.067912936,0.553864360,-0.112266101,-0.921786904,-1.074683905,0.854907632,-0.063879810,-0.034400497,0.513681829
786,1125005,144439,moving,stationary_A_return,-0.447313905,1.494179487,0.151466846,-0.029309586,0.901719213,0.274690598,0.332548529,-0.160304129,-0.839935780,-1.205445886,0.836234450,-0.076910220,-0.024161318,0.542414069,-0.027853370,-0.875178039,-1.217219949,0.823474050,-0.095672481,-0.065675907,0.555359364,-0.111859813,-0.924140096,-1.066092610,0.846736848,-0.066749431,-0.041112639,0.526204467
787,1125226,144660,moving,stationary_A_return,-0.444947600,1.494836211,0.152992487,-0.026334956,0.903388917,0.272930086,0.329703063,-0.154868543,-0.840627730,-1.195116758,0.831474602,-0.079791024,-0.022639897,0.549336672,-0.024041362,-0.882550061,-1.212668061,0.819518864,-0.103632815,-0.071243286,0.559082687,-0.109393291,-0.934567511,-1.067319393,0.846908748,-0.071739830,-0.042122107,0.525190115
788,1125435,144869,moving,stationary_A_return,-0.444353104,1.494688511,0.154245853,-0.024273526,0.904456913,0.273531258,0.326418728,-0.153267115,-0.847225666,-1.203156233,0.836734056,-0.085055083,-0.015688982,0.540736139,-0.021416996,-0.884854198,-1.213358283,0.821773231,-0.103809275,-0.067930721,0.556145489,-0.108160034,-0.935672522,-1.067898393,0.851062775,-0.073341593,-0.037539959,0.518559515
789,1125656,145090,moving,stationary_A_return,-0.444697380,1.494270086,0.154505968,-0.023721678,0.904306650,0.273980111,0.326499104,-0.154635519,-0.839446068,-1.194511414,0.833493650,-0.082333781,-0.024921952,0.545791566,-0.023156574,-0.886143148,-1.216839910,0.821240127,-0.107231922,-0.063914411,0.556759298,-0.110106379,-0.933779955,-1.066262364,0.846839786,-0.075089797,-0.041126538,0.524911880
790,1125866,145300,moving,stationary_A_return,-0.444979310,1.494081020,0.154486656,-0.024418326,0.904211581,0.273324639,0.327259570,-0.154029414,-0.838876069,-1.189944983,0.830670655,-0.082042240,-0.027049400,0.550021529,-0.022786822,-0.892061830,-1.220662713,0.824026704,-0.105931096,-0.064100586,0.552855968,-0.109423287,-0.937987089,-1.068555951,0.849799633,-0.070126206,-0.034462824,0.521282315
791,1126073,145507,moving,stationary_A_return,-0.445093274,1.494186640,0.155848503,-0.024346171,0.904514849,0.273486704,0.326290190,-0.151911020,-0.842533708,-1.193873167,0.832987845,-0.081801735,-0.021788392,0.546776950,-0.020484127,-0.893595338,-1.221693754,0.825620711,-0.107490622,-0.065345533,0.550023854,-0.107495986,-0.932857692,-1.061390519,0.845265985,-0.071094878,-0.033987291,0.528503358
792,1126294,145728,moving,stationary_A_return,-0.445602059,1.494054914,0.157444954,-0.023963381,0.904876173,0.273775578,0.325072050,-0.150442272,-0.847639084,-1.199277878,0.835268259,-0.086999528,-0.014094571,0.542733312,-0.018614665,-0.885774791,-1.209242821,0.821063697,-0.104550056,-0.067582600,0.557096183,-0.105968460,-0.938535452,-1.066452742,0.853898227,-0.075620577,-0.040308084,0.513336897
793,1126504,145938,moving,stationary_A_return,-0.446516991,1.494183302,0.159015059,-0.023779893,0.905252039,0.273511201,0.324260503,-0.148373812,-0.844091773,-1.190504074,0.830854714,-0.085755765,-0.024745392,0.549285114,-0.017399743,-0.887488186,-1.206661463,0.817108154,-0.109952316,-0.064204656,0.562247813,-0.105436705,-0.941637278,-1.066378474,0.854129076,-0.075749345,-0.036056314,0.513249934
794,1126712,146146,moving,stationary_A_return,-0.448578000,1.494327545,0.160078764,-0.023189552,0.905650318,0.273647726,0.323073775,-0.148076281,-0.843765438,-1.187057257,0.831251979,-0.083892718,-0.023153579,0.549041092,-0.017089922,-0.895428896,-1.214211941,0.824719012,-0.111301765,-0.063034296,0.550887644,-0.105483808,-0.939964175,-1.061614752,0.850065529,-0.075697817,-0.039646145,0.519698560
795,1126935,146369,moving,stationary_A_return,-0.451349139,1.494011998,0.160481095,-0.023737930,0.905804217,0.274389207,0.321971774,-0.148258895,-0.845474839,-1.190720558,0.835472584,-0.086762175,-0.021606710,0.542209327,-0.017272029,-0.889602542,-1.207791209,0.821027875,-0.111550100,-0.064547405,0.556150436,-0.105555676,-0.939867079,-1.062263012,0.850855350,-0.073549256,-0.034169264,0.519103348
796,1127143,146577,moving,stationary_A_return,-0.454581022,1.493687987,0.160215259,-0.024735902,0.905220807,0.274687678,0.323280215,-0.151416868,-0.845695198,-1.191118956,0.836223543,-0.085036263,-0.022266084,0.541297793,-0.019876402,-0.889338970,-1.207811832,0.822703302,-0.108567156,-0.065441750,0.554156840,-0.107279629,-0.934894443,-1.056882262,0.845619082,-0.070746772,-0.028954826,0.528284907
797,1127364,146798,moving,stationary_A_return,-0.457211256,1.493466496,0.160380840,-0.025291776,0.905066252,0.274834454,0.323545128,-0.152740657,-0.845354021,-1.190142632,0.835922241,-0.085041985,-0.008476050,0.542153180,-0.021047952,-0.883980393,-1.200034857,0.820780993,-0.107512057,-0.064594857,0.557303488,-0.109061770,-0.941245079,-1.063177705,0.853081346,-0.073372513,-0.036390044,0.515309989
798,1127574,147008,moving,stationary_A_return,-0.459596157,1.493301988,0.160783172,-0.025878685,0.904993296,0.275128126,0.323453158,-0.152958781,-0.845825493,-1.190266728,0.836878538,-0.084341943,-0.008608489,0.540783346,-0.021443257,-0.888548255,-1.205555677,0.824078858,-0.107389487,-0.068000712,0.552030444,-0.108655557,-0.931353807,-1.051257730,0.844148755,-0.076932453,-0.038277932,0.529177845
799,1127781,147215,moving,stationary_A_return,-0.462401271,1.492644668,0.161495924,-0.027160646,0.904368281,0.276764452,0.323700130,-0.154217467,-0.840811014,-1.190074563,0.838942111,-0.081273213,-0.021924974,0.537670970,-0.022389725,-0.876552284,-1.197233915,0.819960237,-0.100440256,-0.068805359,0.559323609,-0.109072901,-0.925498009,-1.050669670,0.839253247,-0.071067400,-0.034739695,0.537955940
800,1128002,147436,moving,stationary_A_return,-0.465900302,1.491942525,0.161919117,-0.029316759,0.903683245,0.277462870,0.324825406,-0.153775573,-0.836646914,-1.187716126,0.836958408,-0.083330572,-0.023426734,0.540377498,-0.022212423,-0.877834320,-1.203874111,0.824034393,-0.104901880,-0.064655669,0.552976012,-0.109137028,-0.926484287,-1.054612756,0.846170127,-0.069457345,-0.033505872,0.527303755
801,1128212,147646,moving,stationary_A_return,-0.470617414,1.491544843,0.162534237,-0.031633001,0.902355909,0.277386218,0.328344494,-0.159623072,-0.838875830,-1.187648416,0.839385867,-0.075052932,-0.017943798,0.538030148,-0.027785672,-0.878989697,-1.203697920,0.826795995,-0.097153731,-0.065072022,0.550213814,-0.113808766,-0.935684800,-1.061963439,0.858290076,-0.066143900,-0.039862756,0.507320464
802,1128421,147855,moving,stationary_A_return,-0.475101948,1.491337538,0.163817406,-0.033096060,0.900937736,0.277436167,0.332031757,-0.165386811,-0.833158195,-1.176027775,0.834136724,-0.072154135,-0.018196099,0.546514988,-0.034415178,-0.877570033,-1.198946595,0.824124336,-0.094263166,-0.068122767,0.554339945,-0.119052656,-0.934179783,-1.056910396,0.854767561,-0.064191401,-0.044322517,0.513115466
803,1128643,148077,moving,stationary_A_return,-0.478597522,1.490981817,0.164904952,-0.033101197,0.899683416,0.277946413,0.334992290,-0.174001113,-0.841289878,-1.184011221,0.841463089,-0.071081921,-0.019080197,0.535278559,-0.042026877,-0.883468807,-1.204911113,0.829991758,-0.093000986,-0.068341523,0.545704961,-0.125664249,-0.935810208,-1.056421161,0.856834352,-0.062398456,-0.039707322,0.510259449
804,1128864,148298,moving,stationary_A_return,-0.481142163,1.490462065,0.165496349,-0.034013171,0.898010135,0.278506845,0.338902473,-0.182917327,-0.846417248,-1.190733671,0.846269846,-0.068302572,-0.021877302,0.527904928,-0.049482249,-0.873539209,-1.194410801,0.824400067,-0.087155685,-0.068947837,0.554990709,-0.131442219,-0.930858552,-1.051247954,0.850957453,-0.056648538,-0.047910359,0.519968271
805,1129073,148507,moving,stationary_A_return,-0.481175780,1.490188122,0.165949941,-0.033961721,0.897576451,0.279046267,0.339612037,-0.182300001,-0.831462741,-1.172553420,0.835008323,-0.066748016,-0.024614086,0.545618951,-0.051615316,-0.877646208,-1.201582551,0.826707602,-0.091494597,-0.068682842,0.550877392,-0.133646905,-0.930263758,-1.051990271,0.853101075,-0.060433585,-0.055395320,0.515264690
806,1129282,148716,moving,stationary_A_return,-0.479863048,1.490748286,0.165310383,-0.033285584,0.897365272,0.277939379,0.341141284,-0.186699286,-0.841135383,-1.180158615,0.841902018,-0.068331696,-0.019914245,0.534916103,-0.054514129,-0.883885145,-1.204752326,0.829894662,-0.089874715,-0.071139902,0.546018779,-0.135965690,-0.931678712,-1.049716949,0.851194143,-0.059335645,-0.052483149,0.518838465
807,1129505,148939,moving,stationary_A_return,-0.476849198,1.491653323,0.164576173,-0.031878501,0.898475111,0.276508182,0.339513570,-0.181733072,-0.836004198,-1.168438315,0.833178341,-0.065163888,-0.024919998,0.548585892,-0.051431838,-0.887468100,-1.203670859,0.829988956,-0.088428415,-0.071085609,0.546118736,-0.133379012,-0.935236394,-1.049019814,0.851375639,-0.059371922,-0.051647488,0.518620312
808,1129725,149159,moving,stationary_A_return,-0.473181605,1.492105842,0.164385557,-0.030173127,0.899166465,0.276282847,0.338019311,-0.182555467,-0.849949479,-1.188027859,0.843815684,-0.074271105,-0.028302789,0.530714571,-0.049599346,-0.881911278,-1.196427107,0.822832048,-0.087263390,-0.068500578,0.557351053,-0.132092357,-0.935537279,-1.050060987,0.852689743,-0.062383845,-0.045236852,0.516703129
809,1129934,149368,moving,stationary_A_return,-0.470659614,1.492423773,0.163853288,-0.029804762,0.899269044,0.276145756,0.337891042,-0.178694502,-0.834462762,-1.169462323,0.829183102,-0.071271345,-0.032212242,0.553478241,-0.048274815,-0.890359759,-1.208564162,0.831336975,-0.092593327,-0.072650723,0.543164134,-0.131382242,-0.937138677,-1.053348303,0.852480054,-0.062086381,-0.052299723,0.516418338
810,1130157,149591,moving,stationary_A_return,-0.469721913,1.492425680,0.163513303,-0.029695906,0.899201810,0.275646627,0.338486612,-0.179160491,-0.837495744,-1.172109842,0.830446661,-0.072170369,-0.031750221,0.551490545,-0.048699405,-0.886678100,-1.202803135,0.826359689,-0.089681737,-0.071234308,0.551373303,-0.131594241,-0.938179970,-1.053695321,0.850914478,-0.062734053,-0.051989950,0.518947065
811,1130366,149800,moving,stationary_A_return,-0.468578577,1.492584705,0.163538694,-0.029459970,0.899148166,0.275092095,0.339100391,-0.179057002,-0.837325275,-1.169074893,0.828412414,-0.070333056,-0.030880017,0.554826677,-0.048666485,-0.888822675,-1.203260303,0.825758338,-0.092258230,-0.075257741,0.551314652,-0.131657794,-0.939714134,-1.053422332,0.853349507,-0.059999727,-0.048255138,0.515622139
812,1130587,150021,moving,stationary_A_return,-0.468506217,1.492742181,0.164370656,-0.029734582,0.899281025,0.274681658,0.339056760,-0.180320367,-0.855130076,-1.190753818,0.843765616,-0.072537497,-0.022854701,0.531296194,-0.046660323,-0.880293608,-1.190221310,0.815720677,-0.091738299,-0.069872268,0.566834927,-0.129525036,-0.939339459,-1.051900387,0.853626668,-0.060395852,-0.040944491,0.515749454
813,1130809,150243,moving,stationary_A_return,-0.468109846,1.492488384,0.166592479,-0.029642215,0.899128377,0.274807811,0.339367300,-0.177625194,-0.845215321,-1.174962044,0.831608355,-0.072187603,-0.026978459,0.549989760,-0.046131529,-0.890194893,-1.200953245,0.825547218,-0.090684079,-0.074148990,0.552041888,-0.128268272,-0.937787533,-1.047726512,0.847407758,-0.060605209,-0.053067178,0.524796247
814,1131017,150451,moving,stationary_A_return,-0.467529297,1.492618561,0.168899059,-0.028723916,0.899616778,0.274652511,0.338275999,-0.175929934,-0.846932411,-1.173124313,0.833310604,-0.069294900,-0.027350828,0.547762275,-0.044234581,-0.887753844,-1.192670345,0.822165489,-0.092359543,-0.072304778,0.557032824,-0.126953170,-0.940947950,-1.047189116,0.848145962,-0.057830393,-0.036421441,0.525335789
815,1131225,150659,moving,stationary_A_return,-0.467084527,1.492541075,0.171117663,-0.027856093,0.900129020,0.274904609,0.336777806,-0.173072293,-0.846570969,-1.171480775,0.831333280,-0.074645750,-0.030698633,0.549882293,-0.042114049,-0.895529985,-1.200175047,0.825203359,-0.096524902,-0.070538022,0.552038729,-0.124286391,-0.936501861,-1.040623546,0.842878699,-0.064469226,-0.044873364,0.532339633
816,1131435,150869,moving,stationary_A_return,-0.466227174,1.492419243,0.173156381,-0.027144030,0.900154412,0.275316775,0.336431235,-0.173954323,-0.856194496,-1.183601141,0.840039313,-0.075828262,-0.023757627,0.536674619,-0.041167986,-0.885339200,-1.186566710,0.817319930,-0.095599592,-0.069361776,0.563948452,-0.124302275,-0.939235926,-1.042596459,0.845494390,-0.060445160,-0.038829233,0.529129446
