sample_id,logger_ms,recording_ms,test_type,phase_label,camera_x,camera_y,camera_z,camera_qx,camera_qy,camera_qz,camera_qw,common_x,common_y,common_z,common_qx,common_qy,common_qz,common_qw,chest_x,chest_y,chest_z,chest_qx,chest_qy,chest_qz,chest_qw,navel_x,navel_y,navel_z,navel_qx,navel_qy,navel_qz,navel_qw
0,310029,92,hiding,all_visible,-0.023993725,1.236143947,0.038684495,-0.465610981,0.273172408,0.157485291,0.826910913,,,,,,,,,,,,,,,,,,,,,
1,310196,259,hiding,all_visible,-0.026222831,1.240609407,0.044164065,-0.462198973,0.270719916,0.158040747,0.829521537,,,,,,,,,,,,,,,,,,,,,
2,310361,424,hiding,all_visible,-0.028533721,1.242488861,0.047156252,-0.459741622,0.271762878,0.158126146,0.830529153,,,,,,,,,,,,,,,,,,,,,
3,310529,592,hiding,all_visible,-0.030165263,1.241504908,0.048398376,-0.460777849,0.271887004,0.160238445,0.829508841,,,,,,,,,,,,,,,,,,,,,
4,310696,759,hiding,all_visible,-0.031438675,1.242830038,0.049542196,-0.461566865,0.270925045,0.164274096,0.828594983,,,,,,,,,,,,,,,,,,,,,
5,310876,939,hiding,all_visible,-0.032518715,1.243576169,0.051088061,-0.458761752,0.271531373,0.167701989,0.829267383,,,,,,,,,,,,,,,,,,,,,
6,311043,1106,hiding,all_visible,-0.030954540,1.244462132,0.052463427,-0.459212929,0.267793536,0.168920413,0.829985559,,,,,,,,,,,,,,,,,,,,,
7,311209,1272,hiding,all_visible,-0.030124113,1.244910717,0.052022584,-0.459219873,0.268004209,0.168193892,0.830061257,,,,,,,,,,,,,,,,,,,,,
8,311391,1454,hiding,all_visible,-0.026737802,1.242631793,0.048862696,-0.461950570,0.263485104,0.167305261,0.830172420,,,,,,,,,,,,,,,,,,,,,
9,311557,1620,hiding,all_visible,-0.021975223,1.240858316,0.043813191,-0.462930918,0.259551227,0.168425396,0.830638945,,,,,,,,,,,,,,,,,,,,,
10,311725,1788,hiding,all_visible,-0.015431195,1.239379287,0.036870599,-0.464811951,0.257458180,0.166122466,0.830703616,,,,,,,,,,,,,,,,,,,,,
11,311904,1967,hiding,all_visible,-0.007249653,1.236457109,0.027464440,-0.468582958,0.255342096,0.163969457,0.829665303,,,,,,,,,,,,,,,,,,,,,
12,312085,2148,hiding,all_visible,0.004534924,1.231586576,0.013647510,-0.473478884,0.251090497,0.159279078,0.829096794,,,,,,,,,,,,,,,,,,,,,
13,312265,2328,hiding,all_visible,0.023807509,1.222579002,-0.004920089,-0.483047605,0.244465441,0.148170725,0.827615321,,,,,,,,,,,,,,,,,,,,,
14,312446,2509,hiding,all_visible,0.052763466,1.196406722,-0.029661924,-0.490501910,0.238359168,0.130532801,0.827981889,,,,,,,,,,,,,,,,,,,,,
15,312628,2691,hiding,all_visible,0.090316959,1.145737886,-0.055120513,-0.506247818,0.232876658,0.106106371,0.823543012,,,,,,,,,,,,,,,,,,,,,
16,312808,2871,hiding,all_visible,0.122186780,1.105268121,-0.071575977,-0.520337403,0.222746134,0.078432851,0.820659161,,,,,,,,,,,,,,,,,,,,,
17,313000,3063,hiding,all_visible,0.141835555,1.103777885,-0.079910696,-0.523688614,0.207344204,0.071564779,0.823187172,,,,,,,,,,,,,,,,,,,,,
18,313195,3258,hiding,all_visible,0.155217543,1.112701058,-0.082004122,-0.541888058,0.163475662,0.088024817,0.819685698,,,,,,,,,,,,,,,,,,,,,
19,313391,3454,hiding,all_visible,0.167512611,1.108389258,-0.083252586,-0.556805968,0.138168201,0.084941328,0.814654350,,,,,,,,,,,,,,,,,,,,,
20,313598,3661,hiding,all_visible,0.175397843,1.101483822,-0.084611721,-0.567108274,0.119517975,0.085950390,0.810380280,,,,,,,,,,,,,,,,,,,,,
21,313806,3869,hiding,all_visible,0.176606908,1.097996831,-0.082932197,-0.569542229,0.121029362,0.081409782,0.808916569,,,,,,,,,,,,,,,,,,,,,
22,314015,4078,hiding,all_visible,0.171224535,1.103246331,-0.075567238,-0.574740708,0.123714313,0.081295751,0.804834723,,,,,,,,,,,,,,,,,,,,,
23,314209,4272,hiding,all_visible,0.157151669,1.132858276,-0.064674973,-0.560480833,0.122331135,0.103112690,0.812566400,,,,,,,,,,,,,,,,,,,,,
24,314391,4454,hiding,all_visible,0.132064104,1.165001869,-0.050585490,-0.534451306,0.153020218,0.108250424,0.824153244,,,,,,,,,,,,,,,,,,,,,
25,314585,4648,hiding,all_visible,0.103801966,1.183256507,-0.037236825,-0.515727043,0.188007653,0.115124159,0.827904105,,,,,,,,,,,,,,,,,,,,,
26,314766,4829,hiding,all_visible,0.079455450,1.191541553,-0.023740748,-0.512472153,0.205304399,0.135944977,0.822642922,,,,,,,,,,,,,,,,,,,,,
27,314961,5024,hiding,common_hidden,0.061141476,1.198439598,-0.012948144,-0.507009208,0.218319699,0.150312603,0.820173323,,,,,,,,,,,,,,,,,,,,,
28,315154,5217,hiding,common_hidden,0.048071939,1.204377055,-0.003217642,-0.504213929,0.224947765,0.162242562,0.817828953,,,,,,,,,,,,,,,,,,,,,
29,315334,5397,hiding,common_hidden,0.040171411,1.207404733,0.002017133,-0.500117600,0.229290798,0.169128075,0.817743123,,,,,,,,,,,,,,,,,,,,,
30,315516,5579,hiding,common_hidden,0.036408249,1.209284782,0.004091986,-0.498185843,0.230494484,0.169698149,0.818465471,,,,,,,,,,,,,,,,,,,,,
31,315709,5772,hiding,common_hidden,0.033904344,1.210634112,0.004966138,-0.497159094,0.229318783,0.171583831,0.819026709,,,,,,,,,,,,,,,,,,,,,
32,315891,5954,hiding,all_visible,0.032574322,1.211610556,0.005166906,-0.496891320,0.227975786,0.172022238,0.819472015,,,,,,,,,,,,,,,,,,,,,
33,316071,6134,hiding,all_visible,0.031722091,1.211907625,0.004704956,-0.496220917,0.228169158,0.171469748,0.819940090,,,,,,,,,,,,,,,,,,,,,
34,316252,6315,hiding,all_visible,0.031288404,1.212117195,0.004180849,-0.496636361,0.227700114,0.170589998,0.820002496,,,,,,,,,,,,,,,,,,,,,
35,316446,6509,hiding,all_visible,0.030421307,1.212053776,0.003113089,-0.496252269,0.227780581,0.170713022,0.820187032,,,,,,,,,,,,,,,,,,,,,
36,316627,6690,hiding,chest_hidden,0.029905969,1.211509347,0.001981189,-0.497084498,0.228180692,0.171289712,0.819451272,,,,,,,,,,,,,,,,,,,,,
37,316821,6884,hiding,chest_hidden,0.029816903,1.210628390,0.000391231,-0.497938424,0.227642685,0.171750590,0.818985879,,,,,,,,,,,,,,,,,,,,,
38,317002,7065,hiding,chest_hidden,0.029678555,1.210082412,-0.001094604,-0.498346269,0.227547988,0.171758339,0.818762481,,,,,,,,,,,,,,,,,,,,,
39,317196,7259,hiding,chest_hidden,0.029237455,1.209900975,-0.001960406,-0.498836458,0.227541164,0.171974048,0.818420529,,,,,,,,,,,,,,,,,,,,,
40,317375,7438,hiding,all_visible,0.028660759,1.209944367,-0.002807053,-0.498872221,0.227525264,0.171898112,0.818419099,,,,,,,,,,,,,,,,,,,,,
41,317570,7633,hiding,all_visible,0.027908031,1.209449768,-0.003535185,-0.499471396,0.227557570,0.172115728,0.817998827,,,,,,,,,,,,,,,,,,,,,
42,317752,7815,hiding,navel_hidden,0.027005693,1.209283471,-0.003788300,-0.499798983,0.227910861,0.172461450,0.817627490,,,,,,,,,,,,,,,,,,,,,
43,317931,7994,hiding,navel_hidden,0.026498090,1.209361196,-0.003667169,-0.499385744,0.228436932,0.172881082,0.817644536,,,,,,,,,,,,,,,,,,,,,
44,318128,8191,hiding,all_visible,0.026217582,1.209000707,-0.003366774,-0.499702930,0.228382826,0.173150688,0.817408800,,,,,,,,,,,,,,,,,,,,,
45,318307,8370,hiding,all_visible,0.026387876,1.208830714,-0.002728312,-0.500150084,0.227831334,0.173612788,0.817191184,,,,,,,,,,,,,,,,,,,,,
46,318488,8551,hiding,all_visible,0.026585523,1.209502459,-0.002438157,-0.499481767,0.227142215,0.173351079,0.817847073,,,,,,,,,,,,,,,,,,,,,
47,318669,8732,hiding,all_visible,0.026506132,1.210100889,-0.001671256,-0.498803675,0.227310359,0.172459215,0.818402529,,,,,,,,,,,,,,,,,,,,,
48,318861,8924,hiding,all_visible,0.026029177,1.210759759,-0.000490942,-0.497942656,0.227367774,0.171855569,0.819037676,,,,,,,,,,,,,,,,,,,,,
49,319043,9106,hiding,all_visible,0.026090361,1.211730599,0.001061958,-0.497180611,0.226815134,0.171429008,0.819742918,,,,,,,,,,,,,,,,,,,,,
50,319224,9287,hiding,common_hidden,0.026338020,1.212545514,0.002542396,-0.496710837,0.226499245,0.170893431,0.820226729,,,,,,,,,,,,,,,,,,,,,
51,319418,9481,hiding,common_hidden,0.026833106,1.213614225,0.003882028,-0.495443314,0.225965947,0.170013040,0.821322680,,,,,,,,,,,,,,,,,,,,,
52,319611,9674,hiding,common_hidden,0.027203141,1.214330435,0.005218802,-0.494526953,0.225937366,0.169337988,0.822021961,,,,,,,,,,,,,,,,,,,,,
53,319794,9857,hiding,all_visible,0.027753452,1.214841843,0.006596080,-0.494489551,0.225585029,0.169870585,0.822031319,,,,,,,,,,,,,,,,,,,,,
54,319988,10051,hiding,all_visible,0.028873488,1.215833187,0.008066922,-0.493585914,0.224737689,0.170068935,0.822765112,,,,,,,,,,,,,,,,,,,,,
55,320167,10230,hiding,all_visible,0.029879631,1.216004372,0.009634388,-0.493486553,0.224411726,0.170252278,0.822875798,,,,,,,,,,,,,,,,,,,,,
56,320348,10411,hiding,chest_hidden,0.030536875,1.216776371,0.011832202,-0.493100792,0.224515319,0.171035215,0.822916448,,,,,,,,,,,,,,,,,,,,,
57,320542,10605,hiding,chest_hidden,0.031692788,1.218454123,0.014227187,-0.491855770,0.223445520,0.171372697,0.823881924,,,,,,,,,,,,,,,,,,,,,
58,320724,10787,hiding,chest_hidden,0.032394573,1.219795823,0.016583551,-0.490535170,0.223709047,0.171268627,0.824619055,,,,,,,,,,,,,,,,,,,,,
59,320904,10967,hiding,all_visible,0.032737628,1.222208619,0.018947786,-0.490256160,0.222543702,0.172238469,0.824898243,,,,,,,,,,,,,,,,,,,,,
60,321085,11148,hiding,all_visible,0.032535274,1.226915002,0.021429688,-0.486377597,0.222301692,0.172619686,0.827176690,,,,,,,,,,,,,,,,,,,,,
61,321278,11341,hiding,navel_hidden,0.032426339,1.228995085,0.022378724,-0.485040665,0.221635118,0.173138216,0.828031778,,,,,,,,,,,,,,,,,,,,,
62,321461,11524,hiding,navel_hidden,0.031578500,1.229269743,0.022607729,-0.485340744,0.221466675,0.173331633,0.827860534,,,,,,,,,,,,,,,,,,,,,
63,321640,11703,hiding,navel_hidden,0.030852556,1.229167342,0.021937838,-0.485469192,0.220817015,0.173145473,0.827997684,,,,,,,,,,,,,,,,,,,,,
64,321835,11898,hiding,navel_hidden,0.029868290,1.229049325,0.021017917,-0.486060977,0.220724300,0.172800034,0.827747345,,,,,,,,,,,,,,,,,,,,,
65,322014,12077,hiding,all_visible,0.028991973,1.228295684,0.019427052,-0.487831682,0.220739573,0.172979251,0.826663494,,,,,,,,,,,,,,,,,,,,,
66,322209,12272,hiding,all_visible,0.028957183,1.227187157,0.017287429,-0.489491463,0.220945284,0.172112614,0.825807810,,,,,,,,,,,,,,,,,,,,,
67,322405,12468,hiding,all_visible,0.029343292,1.227564573,0.014538489,-0.489043921,0.221206412,0.170591280,0.826318622,,,,,,,,,,,,,,,,,,,,,
68,322585,12648,hiding,all_visible,0.029007185,1.227128506,0.011099224,-0.489110500,0.222003222,0.169271052,0.826336980,,,,,,,,,,,,,,,,,,,,,
69,322765,12828,hiding,all_visible,0.028666606,1.226211548,0.008102740,-0.489891738,0.221983582,0.169307753,0.825871825,,,,,,,,,,,,,,,,,,,,,
70,322946,13009,hiding,all_visible,0.028832488,1.225293636,0.005661199,-0.490970641,0.221205100,0.169649974,0.825369656,,,,,,,,,,,,,,,,,,,,,
71,323126,13189,hiding,all_visible,0.028774548,1.223942041,0.003487752,-0.492243052,0.221377999,0.169248521,0.824647486,,,,,,,,,,,,,,,,,,,,,
72,323321,13384,hiding,common_hidden,0.028886631,1.223355412,0.001955380,-0.493025273,0.220982552,0.169375166,0.824260175,,,,,,,,,,,,,,,,,,,,,
73,323501,13564,hiding,common_hidden,0.029106468,1.222563028,0.000092366,-0.493731827,0.221101522,0.169008151,0.823880613,,,,,,,,,,,,,,,,,,,,,
74,323682,13745,hiding,common_hidden,0.029534487,1.221444249,-0.001579762,-0.495143890,0.220927402,0.168332323,0.823217988,,,,,,,,,,,,,,,,,,,,,
75,323863,13926,hiding,all_visible,0.029981907,1.220377207,-0.002828298,-0.499756187,0.220020235,0.166868791,0.820968747,,,,,,,,,,,,,,,,,,,,,
76,324057,14120,hiding,all_visible,0.030703368,1.219250083,-0.003703462,-0.511448920,0.219732985,0.161224410,0.814950407,,,,,,,,,,,,,,,,,,,,,
77,324237,14300,hiding,all_visible,0.030884925,1.218521595,-0.005019456,-0.512616694,0.222657591,0.160326153,0.813598931,,,,,,,,,,,,,,,,,,,,,
78,324418,14481,hiding,chest_hidden,0.030456550,1.217704892,-0.006123657,-0.512575388,0.223160833,0.162732303,0.813009202,,,,,,,,,,,,,,,,,,,,,
79,324612,14675,hiding,chest_hidden,0.029968582,1.216181755,-0.009019584,-0.514586866,0.226958752,0.166275680,0.809964538,,,,,,,,,,,,,,,,,,,,,
80,324778,14841,hiding,chest_hidden,0.025412316,1.210789919,-0.022545010,-0.509204805,0.259038806,0.192008808,0.797961175,,,,,,,,,,,,,,,,,,,,,
81,324931,14994,hiding,chest_hidden,0.011284914,1.180085778,-0.061265659,-0.479438603,0.338545442,0.219888717,0.779214084,,,,,,,,,,,,,,,,,,,,,
82,325084,15147,hiding,chest_hidden,-0.006530291,1.112110138,-0.111218616,-0.439060718,0.461104184,0.220530957,0.738901019,,,,,,,,,,,,,,,,,,,,,
83,325237,15300,hiding,chest_hidden,-0.022083875,1.008479118,-0.159313455,-0.426814467,0.529535174,0.221242473,0.698908925,,,,,,,,,,,,,,,,,,,,,
84,325378,15441,hiding,chest_hidden,-0.041479699,0.863798141,-0.213374853,-0.437413424,0.606006801,0.192665219,0.635850072,,,,,,,,,,,,,,,,,,,,,
85,325529,15592,hiding,chest_hidden,-0.052630983,0.746070266,-0.238442853,-0.425449073,0.647897482,0.162064806,0.610702097,,,,,,,,,,,,,,,,,,,,,
86,325682,15745,hiding,chest_hidden,-0.051930293,0.650424361,-0.256272256,-0.425103545,0.654842615,0.087252714,0.618752897,,,,,,,,,,,,,,,,,,,,,
87,325822,15885,hiding,chest_hidden,-0.055749334,0.577448785,-0.274215460,-0.377647728,0.657014728,-0.020606125,0.652142048,,,,,,,,,,,,,,,,,,,,,
88,325960,16023,hiding,chest_hidden,-0.072870046,0.541056395,-0.289012372,-0.299389601,0.654138863,-0.083649106,0.689544141,,,,,,,,,,,,,,,,,,,,,
89,326113,16176,hiding,chest_hidden,-0.084754094,0.509403706,-0.303987563,-0.231158763,0.654709101,-0.134210542,0.707042575,,,,,,,,,,,,,,,,,,,,,
90,326265,16328,hiding,chest_hidden,-0.070296377,0.494433820,-0.307359278,-0.145088121,0.646101356,-0.114317179,0.740563393,,,,,,,,,,,,,,,,,,,,,
91,326418,16481,hiding,chest_hidden,-0.051616356,0.481546521,-0.306407601,-0.029415861,0.648993134,-0.108778551,0.752402723,,,,,,,,,,,,,,,,,,,,,
92,326571,16634,hiding,chest_hidden,-0.049184177,0.476450920,-0.298817784,0.053167552,0.693530977,-0.054397203,0.716400027,,,,,,,,,,,,,,,,,,,,,
93,326725,16788,hiding,chest_hidden,-0.050099052,0.476350665,-0.299904644,0.041404244,0.693778276,-0.058936801,0.716577888,,,,,,,,,,,,,,,,,,,,,
94,326876,16939,hiding,chest_hidden,-0.051602393,0.477764547,-0.300226420,0.023946330,0.694434583,-0.049450759,0.717455149,,,,,,,,,,,,,,,,,,,,,
95,327043,17106,hiding,chest_hidden,-0.051919360,0.477470875,-0.299468517,0.023798188,0.692919374,-0.046438422,0.719124377,,,,,,,,,,,,,,,,,,,,,
96,327196,17259,hiding,chest_hidden,-0.052420709,0.477386117,-0.299471736,0.020530613,0.693132937,-0.045634199,0.719070792,,,,,,,,,,,,,,,,,,,,,
97,327347,17410,hiding,chest_hidden,-0.052656569,0.477271557,-0.299549103,0.019491481,0.693154991,-0.045222908,0.719104409,,,,,,,,,,,,,,,,,,,,,
98,327515,17578,hiding,chest_hidden,-0.052664112,0.477108181,-0.299677372,0.019326136,0.693207324,-0.045393728,0.719047666,,,,,,,,,,,,,,,,,,,,,
99,327668,17731,hiding,chest_hidden,-0.052695308,0.476937890,-0.299607903,0.019912692,0.693134844,-0.045505092,0.719094455,,,,,,,,,,,,,,,,,,,,,
100,327821,17884,hiding,chest_hidden,-0.052705511,0.476719260,-0.299629867,0.020228848,0.693137169,-0.045590810,0.719078004,,,,,,,,,,,,,,,,,,,,,
101,327988,18051,hiding,chest_hidden,-0.052554011,0.476604402,-0.299600303,0.020388609,0.693149149,-0.045643743,0.719058573,,,,,,,,,,,,,,,,,,,,,
102,328140,18203,hiding,chest_hidden,-0.052627180,0.476566792,-0.299677074,0.020191399,0.693136692,-0.045689423,0.719073236,,,,,,,,,,,,,,,,,,,,,
103,328294,18357,hiding,chest_hidden,-0.052521300,0.476619363,-0.299719274,0.020285562,0.693120599,-0.045756958,0.719081819,,,,,,,,,,,,,,,,,,,,,
104,328445,18508,hiding,chest_hidden,-0.052551776,0.476715803,-0.299736053,0.020352514,0.693129718,-0.045588370,0.719081879,,,,,,,,,,,,,,,,,,,,,
105,328598,18661,hiding,chest_hidden,-0.052471500,0.476778030,-0.299722016,0.020314889,0.693135321,-0.045587443,0.719077587,,,,,,,,,,,,,,,,,,,,,
106,328751,18814,hiding,chest_hidden,-0.052541524,0.476779044,-0.299733281,0.020371232,0.693127573,-0.045655604,0.719079137,,,,,,,,,,,,,,,,,,,,,
107,328918,18981,hiding,chest_hidden,-0.052461531,0.476792932,-0.299607366,0.020357812,0.693120062,-0.045647457,0.719087243,,,,,,,,,,,,,,,,,,,,,
108,329071,19134,hiding,chest_hidden,-0.052413866,0.476774991,-0.299595177,0.020333542,0.693116367,-0.045589957,0.719095170,,,,,,,,,,,,,,,,,,,,,
109,329225,19288,hiding,chest_hidden,-0.052344427,0.476787567,-0.299611926,0.020337719,0.693092287,-0.045639120,0.719115138,,,,,,,,,,,,,,,,,,,,,
110,329390,19453,hiding,chest_hidden,-0.052339897,0.476811349,-0.299583346,0.020361383,0.693125606,-0.045625910,0.719083190,,,,,,,,,,,,,,,,,,,,,
111,329543,19606,hiding,chest_hidden,-0.052322987,0.476826370,-0.299530357,0.020343684,0.693104744,-0.045599960,0.719105422,,,,,,,,,,,,,,,,,,,,,
112,329695,19758,hiding,chest_hidden,-0.052358549,0.476789296,-0.299442947,0.020383768,0.693098605,-0.045611616,0.719109476,,,,,,,,,,,,,,,,,,,,,
113,329862,19925,hiding,chest_hidden,-0.052405324,0.476742387,-0.299428105,0.020381905,0.693141997,-0.045375407,0.719082654,,,,,,,,,,,,,,,,,,,,,
114,330016,20079,hiding,chest_hidden,-0.052461553,0.476694286,-0.299430907,0.020303780,0.693125606,-0.045447640,0.719096124,,,,,,,,,,,,,,,,,,,,,
115,330182,20245,hiding,chest_hidden,-0.052404910,0.476690948,-0.299433589,0.020450281,0.693108559,-0.045618743,0.719097555,,,,,,,,,,,,,,,,,,,,,
116,330334,20397,hiding,chest_hidden,-0.052440129,0.476804078,-0.299402148,0.020508857,0.693084180,-0.045490924,0.719127536,,,,,,,,,,,,,,,,,,,,,
117,330500,20563,hiding,chest_hidden,-0.052365690,0.476708055,-0.299475521,0.020632537,0.693093479,-0.045708127,0.719101191,,,,,,,,,,,,,,,,,,,,,
118,330655,20718,hiding,chest_hidden,-0.052429385,0.476779521,-0.299490899,0.020442339,0.693106353,-0.045593083,0.719101489,,,,,,,,,,,,,,,,,,,,,
119,330807,20870,hiding,chest_hidden,-0.052441992,0.476709127,-0.299619675,0.020321000,0.693139315,-0.045499161,0.719079137,,,,,,,,,,,,,,,,,,,,,
120,330960,21023,hiding,chest_hidden,-0.052518792,0.476665616,-0.299681336,0.020285085,0.693142653,-0.045290865,0.719090104,,,,,,,,,,,,,,,,,,,,,
121,331127,21190,hiding,chest_hidden,-0.052568968,0.476561666,-0.299605787,0.020029720,0.693146765,-0.045126975,0.719103575,,,,,,,,,,,,,,,,,,,,,
122,331279,21342,hiding,chest_hidden,-0.052516632,0.476615787,-0.299608558,0.020116227,0.693158329,-0.045356277,0.719075620,,,,,,,,,,,,,,,,,,,,,
123,331432,21495,hiding,chest_hidden,-0.052478172,0.476623178,-0.299569458,0.020122129,0.693141580,-0.045247298,0.719098389,,,,,,,,,,,,,,,,,,,,,
124,331599,21662,hiding,chest_hidden,-0.052374233,0.476556063,-0.299483657,0.020048283,0.693165898,-0.045248672,0.719076931,,,,,,,,,,,,,,,,,,,,,
125,331753,21816,hiding,chest_hidden,-0.052338898,0.476584435,-0.299405336,0.019991633,0.693145394,-0.045011088,0.719113231,,,,,,,,,,,,,,,,,,,,,
126,331919,21982,hiding,chest_hidden,-0.052380074,0.476586699,-0.299354732,0.019902982,0.693158627,-0.045130495,0.719095469,,,,,,,,,,,,,,,,,,,,,
127,332070,22133,hiding,chest_hidden,-0.052391618,0.476527989,-0.299340934,0.020123865,0.693143129,-0.045205452,0.719099522,,,,,,,,,,,,,,,,,,,,,
128,332224,22287,hiding,chest_hidden,-0.052446108,0.476653218,-0.299351305,0.019849066,0.693143904,-0.044798575,0.719131887,,,,,,,,,,,,,,,,,,,,,
129,332376,22439,hiding,chest_hidden,-0.052401520,0.476657629,-0.299397498,0.019854987,0.693132579,-0.044973716,0.719131708,,,,,,,,,,,,,,,,,,,,,
130,332543,22606,hiding,chest_hidden,-0.052334439,0.476635575,-0.299405575,0.019876320,0.693146765,-0.044884209,0.719123065,,,,,,,,,,,,,,,,,,,,,
131,332696,22759,hiding,chest_hidden,-0.052277323,0.476572692,-0.299374193,0.019913994,0.693139732,-0.044888549,0.719128489,,,,,,,,,,,,,,,,,,,,,
132,332848,22911,hiding,chest_hidden,-0.052199747,0.476559758,-0.299373090,0.019934526,0.693135858,-0.044986960,0.719125509,,,,,,,,,,,,,,,,,,,,,
133,333016,23079,hiding,chest_hidden,-0.052198324,0.476593494,-0.299272656,0.019998088,0.693108678,-0.045057461,0.719145596,,,,,,,,,,,,,,,,,,,,,
134,333168,23231,hiding,chest_hidden,-0.052121498,0.476464450,-0.299294263,0.020204663,0.693081617,-0.045240019,0.719154418,,,,,,,,,,,,,,,,,,,,,
135,333333,23396,hiding,chest_hidden,-0.052151371,0.476496160,-0.299324483,0.020085614,0.693089187,-0.045256861,0.719149292,,,,,,,,,,,,,,,,,,,,,
136,333473,23536,hiding,chest_hidden,-0.052177850,0.476457477,-0.299340218,0.020303089,0.693105698,-0.045290630,0.719125211,,,,,,,,,,,,,,,,,,,,,
137,333628,23691,hiding,chest_hidden,-0.052230023,0.476506948,-0.299318343,0.020246591,0.693110883,-0.045270115,0.719123065,,,,,,,,,,,,,,,,,,,,,
138,333780,23843,hiding,chest_hidden,-0.052238449,0.476544678,-0.299302965,0.020134050,0.693090081,-0.045143180,0.719154239,,,,,,,,,,,,,,,,,,,,,
139,333945,24008,hiding,chest_hidden,-0.052217554,0.476563454,-0.299371719,0.020038072,0.693119109,-0.045150582,0.719128549,,,,,,,,,,,,,,,,,,,,,
140,334086,24149,hiding,chest_hidden,-0.052262619,0.476540625,-0.299334884,0.020077012,0.693137467,-0.044992402,0.719119668,,,,,,,,,,,,,,,,,,,,,
141,334238,24301,hiding,chest_hidden,-0.052230995,0.476504505,-0.299279779,0.020068603,0.693091869,-0.044988815,0.719164073,,,,,,,,,,,,,,,,,,,,,
142,334405,24468,hiding,chest_hidden,-0.052230269,0.476493001,-0.299253732,0.020142226,0.693104744,-0.045107450,0.719142199,,,,,,,,,,,,,,,,,,,,,
143,334558,24621,hiding,chest_hidden,-0.052260485,0.476584733,-0.299267143,0.020168170,0.693106651,-0.044994414,0.719146669,,,,,,,,,,,,,,,,,,,,,
144,334709,24772,hiding,chest_hidden,-0.052239850,0.476514816,-0.299231380,0.020808296,0.693110585,-0.045565985,0.719088674,,,,,,,,,,,,,,,,,,,,,
145,334862,24925,hiding,chest_hidden,-0.052316394,0.476453424,-0.299173862,0.020630736,0.693103790,-0.045587439,0.719098985,,,,,,,,,,,,,,,,,,,,,
146,335016,25079,hiding,chest_hidden,-0.052338645,0.476417124,-0.299229711,0.020740159,0.693069518,-0.045765463,0.719117522,,,,,,,,,,,,,,,,,,,,,
147,335168,25231,hiding,chest_hidden,-0.052365940,0.476493955,-0.299233675,0.020601002,0.693067670,-0.045579944,0.719135106,,,,,,,,,,,,,,,,,,,,,
148,335322,25385,hiding,chest_hidden,-0.052358106,0.476513863,-0.299227029,0.020639740,0.693067908,-0.045620367,0.719131231,,,,,,,,,,,,,,,,,,,,,
149,335473,25536,hiding,chest_hidden,-0.052256338,0.476548910,-0.299192995,0.020838082,0.693046927,-0.045838356,0.719131827,,,,,,,,,,,,,,,,,,,,,
150,335628,25691,hiding,chest_hidden,-0.052217763,0.476561725,-0.299250901,0.020766379,0.693062901,-0.045701131,0.719127238,,,,,,,,,,,,,,,,,,,,,
151,335778,25841,hiding,chest_hidden,-0.052247152,0.476566255,-0.299318314,0.020662552,0.693126976,-0.045617238,0.719073832,,,,,,,,,,,,,,,,,,,,,
152,335919,25982,hiding,chest_hidden,-0.052230198,0.476651132,-0.299264044,0.020762281,0.693039536,-0.045600887,0.719156325,,,,,,,,,,,,,,,,,,,,,
153,336071,26134,hiding,chest_hidden,-0.052200623,0.476570427,-0.299149066,0.020604348,0.693060100,-0.045605090,0.719140708,,,,,,,,,,,,,,,,,,,,,
154,336225,26288,hiding,chest_hidden,-0.052112795,0.476502120,-0.299078017,0.020518718,0.693086505,-0.045560170,0.719120562,,,,,,,,,,,,,,,,,,,,,
155,336376,26439,hiding,chest_hidden,-0.052163590,0.476534545,-0.299079388,0.020369887,0.693092763,-0.045210332,0.719140887,,,,,,,,,,,,,,,,,,,,,
156,336529,26592,hiding,chest_hidden,-0.052037075,0.476534188,-0.299144506,0.020408990,0.693088770,-0.045411207,0.719130874,,,,,,,,,,,,,,,,,,,,,
157,336681,26744,hiding,chest_hidden,-0.052185521,0.476535678,-0.299212486,0.020415943,0.693060398,-0.045563273,0.719148457,,,,,,,,,,,,,,,,,,,,,
158,336808,26871,hiding,chest_hidden,-0.052232761,0.476573944,-0.299218863,0.020414906,0.693057477,-0.045263525,0.719170213,,,,,,,,,,,,,,,,,,,,,
159,336931,26994,hiding,chest_hidden,-0.052305426,0.476520419,-0.299221367,0.020554578,0.693052828,-0.045442391,0.719159424,,,,,,,,,,,,,,,,,,,,,
160,337058,27121,hiding,chest_hidden,-0.052467100,0.476498544,-0.299344242,0.020604530,0.693041980,-0.045447331,0.719168186,,,,,,,,,,,,,,,,,,,,,
161,337180,27243,hiding,chest_hidden,-0.052467648,0.476454318,-0.299277097,0.020745238,0.693064570,-0.045678847,0.719127715,,,,,,,,,,,,,,,,,,,,,
162,337308,27371,hiding,chest_hidden,-0.052468039,0.476434588,-0.299266547,0.020523671,0.693061829,-0.045444857,0.719151497,,,,,,,,,,,,,,,,,,,,,
163,337445,27508,hiding,chest_hidden,-0.052491881,0.476410389,-0.299276799,0.020286079,0.693072855,-0.045311827,0.719155967,,,,,,,,,,,,,,,,,,,,,
164,337585,27648,hiding,chest_hidden,-0.052445576,0.476427615,-0.299248785,0.020255538,0.693075836,-0.045311522,0.719154000,,,,,,,,,,,,,,,,,,,,,
165,337711,27774,hiding,chest_hidden,-0.052427758,0.476413012,-0.299270868,0.020344248,0.693057597,-0.045575075,0.719152451,,,,,,,,,,,,,,,,,,,,,
166,337848,27911,hiding,chest_hidden,-0.052408416,0.476442635,-0.299259335,0.020477256,0.693054855,-0.045491688,0.719156563,,,,,,,,,,,,,,,,,,,,,
167,337989,28052,hiding,chest_hidden,-0.052353639,0.476331711,-0.299199641,0.020457059,0.693019450,-0.045619108,0.719183266,,,,,,,,,,,,,,,,,,,,,
168,338112,28175,hiding,chest_hidden,-0.052298736,0.476300895,-0.299179643,0.020596817,0.693024278,-0.045613792,0.719174922,,,,,,,,,,,,,,,,,,,,,
169,338237,28300,hiding,chest_hidden,-0.052359995,0.476343513,-0.299224526,0.020235855,0.693063796,-0.045121599,0.719178140,,,,,,,,,,,,,,,,,,,,,
170,338377,28440,hiding,chest_hidden,-0.052303959,0.476311982,-0.299207062,0.020523507,0.693095505,-0.045563206,0.719111562,,,,,,,,,,,,,,,,,,,,,
171,338529,28592,hiding,chest_hidden,-0.052315641,0.476255536,-0.299166381,0.020617051,0.693075359,-0.045607004,0.719125509,,,,,,,,,,,,,,,,,,,,,
172,338696,28759,hiding,chest_hidden,-0.052308489,0.476241887,-0.299092144,0.020793142,0.693034530,-0.045766316,0.719149709,,,,,,,,,,,,,,,,,,,,,
173,338850,28913,hiding,chest_hidden,-0.052206069,0.476241529,-0.299008429,0.020811394,0.693022192,-0.045756422,0.719161689,,,,,,,,,,,,,,,,,,,,,
174,339015,29078,hiding,chest_hidden,-0.052301303,0.476247191,-0.299036950,0.020860070,0.693039358,-0.045670137,0.719149232,,,,,,,,,,,,,,,,,,,,,
175,339168,29231,hiding,chest_hidden,-0.052278638,0.476300359,-0.299086601,0.020779138,0.693034112,-0.045659173,0.719157279,,,,,,,,,,,,,,,,,,,,,
176,339334,29397,hiding,chest_hidden,-0.052332867,0.476311982,-0.299145728,0.020846376,0.693044245,-0.045759290,0.719139218,,,,,,,,,,,,,,,,,,,,,
177,339487,29550,hiding,chest_hidden,-0.052373603,0.476397872,-0.299229532,0.020829083,0.693078518,-0.045738462,0.719107985,,,,,,,,,,,,,,,,,,,,,
178,339639,29702,hiding,chest_hidden,-0.052447800,0.476395786,-0.299205184,0.020708000,0.693061888,-0.045581412,0.719137490,,,,,,,,,,,,,,,,,,,,,
179,339792,29855,hiding,chest_hidden,-0.052394457,0.476307094,-0.299273819,0.020865943,0.693022728,-0.045853198,0.719153404,,,,,,,,,,,,,,,,,,,,,
180,339946,30009,hiding,chest_hidden,-0.052461758,0.476335406,-0.299371392,0.020905765,0.693044543,-0.045847654,0.719131589,,,,,,,,,,,,,,,,,,,,,
181,340100,30163,hiding,chest_hidden,-0.052554525,0.476387918,-0.299302429,0.020651525,0.693046689,-0.045651495,0.719149351,,,,,,,,,,,,,,,,,,,,,
182,340251,30314,hiding,chest_hidden,-0.052535802,0.476431787,-0.299225628,0.020549513,0.693033993,-0.045669287,0.719163299,,,,,,,,,,,,,,,,,,,,,
183,340404,30467,hiding,chest_hidden,-0.052625712,0.476453125,-0.299290776,0.020560302,0.693089664,-0.045606755,0.719113410,,,,,,,,,,,,,,,,,,,,,
184,340571,30634,hiding,chest_hidden,-0.052644543,0.476423800,-0.299229741,0.020506930,0.693071902,-0.045497712,0.719138920,,,,,,,,,,,,,,,,,,,,,
185,340724,30787,hiding,chest_hidden,-0.052607238,0.476282597,-0.299204350,0.020388030,0.693082273,-0.045372825,0.719140232,,,,,,,,,,,,,,,,,,,,,
186,340891,30954,hiding,chest_hidden,-0.052431952,0.476211786,-0.299217761,0.020486876,0.693056941,-0.045433082,0.719157994,,,,,,,,,,,,,,,,,,,,,
187,341043,31106,hiding,chest_hidden,-0.052463662,0.476210356,-0.299226493,0.020329433,0.693067133,-0.045269322,0.719162941,,,,,,,,,,,,,,,,,,,,,
188,341196,31259,hiding,chest_hidden,-0.052456386,0.476270378,-0.299143702,0.020463411,0.693033874,-0.045376766,0.719184458,,,,,,,,,,,,,,,,,,,,,
189,341348,31411,hiding,chest_hidden,-0.052468579,0.476288080,-0.299208105,0.020607032,0.693060279,-0.045417726,0.719152331,,,,,,,,,,,,,,,,,,,,,
190,341515,31578,hiding,chest_hidden,-0.052461773,0.476276875,-0.299290150,0.020804130,0.693078399,-0.045765024,0.719107151,,,,,,,,,,,,,,,,,,,,,
191,341667,31730,hiding,chest_hidden,-0.052434850,0.476211190,-0.299216658,0.020851566,0.693056107,-0.045665447,0.719133556,,,,,,,,,,,,,,,,,,,,,
192,341821,31884,hiding,chest_hidden,-0.052397259,0.476199865,-0.299203575,0.020854086,0.693040431,-0.045813277,0.719139218,,,,,,,,,,,,,,,,,,,,,
193,341988,32051,hiding,chest_hidden,-0.052349944,0.476089656,-0.299182296,0.020887479,0.693085611,-0.045799017,0.719095647,,,,,,,,,,,,,,,,,,,,,
194,342139,32202,hiding,chest_hidden,-0.052440334,0.476038873,-0.299128205,0.020844838,0.693045020,-0.045566298,0.719150782,,,,,,,,,,,,,,,,,,,,,
195,342294,32357,hiding,chest_hidden,-0.052439142,0.475871861,-0.298952252,0.020805165,0.693047404,-0.045671146,0.719142973,,,,,,,,,,,,,,,,,,,,,
196,342445,32508,hiding,chest_hidden,-0.052468084,0.475858808,-0.298867583,0.020764325,0.693066478,-0.045504183,0.719136357,,,,,,,,,,,,,,,,,,,,,
197,342613,32676,hiding,chest_hidden,-0.052489564,0.475892961,-0.298844278,0.020682383,0.693034887,-0.045502648,0.719169259,,,,,,,,,,,,,,,,,,,,,
198,342765,32828,hiding,chest_hidden,-0.052510642,0.475974202,-0.298874021,0.020606587,0.693024457,-0.045459162,0.719184220,,,,,,,,,,,,,,,,,,,,,
199,342919,32982,hiding,chest_hidden,-0.052401204,0.475926161,-0.298861980,0.020590093,0.693033338,-0.045466531,0.719175637,,,,,,,,,,,,,,,,,,,,,
200,343085,33148,hiding,chest_hidden,-0.052266765,0.476006925,-0.298954725,0.020588186,0.693015039,-0.045488290,0.719192028,,,,,,,,,,,,,,,,,,,,,
201,343237,33300,hiding,chest_hidden,-0.052218463,0.476115108,-0.299057066,0.020490898,0.693025172,-0.045352254,0.719193578,,,,,,,,,,,,,,,,,,,,,
202,343391,33454,hiding,chest_hidden,-0.052306145,0.476185799,-0.299048960,0.020529270,0.693049431,-0.045392968,0.719166517,,,,,,,,,,,,,,,,,,,,,
203,343557,33620,hiding,chest_hidden,-0.052310903,0.476332307,-0.299077481,0.020373527,0.693028927,-0.045301840,0.719196498,,,,,,,,,,,,,,,,,,,,,
204,343709,33772,hiding,chest_hidden,-0.052375719,0.476390064,-0.298989505,0.020369126,0.693038225,-0.045247231,0.719191074,,,,,,,,,,,,,,,,,,,,,
205,343875,33938,hiding,chest_hidden,-0.052438125,0.476359069,-0.298988938,0.020303912,0.693078041,-0.045118198,0.719162643,,,,,,,,,,,,,,,,,,,,,
206,344029,34092,hiding,chest_hidden,-0.052494302,0.476311624,-0.298976272,0.020212995,0.693065941,-0.045074102,0.719179749,,,,,,,,,,,,,,,,,,,,,
207,344195,34258,hiding,chest_hidden,-0.052495040,0.476257801,-0.298940659,0.020349804,0.693034232,-0.045179531,0.719199777,,,,,,,,,,,,,,,,,,,,,
208,344347,34410,hiding,chest_hidden,-0.052525327,0.476165771,-0.299026251,0.020427953,0.693043590,-0.045379654,0.719175935,,,,,,,,,,,,,,,,,,,,,
209,344501,34564,hiding,chest_hidden,-0.052557748,0.476224124,-0.298998147,0.020431735,0.693032384,-0.045373809,0.719186962,,,,,,,,,,,,,,,,,,,,,
210,344668,34731,hiding,chest_hidden,-0.052535959,0.476247489,-0.298968554,0.020410551,0.693018138,-0.045335434,0.719203711,,,,,,,,,,,,,,,,,,,,,
211,344820,34883,hiding,chest_hidden,-0.052583750,0.476227403,-0.298985392,0.020509019,0.693018258,-0.045277830,0.719204366,,,,,,,,,,,,,,,,,,,,,
212,344973,35036,hiding,chest_hidden,-0.052567147,0.476148248,-0.299039841,0.020527935,0.693063021,-0.045326531,0.719157696,,,,,,,,,,,,,,,,,,,,,
213,345127,35190,hiding,chest_hidden,-0.052574139,0.476197183,-0.299098551,0.020391274,0.693049729,-0.045492355,0.719163954,,,,,,,,,,,,,,,,,,,,,
214,345293,35356,hiding,chest_hidden,-0.052571788,0.476238787,-0.299019367,0.020493578,0.693067610,-0.045321640,0.719154596,,,,,,,,,,,,,,,,,,,,,
215,345446,35509,hiding,chest_hidden,-0.052546076,0.476128459,-0.298968136,0.020490568,0.693046331,-0.045273036,0.719178200,,,,,,,,,,,,,,,,,,,,,
216,345599,35662,hiding,chest_hidden,-0.052572943,0.476104617,-0.299022496,0.020508865,0.693034947,-0.045407653,0.719180167,,,,,,,,,,,,,,,,,,,,,
217,345751,35814,hiding,chest_hidden,-0.052600309,0.476113617,-0.299059004,0.020270748,0.693075955,-0.045266200,0.719156325,,,,,,,,,,,,,,,,,,,,,
218,345903,35966,hiding,chest_hidden,-0.052589804,0.476101577,-0.299140960,0.020414900,0.693058252,-0.045383148,0.719161928,,,,,,,,,,,,,,,,,,,,,
219,346071,36134,hiding,chest_hidden,-0.052661393,0.476167023,-0.299144119,0.020273428,0.693059087,-0.045146756,0.719180048,,,,,,,,,,,,,,,,,,,,,
220,346224,36287,hiding,chest_hidden,-0.052622788,0.476061225,-0.299057186,0.020566870,0.693042397,-0.045441184,0.719169199,,,,,,,,,,,,,,,,,,,,,
221,346376,36439,hiding,chest_hidden,-0.052714247,0.476070404,-0.299000889,0.020418758,0.693103552,-0.045305703,0.719123065,,,,,,,,,,,,,,,,,,,,,
222,346528,36591,hiding,chest_hidden,-0.052647121,0.476031184,-0.299026310,0.020501865,0.693100154,-0.045430798,0.719116092,,,,,,,,,,,,,,,,,,,,,
223,346682,36745,hiding,chest_hidden,-0.052691266,0.476199567,-0.299026281,0.020471381,0.693027675,-0.045432262,0.719186723,,,,,,,,,,,,,,,,,,,,,
224,346849,36912,hiding,chest_hidden,-0.052710384,0.476184547,-0.299001992,0.020571589,0.693053782,-0.045283865,0.719168067,,,,,,,,,,,,,,,,,,,,,
225,347001,37064,hiding,chest_hidden,-0.052789450,0.476181209,-0.299031407,0.020231357,0.693081081,-0.045308571,0.719149828,,,,,,,,,,,,,,,,,,,,,
226,347168,37231,hiding,chest_hidden,-0.052761871,0.476143658,-0.298986405,0.020285053,0.693062007,-0.045111287,0.719179094,,,,,,,,,,,,,,,,,,,,,
227,347322,37385,hiding,chest_hidden,-0.052768849,0.476139426,-0.298999608,0.020247824,0.693063259,-0.045178443,0.719174743,,,,,,,,,,,,,,,,,,,,,
228,347474,37537,hiding,chest_hidden,-0.052694276,0.476134479,-0.298896641,0.020279244,0.693044186,-0.045123257,0.719195664,,,,,,,,,,,,,,,,,,,,,
229,347628,37691,hiding,chest_hidden,-0.052625198,0.476065874,-0.298876286,0.020378055,0.693073750,-0.045432258,0.719144940,,,,,,,,,,,,,,,,,,,,,
230,347794,37857,hiding,chest_hidden,-0.052548449,0.476059496,-0.298788667,0.020378508,0.693082273,-0.045255121,0.719147921,,,,,,,,,,,,,,,,,,,,,
231,347945,38008,hiding,chest_hidden,-0.052505590,0.476083755,-0.298743606,0.020519173,0.693030000,-0.045324620,0.719189882,,,,,,,,,,,,,,,,,,,,,
232,348113,38176,hiding,chest_hidden,-0.052521668,0.476101637,-0.298803538,0.020489663,0.693058252,-0.045377787,0.719160199,,,,,,,,,,,,,,,,,,,,,
233,348265,38328,hiding,chest_hidden,-0.052512381,0.476099372,-0.298844755,0.020618424,0.693057179,-0.045457840,0.719152451,,,,,,,,,,,,,,,,,,,,,
234,348419,38482,hiding,chest_hidden,-0.052545134,0.476154387,-0.298900574,0.020659216,0.693035841,-0.045470241,0.719171047,,,,,,,,,,,,,,,,,,,,,
235,348573,38636,hiding,chest_hidden,-0.052631862,0.476141214,-0.298939884,0.020599514,0.693050861,-0.045382783,0.719163835,,,,,,,,,,,,,,,,,,,,,
236,348736,38799,hiding,chest_hidden,-0.052578770,0.476102948,-0.298915684,0.020639440,0.693035424,-0.045340728,0.719180167,,,,,,,,,,,,,,,,,,,,,
237,348891,38954,hiding,chest_hidden,-0.052508228,0.476037562,-0.298926085,0.020592133,0.693031371,-0.045362700,0.719184101,,,,,,,,,,,,,,,,,,,,,
238,349043,39106,hiding,chest_hidden,-0.052523058,0.476055205,-0.298908770,0.020598397,0.693020105,-0.045361727,0.719194829,,,,,,,,,,,,,,,,,,,,,
239,349196,39259,hiding,chest_hidden,-0.052494213,0.476077497,-0.298865229,0.020595642,0.693023562,-0.045331541,0.719193459,,,,,,,,,,,,,,,,,,,,,
240,349362,39425,hiding,chest_hidden,-0.052482944,0.476063013,-0.298844069,0.020597508,0.693017185,-0.045334850,0.719199359,,,,,,,,,,,,,,,,,,,,,
241,349516,39579,hiding,chest_hidden,-0.052466650,0.476191342,-0.298919857,0.020594828,0.693027198,-0.045345381,0.719189107,,,,,,,,,,,,,,,,,,,,,
242,349668,39731,hiding,chest_hidden,-0.052474488,0.476225317,-0.298918903,0.020566929,0.693031251,-0.045283522,0.719189882,,,,,,,,,,,,,,,,,,,,,
243,349835,39898,hiding,chest_hidden,-0.052461658,0.476208866,-0.298889369,0.020583682,0.693017542,-0.045303583,0.719201386,,,,,,,,,,,,,,,,,,,,,
244,349988,40051,hiding,chest_hidden,-0.052545045,0.476202667,-0.298865974,0.020601971,0.693020105,-0.045349751,0.719195485,,,,,,,,,,,,,,,,,,,,,
245,350141,40204,hiding,chest_hidden,-0.052627288,0.476214826,-0.298854619,0.020588296,0.693035007,-0.045316357,0.719183624,,,,,,,,,,,,,,,,,,,,,
246,350294,40357,hiding,chest_hidden,-0.052598048,0.476078451,-0.298836499,0.020618813,0.693034351,-0.045348801,0.719181359,,,,,,,,,,,,,,,,,,,,,
247,350460,40523,hiding,chest_hidden,-0.052636337,0.476064324,-0.298775226,0.020546140,0.693026006,-0.045336369,0.719192266,,,,,,,,,,,,,,,,,,,,,
248,350612,40675,hiding,chest_hidden,-0.052732121,0.476095498,-0.298810661,0.020507034,0.693035483,-0.045243338,0.719190061,,,,,,,,,,,,,,,,,,,,,
249,350765,40828,hiding,chest_hidden,-0.052747760,0.476039767,-0.298823059,0.020541253,0.693036437,-0.045287780,0.719185412,,,,,,,,,,,,,,,,,,,,,
250,350919,40982,hiding,chest_hidden,-0.052652277,0.476063788,-0.298881829,0.020660056,0.693054080,-0.045490250,0.719152153,,,,,,,,,,,,,,,,,,,,,
251,351070,41133,hiding,chest_hidden,-0.052623875,0.476126373,-0.298898637,0.020631546,0.693037748,-0.045407750,0.719173908,,,,,,,,,,,,,,,,,,,,,
252,351237,41300,hiding,chest_hidden,-0.052589688,0.476131380,-0.298857898,0.020682944,0.693028331,-0.045392483,0.719182491,,,,,,,,,,,,,,,,,,,,,
253,351390,41453,hiding,chest_hidden,-0.052639477,0.476154923,-0.298879176,0.020554801,0.693076193,-0.045319192,0.719144702,,,,,,,,,,,,,,,,,,,,,
254,351543,41606,hiding,chest_hidden,-0.052646630,0.476125062,-0.298845500,0.020465842,0.693030477,-0.045336407,0.719190240,,,,,,,,,,,,,,,,,,,,,
255,351695,41758,hiding,chest_hidden,-0.052622072,0.476087928,-0.298848420,0.020454302,0.693043947,-0.045194626,0.719186485,,,,,,,,,,,,,,,,,,,,,
256,351850,41913,hiding,chest_hidden,-0.052682687,0.476014316,-0.298886776,0.020387791,0.693055511,-0.045145806,0.719180286,,,,,,,,,,,,,,,,,,,,,
257,352015,42078,hiding,chest_hidden,-0.052670129,0.476042628,-0.298796862,0.020505464,0.693060219,-0.045294978,0.719163060,,,,,,,,,,,,,,,,,,,,,
258,352182,42245,hiding,chest_hidden,-0.052655350,0.476069987,-0.298794985,0.020441620,0.693071425,-0.045209300,0.719159424,,,,,,,,,,,,,,,,,,,,,
259,352348,42411,hiding,chest_hidden,-0.052733257,0.476035953,-0.298729420,0.020344960,0.693035901,-0.045148976,0.719200194,,,,,,,,,,,,,,,,,,,,,
260,352501,42564,hiding,chest_hidden,-0.052692652,0.476001978,-0.298727900,0.020467432,0.693011224,-0.045323480,0.719209552,,,,,,,,,,,,,,,,,,,,,
261,352655,42718,hiding,chest_hidden,-0.052679010,0.475933373,-0.298674375,0.020538541,0.693019092,-0.045444932,0.719192326,,,,,,,,,,,,,,,,,,,,,
262,352806,42869,hiding,chest_hidden,-0.052635849,0.475937665,-0.298675686,0.020492315,0.692997277,-0.045415338,0.719216466,,,,,,,,,,,,,,,,,,,,,
263,352974,43037,hiding,chest_hidden,-0.052615538,0.475949109,-0.298618108,0.020515777,0.693002522,-0.045359645,0.719214261,,,,,,,,,,,,,,,,,,,,,
264,353126,43189,hiding,chest_hidden,-0.052625462,0.475956261,-0.298634857,0.020497970,0.693015635,-0.045325574,0.719204247,,,,,,,,,,,,,,,,,,,,,
265,353280,43343,hiding,chest_hidden,-0.052632555,0.475978196,-0.298623413,0.020516289,0.692987204,-0.045497097,0.719220281,,,,,,,,,,,,,,,,,,,,,
266,353444,43507,hiding,chest_hidden,-0.052629739,0.476114571,-0.298592269,0.020465456,0.693010032,-0.045195177,0.719218791,,,,,,,,,,,,,,,,,,,,,
267,353598,43661,hiding,chest_hidden,-0.052636433,0.476029038,-0.298559815,0.020340892,0.693003237,-0.045244172,0.719225764,,,,,,,,,,,,,,,,,,,,,
268,353764,43827,hiding,chest_hidden,-0.052608136,0.475971282,-0.298571229,0.020452581,0.693015635,-0.045315236,0.719206214,,,,,,,,,,,,,,,,,,,,,
269,353918,43981,hiding,chest_hidden,-0.052569028,0.476038575,-0.298608333,0.020443302,0.693007350,-0.045201678,0.719221592,,,,,,,,,,,,,,,,,,,,,
270,354086,44149,hiding,chest_hidden,-0.052647803,0.475954473,-0.298651069,0.020418320,0.693025947,-0.045239124,0.719202042,,,,,,,,,,,,,,,,,,,,,
271,354237,44300,hiding,chest_hidden,-0.052579492,0.475839555,-0.298641294,0.020506099,0.692998052,-0.045301557,0.719222546,,,,,,,,,,,,,,,,,,,,,
272,354391,44454,hiding,chest_hidden,-0.052580670,0.475855768,-0.298659354,0.020500369,0.693001151,-0.045342986,0.719217002,,,,,,,,,,,,,,,,,,,,,
273,354542,44605,hiding,chest_hidden,-0.052488584,0.475819647,-0.298643321,0.020503031,0.693032920,-0.045382332,0.719183922,,,,,,,,,,,,,,,,,,,,,
274,354695,44758,hiding,chest_hidden,-0.052532900,0.475856841,-0.298555553,0.020506008,0.692995846,-0.045332287,0.719222724,,,,,,,,,,,,,,,,,,,,,
275,354848,44911,hiding,chest_hidden,-0.052518006,0.475901961,-0.298443228,0.020535441,0.692980170,-0.045275539,0.719240546,,,,,,,,,,,,,,,,,,,,,
276,355000,45063,hiding,chest_hidden,-0.052635435,0.476055205,-0.298492014,0.020454833,0.692967236,-0.045204040,0.719259799,,,,,,,,,,,,,,,,,,,,,
277,355154,45217,hiding,chest_hidden,-0.052613478,0.476012468,-0.298451453,0.020505790,0.692936361,-0.045271598,0.719283819,,,,,,,,,,,,,,,,,,,,,
278,355321,45384,hiding,chest_hidden,-0.052646361,0.475990713,-0.298470229,0.020516152,0.692943752,-0.045215059,0.719279945,,,,,,,,,,,,,,,,,,,,,
279,355473,45536,hiding,chest_hidden,-0.052677974,0.475964785,-0.298464775,0.020561451,0.692923963,-0.045218270,0.719297528,,,,,,,,,,,,,,,,,,,,,
280,355640,45703,hiding,chest_hidden,-0.052749697,0.475990176,-0.298441201,0.020584593,0.692930996,-0.045232914,0.719289184,,,,,,,,,,,,,,,,,,,,,
281,355794,45857,hiding,chest_hidden,-0.052775953,0.475909114,-0.298391551,0.020581819,0.692936838,-0.045217622,0.719284594,,,,,,,,,,,,,,,,,,,,,
282,355946,46009,hiding,chest_hidden,-0.052755587,0.475912571,-0.298358709,0.020573568,0.692935646,-0.045166612,0.719289184,,,,,,,,,,,,,,,,,,,,,
283,356098,46161,hiding,chest_hidden,-0.052678339,0.475976348,-0.298492283,0.020551456,0.692932546,-0.045171771,0.719292462,,,,,,,,,,,,,,,,,,,,,
284,356265,46328,hiding,chest_hidden,-0.052653491,0.476045012,-0.298528254,0.020597823,0.692926884,-0.045209024,0.719294250,,,,,,,,,,,,,,,,,,,,,
285,356419,46482,hiding,chest_hidden,-0.052631821,0.476027966,-0.298569262,0.020538643,0.692944169,-0.045152977,0.719282806,,,,,,,,,,,,,,,,,,,,,
286,356571,46634,hiding,chest_hidden,-0.052672941,0.476103425,-0.298518717,0.020563629,0.692931473,-0.045161016,0.719293833,,,,,,,,,,,,,,,,,,,,,
287,356724,46787,hiding,chest_hidden,-0.052707188,0.476052225,-0.298447073,0.020537278,0.692945540,-0.045128293,0.719283104,,,,,,,,,,,,,,,,,,,,,
288,356891,46954,hiding,chest_hidden,-0.052747473,0.476095021,-0.298440099,0.020539548,0.692928433,-0.045111425,0.719300568,,,,,,,,,,,,,,,,,,,,,
289,357043,47106,hiding,chest_hidden,-0.052727144,0.476106822,-0.298380047,0.020568583,0.692908406,-0.045113530,0.719318926,,,,,,,,,,,,,,,,,,,,,
290,357210,47273,hiding,chest_hidden,-0.052757759,0.476170182,-0.298343956,0.020536467,0.692932546,-0.045084316,0.719298363,,,,,,,,,,,,,,,,,,,,,
291,357362,47425,hiding,chest_hidden,-0.052841395,0.476200461,-0.298372537,0.020517251,0.692941666,-0.045079131,0.719290435,,,,,,,,,,,,,,,,,,,,,
292,357515,47578,hiding,chest_hidden,-0.052885953,0.476216555,-0.298423231,0.020519769,0.692941070,-0.045079190,0.719290972,,,,,,,,,,,,,,,,,,,,,
293,357681,47744,hiding,chest_hidden,-0.052853044,0.476206779,-0.298459649,0.020521214,0.692927897,-0.045077540,0.719303727,,,,,,,,,,,,,,,,,,,,,
294,357834,47897,hiding,chest_hidden,-0.052859511,0.476132274,-0.298469543,0.020502029,0.692949593,-0.045078818,0.719283283,,,,,,,,,,,,,,,,,,,,,
295,358001,48064,hiding,chest_hidden,-0.052813459,0.476181149,-0.298532367,0.020522306,0.692937851,-0.045098420,0.719292819,,,,,,,,,,,,,,,,,,,,,
296,358153,48216,hiding,chest_hidden,-0.052848250,0.476187766,-0.298467010,0.020519810,0.692930996,-0.045081358,0.719300508,,,,,,,,,,,,,,,,,,,,,
297,358307,48370,hiding,chest_hidden,-0.052806940,0.476204038,-0.298393428,0.020502698,0.692930162,-0.045084398,0.719301581,,,,,,,,,,,,,,,,,,,,,
298,358460,48523,hiding,chest_hidden,-0.052726332,0.476182222,-0.298356593,0.020507952,0.692950249,-0.045073122,0.719282866,,,,,,,,,,,,,,,,,,,,,
299,358611,48674,hiding,chest_hidden,-0.052744664,0.476243496,-0.298402041,0.020501483,0.692954242,-0.045086399,0.719278336,,,,,,,,,,,,,,,,,,,,,
300,358779,48842,hiding,chest_hidden,-0.052697256,0.476181448,-0.298448771,0.020493800,0.692970276,-0.045098115,0.719262421,,,,,,,,,,,,,,,,,,,,,
301,358931,48994,hiding,chest_hidden,-0.052677996,0.476145983,-0.298485011,0.020502193,0.692945480,-0.045086410,0.719286740,,,,,,,,,,,,,,,,,,,,,
302,359084,49147,hiding,chest_hidden,-0.052732062,0.476158500,-0.298433363,0.020508543,0.692941129,-0.045071136,0.719291687,,,,,,,,,,,,,,,,,,,,,
303,359252,49315,hiding,chest_hidden,-0.052766725,0.476192415,-0.298392415,0.020472234,0.692928970,-0.045091826,0.719303191,,,,,,,,,,,,,,,,,,,,,
304,359404,49467,hiding,chest_hidden,-0.052767929,0.476171076,-0.298348635,0.020497335,0.692935705,-0.045072429,0.719297230,,,,,,,,,,,,,,,,,,,,,
305,359558,49621,hiding,chest_hidden,-0.052825388,0.476392448,-0.298294008,0.020482136,0.692941189,-0.045045529,0.719294071,,,,,,,,,,,,,,,,,,,,,
306,359708,49771,hiding,chest_hidden,-0.053007938,0.476496994,-0.298610032,0.020474266,0.692946792,-0.045040820,0.719289184,,,,,,,,,,,,,,,,,,,,,
307,359861,49924,hiding,chest_hidden,-0.052956130,0.476454377,-0.298501074,0.020486789,0.692941308,-0.045067105,0.719292462,,,,,,,,,,,,,,,,,,,,,
308,360029,50092,hiding,chest_hidden,-0.052891199,0.476409554,-0.298617572,0.020487973,0.692957222,-0.045042180,0.719278634,,,,,,,,,,,,,,,,,,,,,
309,360182,50245,hiding,chest_hidden,-0.052854009,0.476296604,-0.298473358,0.020500096,0.692970812,-0.045022000,0.719266474,,,,,,,,,,,,,,,,,,,,,
310,360335,50398,hiding,chest_hidden,-0.052870572,0.476270914,-0.298361421,0.020510558,0.692951024,-0.045041393,0.719283998,,,,,,,,,,,,,,,,,,,,,
311,360501,50564,hiding,chest_hidden,-0.052915368,0.476450682,-0.298658639,0.020506265,0.692955852,-0.045053698,0.719278693,,,,,,,,,,,,,,,,,,,,,
312,360656,50719,hiding,chest_hidden,-0.052971870,0.476410091,-0.298768491,0.020499883,0.692965686,-0.045010742,0.719272077,,,,,,,,,,,,,,,,,,,,,
313,360806,50869,hiding,chest_hidden,-0.052884158,0.476420999,-0.298589379,0.020510420,0.692961872,-0.045020133,0.719274879,,,,,,,,,,,,,,,,,,,,,
314,360960,51023,hiding,chest_hidden,-0.052869868,0.476346910,-0.298452020,0.020556696,0.692952991,-0.045074198,0.719278693,,,,,,,,,,,,,,,,,,,,,
315,361125,51188,hiding,chest_hidden,-0.052858714,0.476191401,-0.298231155,0.020510260,0.692946911,-0.045014154,0.719289720,,,,,,,,,,,,,,,,,,,,,
316,361280,51343,hiding,chest_hidden,-0.052762702,0.476243615,-0.298448682,0.020486815,0.692965806,-0.045045268,0.719270229,,,,,,,,,,,,,,,,,,,,,
317,361431,51494,hiding,chest_hidden,-0.052910317,0.476218224,-0.298293114,0.020493828,0.692978024,-0.045057952,0.719257414,,,,,,,,,,,,,,,,,,,,,
318,361585,51648,hiding,chest_hidden,-0.052984562,0.476212084,-0.298395246,0.020498371,0.692959666,-0.045041617,0.719276071,,,,,,,,,,,,,,,,,,,,,
319,361736,51799,hiding,chest_hidden,-0.053066842,0.476157784,-0.298270732,0.020510387,0.692927063,-0.045013189,0.719308853,,,,,,,,,,,,,,,,,,,,,
320,361903,51966,hiding,chest_hidden,-0.053072065,0.476153314,-0.298229754,0.020540824,0.692913592,-0.045037627,0.719319463,,,,,,,,,,,,,,,,,,,,,
321,362056,52119,hiding,chest_hidden,-0.053024467,0.476148963,-0.298293114,0.020528553,0.692912340,-0.045038197,0.719320953,,,,,,,,,,,,,,,,,,,,,
322,362208,52271,hiding,chest_hidden,-0.052989494,0.476163387,-0.298473001,0.020518824,0.692916691,-0.045042258,0.719316840,,,,,,,,,,,,,,,,,,,,,
323,362376,52439,hiding,chest_hidden,-0.052972075,0.476151168,-0.298375547,0.020541586,0.692905903,-0.045065202,0.719325066,,,,,,,,,,,,,,,,,,,,,
324,362528,52591,hiding,chest_hidden,-0.052916173,0.476147115,-0.298305005,0.020543439,0.692923605,-0.045087002,0.719306648,,,,,,,,,,,,,,,,,,,,,
325,362682,52745,hiding,chest_hidden,-0.052881345,0.476152956,-0.298511088,0.020537920,0.692923009,-0.045088463,0.719307244,,,,,,,,,,,,,,,,,,,,,
326,362848,52911,hiding,chest_hidden,-0.052951362,0.476116419,-0.298772871,0.020558394,0.692922115,-0.045097508,0.719307005,,,,,,,,,,,,,,,,,,,,,
327,363000,53063,hiding,chest_hidden,-0.052861325,0.476044357,-0.298838854,0.020501681,0.692938685,-0.045105845,0.719292164,,,,,,,,,,,,,,,,,,,,,
328,363153,53216,hiding,chest_hidden,-0.052916907,0.476020455,-0.298713416,0.020547267,0.692925930,-0.045080461,0.719304740,,,,,,,,,,,,,,,,,,,,,
329,363307,53370,hiding,chest_hidden,-0.052883133,0.476114273,-0.298488855,0.020549353,0.692924857,-0.045058597,0.719307005,,,,,,,,,,,,,,,,,,,,,
330,363459,53522,hiding,chest_hidden,-0.052910384,0.476135552,-0.298683852,0.020544060,0.692934155,-0.045099482,0.719295681,,,,,,,,,,,,,,,,,,,,,
331,363611,53674,hiding,chest_hidden,-0.052932106,0.476076543,-0.298565120,0.020534303,0.692926109,-0.045076374,0.719305158,,,,,,,,,,,,,,,,,,,,,
332,363779,53842,hiding,chest_hidden,-0.052931488,0.476065874,-0.298432887,0.020529561,0.692922831,-0.045075599,0.719308496,,,,,,,,,,,,,,,,,,,,,
333,363932,53995,hiding,chest_hidden,-0.052828282,0.476038516,-0.298334390,0.020541850,0.692920625,-0.045110028,0.719308138,,,,,,,,,,,,,,,,,,,,,
334,364098,54161,hiding,chest_hidden,-0.052800089,0.476091921,-0.298245162,0.020530112,0.692907631,-0.045094240,0.719321966,,,,,,,,,,,,,,,,,,,,,
335,364252,54315,hiding,chest_hidden,-0.052765615,0.476063073,-0.298290342,0.020527333,0.692944884,-0.045108739,0.719285250,,,,,,,,,,,,,,,,,,,,,
336,364404,54467,hiding,chest_hidden,-0.052718598,0.475989997,-0.298215181,0.020502813,0.692887664,-0.045114562,0.719340682,,,,,,,,,,,,,,,,,,,,,
337,364558,54621,hiding,chest_hidden,-0.052731466,0.475938439,-0.298254132,0.020538708,0.692893803,-0.045075107,0.719336212,,,,,,,,,,,,,,,,,,,,,
338,364726,54789,hiding,chest_hidden,-0.052919157,0.475961447,-0.298292935,0.020524131,0.692895114,-0.045077812,0.719335198,,,,,,,,,,,,,,,,,,,,,
339,364877,54940,hiding,chest_hidden,-0.053015150,0.476014078,-0.298302531,0.020517021,0.692889631,-0.045055415,0.719342113,,,,,,,,,,,,,,,,,,,,,
340,365030,55093,hiding,chest_hidden,-0.053042985,0.476044476,-0.298186898,0.020521857,0.692885935,-0.045056693,0.719345450,,,,,,,,,,,,,,,,,,,,,
341,365183,55246,hiding,chest_hidden,-0.052945141,0.476041377,-0.298406512,0.020517839,0.692901969,-0.045071471,0.719329178,,,,,,,,,,,,,,,,,,,,,
342,365335,55398,hiding,chest_hidden,-0.052944120,0.476064146,-0.298364580,0.020511540,0.692886055,-0.045083415,0.719343960,,,,,,,,,,,,,,,,,,,,,
343,365488,55551,hiding,chest_hidden,-0.052878078,0.476039290,-0.298355967,0.020514043,0.692900658,-0.045053374,0.719331682,,,,,,,,,,,,,,,,,,,,,
344,365640,55703,hiding,chest_hidden,-0.052923702,0.476018906,-0.298425227,0.020509230,0.692891061,-0.045046754,0.719341516,,,,,,,,,,,,,,,,,,,,,
345,365807,55870,hiding,chest_hidden,-0.052841347,0.475974441,-0.298353374,0.020513298,0.692885876,-0.045087025,0.719343841,,,,,,,,,,,,,,,,,,,,,
346,365959,56022,hiding,chest_hidden,-0.052913971,0.475918829,-0.298413724,0.020555714,0.692890286,-0.045033712,0.719341755,,,,,,,,,,,,,,,,,,,,,
347,366112,56175,hiding,chest_hidden,-0.052888684,0.475949645,-0.298549086,0.020517506,0.692901671,-0.045038838,0.719331563,,,,,,,,,,,,,,,,,,,,,
348,366265,56328,hiding,chest_hidden,-0.052892692,0.475965798,-0.298467010,0.020511286,0.692887902,-0.045065816,0.719343245,,,,,,,,,,,,,,,,,,,,,
349,366420,56483,hiding,chest_hidden,-0.052872621,0.476000369,-0.298233032,0.020538706,0.692896605,-0.045056421,0.719334722,,,,,,,,,,,,,,,,,,,,,
350,366586,56649,hiding,chest_hidden,-0.052830674,0.475917101,-0.298246086,0.020520147,0.692885041,-0.045076706,0.719345093,,,,,,,,,,,,,,,,,,,,,
351,366738,56801,hiding,chest_hidden,-0.052817874,0.475757897,-0.298197567,0.020528762,0.692885458,-0.045060642,0.719345450,,,,,,,,,,,,,,,,,,,,,
352,366903,56966,hiding,chest_hidden,-0.052853540,0.475879967,-0.298543274,0.020502562,0.692911685,-0.045102205,0.719318390,,,,,,,,,,,,,,,,,,,,,
353,367058,57121,hiding,chest_hidden,-0.052974686,0.475856662,-0.298561275,0.020527760,0.692908525,-0.045101292,0.719320714,,,,,,,,,,,,,,,,,,,,,
354,367226,57289,hiding,chest_hidden,-0.053009406,0.475899398,-0.298397779,0.020533837,0.692896843,-0.045067575,0.719333887,,,,,,,,,,,,,,,,,,,,,
355,367376,57439,hiding,chest_hidden,-0.052921433,0.475883603,-0.298285216,0.020542623,0.692922115,-0.045088343,0.719308019,,,,,,,,,,,,,,,,,,,,,
356,367529,57592,hiding,chest_hidden,-0.052920777,0.475951016,-0.298204988,0.020564638,0.692893803,-0.045083165,0.719334960,,,,,,,,,,,,,,,,,,,,,
357,367695,57758,hiding,chest_hidden,-0.052946325,0.476009011,-0.298513114,0.020541426,0.692899883,-0.045094088,0.719329119,,,,,,,,,,,,,,,,,,,,,
358,367848,57911,hiding,chest_hidden,-0.052969884,0.475987375,-0.298513532,0.020513561,0.692894638,-0.045072444,0.719336331,,,,,,,,,,,,,,,,,,,,,
359,368001,58064,hiding,chest_hidden,-0.052872997,0.475923717,-0.298681766,0.020489726,0.692912281,-0.045109116,0.719317675,,,,,,,,,,,,,,,,,,,,,
360,368168,58231,hiding,chest_hidden,-0.052846517,0.475938439,-0.298570007,0.020519812,0.692921102,-0.045065034,0.719311059,,,,,,,,,,,,,,,,,,,,,
361,368322,58385,hiding,chest_hidden,-0.052936487,0.475935340,-0.298437834,0.020529037,0.692906439,-0.045055579,0.719325602,,,,,,,,,,,,,,,,,,,,,
362,368475,58538,hiding,chest_hidden,-0.052963234,0.475894094,-0.298456639,0.020522578,0.692913890,-0.045064349,0.719318032,,,,,,,,,,,,,,,,,,,,,
363,368639,58702,hiding,chest_hidden,-0.052945714,0.475844026,-0.298368424,0.020546945,0.692900121,-0.045095645,0.719328582,,,,,,,,,,,,,,,,,,,,,
364,368793,58856,hiding,chest_hidden,-0.052847706,0.475898623,-0.298483551,0.020536395,0.692906201,-0.045077182,0.719324231,,,,,,,,,,,,,,,,,,,,,
365,368960,59023,hiding,chest_hidden,-0.052788246,0.475871205,-0.298471123,0.020552952,0.692919195,-0.045101706,0.719309688,,,,,,,,,,,,,,,,,,,,,
366,369113,59176,hiding,chest_hidden,-0.052801076,0.475857973,-0.298498303,0.020537149,0.692903161,-0.045067590,0.719327748,,,,,,,,,,,,,,,,,,,,,
367,369265,59328,hiding,chest_hidden,-0.052767307,0.475828588,-0.298459977,0.020536777,0.692908168,-0.045065805,0.719323039,,,,,,,,,,,,,,,,,,,,,
368,369420,59483,hiding,chest_hidden,-0.052825253,0.475855589,-0.298479170,0.020500895,0.692906857,-0.045086615,0.719323993,,,,,,,,,,,,,,,,,,,,,
369,369585,59648,hiding,chest_hidden,-0.052849244,0.475852728,-0.298546970,0.020522783,0.692895532,-0.045050737,0.719336569,,,,,,,,,,,,,,,,,,,,,
370,369737,59800,hiding,chest_hidden,-0.052914396,0.475848138,-0.298579723,0.020503970,0.692890823,-0.045042753,0.719342113,,,,,,,,,,,,,,,,,,,,,
371,369902,59965,hiding,chest_hidden,-0.052920893,0.475933611,-0.298442155,0.020522721,0.692888975,-0.045040146,0.719343543,,,,,,,,,,,,,,,,,,,,,
372,370056,60119,hiding,chest_hidden,-0.052929025,0.475912392,-0.298306078,0.020532459,0.692876816,-0.045036029,0.719355226,,,,,,,,,,,,,,,,,,,,,
373,370224,60287,hiding,chest_hidden,-0.052929342,0.475888789,-0.298415393,0.020486599,0.692889869,-0.045074712,0.719341516,,,,,,,,,,,,,,,,,,,,,
374,370375,60438,hiding,chest_hidden,-0.052869283,0.475900829,-0.298533171,0.020515993,0.692906380,-0.045048352,0.719326437,,,,,,,,,,,,,,,,,,,,,
375,370528,60591,hiding,chest_hidden,-0.052835952,0.475824654,-0.298546702,0.020499906,0.692911506,-0.045064222,0.719320953,,,,,,,,,,,,,,,,,,,,,
376,370682,60745,hiding,chest_hidden,-0.052867167,0.475873291,-0.298468322,0.020538716,0.692906380,-0.045042567,0.719326138,,,,,,,,,,,,,,,,,,,,,
377,370835,60898,hiding,chest_hidden,-0.052890208,0.475824177,-0.298397511,0.020544440,0.692879677,-0.045079693,0.719349384,,,,,,,,,,,,,,,,,,,,,
378,371001,61064,hiding,chest_hidden,-0.052954067,0.475849390,-0.298484981,0.020538950,0.692904592,-0.045063358,0.719326556,,,,,,,,,,,,,,,,,,,,,
379,371154,61217,hiding,chest_hidden,-0.053019922,0.475792468,-0.298515528,0.020530840,0.692907572,-0.045061979,0.719324052,,,,,,,,,,,,,,,,,,,,,
380,371306,61369,hiding,chest_hidden,-0.052959826,0.475791097,-0.298482388,0.020533502,0.692895651,-0.045056306,0.719335794,,,,,,,,,,,,,,,,,,,,,
381,371472,61535,hiding,chest_hidden,-0.052942537,0.475787342,-0.298499107,0.020534543,0.692890763,-0.045039844,0.719341516,,,,,,,,,,,,,,,,,,,,,
382,371628,61691,hiding,chest_hidden,-0.052855957,0.475778580,-0.298637569,0.020559423,0.692912519,-0.045039460,0.719319820,,,,,,,,,,,,,,,,,,,,,
383,371778,61841,hiding,chest_hidden,-0.052785818,0.475840032,-0.298720032,0.020542234,0.692915499,-0.045055162,0.719316483,,,,,,,,,,,,,,,,,,,,,
384,371945,62008,hiding,chest_hidden,-0.052734587,0.475760400,-0.298722118,0.020544751,0.692919016,-0.045052424,0.719313204,,,,,,,,,,,,,,,,,,,,,
385,372098,62161,hiding,chest_hidden,-0.052761532,0.475693643,-0.298488855,0.020532921,0.692902029,-0.045103539,0.719326675,,,,,,,,,,,,,,,,,,,,,
386,372250,62313,hiding,chest_hidden,-0.052773144,0.475727379,-0.298473060,0.020519080,0.692910552,-0.045043446,0.719322622,,,,,,,,,,,,,,,,,,,,,
387,372419,62482,hiding,chest_hidden,-0.052754063,0.475710154,-0.298342556,0.020514822,0.692919552,-0.045052838,0.719313502,,,,,,,,,,,,,,,,,,,,,
388,372569,62632,hiding,chest_hidden,-0.052774802,0.475794256,-0.298294157,0.020541912,0.692906141,-0.045056250,0.719325483,,,,,,,,,,,,,,,,,,,,,
389,372724,62787,hiding,chest_hidden,-0.052823622,0.475811243,-0.298231304,0.020540144,0.692899644,-0.045035858,0.719333053,,,,,,,,,,,,,,,,,,,,,
390,372875,62938,hiding,chest_hidden,-0.052797407,0.475800395,-0.298278779,0.020533949,0.692904711,-0.045058362,0.719326913,,,,,,,,,,,,,,,,,,,,,
391,373042,63105,hiding,chest_hidden,-0.052820846,0.475788057,-0.298420250,0.020517685,0.692908704,-0.045045704,0.719324350,,,,,,,,,,,,,,,,,,,,,
392,373195,63258,hiding,chest_hidden,-0.052859098,0.475753963,-0.298621744,0.020534938,0.692906976,-0.045067016,0.719324172,,,,,,,,,,,,,,,,,,,,,
393,373362,63425,hiding,chest_hidden,-0.052877940,0.475791395,-0.298554420,0.020539921,0.692928672,-0.045034189,0.719305158,,,,,,,,,,,,,,,,,,,,,
394,373516,63579,hiding,chest_hidden,-0.052836508,0.475847304,-0.298378944,0.020577818,0.692900658,-0.045058586,0.719329536,,,,,,,,,,,,,,,,,,,,,
395,373668,63731,hiding,chest_hidden,-0.052765019,0.475841403,-0.298394084,0.020530429,0.692902803,-0.045039862,0.719330013,,,,,,,,,,,,,,,,,,,,,
396,373835,63898,hiding,chest_hidden,-0.052733921,0.475873351,-0.298393488,0.020541716,0.692921400,-0.045012400,0.719313502,,,,,,,,,,,,,,,,,,,,,
397,374001,64064,hiding,chest_hidden,-0.052640531,0.475857794,-0.298460841,0.020538852,0.692920804,-0.045017064,0.719313860,,,,,,,,,,,,,,,,,,,,,
398,374155,64218,hiding,chest_hidden,-0.052592475,0.475846171,-0.298411369,0.020488782,0.692918420,-0.045033611,0.719316602,,,,,,,,,,,,,,,,,,,,,
399,374321,64384,hiding,chest_hidden,-0.052653577,0.475873172,-0.298389584,0.020501940,0.692901671,-0.045001678,0.719334304,,,,,,,,,,,,,,,,,,,,,
400,374474,64537,hiding,chest_hidden,-0.052679401,0.475883484,-0.298699737,0.020501485,0.692918479,-0.045000680,0.719318151,,,,,,,,,,,,,,,,,,,,,
401,374625,64688,hiding,chest_hidden,-0.052635930,0.475819349,-0.298448533,0.020488653,0.692893505,-0.044977553,0.719344079,,,,,,,,,,,,,,,,,,,,,
402,374779,64842,hiding,chest_hidden,-0.052688811,0.475818634,-0.298563153,0.020501914,0.692893624,-0.044996209,0.719342351,,,,,,,,,,,,,,,,,,,,,
403,374946,65009,hiding,chest_hidden,-0.052677639,0.475812018,-0.298530728,0.020513106,0.692922950,-0.045013949,0.719312668,,,,,,,,,,,,,,,,,,,,,
404,375098,65161,hiding,chest_hidden,-0.052667603,0.475869656,-0.298481673,0.020529585,0.692943215,-0.044977292,0.719294965,,,,,,,,,,,,,,,,,,,,,
405,375252,65315,hiding,chest_hidden,-0.052691437,0.475880861,-0.298513442,0.020503111,0.692915499,-0.044987544,0.719321847,,,,,,,,,,,,,,,,,,,,,
406,375404,65467,hiding,chest_hidden,-0.052745488,0.475873590,-0.298502922,0.020503024,0.692918241,-0.044976231,0.719319880,,,,,,,,,,,,,,,,,,,,,
407,375572,65635,hiding,chest_hidden,-0.052762315,0.475930750,-0.298579484,0.020481965,0.692946613,-0.044987131,0.719292462,,,,,,,,,,,,,,,,,,,,,
408,375724,65787,hiding,chest_hidden,-0.052731264,0.475965738,-0.298673391,0.020495415,0.692944944,-0.044986986,0.719293714,,,,,,,,,,,,,,,,,,,,,
409,375889,65952,hiding,chest_hidden,-0.052781649,0.475886643,-0.298607498,0.020503681,0.692924976,-0.044993456,0.719312310,,,,,,,,,,,,,,,,,,,,,
410,376043,66106,hiding,chest_hidden,-0.052831784,0.475838900,-0.298487455,0.020492880,0.692922115,-0.045002006,0.719314873,,,,,,,,,,,,,,,,,,,,,
411,376195,66258,hiding,chest_hidden,-0.052916955,0.475867271,-0.298509181,0.020480037,0.692917466,-0.045006242,0.719319403,,,,,,,,,,,,,,,,,,,,,
412,376349,66412,hiding,chest_hidden,-0.052874830,0.475917459,-0.298496366,0.020481752,0.692908585,-0.045002311,0.719328165,,,,,,,,,,,,,,,,,,,,,
413,376516,66579,hiding,chest_hidden,-0.052869871,0.475894570,-0.298421621,0.020487925,0.692931831,-0.045000914,0.719305634,,,,,,,,,,,,,,,,,,,,,
414,376668,66731,hiding,chest_hidden,-0.052913882,0.475887179,-0.298481405,0.020517923,0.692910433,-0.044973120,0.719327211,,,,,,,,,,,,,,,,,,,,,
415,376821,66884,hiding,chest_hidden,-0.052903432,0.475875676,-0.298423648,0.020488104,0.692896724,-0.045000423,0.719339609,,,,,,,,,,,,,,,,,,,,,
416,376973,67036,hiding,chest_hidden,-0.052792102,0.475868762,-0.298615813,0.020507742,0.692914128,-0.044992864,0.719322681,,,,,,,,,,,,,,,,,,,,,
417,377140,67203,hiding,chest_hidden,-0.052854504,0.475895405,-0.298664927,0.020489747,0.692917407,-0.044998396,0.719319642,,,,,,,,,,,,,,,,,,,,,
418,377293,67356,hiding,chest_hidden,-0.052788228,0.475837708,-0.298417777,0.020521369,0.692915559,-0.044993088,0.719320893,,,,,,,,,,,,,,,,,,,,,
419,377445,67508,hiding,chest_hidden,-0.052788697,0.475789726,-0.298339427,0.020540824,0.692899048,-0.044961683,0.719338238,,,,,,,,,,,,,,,,,,,,,
420,377615,67678,hiding,chest_hidden,-0.052830640,0.475787818,-0.298365742,0.020527069,0.692906559,-0.044995714,0.719329298,,,,,,,,,,,,,,,,,,,,,
421,377765,67828,hiding,chest_hidden,-0.052924812,0.475773513,-0.298274934,0.020515211,0.692896843,-0.044988763,0.719339371,,,,,,,,,,,,,,,,,,,,,
422,377891,67954,hiding,chest_hidden,-0.052941024,0.475733519,-0.298226625,0.020523593,0.692897975,-0.045000941,0.719337285,,,,,,,,,,,,,,,,,,,,,
423,378030,68093,hiding,chest_hidden,-0.053030510,0.475716710,-0.298458040,0.020519802,0.692898095,-0.044986945,0.719338119,,,,,,,,,,,,,,,,,,,,,
424,378154,68217,hiding,chest_hidden,-0.052939057,0.475712597,-0.298385113,0.020544721,0.692894161,-0.045019411,0.719339192,,,,,,,,,,,,,,,,,,,,,
425,378293,68356,hiding,chest_hidden,-0.052930120,0.475710452,-0.298352480,0.020532724,0.692890763,-0.044996329,0.719344258,,,,,,,,,,,,,,,,,,,,,
426,378418,68481,hiding,chest_hidden,-0.052919723,0.475752294,-0.298595011,0.020529328,0.692921042,-0.044983108,0.719316006,,,,,,,,,,,,,,,,,,,,,
427,378558,68621,hiding,chest_hidden,-0.052821569,0.475675941,-0.298551351,0.020529279,0.692909062,-0.044988126,0.719327271,,,,,,,,,,,,,,,,,,,,,
428,378682,68745,hiding,chest_hidden,-0.052859448,0.475655198,-0.298517495,0.020528192,0.692916393,-0.044983950,0.719320476,,,,,,,,,,,,,,,,,,,,,
429,378820,68883,hiding,chest_hidden,-0.052908968,0.475691080,-0.298531562,0.020525509,0.692914248,-0.044983417,0.719322622,,,,,,,,,,,,,,,,,,,,,
430,378945,69008,hiding,chest_hidden,-0.052932441,0.475786388,-0.298476428,0.020522637,0.692915201,-0.044990588,0.719321370,,,,,,,,,,,,,,,,,,,,,
431,379072,69135,hiding,chest_hidden,-0.052945938,0.475798547,-0.298456639,0.020523045,0.692912519,-0.044989463,0.719323993,,,,,,,,,,,,,,,,,,,,,
432,379209,69272,hiding,chest_hidden,-0.052953634,0.475720227,-0.298438102,0.020533837,0.692903578,-0.044978905,0.719332993,,,,,,,,,,,,,,,,,,,,,
433,379334,69397,hiding,chest_hidden,-0.052881658,0.475698888,-0.298398226,0.020546857,0.692920864,-0.045009531,0.719314039,,,,,,,,,,,,,,,,,,,,,
434,379474,69537,hiding,chest_hidden,-0.052863613,0.475684464,-0.298365086,0.020564869,0.692909062,-0.045021974,0.719324112,,,,,,,,,,,,,,,,,,,,,
435,379597,69660,hiding,chest_hidden,-0.052897502,0.475681007,-0.298328400,0.020537388,0.692902446,-0.044984210,0.719333649,,,,,,,,,,,,,,,,,,,,,
436,379723,69786,hiding,chest_hidden,-0.052942291,0.475609839,-0.298273474,0.020544840,0.692890644,-0.044990320,0.719344378,,,,,,,,,,,,,,,,,,,,,
437,379863,69926,hiding,chest_hidden,-0.052908104,0.475656152,-0.298297048,0.020530818,0.692892849,-0.044999111,0.719342113,,,,,,,,,,,,,,,,,,,,,
438,379987,70050,hiding,chest_hidden,-0.052907467,0.475659132,-0.298326254,0.020532247,0.692893028,-0.045009308,0.719341278,,,,,,,,,,,,,,,,,,,,,
439,380126,70189,hiding,chest_hidden,-0.052875817,0.475636721,-0.298329115,0.020520888,0.692892849,-0.044988908,0.719343007,,,,,,,,,,,,,,,,,,,,,
440,380251,70314,hiding,chest_hidden,-0.052730832,0.475689828,-0.298327625,0.020546030,0.692898691,-0.044997942,0.719336152,,,,,,,,,,,,,,,,,,,,,
441,380392,70455,hiding,chest_hidden,-0.052721482,0.475760281,-0.298296392,0.020529738,0.692913234,-0.045018367,0.719321311,,,,,,,,,,,,,,,,,,,,,
442,380515,70578,hiding,chest_hidden,-0.052702155,0.475784719,-0.298316628,0.020527793,0.692895830,-0.044968311,0.719341278,,,,,,,,,,,,,,,,,,,,,
443,380641,70704,hiding,chest_hidden,-0.052735496,0.475815177,-0.298313200,0.020522436,0.692914844,-0.044974212,0.719322741,,,,,,,,,,,,,,,,,,,,,
444,380779,70842,hiding,chest_hidden,-0.052775092,0.475749254,-0.298284113,0.020503135,0.692894936,-0.044980731,0.719342053,,,,,,,,,,,,,,,,,,,,,
445,380920,70983,hiding,chest_hidden,-0.052823819,0.475787163,-0.298288703,0.020518590,0.692893863,-0.044964995,0.719343662,,,,,,,,,,,,,,,,,,,,,
446,381070,71133,hiding,chest_hidden,-0.052863199,0.475761294,-0.298332632,0.020506786,0.692897916,-0.044959221,0.719340444,,,,,,,,,,,,,,,,,,,,,
447,381236,71299,hiding,chest_hidden,-0.052863378,0.475862026,-0.298358530,0.020512545,0.692893803,-0.044951748,0.719344676,,,,,,,,,,,,,,,,,,,,,
448,381390,71453,hiding,chest_hidden,-0.052881453,0.475861728,-0.298383087,0.020522742,0.692910075,-0.044968311,0.719327748,,,,,,,,,,,,,,,,,,,,,
449,381557,71620,hiding,chest_hidden,-0.052895639,0.475889444,-0.298430264,0.020512475,0.692905486,-0.044965938,0.719332576,,,,,,,,,,,,,,,,,,,,,
450,381708,71771,hiding,chest_hidden,-0.052860688,0.475892067,-0.298487008,0.020506850,0.692928314,-0.044976275,0.719310105,,,,,,,,,,,,,,,,,,,,,
451,381862,71925,hiding,chest_hidden,-0.052865189,0.475851357,-0.298450351,0.020522995,0.692899942,-0.044974253,0.719337046,,,,,,,,,,,,,,,,,,,,,
452,382015,72078,hiding,chest_hidden,-0.052914228,0.475850403,-0.298461169,0.020518970,0.692894578,-0.044969339,0.719342649,,,,,,,,,,,,,,,,,,,,,
453,382182,72245,hiding,chest_hidden,-0.052823111,0.475758135,-0.298468858,0.020540370,0.692905068,-0.044983324,0.719331086,,,,,,,,,,,,,,,,,,,,,
454,382334,72397,hiding,chest_hidden,-0.052782137,0.475788355,-0.298489273,0.020559693,0.692900360,-0.044999115,0.719334066,,,,,,,,,,,,,,,,,,,,,
455,382501,72564,hiding,chest_hidden,-0.052785866,0.475786924,-0.298413426,0.020527067,0.692908168,-0.044986404,0.719328225,,,,,,,,,,,,,,,,,,,,,
456,382655,72718,hiding,chest_hidden,-0.052761849,0.475766718,-0.298328727,0.020520415,0.692910910,-0.044975657,0.719326496,,,,,,,,,,,,,,,,,,,,,
457,382807,72870,hiding,chest_hidden,-0.052769188,0.475795269,-0.298232287,0.020530790,0.692892671,-0.044963583,0.719344497,,,,,,,,,,,,,,,,,,,,,
458,382960,73023,hiding,chest_hidden,-0.052774973,0.475793362,-0.298127979,0.020519653,0.692887723,-0.044957876,0.719349921,,,,,,,,,,,,,,,,,,,,,
459,383113,73176,hiding,chest_hidden,-0.052712493,0.475792170,-0.298088819,0.020514593,0.692899525,-0.044970445,0.719338000,,,,,,,,,,,,,,,,,,,,,
460,383265,73328,hiding,chest_hidden,-0.052694954,0.475756109,-0.298056006,0.020505125,0.692886233,-0.044971205,0.719350994,,,,,,,,,,,,,,,,,,,,,
461,383432,73495,hiding,chest_hidden,-0.052761547,0.475808501,-0.298069984,0.020510204,0.692887008,-0.044963326,0.719350576,,,,,,,,,,,,,,,,,,,,,
462,383585,73648,hiding,chest_hidden,-0.052814644,0.475757182,-0.298149407,0.020517794,0.692882836,-0.044978578,0.719353437,,,,,,,,,,,,,,,,,,,,,
463,383737,73800,hiding,chest_hidden,-0.052829675,0.475687504,-0.298224509,0.020523492,0.692895532,-0.044955149,0.719342470,,,,,,,,,,,,,,,,,,,,,
464,383903,73966,hiding,chest_hidden,-0.052760839,0.475667655,-0.298316687,0.020543672,0.692894340,-0.045026589,0.719338655,,,,,,,,,,,,,,,,,,,,,
465,384058,74121,hiding,chest_hidden,-0.052838132,0.475717425,-0.298218042,0.020516930,0.692890763,-0.044968855,0.719346404,,,,,,,,,,,,,,,,,,,,,
466,384209,74272,hiding,chest_hidden,-0.052881654,0.475849867,-0.298209876,0.020529626,0.692906976,-0.044968102,0.719330490,,,,,,,,,,,,,,,,,,,,,
467,384362,74425,hiding,chest_hidden,-0.052868206,0.475862861,-0.298185170,0.020528123,0.692898154,-0.044971589,0.719338834,,,,,,,,,,,,,,,,,,,,,
468,384529,74592,hiding,chest_hidden,-0.052805938,0.475785434,-0.298240751,0.020528648,0.692900181,-0.044969056,0.719336987,,,,,,,,,,,,,,,,,,,,,
469,384681,74744,hiding,chest_hidden,-0.052816879,0.475754201,-0.298273683,0.020545468,0.692900240,-0.044979598,0.719335794,,,,,,,,,,,,,,,,,,,,,
470,384848,74911,hiding,chest_hidden,-0.052895874,0.475708306,-0.298246980,0.020487927,0.692896664,-0.044972062,0.719341338,,,,,,,,,,,,,,,,,,,,,
471,385001,75064,hiding,chest_hidden,-0.052946787,0.475718856,-0.298271835,0.020515714,0.692927003,-0.044991430,0.719310164,,,,,,,,,,,,,,,,,,,,,
472,385154,75217,hiding,chest_hidden,-0.052966788,0.475661516,-0.298252642,0.020522745,0.692900717,-0.044982638,0.719335794,,,,,,,,,,,,,,,,,,,,,
473,385321,75384,hiding,chest_hidden,-0.052948594,0.475644350,-0.298239678,0.020514911,0.692894161,-0.045003351,0.719341040,,,,,,,,,,,,,,,,,,,,,
474,385473,75536,hiding,chest_hidden,-0.052974746,0.475673497,-0.298221767,0.020545287,0.692907989,-0.045020230,0.719325840,,,,,,,,,,,,,,,,,,,,,
475,385639,75702,hiding,chest_hidden,-0.053019322,0.475710571,-0.298202425,0.020519532,0.692901134,-0.045006778,0.719334006,,,,,,,,,,,,,,,,,,,,,
476,385792,75855,hiding,chest_hidden,-0.052949414,0.475683212,-0.298133880,0.020510780,0.692910969,-0.045019235,0.719323993,,,,,,,,,,,,,,,,,,,,,
477,385919,75982,hiding,chest_hidden,-0.052877635,0.475599527,-0.298074543,0.020523500,0.692890108,-0.044991028,0.719345510,,,,,,,,,,,,,,,,,,,,,
478,386056,76119,hiding,chest_hidden,-0.052762598,0.475599468,-0.298199713,0.020510478,0.692888618,-0.045011550,0.719346046,,,,,,,,,,,,,,,,,,,,,
479,386182,76245,hiding,chest_hidden,-0.052810617,0.475641370,-0.298247755,0.020509506,0.692885101,-0.044986267,0.719350994,,,,,,,,,,,,,,,,,,,,,
480,386322,76385,hiding,chest_hidden,-0.052757487,0.475691974,-0.298265547,0.020497588,0.692878902,-0.044969805,0.719358325,,,,,,,,,,,,,,,,,,,,,
481,386445,76508,hiding,chest_hidden,-0.052720204,0.475733697,-0.298242301,0.020534504,0.692890525,-0.044984356,0.719345212,,,,,,,,,,,,,,,,,,,,,
482,386585,76648,hiding,chest_hidden,-0.052745223,0.475744128,-0.298184067,0.020532604,0.692885339,-0.044968411,0.719351232,,,,,,,,,,,,,,,,,,,,,
483,386708,76771,hiding,chest_hidden,-0.052810099,0.475703716,-0.298118711,0.020513581,0.692887962,-0.044943683,0.719350815,,,,,,,,,,,,,,,,,,,,,
484,386836,76899,hiding,chest_hidden,-0.052833419,0.475728691,-0.298102051,0.020514412,0.692889869,-0.044952739,0.719348371,,,,,,,,,,,,,,,,,,,,,
485,386973,77036,hiding,chest_hidden,-0.052843329,0.475761771,-0.298158973,0.020521643,0.692893326,-0.044942930,0.719345450,,,,,,,,,,,,,,,,,,,,,
486,387126,77189,hiding,chest_hidden,-0.052949704,0.475802183,-0.298117101,0.020494267,0.692907393,-0.044989381,0.719329774,,,,,,,,,,,,,,,,,,,,,
487,387265,77328,hiding,chest_hidden,-0.052897453,0.475699842,-0.298210740,0.020525241,0.692895651,-0.044971734,0.719341278,,,,,,,,,,,,,,,,,,,,,
488,387431,77494,hiding,chest_hidden,-0.052933432,0.475756943,-0.298210263,0.020523669,0.692880452,-0.044983454,0.719355285,,,,,,,,,,,,,,,,,,,,,
489,387570,77633,hiding,chest_hidden,-0.052888554,0.475747883,-0.298182994,0.020514918,0.692896605,-0.044971924,0.719340682,,,,,,,,,,,,,,,,,,,,,
490,387709,77772,hiding,chest_hidden,-0.052875061,0.475677967,-0.298155665,0.020539841,0.692875683,-0.044978008,0.719359696,,,,,,,,,,,,,,,,,,,,,
491,387835,77898,hiding,chest_hidden,-0.052855030,0.475707293,-0.298195332,0.020517204,0.692895710,-0.044982579,0.719340801,,,,,,,,,,,,,,,,,,,,,
492,387973,78036,hiding,chest_hidden,-0.052845210,0.475719988,-0.298250794,0.020512901,0.692920864,-0.044987094,0.719316423,,,,,,,,,,,,,,,,,,,,,
493,388111,78174,hiding,chest_hidden,-0.052791666,0.475676775,-0.298262239,0.020544214,0.692907155,-0.044999458,0.719327927,,,,,,,,,,,,,,,,,,,,,
494,388237,78300,hiding,chest_hidden,-0.052853197,0.475679934,-0.298236042,0.020519579,0.692888260,-0.044973344,0.719348490,,,,,,,,,,,,,,,,,,,,,
495,388376,78439,hiding,chest_hidden,-0.052815709,0.475725532,-0.298214763,0.020522978,0.692890942,-0.044979308,0.719345450,,,,,,,,,,,,,,,,,,,,,
496,388514,78577,hiding,chest_hidden,-0.052870460,0.475728154,-0.298197448,0.020530432,0.692883074,-0.044969887,0.719353378,,,,,,,,,,,,,,,,,,,,,
497,388655,78718,hiding,chest_hidden,-0.052862614,0.475723684,-0.298192352,0.020499129,0.692877948,-0.044975497,0.719358861,,,,,,,,,,,,,,,,,,,,,
498,388779,78842,hiding,chest_hidden,-0.052883565,0.475784242,-0.298185587,0.020516038,0.692881107,-0.044966634,0.719355881,,,,,,,,,,,,,,,,,,,,,
499,388918,78981,hiding,chest_hidden,-0.052889634,0.475752771,-0.298154980,0.020514032,0.692882359,-0.044961665,0.719355047,,,,,,,,,,,,,,,,,,,,,
500,389043,79106,hiding,chest_hidden,-0.052855495,0.475739479,-0.298200309,0.020510446,0.692883313,-0.044959202,0.719354391,,,,,,,,,,,,,,,,,,,,,
501,389181,79244,hiding,chest_hidden,-0.052917268,0.475733161,-0.298178226,0.020504201,0.692874074,-0.044956569,0.719363630,,,,,,,,,,,,,,,,,,,,,
502,389320,79383,hiding,chest_hidden,-0.052946974,0.475793302,-0.298254460,0.020505751,0.692890167,-0.044955496,0.719348073,,,,,,,,,,,,,,,,,,,,,
503,389460,79523,hiding,chest_hidden,-0.052890789,0.475726426,-0.298307359,0.020521430,0.692887902,-0.044970769,0.719348907,,,,,,,,,,,,,,,,,,,,,
504,389585,79648,hiding,chest_hidden,-0.052990008,0.475747287,-0.298298568,0.020528546,0.692894578,-0.044972613,0.719342172,,,,,,,,,,,,,,,,,,,,,
505,389725,79788,hiding,chest_hidden,-0.053005479,0.475660384,-0.298291385,0.020522619,0.692881107,-0.044984445,0.719354630,,,,,,,,,,,,,,,,,,,,,
506,389861,79924,hiding,chest_hidden,-0.052984547,0.475631177,-0.298297465,0.020526839,0.692894399,-0.045002367,0.719340563,,,,,,,,,,,,,,,,,,,,,
507,389986,80049,hiding,chest_hidden,-0.053060208,0.475602150,-0.298292309,0.020530583,0.692884207,-0.044990309,0.719351053,,,,,,,,,,,,,,,,,,,,,
508,390127,80190,hiding,chest_hidden,-0.052946266,0.475589037,-0.298334777,0.020549761,0.692887664,-0.044985358,0.719347477,,,,,,,,,,,,,,,,,,,,,
509,390250,80313,hiding,chest_hidden,-0.052937254,0.475656271,-0.298269928,0.020567553,0.692902148,-0.044971287,0.719333887,,,,,,,,,,,,,,,,,,,,,
510,390390,80453,hiding,chest_hidden,-0.053058792,0.475622416,-0.298203558,0.020539109,0.692922115,-0.044992793,0.719314098,,,,,,,,,,,,,,,,,,,,,
511,390530,80593,hiding,chest_hidden,-0.052984174,0.475526094,-0.298171699,0.020546904,0.692896903,-0.044983245,0.719338775,,,,,,,,,,,,,,,,,,,,,
512,390656,80719,hiding,chest_hidden,-0.052862797,0.475567579,-0.298178643,0.020567205,0.692896307,-0.045005277,0.719337404,,,,,,,,,,,,,,,,,,,,,
513,390780,80843,hiding,chest_hidden,-0.052845530,0.475575030,-0.298221499,0.020579763,0.692892551,-0.044990819,0.719341576,,,,,,,,,,,,,,,,,,,,,
514,390919,80982,hiding,chest_hidden,-0.052912474,0.475631356,-0.298289388,0.020542378,0.692877591,-0.045015134,0.719355524,,,,,,,,,,,,,,,,,,,,,
515,391056,81119,hiding,chest_hidden,-0.052883469,0.475727439,-0.298361093,0.020560566,0.692871749,-0.044996753,0.719361722,,,,,,,,,,,,,,,,,,,,,
516,391181,81244,hiding,chest_hidden,-0.052895311,0.475716949,-0.298381239,0.020540310,0.692892611,-0.045004819,0.719341755,,,,,,,,,,,,,,,,,,,,,
517,391321,81384,hiding,chest_hidden,-0.052886270,0.475696683,-0.298459083,0.020551655,0.692902386,-0.044997811,0.719332397,,,,,,,,,,,,,,,,,,,,,
518,391445,81508,hiding,chest_hidden,-0.052897081,0.475723028,-0.298426390,0.020546533,0.692912757,-0.044999707,0.719322503,,,,,,,,,,,,,,,,,,,,,
519,391585,81648,hiding,chest_hidden,-0.052905090,0.475755870,-0.298387378,0.020568239,0.692906559,-0.044996928,0.719327986,,,,,,,,,,,,,,,,,,,,,
520,391709,81772,hiding,chest_hidden,-0.052960128,0.475722551,-0.298370451,0.020558059,0.692913473,-0.045007531,0.719320953,,,,,,,,,,,,,,,,,,,,,
521,391848,81911,hiding,chest_hidden,-0.052954260,0.475627661,-0.298320204,0.020568093,0.692896366,-0.044999570,0.719337642,,,,,,,,,,,,,,,,,,,,,
522,392001,82064,hiding,chest_hidden,-0.052944053,0.475604475,-0.298245490,0.020586381,0.692904472,-0.045006048,0.719328880,,,,,,,,,,,,,,,,,,,,,
523,392155,82218,hiding,chest_hidden,-0.053003989,0.475633025,-0.298200220,0.020554114,0.692888558,-0.044982992,0.719346583,,,,,,,,,,,,,,,,,,,,,
524,392323,82386,hiding,chest_hidden,-0.053006582,0.475685596,-0.298195392,0.020576395,0.692886472,-0.045003913,0.719346642,,,,,,,,,,,,,,,,,,,,,
525,392473,82536,hiding,chest_hidden,-0.052961726,0.475624502,-0.298200428,0.020547787,0.692882061,-0.044987299,0.719352782,,,,,,,,,,,,,,,,,,,,,
526,392626,82689,hiding,chest_hidden,-0.052879617,0.475618720,-0.298220724,0.020549087,0.692880750,-0.044977758,0.719354570,,,,,,,,,,,,,,,,,,,,,
527,392778,82841,hiding,chest_hidden,-0.052833289,0.475664139,-0.298296571,0.020542437,0.692885518,-0.044983175,0.719349802,,,,,,,,,,,,,,,,,,,,,
528,392946,83009,hiding,chest_hidden,-0.052907933,0.475682259,-0.298302829,0.020542964,0.692879677,-0.044966049,0.719356537,,,,,,,,,,,,,,,,,,,,,
529,393098,83161,hiding,chest_hidden,-0.052972376,0.475636899,-0.298263699,0.020557012,0.692880929,-0.044950850,0.719355881,,,,,,,,,,,,,,,,,,,,,
530,393251,83314,hiding,chest_hidden,-0.053029183,0.475644171,-0.298260182,0.020559177,0.692880929,-0.044956192,0.719355524,,,,,,,,,,,,,,,,,,,,,
531,393418,83481,hiding,chest_hidden,-0.052983973,0.475603580,-0.298251599,0.020554839,0.692896664,-0.044992879,0.719338238,,,,,,,,,,,,,,,,,,,,,
532,393570,83633,hiding,chest_hidden,-0.052960169,0.475698709,-0.298293263,0.020561500,0.692907214,-0.044996813,0.719327629,,,,,,,,,,,,,,,,,,,,,
533,393724,83787,hiding,chest_hidden,-0.052996784,0.475664437,-0.298325121,0.020593375,0.692894816,-0.045011837,0.719337642,,,,,,,,,,,,,,,,,,,,,
534,393877,83940,hiding,chest_hidden,-0.052949190,0.475662470,-0.298315942,0.020575916,0.692900479,-0.045005985,0.719333053,,,,,,,,,,,,,,,,,,,,,
535,394029,84092,hiding,chest_hidden,-0.052902974,0.475676894,-0.298285007,0.020587374,0.692903280,-0.045012716,0.719329596,,,,,,,,,,,,,,,,,,,,,
536,394196,84259,hiding,chest_hidden,-0.052900955,0.475750446,-0.298326284,0.020573063,0.692898095,-0.044991210,0.719336390,,,,,,,,,,,,,,,,,,,,,
537,394349,84412,hiding,chest_hidden,-0.052937072,0.475763083,-0.298227876,0.020563582,0.692891777,-0.044973325,0.719343841,,,,,,,,,,,,,,,,,,,,,
538,394487,84550,hiding,chest_hidden,-0.052794594,0.475665569,-0.298229754,0.020571569,0.692902088,-0.044984233,0.719332993,,,,,,,,,,,,,,,,,,,,,
539,394640,84703,hiding,chest_hidden,-0.052757028,0.475628316,-0.298194200,0.020548169,0.692904174,-0.044993788,0.719331086,,,,,,,,,,,,,,,,,,,,,
540,394793,84856,hiding,chest_hidden,-0.052806664,0.475654364,-0.298196882,0.020562127,0.692897499,-0.044978887,0.719338059,,,,,,,,,,,,,,,,,,,,,
541,394946,85009,hiding,chest_hidden,-0.052854422,0.475694716,-0.298203319,0.020548610,0.692903697,-0.044983432,0.719332099,,,,,,,,,,,,,,,,,,,,,
542,395112,85175,hiding,chest_hidden,-0.052851554,0.475791872,-0.298341751,0.020545229,0.692911625,-0.044969875,0.719325364,,,,,,,,,,,,,,,,,,,,,
543,395265,85328,hiding,chest_hidden,-0.052873138,0.475805879,-0.298385829,0.020536130,0.692925394,-0.044977482,0.719312012,,,,,,,,,,,,,,,,,,,,,
544,395420,85483,hiding,chest_hidden,-0.052914049,0.475795388,-0.298437089,0.020546477,0.692922771,-0.044966672,0.719314873,,,,,,,,,,,,,,,,,,,,,
545,395570,85633,hiding,chest_hidden,-0.052859478,0.475771129,-0.298445016,0.020550996,0.692918479,-0.044965487,0.719318986,,,,,,,,,,,,,,,,,,,,,
546,395723,85786,hiding,chest_hidden,-0.052890610,0.475766659,-0.298442811,0.020546855,0.692909598,-0.044960387,0.719327927,,,,,,,,,,,,,,,,,,,,,
547,395877,85940,hiding,chest_hidden,-0.052944008,0.475752234,-0.298341304,0.020551445,0.692905128,-0.044967275,0.719331682,,,,,,,,,,,,,,,,,,,,,
548,396042,86105,hiding,chest_hidden,-0.053077333,0.475712478,-0.298296243,0.020542784,0.692913890,-0.044958130,0.719324112,,,,,,,,,,,,,,,,,,,,,
549,396195,86258,hiding,chest_hidden,-0.053013191,0.475690424,-0.298307896,0.020565828,0.692925394,-0.044987775,0.719310522,,,,,,,,,,,,,,,,,,,,,
550,396349,86412,hiding,chest_hidden,-0.053003225,0.475657701,-0.298261017,0.020584736,0.692941368,-0.044997055,0.719294012,,,,,,,,,,,,,,,,,,,,,
551,396501,86564,hiding,chest_hidden,-0.053021763,0.475574851,-0.298259437,0.020584079,0.692914903,-0.044969529,0.719321251,,,,,,,,,,,,,,,,,,,,,
552,396655,86718,hiding,chest_hidden,-0.053012758,0.475512147,-0.298224777,0.020584797,0.692912817,-0.044974342,0.719322860,,,,,,,,,,,,,,,,,,,,,
553,396806,86869,hiding,chest_hidden,-0.052927498,0.475556731,-0.298267126,0.020599760,0.692903638,-0.044982482,0.719330728,,,,,,,,,,,,,,,,,,,,,
554,396961,87024,hiding,chest_hidden,-0.052845955,0.475704372,-0.298339695,0.020596690,0.692910850,-0.044989679,0.719323456,,,,,,,,,,,,,,,,,,,,,
555,397113,87176,hiding,chest_hidden,-0.052760016,0.475708246,-0.298408598,0.020580960,0.692934096,-0.044996180,0.719301164,,,,,,,,,,,,,,,,,,,,,
556,397265,87328,hiding,chest_hidden,-0.052761737,0.475731432,-0.298392504,0.020565987,0.692928493,-0.044997763,0.719306886,,,,,,,,,,,,,,,,,,,,,
557,397418,87481,hiding,chest_hidden,-0.052754313,0.475689471,-0.298352331,0.020572668,0.692910194,-0.044977669,0.719325602,,,,,,,,,,,,,,,,,,,,,
558,397571,87634,hiding,chest_hidden,-0.052752260,0.475745142,-0.298287272,0.020574689,0.692880929,-0.044956874,0.719354987,,,,,,,,,,,,,,,,,,,,,
559,397724,87787,hiding,chest_hidden,-0.052873168,0.475825787,-0.298294902,0.020560626,0.692907691,-0.044956807,0.719329596,,,,,,,,,,,,,,,,,,,,,
560,397877,87940,hiding,chest_hidden,-0.052946489,0.475824237,-0.298372507,0.020552654,0.692913711,-0.044963427,0.719323635,,,,,,,,,,,,,,,,,,,,,
561,398030,88093,hiding,chest_hidden,-0.052964289,0.475798845,-0.298403710,0.020547323,0.692912698,-0.044967920,0.719324470,,,,,,,,,,,,,,,,,,,,,
562,398183,88246,hiding,chest_hidden,-0.052892938,0.475709975,-0.298348427,0.020579664,0.692908168,-0.044994306,0.719326258,,,,,,,,,,,,,,,,,,,,,
563,398348,88411,hiding,chest_hidden,-0.052966416,0.475660741,-0.298386991,0.020551121,0.692909777,-0.044979714,0.719326437,,,,,,,,,,,,,,,,,,,,,
564,398501,88564,hiding,chest_hidden,-0.052893199,0.475671589,-0.298360676,0.020565921,0.692907691,-0.044985786,0.719327688,,,,,,,,,,,,,,,,,,,,,
565,398654,88717,hiding,chest_hidden,-0.052939296,0.475638151,-0.298342347,0.020582831,0.692906201,-0.044984136,0.719328701,,,,,,,,,,,,,,,,,,,,,
566,398823,88886,hiding,chest_hidden,-0.052858587,0.475614190,-0.298361421,0.020597883,0.692907155,-0.044982530,0.719327509,,,,,,,,,,,,,,,,,,,,,
567,398973,89036,hiding,chest_hidden,-0.052895088,0.475698233,-0.298370838,0.020611465,0.692915499,-0.044999950,0.719317913,,,,,,,,,,,,,,,,,,,,,
568,399127,89190,hiding,chest_hidden,-0.052873768,0.475658238,-0.298357934,0.020575244,0.692921340,-0.045021307,0.719312012,,,,,,,,,,,,,,,,,,,,,
569,399280,89343,hiding,chest_hidden,-0.052897170,0.475768030,-0.298303127,0.020625474,0.692909479,-0.044979300,0.719324648,,,,,,,,,,,,,,,,,,,,,
570,399446,89509,hiding,chest_hidden,-0.052841451,0.475726485,-0.298239529,0.020606823,0.692899227,-0.044970818,0.719335556,,,,,,,,,,,,,,,,,,,,,
571,399599,89662,hiding,chest_hidden,-0.052782509,0.475721419,-0.298211277,0.020588160,0.692902982,-0.044979375,0.719331980,,,,,,,,,,,,,,,,,,,,,
572,399752,89815,hiding,chest_hidden,-0.052818060,0.475715518,-0.298172385,0.020558745,0.692896962,-0.044991132,0.719337881,,,,,,,,,,,,,,,,,,,,,
573,399919,89982,hiding,chest_hidden,-0.052860525,0.475768328,-0.298224241,0.020555990,0.692936778,-0.044978566,0.719300330,,,,,,,,,,,,,,,,,,,,,
574,400070,90133,hiding,chest_hidden,-0.052846704,0.475764096,-0.298221231,0.020585053,0.692903996,-0.044982091,0.719330907,,,,,,,,,,,,,,,,,,,,,
575,400224,90287,hiding,chest_hidden,-0.052865285,0.475726604,-0.298233718,0.020582596,0.692907274,-0.044975959,0.719328225,,,,,,,,,,,,,,,,,,,,,
576,400390,90453,hiding,chest_hidden,-0.052791175,0.475744963,-0.298305213,0.020578513,0.692914903,-0.044997294,0.719319642,,,,,,,,,,,,,,,,,,,,,
577,400543,90606,hiding,chest_hidden,-0.052838482,0.475804389,-0.298348725,0.020570733,0.692912519,-0.044979837,0.719323218,,,,,,,,,,,,,,,,,,,,,
578,400696,90759,hiding,chest_hidden,-0.052802324,0.475800276,-0.298339784,0.020567432,0.692919970,-0.044980664,0.719316065,,,,,,,,,,,,,,,,,,,,,
579,400862,90925,hiding,chest_hidden,-0.052842360,0.475809991,-0.298295230,0.020566406,0.692925930,-0.044974234,0.719310820,,,,,,,,,,,,,,,,,,,,,
580,401016,91079,hiding,chest_hidden,-0.052736055,0.475743115,-0.298241615,0.020568190,0.692919195,-0.044984479,0.719316661,,,,,,,,,,,,,,,,,,,,,
581,401182,91245,hiding,chest_hidden,-0.052757207,0.475772738,-0.298216462,0.020537594,0.692917228,-0.044968795,0.719320416,,,,,,,,,,,,,,,,,,,,,
582,401334,91397,hiding,chest_hidden,-0.052802965,0.475791872,-0.298193634,0.020569975,0.692912757,-0.044961326,0.719324231,,,,,,,,,,,,,,,,,,,,,
583,401488,91551,hiding,chest_hidden,-0.052797511,0.475775838,-0.298245817,0.020566814,0.692910075,-0.044958383,0.719326973,,,,,,,,,,,,,,,,,,,,,
584,401640,91703,hiding,chest_hidden,-0.052766580,0.475768387,-0.298170209,0.020571135,0.692934811,-0.044958401,0.719303071,,,,,,,,,,,,,,,,,,,,,
585,401807,91870,hiding,chest_hidden,-0.052759547,0.475814402,-0.298183948,0.020557854,0.692923009,-0.044984508,0.719313204,,,,,,,,,,,,,,,,,,,,,
586,401959,92022,hiding,chest_hidden,-0.052839883,0.475838661,-0.298136652,0.020566896,0.692899644,-0.044962347,0.719336867,,,,,,,,,,,,,,,,,,,,,
587,402112,92175,hiding,chest_hidden,-0.052790925,0.475706041,-0.298196614,0.020559799,0.692908943,-0.044965625,0.719327867,,,,,,,,,,,,,,,,,,,,,
588,402279,92342,hiding,chest_hidden,-0.052849036,0.475782216,-0.298203796,0.020552563,0.692895651,-0.044973947,0.719340384,,,,,,,,,,,,,,,,,,,,,
589,402432,92495,hiding,chest_hidden,-0.052886996,0.475796103,-0.298226506,0.020566395,0.692907274,-0.044964217,0.719329417,,,,,,,,,,,,,,,,,,,,,
590,402585,92648,hiding,chest_hidden,-0.052764501,0.475721002,-0.298319280,0.020562312,0.692903936,-0.044982389,0.719331563,,,,,,,,,,,,,,,,,,,,,
591,402737,92800,hiding,chest_hidden,-0.052800268,0.475783050,-0.298371315,0.020562591,0.692916453,-0.044986442,0.719319284,,,,,,,,,,,,,,,,,,,,,
592,402892,92955,hiding,chest_hidden,-0.052836273,0.475688338,-0.298431456,0.020583054,0.692924678,-0.045005459,0.719309628,,,,,,,,,,,,,,,,,,,,,
593,403058,93121,hiding,chest_hidden,-0.052832011,0.475748420,-0.298519135,0.020564955,0.692914963,-0.044975337,0.719321311,,,,,,,,,,,,,,,,,,,,,
594,403209,93272,hiding,chest_hidden,-0.052860249,0.475811541,-0.298403710,0.020572748,0.692916751,-0.044969268,0.719319701,,,,,,,,,,,,,,,,,,,,,
595,403376,93439,hiding,chest_hidden,-0.052814137,0.475787044,-0.298278004,0.020588145,0.692932904,-0.044997185,0.719301999,,,,,,,,,,,,,,,,,,,,,
596,403529,93592,hiding,chest_hidden,-0.052786462,0.475824535,-0.298194051,0.020566367,0.692916811,-0.044973243,0.719319642,,,,,,,,,,,,,,,,,,,,,
597,403683,93746,hiding,chest_hidden,-0.052883506,0.475819767,-0.298187673,0.020569276,0.692911983,-0.044974379,0.719324172,,,,,,,,,,,,,,,,,,,,,
598,403847,93910,hiding,chest_hidden,-0.052932989,0.475819647,-0.298135072,0.020575052,0.692908287,-0.044965740,0.719328105,,,,,,,,,,,,,,,,,,,,,
599,404015,94078,hiding,chest_hidden,-0.052889206,0.475756526,-0.298163176,0.020542420,0.692930520,-0.045041692,0.719302833,,,,,,,,,,,,,,,,,,,,,
600,404168,94231,hiding,chest_hidden,-0.052896239,0.475712717,-0.298234254,0.020582799,0.692930043,-0.045008212,0.719304264,,,,,,,,,,,,,,,,,,,,,
601,404321,94384,hiding,chest_hidden,-0.052975900,0.475724459,-0.298250079,0.020558350,0.692909122,-0.044987123,0.719326437,,,,,,,,,,,,,,,,,,,,,
602,404473,94536,hiding,chest_hidden,-0.052933980,0.475718796,-0.298241824,0.020557057,0.692911148,-0.044982508,0.719324768,,,,,,,,,,,,,,,,,,,,,
603,404626,94689,hiding,chest_hidden,-0.052920818,0.475696385,-0.298315525,0.020557366,0.692929983,-0.044996519,0.719305754,,,,,,,,,,,,,,,,,,,,,
604,404779,94842,hiding,chest_hidden,-0.052835658,0.475707769,-0.298295289,0.020585923,0.692905366,-0.044981759,0.719329596,,,,,,,,,,,,,,,,,,,,,
605,404945,95008,hiding,chest_hidden,-0.052761301,0.475684285,-0.298386604,0.020580819,0.692900419,-0.044984713,0.719334304,,,,,,,,,,,,,,,,,,,,,
606,405100,95163,hiding,chest_hidden,-0.052825741,0.475858152,-0.298330486,0.020587699,0.692901552,-0.044974916,0.719333649,,,,,,,,,,,,,,,,,,,,,
607,405267,95330,hiding,chest_hidden,-0.052824013,0.475738049,-0.298287541,0.020601144,0.692894995,-0.044998486,0.719338119,,,,,,,,,,,,,,,,,,,,,
608,1657342,1347405,hiding,chest_hidden,-0.052877702,0.475727081,-0.298320681,0.020572335,0.692906141,-0.044972058,0.719329834,,,,,,,,,,,,,,,,,,,,,
609,1657484,1347547,hiding,chest_hidden,-0.052836690,0.475754321,-0.298310488,0.020586699,0.692920029,-0.044986576,0.719315171,,,,,,,,,,,,,,,,,,,,,
610,1657969,1348032,hiding,chest_hidden,0.026865961,1.144490600,-0.019016039,-0.196575388,-0.166326255,0.039005913,0.965490699,,,,,,,,,,,,,,,,,,,,,
611,1658089,1348152,hiding,chest_hidden,0.027401477,1.146088600,-0.018206684,-0.189033285,-0.174326494,0.037174720,0.965657711,,,,,,,,,,,,,,,,,,,,,
612,1658203,1348266,hiding,chest_hidden,0.027843023,1.148440599,-0.017055899,-0.181884885,-0.168037906,0.033057515,0.968291461,,,,,,,,,,,,,,,,,,,,,
613,1658316,1348379,hiding,chest_hidden,0.026284110,1.147503495,-0.017896879,-0.180515349,-0.161629379,0.031058980,0.969703794,,,,,,,,,,,,,,,,,,,,,
614,1658418,1348481,hiding,chest_hidden,0.026250852,1.149330139,-0.017081195,-0.171861455,-0.159981161,0.028155187,0.971636236,,,,,,,,,,,,,,,,,,,,,
615,1658547,1348610,hiding,chest_hidden,0.026808981,1.150863171,-0.016195683,-0.159604236,-0.165987357,0.024528591,0.972817063,,,,,,,,,,,,,,,,,,,,,
616,1658816,1348879,hiding,chest_hidden,0.026767872,1.152848482,-0.015222847,-0.150119632,-0.163255125,0.023750329,0.974806547,,,,,,,,,,,,,,,,,,,,,
617,1658928,1348991,hiding,chest_hidden,0.025909752,1.152143836,-0.015826657,-0.160859838,-0.157746419,0.024213891,0.973988652,,,,,,,,,,,,,,,,,,,,,
618,1660191,1350254,hiding,chest_hidden,0.025224730,1.151736975,-0.016204981,-0.160442337,-0.152715564,0.025846018,0.974817038,,,,,,,,,,,,,,,,,,,,,
619,1660324,1350387,hiding,chest_hidden,0.071819507,1.274648905,-0.055361588,-0.214358002,0.374694139,0.162544414,0.887262225,-0.278625429,-0.210706800,-0.817538381,0.760111690,0.371465981,-0.220113739,0.485585392,-0.198855415,-0.174169660,-0.929582655,0.739957333,0.347934067,-0.245082423,0.520902693,-0.101515897,-0.247736156,-0.775667310,0.795398593,0.359644294,-0.232926592,0.428651661
620,1660437,1350500,hiding,chest_hidden,0.072672918,1.272683024,-0.051029358,-0.214919999,0.384762764,0.170939878,0.881218791,-0.255197942,-0.195424482,-0.832304120,0.769349039,0.352817327,-0.208199337,0.490178555,-0.170569286,-0.160243720,-0.942397416,0.749662697,0.330624759,-0.238660261,0.521281600,-0.080270164,-0.237514079,-0.785260797,0.805554271,0.343316168,-0.221866027,0.428942740
621,1660552,1350615,hiding,chest_hidden,0.074451283,1.271293521,-0.042398609,-0.211887270,0.389504105,0.180271015,0.878004968,-0.247220084,-0.182026103,-0.843820035,0.773476660,0.343838334,-0.221227527,0.484321654,-0.157378227,-0.147545859,-0.949146569,0.756517291,0.309603870,-0.226762727,0.529533565,-0.072211683,-0.227784440,-0.791546345,0.811904609,0.332251132,-0.222562388,0.425307095
622,1660680,1350743,hiding,chest_hidden,0.082286797,1.272544861,-0.032650925,-0.200059399,0.396421283,0.178997576,0.877944350,-0.237706572,-0.189275503,-0.852574825,0.777537823,0.330486566,-0.213924646,0.490356892,-0.147131249,-0.158171207,-0.955831587,0.753283501,0.296987414,-0.228727043,0.540413201,-0.065389737,-0.239007890,-0.805546582,0.811185062,0.323645443,-0.220890805,0.434096456
623,1660781,1350844,hiding,chest_hidden,0.093007579,1.273566008,-0.021528441,-0.200176388,0.398675174,0.171054229,0.878480494,-0.228337631,-0.194964781,-0.866132259,0.773886979,0.330520004,-0.214003593,0.496042311,-0.139427662,-0.165387079,-0.976322174,0.751995504,0.310528696,-0.232619390,0.532881796,-0.055773690,-0.243724719,-0.820191681,0.808476865,0.324961215,-0.216196105,0.440482229
624,1660903,1350966,hiding,chest_hidden,0.101801977,1.273936152,-0.011390129,-0.197739229,0.396721065,0.168139949,0.880477428,-0.228801087,-0.196677074,-0.880431294,0.772617996,0.330691457,-0.210065573,0.499576896,-0.139180064,-0.165994272,-0.985114157,0.749275327,0.310624778,-0.231824175,0.536988199,-0.054883532,-0.242941037,-0.828767657,0.806951106,0.326145977,-0.218425378,0.441303760
625,1661015,1351078,hiding,chest_hidden,0.109413579,1.271895051,-0.003115678,-0.197915137,0.387452602,0.175177246,0.883189142,-0.243629530,-0.183040068,-0.881487191,0.769013822,0.332010239,-0.221150056,0.499479353,-0.157863528,-0.153833583,-0.997186065,0.748542786,0.313275367,-0.240677252,0.532556772,-0.070602074,-0.232415378,-0.842785239,0.805038929,0.330956936,-0.221791536,0.439531982
626,1661128,1351191,hiding,chest_hidden,0.114324279,1.271749139,-0.006335560,-0.202951044,0.373582602,0.192876115,0.884333491,-0.274595678,-0.160039932,-0.892476499,0.779443085,0.327713281,-0.228673205,0.482473940,-0.188467801,-0.128595576,-0.997811019,0.753659368,0.314940393,-0.246613979,0.521528244,-0.099310592,-0.212176278,-0.849297166,0.809881866,0.329779774,-0.228729203,0.427807957
627,1661253,1351316,hiding,chest_hidden,0.116387226,1.272104740,-0.020342745,-0.203595847,0.349001408,0.217298180,0.888554037,-0.334775209,-0.125098914,-0.855527401,0.777704120,0.343448251,-0.251744956,0.462432802,-0.259694099,-0.094344318,-0.983792722,0.758406579,0.320810646,-0.279138565,0.493945003,-0.164827019,-0.184574172,-0.838381350,0.812936664,0.330488771,-0.257387251,0.404552847
628,1661361,1351424,hiding,chest_hidden,0.118265212,1.269484997,-0.048542380,-0.196083456,0.325221747,0.240238205,0.893346369,-0.405335486,-0.106700882,-0.832248032,0.781881511,0.341437489,-0.283861160,0.437612385,-0.329152584,-0.075296566,-0.941795468,0.755681634,0.326915562,-0.306308270,0.477751791,-0.228088617,-0.168072343,-0.800362527,0.810945213,0.329876602,-0.292403013,0.384772420
629,1661471,1351534,hiding,chest_hidden,0.120726705,1.214004993,-0.090860672,-0.189003021,0.327422202,0.262056708,0.887918293,-0.452478468,-0.087300569,-0.789479017,0.789357901,0.330798030,-0.292361230,0.426628351,-0.362556756,-0.056855153,-0.869094789,0.754855573,0.314496607,-0.330925733,0.470927954,-0.279388815,-0.157186136,-0.766091883,0.817296743,0.317411870,-0.304797381,0.371987045
630,1661583,1351646,hiding,chest_hidden,0.122515045,1.207887650,-0.148709908,-0.187318772,0.373976052,0.266541064,0.868337214,-0.432351470,-0.084130213,-0.782310188,0.801936924,0.299608082,-0.269333541,0.441125393,-0.375597775,-0.062517330,-0.959093451,0.789139688,0.278983593,-0.288768679,0.464800358,-0.262423694,-0.159009278,-0.741629481,0.830061555,0.284881890,-0.287074000,0.383964390
631,1661685,1351748,hiding,chest_hidden,0.128459305,1.202330947,-0.209666401,-0.195018798,0.441637039,0.241748720,0.841713667,-0.370960772,-0.105024144,-0.800642073,0.810515463,0.266731828,-0.226239488,0.469823897,-0.270777822,-0.081783161,-0.885153711,0.788152814,0.241774336,-0.259327590,0.503099918,-0.206673548,-0.178523108,-0.735080421,0.841970086,0.254263371,-0.236517623,0.412911534
632,1661792,1351855,hiding,chest_hidden,0.134607583,1.201802015,-0.251288146,-0.213247672,0.493958443,0.214003533,0.815311551,-0.299743056,-0.123374984,-0.827035248,0.817844391,0.244226396,-0.166488975,0.493726104,-0.189513415,-0.098461598,-0.897643566,0.797455668,0.217880651,-0.203469768,0.524587989,-0.142696127,-0.192177951,-0.739473283,0.850325704,0.235889077,-0.177616745,0.435608596
633,1661906,1351969,hiding,chest_hidden,0.141854331,1.202408552,-0.292256296,-0.226067021,0.545211613,0.205699548,0.780593157,-0.238323599,-0.123250604,-0.847914338,0.826816738,0.215277895,-0.116078094,0.506513000,-0.121060342,-0.098764747,-0.908907592,0.809432566,0.186973974,-0.152484968,0.535357773,-0.092553429,-0.192151710,-0.743401945,0.860170543,0.210579664,-0.127776489,0.446582586
634,1662015,1352078,hiding,chest_hidden,0.147553653,1.202810526,-0.325676352,-0.228438869,0.567340374,0.213959888,0.761683524,-0.215492591,-0.106597900,-0.855867863,0.835955918,0.183516309,-0.088759445,0.509530425,-0.093800113,-0.085192800,-0.908354163,0.818893731,0.155952647,-0.124572672,0.538120389,-0.080509350,-0.181266204,-0.745864153,0.869318008,0.182063639,-0.099143118,0.448675483
635,1662126,1352189,hiding,chest_hidden,0.150000006,1.202567101,-0.348721743,-0.221285388,0.581145465,0.228500128,0.749059677,-0.222244084,-0.094240367,-0.856659770,0.840535223,0.159473151,-0.086450055,0.510485232,-0.098637648,-0.077197000,-0.904183924,0.823740602,0.134297103,-0.124348864,0.536612689,-0.092629991,-0.174811989,-0.743779361,0.874593973,0.159502000,-0.093631186,0.448193818
636,1662227,1352290,hiding,chest_hidden,0.152487502,1.204910040,-0.361326814,-0.216986895,0.583434880,0.229492158,0.748233795,-0.232437268,-0.096135631,-0.852408588,0.839068592,0.151715294,-0.087263756,0.515103281,-0.109926581,-0.081183687,-0.905616999,0.825623631,0.124639474,-0.128543034,0.535058320,-0.105090439,-0.177638724,-0.741560102,0.874591589,0.153007865,-0.098224290,0.449477583
637,1662335,1352398,hiding,chest_hidden,0.153053254,1.204373598,-0.366789311,-0.217802837,0.571797311,0.224515080,0.758421183,-0.256151319,-0.102614790,-0.849702656,0.836706638,0.165583804,-0.095257550,0.513254404,-0.134071678,-0.085729286,-0.900161207,0.821244001,0.137745708,-0.133105874,0.537463605,-0.124725103,-0.181593046,-0.737547576,0.870141864,0.163882717,-0.102851644,0.453229666
638,1662450,1352513,hiding,chest_hidden,0.152028278,1.202109933,-0.369418353,-0.227678791,0.562640607,0.225239262,0.762145162,-0.270114064,-0.096087903,-0.846485138,0.838617206,0.177275509,-0.096494801,0.505948007,-0.148790598,-0.076849580,-0.898686230,0.822468638,0.148273557,-0.135151729,0.532254040,-0.135290042,-0.173960507,-0.735304475,0.871472299,0.172637239,-0.105166875,0.446847111
639,1662548,1352611,hiding,chest_hidden,0.157376006,1.202067018,-0.367797464,-0.231533140,0.559294641,0.218951210,0.765272737,-0.274987161,-0.091464594,-0.848759592,0.839499414,0.184737638,-0.093864314,0.502296984,-0.154633492,-0.069780648,-0.902411222,0.822560310,0.157698467,-0.129828215,0.530726194,-0.138182878,-0.168285057,-0.740620673,0.871761680,0.183826029,-0.107681155,0.441185176
640,1662659,1352722,hiding,chest_hidden,0.165047094,1.202752233,-0.364643723,-0.233964905,0.561740398,0.213991612,0.764143825,-0.268298626,-0.093443334,-0.857779682,0.837158024,0.188631907,-0.090750799,0.505320370,-0.147155449,-0.070118651,-0.906174660,0.821757972,0.159235746,-0.127758563,0.532010913,-0.131007820,-0.168084651,-0.746900022,0.869667053,0.187033266,-0.100703098,0.445597023
641,1662768,1352831,hiding,chest_hidden,0.173196495,1.203435183,-0.360591531,-0.232724041,0.565307736,0.215972021,0.761329651,-0.261237681,-0.088037983,-0.868089616,0.838582933,0.185277432,-0.088647656,0.504571617,-0.139558643,-0.065106735,-0.915900826,0.822583377,0.156516343,-0.127112523,0.531696916,-0.124768361,-0.162933409,-0.753841579,0.870532334,0.183683187,-0.096754387,0.446175456
642,1662868,1352931,hiding,chest_hidden,0.179540485,1.204439878,-0.358095407,-0.228736460,0.569799006,0.221548334,0.757578433,,,,,,,,-0.132941812,-0.059916172,-0.923157096,0.823591173,0.147493824,-0.125935078,0.532994986,-0.121074177,-0.158093005,-0.761805534,0.872977078,0.174051285,-0.100571334,0.444412619
643,1662980,1353043,hiding,chest_hidden,0.184745386,1.205429673,-0.357021213,-0.224610329,0.571754277,0.222562209,0.757042468,-0.253809661,-0.080047786,-0.878581405,0.838491261,0.170833260,-0.090009160,0.509555340,-0.131895065,-0.060793895,-0.927026272,0.821509838,0.143115893,-0.127228737,0.537077546,-0.121411994,-0.158760488,-0.767341673,0.873079598,0.169614747,-0.102897324,0.445393115
644,1663089,1353152,hiding,chest_hidden,0.188916802,1.205688238,-0.357182682,-0.223997787,0.574289382,0.223220199,0.755108893,-0.250505686,-0.077183470,-0.880567849,0.837300360,0.166244447,-0.089278907,0.513147354,-0.129006878,-0.058965739,-0.934897184,0.822366297,0.138370305,-0.124859907,0.537566304,-0.120937251,-0.158357605,-0.779534996,0.877586842,0.163028404,-0.097101159,0.440266281
645,1663202,1353265,hiding,chest_hidden,0.192315459,1.205937862,-0.358231157,-0.223119572,0.575286686,0.222121730,0.754933715,-0.250680983,-0.077092245,-0.884898424,0.837615311,0.166620448,-0.087496556,0.512818277,-0.128729418,-0.058875781,-0.936098516,0.822198868,0.137439400,-0.124532022,0.538136899,-0.119551510,-0.155908063,-0.772750080,0.871984780,0.167013481,-0.095283322,0.450189024
646,1663314,1353377,hiding,chest_hidden,0.195082679,1.206116438,-0.359302670,-0.222073466,0.575722039,0.221602708,0.755062759,-0.252672255,-0.077602357,-0.886700690,0.837622523,0.166643500,-0.088916361,0.512554705,-0.130960420,-0.059442949,-0.939606130,0.822834194,0.138657823,-0.125808045,0.536554039,-0.121505648,-0.156390429,-0.774578512,0.871356010,0.165623397,-0.100226074,0.450846255
647,1663411,1353474,hiding,chest_hidden,0.197602287,1.204431653,-0.360059202,-0.218436971,0.573653579,0.232699469,0.754359245,,,,,,,,-0.140345573,-0.049352657,-0.939729333,0.824047089,0.134249434,-0.130940929,0.534582019,-0.131099373,-0.147085950,-0.775174260,0.873460889,0.160828963,-0.107117467,0.446907133
648,1663530,1353593,hiding,chest_hidden,0.197831482,1.203651786,-0.361284226,-0.209942147,0.569207013,0.237374470,0.758670568,-0.278062999,-0.062766418,-0.882779121,0.839193285,0.157785654,-0.108683430,0.508965969,-0.156494915,-0.048664819,-0.936314642,0.823596537,0.131396055,-0.143968433,0.532632053,-0.149951279,-0.149218768,-0.786297381,0.881074786,0.149473950,-0.111774698,0.434593081
649,1663640,1353703,hiding,chest_hidden,0.198342681,1.203962922,-0.362516552,-0.204943612,0.573199332,0.238299459,0.756739080,-0.280068696,-0.064661339,-0.880797982,0.838613927,0.151959419,-0.109572433,0.511496842,-0.158102408,-0.052165698,-0.932473779,0.821703911,0.126263753,-0.149300486,0.535321772,-0.151618659,-0.151283413,-0.781257391,0.878538728,0.147243634,-0.119860291,0.438317835
650,1663737,1353800,hiding,chest_hidden,0.196938694,1.205276728,-0.362916112,-0.209919229,0.573700368,0.237558335,0.755227029,-0.274391651,-0.065552950,-0.887611687,0.841374695,0.155607268,-0.107212551,0.506340325,-0.151675522,-0.052203726,-0.937376142,0.824083567,0.125478953,-0.144395635,0.533189774,-0.143716946,-0.149529323,-0.774567127,0.874108791,0.151230112,-0.116855778,0.446551234
651,1663849,1353912,hiding,chest_hidden,0.196832508,1.205961823,-0.363089025,-0.209055930,0.568754792,0.240420535,0.758295178,-0.281596243,-0.061256330,-0.883194089,0.841086507,0.156986266,-0.110215604,0.505748272,,,,,,,,-0.153213173,-0.148199275,-0.783319950,0.881802857,0.147931322,-0.114611089,0.432902247
652,1663960,1354023,hiding,chest_hidden,0.198275775,1.207256079,-0.360995293,-0.212259382,0.567527413,0.234178096,0.760275722,-0.281387091,-0.069161236,-0.884502351,0.839069843,0.161828756,-0.106779657,0.508302391,-0.160305232,-0.054153930,-0.939189255,0.821803212,0.133579195,-0.143024921,0.535107493,-0.150510490,-0.152957350,-0.781620920,0.877028286,0.156986192,-0.112881184,0.439812034
653,1664073,1354136,hiding,chest_hidden,0.198630095,1.207473278,-0.360286474,-0.215263680,0.567309678,0.228712872,0.761256635,-0.276798695,-0.073629096,-0.881108224,0.836542308,0.166870907,-0.100926436,0.512020409,-0.156072140,-0.057724025,-0.936386228,0.820653200,0.137541607,-0.140070125,0.536647975,-0.144488037,-0.154554442,-0.774866819,0.871175587,0.164651945,-0.114442006,0.448158294
654,1664183,1354246,hiding,chest_hidden,0.199651495,1.208082795,-0.358818114,-0.220562413,0.562003970,0.221988663,0.765653193,-0.280535042,-0.079738706,-0.883228898,0.835581243,0.174999744,-0.098329611,0.511380672,-0.159496680,-0.060829777,-0.934591115,0.817914724,0.149033368,-0.137562633,0.538406074,-0.147975653,-0.159973279,-0.787083328,0.874365926,0.173241064,-0.103855290,0.441232264
655,1664282,1354345,hiding,chest_hidden,0.198810354,1.206753850,-0.357707590,-0.227387220,0.558239043,0.214211076,0.768620789,-0.281092077,-0.083474413,-0.880817175,0.832617104,0.186885312,-0.096677721,0.512324035,-0.161640286,-0.062320631,-0.936965823,0.817182362,0.158785000,-0.132377401,0.538030148,-0.144267082,-0.158558935,-0.774187922,0.868300855,0.184387967,-0.109764047,0.447220892
656,1664392,1354455,hiding,chest_hidden,0.197092921,1.206603885,-0.354578376,-0.230883881,0.540274382,0.214630872,0.780211389,-0.308919907,-0.080335841,-0.876759529,0.834493816,0.205230802,-0.106620237,0.500132501,-0.190899566,-0.056342851,-0.936443925,0.817516387,0.176572680,-0.140624896,0.529824138,-0.167238101,-0.155362159,-0.777762830,0.871845424,0.198257104,-0.116762713,0.432372659
657,1664489,1354552,hiding,chest_hidden,0.193570495,1.207722902,-0.347984403,-0.234371766,0.505935907,0.210554630,0.802972913,-0.360721171,-0.091800034,-0.857408166,0.827977419,0.235295579,-0.126995206,0.492911369,-0.246412680,-0.063546389,-0.921748519,0.809552133,0.208071709,-0.163297042,0.524085581,-0.210896611,-0.163486019,-0.772038460,0.867830455,0.225444138,-0.141259834,0.419631898
658,1664591,1354654,hiding,chest_hidden,0.191769496,1.206717968,-0.335501760,-0.240153581,0.457622975,0.198867097,0.832682014,-0.424310029,-0.109978855,-0.825689495,0.815951109,0.281583488,-0.148769796,0.482495695,-0.317702055,-0.074807972,-0.898297369,0.796252012,0.254501611,-0.185577691,0.516500354,-0.260763675,-0.171457157,-0.748849213,0.850764632,0.272895455,-0.165353715,0.417595267
659,1664701,1354764,hiding,chest_hidden,0.187382042,1.203195691,-0.313154131,-0.248529255,0.402872264,0.187513545,0.860677540,,,,,,,,-0.392879844,-0.084691226,-0.862872601,0.776666701,0.313515842,-0.210087374,0.504341066,-0.313293278,-0.178339913,-0.723898768,0.833187282,0.325095922,-0.197699532,0.401280999
660,1664798,1354861,hiding,chest_hidden,0.179682821,1.195362091,-0.268996626,-0.260275185,0.332977593,0.167656839,0.890659273,,,,,,,,-0.458527565,-0.088725224,-0.822526217,0.751567066,0.384417325,-0.234025106,0.482288867,-0.348277867,-0.173828751,-0.689570546,0.800006807,0.395901144,-0.229775220,0.387884974
661,1664896,1354959,hiding,chest_hidden,0.164707288,1.189540625,-0.217477664,-0.279477268,0.251755208,0.150917858,0.914185762,,,,,,,,,,,,,,,-0.379776418,-0.169991791,-0.674000204,0.776100039,0.451728523,-0.250941396,0.361439437
662,1665006,1355069,hiding,chest_hidden,0.150824204,1.191099524,-0.173083067,-0.284460187,0.210438192,0.150432467,0.923129618,,,,,,,,,,,,,,,-0.398884714,-0.157395288,-0.675671399,0.758674860,0.486169755,-0.273548365,0.336485893
663,1665107,1355170,hiding,chest_hidden,0.152673081,1.198936701,-0.142307922,-0.296980202,0.155327082,0.150090545,0.930133939,,,,,,,,,,,,,,,,,,,,,
664,1665202,1355265,hiding,chest_hidden,0.175111949,1.206300497,-0.120091073,-0.292913526,0.061915204,0.131734654,0.944994271,,,,,,,,,,,,,,,,,,,,,
665,1665301,1355364,hiding,chest_hidden,0.208240286,1.212407112,-0.103086203,-0.292493850,-0.043233044,0.111053817,0.948812604,,,,,,,,,,,,,,,,,,,,,
666,1665397,1355460,hiding,chest_hidden,0.243232161,1.213983655,-0.089718677,-0.297856241,-0.156587675,0.081802301,0.938120663,,,,,,,,,,,,,,,,,,,,,
667,1665503,1355566,hiding,chest_hidden,0.273898691,1.211918831,-0.083164372,-0.299926817,-0.246237874,0.062851802,0.919489264,,,,,,,,,,,,,,,,,,,,,
668,1665616,1355679,hiding,chest_hidden,0.300981313,1.208247423,-0.077488400,-0.294639230,-0.313283503,0.050810657,0.901365340,,,,,,,,,,,,,,,,,,,,,
669,1665742,1355805,hiding,chest_hidden,0.329374433,1.208363414,-0.067380980,-0.297670484,-0.380189240,0.036250062,0.874948204,,,,,,,,,,,,,,,,,,,,,
670,1665867,1355930,hiding,chest_hidden,0.339945585,1.209210038,-0.053760566,-0.280027062,-0.441211373,0.024787793,0.852234125,,,,,,,,,,,,,,,,,,,,,
671,1666005,1356068,hiding,chest_hidden,0.335661292,1.208529472,-0.044408336,-0.278889000,-0.490206212,0.027789418,0.825316012,,,,,,,,,,,,,,,,,,,,,
672,1666160,1356223,hiding,chest_hidden,0.332969040,1.215448737,-0.036571816,-0.273262858,-0.496212363,0.048582118,0.822642386,,,,,,,,,,,,,,,,,,,,,
673,1666299,1356362,hiding,chest_hidden,0.342060447,1.213164330,-0.024850806,-0.270709813,-0.493576795,0.019848194,0.826259196,,,,,,,,,,,,,,,,,,,,,
674,1666453,1356516,hiding,chest_hidden,0.355503678,1.209469557,-0.010204105,-0.272184044,-0.490933031,0.000898729,0.827586710,,,,,,,,,,,,,,,,,,,,,
675,1666620,1356683,hiding,chest_hidden,0.364717454,1.207418084,0.009827662,-0.276383877,-0.485752523,-0.016443213,0.829087496,,,,,,,,,,,,,,,,,,,,,
676,1666759,1356822,hiding,chest_hidden,0.376352310,1.212901235,0.043614544,-0.257001221,-0.468482018,-0.016474640,0.845105648,,,,,,,,,,,,,,,,,,,,,
677,1666912,1356975,hiding,chest_hidden,0.392812610,1.216366768,0.093576945,-0.263143420,-0.448531806,-0.028777223,0.853666604,,,,,,,,,,,,,,,,,,,,,
678,1667051,1357114,hiding,chest_hidden,0.420589358,1.219030499,0.177269787,-0.254092962,-0.429729968,-0.028755024,0.865991950,,,,,,,,,,,,,,,,,,,,,
679,1667203,1357266,hiding,chest_hidden,0.454370618,1.222259879,0.253581911,-0.263725042,-0.404452026,-0.031535555,0.875141799,,,,,,,,,,,,,,,,,,,,,
680,1667329,1357392,hiding,chest_hidden,0.485264957,1.232190609,0.322232872,-0.267466187,-0.390424132,-0.044953596,0.879778445,,,,,,,,,,,,,,,,,,,,,
681,1667466,1357529,hiding,chest_hidden,0.506628811,1.229631543,0.353503853,-0.272696555,-0.379879951,-0.052967243,0.882339120,,,,,,,,,,,,,,,,,,,,,
682,1667580,1357643,hiding,chest_hidden,0.528641164,1.222161412,0.365549862,-0.296667814,-0.408860773,-0.047066078,0.861745834,,,,,,,,,,,,,,,,,,,,,
683,1667719,1357782,hiding,chest_hidden,0.546976268,1.215786219,0.365023524,-0.311947942,-0.432380527,-0.035506718,0.845266163,,,,,,,,,,,,,,,,,,,,,
684,1667850,1357913,hiding,chest_hidden,0.580928802,1.205257535,0.361991137,-0.322239339,-0.434289694,-0.038444988,0.840283453,,,,,,,,,,,,,,,,,,,,,
685,1667986,1358049,hiding,chest_hidden,0.628655791,1.190444827,0.354172021,-0.336478114,-0.451393545,-0.030955013,0.825874209,,,,,,,,,,,,,,,,,,,,,
686,1668112,1358175,hiding,chest_hidden,0.709314764,1.184727430,0.321679145,-0.349236906,-0.455442846,-0.016642742,0.818735838,,,,,,,,,,,,,,,,,,,,,
687,1668255,1358318,hiding,chest_hidden,0.786176324,1.185393929,0.283863306,-0.367903411,-0.437891245,0.000423636,0.820303738,,,,,,,,,,,,,,,,,,,,,
688,1668377,1358440,hiding,chest_hidden,0.858451605,1.185569048,0.253205746,-0.390867651,-0.425952882,-0.009313066,0.815904319,,,,,,,,,,,,,,,,,,,,,
689,1668520,1358583,hiding,chest_hidden,0.912058949,1.185471177,0.231063277,-0.409245253,-0.424273342,-0.009856888,0.807721078,,,,,,,,,,,,,,,,,,,,,
690,1668645,1358708,hiding,chest_hidden,0.963565111,1.179313064,0.209080756,-0.430366009,-0.399604440,-0.009074366,0.809332490,,,,,,,,,,,,,,,,,,,,,
691,1668770,1358833,hiding,chest_hidden,1.008407831,1.174931645,0.191160813,-0.430462301,-0.379763097,0.005162663,0.818813503,,,,,,,,,,,,,,,,,,,,,
692,1668891,1358954,hiding,chest_hidden,1.057274699,1.172101021,0.173670307,-0.427479148,-0.343758374,0.022186654,0.835822642,,,,,,,,,,,,,,,,,,,,,
693,1669007,1359070,hiding,chest_hidden,1.116396904,1.170745730,0.153659627,-0.420525342,-0.295859635,0.035453584,0.856953084,,,,,,,,,,,,,,,,,,,,,
694,1669130,1359193,hiding,chest_hidden,1.182919145,1.169312596,0.130570844,-0.410401046,-0.248245120,0.050585311,0.876006007,,,,,,,,,,,,,,,,,,,,,
695,1669271,1359334,hiding,chest_hidden,1.265260816,1.175200820,0.103594460,-0.412276924,-0.212981910,0.052490264,0.884257436,,,,,,,,,,,,,,,,,,,,,
696,1679534,1369597,hiding,chest_hidden,1.405191779,1.183944106,0.042348314,-0.394105524,-0.186346263,0.055117253,0.898286164,,,,,,,,,,,,,,,,,,,,,
697,1679664,1369727,hiding,chest_hidden,1.091011286,1.217332125,0.143627137,-0.115991354,0.561816275,0.272327840,0.772493422,,,,,,,,,,,,,,,,,,,,,
698,1679793,1369856,hiding,chest_hidden,1.054850578,1.220806003,0.162138894,-0.107075043,0.567302704,0.272382140,0.769747078,,,,,,,,,,,,,,,,,,,,,
699,1679919,1369982,hiding,chest_hidden,1.007538438,1.218544245,0.178434506,-0.098464549,0.564413488,0.288852632,0.767011344,,,,,,,,,,,,,,,,,,,,,
700,1680031,1370094,hiding,chest_hidden,0.978643715,1.209282279,0.184579775,-0.111203797,0.567257404,0.305294156,0.756735265,,,,,,,,,,,,,,,,,,,,,
701,1680157,1370220,hiding,chest_hidden,0.961926341,1.205751181,0.189517602,-0.113757946,0.571546316,0.301321387,0.754718065,,,,,,,,,,,,,,,,,,,,,
702,1680272,1370335,hiding,chest_hidden,0.957487404,1.199912667,0.194075823,-0.118200235,0.563079774,0.324763179,0.750665545,,,,,,,,,,,,,,,,,,,,,
703,1680393,1370456,hiding,chest_hidden,0.964809358,1.194744945,0.187810957,-0.120917544,0.541644633,0.341619611,0.758482754,,,,,,,,,,,,,,,,,,,,,
704,1680509,1370572,hiding,chest_hidden,0.977899909,1.197063208,0.171398193,-0.116197459,0.529335737,0.344353080,0.766630828,,,,,,,,,,,,,,,,,,,,,
705,1680634,1370697,hiding,chest_hidden,0.986298144,1.204180002,0.145613074,-0.103884958,0.534426868,0.322790921,0.774210513,,,,,,,,,,,,,,,,,,,,,
706,1680759,1370822,hiding,chest_hidden,0.993163764,1.207910776,0.102231070,-0.098722234,0.551639557,0.293347031,0.774529040,,,,,,,,,,,,,,,-0.039316878,0.196053818,-1.689721107,0.855510354,0.087902404,-0.223737538,0.458603054
707,1680882,1370945,hiding,chest_hidden,1.002586842,1.205139637,0.032214332,-0.095709220,0.558301151,0.272068053,0.777893662,,,,,,,,,,,,,,,-0.088293605,0.160807237,-1.675910950,0.847579062,0.099776268,-0.195357844,0.483207792
708,1680992,1371055,hiding,chest_hidden,1.013700128,1.197271585,-0.065772653,-0.092506543,0.573087275,0.267981589,0.768894911,,,,,,,,,,,,,,,-0.144511998,0.167424992,-1.651636004,0.844304144,0.099153228,-0.194433123,0.489402652
709,1681118,1371181,hiding,chest_hidden,1.019652843,1.202593565,-0.160434961,-0.096507929,0.582906246,0.271600902,0.759696960,,,,,,,,,,,,,,,,,,,,,
710,1681246,1371309,hiding,chest_hidden,1.019351840,1.212548256,-0.242264032,-0.112397097,0.590292811,0.263829470,0.754529893,,,,,,,,,,,,,,,-0.236145496,0.198341057,-1.552493453,0.850792944,0.082634956,-0.160342336,0.493571907
711,1681368,1371431,hiding,chest_hidden,1.008931875,1.215933919,-0.298312128,-0.117165133,0.610492885,0.256221086,0.740217209,,,,,,,,,,,,,,,,,,,,,
712,1681482,1371545,hiding,chest_hidden,0.987448156,1.210514307,-0.342414528,-0.120250657,0.618585706,0.258282214,0.732244432,,,,,,,,,,,,,,,-0.223925486,0.194366828,-1.544874310,0.859525859,0.069649868,-0.125307068,0.490573496
713,1681596,1371659,hiding,chest_hidden,0.956677735,1.200711846,-0.378791332,-0.112534545,0.621764958,0.263883144,0.728772938,,,,,,,,,,,,,,,,,,,,,
714,1681704,1371767,hiding,chest_hidden,0.908393741,1.192515969,-0.415623188,-0.105943099,0.629163742,0.258306354,0.725401163,,,,,,,,,,,,,,,-0.249753907,0.144546419,-1.401963949,0.850291729,0.044118989,-0.138488948,0.505844295
715,1681802,1371865,hiding,chest_hidden,0.839895427,1.202592134,-0.449905127,-0.090384841,0.645590663,0.255731970,0.713893890,,,,,,,,,,,,,,,,,,,,,
716,1681916,1371979,hiding,chest_hidden,0.783715844,1.211518645,-0.478155047,-0.089775562,0.660555482,0.241545185,0.705168664,,,,,,,,,,,,,,,-0.217829391,0.006709252,-1.303212523,0.841540635,0.023736665,-0.113318585,0.527640820
717,1682017,1372080,hiding,chest_hidden,0.725608170,1.219438076,-0.505156338,-0.094234228,0.677388012,0.234882101,0.690721273,,,,,,,,,,,,,,,-0.187000945,-0.034766447,-1.258073211,0.839161158,0.015113710,-0.093022138,0.535655677
718,1682128,1372191,hiding,chest_hidden,0.668598592,1.224141598,-0.520849288,-0.094766654,0.702603936,0.230523422,0.666502774,,,,,,,,,,,,,,,-0.135419682,-0.070377797,-1.240927339,0.846306622,0.003998931,-0.081630968,0.526389182
719,1682226,1372289,hiding,chest_hidden,0.613596201,1.222290516,-0.531648397,-0.088130131,0.727130949,0.236695752,0.638348579,,,,,,,,,,,,,,,-0.078496113,-0.093937412,-1.199988842,0.848003745,-0.026868122,-0.062044661,0.525659740
720,1682337,1372400,hiding,chest_hidden,0.565646410,1.219245195,-0.543263316,-0.076770909,0.744198203,0.246043652,0.616228700,,,,,,,,,,,,,,,-0.039033543,-0.113418192,-1.115904212,0.844368577,-0.073643111,-0.044869628,0.528776884
721,1682451,1372514,hiding,chest_hidden,0.505109131,1.220032215,-0.559911370,-0.063550808,0.761069119,0.248072341,0.595982611,,,,,,,,,,,,,,,-0.025191054,-0.149648711,-1.065504193,0.841798007,-0.106242828,-0.030436505,0.528357983
722,1682560,1372623,hiding,chest_hidden,0.440394580,1.226062298,-0.575144470,-0.063963413,0.771115005,0.254304111,0.580189407,-0.066812113,-0.081531420,-1.178109884,0.792047620,-0.130535960,-0.039641403,0.595020592,,,,,,,,-0.026570866,-0.170697048,-1.018305540,0.841490567,-0.124791622,-0.019997744,0.525281608
723,1682674,1372737,hiding,chest_hidden,0.381745189,1.224915862,-0.579044819,-0.062535614,0.778490365,0.263891816,0.566041708,-0.058367372,-0.095740587,-1.134838462,0.793824553,-0.141100690,-0.032173794,0.590675950,,,,,,,,-0.023228725,-0.184659287,-0.970137060,0.841434300,-0.135064498,-0.012524787,0.523057461
724,1682774,1372837,hiding,chest_hidden,0.328181922,1.227682233,-0.574649274,-0.060139276,0.781690717,0.274974138,0.556535840,-0.056391392,-0.099824324,-1.077730656,0.804300189,-0.156079844,-0.027117012,0.572717309,,,,,,,,-0.028055768,-0.193684012,-0.912919343,0.845303297,-0.154123545,-0.018843208,0.511227250
725,1682886,1372949,hiding,chest_hidden,0.285208911,1.226584792,-0.562488437,-0.057766166,0.788679719,0.274573684,0.547043562,-0.040216856,-0.123302683,-1.036298752,0.802371562,-0.165339604,-0.019440338,0.573135912,,,,,,,,-0.015642295,-0.216425762,-0.872826874,0.844597876,-0.161741689,-0.008895019,0.510308802
726,1682996,1373059,hiding,chest_hidden,0.239047408,1.219791889,-0.542341828,-0.070145577,0.786227703,0.278968453,0.546902299,-0.034018055,-0.124167874,-0.993130624,0.808910668,-0.159249648,-0.017173227,0.565692604,0.089723520,-0.165512830,-0.967478812,0.791908264,-0.193350315,-0.063496195,0.575730145,-0.009175733,-0.219268367,-0.828663647,0.849505186,-0.158990875,-0.005633369,0.503022075
727,1683108,1373171,hiding,chest_hidden,0.190986872,1.213457346,-0.513631046,-0.077014476,0.769558609,0.279495895,0.568973124,-0.066131517,-0.135756716,-0.939599156,0.814811647,-0.135867700,-0.029425425,0.562810838,0.059593007,-0.174208865,-0.922563434,0.797236085,-0.166523948,-0.075463042,0.575317144,-0.031249860,-0.231243923,-0.776556134,0.852717817,-0.132387429,-0.016941966,0.505033553
728,1683206,1373269,hiding,chest_hidden,0.138507709,1.214737058,-0.479473650,-0.088023663,0.747773230,0.282181084,0.594525754,-0.096951321,-0.151198879,-0.884927750,0.821692586,-0.106222600,-0.044108205,0.558204710,0.030697778,-0.186930731,-0.882098854,0.806486011,-0.135935515,-0.093094349,0.567833960,-0.049779199,-0.248485789,-0.727635205,0.860170186,-0.104245923,-0.042107388,0.497460514
729,1683302,1373365,hiding,chest_hidden,0.101709776,1.211011052,-0.455973804,-0.111084096,0.730615556,0.291927725,0.607156873,-0.103897668,-0.136095122,-0.854139805,0.835417032,-0.083060518,-0.049691819,0.541026831,0.024824347,-0.167362079,-0.856375158,0.819805562,-0.112930819,-0.096309140,0.553073287,-0.049213566,-0.236865655,-0.699245334,0.869173348,-0.081889614,-0.046185747,0.485488117
730,1683412,1373475,hiding,chest_hidden,0.074234344,1.207191110,-0.442328900,-0.133220255,0.713596404,0.301727861,0.618055761,-0.113667019,-0.115074515,-0.829927325,0.849014282,-0.064877942,-0.054785404,0.521501899,0.015873417,-0.142638668,-0.837375283,0.832490146,-0.090517513,-0.103558064,0.536695838,-0.052180249,-0.221752048,-0.684551060,0.882028401,-0.061679699,-0.053701211,0.464044929
731,1683508,1373571,hiding,chest_hidden,0.054491006,1.201534986,-0.433228105,-0.149476573,0.704277158,0.309927821,0.620963097,-0.111728579,-0.097434565,-0.811163306,0.857371569,-0.050795775,-0.056371603,0.509073794,0.017867651,-0.121745870,-0.817699552,0.840402424,-0.079659857,-0.102515899,0.526183069,-0.047129873,-0.207555428,-0.671132207,0.889379203,-0.049650084,-0.056296952,0.450965852
732,1683620,1373683,hiding,chest_hidden,0.045853879,1.196435571,-0.431064487,-0.158333555,0.702983499,0.317569077,0.616355956,-0.104087003,-0.080721006,-0.806513250,0.865101874,-0.051013205,-0.054616317,0.495997488,0.025703866,-0.104760498,-0.814275444,0.849160433,-0.079454459,-0.098308034,0.512785733,-0.040306408,-0.194138482,-0.668048859,0.896850526,-0.050240647,-0.051948898,0.436390102
733,1683719,1373782,hiding,chest_hidden,0.041643370,1.192417502,-0.433733374,-0.169311538,0.705916643,0.320719957,0.608402848,-0.090458244,-0.065423831,-0.801889479,0.869330227,-0.053347692,-0.045104619,0.489269465,0.039432652,-0.088880271,-0.807644188,0.854891300,-0.081815556,-0.090488583,0.504260778,-0.029104864,-0.180939034,-0.664070845,0.899159789,-0.052077629,-0.041486707,0.432525694
734,1683830,1373893,hiding,chest_hidden,0.041273221,1.191534400,-0.439768255,-0.169771954,0.706560671,0.322587520,0.606536746,-0.091938928,-0.060514417,-0.801698029,0.870452464,-0.056002587,-0.042717192,0.487187296,0.037929207,-0.084479287,-0.809556544,0.857546151,-0.082262591,-0.090071470,0.499734521,-0.031513799,-0.177330777,-0.666677117,0.902277768,-0.053943381,-0.038350429,0.426044852
735,1683927,1373990,hiding,chest_hidden,0.046265833,1.191876411,-0.448565960,-0.169635013,0.702937305,0.324769616,0.609612882,-0.109105229,-0.051936645,-0.806503296,0.871064961,-0.053722776,-0.046844054,0.485968411,0.020866130,-0.075648576,-0.814819276,0.856641054,-0.079206347,-0.093905516,0.501073062,-0.047067225,-0.169041753,-0.670545518,0.901914656,-0.051720630,-0.044917069,0.426447421
736,1684039,1374102,hiding,chest_hidden,0.052639995,1.191875935,-0.456623346,-0.166933313,0.699640930,0.325832874,0.613570511,-0.124803178,-0.045777407,-0.810398281,0.871993423,-0.051049806,-0.050953072,0.484174788,0.005299997,-0.069718525,-0.817928195,0.855457485,-0.079020545,-0.098758213,0.502190292,-0.061083030,-0.163510859,-0.676331580,0.903332531,-0.049106497,-0.049128119,0.423279226
737,1684136,1374199,hiding,chest_hidden,0.060482658,1.190549731,-0.466478854,-0.171089649,0.696237803,0.326951534,0.615697920,-0.136712268,-0.032394435,-0.815046310,0.873458385,-0.047502037,-0.052520782,0.481721520,-0.006839331,-0.055254009,-0.824134469,0.857623696,-0.073364004,-0.100540370,0.498989940,-0.071192339,-0.150404915,-0.681013823,0.902670026,-0.044143394,-0.051629439,0.424938321
738,1684245,1374308,hiding,chest_hidden,0.066854231,1.189415574,-0.474137276,-0.176009819,0.695189953,0.325300723,0.616369188,-0.141949371,-0.023404103,-0.821025431,0.874811649,-0.042131387,-0.049523968,0.480080158,-0.011253277,-0.045079496,-0.830960155,0.859469473,-0.069347553,-0.098129101,0.496863931,-0.075321764,-0.141475499,-0.686167240,0.904526293,-0.040869206,-0.048223298,0.421706557
739,1684345,1374408,hiding,chest_hidden,0.072669595,1.187212586,-0.482065797,-0.181179911,0.691741586,0.328777224,0.616905987,-0.150569901,-0.006457578,-0.823194385,0.876884699,-0.037815850,-0.050523881,0.476540238,-0.019910591,-0.027614947,-0.830834270,0.861174464,-0.066797160,-0.100123204,0.493854254,-0.082902119,-0.125903174,-0.690220237,0.906641245,-0.036150910,-0.049101681,0.417473167
740,1684442,1374505,hiding,chest_hidden,0.075834684,1.185288668,-0.486602962,-0.185355693,0.687930524,0.334058136,0.617089987,-0.157211393,0.007751558,-0.823934197,0.879920006,-0.038329426,-0.052612189,0.470641732,-0.026679475,-0.013011675,-0.836010158,0.865641415,-0.063087344,-0.100133099,0.486475408,-0.088859141,-0.113462433,-0.693815231,0.910281479,-0.035185512,-0.051540062,0.409259379
741,1684540,1374603,hiding,chest_hidden,0.078529075,1.183475852,-0.490909576,-0.188925311,0.682099044,0.339642853,0.619427860,-0.170012444,0.025583733,-0.822672248,0.884127200,-0.033859137,-0.056760862,0.462548196,-0.039473694,0.005055252,-0.833985269,0.867991209,-0.059057370,-0.104775891,0.481794029,-0.100403555,-0.097945467,-0.697231710,0.914831460,-0.032500558,-0.055517714,0.398679018
742,1684648,1374711,hiding,chest_hidden,0.080641314,1.182145834,-0.495320857,-0.190493852,0.676443100,0.344461888,0.622481227,-0.182737216,0.038028110,-0.819958150,0.886232972,-0.031590573,-0.061848208,0.458004355,-0.052865349,0.017938320,-0.835367560,0.871283412,-0.055803820,-0.110047676,0.475016534,-0.111680292,-0.087057903,-0.697255075,0.915154338,-0.029916108,-0.063026190,0.397020459
743,1684746,1374809,hiding,chest_hidden,0.083040528,1.181426525,-0.500117838,-0.193238422,0.673191667,0.345575482,0.624539435,-0.192002118,0.045947511,-0.821032166,0.888160348,-0.027415661,-0.065075427,0.454075724,-0.061744787,0.026180912,-0.833279908,0.871598542,-0.053222783,-0.113082394,0.474020809,-0.119194783,-0.079719536,-0.697304606,0.916238725,-0.026938584,-0.064241543,0.394530028
744,1684843,1374906,hiding,chest_hidden,0.085119747,1.181055784,-0.503685534,-0.194946706,0.671994865,0.345792532,0.625176966,-0.196095809,0.049900282,-0.820747256,0.888711572,-0.024445215,-0.062047310,0.453590482,-0.066294417,0.031016264,-0.839432299,0.873599172,-0.053433329,-0.110357627,0.470946431,-0.122758217,-0.075804308,-0.698009014,0.917506993,-0.024413619,-0.065173179,0.391583145
745,1684940,1375003,hiding,chest_hidden,0.086768776,1.179959536,-0.506501138,-0.199132591,0.671843886,0.345784485,0.624023318,-0.195484370,0.056103770,-0.820662737,0.889388740,-0.023000004,-0.061834887,0.452366173,-0.065388322,0.037810121,-0.835943341,0.874719024,-0.049325094,-0.109935433,0.469412297,-0.122447982,-0.070131749,-0.702121317,0.919800758,-0.024191124,-0.063849293,0.386399567
746,1685037,1375100,hiding,chest_hidden,0.087805636,1.177786589,-0.508948982,-0.205430686,0.670717955,0.347701311,0.622125030,-0.194048658,0.067604512,-0.821581483,0.893068552,-0.021749750,-0.057369661,0.445717663,-0.063723788,0.050186429,-0.836776495,0.878608465,-0.046138357,-0.106272042,0.463276088,,,,,,,
747,1685135,1375198,hiding,chest_hidden,0.088136598,1.175300717,-0.511357605,-0.213153541,0.667062283,0.350472659,0.621902287,-0.196796447,0.081108421,-0.818267226,0.896208405,-0.018445006,-0.056448039,0.439640701,-0.065911993,0.064305931,-0.829540670,0.880438089,-0.041985951,-0.105107270,0.460454613,,,,,,,
748,1685233,1375296,hiding,chest_hidden,0.087921731,1.173207283,-0.513989866,-0.219235376,0.661863029,0.352880567,0.623978019,-0.203857616,0.090569854,-0.815459788,0.899311304,-0.013951598,-0.056140043,0.433466077,-0.072735742,0.074891314,-0.827532411,0.883257508,-0.038569555,-0.107334115,0.454805464,,,,,,,
749,1685329,1375392,hiding,chest_hidden,0.087006174,1.171003222,-0.515905797,-0.225813031,0.657003105,0.355291516,0.625398576,-0.211269200,0.102533907,-0.809905112,0.901555777,-0.004956623,-0.057220776,0.428833812,-0.080503181,0.088931248,-0.825781465,0.887521505,-0.029230189,-0.107722893,0.447042495,-0.132906213,-0.027837355,-0.694673300,0.927930653,-0.004972644,-0.061751019,0.367568880
750,1685427,1375490,hiding,chest_hidden,0.085417800,1.168420553,-0.516986430,-0.233745620,0.652407527,0.357327402,0.626134634,-0.215358078,0.114787593,-0.807509422,0.905709147,-0.000633771,-0.056805499,0.420075834,-0.083774984,0.102507085,-0.820663393,0.890810966,-0.024087621,-0.105837315,0.441218913,-0.134704500,-0.016770411,-0.693552136,0.932427764,0.001059837,-0.058965027,0.356511623
751,1685524,1375587,hiding,chest_hidden,0.086158797,1.160690784,-0.515915871,-0.268478185,0.642190456,0.367101014,0.617047668,-0.202177286,0.165443167,-0.791153371,0.912082136,0.012528060,-0.044437341,0.407399744,,,,,,,,-0.120561123,0.030551720,-0.689146638,0.936222851,0.014519942,-0.047542315,0.347873122
752,1685622,1375685,hiding,chest_hidden,0.088306390,1.148514986,-0.513717532,-0.308168590,0.631270945,0.395684242,0.591576815,-0.178287148,0.250913799,-0.772105932,0.936475456,0.009893045,-0.021670815,0.349923193,-0.046074774,0.244111285,-0.777734518,0.924863636,-0.009999473,-0.078783333,0.371914595,-0.098442830,0.105519608,-0.677760720,0.959397554,0.013983128,-0.031002473,0.279999316
753,1685719,1375782,hiding,chest_hidden,0.085646704,1.147074699,-0.513867736,-0.305197716,0.625658989,0.396178395,0.598705173,-0.191293910,0.252017289,-0.764901757,0.937149286,0.015516336,-0.026723107,0.347557694,-0.059342958,0.247205988,-0.775441587,0.926038206,-0.004454622,-0.082941651,0.368176699,-0.109702148,0.107115880,-0.674636960,0.961577117,0.015469144,-0.035243869,0.271823555
754,1685830,1375893,hiding,chest_hidden,0.085655272,1.146529317,-0.514108181,-0.304384798,0.619428813,0.396470457,0.605366826,-0.205688670,0.250765204,-0.761316717,0.936685681,0.022153622,-0.032385111,0.347966135,-0.073769130,0.246209249,-0.771915138,0.925178826,0.001168428,-0.090668797,0.368540317,-0.121614084,0.106636092,-0.671608269,0.960599840,0.022659505,-0.042963076,0.273658037
755,1685927,1375990,hiding,chest_hidden,0.086818323,1.148798823,-0.515826523,-0.295026988,0.609377384,0.402698010,0.615997255,-0.235861972,0.252767384,-0.762004375,0.936258674,0.026312752,-0.048278868,0.346981913,-0.103383780,0.246894583,-0.775123775,0.923441112,0.006664637,-0.107603326,0.368284822,-0.148929253,0.107114464,-0.673616529,0.961072624,0.023198860,-0.059588909,0.268794328
756,1686024,1376087,hiding,chest_hidden,0.088233538,1.151682019,-0.521789730,-0.279162765,0.578013659,0.421015978,0.640869677,-0.298187077,0.263268411,-0.753717422,0.936828673,0.035588890,-0.071213573,0.340608478,-0.166644439,0.258798778,-0.778871655,0.922192454,0.015975527,-0.135303348,0.361937702,,,,,,,
757,1686121,1376184,hiding,chest_hidden,0.094916128,1.159209609,-0.522894263,-0.252332449,0.570973039,0.421478838,0.657779396,-0.344913483,0.244678304,-0.752298713,0.929147780,0.039069448,-0.101421431,0.353371888,-0.212398812,0.233594224,-0.773144603,0.910113156,0.020617660,-0.170648664,0.377025247,-0.245749712,0.096428037,-0.661225080,0.951802969,0.032205090,-0.121819749,0.279631883
758,1686219,1376282,hiding,chest_hidden,0.100668155,1.170556903,-0.514873862,-0.223394990,0.597621143,0.407107413,0.653610945,-0.319328249,0.196638748,-0.780169964,0.916547298,0.019227374,-0.115474813,0.382409364,-0.188550130,0.180512652,-0.803524971,0.896608353,-0.002892512,-0.174281955,0.407075971,-0.226283610,0.051869180,-0.680860817,0.939626694,0.013090708,-0.128650635,0.316826999
759,1686318,1376381,hiding,chest_hidden,0.108289443,1.180312395,-0.503161907,-0.201277077,0.621424854,0.393901020,0.646653473,-0.281019479,0.152657822,-0.805311739,0.906516433,-0.004361108,-0.112177886,0.406970590,-0.152745098,0.133316413,-0.834203720,0.888081610,-0.026552929,-0.166167215,0.427778572,-0.196761057,0.013338242,-0.703065336,0.932256222,-0.008001675,-0.122593492,0.340301603
760,1686414,1376477,hiding,chest_hidden,0.117052577,1.183211207,-0.491777480,-0.195554808,0.635932207,0.394650787,0.633718610,-0.241750717,0.149667054,-0.825324118,0.903699577,-0.022693191,-0.106513605,0.414085716,-0.112922370,0.126748160,-0.848690152,0.886615574,-0.045644660,-0.157401755,0.432497501,-0.164091632,0.009998541,-0.717330337,0.931231380,-0.025352990,-0.108031757,0.347123116
761,1686511,1376574,hiding,chest_hidden,0.124437958,1.180431247,-0.481519461,-0.194258645,0.650914669,0.406252086,0.611173391,-0.188610330,0.171005100,-0.836048007,0.906667948,-0.047803398,-0.093973458,0.408456981,-0.060480371,0.144083634,-0.859846771,0.890259802,-0.071100958,-0.143462777,0.426380813,-0.121686518,0.027704466,-0.730889797,0.934770226,-0.050635479,-0.096845269,0.338026106
762,1686609,1376672,hiding,chest_hidden,0.126322299,1.178055525,-0.472781479,-0.194575429,0.674428403,0.408874929,0.583187759,-0.121694431,0.175594196,-0.848194361,0.909196317,-0.076864175,-0.074953392,0.402288407,0.007108435,0.142504811,-0.856289864,0.892999709,-0.099373460,-0.127467975,0.420033813,-0.067289278,0.030042756,-0.742359698,0.937307417,-0.080197453,-0.062826909,0.333280653
763,1686704,1376767,hiding,chest_hidden,0.124251634,1.177246571,-0.467397958,-0.194516867,0.690478265,0.408083290,0.564686656,-0.075518712,0.167229041,-0.847972572,0.907326996,-0.095343269,-0.059348475,0.405148387,0.052252427,0.132159784,-0.852360368,0.891810238,-0.118591927,-0.110457294,0.422385693,-0.029157255,0.022243578,-0.738663077,0.934963405,-0.096650302,-0.048234545,0.337898701
764,1686816,1376879,hiding,chest_hidden,0.119747147,1.177932858,-0.465174824,-0.190092653,0.707775474,0.403160125,0.548069835,-0.036454137,0.148449734,-0.849084496,0.903962851,-0.113514513,-0.045487680,0.409751743,0.090919055,0.111299843,-0.850313663,0.889938235,-0.138382867,-0.094971746,0.424076021,0.002475999,0.004577685,-0.732541084,0.931533515,-0.111817032,-0.034165271,0.344347268
765,1686914,1376977,hiding,chest_hidden,0.111874819,1.177971721,-0.468093842,-0.195714235,0.725422740,0.391873002,0.530936360,0.001318805,0.130245447,-0.846969187,0.901244998,-0.124362156,-0.021642078,0.414515585,0.127984673,0.092713863,-0.838896751,0.887668312,-0.148870111,-0.070820011,0.429961830,0.033803150,-0.011708688,-0.723175049,0.929011583,-0.122711904,-0.012797692,0.348877519
766,1687025,1377088,hiding,chest_hidden,0.103127636,1.176532626,-0.471392900,-0.207234412,0.723839819,0.382302314,0.535681605,-0.004811328,0.125515386,-0.842420757,0.902617931,-0.114488170,-0.011895753,0.414767176,0.123088852,0.091756880,-0.835685909,0.889509559,-0.140049011,-0.061732028,0.430520833,0.030784361,-0.015529644,-0.717926621,0.930851817,-0.109176956,-0.006106819,0.348651707
767,1687136,1377199,hiding,chest_hidden,0.097980708,1.175319076,-0.466413796,-0.205927387,0.705935478,0.387177646,0.556185663,-0.040272638,0.127799705,-0.834056139,0.904191852,-0.097425856,-0.028860012,0.414864272,0.088830009,0.096863642,-0.836899817,0.892260611,-0.123011149,-0.078790233,0.427236855,0.002868582,-0.013149206,-0.711231351,0.931377709,-0.093926378,-0.026892504,0.350699693
768,1687233,1377296,hiding,chest_hidden,0.095612191,1.175852299,-0.458398581,-0.197284773,0.706978202,0.388199270,0.557280898,-0.045115843,0.115967408,-0.831934333,0.901862204,-0.097289383,-0.037988126,0.419209123,0.082916200,0.083332941,-0.831411183,0.888032138,-0.122252136,-0.088507533,0.434303731,-0.001061752,-0.024135362,-0.708748043,0.928997993,-0.094951876,-0.033767380,0.356099248
769,1687344,1377407,hiding,chest_hidden,0.092252627,1.175453782,-0.459022433,-0.193229541,0.693227947,0.394049495,0.571683884,-0.076755375,0.120458394,-0.829774141,0.904107153,-0.089113310,-0.051753081,0.414693564,0.051852144,0.087906137,-0.834476948,0.888204455,-0.113707937,-0.102984473,0.433079243,-0.027934726,-0.020994622,-0.710858524,0.932089627,-0.087443151,-0.045915984,0.348502994
770,1687442,1377505,hiding,chest_hidden,0.090126544,1.174747348,-0.460831523,-0.205066919,0.685602009,0.378749639,0.586895347,-0.095273659,0.113231733,-0.823621154,0.902896225,-0.067876346,-0.052882619,0.421158761,0.033927552,0.086060405,-0.831878841,0.888805091,-0.091858111,-0.101924770,0.437263072,-0.039112069,-0.025269058,-0.704095423,0.929765582,-0.066178657,-0.051874701,0.358420670
771,1687553,1377616,hiding,chest_hidden,0.085707881,1.178190351,-0.458821744,-0.206071913,0.690994859,0.358736217,0.592763722,-0.093478665,0.076552823,-0.828450918,0.896989942,-0.055175684,-0.044444427,0.436336279,0.036448516,0.052557591,-0.830983460,0.881195664,-0.082799710,-0.091979206,0.456265539,-0.033778902,-0.056125175,-0.702569604,0.923745930,-0.052383728,-0.044535771,0.376783788
772,1687649,1377712,hiding,chest_hidden,0.072490409,1.185369611,-0.449458063,-0.183426410,0.711611092,0.330284238,0.592348456,-0.069555908,-0.006444108,-0.828088880,0.875222504,-0.062848210,-0.039066788,0.478026628,0.060363784,-0.030458059,-0.826819956,0.860543668,-0.089764498,-0.079237342,0.495104402,-0.012908636,-0.128719792,-0.691901684,0.905942619,-0.060267869,-0.031629924,0.417893916
773,1687748,1377811,hiding,chest_hidden,0.062780902,1.193016171,-0.442025512,-0.167928994,0.730378687,0.297782570,0.591331184,-0.044444136,-0.082721740,-0.820438623,0.861031234,-0.065047614,-0.016884496,0.504092276,0.086045116,-0.105606019,-0.818141162,0.847145736,-0.095494673,-0.062246095,0.518989801,0.009797979,-0.193441078,-0.676061571,0.894820571,-0.062286105,-0.015045797,0.441803426
774,1687857,1377920,hiding,chest_hidden,0.061960522,1.196928859,-0.441440493,-0.172559455,0.731826961,0.282395512,0.595739305,-0.038655553,-0.104108512,-0.818911970,0.855355620,-0.055171497,-0.006325199,0.515056252,0.092475884,-0.123636320,-0.818813384,0.844897747,-0.084330030,-0.054484166,0.525421560,0.017566681,-0.210105926,-0.672696292,0.888661563,-0.049960740,-0.005802644,0.455796987
775,1687954,1378017,hiding,chest_hidden,0.063390531,1.200081468,-0.446002841,-0.172966018,0.731032133,0.269614935,0.602480352,-0.044860121,-0.125643760,-0.818259776,0.848638594,-0.044836506,-0.002706441,0.527062595,0.086617596,-0.142901152,-0.818788707,0.836694479,-0.076040447,-0.045105897,0.540486395,0.014109492,-0.227359831,-0.671552122,0.884082437,-0.040387038,-0.002946921,0.465573251
776,1688066,1378129,hiding,chest_hidden,0.062839821,1.202153921,-0.445887327,-0.158144981,0.734638333,0.261819035,0.605596840,-0.052909471,-0.147795424,-0.818963826,0.845852733,-0.048093401,-0.007894622,0.531185508,0.078545108,-0.166325569,-0.818701148,0.831983924,-0.080534987,-0.053829085,0.546277642,0.005796008,-0.244885638,-0.664498985,0.876706123,-0.043821365,-0.006445263,0.478982925
777,1688163,1378226,hiding,chest_hidden,0.062307980,1.204270959,-0.439371139,-0.156740397,0.729236126,0.273476660,0.607336462,-0.059105799,-0.140335619,-0.817861199,0.845229328,-0.049018946,-0.015614157,0.531921804,0.071446054,-0.159595132,-0.815519929,0.830968857,-0.078890190,-0.062539235,0.547134340,0.000756938,-0.240841433,-0.669346333,0.879292905,-0.047685221,-0.015010672,0.473650485
778,1688273,1378336,hiding,chest_hidden,0.062531792,1.202297449,-0.435910553,-0.162099078,0.728996396,0.272639483,0.606593668,-0.051375180,-0.134151235,-0.821934402,0.850802004,-0.045914825,-0.012542905,0.523326278,0.080321856,-0.153111488,-0.823616326,0.837517917,-0.078322284,-0.059095431,0.537528694,0.008844692,-0.235060364,-0.671986222,0.883217871,-0.043138471,-0.012814397,0.466798723
779,1688372,1378435,hiding,chest_hidden,0.063568749,1.198420882,-0.438537449,-0.176408723,0.730488241,0.268375576,0.602695227,-0.038907323,-0.116001934,-0.822654903,0.853983223,-0.041553203,-0.002598060,0.518632114,0.092809662,-0.131697357,-0.821407795,0.840811968,-0.071578138,-0.048816882,0.534348845,0.021061663,-0.217900887,-0.673393786,0.885991275,-0.036896840,0.000916990,0.462230772
780,1688484,1378547,hiding,chest_hidden,0.066909492,1.201818466,-0.438666165,-0.190974742,0.714942336,0.289716363,0.607001305,-0.054981224,-0.081630975,-0.828451753,0.865222454,-0.034330085,-0.010677194,0.500097632,0.076620296,-0.096798867,-0.829580486,0.850720584,-0.063478678,-0.055891801,0.518768847,0.008475594,-0.190072283,-0.687551081,0.897789776,-0.030551098,-0.014379703,0.439127952
781,1688594,1378657,hiding,chest_hidden,0.074147262,1.198444128,-0.441958874,-0.209136307,0.709099591,0.294187903,0.605717182,,,,,,,,0.077575274,-0.056298893,-0.833127797,0.854695797,-0.051625051,-0.047131713,0.514401376,0.011832569,-0.155633017,-0.697265208,0.899681032,-0.019460047,-0.002922294,0.436104149
782,1688691,1378754,hiding,chest_hidden,0.085682102,1.191970348,-0.449328482,-0.248682752,0.693134725,0.305707991,0.603542805,-0.059530672,0.021359134,-0.841137946,0.889926851,0.000464556,0.005426647,0.456070781,0.072788127,0.016248558,-0.844731927,0.879179776,-0.028210875,-0.042067200,0.473790526,0.012164533,-0.096259192,-0.711019516,0.919334292,0.003525269,0.006088318,0.393414497
783,1688803,1378866,hiding,chest_hidden,0.091463313,1.195848107,-0.453657329,-0.235372052,0.695297301,0.304504603,0.606991410,-0.068448640,0.010750446,-0.850506127,0.886329532,-0.007875809,0.000358538,0.462987930,0.063967161,0.003046859,-0.854372740,0.874572933,-0.036740329,-0.045879357,0.481318414,0.002005290,-0.106387645,-0.717428207,0.916870654,-0.004271822,-0.000131722,0.399161577
784,1688899,1378962,hiding,chest_hidden,0.095674835,1.201150417,-0.465403199,-0.220163420,0.677831888,0.303278238,0.632530093,-0.138351381,-0.001618143,-0.851593316,0.883459687,0.006721434,-0.028446045,0.467594564,-0.006313238,-0.009453367,-0.864415944,0.869714618,-0.019614510,-0.075927190,0.487285107,-0.058572274,-0.117415175,-0.722035468,0.913771152,0.009327642,-0.032471664,0.404822022
785,1689010,1379073,hiding,chest_hidden,0.097446829,1.202782393,-0.467255712,-0.210863993,0.669172168,0.311453044,0.640891552,-0.162142381,-0.001073148,-0.845890641,0.881340742,0.009037064,-0.046013314,0.470148563,-0.031108912,-0.010578748,-0.863155484,0.867522776,-0.017082555,-0.091892697,0.488536775,-0.080406889,-0.116909847,-0.719042063,0.911352336,0.010974138,-0.046470735,0.408848405
786,1689108,1379171,hiding,chest_hidden,0.097609699,1.200674653,-0.462241828,-0.202240810,0.655525446,0.329890639,0.648503840,-0.193994969,0.020372260,-0.840412259,0.884007096,0.006917905,-0.072067961,0.461833119,-0.063506208,0.007528786,-0.859333694,0.868157089,-0.018600356,-0.117058411,0.481927991,-0.109682165,-0.099768147,-0.717396438,0.913269043,0.006707548,-0.071642540,0.400951385
787,1689204,1379267,hiding,chest_hidden,0.096282750,1.198242426,-0.458354563,-0.193192646,0.638944805,0.350227058,0.657089949,-0.223298013,0.038599227,-0.827864468,0.886715770,0.005953474,-0.096479222,0.452096671,-0.094292134,0.023481462,-0.853198767,0.869450390,-0.017749816,-0.142040968,0.472826958,-0.136906758,-0.085470334,-0.710707009,0.915113926,0.005024605,-0.097996145,0.391072989
788,1689300,1379363,hiding,chest_hidden,0.096922539,1.196533084,-0.455806553,-0.190842390,0.644934595,0.352242857,0.650817573,-0.211457968,0.046158943,-0.829982936,0.887820899,-0.001337364,-0.093976066,0.450489461,-0.082288966,0.029465992,-0.856508553,0.871734500,-0.027194383,-0.139522985,0.468905956,-0.127638444,-0.079586014,-0.713049889,0.916962862,-0.001849509,-0.093488052,0.387860417
789,1689400,1379463,hiding,chest_hidden,0.098873965,1.193988204,-0.458416820,-0.199980363,0.645784438,0.351271629,0.647748828,-0.209591612,0.056792174,-0.832127213,0.891839921,0.000613893,-0.088720866,0.443564862,-0.079704285,0.040740881,-0.856186390,0.875215650,-0.022590963,-0.136014313,0.463667303,-0.125772908,-0.070294321,-0.715311348,0.920872748,-0.001479066,-0.091513723,0.378967583
790,1689496,1379559,hiding,chest_hidden,0.100655369,1.188421488,-0.460307330,-0.191833362,0.621985137,0.374008268,0.660645366,-0.256686449,0.089258000,-0.819902539,0.896324396,0.006760382,-0.117337942,0.427537948,-0.127762750,0.071128666,-0.848926246,0.877133310,-0.018758496,-0.164167449,0.450926095,-0.168957099,-0.043507997,-0.711256623,0.924581587,0.000656298,-0.118725464,0.362012118
791,1689594,1379657,hiding,chest_hidden,0.099615283,1.186575294,-0.462519020,-0.186747000,0.606545329,0.392228246,0.665871859,-0.285696983,0.117681459,-0.795497715,0.897231340,0.004307073,-0.137981504,0.419426411,-0.159683838,0.097882047,-0.831459582,0.878069043,-0.016132349,-0.188681990,0.439469725,-0.197430208,-0.018618640,-0.695255697,0.924498379,-0.001352865,-0.141175568,0.354076773
792,1689691,1379754,hiding,chest_hidden,0.095647544,1.185352564,-0.464933246,-0.179934099,0.593388200,0.409156770,0.669406414,-0.310737669,0.133486956,-0.783357203,0.898937821,0.001762742,-0.153230578,0.410399884,-0.185292199,0.110771477,-0.819550514,0.877284706,-0.019322632,-0.206339598,0.432922870,,,,,,,
793,1689789,1379852,hiding,chest_hidden,0.093315817,1.184291005,-0.468113303,-0.172828868,0.587053299,0.411811918,0.675210774,-0.331985831,0.136171818,-0.775621235,0.898505449,0.003406847,-0.162806600,0.407640040,-0.207779884,0.113243625,-0.816045165,0.876682580,-0.016468160,-0.217926547,0.428560972,,,,,,,
794,1689888,1379951,hiding,chest_hidden,0.093040667,1.183684587,-0.471985787,-0.168439329,0.570121765,0.423231721,0.683713615,-0.362931550,0.147627965,-0.766565025,0.898489237,0.010374965,-0.177102223,0.401552349,-0.237907305,0.123633638,-0.805091500,0.874719620,-0.008532508,-0.233925894,0.424348295,,,,,,,
795,1689984,1380047,hiding,chest_hidden,0.093745582,1.182885528,-0.473266810,-0.167664856,0.567501724,0.422583431,0.686479092,-0.372062385,0.150721863,-0.766738594,0.900055647,0.014581780,-0.179566681,0.396790922,-0.244624555,0.125891194,-0.799699783,0.873874247,-0.005749671,-0.240346387,0.422545075,-0.273249388,0.006426949,-0.667616427,0.922255933,0.004404668,-0.193703175,0.334520042
796,1690093,1380156,hiding,chest_hidden,0.095340312,1.186241865,-0.471964121,-0.165363789,0.587257326,0.403283119,0.682016373,-0.346687555,0.120547593,-0.773448110,0.893560052,0.008639395,-0.167714864,0.416350305,-0.222979605,0.097850308,-0.815595806,0.871188998,-0.011354574,-0.223460212,0.436996996,-0.252969325,-0.017843474,-0.674892247,0.918361545,0.001200836,-0.176806599,0.354048133
797,1690191,1380254,hiding,chest_hidden,0.097469263,1.187611341,-0.472846240,-0.151656911,0.582422853,0.410319328,0.685143650,-0.361363947,0.119182125,-0.772625983,0.889062464,0.002198919,-0.181300879,0.420348793,-0.239028856,0.093722686,-0.817108154,0.866653442,-0.017991463,-0.233938217,0.440296501,-0.268141866,-0.019965690,-0.673198104,0.915390968,-0.006452302,-0.189641073,0.355040938
798,1690303,1380366,hiding,chest_hidden,0.098967142,1.191403747,-0.475996345,-0.138184071,0.575428307,0.411885619,0.692919731,-0.388654172,0.116456494,-0.770653069,0.886440039,0.003845331,-0.191717952,0.421252400,-0.264258087,0.088367328,-0.809190392,0.860083461,-0.015118261,-0.247944683,0.445591033,-0.292183399,-0.023583744,-0.669270873,0.911938727,-0.006863957,-0.202364072,0.356888562
799,1690398,1380461,hiding,chest_hidden,0.099638395,1.193843365,-0.476029038,-0.136947632,0.567765832,0.412985146,0.698806524,-0.402436614,0.109988213,-0.769665062,0.883973420,0.009054042,-0.199288443,0.422839373,-0.277093083,0.081764475,-0.806161344,0.855643570,-0.010305581,-0.254366666,0.450627923,-0.302156329,-0.029346731,-0.666205406,0.908581018,-0.000450734,-0.210745573,0.360647500
800,1690497,1380560,hiding,chest_hidden,0.100973047,1.196711421,-0.472095817,-0.136720493,0.576730192,0.401998490,0.697916210,-0.390009820,0.090356931,-0.776944101,0.880729496,0.010454548,-0.193969429,0.431951553,-0.265755951,0.063397273,-0.816701114,0.854295969,-0.011829194,-0.248794720,0.456223279,-0.291135728,-0.045886058,-0.673849344,0.906690598,0.000371580,-0.204091728,0.369132191
801,1690609,1380672,hiding,chest_hidden,0.104800262,1.200860143,-0.467413157,-0.144076064,0.599667788,0.378546238,0.690176368,-0.352434039,0.062248860,-0.794992805,0.878567159,0.010476311,-0.173267424,0.444958895,-0.228846848,0.038225148,-0.837386131,0.855870426,-0.013835829,-0.222911641,0.466481328,-0.256260931,-0.068846554,-0.688973069,0.906038761,0.002542788,-0.180974737,0.382538110
802,1690705,1380768,hiding,chest_hidden,0.109958716,1.210387826,-0.463981539,-0.120321415,0.614339590,0.355822176,0.693902194,-0.341541469,-0.006871860,-0.807153463,0.860229254,0.002983561,-0.167845070,0.481481880,-0.218373239,-0.033361938,-0.847638488,0.836813748,-0.022543347,-0.212698147,0.503978431,-0.247849137,-0.128145427,-0.692847192,0.891686141,-0.004638324,-0.169699520,0.419614583
803,1690802,1380865,hiding,chest_hidden,0.113591813,1.215803385,-0.464897066,-0.112833358,0.622065127,0.344267875,0.694106162,-0.331995368,-0.030532565,-0.820862830,0.854944408,-0.003135343,-0.162836939,0.492487937,-0.207888260,-0.057905998,-0.860681295,0.833040357,-0.028366126,-0.207211122,0.512154877,-0.239091113,-0.148400992,-0.701817214,0.888065636,-0.008630008,-0.163647681,0.429516464
804,1690900,1380963,hiding,chest_hidden,0.116511256,1.209068179,-0.472021252,-0.135949910,0.609851003,0.364131302,0.690657496,-0.340279043,0.013487894,-0.824423075,0.865438879,0.005413851,-0.164142296,0.473332405,-0.212861255,-0.011689391,-0.854903221,0.841094434,-0.019252470,-0.209345356,0.498361379,-0.245414317,-0.109649375,-0.706749439,0.894841492,-0.001618166,-0.163829997,0.415229917
805,1690997,1381060,hiding,chest_hidden,0.116694711,1.206696630,-0.476691276,-0.133808568,0.588066399,0.378144979,0.702338636,-0.383421361,0.046708170,-0.795235038,0.869758427,0.015822832,-0.180313200,0.459082812,-0.261192977,0.022733513,-0.840372026,0.846667588,-0.008586091,-0.229552090,0.479985535,,,,,,,
806,1691093,1381156,hiding,chest_hidden,0.117418662,1.206385851,-0.476247221,-0.139448255,0.603808343,0.370673299,0.691788256,-0.354399264,0.044330630,-0.806305885,0.871729374,0.011022651,-0.166008323,0.460877031,-0.232002541,0.020513613,-0.852122366,0.850602329,-0.015496315,-0.213511348,0.480258793,,,,,,,
807,1691191,1381254,hiding,chest_hidden,0.118185326,1.204965949,-0.476890683,-0.150593713,0.606921315,0.378906459,0.682200849,-0.338336349,0.063321486,-0.816374660,0.879509687,0.004109223,-0.158048630,0.448850155,-0.212514207,0.039221216,-0.851186037,0.856388986,-0.018434294,-0.208081171,0.472186714,-0.244250178,-0.065966204,-0.703354061,0.904605448,-0.000866390,-0.163573608,0.393613994
808,1691301,1381364,hiding,chest_hidden,0.117202498,1.202704430,-0.476054996,-0.157554448,0.613680243,0.378060579,0.675013602,-0.322560132,0.072079629,-0.818783820,0.880543888,0.001826376,-0.153386533,0.448454827,-0.196855262,0.048364256,-0.853572488,0.859623611,-0.021664940,-0.201118544,0.469179332,-0.231780395,-0.058390994,-0.710073829,0.910603344,-0.004484714,-0.156946450,0.382294774
809,1691398,1381461,hiding,chest_hidden,0.113619551,1.198431730,-0.472109795,-0.168216452,0.619163394,0.381213129,0.665594816,-0.291058481,0.089205369,-0.821682334,0.889438450,-0.003977376,-0.139051884,0.435371131,-0.164682016,0.066265553,-0.854773521,0.868996978,-0.028826648,-0.187050149,0.457193106,-0.203941688,-0.043853115,-0.713601768,0.917118073,-0.009069288,-0.142113954,0.372311413
810,1691495,1381558,hiding,chest_hidden,0.109123394,1.199024677,-0.463309109,-0.176461369,0.646769166,0.367744029,0.644449711,-0.225698769,0.069231525,-0.846713960,0.892024040,-0.019299468,-0.109002113,0.438222796,-0.096074380,0.046018768,-0.874425888,0.873146296,-0.044830989,-0.157236844,0.459219247,-0.145321786,-0.063311175,-0.729601085,0.921478093,-0.024832664,-0.113791429,0.370557636
811,1691594,1381657,hiding,chest_hidden,0.108331278,1.199984074,-0.459510088,-0.175781518,0.656167865,0.360172242,0.639390767,-0.201052412,0.050729651,-0.842041612,0.885834813,-0.024878211,-0.095039606,0.453481257,-0.072393015,0.027381022,-0.861228943,0.867345452,-0.051270131,-0.142649695,0.474061549,-0.124998905,-0.077257976,-0.722442925,0.913847625,-0.025537627,-0.097417332,0.393370330
812,1691691,1381754,hiding,chest_hidden,0.109946154,1.200534105,-0.461926699,-0.175419971,0.638127863,0.370126843,0.651940763,-0.236863256,0.063752681,-0.838798940,0.888441801,-0.012366001,-0.111468680,0.445076346,-0.108866557,0.042299438,-0.870783508,0.871783078,-0.036711410,-0.160163581,0.461512923,-0.155095696,-0.066056520,-0.723206043,0.917157114,-0.015879791,-0.113732196,0.381622314
813,1691788,1381851,hiding,chest_hidden,0.107273132,1.198696494,-0.465509981,-0.176436007,0.633383751,0.370600283,0.656011283,-0.253027141,0.070257097,-0.826544106,0.887691438,-0.006889724,-0.119444624,0.444622755,-0.125612885,0.049401242,-0.856836498,0.869468331,-0.030617699,-0.166403174,0.464109212,-0.168898717,-0.059497949,-0.713714659,0.915727377,-0.008811342,-0.117923521,0.384004951
814,1691900,1381963,hiding,chest_hidden,0.105762601,1.195804834,-0.468619138,-0.181549996,0.624461234,0.378154665,0.658852696,-0.266367137,0.087650433,-0.818488121,0.891870022,-0.002063752,-0.122125216,0.435487181,-0.139329344,0.067442521,-0.850540280,0.873309314,-0.023113051,-0.171732619,0.455307156,-0.180793568,-0.044446480,-0.710157394,0.920033693,-0.004774902,-0.126638040,0.370780259
815,1691983,1382046,hiding,chest_hidden,0.104446232,1.194856763,-0.471588105,-0.173639759,0.609254301,0.390681416,0.667852163,,,,,,,,-0.170396298,0.084081009,-0.854429245,0.875978291,-0.023250390,-0.188550770,0.443362236,-0.211115077,-0.031537678,-0.719227493,0.925935686,-0.008273855,-0.141013682,0.350271106
816,1692094,1382157,hiding,chest_hidden,0.101861566,1.195642233,-0.472722471,-0.162909031,0.594794452,0.399628729,0.678216159,-0.331290066,0.108034745,-0.791094840,0.891389847,0.003801139,-0.158204347,0.424712986,-0.207759753,0.085254192,-0.832645714,0.869886696,-0.017769156,-0.213256419,0.444413185,-0.240419790,-0.028275128,-0.690610051,0.917792857,-0.003430440,-0.166905284,0.360259891
817,1692191,1382254,hiding,chest_hidden,0.100053772,1.195031285,-0.476559520,-0.159614831,0.584366620,0.408197612,0.682944715,-0.365811467,0.124770820,-0.792871296,0.894409180,0.005952519,-0.173782110,0.412063867,-0.239085674,0.099526584,-0.830102801,0.869834185,-0.014499358,-0.230177641,0.436115235,-0.271438718,-0.016407814,-0.692062140,0.921037853,-0.004808926,-0.181044936,0.344802797
818,1692289,1382352,hiding,chest_hidden,0.097808003,1.192550182,-0.481059045,-0.153913245,0.555199921,0.428888738,0.695786119,-0.418656290,0.154558524,-0.764876664,0.897492409,0.015608726,-0.192998812,0.396251529,-0.290835619,0.127495334,-0.798756838,0.868417025,-0.001992978,-0.258232802,0.423277348,,,,,,,
819,1692386,1382449,hiding,chest_hidden,0.096809730,1.192397714,-0.483686090,-0.148136914,0.540599763,0.436883450,0.703519881,,,,,,,,-0.319557071,0.139199480,-0.788197756,0.867505431,0.002547155,-0.273916245,0.415208101,,,,,,,
820,1692482,1382545,hiding,chest_hidden,0.096688896,1.194734812,-0.483242571,-0.138470218,0.542413890,0.431724548,0.707267344,,,,,,,,-0.324411213,0.116290003,-0.786304176,0.859282970,0.004253392,-0.277191758,0.429859847,,,,,,,
821,1692594,1382657,hiding,chest_hidden,0.097254582,1.198367715,-0.482191831,-0.135594457,0.552338302,0.416666806,0.709172249,,,,,,,,-0.320219755,0.090726689,-0.793134153,0.855376244,0.002586927,-0.272847712,0.440316856,,,,,,,
822,1692691,1382754,hiding,chest_hidden,0.098333120,1.203487277,-0.480945081,-0.129487604,0.556951821,0.399155468,0.716737390,,,,,,,,-0.320751548,0.054829586,-0.798657715,0.847709835,0.008608920,-0.268511355,0.457400858,-0.339211047,-0.054937053,-0.660235286,0.903237462,0.017011615,-0.222164825,0.366763622
823,1692789,1382852,hiding,chest_hidden,0.101608805,1.207817674,-0.478832275,-0.131836638,0.571628749,0.381809801,0.714199543,-0.426224828,0.047321949,-0.773775578,0.871871650,0.029909909,-0.198594883,0.446660161,-0.301722944,0.023824070,-0.815586329,0.844226539,0.007147214,-0.251230687,0.473406345,-0.318492711,-0.082070366,-0.667830169,0.897646606,0.019654036,-0.209485546,0.387246877
824,1692872,1382935,hiding,chest_hidden,0.106469728,1.213630915,-0.472600698,-0.127131879,0.595784068,0.366466820,0.703264475,-0.390312135,0.017433215,-0.834202170,0.875052631,0.012693698,-0.178412333,0.449767500,-0.246939212,-0.008879136,-0.831364155,0.837932289,0.004323691,-0.234202743,0.492950201,-0.287948668,-0.114367753,-0.725197017,0.909719288,0.000667672,-0.193160295,0.367558867
825,1692969,1383032,hiding,chest_hidden,0.108542353,1.214751244,-0.464077622,-0.152536929,0.648658752,0.340710491,0.663242579,-0.261956096,-0.009583008,-0.865404844,0.875663102,-0.007323395,-0.122720063,0.467012078,-0.131147593,-0.032491487,-0.893889248,0.856262863,-0.031843677,-0.166039392,0.488088876,-0.173902944,-0.133838728,-0.741667509,0.909489453,-0.015528413,-0.128097177,0.395194769
826,1693080,1383143,hiding,chest_hidden,0.109338455,1.216105819,-0.457818687,-0.163248539,0.679184794,0.325069964,0.637485325,-0.175375625,-0.029423427,-0.863270223,0.869866371,-0.027075354,-0.076455064,0.486573786,-0.045523968,-0.051654141,-0.883281231,0.853927970,-0.055221610,-0.122571461,0.502726436,-0.100059554,-0.146251708,-0.729415357,0.901337028,-0.028138466,-0.082329080,0.424289703
827,1693179,1383242,hiding,chest_hidden,0.107915260,1.217410803,-0.457857430,-0.163999632,0.685956895,0.323989779,0.630553663,-0.156908602,-0.033806589,-0.862888038,0.868483543,-0.033069219,-0.068802111,0.489805102,-0.027244687,-0.056339998,-0.878433585,0.851649582,-0.062026411,-0.114280440,0.507726073,-0.085704401,-0.150406897,-0.731471837,0.900239408,-0.033935796,-0.067003645,0.428868204
828,1693275,1383338,hiding,chest_hidden,0.105966195,1.217501044,-0.458333850,-0.165119797,0.687244177,0.325077474,0.628295720,-0.153692514,-0.031835880,-0.863362670,0.869591773,-0.036875464,-0.066112816,0.487933904,-0.023862083,-0.054496001,-0.875009775,0.852576196,-0.064385831,-0.111703910,0.506448925,-0.083464399,-0.148842603,-0.728945255,0.900485456,-0.035831440,-0.066853486,0.428220332
829,1693386,1383449,hiding,chest_hidden,0.103778243,1.218076944,-0.457300812,-0.155614138,0.677171826,0.332163095,0.637879491,-0.182034597,-0.030412670,-0.861393750,0.870724499,-0.033277545,-0.082311459,0.483690292,-0.052273933,-0.054639485,-0.879990816,0.853213370,-0.062759683,-0.128129601,0.501668274,-0.108313657,-0.148309410,-0.726939201,0.900845408,-0.035844203,-0.083038367,0.424614280
830,1693483,1383546,hiding,chest_hidden,0.101616479,1.216384768,-0.453470469,-0.156770423,0.661793649,0.342480808,0.648196816,-0.207517311,-0.014353883,-0.847228229,0.871822298,-0.024529407,-0.099976338,0.478883028,-0.079199970,-0.037849229,-0.868051648,0.852135003,-0.051082943,-0.143759802,0.500589192,-0.130043671,-0.134749264,-0.721941292,0.903374970,-0.024469262,-0.098662540,0.416630089
831,1693580,1383643,hiding,chest_hidden,0.096666507,1.214302421,-0.451041192,-0.154235691,0.657584846,0.347012073,0.650673628,-0.215685055,-0.010940980,-0.840129197,0.872116148,-0.024428729,-0.105676308,0.477125883,-0.087850310,-0.035334479,-0.865619123,0.854902565,-0.048877452,-0.152278945,0.493521720,-0.137439668,-0.132604003,-0.717263937,0.903836071,-0.025977971,-0.103955843,0.414244682
832,1693677,1383740,hiding,chest_hidden,0.089478038,1.216601372,-0.454376489,-0.139868751,0.669893682,0.342569351,0.643681169,-0.208423257,-0.036153998,-0.839341760,0.866996586,-0.036267538,-0.103599317,0.486074835,-0.080535024,-0.063438192,-0.860067725,0.848466396,-0.063888252,-0.151765317,0.502981603,-0.133372515,-0.155706063,-0.708890200,0.897419035,-0.038627960,-0.102371134,0.427395731
833,1693775,1383838,hiding,chest_hidden,0.081191339,1.220265985,-0.456726521,-0.130705535,0.676441312,0.328178287,0.646252453,-0.206919685,-0.073860005,-0.831018627,0.857794046,-0.039503496,-0.101175942,0.502386570,-0.079381108,-0.101726308,-0.851139903,0.838319898,-0.067747012,-0.147330463,0.520503342,-0.133427322,-0.188446641,-0.699028552,0.890410602,-0.042428542,-0.097915366,0.442471921
834,1693872,1383935,hiding,chest_hidden,0.074481688,1.220943332,-0.454611272,-0.119248375,0.683602691,0.325247943,0.642402470,-0.201124489,-0.095610753,-0.827939570,0.852012932,-0.048386797,-0.100996174,0.511402309,-0.073337026,-0.125060514,-0.847436547,0.835239470,-0.072309382,-0.144815207,0.525523484,-0.128854439,-0.207092240,-0.690037191,0.883530915,-0.047686033,-0.097793899,0.455560714
835,1693969,1384032,hiding,chest_hidden,0.069606692,1.218421221,-0.452355057,-0.122398742,0.680783987,0.325771391,0.644534469,-0.200358376,-0.093066663,-0.822643936,0.853471160,-0.047621772,-0.100886002,0.509059012,-0.073036090,-0.123426437,-0.844773471,0.835662603,-0.076487094,-0.146370053,0.523825943,-0.128625542,-0.205547482,-0.686495245,0.884386599,-0.049405236,-0.099694140,0.453299671
836,1694080,1384143,hiding,chest_hidden,0.067133866,1.215019584,-0.450740218,-0.129148468,0.687985420,0.331041098,0.632778525,-0.179854915,-0.079311818,-0.823911905,0.857636929,-0.053140134,-0.092558101,0.503058791,-0.051925451,-0.109132364,-0.840792239,0.840553463,-0.082195789,-0.138456672,0.517246127,-0.111250117,-0.194358066,-0.688929558,0.890103519,-0.055159885,-0.091518372,0.443054706
837,1694178,1384241,hiding,chest_hidden,0.065134436,1.213501692,-0.447730362,-0.134453684,0.695512533,0.328190953,0.624880195,-0.156017065,-0.080625340,-0.826449037,0.859829664,-0.057521891,-0.078052439,0.501290321,-0.027313454,-0.109782085,-0.836923718,0.841464579,-0.085475281,-0.125269786,0.518593132,-0.090383165,-0.195093140,-0.688079000,0.890536785,-0.060028233,-0.081809558,0.443450153
838,1694275,1384338,hiding,chest_hidden,0.062750585,1.211146355,-0.448109299,-0.141864806,0.694998145,0.329006016,0.623383522,-0.150014505,-0.074070379,-0.824452639,0.863269627,-0.054879189,-0.075393766,0.496054024,-0.021579519,-0.102340430,-0.836573482,0.845244229,-0.082118012,-0.123148963,0.513471663,-0.084912479,-0.189026624,-0.686488509,0.892204702,-0.056446508,-0.073045664,0.442095965
839,1694372,1384435,hiding,chest_hidden,0.059384819,1.207921743,-0.449223191,-0.144957662,0.689760864,0.335120738,0.625229001,-0.157650933,-0.059622552,-0.819411039,0.866361678,-0.054316618,-0.079698280,0.490015596,-0.029256042,-0.088237569,-0.839586794,0.851164281,-0.082528315,-0.124750674,0.503135920,-0.091470353,-0.176816419,-0.684403419,0.895775199,-0.053605847,-0.078201950,0.434278369
840,1694482,1384545,hiding,chest_hidden,0.056629095,1.205747485,-0.449239820,-0.146417886,0.689536810,0.337510318,0.623848975,-0.156353414,-0.055167805,-0.815977633,0.867990136,-0.054584168,-0.077074364,0.487517476,-0.027880009,-0.083874300,-0.833456874,0.851625264,-0.081302099,-0.126739278,0.502057374,-0.090542413,-0.173801258,-0.683132350,0.898747742,-0.055241324,-0.078179926,0.427888751
841,1694581,1384644,hiding,chest_hidden,0.054067738,1.203865528,-0.448651344,-0.148847699,0.693648338,0.335434228,0.619822741,-0.145297706,-0.055426378,-0.812897325,0.866959095,-0.057235856,-0.074500434,0.489444256,-0.016716257,-0.083468676,-0.825860262,0.850702941,-0.083486877,-0.121723622,0.504497588,-0.081164792,-0.173714682,-0.680971682,0.899352908,-0.056363463,-0.071997248,0.427555799
842,1694677,1384740,hiding,chest_hidden,0.053950045,1.201195598,-0.450280935,-0.157079399,0.689305007,0.337875247,0.621309221,-0.146841764,-0.044639703,-0.812458932,0.870198607,-0.051770344,-0.072593778,0.484566152,-0.017910738,-0.071410269,-0.826279104,0.854179263,-0.080324225,-0.119588777,0.499624193,-0.081752457,-0.164119527,-0.681688547,0.901584387,-0.050980091,-0.071120895,0.423660755
843,1694775,1384838,hiding,chest_hidden,0.055901002,1.199822664,-0.454440773,-0.161269769,0.680346549,0.340322822,0.628729701,-0.166748062,-0.032610189,-0.812249720,0.874557793,-0.041788958,-0.076587088,0.477008164,-0.037555218,-0.057707619,-0.828842998,0.856809914,-0.069342658,-0.124787994,0.495475858,-0.097014636,-0.153106734,-0.682752669,0.904724717,-0.040390369,-0.075134844,0.417368680
844,1694872,1384935,hiding,chest_hidden,0.059117019,1.199816704,-0.456476182,-0.160614938,0.678202212,0.339147598,0.631841421,-0.174301192,-0.031834658,-0.813047171,0.873658419,-0.038322940,-0.082536191,0.477954030,-0.045484506,-0.056252662,-0.830802977,0.857169390,-0.064360403,-0.128875390,0.494479030,-0.103396624,-0.152366504,-0.686051428,0.905724883,-0.038488325,-0.080894597,0.414291203
845,1694969,1385032,hiding,chest_hidden,0.063260585,1.201177835,-0.456535757,-0.156811461,0.679344952,0.336963236,0.632737219,-0.174622685,-0.036581811,-0.815035701,0.870090306,-0.040773980,-0.084700532,0.483845174,-0.045969255,-0.061378311,-0.830085099,0.853331387,-0.065825351,-0.128506690,0.500977755,-0.103818722,-0.155973554,-0.686811149,0.902738273,-0.041067000,-0.081362881,0.420425087
846,1695066,1385129,hiding,chest_hidden,0.066750251,1.202673435,-0.456546575,-0.155073434,0.683923841,0.334286094,0.629645348,-0.168408886,-0.040914472,-0.821191847,0.870576739,-0.041264411,-0.079439402,0.483821064,-0.039574750,-0.066298231,-0.836501956,0.853326976,-0.067635715,-0.125395134,0.501532197,-0.098398112,-0.159216866,-0.689039946,0.900564015,-0.042877242,-0.079003222,0.425328702
847,1695163,1385226,hiding,chest_hidden,0.069109619,1.203749895,-0.457690179,-0.153488025,0.685522258,0.334828377,0.628005266,-0.167534128,-0.041594882,-0.838145733,0.872681260,-0.041378614,-0.086932622,0.478704482,-0.036943033,-0.067117602,-0.841182172,0.853085876,-0.072782487,-0.123590715,0.501669705,-0.097100534,-0.158878356,-0.690368295,0.898685455,-0.044313073,-0.077538066,0.429404974
848,1695260,1385323,hiding,chest_hidden,0.070404217,1.204718113,-0.462228626,-0.155006796,0.677372873,0.337658077,0.634921968,-0.185720503,-0.033122431,-0.823678553,0.871132731,-0.039451469,-0.085733153,0.481893361,-0.056865327,-0.058581900,-0.841999531,0.853755534,-0.066029124,-0.131989554,0.499320000,-0.114539474,-0.152780160,-0.695761442,0.902744651,-0.040799301,-0.083143651,0.420088917
849,1695357,1385420,hiding,chest_hidden,0.072031870,1.203709006,-0.466689348,-0.159615859,0.665078282,0.347729474,0.641309500,-0.209500596,-0.010095205,-0.820351720,0.875230193,-0.030047281,-0.096225731,0.473085463,-0.081434622,-0.034585606,-0.845361948,0.858934522,-0.057668701,-0.141144022,0.488860101,-0.133901447,-0.131933466,-0.693315744,0.903440416,-0.030746771,-0.095774680,0.416746080
850,1695454,1385517,hiding,chest_hidden,0.073525682,1.201143265,-0.469429791,-0.182804406,0.658318579,0.352082044,0.639716685,-0.205026880,0.019717876,-0.821457088,0.885616839,-0.020550773,-0.087158516,0.455701560,-0.075757138,-0.000936802,-0.842487931,0.868719459,-0.044380061,-0.133799002,0.474820763,-0.127247095,-0.105751604,-0.700306177,0.913780928,-0.020402569,-0.089484386,0.395702720
851,1695553,1385616,hiding,chest_hidden,0.074247777,1.201475382,-0.470468163,-0.187470883,0.663605630,0.349715084,0.634177864,-0.192340627,0.022396285,-0.824354827,0.887567520,-0.021246582,-0.078808628,0.453389138,-0.062526330,0.002132196,-0.841245055,0.869616568,-0.048413776,-0.125699550,0.474997699,-0.116322771,-0.103274003,-0.702556610,0.915759981,-0.021071974,-0.082504489,0.392597318
852,1695663,1385726,hiding,chest_hidden,0.075453073,1.201869130,-0.472202122,-0.191310406,0.661675990,0.348081291,0.635943949,-0.195004433,0.023553450,-0.824406385,0.887648880,-0.015004257,-0.077923611,0.453632295,-0.065563858,0.004839454,-0.845499218,0.872059703,-0.042230461,-0.122838132,0.471846640,-0.117821045,-0.101497188,-0.703817129,0.916337192,-0.017235542,-0.077855341,0.392387152
853,1695761,1385824,hiding,chest_hidden,0.076570295,1.201307535,-0.473318696,-0.190924108,0.662619352,0.348452061,0.634873807,-0.194343895,0.025174651,-0.824381053,0.887889087,-0.017194573,-0.076018982,0.453407675,-0.065199792,0.006318722,-0.847801328,0.872081697,-0.044634297,-0.123811953,0.471329868,-0.117791563,-0.100233838,-0.703947902,0.915738404,-0.018757427,-0.079770707,0.393329412
854,1695857,1385920,hiding,chest_hidden,0.078512117,1.202917576,-0.473503798,-0.187589899,0.665618598,0.346193343,0.633965433,-0.192871764,0.020226974,-0.828379571,0.886476040,-0.019099085,-0.077037796,0.455917358,-0.063139498,0.000694070,-0.848256469,0.869574726,-0.048823293,-0.124262094,0.475410402,-0.116652995,-0.104468852,-0.705681443,0.914503515,-0.020004055,-0.080169439,0.396050513
855,1695955,1386018,hiding,chest_hidden,0.080467314,1.204600692,-0.473074943,-0.182030410,0.670784831,0.343119293,0.631808400,-0.185644910,0.009495977,-0.831086278,0.882323027,-0.024933979,-0.074029051,0.464116454,-0.056110993,-0.011035111,-0.851975203,0.867631972,-0.050583940,-0.123404816,0.478985697,-0.111578532,-0.113882989,-0.708675385,0.913369536,-0.025366543,-0.073941298,0.399556428
856,1696064,1386127,hiding,chest_hidden,0.082656913,1.205241919,-0.472616792,-0.179686308,0.671288431,0.343622118,0.631671309,-0.184861064,0.007678065,-0.835105896,0.881542146,-0.028243279,-0.075185135,0.465223551,-0.055118963,-0.013531473,-0.849430799,0.864626884,-0.052913092,-0.121557750,0.484607309,-0.110808410,-0.115248248,-0.708805382,0.910945952,-0.027002506,-0.076162815,0.404533833
857,1696164,1386227,hiding,chest_hidden,0.084634900,1.206807256,-0.470533699,-0.176300183,0.679178536,0.337660879,0.627391338,-0.170633793,-0.003965270,-0.842936635,0.880736828,-0.032879561,-0.068062142,0.467535168,-0.040226288,-0.025860067,-0.855110407,0.862764835,-0.059730638,-0.116414331,0.488381892,-0.098387577,-0.125484452,-0.710373402,0.908060789,-0.032077592,-0.069606215,0.411766499
858,1696259,1386322,hiding,chest_hidden,0.086668991,1.207224131,-0.469266057,-0.182293072,0.683038890,0.336722136,0.621968925,-0.156798154,-0.001484599,-0.842751145,0.878333032,-0.034958404,-0.063322179,0.472545564,-0.026942817,-0.022833969,-0.857340455,0.863032281,-0.061619762,-0.107654847,0.489682257,-0.086742163,-0.122829244,-0.714647830,0.908970714,-0.032448802,-0.063761659,0.410674810
859,1696358,1386421,hiding,chest_hidden,0.088715270,1.207694769,-0.468524218,-0.181366488,0.685274601,0.334544331,0.620954990,-0.150738686,-0.001773562,-0.849466145,0.881040990,-0.037734348,-0.057611652,0.467999816,-0.020239513,-0.023122411,-0.860410154,0.864540577,-0.060160927,-0.106605321,0.487427473,-0.081094526,-0.123500943,-0.719036937,0.910361528,-0.035229899,-0.058490291,0.408141792
860,1696469,1386532,hiding,chest_hidden,0.090991057,1.207993031,-0.468464613,-0.180986539,0.686503410,0.337107092,0.618316889,-0.147241592,0.001325715,-0.852356374,0.881082237,-0.039621953,-0.058619022,0.467640936,-0.016631847,-0.020723414,-0.864640713,0.865799546,-0.066843331,-0.106287107,0.484382302,-0.078820795,-0.120227039,-0.717808485,0.909046948,-0.037191968,-0.057548065,0.411021501
861,1696566,1386629,hiding,chest_hidden,0.093439855,1.209089398,-0.468665659,-0.176294193,0.684688389,0.337867498,0.621263027,-0.153409332,0.000420664,-0.850835383,0.879628241,-0.039646290,-0.060741525,0.470098704,-0.023571938,-0.022302609,-0.866803646,0.864302278,-0.067024708,-0.110183880,0.486157149,-0.085191205,-0.121557221,-0.721279979,0.909846723,-0.039587155,-0.062909000,0.408233106
862,1696664,1386727,hiding,chest_hidden,0.095039897,1.209368706,-0.468056202,-0.174716294,0.678352714,0.340117723,0.627400815,-0.169217408,0.001824472,-0.850115895,0.879355729,-0.033008527,-0.070908099,0.469697803,-0.039286423,-0.020710390,-0.866882205,0.863950908,-0.059979234,-0.117948368,0.485880107,-0.098209880,-0.120910257,-0.724582553,0.910466075,-0.034244310,-0.072610475,0.405717432
863,1696773,1386836,hiding,chest_hidden,0.097073443,1.209612489,-0.466642410,-0.174181744,0.678296387,0.339735538,0.627817333,-0.168486863,0.002912644,-0.853626013,0.879283726,-0.037328690,-0.072352067,0.469288707,-0.038529940,-0.019656520,-0.868287861,0.862590134,-0.061248157,-0.116293788,0.488531083,-0.096799880,-0.119463652,-0.724981010,0.909833908,-0.034013856,-0.070280641,0.407560945
864,1696872,1386935,hiding,chest_hidden,0.099282458,1.209610701,-0.465523571,-0.176178589,0.679210424,0.339892894,0.626184583,-0.163339257,0.005207736,-0.854153574,0.879486442,-0.034878757,-0.070318937,0.469406366,-0.033434574,-0.017046344,-0.871998608,0.864702046,-0.060502924,-0.118411437,0.484364033,-0.092177942,-0.117304370,-0.726262033,0.909862161,-0.034765936,-0.067473166,0.407908797
865,1696967,1387030,hiding,chest_hidden,0.101468422,1.209060192,-0.465088755,-0.178789988,0.680482984,0.341202617,0.623344064,-0.157922029,0.013136048,-0.856194675,0.881203711,-0.038122892,-0.068200409,0.466235369,-0.027982472,-0.009464722,-0.870626926,0.864711463,-0.063220173,-0.116183445,0.484539717,-0.087900348,-0.110103354,-0.727996111,0.910754502,-0.035833135,-0.064856581,0.406246126
866,1697079,1387142,hiding,chest_hidden,0.103774734,1.210146427,-0.465126514,-0.175333381,0.676810741,0.345647573,0.625869930,-0.165571272,0.016971517,-0.855267942,0.881083906,-0.038760707,-0.072073787,0.465826333,-0.036262661,-0.006336149,-0.870095611,0.864960670,-0.063751608,-0.121147767,0.482806444,-0.095257550,-0.106746495,-0.728471518,0.910729170,-0.036621716,-0.073657103,0.404729396
867,1697179,1387242,hiding,chest_hidden,0.105064474,1.211001635,-0.463336140,-0.175159723,0.679694712,0.343920410,0.623741090,-0.157153964,0.012429703,-0.858400226,0.879263043,-0.040975887,-0.071336113,0.469178706,-0.027819190,-0.011289027,-0.875772953,0.865414858,-0.065710552,-0.119253047,0.482201219,-0.088221952,-0.111238584,-0.730339170,0.910761058,-0.040538702,-0.070151724,0.404907078
