sample_id,logger_ms,recording_ms,test_type,phase_label,camera_x,camera_y,camera_z,camera_qx,camera_qy,camera_qz,camera_qw,common_x,common_y,common_z,common_qx,common_qy,common_qz,common_qw,chest_x,chest_y,chest_z,chest_qx,chest_qy,chest_qz,chest_qw,navel_x,navel_y,navel_z,navel_qx,navel_qy,navel_qz,navel_qw
0,718812,64,stationary,stationary_front,0.504316688,1.363209963,0.028065333,-0.160144359,-0.768132031,-0.159034133,0.599195421,-0.299561858,-0.745153010,-1.499450564,0.813739538,0.189184740,-0.128262267,0.534402370,-0.183396056,-0.756691813,-1.615119576,0.817808747,0.177653491,-0.169416487,0.520505667,-0.174311876,-0.812353730,-1.427456021,0.831794202,0.211371824,-0.131592527,0.496108651
1,719117,369,stationary,stationary_front,0.503857791,1.365267873,0.028530791,-0.156927079,-0.768961251,-0.156625345,0.599617422,-0.296396434,-0.756628752,-1.487505913,0.816084325,0.189651847,-0.128036946,0.530702472,-0.182253838,-0.769673109,-1.605963469,0.812612712,0.179674387,-0.158991918,0.531130075,-0.173413277,-0.821953177,-1.411570668,0.860074520,0.221747458,-0.110985026,0.445850044
2,719424,676,stationary,stationary_front,0.504451990,1.366226912,0.028838137,-0.157263651,-0.769407630,-0.153875902,0.599668443,-0.300251663,-0.762449920,-1.481807351,0.808086991,0.192984402,-0.126502007,0.541986823,-0.184630468,-0.767359436,-1.583692431,0.806175292,0.181444287,-0.163515419,0.538908124,-0.177902997,-0.820627391,-1.400967479,0.821405292,0.195172191,-0.126696050,0.520720005
3,719729,981,stationary,stationary_front,0.504354239,1.368197441,0.027382929,-0.157496452,-0.768703103,-0.147182778,0.602185786,-0.304751039,-0.781859398,-1.489250898,0.821268499,0.182385117,-0.139704481,0.522241771,-0.185250074,-0.777674973,-1.569197893,0.803067148,0.177279398,-0.165721998,0.544234753,-0.180990666,-0.846168518,-1.412979841,0.826099157,0.200737804,-0.154345438,0.503430247
4,720021,1273,stationary,stationary_front,0.503096581,1.369570732,0.024458814,-0.158039957,-0.768400550,-0.140904412,0.603928745,-0.307830811,-0.794497848,-1.484624267,0.816802442,0.181216002,-0.138969392,0.529794276,-0.187365025,-0.788924992,-1.557614684,0.798957646,0.168019563,-0.171178758,0.551483393,-0.184658572,-0.856987059,-1.403945804,0.829087019,0.189429849,-0.153032899,0.503300965
5,720326,1578,stationary,stationary_front,0.503155828,1.369732857,0.021489045,-0.159404099,-0.768442154,-0.138975620,0.603964210,-0.312503994,-0.800905585,-1.493193507,0.819528997,0.185813025,-0.138067931,0.524197400,-0.194403127,-0.814396322,-1.598987103,0.975395143,0.187847108,0.011037484,-0.114873871,-0.187180564,-0.858011127,-1.398722768,0.856488585,0.206862360,-0.130209759,0.454621494
6,720631,1883,stationary,stationary_front,0.503724158,1.368897438,0.018266795,-0.160421178,-0.769287944,-0.139330789,0.602534771,-0.312985837,-0.795417547,-1.490665913,0.815458119,0.189166650,-0.145585716,0.527303457,-0.191777170,-0.789435387,-1.563660979,0.799856663,0.176123515,-0.170747951,0.547772825,-0.188877210,-0.860604644,-1.410190463,0.872404516,0.193437517,-0.145604059,0.424607813
7,720938,2190,stationary,stationary_front,0.507568955,1.367721438,0.014683399,-0.163499996,-0.769946098,-0.140910849,0.600495517,-0.315514684,-0.781066895,-1.482411981,0.818450034,0.179477975,-0.134844825,0.528908491,-0.193425685,-0.771478057,-1.548223853,0.790257514,0.170407906,-0.160840929,0.566201746,-0.191908941,-0.846622586,-1.406997085,0.828311443,0.193753362,-0.153273895,0.502858818
8,721257,2509,stationary,stationary_front,0.510745168,1.367174625,0.013267320,-0.164477497,-0.772714674,-0.141643018,0.596486747,-0.325220287,-0.776813984,-1.475248098,0.813327789,0.183626264,-0.139582634,0.534130991,-0.212460890,-0.797923207,-1.599354029,0.976266146,0.178868398,-0.007990642,-0.121847063,-0.203881472,-0.855386257,-1.424813390,0.846172452,0.182923719,-0.171274796,0.470314801
9,721562,2814,stationary,stationary_front,0.512966871,1.367303967,0.013384301,-0.163774908,-0.773690522,-0.141487628,0.595451057,-0.323542893,-0.767807484,-1.450521946,0.797554851,0.184428766,-0.126843065,0.560181320,-0.209761903,-0.780380309,-1.559913158,0.802608609,0.178049430,-0.176928580,0.541123033,-0.203113765,-0.837234020,-1.387081623,0.817132294,0.194496468,-0.151031956,0.521205544
10,721868,3120,stationary,stationary_front,0.513387740,1.368082285,0.013721826,-0.162508145,-0.773688912,-0.140223861,0.596098900,-0.327779710,-0.792762160,-1.480664849,0.818151772,0.181816295,-0.146417484,0.525483072,-0.211566314,-0.797128677,-1.575473309,0.809331715,0.174091160,-0.183701769,0.530026615,-0.195731401,-0.816574812,-1.341365695,0.813980222,0.178098857,-0.196549311,0.516802967
11,722187,3439,stationary,stationary_front,0.512479067,1.368821621,0.014648515,-0.160563871,-0.773270786,-0.138592511,0.597548008,-0.322139740,-0.794178188,-1.467452526,0.811260402,0.190028682,-0.141606793,0.534502864,-0.205722928,-0.797407031,-1.559107661,0.802276134,0.172079444,-0.185484126,0.540682375,-0.198424101,-0.861477017,-1.397551060,0.828845143,0.192478180,-0.161765695,0.499799728
12,722492,3744,stationary,stationary_front,0.514713228,1.367133260,0.013778836,-0.155693814,-0.772516072,-0.136892840,0.600198925,-0.307888865,-0.805707455,-1.454078436,0.803268015,0.188296750,-0.127869129,0.550412893,-0.192638814,-0.813640475,-1.553147316,0.799075961,0.176231101,-0.193245813,0.541365266,-0.185236409,-0.869915366,-1.380029321,0.824140012,0.198676392,-0.149476036,0.508898675
13,722701,3953,stationary,stationary_front,0.543657601,1.360140204,0.039481703,-0.155344144,-0.753110349,-0.125680670,0.626815319,-0.263234377,-0.845169902,-1.441139698,0.819113374,0.154831454,-0.130273506,0.536758184,-0.138156444,-0.844381213,-1.507740498,0.800249040,0.148296863,-0.166340485,0.556722879,-0.141972035,-0.885879338,-1.318619370,0.823394001,0.164482430,-0.134984657,0.526067495
14,722911,4163,stationary,stationary_front,0.579788208,1.356339812,0.101808414,-0.159909576,-0.706817448,-0.105856016,0.680905700,-0.190701172,-0.881103933,-1.405678391,0.996029019,0.068117574,-0.048793443,-0.030089604,-0.060706623,-0.910984337,-1.491389751,0.989323616,0.128863141,0.062644094,-0.026624452,-0.087322742,-0.926043391,-1.273871422,0.832689285,0.105856866,-0.100615717,0.534134209
15,723120,4372,stationary,stationary_front,0.619277120,1.365363359,0.191985577,-0.186715186,-0.653475046,-0.087403275,0.728332698,-0.182197452,-0.849171519,-1.377685189,0.820478082,0.007128766,-0.058624115,0.568619490,-0.050644033,-0.893778682,-1.444653034,0.996342421,0.037406120,0.071209535,-0.028839570,-0.103388518,-0.915206313,-1.250552654,0.839799047,0.025992347,-0.067995533,0.537994921
16,723340,4592,stationary,stationary_front,0.652670681,1.366847634,0.258539379,-0.203156009,-0.616787016,-0.090451300,0.755062878,-0.165997744,-0.819713593,-1.404110432,0.836818039,-0.032428760,-0.040405907,0.545024157,-0.030975446,-0.830325305,-1.403527021,0.819685042,-0.040133737,-0.081368506,0.565583706,-0.099360153,-0.886744618,-1.264549136,0.853796422,-0.011848112,-0.039983988,0.518934131
17,723577,4829,stationary,stationary_front,0.677133203,1.362655997,0.292566359,-0.196330711,-0.609124780,-0.111637607,0.760235667,-0.139637873,-0.820189416,-1.422764897,0.998432994,-0.043974973,-0.028109200,-0.020188672,-0.002138723,-0.847827077,-1.454359531,0.996746719,0.004389398,0.078888915,-0.015914802,-0.072279379,-0.874200881,-1.263672352,0.860852480,-0.003236818,-0.013431447,0.508666933
18,723814,5066,stationary,stationary_front,0.683236182,1.361784697,0.294996500,-0.194597200,-0.613044202,-0.111925408,0.757483661,-0.149937063,-0.815110564,-1.399421453,0.841464937,-0.017894793,-0.028301684,0.539273143,-0.014528519,-0.836520851,-1.422871947,0.837420762,-0.032671563,-0.053296667,0.542971969,-0.081747264,-0.873162508,-1.247449040,0.857143342,0.000933502,-0.021149209,0.514642715
19,724036,5288,stationary,stationary_front,0.685047388,1.362663865,0.287346631,-0.193092048,-0.607581913,-0.108503632,0.762749374,-0.129735172,-0.826951027,-1.395104647,0.840190470,-0.024775932,-0.019031962,0.541390836,0.005846638,-0.841955781,-1.404147148,0.832184315,-0.039936919,-0.048416004,0.550935864,-0.064562581,-0.887952864,-1.246074438,0.856519580,-0.007487321,-0.023849403,0.515508890
20,724271,5523,stationary,stationary_front,0.685211420,1.363264561,0.285067469,-0.192654297,-0.608107448,-0.105978504,0.762796283,-0.131015748,-0.820473075,-1.371707439,0.831164002,-0.030173354,-0.010038666,0.555117309,0.005263623,-0.842644453,-1.391200781,0.830766499,-0.041111484,-0.067789041,0.550945997,-0.066167712,-0.890287578,-1.238410473,0.856639981,-0.008495805,-0.023694167,0.515300274
21,724507,5759,stationary,stationary_front,0.683919191,1.363539219,0.286382258,-0.192968324,-0.604133308,-0.105303876,0.765961707,-0.122005895,-0.828216493,-1.386434674,0.835100412,-0.031291362,-0.021779085,0.548774838,0.012534678,-0.854707479,-1.409073114,0.996155441,0.000446022,0.083501711,-0.026489645,-0.058879014,-0.890599430,-1.240709662,0.852438390,-0.011679726,-0.020106057,0.522310495
22,724742,5994,stationary,stationary_front,0.682196736,1.364158750,0.292209983,-0.192037940,-0.601243019,-0.102461167,0.768849790,-0.121831551,-0.836599708,-1.389878273,0.836644411,-0.033738624,-0.020885237,0.546307325,0.013741270,-0.862799883,-1.411762714,0.833585680,-0.050110810,-0.043638736,0.548378944,-0.059660114,-0.902514696,-1.248028755,0.854911804,-0.016740387,-0.022567213,0.518011808
23,724981,6233,stationary,stationary_front,0.680789411,1.364876032,0.298779190,-0.188439354,-0.603407800,-0.102550313,0.768031955,-0.128249645,-0.838657975,-1.379147172,0.834928513,-0.035797954,-0.010329275,0.549095809,0.007322874,-0.872982264,-1.415563583,0.835236192,-0.050659020,-0.044113692,0.545773089,-0.065472797,-0.908339500,-1.244645357,0.856926799,-0.012898015,-0.018222401,0.514954448
24,725256,6508,stationary,stationary_front,0.679822803,1.365337610,0.301418543,-0.187871709,-0.602844298,-0.101170570,0.768796146,-0.130876675,-0.836102843,-1.370382667,0.826062322,-0.040865250,-0.017065199,0.561836302,0.004315250,-0.877807736,-1.417191625,0.835345328,-0.050206356,-0.043316737,0.545711696,-0.068496540,-0.911753953,-1.244589686,0.856767297,-0.014241499,-0.017370053,0.515213907
25,725492,6744,stationary,stationary_front,0.679272294,1.365453124,0.302114666,-0.187131494,-0.601577282,-0.101394244,0.769938827,-0.125455216,-0.852942586,-1.393159509,0.998557091,-0.050499875,-0.014287805,-0.011376654,0.010763403,-0.875886083,-1.413996458,0.834234297,-0.051691491,-0.043417122,0.547262371,-0.062635913,-0.913345575,-1.246525288,0.855223835,-0.015822191,-0.020351864,0.517617345
26,725728,6980,stationary,stationary_front,0.679224551,1.364161849,0.301245183,-0.189087823,-0.602010071,-0.104664139,0.768684030,-0.126719028,-0.847012401,-1.407226682,0.998056412,-0.057832982,-0.022624392,-0.005189367,0.011160798,-0.867526412,-1.424786329,0.838677406,-0.050113618,-0.040565919,0.540798604,-0.061856169,-0.894795775,-1.241758347,0.852327168,-0.011712709,-0.018535854,0.522549152
27,725964,7216,stationary,stationary_front,0.680221200,1.362922549,0.302784830,-0.189460054,-0.605728745,-0.108860835,0.765079677,-0.132435560,-0.833449841,-1.401462078,0.998029828,-0.050984818,-0.029951986,-0.020972345,0.004347987,-0.845601559,-1.409164310,0.831969798,-0.041838676,-0.045632508,0.551356018,-0.066402897,-0.885799110,-1.243805289,0.851755083,-0.009205249,-0.025345933,0.523245871
28,726216,7468,stationary,stationary_front,0.681521952,1.361884356,0.304354578,-0.189125359,-0.609507322,-0.113222763,0.761520267,-0.138991997,-0.833489120,-1.414334893,0.998326719,-0.044322945,-0.033314280,-0.016414408,-0.001268260,-0.829745293,-1.398160934,0.829999149,-0.031991672,-0.060411274,0.553559780,-0.070984595,-0.882197022,-1.250482798,0.855720818,0.000089396,-0.017817790,0.517131090
29,726451,7703,stationary,stationary_front,0.682150006,1.361686468,0.306610823,-0.187011316,-0.615638077,-0.117092833,0.756509006,-0.149233669,-0.830510616,-1.408578038,0.998184085,-0.038965233,-0.039964512,-0.022651833,-0.012495350,-0.841680348,-1.423116803,0.838766813,-0.016707066,-0.050451186,0.541891038,-0.079155751,-0.882500052,-1.252160430,0.853169978,0.007430719,-0.020862285,0.521162748
30,726687,7939,stationary,stationary_front,0.682504654,1.362417221,0.306317776,-0.185308486,-0.616845548,-0.117258728,0.755918503,-0.147826269,-0.827755451,-1.395727038,0.998150945,-0.034177318,-0.042794663,-0.026367618,-0.012126695,-0.832252800,-1.398990035,0.828801692,-0.017048266,-0.058299664,0.556235731,-0.078537703,-0.883788109,-1.246873856,0.855353892,0.009481301,-0.024307240,0.517386675
31,726923,8175,stationary,stationary_front,0.682341099,1.363663554,0.306365043,-0.183593780,-0.618366361,-0.114630282,0.755497396,-0.153957605,-0.837781310,-1.391543031,0.998240709,-0.034060676,-0.043769963,-0.020965844,-0.018418608,-0.851989150,-1.410356760,0.830805063,-0.023292767,-0.051599339,0.553676784,-0.083683819,-0.889122844,-1.236998320,0.850525618,0.009036750,-0.023141949,0.525346518
32,727161,8413,stationary,stationary_front,0.681517065,1.364441633,0.305798024,-0.182521254,-0.615547299,-0.112711966,0.758342624,-0.145632714,-0.832590938,-1.375852227,0.831313968,-0.015050020,-0.013418446,0.555437267,-0.009780319,-0.837202668,-1.374780655,0.814718068,-0.016068636,-0.052722659,0.577231884,-0.076665767,-0.899643660,-1.241277337,0.852628291,0.004543934,-0.031359036,0.521556556
33,727396,8648,stationary,stationary_front,0.680117846,1.365077853,0.304478377,-0.182221502,-0.613916039,-0.110727467,0.760027528,-0.142062619,-0.844489157,-1.382517815,0.998021305,-0.040750388,-0.036292382,-0.031237731,-0.005707640,-0.865543544,-1.409869075,0.832954705,-0.024396311,-0.054047428,0.550154746,-0.073647209,-0.906067431,-1.244049788,0.854546666,0.004209006,-0.023557600,0.518822968
34,727618,8870,stationary,stationary_front,0.679207265,1.365326524,0.302998692,-0.182280749,-0.613744080,-0.108864680,0.760421216,-0.143215448,-0.849546731,-1.388971090,0.833934009,-0.015734607,-0.025283333,0.551060081,-0.007771533,-0.871198058,-1.410077453,0.997829020,0.005977358,0.061262023,-0.023419050,-0.075256221,-0.904538035,-1.237186074,0.853181183,0.002556759,-0.019043250,0.521260679
35,727853,9105,stationary,stationary_front,0.678899944,1.365279675,0.302536607,-0.181929544,-0.613583028,-0.108177915,0.760733247,-0.141509473,-0.839410782,-1.368568420,0.821932197,-0.023722339,-0.017903602,0.568809450,-0.005362827,-0.860706329,-1.393084049,0.828420520,-0.029002966,-0.055278115,0.556617141,-0.074173577,-0.901390672,-1.229004979,0.849558055,0.000971657,-0.024972979,0.526902735
36,728090,9342,stationary,stationary_front,0.678774059,1.365466356,0.300845504,-0.182291657,-0.612959385,-0.107302442,0.761273146,-0.139982492,-0.851592898,-1.386416912,0.832976639,-0.016375098,-0.026644573,0.552423716,-0.004582338,-0.876028299,-1.413582921,0.831580937,-0.030941991,-0.046038792,0.552626550,-0.072988316,-0.913022876,-1.242388248,0.850136757,-0.000931832,-0.027558086,0.525839448
37,728326,9578,stationary,stationary_front,0.677982628,1.365782976,0.299074113,-0.181966707,-0.612463415,-0.106279947,0.761893213,-0.138946027,-0.859512150,-1.390556335,0.998185515,-0.047416221,-0.034761123,-0.013003289,-0.001513492,-0.880188584,-1.413605094,0.833152115,-0.031475194,-0.051253837,0.549763560,-0.070798352,-0.910132170,-1.234656692,0.847615182,-0.003500255,-0.025275040,0.529997587
38,728562,9814,stationary,stationary_front,0.676785648,1.365786552,0.298271984,-0.181296542,-0.613077343,-0.106018811,0.761595547,-0.138182670,-0.846459389,-1.370412111,0.831499755,-0.023071507,-0.009543667,0.554963708,-0.002659382,-0.875968933,-1.404617906,0.829073548,-0.028309565,-0.054162573,0.555789590,-0.071133181,-0.906142473,-1.227188587,0.843671441,0.003060934,-0.020306183,0.536466956
39,728798,10050,stationary,stationary_front,0.675071478,1.365981221,0.298074424,-0.180871993,-0.613921762,-0.105471477,0.761092126,-0.140315890,-0.857112408,-1.385323524,0.833336949,-0.014521530,-0.025672115,0.551977813,-0.004279193,-0.880928397,-1.412031889,0.833615005,-0.033251557,-0.055304237,0.548563480,-0.073161408,-0.919001937,-1.243230104,0.854353070,0.002775977,-0.023685949,0.519145548
40,729021,10273,stationary,stationary_front,0.673052788,1.366276264,0.297961026,-0.180323616,-0.614106894,-0.104503527,0.761206388,-0.141957477,-0.864078224,-1.389750600,0.998307467,-0.045644958,-0.035478245,-0.006324644,-0.004969373,-0.876299262,-1.401449561,0.828570247,-0.024073580,-0.062003274,0.555920482,-0.073529191,-0.917794108,-1.238419175,0.847262621,0.002286996,-0.019288456,0.530818999
41,729257,10509,stationary,stationary_front,0.671884179,1.366312981,0.297563672,-0.181109115,-0.613838971,-0.104149289,0.761284530,-0.141310409,-0.847343326,-1.372801185,0.828285635,-0.028600173,-0.011793700,0.559451520,-0.005625539,-0.862097979,-1.383564949,0.820921063,-0.028469773,-0.063697338,0.566763401,-0.073976859,-0.906471431,-1.227987766,0.842326760,0.001171946,-0.025003593,0.538385630
42,729494,10746,stationary,stationary_front,0.671888292,1.365759850,0.296636820,-0.182326227,-0.613937676,-0.104323655,0.760890484,-0.141193151,-0.836017847,-1.360988855,0.819125175,-0.022175908,-0.017279997,0.572925508,-0.006342556,-0.852066517,-1.374925613,0.816724181,-0.027501794,-0.061038591,0.573131442,-0.074164741,-0.902120233,-1.227622628,0.841021597,-0.000417222,-0.024184408,0.540460527
43,729745,10997,stationary,stationary_front,0.672627807,1.365748048,0.294881105,-0.181906894,-0.614023328,-0.105117775,0.760812402,-0.139197975,-0.847528696,-1.376948237,0.830774188,-0.019411158,-0.013552084,0.556106031,-0.003556224,-0.883601308,-1.419819117,0.996932745,0.009419580,0.077361263,-0.007183845,-0.071219780,-0.902443290,-1.226782918,0.844111800,0.003571088,-0.021228492,0.535734892
44,730033,11285,stationary,stationary_front,0.673315465,1.366356969,0.293292820,-0.181216344,-0.614407241,-0.103935972,0.760829687,-0.139835507,-0.858059406,-1.383218288,0.834404230,-0.017323757,-0.024428250,0.550338745,-0.004376953,-0.881964445,-1.409424543,0.829992175,-0.033092458,-0.050902985,0.554460943,-0.072001621,-0.913963914,-1.233254433,0.845862865,0.002757858,-0.016072785,0.533151150
45,730313,11565,stationary,stationary_front,0.673967361,1.365819931,0.292425752,-0.182041094,-0.612740338,-0.104631893,0.761880875,-0.135298565,-0.859388947,-1.389246225,0.998320699,-0.046500400,-0.031275451,-0.014674776,0.001957923,-0.876543164,-1.406470418,0.829839170,-0.033748642,-0.056701977,0.554087460,-0.067464016,-0.912870407,-1.237004638,0.845631897,0.000040276,-0.021249428,0.533343554
46,730590,11842,stationary,stationary_front,0.672812462,1.365972281,0.292877853,-0.181314141,-0.612617314,-0.104071967,0.762229800,-0.133453771,-0.856692433,-1.383199930,0.830330789,-0.017097188,-0.025702389,0.556415260,0.002170198,-0.880751014,-1.407967687,0.830581367,-0.033797752,-0.054444853,0.553197980,-0.067260534,-0.920922637,-1.243979096,0.851815403,-0.006366831,-0.033132218,0.522754431
47,730883,12135,stationary,stationary_front,0.671220362,1.366018772,0.294338703,-0.180917755,-0.612052321,-0.103639230,0.762836576,-0.135087252,-0.872118592,-1.403671384,0.998650789,-0.044261958,-0.026898824,-0.003737440,0.002445281,-0.882413924,-1.410540342,0.829360723,-0.034783699,-0.048370667,0.555527925,-0.066311002,-0.914578080,-1.235725641,0.847972929,-0.005363181,-0.024487553,0.529446542
48,731147,12399,stationary,stationary_front,0.670309424,1.366322041,0.296215981,-0.180016503,-0.611523449,-0.103693135,0.763466358,-0.132213056,-0.861917555,-1.386994958,0.998490810,-0.044109829,-0.030041782,-0.012957615,0.003647845,-0.858920932,-1.373081207,0.811453223,-0.025858061,-0.047037516,0.581947088,-0.065019466,-0.907652378,-1.225562930,0.840098143,0.000155023,-0.020417254,0.542050004
49,731437,12689,stationary,stationary_front,0.669270813,1.366387486,0.297299504,-0.180285871,-0.610736966,-0.102972172,0.764129639,-0.131358847,-0.846521020,-1.367211699,0.822073698,-0.026854632,-0.009411161,0.568669558,0.002929911,-0.887522638,-1.414025307,0.997578502,0.003173643,0.065940373,-0.021884976,-0.065938801,-0.913834453,-1.233730555,0.843296409,-0.001758515,-0.016659565,0.537187576
50,731715,12967,stationary,stationary_front,0.667802453,1.366461635,0.297999054,-0.180517823,-0.609731257,-0.102163896,0.764986098,-0.132179588,-0.872916877,-1.404679656,0.998690903,-0.044198073,-0.025390478,-0.004283832,0.005346231,-0.879359722,-1.403450489,0.823891640,-0.034523390,-0.050441496,0.563441575,-0.064745493,-0.912477970,-1.232860923,0.844910741,-0.006200998,-0.021283681,0.534447789
51,731993,13245,stationary,stationary_front,0.665628910,1.366544008,0.297218770,-0.180664539,-0.608766019,-0.101244047,0.765841961,-0.131087199,-0.876876771,-1.412216783,0.997624338,-0.056792144,-0.038391691,-0.006821202,0.007446487,-0.864506841,-1.381524801,0.811659098,-0.027102593,-0.050441846,0.581317902,-0.062986135,-0.914258957,-1.235780239,0.847265244,-0.008129914,-0.020356435,0.530717492
52,732270,13522,stationary,stationary_front,0.663625419,1.366930008,0.295647770,-0.180039898,-0.609628379,-0.100309864,0.765425920,-0.130072936,-0.865835071,-1.392780185,0.831254721,-0.021657320,-0.017552249,0.555192411,0.005764358,-0.881356418,-1.402594209,0.826499045,-0.037557654,-0.054149676,0.559067607,-0.064586371,-0.917684674,-1.236344576,0.843986154,-0.006713538,-0.019844843,0.535955727
53,732548,13800,stationary,stationary_front,0.662541687,1.367263436,0.294405609,-0.179898158,-0.611727357,-0.100250475,0.763790667,-0.133524001,-0.863697648,-1.389458656,0.829302013,-0.019553166,-0.026957139,0.557807505,0.002109800,-0.882536650,-1.405064344,0.825811684,-0.036408536,-0.055504464,0.560025811,-0.067596525,-0.920861602,-1.241291046,0.848172843,-0.003665724,-0.022876490,0.529212654
54,732827,14079,stationary,stationary_front,0.662104249,1.367290020,0.291710407,-0.180549309,-0.612618685,-0.100075558,0.762945116,-0.135722294,-0.864416361,-1.393151164,0.836351752,-0.023492772,-0.018309092,0.547383368,0.000933059,-0.884895980,-1.411402106,0.827171326,-0.031075291,-0.053541236,0.558529675,-0.068210036,-0.912085533,-1.231510162,0.840137124,-0.001773241,-0.023592997,0.541857779
55,733104,14356,stationary,stationary_front,0.662672758,1.367313147,0.289827675,-0.182399437,-0.611495078,-0.097968005,0.763679624,-0.136055276,-0.857807338,-1.382487059,0.828529716,-0.020775486,-0.027220955,0.558897018,0.000578653,-0.899973273,-1.433944464,0.838588953,-0.045811102,-0.052759103,0.540265083,-0.070468768,-0.918649733,-1.239374518,0.845576882,-0.006242633,-0.024001567,0.533277273
56,733382,14634,stationary,stationary_front,0.664052725,1.367234707,0.290105164,-0.182178184,-0.611475170,-0.098172039,0.763722122,-0.136391327,-0.863047123,-1.388139963,0.829581141,-0.022078555,-0.025942577,0.557346046,-0.000695132,-0.877754569,-1.396511793,0.824483812,-0.038451165,-0.052490175,0.562132359,-0.070482172,-0.917629957,-1.235892773,0.844971538,-0.005795993,-0.023498826,0.534263432
57,733661,14913,stationary,stationary_front,0.665194213,1.367594481,0.290367752,-0.181482643,-0.612084508,-0.097551256,0.763479173,-0.138744116,-0.863745809,-1.378326178,0.998557925,-0.043089692,-0.022427140,-0.022855330,-0.004063103,-0.890429378,-1.406965733,0.996928871,0.003251901,0.075812474,-0.019357082,-0.072381102,-0.923032641,-1.236802816,0.846819162,-0.005343589,-0.026531866,0.531191826
58,733939,15191,stationary,stationary_front,0.664041936,1.367740035,0.290094405,-0.181138590,-0.611553907,-0.096320018,0.764142096,-0.138497308,-0.873594284,-1.388721585,0.998425961,-0.049470853,-0.024802012,-0.009119567,-0.001386672,-0.877429843,-1.382506967,0.817105472,-0.037509914,-0.065122746,0.571568668,-0.071879484,-0.928694844,-1.239406228,0.851190925,-0.009309125,-0.024277758,0.524211705
59,734216,15468,stationary,stationary_front,0.662739873,1.367901802,0.289276809,-0.181059629,-0.611869931,-0.096266329,0.763914526,-0.138437897,-0.871007204,-1.386318445,0.998302579,-0.049046375,-0.026170539,-0.017364450,-0.001513980,-0.895820439,-1.412537336,0.829674006,-0.037363742,-0.057555646,0.554014862,-0.071846858,-0.922996879,-1.233509421,0.845146537,-0.007682793,-0.024524411,0.533916652
60,734493,15745,stationary,stationary_front,0.661410987,1.367905498,0.288945079,-0.181460261,-0.611003757,-0.095926046,0.764555275,-0.135590136,-0.860897541,-1.377060771,0.826563418,-0.026873684,-0.016173426,0.561969042,-0.000352968,-0.895061016,-1.413675070,0.828308880,-0.040846121,-0.050790712,0.556467772,-0.069742769,-0.916061401,-1.226933956,0.839634001,-0.010372357,-0.023240911,0.542556047
61,734771,16023,stationary,stationary_front,0.660841286,1.367697716,0.289623857,-0.181717873,-0.610863447,-0.096270151,0.764563024,-0.134930000,-0.852502406,-1.368382454,0.820464075,-0.035074413,-0.019833215,0.570276439,-0.000319384,-0.886691034,-1.405374765,0.826072335,-0.039561253,-0.051486831,0.559811294,-0.069712728,-0.918932557,-1.233842373,0.841516793,-0.008397063,-0.024391333,0.539614797
62,735049,16301,stationary,stationary_front,0.661257088,1.367514610,0.289839894,-0.181893751,-0.611035824,-0.096856415,0.764309347,-0.136187702,-0.863250494,-1.383552074,0.998765230,-0.040497944,-0.017097559,-0.023143627,0.000661518,-0.899853945,-1.427977681,0.836807430,-0.046388578,-0.053263195,0.542922139,-0.070487723,-0.921602488,-1.239752293,0.846938074,-0.006582394,-0.027801229,0.530923367
63,735341,16593,stationary,stationary_front,0.662118137,1.367402434,0.289963156,-0.181810290,-0.611773551,-0.097006917,0.763719738,-0.138993472,-0.875810862,-1.402365446,0.998720407,-0.044402394,-0.024146516,-0.001713810,-0.001304407,-0.874685466,-1.388133645,0.818438828,-0.035442755,-0.063372642,0.569987416,-0.071850143,-0.921574354,-1.238570452,0.846374393,-0.006313008,-0.023434963,0.532035172
64,735618,16870,stationary,stationary_front,0.663358569,1.367411613,0.288754463,-0.182154253,-0.610947073,-0.097151779,0.764280736,-0.134406179,-0.850756645,-1.367602229,0.821742535,-0.030013153,-0.013057790,0.568918169,0.001321416,-0.910122633,-1.441437244,0.996645629,0.000525107,0.081600256,0.006218287,-0.069188863,-0.918386936,-1.234720230,0.844487846,-0.005362337,-0.024615085,0.534982026
65,735896,17148,stationary,stationary_front,0.663587570,1.367416263,0.288491040,-0.181436673,-0.611827493,-0.097900264,0.763651371,-0.135209143,-0.866492331,-1.386576414,0.998493373,-0.048970833,-0.020042976,-0.014529994,0.001170173,-0.869904459,-1.379937768,0.814587593,-0.030388484,-0.062591620,0.575852334,-0.068878397,-0.919168115,-1.233804584,0.844464660,-0.007405092,-0.025161473,0.534968793
66,736175,17427,stationary,stationary_front,0.662948430,1.367651224,0.287932545,-0.180915415,-0.611431420,-0.097913161,0.764090478,-0.131737381,-0.852516294,-1.365551710,0.821106434,-0.027797086,-0.015666738,0.569882572,0.003066927,-0.888015628,-1.406274080,0.826867640,-0.038578168,-0.047281135,0.559076130,-0.066236570,-0.921609521,-1.235993385,0.845792055,-0.006337340,-0.025445322,0.532867968
67,736451,17703,stationary,stationary_front,0.662174881,1.367941737,0.288239509,-0.180465445,-0.610999584,-0.097282521,0.764622688,-0.132075608,-0.874124646,-1.392556429,0.998556912,-0.049524490,-0.018800411,-0.008832068,0.005364295,-0.880542278,-1.390691757,0.819249034,-0.033005700,-0.060142513,0.569319308,-0.065127641,-0.915673077,-1.224868298,0.839633226,-0.008861541,-0.029674781,0.542270124
68,736730,17982,stationary,stationary_front,0.662186503,1.368092656,0.288937300,-0.180285245,-0.610753238,-0.097255617,0.764865398,-0.130462691,-0.870373487,-1.387649536,0.828036189,-0.020614488,-0.026033770,0.559690535,0.005344480,-0.877716541,-1.383531570,0.819366336,-0.038059544,-0.064924285,0.568308949,-0.065070882,-0.922292829,-1.232408524,0.843943179,-0.006521068,-0.022950165,0.535901785
69,737008,18260,stationary,stationary_front,0.661991358,1.368062139,0.289185464,-0.180123463,-0.610851526,-0.097046204,0.764851630,-0.131431982,-0.855898023,-1.366546154,0.815732002,-0.034185175,-0.015166452,0.577219844,0.002988677,-0.895644248,-1.409248471,0.996884048,0.005122452,0.076893777,-0.016832158,-0.066056892,-0.923438191,-1.233866215,0.845702827,-0.007169894,-0.025042750,0.533018172
70,737285,18537,stationary,stationary_front,0.661847949,1.367814183,0.289367527,-0.180919886,-0.610737979,-0.096510828,0.764822066,-0.133117646,-0.868633926,-1.385444164,0.999022305,-0.038329676,-0.015765142,-0.015387232,0.002632327,-0.886417747,-1.399649620,0.823865891,-0.040649317,-0.053459600,0.562792003,-0.067485809,-0.921640635,-1.233378291,0.840898216,-0.009279828,-0.026016206,0.540487945
71,737562,18814,stationary,stationary_front,0.662218451,1.367520571,0.289477140,-0.181481838,-0.609922409,-0.097023934,0.765274763,-0.131667703,-0.873901904,-1.397966504,0.998942316,-0.043753807,-0.012014058,-0.007454010,0.005353399,-0.892728806,-1.413798213,0.830877066,-0.038331952,-0.056514803,0.552250087,-0.065741844,-0.920211852,-1.235107660,0.844862223,-0.009988075,-0.024621526,0.534323692
72,737841,19093,stationary,stationary_front,0.663137496,1.367416263,0.290030330,-0.181066304,-0.610212743,-0.097592369,0.765069366,-0.130919084,-0.849106848,-1.362198353,0.813426852,-0.031742260,-0.014021558,0.580631196,0.003070224,-0.892296433,-1.409837842,0.997032106,0.004348269,0.073555447,-0.022310521,-0.066207074,-0.921290278,-1.235947728,0.846833766,-0.007903293,-0.024633059,0.531228244
73,738105,19357,stationary,stationary_front,0.664843857,1.367207050,0.289729893,-0.181767300,-0.610342383,-0.097616918,0.764796555,-0.133068800,-0.868828893,-1.392885327,0.832671285,-0.028958360,-0.028231423,0.552288830,0.002648637,-0.881069303,-1.396216631,0.824158847,-0.039559394,-0.053315654,0.562454224,-0.067696735,-0.919065416,-1.233514786,0.843662500,-0.007154218,-0.022452202,0.536356509
74,738383,19635,stationary,stationary_front,0.665880084,1.367039561,0.288989693,-0.182005942,-0.610353827,-0.097435772,0.764753819,-0.132812127,-0.863349199,-1.381029606,0.999106586,-0.038395695,-0.009102426,-0.015129957,0.002667703,-0.882605791,-1.397677302,0.825331390,-0.039696168,-0.050319418,0.560999334,-0.067615584,-0.918936729,-1.232838273,0.845169663,-0.008427514,-0.025175337,0.533838451
75,738659,19911,stationary,stationary_front,0.666972637,1.366873622,0.288982451,-0.182345495,-0.610179842,-0.097892888,0.764753401,-0.131419733,-0.848916829,-1.363041878,0.814142823,-0.032040589,-0.026168540,0.579189122,0.003053091,-0.889096975,-1.409673572,0.829260826,-0.039706837,-0.048098516,0.555370450,-0.066645138,-0.913840175,-1.226743221,0.842296124,-0.006526418,-0.015315303,0.538758039
76,738924,20176,stationary,stationary_front,0.668039382,1.366993427,0.288907021,-0.182415798,-0.609400928,-0.098314553,0.765303433,-0.130100042,-0.866581559,-1.387690187,0.999121904,-0.037678141,-0.014402664,-0.011329290,0.005918771,-0.881156802,-1.397093058,0.824367523,-0.040501934,-0.052580174,0.562150478,-0.064660236,-0.918414116,-1.232705116,0.843783259,-0.007396911,-0.019915812,0.536263406
77,739214,20466,stationary,stationary_front,0.667086959,1.367380977,0.289544582,-0.181782141,-0.609964788,-0.097971745,0.765048862,-0.131350979,-0.852808952,-1.365669966,0.825212955,-0.028777933,-0.010104953,0.563997567,0.003685363,-0.879576683,-1.391459942,0.823926330,-0.039763775,-0.056323245,0.562487364,-0.066204585,-0.920246184,-1.233009100,0.848514915,-0.008265327,-0.026577931,0.528438926
78,739493,20745,stationary,stationary_front,0.665118933,1.367905736,0.290296942,-0.181075156,-0.610113680,-0.097675040,0.765135705,-0.131925181,-0.868343055,-1.384122729,0.998489678,-0.047288537,-0.025685159,-0.011063542,0.004063852,-0.869500279,-1.374178052,0.812787175,-0.034081466,-0.054898802,0.578966022,-0.066076711,-0.922686458,-1.233826995,0.843701661,-0.008943616,-0.024480918,0.536179185
79,739756,21008,stationary,stationary_front,0.662931204,1.368578792,0.289961696,-0.180307761,-0.609627962,-0.095522605,0.765975416,-0.131018624,-0.857608676,-1.363335729,0.814973056,-0.035352968,-0.015996359,0.578198254,0.003542937,-0.886429906,-1.390246153,0.816522896,-0.038415737,-0.045513324,0.574232638,-0.066264704,-0.929011941,-1.235631824,0.850258589,-0.011743465,-0.032234475,0.525245965
80,740036,21288,stationary,stationary_front,0.661079705,1.368810654,0.289784074,-0.179727137,-0.610017121,-0.093856201,0.766008019,-0.135716885,-0.889211178,-1.400807500,0.998790443,-0.045262031,-0.019067431,0.002341569,0.002698932,-0.891262293,-1.391600728,0.821418703,-0.041548137,-0.065725945,0.565000236,-0.068843961,-0.929901719,-1.230447769,0.840781689,-0.011049570,-0.028408030,0.540515602
81,740314,21566,stationary,stationary_front,0.660542130,1.368871212,0.290225893,-0.179372773,-0.610439122,-0.093555219,0.765791714,-0.134856671,-0.876162827,-1.379814625,0.998392522,-0.048560202,-0.023930274,-0.016780296,0.001524184,-0.905607462,-1.410856962,0.828212380,-0.038381521,-0.054565649,0.556429505,-0.069282889,-0.930471718,-1.230428100,0.841279626,-0.008876792,-0.027770458,0.539813578
82,740590,21842,stationary,stationary_front,0.662075996,1.368714809,0.289841920,-0.179511845,-0.610226393,-0.093734927,0.765906692,-0.134894490,-0.878411770,-1.382069945,0.998441100,-0.048987813,-0.020464564,-0.017228656,0.001885012,-0.903445065,-1.407204151,0.826361239,-0.040045738,-0.056411043,0.558874965,-0.068946652,-0.931245208,-1.230982542,0.843428552,-0.008916865,-0.025267646,0.536572754
83,740854,22106,stationary,stationary_front,0.664309084,1.368323326,0.289247185,-0.180314958,-0.609888673,-0.094381109,0.765907645,-0.133613378,-0.878604531,-1.385812521,0.999096572,-0.039098777,-0.012550490,-0.010948803,0.002340026,-0.896039724,-1.398998857,0.825003922,-0.041416559,-0.059922855,0.560412765,-0.068633661,-0.933720350,-1.236880660,0.849020898,-0.012477704,-0.024338678,0.527650774
84,741131,22383,stationary,stationary_front,0.665719926,1.368167043,0.288572550,-0.181163445,-0.609101355,-0.094001353,0.766380548,-0.132591978,-0.871831775,-1.376511216,0.999070466,-0.041392703,-0.005812842,-0.010540436,0.002789959,-0.898703218,-1.404235125,0.829918385,-0.042087391,-0.048920102,0.554139733,-0.067822367,-0.927409947,-1.228892803,0.844397902,-0.012723831,-0.027106939,0.534878969
85,741410,22662,stationary,stationary_front,0.666581511,1.367796421,0.288770914,-0.181365773,-0.608643115,-0.094800852,0.766598225,-0.131939411,-0.876150250,-1.386415601,0.998458624,-0.050228097,-0.022195593,-0.008056487,0.005148631,-0.897479415,-1.404265404,0.827509046,-0.040476758,-0.054522123,0.557330966,-0.066130750,-0.927791953,-1.230799675,0.846524417,-0.012213524,-0.026936563,0.531527698
86,741688,22940,stationary,stationary_front,0.667847216,1.367885351,0.289978713,-0.181053013,-0.609226942,-0.095819697,0.766081512,-0.131886974,-0.870673418,-1.380595922,0.830171466,-0.026517728,-0.019708920,0.556528270,0.003120754,-0.901465535,-1.408971190,0.996776164,0.002288415,0.079306319,-0.011943121,-0.066918917,-0.921137631,-1.222914815,0.840895891,-0.008217360,-0.015183413,0.540921569
87,741967,23219,stationary,stationary_front,0.669288635,1.367940426,0.290407687,-0.180872217,-0.608804584,-0.096294157,0.766400456,-0.131423414,-0.873944759,-1.381153584,0.998478353,-0.048453908,-0.024254542,-0.010247926,0.005026571,-0.902361393,-1.408731461,0.996258736,0.008822617,0.085542746,-0.008553023,-0.065839544,-0.928030491,-1.230556965,0.846822381,-0.012144575,-0.028669395,0.530963719
88,742229,23481,stationary,stationary_front,0.670307457,1.367859721,0.290562004,-0.180670410,-0.608391762,-0.096612386,0.766735733,-0.128563613,-0.870045602,-1.374078155,0.998501956,-0.047408063,-0.020721475,-0.017802382,0.006310448,-0.899680734,-1.404932261,0.996956110,0.001800328,0.076577432,-0.014531288,-0.064059198,-0.922526240,-1.223513246,0.844669700,-0.008783077,-0.016307181,0.534967363
89,742507,23759,stationary,stationary_front,0.670252323,1.368156075,0.290980965,-0.179993302,-0.609057546,-0.096446514,0.766387224,-0.131572261,-0.877582192,-1.382560849,0.998530686,-0.048664033,-0.022399053,-0.008155923,0.005524144,-0.921343327,-1.436848164,0.846966565,-0.043196641,-0.086267509,0.522818983,-0.065831885,-0.930531502,-1.229570270,0.846323073,-0.011115642,-0.026983777,0.531869829
90,742786,24038,stationary,stationary_front,0.669879377,1.368257880,0.291095614,-0.180104241,-0.608898461,-0.096148945,0.766524971,-0.131025314,-0.863323510,-1.364293218,0.821437657,-0.031560969,-0.012710229,0.569282472,0.005089298,-0.900235057,-1.402975917,0.827707529,-0.039611869,-0.053110834,0.557234585,-0.066062644,-0.929489374,-1.228252292,0.845658362,-0.010756074,-0.027333751,0.532915652
91,743062,24314,stationary,stationary_front,0.669116676,1.368421912,0.291526198,-0.180235282,-0.608579338,-0.095528252,0.766825199,-0.130912691,-0.861705899,-1.360195398,0.817253053,-0.034723412,-0.014097685,0.575059235,0.004463743,-0.880200148,-1.371906996,0.817215383,-0.041267365,-0.058222901,0.571897030,-0.066355199,-0.927002430,-1.224667192,0.844463825,-0.010048851,-0.020844286,0.535112500
92,743339,24591,stationary,stationary_front,0.667852283,1.368641257,0.292103648,-0.180011168,-0.608321190,-0.094886079,0.767162263,-0.132548943,-0.874346852,-1.377948284,0.830666661,-0.036114965,-0.006330915,0.555561423,0.004446104,-0.878520131,-1.367878914,0.812914371,-0.043211535,-0.058978770,0.577775538,-0.066470332,-0.924694061,-1.220574737,0.839790881,-0.011813732,-0.020148199,0.542407453
93,743618,24870,stationary,stationary_front,0.667504311,1.368538737,0.292695701,-0.179964602,-0.607399523,-0.094812110,0.767912209,-0.128323242,-0.869060993,-1.367288470,0.998477578,-0.043964501,-0.013098120,-0.030628977,0.005954958,-0.902022958,-1.402004004,0.996577203,0.002123057,0.081236310,-0.015169271,-0.064822093,-0.933502614,-1.233249187,0.847901344,-0.012155583,-0.024592794,0.529443979
94,743883,25135,stationary,stationary_front,0.667877436,1.368496418,0.293344498,-0.179311693,-0.607304633,-0.094981946,0.768119037,-0.127665237,-0.865758836,-1.363245845,0.822226703,-0.031720553,-0.011173073,0.568165660,0.008074157,-0.897451103,-1.394589782,0.826077878,-0.047404177,-0.049537905,0.559369445,-0.063455947,-0.924972892,-1.219297767,0.838311315,-0.008667964,-0.013329710,0.544959962
95,744173,25425,stationary,stationary_front,0.669016063,1.368252635,0.293555170,-0.179492548,-0.607141316,-0.095723942,0.768113792,-0.126147360,-0.866416216,-1.367244601,0.819779634,-0.024089612,-0.019274494,0.571847498,0.008791123,-0.895993829,-1.394627929,0.824680030,-0.044574130,-0.056514621,0.561001003,-0.062986776,-0.931005478,-1.229545593,0.845703900,-0.012475179,-0.025375860,0.532902777
96,744450,25702,stationary,stationary_front,0.669336379,1.368044496,0.294208169,-0.179307535,-0.607016385,-0.096310452,0.768182397,-0.126047194,-0.874347985,-1.375507593,0.998894811,-0.041282553,-0.006080484,-0.021632908,0.009254351,-0.902780890,-1.403851151,0.996616006,0.003445785,0.081013523,-0.013470865,-0.061938457,-0.931553245,-1.230705976,0.845251560,-0.011294631,-0.022100559,0.533791900
97,744729,25981,stationary,stationary_front,0.669289947,1.368372440,0.294876605,-0.178561538,-0.606871128,-0.096575566,0.768437624,-0.125284761,-0.879440308,-1.380985022,0.998688340,-0.046309765,-0.021306390,-0.004798498,0.010247733,-0.892588973,-1.387061715,0.819088519,-0.039423987,-0.043278199,0.570672154,-0.060765278,-0.924539566,-1.219216585,0.838207304,-0.006222267,-0.007821384,0.545260131
98,745007,26259,stationary,stationary_front,0.668428302,1.368837237,0.295404136,-0.177718863,-0.606846929,-0.096266136,0.768690884,-0.126826286,-0.891395330,-1.394885659,0.998449624,-0.050827086,-0.021982491,0.005637445,0.009897675,-0.888932943,-1.378480554,0.814426661,-0.042557087,-0.046149485,0.576860726,-0.060887251,-0.927510619,-1.220362782,0.842563808,-0.008761933,-0.012512034,0.538379967
99,745272,26524,stationary,stationary_front,0.666871488,1.368968487,0.296280026,-0.177654088,-0.607375920,-0.095702559,0.768358350,-0.128249168,-0.883901834,-1.384215355,0.998456538,-0.051370811,-0.020516584,-0.004966013,0.008774742,-0.888682008,-1.378289580,0.816821754,-0.040824316,-0.059798956,0.572328329,-0.062935442,-0.934010983,-1.228966832,0.845637441,-0.011584410,-0.025047310,0.533043861
100,745548,26800,stationary,stationary_front,0.665249228,1.369126916,0.296012491,-0.177702934,-0.607617319,-0.094849661,0.768261969,-0.129126549,-0.884231091,-1.386711240,0.833934546,-0.031660017,-0.019976316,0.550592244,0.006188534,-0.904950857,-1.398581743,0.996315062,0.004039468,0.084930100,-0.011263984,-0.064823695,-0.936234832,-1.231298685,0.846026301,-0.010942245,-0.023547508,0.532508492
101,745826,27078,stationary,stationary_front,0.665083230,1.369199872,0.296056539,-0.178078488,-0.607523739,-0.093970455,0.768357038,-0.131575838,-0.887593627,-1.390961885,0.834146023,-0.030837245,-0.012589404,0.550537109,0.005853921,-0.910284877,-1.408403397,0.830052972,-0.046700645,-0.055356037,0.552961826,-0.065993749,-0.935979247,-1.229777575,0.841867447,-0.012526573,-0.025434293,0.538939118
102,746090,27342,stationary,stationary_front,0.665448606,1.369253516,0.296389788,-0.177830800,-0.607528746,-0.093942977,0.768413782,-0.131055802,-0.885007024,-1.385594130,0.832400858,-0.029459849,-0.014927218,0.553189039,0.006049663,-0.906997859,-1.401703238,0.826548278,-0.042491682,-0.050079945,0.559020936,-0.065882176,-0.937927723,-1.230354786,0.844565034,-0.013974321,-0.028698016,0.534500778
103,746367,27619,stationary,stationary_front,0.667280555,1.368958592,0.296460360,-0.178050444,-0.607425213,-0.094886050,0.768328905,-0.130740836,-0.886731267,-1.387532830,0.998758137,-0.048253994,-0.012254193,0.001894526,0.006294742,-0.901416421,-1.396521926,0.828386843,-0.042184375,-0.050899994,0.556241691,-0.065570883,-0.939745367,-1.235284448,0.847783267,-0.012200894,-0.021600045,0.529762447
104,746648,27900,stationary,stationary_front,0.668317199,1.369071841,0.297271162,-0.177800894,-0.607395649,-0.094579332,0.768447876,-0.131486118,-0.884684980,-1.384263515,0.832937360,-0.028095573,-0.012151238,0.552520096,0.005776428,-0.889568269,-1.374352336,0.817401826,-0.041082468,-0.056576688,0.571809113,-0.066243857,-0.933757901,-1.224652886,0.844756603,-0.011819623,-0.021874378,0.534572840
105,746911,28163,stationary,stationary_front,0.668373168,1.369008422,0.297884762,-0.177993536,-0.607097566,-0.094541699,0.768643379,-0.130624071,-0.869102120,-1.362381458,0.820512354,-0.033728641,-0.010099764,0.570543587,0.007413574,-0.922458053,-1.424960494,0.838222682,-0.048786245,-0.041288257,0.541569948,-0.066483736,-0.927816093,-1.217432976,0.839623868,-0.010996860,-0.016001141,0.542821109
106,747189,28441,stationary,stationary_front,0.667110384,1.369128227,0.298225373,-0.177574456,-0.606792092,-0.094440132,0.768993974,-0.129100144,-0.882555246,-1.377359867,0.998632073,-0.047369648,-0.010539376,-0.019468324,0.006415483,-0.909636736,-1.405301929,0.827418387,-0.042395242,-0.043703165,0.558275461,-0.065709345,-0.941118479,-1.234075785,0.847342968,-0.013214138,-0.026412254,0.530224144
107,747465,28717,stationary,stationary_front,0.665228605,1.369554520,0.298485428,-0.176856071,-0.607127905,-0.094434224,0.768895209,-0.128918022,-0.887924910,-1.384122610,0.998716772,-0.047267500,-0.018052807,-0.002163784,0.006588869,-0.891734838,-1.376806140,0.812307119,-0.042872850,-0.048023239,0.579666197,-0.064435281,-0.937759399,-1.229015708,0.847250283,-0.009421425,-0.020053789,0.530731618
108,747744,28996,stationary,stationary_front,0.663067460,1.370156646,0.297989517,-0.175414592,-0.606794715,-0.093482740,0.769604385,-0.125556976,-0.886892200,-1.378439307,0.826807559,-0.025710203,-0.016380290,0.561658204,0.010807253,-0.920185685,-1.412131429,0.830473661,-0.047921468,-0.044325259,0.553219974,-0.061595850,-0.940933168,-1.226481080,0.839455307,-0.012095384,-0.024797266,0.542727888
109,748007,29259,stationary,stationary_front,0.661773980,1.370395422,0.298024684,-0.174952179,-0.606850266,-0.092844389,0.769743085,-0.125521779,-0.887031078,-1.372068048,0.998770773,-0.042413011,-0.011237793,-0.023059923,0.009261005,-0.915032446,-1.398345709,0.996523559,0.003776244,0.082703188,-0.009316574,-0.062381495,-0.949065328,-1.234623194,0.845423758,-0.014576208,-0.021525428,0.533463240
110,748285,29537,stationary,stationary_front,0.662567019,1.370241642,0.298922181,-0.175036639,-0.606996238,-0.092750750,0.769620061,-0.127992243,-0.879040956,-1.363018990,0.820445299,-0.031754039,-0.010635662,0.570743501,0.007383872,-0.906150281,-1.387892127,0.816916823,-0.043762632,-0.043118365,0.573474109,-0.063785367,-0.935063481,-1.216875196,0.835326195,-0.014052381,-0.020023530,0.549210072
111,748549,29801,stationary,stationary_front,0.664760888,1.369811296,0.300510794,-0.175284877,-0.606842339,-0.093359038,0.769611418,-0.128519461,-0.886088431,-1.376273513,0.826704681,-0.027410559,-0.017250057,0.561703146,0.006594982,-0.911655903,-1.397951126,0.821064770,-0.042695194,-0.041197270,0.567743480,-0.065326810,-0.951867223,-1.239359617,0.848614633,-0.012807497,-0.020766087,0.528448641
112,748842,30094,stationary,stationary_front,0.666062415,1.369396210,0.301604152,-0.175941035,-0.606284678,-0.093893029,0.769836187,-0.128689200,-0.886729002,-1.376685143,0.998634040,-0.048696883,-0.017006343,-0.008337287,0.006119676,-0.908632398,-1.393034101,0.996346891,0.001301066,0.084071152,-0.014942074,-0.065402031,-0.946591854,-1.235058188,0.848222017,-0.013364672,-0.019045191,0.529129624
113,749104,30356,stationary,stationary_front,0.667082846,1.368747711,0.303295434,-0.177252382,-0.605525196,-0.095824040,0.769895196,-0.127488226,-0.863996804,-1.361427307,0.817344129,-0.035839558,-0.011141323,0.574926019,0.008192424,-0.900624156,-1.399460912,0.827412784,-0.047707465,-0.046547253,0.557624876,-0.063887723,-0.924916625,-1.219792485,0.835196435,-0.011172711,-0.013401601,0.549674749
114,749384,30636,stationary,stationary_front,0.668247521,1.367955089,0.304622799,-0.179593474,-0.605074763,-0.097431801,0.769504905,-0.129601359,-0.872004807,-1.388403535,0.830958426,-0.028359352,-0.017936507,0.555321753,0.006246686,-0.889023423,-1.397372842,0.825103045,-0.042502459,-0.047667071,0.561361253,-0.065899201,-0.925626636,-1.233342171,0.843209743,-0.012724259,-0.025496198,0.536828995
115,749646,30898,stationary,stationary_left_view,0.670430779,1.367643833,0.306504905,-0.179865763,-0.604624331,-0.098272331,0.769688427,-0.130854622,-0.882382751,-1.403967381,0.998302579,-0.053929735,-0.021545287,0.004400183,0.006020583,-0.883699119,-1.391804457,0.824138582,-0.047223430,-0.051102761,0.562097907,-0.066074722,-0.923661470,-1.233190060,0.847828031,-0.012297102,-0.025191152,0.529529810
116,749925,31177,stationary,stationary_left_view,0.671415031,1.367732763,0.308549613,-0.179556772,-0.605106175,-0.098700225,0.769327104,-0.131032705,-0.857435882,-1.367058039,0.825122178,-0.030570373,-0.007618320,0.564075112,0.004707612,-0.904883504,-1.423357368,0.836351812,-0.048075296,-0.039510004,0.544649839,-0.067228317,-0.919903100,-1.227012157,0.841731489,-0.012806634,-0.019563109,0.539389789
117,750187,31439,stationary,stationary_left_view,0.671750605,1.367848039,0.309631795,-0.179045603,-0.603340268,-0.099016175,0.770791173,-0.127925068,-0.875866890,-1.394240022,0.835283577,-0.031044481,-0.007268365,0.548894048,0.009527192,-0.891091824,-1.399974704,0.827753484,-0.041885335,-0.047389690,0.557516038,-0.063439205,-0.917112887,-1.222360611,0.840016305,-0.011131294,-0.008899084,0.542374074
118,750466,31718,stationary,stationary_left_view,0.670493186,1.367836952,0.309587598,-0.181133822,-0.598404825,-0.095719010,0.774558008,-0.120142311,-0.857380152,-1.367288709,0.815393507,-0.051196907,-0.010966714,0.576534510,0.015083935,-0.890186667,-1.395947099,0.824453831,-0.051544067,-0.040039159,0.562152982,-0.059640519,-0.927245915,-1.234456182,0.846597791,-0.020621758,-0.014137262,0.531645715
119,750716,31968,stationary,stationary_left_view,0.669677913,1.369588852,0.297179580,-0.184377983,-0.599702120,-0.089580327,0.773522794,-0.129931092,-0.878045559,-1.384443641,0.997749507,-0.064783119,-0.015534801,-0.007600311,0.006393455,-0.883431315,-1.372325182,0.814504147,-0.050811924,-0.057531558,0.575057685,-0.067770913,-0.927735507,-1.224925160,0.840759516,-0.022346655,-0.016565170,0.540693760
120,750979,32231,stationary,stationary_left_view,0.667000771,1.370398164,0.251635134,-0.187808156,-0.619044542,-0.080468647,0.758311808,-0.158651248,-0.884208560,-1.360274196,0.827154100,-0.028328221,-0.043847106,0.559545457,-0.024556104,-0.918609619,-1.392136693,0.996433973,0.004366596,0.084256850,0.000992681,-0.091053039,-0.939169466,-1.210258961,0.837461829,-0.013258615,-0.050398406,0.544005394
121,751244,32496,stationary,stationary_left_view,0.660533011,1.365938187,0.148676977,-0.168018565,-0.656078756,-0.093146861,0.729831576,-0.108799540,-0.911974430,-1.326693535,0.820150614,0.024497293,-0.066244766,0.567771554,0.025803171,-0.939535618,-1.373561859,0.818035066,0.007909020,-0.089328319,0.568134248,-0.027127517,-0.971402049,-1.197270155,0.841850102,0.036704700,-0.071599424,0.533680379
122,751508,32760,stationary,stationary_left_view,0.644420266,1.361679196,0.042136528,-0.168510690,-0.689340353,-0.108970851,0.696088672,-0.078371719,-0.882304311,-1.356633782,0.817749798,0.070998885,-0.079768971,0.565580487,0.054230556,-0.894626260,-1.402101636,0.814607501,0.057774533,-0.119249046,0.564673662,0.014905114,-0.933941305,-1.224967480,0.834359229,0.083830200,-0.088359378,0.537596285
123,751798,33050,stationary,stationary_left_view,0.623511672,1.362782598,-0.019593531,-0.182162225,-0.711296558,-0.115758754,0.668935120,-0.107785553,-0.820771694,-1.375409007,0.807186246,0.082307070,-0.094118476,0.576903462,0.022467509,-0.845152736,-1.454861760,0.813572705,0.088030383,-0.138143018,0.557912767,-0.006242771,-0.893684506,-1.280072451,0.838587165,0.103868268,-0.109172016,0.523511589
124,752088,33340,stationary,stationary_left_view,0.604906082,1.365205765,-0.039488304,-0.188460946,-0.720036447,-0.104106717,0.659690678,-0.147008121,-0.837136507,-1.408923030,0.825038195,0.099028081,-0.116351157,0.544029415,-0.018286664,-0.850338221,-1.467968345,0.814130127,0.085380137,-0.155050009,0.553047955,-0.042863514,-0.902297854,-1.298958302,0.840965629,0.103492565,-0.127391025,0.515594542
125,752381,33633,stationary,stationary_left_view,0.588994384,1.369816184,-0.031762440,-0.185057268,-0.726465344,-0.105348498,0.653378606,-0.171214417,-0.838986278,-1.415739179,0.818642735,0.102165036,-0.123635463,0.551453173,-0.044495888,-0.870061636,-1.509696126,0.817884445,0.087854199,-0.169204548,0.542877972,-0.065188579,-0.901958168,-1.307156324,0.837459445,0.113394506,-0.130829036,0.518350363
126,752658,33910,stationary,stationary_left_view,0.575445235,1.370541453,-0.022372639,-0.180752620,-0.732953131,-0.104256190,0.647486567,-0.198704243,-0.850164711,-1.430260420,0.824270308,0.108786024,-0.133168042,0.539453804,-0.070806079,-0.857441962,-1.488621235,0.807038009,0.102914400,-0.170195580,0.555996239,-0.089098305,-0.921556115,-1.335216284,0.833914876,0.123677671,-0.153549716,0.515472829
127,752965,34217,stationary,stationary_left_view,0.567058802,1.372454762,-0.023981575,-0.176583424,-0.734850466,-0.100291997,0.647112489,-0.202508867,-0.866977930,-1.431773543,0.825543702,0.108515240,-0.146610886,0.534047961,-0.074963942,-0.884349465,-1.504485488,0.810007513,0.101137318,-0.164853334,0.553608716,-0.090725616,-0.916580975,-1.304067969,0.855338633,0.135110274,-0.108943187,0.488131553
128,753256,34508,stationary,stationary_left_view,0.561781704,1.373089552,-0.028536683,-0.174552813,-0.735573411,-0.098744817,0.647080064,-0.198723093,-0.874665260,-1.433569193,0.820719242,0.106828287,-0.133826390,0.545067072,-0.070948735,-0.883809686,-1.494373322,0.802023411,0.100202039,-0.171337098,0.563348532,-0.087423697,-0.924676299,-1.312023878,0.828117967,0.125334337,-0.138516709,0.528512239
129,753548,34800,stationary,stationary_left_view,0.557263255,1.373909235,-0.029584670,-0.171767607,-0.736228526,-0.096676670,0.647392511,-0.194967076,-0.875292659,-1.418821096,0.809262455,0.112393595,-0.132340133,0.561202347,-0.071209699,-0.907363415,-1.516136050,0.811997056,0.100081198,-0.173730582,0.548144281,-0.085852951,-0.933337927,-1.310216069,0.826819837,0.122854687,-0.142673329,0.530018926
130,753826,35078,stationary,stationary_left_view,0.555115283,1.374446869,-0.027216319,-0.170405999,-0.736965418,-0.095694438,0.647059798,-0.197850302,-0.873234093,-1.407844663,0.801610112,0.111123599,-0.124369316,0.574112415,-0.075842872,-0.904514134,-1.505329967,0.801551521,0.096878372,-0.163984820,0.566779315,-0.089310914,-0.934534431,-1.306083202,0.825864673,0.123652838,-0.144535139,0.530817330
131,754118,35370,stationary,stationary_left_view,0.553619862,1.374794126,-0.026753662,-0.168530464,-0.737581551,-0.095275499,0.646910787,-0.198083311,-0.885318756,-1.414824009,0.992066324,0.110099815,-0.029179163,-0.053206928,-0.075605944,-0.933683515,-1.538866043,0.982877791,0.162580162,0.080981754,-0.030999564,-0.088817239,-0.940565884,-1.306751013,0.823635519,0.125113755,-0.140231907,0.535075784
132,754395,35647,stationary,stationary_left_view,0.552700162,1.374694824,-0.028549343,-0.167705461,-0.737881362,-0.094704881,0.646867037,-0.198604539,-0.891412497,-1.419406533,0.992243350,0.112600066,-0.033502560,-0.040644120,-0.070877120,-0.900721908,-1.485355735,0.799246967,0.092554852,-0.184726298,0.564370513,-0.088190839,-0.949047983,-1.314862967,0.827696800,0.123539113,-0.149302378,0.526654422
133,754687,35939,stationary,stationary_left_view,0.552541912,1.375168562,-0.029494952,-0.167683676,-0.737801850,-0.093059540,0.647202134,-0.197590470,-0.889493346,-1.411625624,0.805066824,0.113010556,-0.131911799,0.567181885,-0.073607445,-0.929270983,-1.520671606,0.802717924,0.107193492,-0.152000591,0.566612184,-0.088115737,-0.947387099,-1.305169463,0.824402928,0.121161029,-0.142722145,0.534144402
134,754979,36231,stationary,stationary_left_view,0.553900778,1.374572635,-0.029296856,-0.167799711,-0.738050044,-0.094447084,0.646687806,-0.197897196,-0.888045907,-1.416227937,0.812498868,0.108569615,-0.137693331,0.555966556,-0.073900536,-0.928462744,-1.521878481,0.984086096,0.157944694,0.066546790,-0.046899322,-0.087755725,-0.932247400,-1.287070632,0.842226923,0.136392444,-0.095652536,0.512739420
135,755257,36509,stationary,stationary_left_view,0.554909050,1.374322772,-0.028726911,-0.167413220,-0.738517344,-0.095745601,0.646063268,-0.198254108,-0.890547991,-1.418027043,0.992203295,0.111679807,-0.037486453,-0.040682480,-0.071502462,-0.898170590,-1.481184244,0.797807217,0.105683871,-0.175680995,0.566983938,-0.086952291,-0.942965865,-1.307015419,0.825883925,0.126779690,-0.141844556,0.530775666
136,755548,36800,stationary,stationary_left_view,0.554773629,1.374559402,-0.029061096,-0.166440681,-0.739249051,-0.096311428,0.645393252,-0.197008550,-0.886285126,-1.411977053,0.806606829,0.117177516,-0.128420621,0.564945281,-0.071143150,-0.903585434,-1.486440182,0.796121001,0.108512223,-0.163767070,0.572360814,-0.085886255,-0.942940593,-1.304664254,0.824059963,0.124374136,-0.143163547,0.533816874
137,755825,37077,stationary,stationary_left_view,0.554644465,1.374963522,-0.030169597,-0.166029036,-0.739646971,-0.095632158,0.645144403,-0.200319022,-0.901131988,-1.431655884,0.823459625,0.111923754,-0.151891679,0.535085201,-0.071267843,-0.903528214,-1.481734753,0.797037601,0.105108231,-0.174418226,0.568561077,-0.086431719,-0.948419631,-1.308050275,0.827175260,0.129455611,-0.142012849,0.528066993
138,756117,37369,stationary,stationary_left_view,0.554843485,1.374986410,-0.030845415,-0.166353226,-0.739560485,-0.095444575,0.645187736,-0.198114127,-0.891891718,-1.416348100,0.812919199,0.117663726,-0.132597789,0.554739118,-0.070952550,-0.904471636,-1.485476494,0.801840723,0.093055338,-0.187784702,0.559579372,-0.086455643,-0.947439671,-1.307320952,0.826662600,0.128858849,-0.141678438,0.529104531
139,756409,37661,stationary,stationary_left_view,0.554179013,1.375263453,-0.030002870,-0.165420294,-0.740024149,-0.095034860,0.644956410,-0.198468670,-0.894751132,-1.415369034,0.810436428,0.117628962,-0.130967140,0.558752120,-0.072411016,-0.906714916,-1.483635187,0.796575367,0.111184858,-0.179486021,0.566471875,-0.087083951,-0.947094679,-1.302825093,0.823872507,0.128910348,-0.139551818,0.533986449
140,756687,37939,stationary,stationary_left_view,0.553909302,1.375006318,-0.029011231,-0.165829808,-0.739795387,-0.094731450,0.645158350,-0.198598400,-0.879586339,-1.393604875,0.797831357,0.123529173,-0.111240096,0.579509556,-0.074674167,-0.911127448,-1.489883423,0.798502862,0.104629077,-0.169574305,0.568058431,-0.088870294,-0.948083878,-1.304273367,0.822079062,0.127793580,-0.143115014,0.536071777
141,756979,38231,stationary,stationary_left_view,0.552526891,1.375096321,-0.027262218,-0.165339977,-0.739003301,-0.094462410,0.646230400,-0.198509574,-0.897271991,-1.416574359,0.992310166,0.111840770,-0.036990270,-0.037998848,-0.071643978,-0.904575586,-1.478471637,0.796250582,0.105657294,-0.178002968,0.568450868,-0.087200180,-0.947569489,-1.303096056,0.824417889,0.126440957,-0.144597575,0.532390237
142,757271,38523,stationary,stationary_left_view,0.551987350,1.374847889,-0.024477750,-0.165093437,-0.738948762,-0.095117576,0.646259665,-0.198674038,-0.895968020,-1.415991545,0.992244065,0.110304199,-0.033573166,-0.046449594,-0.073996425,-0.927620292,-1.518076897,0.804416299,0.109468669,-0.155505434,0.562804699,-0.087623566,-0.944432795,-1.300882339,0.821824133,0.124685511,-0.142376468,0.537389576
143,757548,38800,stationary,stationary_left_view,0.552204370,1.374736428,-0.021873761,-0.164734319,-0.739258766,-0.095960304,0.645872056,-0.202288315,-0.894822598,-1.421450734,0.819269061,0.111452706,-0.138375118,0.545187116,-0.074898794,-0.902096272,-1.478702188,0.791744530,0.109685503,-0.163270056,0.578318775,-0.090389326,-0.946088076,-1.305014610,0.823445022,0.128331348,-0.137818500,0.535234034
144,757838,39090,stationary,stationary_left_view,0.552974939,1.374169469,-0.020786436,-0.165012211,-0.738194227,-0.096900366,0.646877587,-0.198453724,-0.892879009,-1.417071581,0.992232502,0.108106479,-0.038451135,-0.048053440,-0.071333230,-0.899737835,-1.479554057,0.794309139,0.107408866,-0.163709134,0.575096250,-0.087330170,-0.928222060,-1.281712890,0.837021828,0.139550775,-0.092077449,0.521000803
145,758118,39370,stationary,stationary_left_view,0.552889943,1.374331951,-0.020543581,-0.164555371,-0.739678681,-0.097104818,0.645265520,-0.202037588,-0.893226624,-1.416624546,0.992036700,0.113100015,-0.034493156,-0.043380000,-0.077708714,-0.923318744,-1.517053127,0.803935587,0.110214010,-0.159184203,0.562317371,-0.090775385,-0.942225158,-1.301762700,0.819567561,0.131918788,-0.135278434,0.540930927
146,758394,39646,stationary,stationary_left_view,0.552144468,1.374615312,-0.022168957,-0.164116472,-0.739571631,-0.096652359,0.645567894,-0.201684505,-0.895986617,-1.421385765,0.812028408,0.118034787,-0.130052358,0.556564569,-0.074677333,-0.909743071,-1.490172744,0.796249449,0.108725764,-0.163448736,0.572232544,-0.089260347,-0.946031511,-1.304177761,0.823294520,0.128496915,-0.137302697,0.535558283
147,758673,39925,stationary,stationary_left_view,0.551459551,1.374792933,-0.025134698,-0.164406657,-0.739442885,-0.096181773,0.645711839,-0.197694138,-0.890293002,-1.412360191,0.806466222,0.114059366,-0.132854223,0.564758718,-0.071727872,-0.904719472,-1.483366966,0.792855680,0.112927862,-0.164569363,0.575798631,-0.086975016,-0.946403384,-1.305351973,0.822179019,0.128241271,-0.138768539,0.536953628
148,758964,40216,stationary,stationary_left_view,0.551756144,1.374898791,-0.028088218,-0.164903551,-0.739820302,-0.095320404,0.645280421,-0.198414385,-0.895582676,-1.414649367,0.992233872,0.110446528,-0.032479662,-0.047102366,-0.074310616,-0.928619981,-1.519719839,0.805769742,0.110937320,-0.160631225,0.559129357,-0.087391973,-0.947397709,-1.304751992,0.820824325,0.128266335,-0.138754711,0.539019823
149,759254,40506,stationary,stationary_left_view,0.553105414,1.374963045,-0.029598402,-0.165416330,-0.740299463,-0.094195701,0.644764543,-0.201295197,-0.895764947,-1.415966868,0.811519742,0.107974753,-0.140214428,0.556881666,-0.075144388,-0.907673478,-1.481345892,0.793433547,0.109335728,-0.167898908,0.574733734,-0.089707330,-0.947057128,-1.300768614,0.822141111,0.125230417,-0.140419126,0.537293017
150,759490,40742,stationary,stationary_left_view,0.553888381,1.374648213,-0.029853312,-0.165864125,-0.740943968,-0.093617998,0.643992841,-0.204460487,-0.896544933,-1.410202026,0.992296636,0.110820785,-0.036286153,-0.041826606,-0.078259490,-0.905144334,-1.474945545,0.791753590,0.108000070,-0.168469533,0.577131152,-0.092967913,-0.948848784,-1.300608397,0.821961880,0.128926694,-0.138249323,0.537255645
151,759727,40979,stationary,stationary_left_view,0.553454459,1.374730349,-0.028373132,-0.165433824,-0.740580916,-0.093335778,0.644561887,-0.208432838,-0.911703706,-1.433917642,0.820767105,0.115861617,-0.153153628,0.538016260,-0.078304194,-0.915502310,-1.486444235,0.795344234,0.106373437,-0.168900535,0.572350383,-0.092299491,-0.950096667,-1.299255610,0.821611941,0.124469392,-0.141152829,0.538086534
152,759953,41205,stationary,stationary_left_view,0.552776754,1.374882102,-0.026308235,-0.164866343,-0.740278423,-0.093393482,0.645046234,-0.204906881,-0.901471198,-1.414263248,0.992799103,0.110085838,-0.033382647,-0.033416860,-0.078174263,-0.914659381,-1.484631300,0.794418693,0.106842779,-0.165344745,0.574582160,-0.092367962,-0.949722171,-1.298203945,0.819636881,0.126346275,-0.138147771,0.541430593
153,760186,41438,stationary,stationary_left_view,0.551935494,1.374852896,-0.023594139,-0.163907334,-0.741274476,-0.094025157,0.644054234,-0.208240181,-0.901527822,-1.413818598,0.992791653,0.110161826,-0.031668127,-0.035017807,-0.081940427,-0.912961602,-1.482423306,0.793484032,0.109701619,-0.165076986,0.575411379,-0.095659345,-0.949614942,-1.298298240,0.820193648,0.126049250,-0.141252831,0.539853394
154,760421,41673,stationary,stationary_left_view,0.551356792,1.374855042,-0.021571990,-0.163375422,-0.740688264,-0.094485991,0.644795954,-0.204012334,-0.883175910,-1.390603185,0.791554213,0.109790623,-0.122943297,0.588449597,-0.083570138,-0.945305049,-1.530248284,0.985153079,0.158066794,0.055146564,-0.038042501,-0.094483837,-0.951321423,-1.300689697,0.820365965,0.127529398,-0.143769145,0.538577974
155,760659,41911,stationary,stationary_left_view,0.551117957,1.374554157,-0.019776534,-0.163502678,-0.739897251,-0.095406853,0.645535827,-0.205144629,-0.900388360,-1.418393850,0.992750347,0.109294295,-0.035801806,-0.034925461,-0.078340910,-0.913269937,-1.488945842,0.796731770,0.106428571,-0.165502861,0.571402013,-0.092421912,-0.946679354,-1.299559951,0.820327044,0.127000317,-0.136111394,0.540747702
156,760895,42147,stationary,stationary_left_view,0.550957084,1.374399781,-0.018771496,-0.163377851,-0.739065588,-0.095547147,0.646498621,-0.201776251,-0.898057818,-1.414891601,0.992564559,0.110463507,-0.029447956,-0.041787878,-0.075174391,-0.906221747,-1.477890611,0.793056309,0.109025642,-0.162663877,0.576815069,-0.090826094,-0.946297586,-1.298749208,0.820170224,0.126257613,-0.140353814,0.540074766
157,761131,42383,stationary,stationary_left_view,0.551113486,1.374094963,-0.017948663,-0.163441733,-0.737702847,-0.096190736,0.647941828,-0.198219225,-0.898466110,-1.418347716,0.992237449,0.110239103,-0.042886220,-0.038380072,-0.071413159,-0.911823630,-1.490262270,0.800846398,0.102855258,-0.172677279,0.564135075,-0.086571276,-0.947446465,-1.303453326,0.821691811,0.128308490,-0.135212854,0.538587987
158,761367,42619,stationary,stationary_left_view,0.550560951,1.374177575,-0.018652471,-0.163487747,-0.737723291,-0.096138895,0.647914708,-0.195369050,-0.880259097,-1.395762563,0.803731620,0.114021398,-0.120176017,0.571465075,-0.071446411,-0.915438533,-1.496192336,0.802719712,0.103366062,-0.170837224,0.561935186,-0.086203523,-0.948299527,-1.304421186,0.822992086,0.127902389,-0.137860492,0.536022007
159,761603,42855,stationary,stationary_left_view,0.549588025,1.374437094,-0.020145115,-0.163472325,-0.738483667,-0.095651776,0.647123992,-0.199119970,-0.899479032,-1.420310855,0.992220521,0.113014422,-0.034104273,-0.039536033,-0.074623808,-0.929191828,-1.518086553,0.808107495,0.103043117,-0.183810085,0.550053060,-0.088046044,-0.946785450,-1.302332520,0.820721447,0.128462404,-0.141168892,0.538502514
160,761824,43076,stationary,stationary_left_view,0.548443019,1.375031233,-0.021737600,-0.162901103,-0.738759637,-0.094056800,0.647186816,-0.198516026,-0.894495368,-1.407645345,0.802228868,0.114150278,-0.123824403,0.572770596,-0.076564752,-0.950473785,-1.538580060,0.984926164,0.158879235,0.059927125,-0.032963917,-0.088564798,-0.952080369,-1.302374482,0.821571708,0.124555871,-0.142030269,0.537896991
161,762062,43314,stationary,stationary_left_view,0.548912048,1.375156164,-0.022457633,-0.163659111,-0.738301337,-0.093309842,0.647626460,-0.198658139,-0.900991321,-1.416028976,0.807430387,0.110075720,-0.137956977,0.562945306,-0.073165499,-0.926187456,-1.501387000,0.801236272,0.101550914,-0.164781928,0.566175580,-0.088219613,-0.953986287,-1.302910209,0.820416331,0.127202451,-0.140304446,0.539491653
162,762298,43550,stationary,stationary_left_view,0.550370991,1.375229836,-0.022650832,-0.163867325,-0.738267601,-0.093411557,0.647597611,-0.198343039,-0.899716675,-1.414505959,0.806446850,0.110840529,-0.137355283,0.564350426,-0.073794350,-0.934498906,-1.515951395,0.801905394,0.108727351,-0.152266651,0.567398429,-0.088239357,-0.953513563,-1.302359462,0.820340276,0.127469867,-0.139905870,0.539647698
163,762533,43785,stationary,stationary_left_view,0.551944673,1.374774337,-0.023208104,-0.164340839,-0.738369286,-0.093691617,0.647321284,-0.198187903,-0.896688700,-1.411284089,0.807959974,0.108885057,-0.132929236,0.563626230,-0.074219942,-0.932626665,-1.513889074,0.804050148,0.109059006,-0.153248712,0.564025164,-0.088209391,-0.951682687,-1.300625086,0.820438206,0.126543716,-0.139746547,0.539758027
164,762774,44026,stationary,stationary_left_view,0.553018689,1.374315619,-0.023976328,-0.164800420,-0.738664031,-0.093691081,0.646868110,-0.200481400,-0.896278739,-1.412816405,0.813009977,0.113452598,-0.144225538,0.552577853,-0.076754376,-0.945194066,-1.530222297,0.984639466,0.159877732,0.058376539,-0.038941626,-0.089053296,-0.951389551,-1.301253796,0.822752655,0.123748071,-0.140156031,0.536768854
165,763004,44256,stationary,stationary_left_view,0.553714275,1.374062777,-0.025240550,-0.165451005,-0.738949716,-0.094056524,0.646322429,-0.201916471,-0.902292073,-1.419097781,0.992342651,0.108576931,-0.041447110,-0.041824054,-0.074783474,-0.911670089,-1.484327912,0.797553301,0.100971453,-0.169836879,0.569972754,-0.089613035,-0.948644996,-1.300683737,0.821699560,0.125129476,-0.140312746,0.538019359
166,763241,44493,stationary,stationary_left_view,0.554047704,1.373682857,-0.026741704,-0.165833801,-0.738416731,-0.094467171,0.646773398,-0.197811112,-0.895774126,-1.414049387,0.992331326,0.110925913,-0.039421052,-0.037683420,-0.071055233,-0.909688592,-1.487521648,0.804189622,0.092354998,-0.187788576,0.556313813,-0.086393565,-0.945936799,-1.300149441,0.823270977,0.123105340,-0.142085463,0.535613358
167,763481,44733,stationary,stationary_left_view,0.553812861,1.373778582,-0.027313281,-0.165651262,-0.738010883,-0.094553404,0.647270620,-0.195291296,-0.897193372,-1.418721914,0.813011527,0.115956284,-0.132358328,0.555020392,-0.067846030,-0.904696167,-1.477606297,0.795750856,0.104741342,-0.175235614,0.570177436,-0.083688885,-0.947980642,-1.302325487,0.824051738,0.124439277,-0.137942895,0.535187304
168,763717,44969,stationary,stationary_left_view,0.553653657,1.373851538,-0.028030407,-0.165683955,-0.738211811,-0.094997972,0.646967947,-0.194725841,-0.896795630,-1.416502476,0.992257416,0.110427804,-0.038312104,-0.041989461,-0.067465380,-0.901795864,-1.475458980,0.794602036,0.105164997,-0.169923916,0.573300779,-0.083430484,-0.945963621,-1.301725626,0.822006881,0.127333686,-0.137753502,0.537693858
169,763950,45202,stationary,stationary_left_view,0.553635478,1.373888612,-0.029281525,-0.165927514,-0.737906218,-0.094680153,0.647300720,-0.191297233,-0.876607656,-1.391528368,0.793344498,0.108620264,-0.123879857,0.586054564,-0.067730322,-0.914970517,-1.495692253,0.803051114,0.101578280,-0.171685189,0.561529100,-0.082337245,-0.945575356,-1.301039457,0.822725654,0.124684192,-0.141849309,0.536148548
170,764186,45438,stationary,stationary_left_view,0.553903103,1.373875380,-0.029518183,-0.165713236,-0.737680614,-0.094609506,0.647623003,-0.191584080,-0.896268070,-1.415092587,0.992438018,0.112407103,-0.031815503,-0.037672151,-0.065740541,-0.911078453,-1.489440799,0.796716988,0.110256337,-0.188244149,0.563604295,-0.081088595,-0.948055565,-1.303325176,0.824733973,0.125840068,-0.140244752,0.533206880
171,764423,45675,stationary,stationary_left_view,0.554395080,1.374037743,-0.029098805,-0.165988401,-0.737603962,-0.094553471,0.647647977,-0.193979517,-0.903572440,-1.429946899,0.816347599,0.114639565,-0.144955888,0.547194839,-0.068987697,-0.938081503,-1.527479291,0.983864367,0.158140734,0.075239703,-0.036624745,-0.082142994,-0.948390484,-1.302383065,0.824324608,0.124096557,-0.142183527,0.533734918
172,764659,45911,stationary,stationary_left_view,0.554239511,1.373950601,-0.027907355,-0.166154712,-0.737535477,-0.094382964,0.647708237,-0.194627419,-0.897529483,-1.417085290,0.992200673,0.111566506,-0.038701732,-0.039912615,-0.067745417,-0.907984853,-1.483429074,0.797923028,0.102112278,-0.175595760,0.567501664,-0.083584495,-0.947704732,-1.302931070,0.824873805,0.125068530,-0.141284004,0.532897711
173,764897,46149,stationary,stationary_left_view,0.553375065,1.373868704,-0.026257936,-0.165883899,-0.737353504,-0.094605692,0.647952318,-0.194660649,-0.897502840,-1.417394042,0.992119074,0.109355956,-0.041683946,-0.044759613,-0.067709558,-0.905642688,-1.480762482,0.798542261,0.101932570,-0.175115272,0.566811025,-0.083661884,-0.947556019,-1.303531885,0.823597074,0.125758320,-0.139648095,0.535136640
174,765120,46372,stationary,stationary_left_view,0.552398443,1.373953581,-0.024049763,-0.165210724,-0.737505257,-0.094878867,0.647911608,-0.194550082,-0.894889355,-1.413301826,0.992364347,0.109545529,-0.035000097,-0.044584975,-0.068636604,-0.906367242,-1.482852697,0.796645582,0.107542045,-0.181926131,0.566298008,-0.084265202,-0.947084665,-1.303060651,0.821623206,0.129202321,-0.135281757,0.538461566
175,765370,46622,stationary,stationary_left_view,0.552065730,1.373755693,-0.021690072,-0.164421156,-0.738015950,-0.096005604,0.647364736,-0.195839241,-0.891390800,-1.414421439,0.805607736,0.110076614,-0.128232136,0.567834377,-0.072445855,-0.932168841,-1.521569729,0.984160781,0.160333619,0.061862901,-0.043516245,-0.085542753,-0.946121454,-1.303229570,0.823237121,0.122696862,-0.143922091,0.535268724
176,765605,46857,stationary,stationary_left_view,0.552198946,1.373764277,-0.019424256,-0.163868591,-0.738958240,-0.096866950,0.646300733,-0.199981794,-0.890229106,-1.411834478,0.806263208,0.115858391,-0.129669696,0.565422177,-0.075009830,-0.917947173,-1.503061771,0.800359964,0.111318648,-0.156734660,0.567861140,-0.088913716,-0.946137130,-1.303863764,0.822740376,0.125996873,-0.142193958,0.535727441
177,765842,47094,stationary,stationary_left_view,0.551881671,1.373601079,-0.019036431,-0.163891703,-0.738932014,-0.096708618,0.646348536,-0.201709688,-0.893519580,-1.417994142,0.812823892,0.120874666,-0.130546451,0.554674983,-0.074704856,-0.910889149,-1.492108822,0.797059536,0.108288869,-0.163394645,0.571202040,-0.089411132,-0.944553018,-1.302563667,0.822702408,0.127711087,-0.136130422,0.536953509
178,766075,47327,stationary,stationary_left_view,0.550715923,1.373757124,-0.019032052,-0.163455501,-0.738677740,-0.096421555,0.646792412,-0.199073732,-0.898578167,-1.419387817,0.991948366,0.112758413,-0.025250599,-0.051830143,-0.074372150,-0.921623945,-1.508207917,0.801500857,0.112154305,-0.156748131,0.566081107,-0.088305220,-0.946006894,-1.302447796,0.821245730,0.125710547,-0.141237661,0.538334727
179,766311,47563,stationary,stationary_left_view,0.549741745,1.374109030,-0.018725323,-0.163093686,-0.739033103,-0.096001610,0.646540165,-0.204712152,-0.909311891,-1.438493013,0.825143337,0.110389948,-0.155846491,0.531661987,-0.074691035,-0.910117149,-1.485101938,0.794486821,0.106871210,-0.166124299,0.574257791,-0.089623034,-0.947264194,-1.302134871,0.822448134,0.126477748,-0.139067262,0.536882460
180,766551,47803,stationary,stationary_left_view,0.549068987,1.374473333,-0.018221684,-0.162701517,-0.738622129,-0.095383361,0.647199869,-0.199160784,-0.885116100,-1.397104263,0.802784741,0.112218358,-0.133956000,0.570087314,-0.077027678,-0.932118297,-1.514953256,0.986439049,0.144616708,0.051204849,-0.058327679,-0.088816799,-0.950362146,-1.302935839,0.821626604,0.125511765,-0.144295305,0.536987364
181,766770,48022,stationary,stationary_left_view,0.549340904,1.374593258,-0.017766872,-0.162310332,-0.738683939,-0.095832057,0.647161245,-0.198497340,-0.900107026,-1.415698051,0.992306530,0.110942677,-0.033020485,-0.043920740,-0.073807269,-0.930828214,-1.516392827,0.802950263,0.109076664,-0.152986005,0.565657496,-0.087833688,-0.950258732,-1.303234935,0.820351958,0.128039569,-0.137506425,0.540111542
182,767009,48261,stationary,stationary_left_view,0.550379395,1.374279976,-0.017350113,-0.162712857,-0.739629209,-0.096529096,0.645875633,-0.204656616,-0.903776407,-1.429486275,0.814960122,0.122300617,-0.144994214,0.547594070,-0.078203395,-0.929613471,-1.518319249,0.807864130,0.105406553,-0.186941251,0.548906207,-0.091167070,-0.943116546,-1.293427706,0.849297941,0.146837085,-0.109634951,0.495087951
183,767242,48494,stationary,stationary_left_view,0.550809145,1.374088287,-0.017638214,-0.163100168,-0.739534140,-0.096336722,0.645915627,-0.204252660,-0.895948052,-1.417904854,0.809082687,0.127180710,-0.124663278,0.560061872,-0.079515323,-0.922496378,-1.507078409,0.794822276,0.107406430,-0.148478225,0.578511596,-0.092046179,-0.948739290,-1.304285526,0.824068904,0.129569098,-0.141831294,0.532922268
184,767478,48730,stationary,stationary_left_view,0.551047683,1.373914957,-0.017749906,-0.163592637,-0.739279151,-0.096183017,0.646105766,-0.201465279,-0.877856493,-1.392086148,0.803375781,0.114283673,-0.124489330,0.570989549,-0.080094919,-0.935877442,-1.525583148,0.985070527,0.155623540,0.061903913,-0.039816231,-0.092119664,-0.947005272,-1.302553177,0.823029876,0.129796937,-0.135104030,0.536210358
185,767714,48966,stationary,stationary_left_view,0.550792396,1.373762012,-0.017609259,-0.163438633,-0.739592969,-0.096336186,0.645762682,-0.204809025,-0.897461295,-1.417103291,0.992217302,0.111587591,-0.040606026,-0.037472121,-0.077907160,-0.904773653,-1.480459213,0.794902921,0.106864922,-0.167122111,0.573392987,-0.092534333,-0.947295904,-1.303721666,0.823024154,0.127163038,-0.142009616,0.535064518
186,767950,49202,stationary,stationary_left_view,0.550747275,1.374014258,-0.017785233,-0.163671046,-0.739517808,-0.095846377,0.645862758,-0.204992339,-0.896163523,-1.415119648,0.992196083,0.112684339,-0.037969831,-0.037517138,-0.078271478,-0.902366757,-1.476396799,0.794062614,0.109453559,-0.169479460,0.573377013,-0.093451843,-0.948004484,-1.304385662,0.821673930,0.130741179,-0.136633426,0.537670970
187,768187,49439,stationary,stationary_left_view,0.550262749,1.374115825,-0.018756760,-0.163866058,-0.739282310,-0.095082499,0.646195769,-0.207406014,-0.904923677,-1.430150151,0.816613913,0.120305717,-0.147048056,0.545018494,-0.078456402,-0.916117907,-1.494099855,0.796329737,0.108233735,-0.165955514,0.571492136,-0.092650518,-0.946766257,-1.300824046,0.821445227,0.125608951,-0.139437094,0.538523436
188,768408,49660,stationary,stationary_left_view,0.549464762,1.374155521,-0.019833246,-0.163788602,-0.739914477,-0.095453300,0.645436704,-0.205325633,-0.897613525,-1.417238712,0.992294252,0.111789457,-0.037854236,-0.037713483,-0.078410268,-0.901961565,-1.475947618,0.793676376,0.109313831,-0.171977341,0.573194683,-0.093369916,-0.946416795,-1.302539110,0.820330024,0.130358696,-0.136227801,0.539914012
189,768643,49895,stationary,stationary_left_view,0.547831297,1.374538898,-0.021328155,-0.163761631,-0.739909470,-0.094036385,0.645657241,-0.205172241,-0.899385810,-1.415383816,0.992081821,0.110645294,-0.037189346,-0.046349846,-0.081281111,-0.931460500,-1.513480306,0.983982086,0.158993125,0.065545753,-0.046949934,-0.094344340,-0.953856051,-1.308504462,0.822880030,0.126536340,-0.141945601,0.535451651
190,768881,50133,stationary,stationary_left_view,0.546037853,1.375170469,-0.022308230,-0.163477898,-0.739704549,-0.091781959,0.646288037,-0.207262307,-0.904073238,-1.418618560,0.811489820,0.118804820,-0.134886190,0.556035459,-0.083928213,-0.954349041,-1.541029811,0.979654312,0.175174907,0.095008872,-0.023761366,-0.095406584,-0.956550121,-1.304819942,0.822360575,0.127876118,-0.142638668,0.535747051
191,769116,50368,stationary,stationary_left_view,0.544741631,1.375755191,-0.022030801,-0.163727432,-0.739878297,-0.090544067,0.646200597,-0.206919402,-0.886460900,-1.388907909,0.785764277,0.106053717,-0.122122027,0.597003579,-0.085691810,-0.934660375,-1.508046746,0.804323137,0.101381071,-0.177456856,0.557938457,-0.098666333,-0.955987811,-1.300754905,0.820020139,0.125990003,-0.141455352,0.540077806
192,769340,50592,stationary,stationary_left_view,0.544253349,1.375612497,-0.021921817,-0.165615052,-0.738067269,-0.089583918,0.647922158,-0.208577752,-0.905173898,-1.419423103,0.993212283,0.105378054,-0.030700481,-0.038501296,-0.081902668,-0.915799618,-1.483613968,0.793488622,0.100918971,-0.176547021,0.573604703,-0.097970419,-0.958844781,-1.309097290,0.823862016,0.122412860,-0.145224482,0.534019113
193,769575,50827,stationary,stationary_left_view,0.542452216,1.376389265,-0.022296008,-0.165557414,-0.736519039,-0.085719652,0.650217414,-0.207371011,-0.908010662,-1.410906434,0.808211386,0.097134449,-0.145997852,0.562177837,-0.082105607,-0.930775046,-1.489032507,0.796165764,0.100633509,-0.178595483,0.569294870,-0.099438444,-0.987514377,-1.331294298,0.821658373,0.123410314,-0.163844362,0.531791747
194,769801,51053,stationary,stationary_left_view,0.541484773,1.377003670,-0.022052640,-0.165145442,-0.734603405,-0.083802365,0.652734280,-0.201377109,-0.908819079,-1.404990315,0.801716268,0.102514908,-0.130036920,0.574310124,-0.078834102,-0.962831318,-1.525232792,0.986458361,0.145138159,0.070863850,-0.028516842,-0.093410671,-0.968629003,-1.300027966,0.819371402,0.114997089,-0.140198812,0.543829381
195,770033,51285,stationary,stationary_left_view,0.542259276,1.376539469,-0.021627782,-0.165539622,-0.732617378,-0.084578536,0.654763281,-0.194952771,-0.906845868,-1.407896042,0.804674923,0.104676344,-0.128710479,0.570065618,-0.070001364,-0.956307054,-1.520442009,0.984395444,0.157181114,0.065402947,-0.044521630,-0.087603748,-0.967604518,-1.302798986,0.823774219,0.111900620,-0.140442193,0.537726939
196,770270,51522,stationary,stationary_left_view,0.544731021,1.375235915,-0.020812295,-0.167090222,-0.731657386,-0.087024786,0.655122161,-0.192621350,-0.901460648,-1.416298389,0.809336483,0.106711715,-0.128438219,0.563108146,-0.067797862,-0.951784372,-1.530418396,0.986084163,0.146606028,0.067986019,-0.039021444,-0.084746271,-0.961175084,-1.307926297,0.827835262,0.110955074,-0.142056480,0.531222820
197,770506,51758,stationary,stationary_left_view,0.547140419,1.374598980,-0.020808667,-0.168092191,-0.730876565,-0.088505343,0.655538917,-0.188066944,-0.892117977,-1.408516765,0.800082684,0.105146654,-0.117917866,0.578711748,-0.064444371,-0.938849270,-1.519192219,0.984404325,0.152076676,0.083301120,-0.029694354,-0.081707641,-0.953042746,-1.303007245,0.825732946,0.112496026,-0.132835805,0.536529958
198,770745,51997,stationary,stationary_left_view,0.550238431,1.374087095,-0.022290984,-0.169301674,-0.730102241,-0.088771746,0.656054318,-0.187136114,-0.899872541,-1.421577692,0.810631394,0.093250893,-0.133942634,0.562352598,-0.059669834,-0.917992055,-1.490579486,0.801987588,0.087780520,-0.167778656,0.566534042,-0.079607993,-0.948213339,-1.298077583,0.820808887,0.113008380,-0.135482714,0.543273807
199,770963,52215,stationary,stationary_left_view,0.552204370,1.374047041,-0.022635320,-0.167261451,-0.730865657,-0.090655491,0.655469775,-0.184228286,-0.904917598,-1.426676393,0.817502439,0.107722528,-0.139783621,0.548221052,-0.057043176,-0.945388675,-1.526883006,0.984952807,0.151208162,0.076160222,-0.034695473,-0.073975027,-0.952082038,-1.299644947,0.822604120,0.113269396,-0.134067699,0.540849745
200,771200,52452,stationary,stationary_left_view,0.553257227,1.374398708,-0.024178674,-0.165867269,-0.733186305,-0.091078997,0.653169572,-0.185713276,-0.901080132,-1.411461353,0.804466367,0.108231194,-0.124171458,0.570702612,-0.062208895,-0.946308494,-1.522297621,0.982204318,0.165152892,0.084563524,-0.029123968,-0.077411532,-0.940323114,-1.274234056,0.846049130,0.138877138,-0.082795940,0.507994890
201,771436,52688,stationary,stationary_left_view,0.554462492,1.374348283,-0.026976362,-0.166711494,-0.733156145,-0.091150790,0.652978480,-0.184164882,-0.900333047,-1.411086559,0.992997766,0.110288739,-0.020049950,-0.037281390,-0.056207195,-0.906862140,-1.468367934,0.799510300,0.085944049,-0.180473611,0.566415250,-0.075409263,-0.954016566,-1.298912525,0.824045599,0.115806974,-0.142631277,0.535904765
202,771675,52927,stationary,stationary_left_view,0.554450035,1.374207616,-0.029286293,-0.167167589,-0.732779801,-0.091472015,0.653239369,-0.183826625,-0.910366416,-1.432994246,0.818015456,0.112828746,-0.140821904,0.546158910,-0.053498283,-0.912555575,-1.479837418,0.796867549,0.098703958,-0.169307664,0.571484625,-0.072537921,-0.954008222,-1.302604795,0.825490773,0.117867298,-0.142535999,0.533250272
203,771897,53149,stationary,stationary_left_view,0.553726852,1.373926878,-0.031247469,-0.167505607,-0.733383179,-0.091738172,0.652437866,-0.181322023,-0.897536039,-1.413962841,0.993053615,0.108627558,-0.017823737,-0.041555569,-0.055154290,-0.930236578,-1.512039423,0.802133501,0.097435623,-0.162998646,0.566144526,-0.072790995,-0.951480210,-1.301815271,0.822129488,0.120040871,-0.134421110,0.540022552
204,772131,53383,stationary,stationary_left_view,0.552907884,1.374047518,-0.032389566,-0.167390287,-0.733315825,-0.091677755,0.652551651,-0.181172043,-0.903434157,-1.425745726,0.813019812,0.102871343,-0.127554223,0.558700442,-0.052858572,-0.910917401,-1.480940700,0.796550691,0.095273003,-0.172285676,0.571618557,-0.070929214,-0.950049520,-1.301050901,0.819529355,0.117412873,-0.136876345,0.543921709
205,772355,53607,stationary,stationary_left_view,0.552560747,1.374282002,-0.032294367,-0.166777611,-0.732771575,-0.091431260,0.653353989,-0.179620743,-0.912142396,-1.435881615,0.820590496,0.112026632,-0.126665026,0.545927942,-0.049664736,-0.923574388,-1.496817350,0.802488685,0.098095730,-0.165791109,0.564714372,-0.067669019,-0.951692581,-1.300696254,0.822545767,0.118657567,-0.134806454,0.539598048
206,772591,53843,stationary,stationary_left_view,0.552550435,1.374742031,-0.030964103,-0.165708199,-0.733515739,-0.091572084,0.652770996,-0.180567101,-0.906892896,-1.424556971,0.814686954,0.109236620,-0.134353369,0.553445280,-0.052541401,-0.929939508,-1.501502275,0.803677142,0.095842175,-0.159009159,0.565361381,-0.069929987,-0.956622005,-1.302266121,0.824209929,0.117043793,-0.143474162,0.535157919
207,772839,54091,stationary,stationary_left_view,0.552753925,1.375035405,-0.029335501,-0.165089518,-0.733976126,-0.091547042,0.652413666,-0.181212947,-0.905115426,-1.414029002,0.993196666,0.109391160,-0.020753026,-0.034106594,-0.053604327,-0.916462660,-1.478583336,0.793947041,0.098211192,-0.171462148,0.574981213,-0.072201028,-0.960585952,-1.304722071,0.825834811,0.119413555,-0.135311112,0.534254789
208,773062,54314,stationary,stationary_left_view,0.552837789,1.375374913,-0.027457725,-0.164103851,-0.734249592,-0.091098271,0.652417481,-0.181001112,-0.899978518,-1.401667953,0.799584448,0.103946716,-0.125064626,0.578116417,-0.058100447,-0.956556082,-1.530632734,0.983509719,0.160133138,0.080155626,-0.025319863,-0.073152825,-0.958091021,-1.295765042,0.820306182,0.120883539,-0.130575225,0.543539464
209,773298,54550,stationary,stationary_left_view,0.553017139,1.375399470,-0.026323866,-0.163453743,-0.735916555,-0.091598980,0.650629997,-0.187320307,-0.906227469,-1.407286167,0.992464304,0.112261176,-0.032247208,-0.037043232,-0.060340211,-0.916697085,-1.471070409,0.791987181,0.100937121,-0.168007448,0.578222811,-0.077655718,-0.960549712,-1.298493981,0.822044909,0.118950315,-0.138015628,0.539485693
210,773534,54786,stationary,stationary_left_view,0.552646637,1.375435591,-0.026945533,-0.162897781,-0.736334503,-0.091191001,0.650353849,-0.188035354,-0.911598325,-1.411483526,0.992997587,0.111511335,-0.019933073,-0.033522498,-0.060804125,-0.920564294,-1.474090576,0.792709589,0.105659299,-0.171096176,0.575476944,-0.078770861,-0.964787245,-1.300912380,0.823818982,0.122293927,-0.146929145,0.533646286
211,773781,55033,stationary,stationary_left_view,0.552095294,1.375729918,-0.027971374,-0.162986547,-0.735557437,-0.089644931,0.651425004,-0.189149156,-0.927917004,-1.435173750,0.821627617,0.094398953,-0.140134603,0.544407189,-0.060496699,-0.931067824,-1.483260870,0.797088563,0.099895500,-0.173012659,0.569857359,-0.077104703,-0.963730574,-1.294565797,0.817516863,0.120826714,-0.132935777,0.547170222
212,774005,55257,stationary,stationary_left_view,0.551424682,1.375747204,-0.027507966,-0.163001031,-0.735224187,-0.089318253,0.651842296,-0.184641063,-0.906511188,-1.401195765,0.795998931,0.106974319,-0.120876350,0.583379030,-0.062272687,-0.959070683,-1.522571564,0.982216179,0.166374013,0.083938085,-0.022923360,-0.076351911,-0.962387204,-1.292266965,0.819001019,0.118984237,-0.133748397,0.545152724
213,774241,55493,stationary,stationary_left_view,0.550588071,1.375535965,-0.026114196,-0.162381709,-0.735575318,-0.089783005,0.651536763,-0.187060073,-0.912342310,-1.407461166,0.993150353,0.108235188,-0.025294242,-0.036023181,-0.060444187,-0.930394769,-1.482293129,0.796495914,0.099294342,-0.170584619,0.571520627,-0.077710599,-0.950156212,-1.273423433,0.843053639,0.142796144,-0.081923902,0.512014031
214,774491,55743,stationary,stationary_left_view,0.549264669,1.375519037,-0.024318995,-0.161379501,-0.735563338,-0.089961715,0.651774704,-0.187462091,-0.916135609,-1.410667419,0.992504060,0.109591082,-0.039574333,-0.036869943,-0.060278792,-0.928602338,-1.477949142,0.795528829,0.098093733,-0.173328415,0.572248936,-0.076949410,-0.964133263,-1.294637322,0.817989051,0.119323269,-0.135975152,0.546046495
215,774713,55965,stationary,stationary_left_view,0.547742009,1.375567555,-0.022071272,-0.160307303,-0.737510681,-0.090431303,0.649770558,-0.194778696,-0.914992869,-1.411602497,0.809693694,0.115705952,-0.131850943,0.560021102,-0.067417964,-0.925505757,-1.472329497,0.792749822,0.101642281,-0.170234188,0.576399922,-0.083505586,-0.966950059,-1.298108697,0.819925129,0.121899605,-0.137588352,0.542155683
216,774951,56203,stationary,stationary_left_view,0.547171831,1.375392795,-0.020494055,-0.159721121,-0.738010883,-0.092151657,0.649104893,-0.194566622,-0.912693501,-1.411189556,0.992443740,0.112449966,-0.037662700,-0.031495795,-0.068409815,-0.920527101,-1.474283457,0.787617922,0.097731456,-0.164636165,0.585663319,-0.083436526,-0.963083029,-1.299183130,0.823411763,0.124383636,-0.138660088,0.535999298
217,775189,56441,stationary,stationary_left_view,0.546975195,1.375323534,-0.021200905,-0.159366533,-0.737600088,-0.092279814,0.649640501,-0.191199303,-0.910301447,-1.410336137,0.807943165,0.115483046,-0.129773378,0.563072324,-0.064406142,-0.922956407,-1.476536036,0.794610858,0.105798975,-0.175199687,0.571581483,-0.080377392,-0.965513468,-1.297786474,0.855415702,0.141520306,-0.118316486,0.483980656
218,775414,56666,stationary,stationary_left_view,0.547372222,1.375278592,-0.023127070,-0.160508499,-0.737003505,-0.091535591,0.650141597,-0.190576881,-0.911674738,-1.413973451,0.811693430,0.109467410,-0.135632217,0.557471573,-0.064142056,-0.931398392,-1.489937901,0.799454093,0.101413846,-0.171671823,0.566672027,-0.079860039,-0.962889433,-1.298673272,0.820324898,0.123939157,-0.135109052,0.541711807
219,775658,56910,stationary,stationary_left_view,0.548609316,1.374659777,-0.024823338,-0.161737978,-0.737052202,-0.093307629,0.649529576,-0.188152507,-0.905549645,-1.413035274,0.992277205,0.111026891,-0.030975591,-0.045820329,-0.060791362,-0.909493148,-1.469615698,0.791400075,0.105393358,-0.169433936,0.577815175,-0.078153662,-0.960478187,-1.306737900,0.823315680,0.124051645,-0.137679413,0.536476493
220,775894,57146,stationary,stationary_left_view,0.550333679,1.374511719,-0.027679242,-0.163044348,-0.737326741,-0.093259260,0.648898005,-0.191430658,-0.912323177,-1.430926561,0.815715730,0.120067716,-0.142466083,0.547626734,-0.064965069,-0.952951849,-1.536275506,0.982924223,0.166080758,0.072941661,-0.030931292,-0.078653879,-0.953929424,-1.299478650,0.822418988,0.121261798,-0.140357703,0.537793875
221,776131,57383,stationary,stationary_left_view,0.551438630,1.374487162,-0.030451177,-0.163243905,-0.736225069,-0.091417953,0.650358975,-0.184450462,-0.907475114,-1.410832524,0.992904782,0.111558482,-0.019377366,-0.036323208,-0.058072690,-0.922188878,-1.482813954,0.794674754,0.106287442,-0.184035122,0.568617702,-0.075233720,-0.965149403,-1.306562543,0.826271653,0.121818833,-0.144998074,0.530481696
222,776353,57605,stationary,stationary_left_view,0.552919567,1.374620914,-0.032380372,-0.163821012,-0.736033440,-0.090648346,0.650538564,-0.184181958,-0.908154845,-1.407636166,0.993121982,0.108814843,-0.022846851,-0.036689159,-0.056876425,-0.916967392,-1.468981862,0.789128721,0.103193216,-0.161800697,0.583478928,-0.074974760,-0.964119256,-1.301197767,0.823921382,0.123067603,-0.137381062,0.535849154
223,776589,57841,stationary,stationary_left_view,0.554584265,1.374483347,-0.033328623,-0.164631650,-0.736786842,-0.090749487,0.649465978,-0.187354147,-0.906199038,-1.407179236,0.992508292,0.112466238,-0.031760637,-0.035636920,-0.060425855,-0.916868448,-1.471298933,0.792593598,0.101166904,-0.168051973,0.577338099,-0.077319428,-0.959798813,-1.297846675,0.820194125,0.121785142,-0.134792715,0.542476773
224,776826,58078,stationary,stationary_right_view,0.555097401,1.374438882,-0.033797480,-0.164794728,-0.737084627,-0.090159595,0.649168849,-0.187609285,-0.900541425,-1.399141073,0.800058603,0.112131074,-0.125120029,0.575914800,-0.063466646,-0.937232196,-1.499810338,0.803294599,0.101231739,-0.161304429,0.564314544,-0.079227857,-0.963249803,-1.299320817,0.825134873,0.123365536,-0.140343875,0.533138812
225,777061,58313,stationary,stationary_right_view,0.556088567,1.374181986,-0.033573300,-0.165483534,-0.736681819,-0.090543658,0.649397433,-0.187841147,-0.906824112,-1.410440803,0.992976010,0.111970812,-0.017392494,-0.034039848,-0.060813542,-0.917958975,-1.475572944,0.796569049,0.102978289,-0.177930534,0.568519115,-0.078412771,-0.962641299,-1.302815914,0.825766802,0.121985205,-0.148379654,0.530294478
226,777302,58554,stationary,stationary_right_view,0.559003234,1.373532772,-0.032120179,-0.165337667,-0.737311363,-0.091431595,0.648595154,-0.191648096,-0.908766150,-1.409951568,0.993044019,0.112332039,-0.025299532,-0.024597388,-0.064025536,-0.915154457,-1.468468308,0.793413937,0.101616882,-0.167927355,0.576167285,-0.080414407,-0.953979969,-1.288722634,0.820867181,0.123762757,-0.136449128,0.540593684
227,777533,58785,stationary,stationary_right_view,0.568487525,1.373415112,-0.026882479,-0.159974948,-0.740948498,-0.085008673,0.646665990,-0.205326438,-0.927521884,-1.373539209,0.807465732,0.105725236,-0.144179285,0.562168658,-0.081445634,-0.963150322,-1.471506715,0.796940863,0.104597650,-0.165082872,0.571570039,-0.094668575,-0.982813835,-1.265582800,0.815154195,0.126227558,-0.143268079,0.546867907
228,777757,59009,stationary,stationary_right_view,0.589010119,1.368776798,-0.008224739,-0.157601893,-0.740146160,-0.084243774,0.648265660,-0.212750986,-0.929504514,-1.341968894,0.797597289,0.109233700,-0.131013513,0.578568995,-0.088773541,-0.957774401,-1.427070260,0.793703854,0.098856568,-0.174217179,0.574377894,-0.103592426,-0.988527656,-1.241153598,0.818609834,0.123591371,-0.143806651,0.542146444
229,777979,59231,stationary,stationary_right_view,0.618385255,1.365281343,0.035453025,-0.152510986,-0.738276422,-0.086003445,0.651376843,-0.236390978,-0.938497603,-1.299034476,0.801096857,0.112066098,-0.110734798,0.577427804,-0.108912736,-0.951952219,-1.361403704,0.784162462,0.103872456,-0.162303701,0.589878976,-0.125222206,-0.992388606,-1.191536188,0.808416486,0.124767132,-0.137600631,0.558535635
230,778173,59425,stationary,stationary_right_view,0.649922848,1.354505062,0.119609110,-0.144669414,-0.717884243,-0.077951901,0.676488340,-0.241255790,-0.946292400,-1.228959560,0.796822369,0.062755615,-0.114197023,0.589995682,-0.115146287,-0.977845252,-1.298337221,0.784071565,0.072588734,-0.143968418,0.599362850,-0.141332000,-1.013121963,-1.130341411,0.807842553,0.094009183,-0.121001892,0.569131970
231,778342,59594,stationary,stationary_right_view,0.675992668,1.344854236,0.250912726,-0.145745173,-0.650437713,-0.061202537,0.742928922,-0.207486048,-0.976134479,-1.245928645,0.811854064,-0.006536385,-0.044646583,0.582114160,-0.072013393,-0.979025185,-1.245252967,0.786550224,-0.015788084,-0.090924568,0.610591769,-0.130254358,-1.026643753,-1.106694937,0.811688304,0.016026368,-0.058861990,0.580896437
232,778520,59772,stationary,stationary_right_view,0.704978883,1.353364587,0.381491870,-0.177266687,-0.560102403,-0.032514405,0.808581889,-0.196088985,-0.918762505,-1.267988205,0.789076984,-0.094642766,0.003314715,0.606950819,-0.067755923,-0.980925500,-1.297652006,0.794362605,-0.127487049,-0.038062360,0.592694223,-0.155459121,-0.986538410,-1.133214116,0.804329276,-0.097360700,-0.009564743,0.586075008
233,778701,59953,stationary,stationary_right_view,0.722729623,1.365234613,0.481981635,-0.194175318,-0.503629565,-0.027030230,0.841381371,-0.179353565,-0.899730027,-1.350712299,0.791803539,-0.159240603,0.025151836,0.589115441,-0.052829973,-0.946123481,-1.336514235,0.792533398,-0.186466217,0.002101678,0.580617607,-0.158600256,-0.958829522,-1.194555998,0.816022217,-0.149948791,0.024213171,0.557706773
234,778894,60146,stationary,stationary_right_view,0.721249342,1.373633623,0.527752221,-0.186138421,-0.461247534,-0.036277104,0.866768241,-0.079245493,-0.927047014,-1.409369588,0.804140627,-0.196732879,0.082664810,0.554815829,0.046248406,-0.946955264,-1.346431375,0.785110950,-0.215313166,0.030980870,0.579897642,-0.071969375,-0.966607809,-1.225189686,0.811604023,-0.172933295,0.077480212,0.552620828
235,779119,60371,stationary,stationary_right_view,0.700712979,1.371571541,0.542424142,-0.173403352,-0.450517237,-0.035721347,0.875036836,-0.037983477,-0.942084551,-1.400166750,0.792138219,-0.203016460,0.096603580,0.567423224,0.086210877,-0.970733821,-1.348029375,0.782607079,-0.218274087,0.050664175,0.580788851,-0.035798836,-0.982694387,-1.221422195,0.796832323,-0.182334170,0.083430089,0.569957912
236,779326,60578,stationary,stationary_right_view,0.690131545,1.368998051,0.559839904,-0.172107592,-0.436214417,-0.034338281,0.882562637,-0.007413739,-0.947228312,-1.425920725,0.791144609,-0.201855749,0.107815422,0.567203939,0.115275517,-0.963990927,-1.350357056,0.774134338,-0.231241837,0.055202167,0.586682260,-0.009630123,-0.983012199,-1.238677621,0.802312195,-0.190906763,0.089983553,0.558348238
237,779521,60773,stationary,stationary_right_view,0.697959960,1.373580217,0.593818128,-0.158816278,-0.410795271,-0.027274502,0.897374332,0.026824642,-0.994252086,-1.421534777,0.787719667,-0.222730756,0.107663795,0.564178407,0.145664394,-1.002273440,-1.329411745,0.765516818,-0.246550873,0.077048145,0.589287937,0.015314285,-1.017010808,-1.223971844,0.785992503,-0.206906855,0.118837178,0.570335925
238,779715,60967,stationary,stationary_right_view,0.721869946,1.376414776,0.643333852,-0.164938956,-0.391871691,-0.015725903,0.904977620,-0.008464035,-0.961605132,-1.397185922,0.749127626,-0.249064013,0.117080793,0.602550507,0.108517975,-1.005373836,-1.344708681,0.759655058,-0.273339272,0.089718074,0.583232880,-0.027512472,-1.009519219,-1.237089634,0.778000414,-0.232154772,0.121748991,0.570961297
239,779909,61161,stationary,stationary_right_view,0.747946322,1.375717402,0.693663418,-0.172765926,-0.384898692,-0.009107595,0.906599164,-0.063616477,-0.937398553,-1.414975047,0.756507277,-0.264646590,0.107579306,0.588290453,0.050365724,-0.976756573,-1.352104306,0.757621527,-0.280341238,0.079394095,0.584050536,-0.084501192,-0.987710714,-1.256757736,0.780147195,-0.242224976,0.118656136,0.564462781
240,780134,61386,stationary,stationary_right_view,0.762514472,1.375676394,0.725152194,-0.174176484,-0.384478658,-0.012481872,0.906467259,-0.090096489,-0.924299598,-1.436412930,0.762429655,-0.263182521,0.115828194,0.579672217,0.023888022,-0.960574985,-1.369616508,0.762748182,-0.279302835,0.079135157,0.577877879,-0.111817360,-0.981265306,-1.285168767,0.785342455,-0.243190721,0.115594327,0.557434738
241,780340,61592,stationary,stationary_right_view,0.764259636,1.376439571,0.732786477,-0.166311219,-0.374870300,-0.020707279,0.911802649,-0.047115538,-0.939905524,-1.439213514,0.758299351,-0.254827410,0.135833293,0.584460735,0.067202039,-0.974872172,-1.371572018,0.760939002,-0.281935930,0.095472068,0.576514661,-0.070511200,-0.988115311,-1.277925372,0.781535268,-0.238792792,0.138439819,0.559477568
242,780560,61812,stationary,stationary_right_view,0.759198904,1.378477335,0.730285585,-0.164204791,-0.379514247,-0.019546311,0.910287678,-0.054172669,-0.938766956,-1.421583652,0.747203052,-0.260436296,0.127850786,0.597925365,0.060778417,-0.984917283,-1.370126963,0.759331167,-0.280712008,0.092575893,0.579695344,-0.076281413,-0.996318698,-1.273733854,0.781083941,-0.236945033,0.134062126,0.561954021
243,780772,62024,stationary,stationary_right_view,0.755252898,1.378276825,0.727739036,-0.159613386,-0.390268892,-0.028058093,0.906325817,-0.056632072,-0.974447370,-1.467101812,0.959293008,-0.281000763,0.012853301,-0.025107887,0.059594914,-0.977086008,-1.363488436,0.760820866,-0.262811899,0.087336712,0.586901784,-0.074638009,-0.998755217,-1.273755789,0.782663643,-0.223933876,0.131530404,0.565677583
244,780979,62231,stationary,stationary_right_view,0.748594344,1.378615737,0.728241801,-0.160753533,-0.393330872,-0.026242323,0.904853880,-0.064822465,-0.946216106,-1.436412692,0.760774136,-0.252803743,0.123689346,0.584819555,0.051049061,-0.977856696,-1.370226502,0.761870146,-0.262987375,0.085625321,0.585713089,-0.082641825,-0.996215343,-1.276242256,0.784072936,-0.221147537,0.127727985,0.565693319
245,781200,62452,stationary,stationary_right_view,0.742782950,1.379174829,0.731235921,-0.158815175,-0.394514918,-0.026502248,0.904673100,-0.063771442,-0.949398637,-1.437168002,0.758622468,-0.243243366,0.130196095,0.590231836,0.054207556,-1.001637220,-1.401658535,0.778960884,-0.256265193,0.083947107,0.566128135,-0.080662116,-1.002277136,-1.280876279,0.785568833,-0.224197492,0.120765775,0.563943863
246,781409,62661,stationary,stationary_right_view,0.737033188,1.380055785,0.732915759,-0.156880915,-0.393236518,-0.023505393,0.905649424,-0.062034525,-0.961168587,-1.442164898,0.762734950,-0.233939409,0.129083022,0.588935673,0.055249639,-0.997497439,-1.384948850,0.764191747,-0.261768222,0.094268709,0.581894994,-0.079208560,-1.004981756,-1.277236819,0.779130280,-0.224346489,0.127753317,0.571230054
247,781618,62870,stationary,stationary_right_view,0.732845783,1.380517244,0.732378662,-0.155846164,-0.392124623,-0.021993788,0.906347930,-0.058414519,-0.953047395,-1.425086021,0.749933898,-0.245185301,0.117853425,0.602987528,0.058649391,-0.990684271,-1.370057225,0.747915328,-0.258825809,0.094890177,0.603844225,-0.076107003,-1.011563420,-1.280603051,0.781077147,-0.224862829,0.127946377,0.568317652
248,781826,63078,stationary,stationary_right_view,0.729528069,1.381067872,0.731971025,-0.154983371,-0.394874871,-0.019898223,0.905349672,-0.067363873,-0.969022870,-1.441900015,0.755439222,-0.247239396,0.121735923,0.594444811,0.049434647,-1.003722429,-1.380244732,0.758670449,-0.261999309,0.087595172,0.590002239,-0.084685862,-1.022111773,-1.287588954,0.785189569,-0.222458690,0.129163370,0.563299477
249,782049,63301,stationary,stationary_right_view,0.725863338,1.381477118,0.733305097,-0.153767899,-0.396485835,-0.017736642,0.904897690,-0.073702469,-0.968707502,-1.435289502,0.754873514,-0.248076424,0.115961403,0.595967293,0.043314770,-1.006316304,-1.377617359,0.758033276,-0.262042224,0.083969444,0.591327846,-0.089734435,-1.016849279,-1.275447369,0.777546406,-0.224135682,0.121673159,0.574787319
250,782245,63497,stationary,stationary_right_view,0.723624706,1.381785631,0.734630764,-0.152850270,-0.395821512,-0.017854245,0.905341566,-0.069112964,-0.967317164,-1.429647088,0.752815545,-0.239335701,0.122575477,0.600801528,0.047709972,-1.006440759,-1.376525879,0.759888351,-0.260078818,0.089997798,0.588921964,-0.085863858,-1.018360496,-1.276162624,0.775693357,-0.223799929,0.126279175,0.576426029
251,782480,63732,stationary,stationary_right_view,0.722494364,1.381528854,0.734700978,-0.153051063,-0.395168841,-0.018414279,0.905581534,-0.066053957,-0.964672565,-1.430793047,0.754700303,-0.242149711,0.123412907,0.597126722,0.050009057,-1.000964522,-1.371867895,0.753326774,-0.263005465,0.082384944,0.597109377,-0.083047450,-1.020825267,-1.282703638,0.780911982,-0.225630045,0.121422142,0.569670379
252,782744,63996,stationary,stationary_right_view,0.722714007,1.381114960,0.734412491,-0.153761089,-0.394501954,-0.018174464,0.905756831,-0.065158926,-0.978914142,-1.452500820,0.756810069,-0.233368888,0.123281464,0.597979307,0.052032501,-1.002946377,-1.378286719,0.756438494,-0.263413340,0.086242117,0.592432618,-0.082248300,-1.034514070,-1.300546527,0.962390125,-0.267180651,0.013811307,0.047212001
253,782992,64244,stationary,stationary_right_view,0.725086093,1.380463719,0.732848287,-0.154193342,-0.394454330,-0.020046294,0.905664563,-0.061915874,-0.956183791,-1.425033569,0.751061261,-0.239632443,0.123070583,0.602774322,0.055240475,-1.004714012,-1.384810805,0.761430562,-0.262172908,0.089034721,0.586141407,-0.079081938,-1.017389536,-1.284223080,0.779817045,-0.222356483,0.129658088,0.570641518
254,783257,64509,stationary,stationary_right_view,0.728670001,1.380056739,0.730700314,-0.154604748,-0.394585103,-0.021517688,0.905503750,-0.061251581,-0.969916224,-1.444701791,0.757702112,-0.233659729,0.123551875,0.596678734,0.056240924,-1.001084089,-1.380692244,0.760357022,-0.262240261,0.090260200,0.587316155,-0.077219196,-1.007272959,-1.272093654,0.775973618,-0.221509084,0.126453787,0.576895356
255,783521,64773,stationary,stationary_right_view,0.730881810,1.379731178,0.729935408,-0.154645264,-0.392925650,-0.021548584,0.906217396,-0.056750722,-0.965465486,-1.436527252,0.755689442,-0.248301506,0.125296190,0.592942476,0.059913613,-1.001934767,-1.377474785,0.760441363,-0.262939960,0.088452123,0.587169230,-0.074317403,-1.015407920,-1.278764367,0.781935453,-0.223471314,0.127392292,0.567810476
256,783770,65022,stationary,stationary_right_view,0.732412040,1.380048513,0.729560077,-0.154261634,-0.392060399,-0.022216352,0.906641304,-0.054150224,-0.964266956,-1.430798292,0.753523052,-0.237622753,0.124348514,0.600229919,0.062802449,-1.000481367,-1.372440934,0.758604050,-0.266533881,0.086551040,0.588207901,-0.071601279,-1.015651226,-1.276229858,0.780592263,-0.225342855,0.129186153,0.568513215
257,784020,65272,stationary,stationary_right_view,0.733525693,1.380213976,0.730018735,-0.153861448,-0.392514288,-0.022084102,0.906516135,-0.056368627,-0.966489434,-1.432174444,0.755279183,-0.248711452,0.122149490,0.593949080,0.061414160,-1.021455169,-1.398943067,0.771213233,-0.258781940,0.081715725,0.575833917,-0.073767148,-1.015218258,-1.273635507,0.779111922,-0.221399754,0.129325509,0.572050512
258,784272,65524,stationary,stationary_right_view,0.733998179,1.380391598,0.731296420,-0.153576970,-0.391683638,-0.021973249,0.906926215,-0.055201881,-0.962787211,-1.425051928,0.745099187,-0.245307162,0.122735955,0.607937098,0.060938098,-0.997263372,-1.364480495,0.754535377,-0.265405416,0.086964652,0.593863189,-0.073167093,-1.016870737,-1.274616361,0.777905226,-0.226307482,0.126542822,0.572394371
259,784521,65773,stationary,stationary_right_view,0.733674705,1.380797744,0.732153773,-0.153132021,-0.392095208,-0.021604352,0.906832516,-0.057096049,-0.974377751,-1.438548684,0.753225684,-0.247790813,0.128633291,0.595570624,0.059445836,-1.008565307,-1.376380086,0.758779228,-0.263179213,0.091745131,0.588705063,-0.075345226,-1.024632573,-1.281435370,0.782583237,-0.222556382,0.133779332,0.565805018
260,784771,66023,stationary,stationary_right_view,0.732626975,1.381061912,0.733970821,-0.152026951,-0.391374797,-0.020465683,0.907355905,-0.056695223,-0.977642119,-1.437219739,0.753695607,-0.247804970,0.126560643,0.595414221,0.060868144,-1.030222058,-1.400256753,0.770947874,-0.257769406,0.092048034,0.575083852,-0.074676506,-1.019043565,-1.269440293,0.774199426,-0.223784894,0.133086249,0.576908708
261,785020,66272,stationary,stationary_right_view,0.731665909,1.381187558,0.735569715,-0.151741058,-0.391027480,-0.019981323,0.907564282,-0.057054929,-0.977391601,-1.436885595,0.752680004,-0.250051409,0.126141921,0.595848382,0.058971129,-1.009579182,-1.371238351,0.754074514,-0.266924143,0.087258756,0.593724787,-0.075446486,-1.019546866,-1.270369172,0.774516523,-0.224728584,0.134556040,0.575774193
262,785284,66536,stationary,stationary_right_view,0.731181920,1.381237864,0.736857355,-0.151316822,-0.390157521,-0.019758178,0.908014297,-0.056068033,-0.973903179,-1.431453466,0.754275799,-0.249882385,0.121128485,0.594941020,0.060049653,-1.006180048,-1.365700483,0.753573120,-0.268480539,0.085142799,0.593966663,-0.074387282,-1.023129344,-1.273881555,0.774650574,-0.226086780,0.129451290,0.576232314
263,785534,66786,stationary,stationary_right_view,0.731273115,1.380917072,0.736669481,-0.151074752,-0.389686435,-0.020198941,0.908247173,-0.052832264,-0.975629449,-1.434015512,0.754012585,-0.250945300,0.122601829,0.594525337,0.063284785,-1.007056832,-1.366514564,0.752670467,-0.270009577,0.083915330,0.594592512,-0.071391605,-1.023161173,-1.273769975,0.773827016,-0.226588055,0.128805354,0.577285647
264,785785,67037,stationary,stationary_right_view,0.732431233,1.380396008,0.735201716,-0.151416793,-0.389042646,-0.021126749,0.908445060,-0.049696393,-0.979820490,-1.440866590,0.753373027,-0.245752916,0.132611260,0.595356166,0.068017036,-1.031573653,-1.402581930,0.771374702,-0.259998202,0.092514016,0.573431075,-0.068649665,-1.025540352,-1.278715611,0.780509055,-0.225265875,0.135086745,0.567285299
265,786035,67287,stationary,stationary_right_view,0.734231293,1.379724741,0.733657181,-0.152091399,-0.388956994,-0.020922111,0.908373833,-0.049951587,-0.975283623,-1.434984207,0.751542032,-0.244444206,0.137542456,0.597087681,0.065938286,-1.008724213,-1.371771812,0.757173181,-0.266034812,0.093862280,0.589155436,-0.069360614,-1.027491927,-1.281405568,0.781884193,-0.224875122,0.135642290,0.565410852
266,786285,67537,stationary,stationary_right_view,0.736303926,1.378959537,0.732702017,-0.153360784,-0.388586223,-0.021926316,0.908295393,-0.048735563,-0.983624697,-1.452307105,0.763147831,-0.233733118,0.142647445,0.585342586,0.067127675,-0.998850644,-1.364816308,0.757779896,-0.267675459,0.093903787,0.587623656,-0.067625314,-1.013784051,-1.269968748,0.777913928,-0.228007481,0.125314489,0.571977854
267,786549,67801,stationary,stationary_right_view,0.737659812,1.378873825,0.732226729,-0.153719962,-0.388807982,-0.022776006,0.908118844,-0.049139053,-0.966456175,-1.432056665,0.755624115,-0.250422239,0.124417506,0.592318535,0.066520780,-0.993128836,-1.358469248,0.752173662,-0.269393712,0.081748806,0.595801175,-0.067702383,-1.014697790,-1.271990657,0.778484702,-0.226931721,0.129623204,0.570667446
268,786800,68052,stationary,stationary_right_view,0.737798095,1.379144669,0.732888937,-0.153820097,-0.387013942,-0.022826361,0.908866644,-0.044657327,-0.956365585,-1.417733669,0.750129580,-0.249829829,0.119042546,0.600599408,0.071371533,-0.998930275,-1.366568685,0.754559636,-0.269460261,0.091186494,0.591367841,-0.063689791,-1.012567401,-1.270523667,0.779965281,-0.226608127,0.134292826,0.567686915
269,787049,68301,stationary,stationary_right_view,0.736924291,1.379906893,0.734374762,-0.152908236,-0.386852294,-0.022500573,0.909097433,-0.043179486,-0.965685129,-1.428242683,0.750724375,-0.246225461,0.126803234,0.599755704,0.071097881,-1.006292582,-1.372916460,0.759621918,-0.266231805,0.089423388,0.586599171,-0.064438254,-1.019601941,-1.275916457,0.782567680,-0.226920158,0.135836050,0.563598931
270,787298,68550,stationary,stationary_right_view,0.735653698,1.380519271,0.736088991,-0.152055755,-0.388371110,-0.022545436,0.908591568,-0.048403721,-0.963705778,-1.420633078,0.744038463,-0.246383384,0.127371669,0.607847393,0.067366466,-1.001089334,-1.363536835,0.754610777,-0.268812716,0.089064002,0.591920555,-0.067520745,-1.017459154,-1.270359278,0.776972711,-0.226344094,0.129714653,0.572936177
271,787548,68800,stationary,stationary_right_view,0.734057307,1.380959392,0.736784995,-0.150802940,-0.388432235,-0.022131445,0.908784389,-0.047721714,-0.961259127,-1.411788106,0.740204513,-0.244473502,0.124873370,0.613788724,0.069013596,-1.011089802,-1.371538520,0.755669475,-0.268017590,0.096901678,0.589695096,-0.066664562,-1.023222566,-1.273261905,0.776811361,-0.226048052,0.132544726,0.572624028
272,787812,69064,stationary,stationary_right_view,0.732639134,1.381230116,0.736444294,-0.150049746,-0.387418598,-0.021485288,0.909357071,-0.043760102,-0.975896001,-1.429028988,0.752645552,-0.252827317,0.134652570,0.592850506,0.071366191,-1.008306861,-1.363560557,0.752940714,-0.268612176,0.092582718,0.593596041,-0.063546538,-1.024138808,-1.270668745,0.775342762,-0.227105096,0.135785922,0.573436260
273,788049,69301,stationary,stationary_right_view,0.731762826,1.381168842,0.736241043,-0.149626896,-0.387520611,-0.020810185,0.909398973,-0.044678062,-0.972520590,-1.419757724,0.747363448,-0.244421393,0.127499998,0.604524493,0.071244232,-1.010990381,-1.364118814,0.752849340,-0.265002221,0.096657239,0.594684005,-0.063976452,-1.027171016,-1.272168875,0.779583037,-0.226793140,0.131196186,0.568860888
274,788313,69565,stationary,stationary_right_view,0.731804132,1.380735517,0.736070871,-0.149613142,-0.387782156,-0.020967299,0.909286141,-0.045037791,-0.974092484,-1.422263980,0.749394476,-0.242474943,0.134610981,0.601243496,0.070863597,-1.010709405,-1.364271402,0.755143523,-0.263026923,0.097327411,0.592539012,-0.064232849,-1.027038574,-1.272023082,0.778594911,-0.225496292,0.131170318,0.570732772
275,788562,69814,stationary,stationary_right_view,0.732550323,1.380208135,0.735283613,-0.150049761,-0.387883574,-0.021205530,0.909165382,-0.044889919,-0.970448256,-1.420693755,0.752339780,-0.251079112,0.120537102,0.597004950,0.070622057,-1.005887508,-1.359703302,0.754169106,-0.267614901,0.093125008,0.592401028,-0.064006574,-1.024060607,-1.269794941,0.776660204,-0.227840334,0.130788147,0.572522700
276,788825,70077,stationary,stationary_right_view,0.733198047,1.380047917,0.733940005,-0.150164679,-0.387527615,-0.021266695,0.909296751,-0.043544214,-0.977532208,-1.427364588,0.751221955,-0.237760618,0.128816292,0.602114439,0.073123783,-1.016174912,-1.371792316,0.757503748,-0.264134198,0.100151673,0.588549793,-0.062563397,-1.030275702,-1.276025295,0.779390454,-0.225330055,0.136976883,0.568343520
277,789076,70328,stationary,stationary_right_view,0.733722508,1.379892349,0.733188391,-0.150290221,-0.387971163,-0.021936538,0.909070969,-0.042595103,-0.975269020,-1.427823782,0.753476202,-0.251041025,0.128949687,0.593821585,0.073092617,-1.005925894,-1.359750867,0.754020333,-0.269052267,0.090938747,0.592279017,-0.061739691,-1.026608944,-1.272418976,0.776959121,-0.226133570,0.133916527,0.572070360
278,789326,70578,stationary,stationary_right_view,0.733040452,1.379801393,0.733518362,-0.150181234,-0.388723075,-0.022034964,0.908765316,-0.044516027,-0.967307925,-1.415100455,0.740801394,-0.243840396,0.128360018,0.612600148,0.071479209,-1.008485556,-1.363467336,0.754833460,-0.266560525,0.095418923,0.591664851,-0.063479736,-1.026317477,-1.272318840,0.778133750,-0.226185217,0.131739065,0.570957959
279,789564,70816,stationary,stationary_right_view,0.732067943,1.380210400,0.733670175,-0.149848238,-0.388151318,-0.021794913,0.909070432,-0.042033877,-0.977051497,-1.426667690,0.752272546,-0.239659429,0.143091097,0.596803427,0.073164791,-1.006653309,-1.358674049,0.752876937,-0.262047231,0.096662588,0.595956326,-0.061323613,-1.025716305,-1.269850969,0.778877378,-0.225073755,0.133546293,0.569962442
280,789812,71064,stationary,stationary_right_view,0.731434107,1.380831599,0.733721793,-0.148914963,-0.388391852,-0.022088235,0.909114003,-0.041827530,-0.984047472,-1.433209658,0.761076212,-0.243483216,0.132603332,0.586425841,0.073866487,-1.009222269,-1.359188080,0.753203452,-0.267171979,0.092048615,0.593995631,-0.060829788,-1.026440501,-1.267659545,0.775703371,-0.224314898,0.133453310,0.574593186
281,790062,71314,stationary,stationary_right_view,0.730662405,1.381148100,0.733640194,-0.148556277,-0.388327628,-0.021206670,0.909221113,-0.042310454,-0.982923567,-1.427953362,0.752179563,-0.247992337,0.131185532,0.596251607,0.073988482,-1.017981410,-1.367705464,0.756139219,-0.262227714,0.094264336,0.592118561,-0.061295588,-1.029643416,-1.268107772,0.773311317,-0.226478532,0.127785802,0.578245521
282,790311,71563,stationary,stationary_right_view,0.729677975,1.381653309,0.733987570,-0.147538781,-0.387797177,-0.020133471,0.909637451,-0.041470204,-0.985093713,-1.423301816,0.758533955,-0.243317232,0.132366344,0.589832306,0.074148275,-1.017358661,-1.358996630,0.754450917,-0.265445858,0.099038541,0.592058897,-0.060898699,-1.034990430,-1.268669248,0.775764763,-0.224926129,0.131549254,0.574710429
283,790549,71801,stationary,stationary_right_view,0.729488790,1.381682515,0.734414160,-0.147520244,-0.388738692,-0.019937910,0.909242809,-0.044414252,-0.977632046,-1.414577246,0.748506904,-0.250783443,0.117663957,0.602495015,0.071250372,-1.017552614,-1.360051394,0.752712786,-0.266982585,0.097469404,0.593837917,-0.063609868,-1.036471128,-1.271203160,0.777571023,-0.224124297,0.134656504,0.571856022
284,790798,72050,stationary,stationary_right_view,0.728558481,1.381392717,0.734719992,-0.147512063,-0.388624370,-0.019400939,0.909304619,-0.044804491,-0.978064895,-1.414891839,0.750165224,-0.250702858,0.120356090,0.599928975,0.070723340,-1.016073346,-1.357790947,0.752964318,-0.265635759,0.099016458,0.593867064,-0.063951790,-1.034036756,-1.268004298,0.774382889,-0.224589109,0.129280224,0.577215314
285,791035,72287,stationary,stationary_right_view,0.728444040,1.381401777,0.734901428,-0.147061899,-0.388671428,-0.019100001,0.909363806,-0.045366600,-0.987561405,-1.424393177,0.750346780,-0.241842121,0.138844028,0.599345028,0.069846280,-1.016761065,-1.355168462,0.746422648,-0.269808859,0.083843790,0.602516949,-0.064314261,-1.034395933,-1.265856028,0.774816573,-0.226331219,0.133322626,0.575029194
286,791285,72537,stationary,stationary_right_view,0.729052961,1.381358266,0.734967172,-0.146716639,-0.388532907,-0.019547353,0.909469247,-0.043254044,-0.988135815,-1.424474120,0.748198092,-0.250935137,0.133865088,0.599425793,0.072604686,-1.024890780,-1.365396023,0.751399159,-0.268888950,0.093855448,0.595221996,-0.062637724,-1.034315228,-1.264974236,0.773407876,-0.226132140,0.133955285,0.576854050
287,791534,72786,stationary,stationary_right_view,0.729482770,1.381435037,0.734493196,-0.146260798,-0.388734162,-0.019621953,0.909455061,-0.043940581,-0.978394806,-1.406660914,0.741099179,-0.242477551,0.126122028,0.613245368,0.074470326,-1.045995355,-1.390462995,0.768308997,-0.258361161,0.091175511,0.578478873,-0.062431701,-1.035013080,-1.262543082,0.771666586,-0.227410033,0.131471142,0.579250157
288,791770,73022,stationary,stationary_right_view,0.729741573,1.381288767,0.733325005,-0.146110952,-0.388894916,-0.019897321,0.909404457,-0.042515360,-0.997842431,-1.432500839,0.751052499,-0.246957958,0.134025022,0.597469032,0.072796844,-1.019086480,-1.353098869,0.746904552,-0.269113064,0.085846588,0.601948678,-0.061450806,-1.037468314,-1.264017463,0.773903072,-0.223715171,0.134493038,0.577007115
289,792021,73273,stationary,stationary_right_view,0.729901552,1.381115556,0.733546913,-0.146068946,-0.389511824,-0.020743167,0.909128249,-0.043618664,-0.987573087,-1.418462396,0.750170052,-0.233816445,0.133642986,0.603915870,0.073048905,-1.020339131,-1.356729746,0.751745641,-0.261805177,0.096471004,0.597519755,-0.061539885,-1.035262704,-1.262346387,0.772671282,-0.226810113,0.128212094,0.578876495
290,792255,73507,stationary,stationary_right_view,0.729461491,1.381229520,0.734344184,-0.145258680,-0.390530825,-0.021175191,0.908810914,-0.044402968,-0.983442903,-1.412340522,0.745825410,-0.247915432,0.119411960,0.606649101,0.072318502,-1.025527835,-1.361539602,0.751900136,-0.265809625,0.091917694,0.596273899,-0.062696099,-1.042161822,-1.268900633,0.776631534,-0.222015351,0.135083571,0.573851168
291,792507,73759,stationary,stationary_right_view,0.728523433,1.381571054,0.734908462,-0.144739345,-0.390394032,-0.020587618,0.908966005,-0.044320777,-0.983044267,-1.408250093,0.742351115,-0.238657370,0.134876981,0.611363888,0.072835736,-1.027906299,-1.362086415,0.756163299,-0.264770478,0.092136540,0.591290534,-0.062517695,-1.036160111,-1.259790897,0.772280812,-0.224529505,0.133747295,0.579034209
292,792743,73995,stationary,stationary_right_view,0.727384388,1.381661415,0.735074103,-0.144827411,-0.390656710,-0.020482076,0.908841491,-0.044761121,-0.992827594,-1.421862960,0.747410655,-0.236365572,0.137294501,0.605523705,0.071628332,-1.027175426,-1.362605333,0.753766835,-0.264836818,0.097360112,0.593479574,-0.063099429,-1.038536429,-1.263996720,0.774964094,-0.222796649,0.136512145,0.575462282
293,792994,74246,stationary,stationary_right_view,0.726394176,1.381663203,0.735127628,-0.144407764,-0.391086131,-0.020318290,0.908727229,-0.045072060,-0.990711749,-1.418277383,0.748780370,-0.238607347,0.140486494,0.602210939,0.070848003,-1.024911046,-1.358482599,0.751145363,-0.259988278,0.098708466,0.598701477,-0.063401043,-1.036992550,-1.260890484,0.774097145,-0.219845742,0.141483724,0.576562166
294,793243,74495,stationary,stationary_right_view,0.726121783,1.381536961,0.734045684,-0.144409016,-0.391388178,-0.020341355,0.908596516,-0.045079611,-0.988727570,-1.415179729,0.746908128,-0.242209867,0.135961339,0.604133368,0.071100876,-1.025530934,-1.358987689,0.751933455,-0.261171252,0.097512640,0.597391844,-0.063367143,-1.039613485,-1.263169169,0.775162458,-0.220162705,0.139179066,0.575569928
295,793479,74731,stationary,stationary_right_view,0.726256371,1.381505013,0.732242823,-0.144120008,-0.391974568,-0.020205483,0.908392608,-0.046234705,-1.018998861,-1.454976797,0.771056771,-0.237416178,0.130268261,0.576311648,0.074629411,-1.057172775,-1.392652512,0.964458823,-0.223107010,0.141564816,-0.001360314,-0.062951893,-1.037105680,-1.257056952,0.773554146,-0.223581836,0.131398574,0.578238368
296,793729,74981,stationary,stationary_right_view,0.727261364,1.381470919,0.730899930,-0.143617541,-0.393467486,-0.021226369,0.907803237,-0.046006516,-1.016527295,-1.445727348,0.761371136,-0.237298235,0.141645476,0.586464167,0.070164993,-1.025123239,-1.353277922,0.749413431,-0.258728594,0.095435873,0.601939440,-0.063714586,-1.042932630,-1.261304259,0.772745192,-0.218074501,0.134672329,0.580664933
297,793979,75231,stationary,stationary_right_view,0.728059590,1.381395459,0.730715513,-0.144022033,-0.395060450,-0.021850171,0.907032251,-0.049357824,-0.998765945,-1.426249504,0.757550001,-0.242757007,0.132953063,0.591194093,0.067644782,-1.032373309,-1.365841985,0.756181777,-0.258382231,0.090904832,0.594276071,-0.066652238,-1.044613361,-1.265681148,0.780811727,-0.215742558,0.138852149,0.569656312
298,794229,75481,stationary,stationary_right_view,0.727418661,1.381788015,0.730062366,-0.142425865,-0.394537836,-0.021149501,0.907528222,-0.047404729,-0.995593250,-1.409881353,0.741703033,-0.236048967,0.131550446,0.613882661,0.070254989,-1.037195325,-1.361467838,0.757989407,-0.255898833,0.096943386,0.592089415,-0.063873291,-1.044830680,-1.255998015,0.772296846,-0.216958538,0.133501768,0.581948400
299,794479,75731,stationary,stationary_right_view,0.726688266,1.381489515,0.728673816,-0.143543676,-0.394946635,-0.020989127,0.907177925,-0.049187824,-1.003670454,-1.427600503,0.758009672,-0.240792379,0.133942217,0.591185153,0.067153245,-1.025152087,-1.351483107,0.752453923,-0.257887483,0.097149163,0.598221660,-0.066326261,-1.042460442,-1.258901954,0.775392711,-0.215701386,0.135342881,0.577859223
300,794728,75980,stationary,stationary_right_view,0.725438297,1.381082177,0.728463292,-0.144484028,-0.395163268,-0.020965625,0.906934857,-0.049404457,-1.003955722,-1.433626056,0.759541988,-0.239839002,0.135809541,0.589176536,0.066848576,-1.020989895,-1.352127194,0.749674499,-0.256831765,0.095607974,0.602399170,-0.066606551,-1.042050719,-1.263875246,0.777010858,-0.219204783,0.130704716,0.575429916
301,794980,76232,stationary,stationary_right_view,0.724313617,1.380925655,0.729453802,-0.144227639,-0.396807343,-0.022244560,0.906227052,-0.050977264,-0.985228777,-1.411783457,0.743102908,-0.234980986,0.130157441,0.612895668,0.066465445,-1.020886064,-1.356394649,0.751403689,-0.256729215,0.093697220,0.600586057,-0.067068234,-1.041428924,-1.266072750,0.776791155,-0.214616507,0.134603634,0.576556206
302,795230,76482,stationary,stationary_right_view,0.723102808,1.381118655,0.730888247,-0.144021109,-0.398272604,-0.022380123,0.905613601,-0.054344807,-0.986843526,-1.414247274,0.742264569,-0.234680295,0.128505617,0.614373505,0.063186899,-1.022343636,-1.359203100,0.749669909,-0.258543193,0.089154921,0.602662265,-0.069770835,-1.039730668,-1.264966249,0.777175426,-0.213902533,0.134862646,0.576243103
303,795479,76731,stationary,stationary_right_view,0.720984399,1.381567478,0.731210649,-0.143915325,-0.397720695,-0.021685019,0.905889809,-0.053034775,-0.989064336,-1.416739702,0.746269345,-0.232141420,0.119979911,0.612206936,0.064848758,-1.025921941,-1.363426566,0.751770496,-0.256711990,0.090938583,0.600558281,-0.068189859,-1.046071053,-1.271910429,0.780829728,-0.216334596,0.132021114,0.571029544
304,795729,76981,stationary,stationary_right_view,0.718673348,1.381840587,0.730588496,-0.143643662,-0.398256302,-0.021674233,0.905697882,-0.052928429,-0.990214705,-1.418438435,0.746291578,-0.231130421,0.120315693,0.612496376,0.064807251,-1.024853349,-1.362571239,0.750086963,-0.257517666,0.089110740,0.602589011,-0.067885116,-1.043722153,-1.269754052,0.777138829,-0.215890631,0.132157654,0.576177835
305,795965,77217,stationary,stationary_right_view,0.717354417,1.382038116,0.729552984,-0.143418372,-0.400958061,-0.021249745,0.904550850,-0.059093878,-1.002229214,-1.433675289,0.756325722,-0.229015201,0.135907039,0.597539008,0.058723122,-1.026780009,-1.363765240,0.755065143,-0.253803521,0.087523870,0.598163903,-0.073862351,-1.042971253,-1.267142177,0.775503397,-0.213485956,0.129548818,0.579858065
306,796215,77467,stationary,stationary_right_view,0.717390180,1.381908894,0.728913724,-0.143446162,-0.401476204,-0.020698981,0.904329360,-0.060739212,-0.996112108,-1.423783541,0.756036520,-0.231868014,0.122937299,0.599610269,0.057540186,-1.026695609,-1.362594008,0.754071176,-0.253718913,0.094827630,0.598340273,-0.074838117,-1.039527178,-1.262159824,0.776014447,-0.211680800,0.126914546,0.580418468
307,796452,77704,stationary,stationary_right_view,0.718105614,1.381851554,0.727977872,-0.143518358,-0.400479794,-0.020818470,0.904756904,-0.057761900,-0.988684595,-1.413133740,0.750953019,-0.239268243,0.119052760,0.603859842,0.059881233,-1.025305629,-1.358485818,0.748246133,-0.257806838,0.088106647,0.604897201,-0.072733521,-1.042439342,-1.264228225,0.776291430,-0.216094717,0.127291739,0.578335106
308,796689,77941,stationary,stationary_right_view,0.719332933,1.381594658,0.726355970,-0.144447535,-0.400437713,-0.020185890,0.904641986,-0.059241779,-1.005320072,-1.436997414,0.760356247,-0.229716852,0.138365611,0.591560185,0.058124766,-1.028085828,-1.363331556,0.752452552,-0.263539821,0.080078259,0.598288774,-0.074085459,-1.039479375,-1.262026429,0.774552763,-0.215896890,0.126434624,0.580922365
309,796938,78190,stationary,stationary_right_view,0.720394611,1.381413698,0.725481153,-0.144710928,-0.398834378,-0.019841792,0.905315518,-0.056298845,-1.006626248,-1.437519789,0.759634554,-0.237607136,0.134698510,0.590215623,0.060426481,-1.022771716,-1.355309486,0.748362124,-0.257591277,0.090239681,0.604530990,-0.072091237,-1.042749166,-1.264932275,0.778619468,-0.219445378,0.125190824,0.574389100
310,797187,78439,stationary,stationary_right_view,0.721114814,1.381101251,0.724275649,-0.145294696,-0.398582757,-0.019751742,0.905334830,-0.056917652,-0.998842359,-1.428009748,0.757441640,-0.229188368,0.127549320,0.597901344,0.059555992,-1.021512747,-1.353270292,0.738531709,-0.252485007,0.089103736,0.618775308,-0.072306313,-1.037843108,-1.260399461,0.774686456,-0.216238573,0.129082188,0.580034137
311,797437,78689,stationary,stationary_right_view,0.722229898,1.380867243,0.723976374,-0.145894602,-0.399157315,-0.020006301,0.904979527,-0.058281191,-0.990400434,-1.420290709,0.755499423,-0.239073724,0.121076152,0.597833574,0.059055321,-1.022007346,-1.358306050,0.752038419,-0.257572025,0.084957875,0.600730479,-0.073623925,-1.041952252,-1.266831636,0.777978599,-0.216475010,0.131363928,0.575005591
312,797674,78926,stationary,stationary_right_view,0.722648442,1.381067634,0.724057555,-0.145878956,-0.398553044,-0.020218629,0.905243635,-0.056284610,-1.000730515,-1.434472203,0.759956181,-0.240743726,0.129187405,0.589762449,0.060655773,-1.019215465,-1.354919553,0.749696314,-0.258215874,0.088077009,0.602928281,-0.072054029,-1.034238815,-1.258610845,0.778035879,-0.220102668,0.126406297,0.574662089
313,797910,79162,stationary,stationary_right_view,0.722280264,1.380979538,0.724532783,-0.146362990,-0.398363113,-0.020416120,0.905244648,-0.056852274,-0.989510894,-1.421662688,0.751792610,-0.231586501,0.122585982,0.605101883,0.060556330,-1.021295547,-1.359637976,0.750546277,-0.263121486,0.084075168,0.600315571,-0.072220206,-1.042337775,-1.270586848,0.781949162,-0.215532228,0.133332863,0.569494307
314,798160,79412,stationary,stationary_right_view,0.721763670,1.381216764,0.725380301,-0.145562768,-0.398599058,-0.020480031,0.905268371,-0.055495050,-0.993144870,-1.424680114,0.759787798,-0.233901948,0.136315018,0.591126621,0.061026141,-1.021050692,-1.357890487,0.749381423,-0.257940710,0.088264301,0.603409886,-0.071621887,-1.039802551,-1.265606284,0.777590573,-0.219935760,0.123468004,0.575966060
315,798396,79648,stationary,stationary_right_view,0.720891953,1.381551385,0.725913286,-0.145023435,-0.399261773,-0.020827964,0.905054927,-0.056672819,-0.987616360,-1.414573312,0.746055663,-0.233689621,0.119045243,0.612060785,0.060864516,-1.021230936,-1.356770277,0.751097500,-0.256673008,0.090116397,0.601540208,-0.071517646,-1.043299556,-1.267862082,0.779538870,-0.215866908,0.129084811,0.573635578
316,798659,79911,stationary,stationary_right_view,0.720322549,1.381228209,0.725606143,-0.145509645,-0.399653554,-0.021249777,0.904794157,-0.057102591,-0.986814797,-1.418888092,0.746556580,-0.236823618,0.117716514,0.610500276,0.060447194,-1.019222856,-1.358554721,0.753195405,-0.253685415,0.095547676,0.599342167,-0.072157271,-1.043636441,-1.272106171,0.782004297,-0.214957610,0.126638055,0.571161449
317,798910,80162,stationary,stationary_right_view,0.720204115,1.381006360,0.725713372,-0.145428821,-0.399071097,-0.021625936,0.905055285,-0.054516133,-0.984667957,-1.415930629,0.745863438,-0.236853972,0.125331298,0.609819651,0.064674184,-1.044638753,-1.392563701,0.769834757,-0.250368863,0.088764064,0.580336809,-0.070028134,-1.039999843,-1.267781258,0.777265429,-0.214470983,0.129347488,0.577174008
318,799158,80410,stationary,stationary_right_view,0.721456647,1.381082296,0.725587726,-0.145396590,-0.398891628,-0.021213461,0.905149341,-0.054924950,-0.988857388,-1.419775009,0.753906369,-0.231578961,0.134673595,0.599882841,0.063522123,-1.031392932,-1.371882439,0.756539583,-0.259909719,0.092493363,0.592907906,-0.070642874,-1.038645029,-1.264703035,0.774485230,-0.218524516,0.126147181,0.580091894
319,799396,80648,stationary,stationary_right_view,0.723332047,1.380967379,0.725375175,-0.145470515,-0.398404211,-0.021163549,0.905353248,-0.055548407,-0.996419489,-1.428671598,0.758310795,-0.238158077,0.127327815,0.593323767,0.061870635,-1.023677230,-1.361128688,0.753181577,-0.258738905,0.086089499,0.598632097,-0.071204633,-1.042351246,-1.267724037,0.781379282,-0.218300328,0.127019882,0.570663929
320,799646,80898,stationary,stationary_right_view,0.724909484,1.380941272,0.725539804,-0.145494401,-0.397936881,-0.020901904,0.905561030,-0.055403300,-0.991965055,-1.422092915,0.757976055,-0.240179271,0.124849640,0.593463361,0.062818900,-1.039107442,-1.380277634,0.768946409,-0.251061112,0.087852888,0.581353247,-0.071003690,-1.037975073,-1.261236668,0.776683807,-0.215789869,0.130557686,0.577192962
321,799896,81148,stationary,stationary_right_view,0.725995004,1.380735397,0.725789964,-0.145917729,-0.397422463,-0.021038491,0.905715644,-0.055297550,-0.993503392,-1.424797416,0.756953061,-0.238397196,0.127517134,0.594918728,0.061952457,-1.020461559,-1.356554985,0.753330529,-0.260028094,0.082677476,0.598366916,-0.071259782,-1.037479758,-1.262460351,0.778409243,-0.220293134,0.125327677,0.574319541
322,800146,81398,stationary,stationary_right_view,0.726936996,1.380351543,0.726857007,-0.146031529,-0.397262126,-0.021776050,0.905750215,-0.055385087,-0.990097344,-1.423149824,0.749506354,-0.236233443,0.132601500,0.604028881,0.061718628,-1.020171881,-1.358978629,0.756331503,-0.259235471,0.090164140,0.593826592,-0.071160629,-1.035821915,-1.262377024,0.777663589,-0.216951668,0.131539777,0.575211823
323,800383,81635,stationary,stationary_right_view,0.727251649,1.380431533,0.728608966,-0.145814091,-0.397325814,-0.021497717,0.905763984,-0.057399265,-0.986892462,-1.417223215,0.752141476,-0.233986646,0.126555175,0.602923989,0.061094381,-1.030196309,-1.371416688,0.761385441,-0.255111396,0.098130718,0.587861121,-0.073077023,-1.035200119,-1.261196375,0.774908960,-0.215633437,0.132054776,0.579292536
324,800631,81883,stationary,stationary_right_view,0.727564931,1.380784035,0.730677247,-0.145643920,-0.396585882,-0.021706041,0.906110585,-0.054799058,-0.985821366,-1.417404413,0.743850231,-0.227147982,0.128773272,0.615230083,0.060723305,-1.021152616,-1.359300017,0.752390742,-0.261605084,0.089320414,0.597907066,-0.072590783,-1.037411332,-1.264608502,0.776322067,-0.214956626,0.131357431,0.577808797
325,800868,82120,stationary,stationary_right_view,0.727257311,1.381168246,0.732862115,-0.144276276,-0.395970255,-0.022654636,0.906575263,-0.053168721,-1.002171636,-1.436740279,0.759526193,-0.241083398,0.134729564,0.588936985,0.063478112,-1.019533515,-1.355670691,0.749179661,-0.257774889,0.093947105,0.602873027,-0.069832698,-1.039150596,-1.265070200,0.775460184,-0.218027249,0.129873201,0.578151047
326,801104,82356,stationary,stationary_right_view,0.726743221,1.381277323,0.734114528,-0.143878400,-0.395612210,-0.022321843,0.906803012,-0.053397723,-0.987113655,-1.413805604,0.745576799,-0.235391736,0.121407501,0.611527801,0.064675793,-1.032715678,-1.370768189,0.758300483,-0.256951362,0.093050636,0.591859818,-0.069471799,-1.038011670,-1.261832118,0.776267827,-0.216197655,0.133671924,0.576887071
327,801356,82608,stationary,stationary_right_view,0.726914883,1.381544709,0.735371053,-0.142733723,-0.396025777,-0.022477277,0.906799555,-0.053924344,-0.985636234,-1.406688929,0.741780460,-0.235457093,0.126660973,0.615043759,0.063613094,-1.025004506,-1.355988860,0.752147853,-0.256041557,0.098382317,0.599197209,-0.070152551,-1.045390964,-1.265890121,0.776576996,-0.213593110,0.134323686,0.577289522
328,801605,82857,stationary,stationary_right_view,0.727135062,1.381688237,0.736105382,-0.142434895,-0.396044552,-0.022796607,0.906830370,-0.053838536,-0.983747780,-1.404099345,0.741146266,-0.236036628,0.125867173,0.615748644,0.064324759,-1.034065127,-1.367634058,0.756700695,-0.255696565,0.094694763,0.594185352,-0.069966696,-1.045723915,-1.266499519,0.778335154,-0.213687345,0.137631491,0.574099004
329,801854,83106,stationary,stationary_right_view,0.726777375,1.381948948,0.737070739,-0.140974715,-0.395818055,-0.022039918,0.907176077,-0.052728690,-1.010588884,-1.431967497,0.757617593,-0.238905147,0.134752348,0.592268288,0.063752256,-1.028152466,-1.351915598,0.747882783,-0.256567985,0.094255991,0.604946315,-0.069639891,-1.048769474,-1.262744427,0.774566710,-0.215496436,0.134604871,0.579214394
330,802091,83343,stationary,stationary_right_view,0.725583553,1.382114530,0.736948550,-0.140351042,-0.394067049,-0.021010723,0.908059061,-0.048865870,-1.012223601,-1.429026008,0.756047428,-0.239211291,0.133098215,0.594520867,0.067536838,-1.031390429,-1.350966692,0.750111103,-0.258968949,0.095204629,0.601002991,-0.066107817,-1.047531009,-1.257880569,0.774365723,-0.218520209,0.136690289,0.577860236
331,802341,83593,stationary,stationary_right_view,0.724873602,1.381888270,0.736568153,-0.141033664,-0.393854231,-0.020767527,0.908051252,-0.049131151,-1.009776473,-1.430864096,0.756668746,-0.240538493,0.135378763,0.592677176,0.067098036,-1.027108073,-1.349844098,0.748476028,-0.259162605,0.096338518,0.602774680,-0.066588014,-1.049220920,-1.263801575,0.773362696,-0.219170615,0.133469477,0.579707146
332,802578,83830,stationary,stationary_right_view,0.724554718,1.381764412,0.737408280,-0.140427634,-0.393540889,-0.020513110,0.908286810,-0.048310503,-1.002994061,-1.417488694,0.750236630,-0.236783862,0.135926992,0.602164626,0.068515122,-1.033686519,-1.354542851,0.750719607,-0.260932446,0.090964295,0.600049853,-0.065768085,-1.048962116,-1.260468483,0.771507323,-0.219767764,0.134342670,0.581747890
333,802827,84079,stationary,stationary_right_view,0.724870086,1.381683946,0.737624168,-0.140403762,-0.393309653,-0.020242184,0.908396721,-0.048722532,-1.012725472,-1.429849267,0.755744398,-0.238772064,0.133528784,0.594985962,0.068635821,-1.047530413,-1.372722268,0.760654926,-0.253979504,0.096792586,0.589516521,-0.066329345,-1.050297618,-1.261669993,0.773445189,-0.218890533,0.137661621,0.578721642
334,803077,84329,stationary,stationary_right_view,0.725692570,1.381487131,0.738002658,-0.140861124,-0.393137813,-0.020271778,0.908399582,-0.049179472,-1.004951477,-1.423984289,0.755271912,-0.242846668,0.133832768,0.593867600,0.067242213,-1.032817841,-1.355225801,0.749633908,-0.261989623,0.096344776,0.600106716,-0.066867903,-1.049311757,-1.262646198,0.773833215,-0.215849862,0.137498483,0.579383492
335,803312,84564,stationary,stationary_right_view,0.726179719,1.381065130,0.738959968,-0.140973985,-0.392802358,-0.020752197,0.908516407,-0.048256520,-1.003548026,-1.422714591,0.753602326,-0.238297939,0.132848784,0.598037481,0.068154693,-1.029212713,-1.353363752,0.750430465,-0.261293024,0.093217067,0.599908948,-0.066192843,-1.048361897,-1.263564110,0.773437917,-0.220537737,0.132889196,0.579221308
336,803562,84814,stationary,stationary_right_view,0.726408958,1.381009102,0.739882290,-0.141469344,-0.392223567,-0.020614082,0.908692539,-0.048187338,-0.995074272,-1.414205551,0.744257629,-0.236924142,0.136467129,0.609363854,0.068272069,-1.032289386,-1.359279275,0.751809835,-0.263664603,0.094385445,0.596954286,-0.065885201,-1.041024685,-1.257628679,0.772681832,-0.217830554,0.143671021,0.578680694
337,803799,85051,stationary,stationary_right_view,0.726664364,1.381502986,0.741713881,-0.140998691,-0.392412931,-0.020650037,0.908683121,-0.049705587,-0.996603489,-1.416114092,0.742595851,-0.242112041,0.140624985,0.608405888,0.066775791,-1.031942010,-1.357586384,0.749332786,-0.261229038,0.095115118,0.601009905,-0.067511186,-1.046076775,-1.262045503,0.773354411,-0.216997579,0.137868553,0.579506099
338,804035,85287,stationary,stationary_right_view,0.726778984,1.381742358,0.743390441,-0.141117081,-0.392150372,-0.020665320,0.908777773,-0.050920933,-1.003920197,-1.425926924,0.749067307,-0.228764713,0.138339847,0.606157541,0.067268744,-1.052078843,-1.387287855,0.768474221,-0.254189849,0.095380090,0.579428732,-0.068730973,-1.051681876,-1.271080732,0.774984896,-0.220449373,0.134868979,0.576724231
339,804284,85536,stationary,stationary_right_view,0.726117194,1.381908417,0.744613409,-0.140862569,-0.391262680,-0.020729162,0.909198284,-0.049700074,-1.023845673,-1.455512643,0.756275773,-0.231371775,0.138401687,0.596120000,0.067631200,-1.028106809,-1.355334997,0.747173846,-0.264837950,0.092724711,0.602490067,-0.066555232,-1.047136784,-1.266505718,0.772933125,-0.221116409,0.134198755,0.579372644
340,804521,85773,stationary,stationary_right_view,0.724076092,1.381690979,0.745591700,-0.141968608,-0.390147418,-0.020398499,0.909512937,-0.046368614,-0.999330044,-1.429315329,0.750951469,-0.236566529,0.147637844,0.598591089,0.070126660,-1.035660625,-1.372223854,0.753750861,-0.261593044,0.098193124,0.594799817,-0.065081045,-1.043833852,-1.269814610,0.773549020,-0.219876602,0.142930895,0.576928973
341,804771,86023,stationary,stationary_right_view,0.721019149,1.382077098,0.746592343,-0.141017213,-0.389172286,-0.018551620,0.910118043,-0.045962568,-1.004538298,-1.431143284,0.747779846,-0.246910900,0.132282153,0.601964891,0.069847025,-1.031817913,-1.360008955,0.744680703,-0.269593388,0.084185749,0.604717255,-0.064835414,-1.047097325,-1.268681645,0.769485116,-0.224173695,0.137501791,0.582006931
342,805007,86259,stationary,stationary_right_view,0.719411492,1.382386446,0.746606171,-0.140517026,-0.388211817,-0.017320652,0.910629749,-0.042442739,-1.033617735,-1.465599537,0.757293463,-0.241455704,0.139185384,0.590621054,0.074131601,-1.053974032,-1.386114597,0.763845980,-0.257703155,0.093203858,0.584329963,-0.061964877,-1.045959830,-1.264102936,0.767410278,-0.223097056,0.141225606,0.584264040
343,805257,86509,stationary,stationary_right_view,0.718464613,1.382226467,0.745290697,-0.140980691,-0.388314724,-0.016285870,0.910533309,-0.045238368,-1.003350973,-1.425291896,0.746486008,-0.239308134,0.140748486,0.604714870,0.070398852,-1.033458114,-1.359104991,0.747264266,-0.261996955,0.097956419,0.602792084,-0.064381607,-1.048585176,-1.267526388,0.772142053,-0.223441526,0.134058714,0.579567850
344,805492,86744,stationary,stationary_right_view,0.719341040,1.381510735,0.744101703,-0.143321380,-0.388771802,-0.016064737,0.909976602,-0.049267821,-1.003517985,-1.435994029,0.747729421,-0.242162511,0.136358291,0.603046000,0.068240628,-1.055405736,-1.398344278,0.765082836,-0.258895576,0.094731547,0.581934094,-0.068161249,-1.041601181,-1.268480301,0.770774364,-0.224771082,0.135040373,0.580645323
345,805744,86996,stationary,stationary_right_view,0.721225679,1.380753279,0.744421303,-0.144483238,-0.387876242,-0.017067757,0.910156786,-0.046378836,-0.997785628,-1.438167572,0.749326468,-0.247410968,0.133578166,0.599545360,0.069592021,-1.029441714,-1.372239470,0.749792933,-0.267250448,0.094510041,0.597875893,-0.065995768,-1.040952802,-1.275876045,0.775057077,-0.224218592,0.139518589,0.574062049
346,805993,87245,stationary,stationary_high_view,0.722579479,1.380573153,0.743846357,-0.146953046,-0.387204647,-0.016558826,0.910056710,-0.049755387,-0.984745145,-1.428419948,0.741625130,-0.247457564,0.135427102,0.608618498,0.065770820,-1.021829247,-1.369961023,0.750630140,-0.268488199,0.094757810,0.596229374,-0.069820940,-1.035942674,-1.276237726,0.772514164,-0.228744686,0.132417187,0.577376306
347,806228,87480,stationary,stationary_high_view,0.719816685,1.381754994,0.728652418,-0.154938355,-0.400511980,-0.012771176,0.903006732,-0.091604173,-0.975392818,-1.439486742,0.753422081,-0.246503845,0.111091606,0.599374354,0.025931057,-1.012244344,-1.380908966,0.756858766,-0.261419386,0.078845091,0.593808234,-0.106906801,-1.025099039,-1.282143235,0.780135036,-0.223225534,0.120436281,0.571887076
348,806463,87715,stationary,stationary_high_view,0.691568434,1.384225011,0.684541523,-0.158973366,-0.420917809,0.001271875,0.893058836,-0.127761900,-0.983040690,-1.421915054,0.755287230,-0.231585383,0.100984238,0.604740918,-0.008803695,-1.027780175,-1.378086805,0.759207368,-0.255814880,0.059004866,0.595551312,-0.136862397,-1.029929519,-1.262856007,0.774572790,-0.220592290,0.087640636,0.586255252
349,806685,87937,stationary,stationary_high_view,0.625530660,1.381155968,0.605487704,-0.155370101,-0.459284097,-0.024972415,0.874239445,-0.074576370,-0.977954507,-1.451502562,0.773140192,-0.188925698,0.073578842,0.600955486,0.050518483,-0.999063969,-1.393618584,0.764753163,-0.215095744,0.043040901,0.605833292,-0.069197565,-1.025015116,-1.288230896,0.792800426,-0.173926130,0.079630449,0.578684926
350,806910,88162,stationary,stationary_high_view,0.551509559,1.378970981,0.534774899,-0.152565897,-0.484017074,-0.039846003,0.860734224,-0.009712301,-0.979226589,-1.519512773,0.798799992,-0.151472017,0.068730399,0.578144372,0.120280623,-0.988338232,-1.455470204,0.777960956,-0.183124885,0.038561329,0.599795759,0.007826746,-1.028696060,-1.350853205,0.804216206,-0.152129009,0.062603563,0.571116388
351,807119,88371,stationary,stationary_high_view,0.484564394,1.378743291,0.489398211,-0.148072347,-0.531525731,-0.044413205,0.832815945,-0.064093061,-0.946715713,-1.520287514,0.781804323,-0.121336959,0.036062162,0.610539854,0.069272876,-0.979454458,-1.509860754,0.986492217,-0.076886505,0.118567057,-0.082846157,-0.029930301,-1.038189650,-1.414242387,0.993853867,-0.093916349,0.039399240,0.043381806
352,807382,88634,stationary,stationary_high_view,0.455316871,1.419099808,0.469670236,-0.164017126,-0.544299483,-0.059976943,0.820511580,-0.070851788,-0.939151168,-1.627814174,0.809676707,-0.104007781,0.033653568,0.576605141,0.063382082,-0.954591632,-1.594321847,0.986368477,-0.066083357,0.112700097,-0.100044303,-0.031755287,-1.011974573,-1.489959002,0.994458139,-0.093967818,0.038147673,0.027709449
353,807603,88855,stationary,stationary_high_view,0.427294403,1.441190600,0.484547377,-0.151203230,-0.541270137,-0.058070451,0.825101256,-0.048616581,-0.987028718,-1.636250019,0.988680243,-0.120388590,0.014413922,-0.088375390,0.086749442,-0.998916626,-1.603511572,0.987326801,-0.059446510,0.109686702,-0.098085634,-0.010125095,-1.043301940,-1.481191516,0.994977713,-0.092317753,0.038516037,0.003647413
354,807841,89093,stationary,stationary_high_view,0.395331383,1.443074584,0.500539720,-0.143201753,-0.557885587,-0.056171108,0.815537691,-0.104978621,-1.002296925,-1.650425076,0.987779081,-0.123162940,-0.013121888,-0.094610907,0.032765329,-1.032214880,-1.652871609,0.990669072,-0.061167464,0.085957475,-0.086282797,-0.059072834,-1.074844837,-1.521416068,0.996869087,-0.073242962,0.023642011,0.018129045
355,808049,89301,stationary,stationary_high_view,0.368102431,1.455255747,0.494161844,-0.151169777,-0.573877335,-0.050785579,0.803264201,-0.172803298,-1.006475925,-1.697335243,0.989555538,-0.110215478,-0.021876410,-0.090298302,-0.034843430,-1.029975891,-1.696860433,0.799953580,-0.094410419,-0.015545603,0.592384458,-0.123720437,-1.088522315,-1.580430150,0.996721327,-0.075448841,0.005574078,0.028689299
356,808216,89468,stationary,stationary_high_view,0.345668435,1.476629138,0.467478722,-0.053610504,-0.600721836,-0.003998666,0.797648549,,,,,,,,,,,,,,,,,,,,,
357,808382,89634,stationary,stationary_high_view,0.336208135,1.489495993,0.442142963,-0.017632235,-0.612196386,0.016901407,0.790328443,,,,,,,,,,,,,,,,,,,,,
358,808548,89800,stationary,stationary_high_view,0.343722612,1.484453797,0.436616927,-0.022774400,-0.621469080,0.030663656,0.782507062,,,,,,,,,,,,,,,,,,,,,
359,808729,89981,stationary,stationary_high_view,0.358331621,1.480265021,0.444497496,-0.035135470,-0.618016362,0.020047834,0.785123765,,,,,,,,,,,,,,,,,,,,,
360,808911,90163,stationary,stationary_high_view,0.369634718,1.476904869,0.455953181,-0.043297835,-0.626848161,0.009714453,0.777876794,,,,,,,,,,,,,,,,,,,,,
361,809090,90342,stationary,stationary_high_view,0.366876274,1.474776268,0.467242777,-0.052697543,-0.630123615,0.005175359,0.774687350,-0.282899976,-1.342995286,-1.376646161,0.715129614,-0.025427673,-0.022518544,0.698166192,-0.150732100,-1.402973056,-1.423351169,0.998801410,-0.030748231,0.016360356,0.034389105,,,,,,,
362,809271,90523,stationary,stationary_high_view,0.355737627,1.472668409,0.475792259,-0.060404845,-0.635780036,-0.002227128,0.769499838,-0.309262753,-1.343349814,-1.435897589,0.993227243,-0.086561278,-0.072993882,0.026052035,-0.166490898,-1.318998456,-1.405441523,0.702879190,-0.024321575,-0.059864718,0.708368182,,,,,,,
363,809465,90717,stationary,stationary_high_view,0.342249036,1.472656488,0.476866096,-0.056946553,-0.627301872,-0.000751230,0.776691020,-0.270574987,-1.326706171,-1.428270817,0.726968348,-0.024825603,-0.014418090,0.686070621,-0.136812299,-1.359251022,-1.447761416,0.999238610,-0.032728415,0.021026464,0.003003184,,,,,,,
364,809647,90899,stationary,stationary_high_view,0.331101984,1.469103813,0.478888899,-0.049931839,-0.626694202,-0.005570545,0.777643979,-0.248813823,-1.331406713,-1.427759647,0.995960355,-0.073928826,-0.050371427,0.007758342,-0.115936749,-1.386246681,-1.474064946,0.999580443,-0.023090230,0.016079709,0.006871297,,,,,,,
365,809827,91079,stationary,stationary_high_view,0.327322155,1.467908740,0.475410461,-0.056660682,-0.625868499,-0.005172647,0.777850568,-0.256472826,-1.330012202,-1.465154886,0.995215595,-0.078769602,-0.057666708,0.003976757,-0.117584750,-1.333823442,-1.461050987,0.718214393,-0.040788349,-0.046672482,0.693055630,,,,,,,
366,810020,91272,stationary,stationary_high_view,0.328123331,1.465222359,0.472924858,-0.064869218,-0.627285957,-0.011433995,0.775998414,-0.257865906,-1.292633653,-1.479121089,0.995569944,-0.077008560,-0.052589096,-0.012023789,-0.123491868,-1.321290970,-1.501141429,0.999076843,-0.032993786,0.021876961,-0.016682710,,,,,,,
367,810215,91467,stationary,stationary_high_view,0.328528345,1.464713573,0.469536424,-0.068761505,-0.630089164,-0.013670658,0.773351550,-0.269454300,-1.276857853,-1.489592552,0.994958162,-0.080433749,-0.059353203,-0.008118229,-0.135679603,-1.321593404,-1.530047417,0.999270260,-0.032054450,0.016954893,-0.012003116,-0.204839870,-1.355087161,-1.393738270,0.992688894,-0.033307053,-0.036052838,0.110270530
368,810410,91662,stationary,stationary_high_view,0.326696455,1.460300565,0.466858357,-0.082375243,-0.626588047,-0.023434177,0.774630606,-0.259696722,-1.233756423,-1.538726330,0.994717777,-0.077715650,-0.063666783,-0.021057414,-0.122239441,-1.243458271,-1.541487098,0.743584037,-0.034640078,-0.049301796,0.665922105,-0.190931931,-1.277116537,-1.402249455,0.995979905,-0.036505815,-0.040685270,0.070964999
369,810605,91857,stationary,stationary_high_view,0.323842019,1.457759023,0.464451611,-0.090847693,-0.627230942,-0.031323165,0.772882223,-0.256419778,-1.202936530,-1.592351437,0.994978368,-0.076143064,-0.059698578,-0.025619656,-0.116136469,-1.193275213,-1.569885015,0.746346712,-0.032066107,-0.051341455,0.662798882,-0.188242927,-1.252834439,-1.457386971,0.996330321,-0.024451844,-0.035604339,0.073894173
370,810813,92065,stationary,stationary_high_view,0.321974218,1.456235170,0.461059988,-0.097850755,-0.625608861,-0.034552466,0.773204327,-0.252791703,-1.154212713,-1.577766538,0.762636602,-0.029529709,-0.013702045,0.646007538,-0.115740187,-1.166163683,-1.579178810,0.747363925,-0.035307180,-0.045362975,0.661923587,-0.184732571,-1.202761531,-1.442057848,0.786100984,-0.013035486,-0.017549684,0.617711425
371,811007,92259,stationary,stationary_high_view,0.321899384,1.457556129,0.458062679,-0.094562724,-0.625829697,-0.030855967,0.773590982,,,,,,,,-0.114732005,-1.203743339,-1.589708447,0.998430431,-0.021008668,0.028205303,-0.043586653,-0.181888178,-1.212228179,-1.420750499,0.777678370,-0.015948212,-0.025654815,0.627936184
372,811229,92481,stationary,stationary_high_view,0.325393319,1.458624721,0.455453396,-0.093408972,-0.629117548,-0.031353809,0.771040082,-0.255038589,-1.158701539,-1.536324382,0.753755748,-0.020196926,-0.019671852,0.656549633,-0.123305723,-1.207416654,-1.585917473,0.998303592,-0.022598889,0.021242602,-0.049274530,-0.188709468,-1.213772893,-1.414339900,0.776306212,-0.008041543,-0.025848433,0.629774451
373,811424,92676,stationary,stationary_high_view,0.330184430,1.457764983,0.453674316,-0.095779635,-0.632399797,-0.034416996,0.767927229,-0.270387411,-1.182044744,-1.579724908,0.994306326,-0.073891841,-0.068664566,-0.034352656,-0.129084200,-1.173415542,-1.562105775,0.742113471,-0.017691409,-0.060340349,0.667318285,-0.198206753,-1.214083076,-1.429223776,0.788294792,-0.001806741,-0.030197572,0.614553630
374,811632,92884,stationary,stationary_high_view,0.334639192,1.458612442,0.451509595,-0.096287727,-0.631037235,-0.034203783,0.768993378,-0.265578151,-1.183290601,-1.575442553,0.994439602,-0.074730054,-0.065824904,-0.034240283,-0.126914307,-1.183436513,-1.568377972,0.746872067,-0.031428561,-0.045169853,0.662687063,-0.192437187,-1.208840489,-1.417299271,0.780385733,-0.010389909,-0.032101225,0.624387503
375,811841,93093,stationary,stationary_high_view,0.338729352,1.459078312,0.449926704,-0.096635461,-0.630390406,-0.033408698,0.769515038,-0.263433695,-1.174715638,-1.560866952,0.763181984,-0.019895118,-0.035125796,0.644921422,-0.126245782,-1.206873775,-1.589633107,0.998718381,-0.025082167,0.029225662,-0.032838993,-0.193633854,-1.243526936,-1.446580887,0.996154428,-0.031383183,-0.037237745,0.072833993
376,812034,93286,stationary,stationary_high_view,0.342455715,1.459192872,0.448224902,-0.095594145,-0.623352766,-0.032563530,0.775391996,-0.241697386,-1.220376015,-1.610615015,0.792713583,-0.017479654,-0.013889020,0.609185338,-0.098889776,-1.227442861,-1.605176449,0.767918348,-0.047408767,-0.038475387,0.637631118,-0.166659221,-1.213221669,-1.404715657,0.777405143,-0.010204671,-0.020048389,0.628597856
377,812243,93495,stationary,stationary_high_view,0.345703065,1.458754659,0.447409093,-0.096807480,-0.623855293,-0.035470471,0.774709404,-0.234516338,-1.178896189,-1.566251755,0.995926619,-0.064015158,-0.048063297,-0.041499503,-0.096551746,-1.185593009,-1.565948248,0.752640665,-0.033465270,-0.046286542,0.655949473,-0.166907296,-1.230247259,-1.434250355,0.996867239,-0.022191441,-0.023840154,0.072075814
378,812451,93703,stationary,stationary_high_view,0.347017050,1.459057689,0.446262419,-0.097562112,-0.625200868,-0.034404267,0.773577332,-0.241159648,-1.172182560,-1.555462599,0.995007277,-0.074289121,-0.057115611,-0.034343909,-0.101569615,-1.171806693,-1.546710968,0.748149216,-0.036541998,-0.055611562,0.660185456,-0.175594538,-1.242852092,-1.445494890,0.995700955,-0.022992171,-0.030182131,0.084498383
379,812658,93910,stationary,stationary_high_view,0.346324176,1.459328055,0.446491659,-0.096668735,-0.623322070,-0.033765316,0.775232017,-0.239581928,-1.201655388,-1.589730024,0.776203930,-0.020334629,-0.030309487,0.629424632,-0.098774813,-1.204921961,-1.578188539,0.998084664,-0.028841225,0.033346821,-0.043395847,-0.166557461,-1.209541798,-1.404476523,0.777183115,-0.012855445,-0.025000986,0.628646255
380,812868,94120,stationary,stationary_high_view,0.344716251,1.460148335,0.447542846,-0.094668314,-0.623915315,-0.031221244,0.775108278,-0.237344980,-1.186218500,-1.548110127,0.995577395,-0.072061546,-0.046836626,-0.037936192,-0.102203310,-1.217461467,-1.575673580,0.998398781,-0.028774822,0.029427418,-0.038805075,-0.169403672,-1.219727874,-1.399803996,0.779760957,-0.015495732,-0.025669677,0.625358999
381,813077,94329,stationary,stationary_high_view,0.343596846,1.460966349,0.447235852,-0.092974961,-0.624382198,-0.029082961,0.775020480,-0.237358376,-1.172132254,-1.518004417,0.747248471,-0.029368585,-0.016967120,0.663678706,-0.101349510,-1.187311411,-1.525177240,0.739288628,-0.033003710,-0.057153292,0.670146704,-0.172133341,-1.227654457,-1.395661235,0.780624807,-0.013066298,-0.018570019,0.624587357
382,813285,94537,stationary,stationary_high_view,0.342752904,1.460405827,0.446198761,-0.094462439,-0.625050783,-0.029749021,0.774276018,-0.246437266,-1.207859874,-1.570783854,0.995760977,-0.073690377,-0.048296116,-0.026405886,-0.107459910,-1.224961758,-1.580564737,0.999019027,-0.018196272,0.030695111,-0.026223907,-0.175358638,-1.240649581,-1.415905476,0.996765077,-0.032087136,-0.025212819,0.069239773
383,813494,94746,stationary,stationary_high_view,0.341384947,1.460042238,0.445357621,-0.093633883,-0.625924706,-0.029510234,0.773679614,-0.243940502,-1.192507744,-1.548030257,0.994682550,-0.076656722,-0.060872480,-0.032013420,-0.107117265,-1.225293159,-1.577262998,0.998833776,-0.022533987,0.036637623,-0.021933571,-0.178921685,-1.266104579,-1.441299200,0.995502353,-0.028349182,-0.029242152,0.085535496
384,813701,94953,stationary,stationary_high_view,0.341212958,1.459939480,0.444391817,-0.093180820,-0.626675785,-0.029354136,0.773132086,-0.244447142,-1.189864635,-1.540154696,0.995642185,-0.069084816,-0.049211591,-0.038758148,-0.110181227,-1.232578158,-1.583003283,0.998790860,-0.024601063,0.030057324,-0.030136911,-0.175225794,-1.218943477,-1.388948083,0.768909693,-0.013847047,-0.025273358,0.638707578
385,813911,95163,stationary,stationary_high_view,0.343289554,1.460043430,0.443329066,-0.093501523,-0.626338899,-0.030142272,0.773335934,-0.246307284,-1.213083267,-1.571822286,0.995744467,-0.074106410,-0.048012123,-0.026382787,-0.106149167,-1.215323210,-1.563405633,0.998436272,-0.024056565,0.030998677,-0.039817162,-0.173793346,-1.229373097,-1.402174711,0.782381713,-0.010642032,-0.027094860,0.622118592
386,814118,95370,stationary,stationary_high_view,0.344666690,1.459724545,0.441596985,-0.094637759,-0.624015570,-0.030636193,0.775054693,-0.229177952,-1.158957481,-1.513185263,0.746910214,-0.021964584,-0.011399683,0.664464176,-0.095987640,-1.204008222,-1.554847240,0.998093128,-0.021980811,0.036724370,-0.044476885,-0.168002173,-1.261668205,-1.441116810,0.995274782,-0.026531290,-0.023858672,0.090305269
387,814313,95565,stationary,stationary_high_view,0.344505072,1.459719300,0.440665245,-0.093340501,-0.622725725,-0.029741878,0.776283264,-0.226813793,-1.194181561,-1.545430899,0.996189237,-0.065500073,-0.047295034,-0.032863107,-0.090424083,-1.223026395,-1.568615556,0.998467565,-0.024325134,0.041059636,-0.028016968,-0.160632312,-1.247622848,-1.415839911,0.996426582,-0.029666288,-0.024184804,0.075292975
388,814520,95772,stationary,stationary_high_view,0.345249563,1.460244060,0.438613057,-0.092625357,-0.624430776,-0.028739579,0.775036037,-0.228881851,-1.170834422,-1.508371949,0.749336123,-0.022458846,-0.014537410,0.661649168,-0.093081892,-1.186599731,-1.515441775,0.740684807,-0.033349957,-0.050291937,0.669137120,-0.165480435,-1.258218408,-1.418862343,0.996419072,-0.020277843,-0.020386782,0.079512037
389,814729,95981,stationary,stationary_high_view,0.347659111,1.460347772,0.435386181,-0.093230665,-0.623659909,-0.028745493,0.775583684,-0.227351785,-1.191048861,-1.531416416,0.995828688,-0.070496812,-0.049390584,-0.030265499,-0.091418207,-1.228526950,-1.564752340,0.998743832,-0.018088065,0.035177082,-0.030759143,-0.160962194,-1.254186749,-1.413786888,0.996506512,-0.022665411,-0.017019961,0.078558408
390,814938,96190,stationary,stationary_high_view,0.349689245,1.460139990,0.431709826,-0.095212512,-0.621593356,-0.027969129,0.777028978,-0.222239435,-1.195921779,-1.542922378,0.996603012,-0.066095307,-0.040654201,-0.027588857,-0.086441502,-1.225657105,-1.566559911,0.998163223,-0.028970638,0.042251900,-0.032338068,-0.153565019,-1.217132688,-1.377087116,0.997808397,-0.040084362,-0.020646581,0.048428904
391,815132,96384,stationary,stationary_high_view,0.350144982,1.459699392,0.430586219,-0.095951989,-0.621073544,-0.028294351,0.777341783,-0.222398520,-1.200212359,-1.553130388,0.995811760,-0.068743370,-0.059409313,-0.010191401,-0.083838522,-1.226988435,-1.570883512,0.998558402,-0.019183615,0.042415969,-0.026722694,-0.155631393,-1.261028886,-1.428217411,0.995277345,-0.030715235,-0.014620260,0.090916544
392,815355,96607,stationary,stationary_high_view,0.350420803,1.460244536,0.431154013,-0.096040227,-0.622433186,-0.027896605,0.776257038,-0.229297936,-1.208803058,-1.560758114,0.996479154,-0.071361378,-0.040031571,-0.018286342,-0.090973012,-1.223921776,-1.565556049,0.998486400,-0.022789121,0.039184149,-0.031147921,-0.162155524,-1.259579539,-1.426145554,0.995445848,-0.022485273,-0.021901853,0.090012535
393,815562,96814,stationary,stationary_high_view,0.349265784,1.459952235,0.434035718,-0.096755467,-0.621497452,-0.028993374,0.776877582,-0.222218066,-1.165323377,-1.518475890,0.756496668,-0.026911018,-0.011394858,0.653344333,-0.085543253,-1.172668457,-1.513977289,0.742251813,-0.039714489,-0.056436308,0.666558266,-0.158564955,-1.226107001,-1.400982738,0.782469511,-0.019895332,-0.018398087,0.622099102
394,815756,97008,stationary,stationary_high_view,0.345413297,1.460366249,0.437784821,-0.093896799,-0.621438444,-0.028763199,0.777283967,-0.224209353,-1.202330709,-1.552545309,0.996386647,-0.070586883,-0.038976174,-0.026683461,-0.087029099,-1.227454543,-1.570262194,0.998491347,-0.022405416,0.037424497,-0.033353299,-0.157329351,-1.252400756,-1.418071151,0.996444762,-0.029825104,-0.019972872,0.076219678
395,815964,97216,stationary,stationary_high_view,0.342323542,1.460926175,0.439845115,-0.092663340,-0.623340130,-0.028719401,0.775909722,-0.228652433,-1.193158984,-1.538571596,0.996090770,-0.071803004,-0.044796634,-0.025313426,-0.090158917,-1.203421712,-1.541157722,0.749488473,-0.042712513,-0.057479236,0.658132851,-0.161419109,-1.226636410,-1.390319943,0.777761161,-0.011875425,-0.015935097,0.628245592
396,816174,97426,stationary,stationary_high_view,0.340302378,1.460726738,0.440150112,-0.093121514,-0.626373589,-0.028846536,0.773403108,-0.240784600,-1.192461491,-1.543155789,0.996108055,-0.071093746,-0.046455938,-0.023585385,-0.104097694,-1.222874284,-1.571106076,0.758721650,-0.042712286,-0.047807928,0.648252785,-0.173766643,-1.250524402,-1.419909835,0.995713055,-0.037129704,-0.031971909,0.078451842
397,816382,97634,stationary,stationary_high_view,0.338738501,1.460148811,0.440500528,-0.093596295,-0.628888667,-0.029239016,0.771287203,-0.252412111,-1.202942252,-1.560396314,0.995296717,-0.071518444,-0.060313541,-0.025134850,-0.115228213,-1.233669519,-1.588595867,0.999011755,-0.025713377,0.028974244,-0.021791598,-0.182384968,-1.249412417,-1.422549963,0.996311784,-0.029440107,-0.032700576,0.073666371
398,816590,97842,stationary,stationary_high_view,0.337916672,1.460163593,0.440847427,-0.092932485,-0.629135907,-0.028685369,0.771186590,-0.253505588,-1.210889935,-1.565046787,0.995548904,-0.070875995,-0.057496168,-0.023520147,-0.114493817,-1.215140343,-1.562363863,0.756613731,-0.039923713,-0.046522293,0.650981903,-0.182822838,-1.243609309,-1.414926767,0.791628242,-0.003329734,-0.027730370,0.610364377
399,816799,98051,stationary,stationary_high_view,0.338465244,1.460356832,0.440343499,-0.092757784,-0.626832187,-0.028362952,0.773093164,-0.244894668,-1.209899187,-1.560916543,0.995787024,-0.071129717,-0.052211035,-0.024956148,-0.106631175,-1.222858429,-1.566795707,0.998860419,-0.019553674,0.028973078,-0.032497510,-0.174595147,-1.252104402,-1.422006607,0.786610603,-0.016177529,-0.015374437,0.617045939
400,816993,98245,stationary,stationary_high_view,0.338592887,1.460488439,0.439796597,-0.092247143,-0.625820339,-0.028171228,0.773980498,-0.237103775,-1.197567582,-1.544039369,0.996292174,-0.069946654,-0.044959996,-0.022091342,-0.097742140,-1.202731729,-1.540522337,0.747579932,-0.043915413,-0.060044747,0.659992695,-0.168637365,-1.228433967,-1.392742753,0.781014919,-0.009290219,-0.016870880,0.624215364
401,817200,98452,stationary,stationary_high_view,0.339065254,1.460518122,0.438837796,-0.092521265,-0.625586033,-0.027849827,0.774148762,-0.235854149,-1.193693757,-1.537596703,0.995025158,-0.072993703,-0.057736121,-0.035544135,-0.097596660,-1.215082645,-1.555382371,0.754601240,-0.041008942,-0.064053461,0.651760995,-0.170134187,-1.265558481,-1.430906177,0.995692253,-0.024126526,-0.020284858,0.087197296
402,817410,98662,stationary,stationary_high_view,0.339038461,1.460461020,0.437375367,-0.093166575,-0.625582993,-0.026836477,0.774109662,-0.238552853,-1.202350140,-1.550837755,0.996491790,-0.066947937,-0.044766989,-0.022759762,-0.102476813,-1.230284095,-1.572362900,0.998447478,-0.027045118,0.038991202,-0.029170662,-0.170182735,-1.232661605,-1.397038579,0.778662682,-0.008322032,-0.027160456,0.626799405
403,817604,98856,stationary,stationary_high_view,0.337827504,1.460089684,0.436526984,-0.093769580,-0.625142753,-0.026268667,0.774411917,-0.240776107,-1.210751772,-1.561935902,0.995897472,-0.072728999,-0.049442157,-0.021312188,-0.102705106,-1.225614190,-1.566926718,0.998495758,-0.022942802,0.030402727,-0.039441358,-0.170112729,-1.232620835,-1.399465680,0.772498190,-0.015417716,-0.032416545,0.634001553
404,817813,99065,stationary,stationary_high_view,0.336349666,1.459940672,0.436569184,-0.093233623,-0.626001060,-0.026166296,0.773786426,-0.235946566,-1.164959431,-1.507674098,0.744388878,-0.033993047,-0.028129300,0.666287065,-0.101108462,-1.198207498,-1.535147429,0.745941579,-0.043365978,-0.061444417,0.661751568,-0.175140187,-1.271282077,-1.437978983,0.995279312,-0.024948787,-0.023566984,0.090781882
405,818021,99273,stationary,stationary_high_view,0.335317314,1.459579110,0.436654955,-0.093423493,-0.626868427,-0.026553342,0.773047805,-0.241444454,-1.190241456,-1.538992286,0.995128810,-0.066184551,-0.050776921,-0.052535117,-0.106403261,-1.207921743,-1.551112771,0.750928164,-0.035495337,-0.048202593,0.657665193,-0.174677625,-1.246113062,-1.412899494,0.997185111,-0.030434489,-0.023236899,0.064465038
406,818231,99483,stationary,stationary_high_view,0.334319651,1.459455252,0.436403096,-0.093857542,-0.627182662,-0.026366118,0.772746742,-0.239977688,-1.162573457,-1.506529689,0.993883371,-0.078627214,-0.057031147,-0.052545771,-0.105133474,-1.190056920,-1.530781269,0.745936334,-0.038182616,-0.073605120,0.660835385,-0.178896710,-1.269107580,-1.442386627,0.994983315,-0.025641894,-0.030380212,0.091803096
407,818423,99675,stationary,stationary_high_view,0.333091617,1.458711386,0.436457157,-0.093980417,-0.627652049,-0.026443336,0.772347987,-0.245869130,-1.196593881,-1.551844358,0.995954335,-0.069876075,-0.042960439,-0.036698118,-0.110327914,-1.223878622,-1.574037790,0.998217523,-0.028222481,0.032467309,-0.041366559,-0.175709844,-1.221082449,-1.394265175,0.770024478,-0.017936671,-0.028783586,0.637112319
408,818631,99883,stationary,stationary_high_view,0.332011729,1.458736897,0.435749918,-0.094136193,-0.626991510,-0.027432846,0.772830844,-0.241798460,-1.201622844,-1.563560009,0.995828450,-0.070799425,-0.047047935,-0.033161484,-0.101480648,-1.196406603,-1.546925068,0.745572865,-0.032118596,-0.066825017,0.662286937,-0.171940684,-1.240242124,-1.417792678,0.997279584,-0.026722474,-0.025910670,0.063623346
409,818842,100094,stationary,stationary_high_view,0.329686463,1.458590269,0.435314178,-0.093954377,-0.626680136,-0.027194032,0.773113906,-0.234731629,-1.164069772,-1.522408962,0.751594603,-0.030260494,-0.025707722,0.658429205,-0.102633163,-1.231408954,-1.591387987,0.998379409,-0.031486392,0.033536397,-0.033503138,-0.171167642,-1.255766988,-1.437333465,0.995545208,-0.028163726,-0.032558668,0.083884403
410,819050,100302,stationary,stationary_high_view,0.326405048,1.458040714,0.435676247,-0.093121968,-0.627434909,-0.026401147,0.772629738,-0.238126501,-1.166357517,-1.521278739,0.744489372,-0.029075529,-0.023818912,0.666575491,-0.107353188,-1.234277010,-1.593009114,0.999058306,-0.021618331,0.025981486,-0.027204622,-0.173714608,-1.241708398,-1.420775533,0.997082651,-0.036470499,-0.025035795,0.062203530
411,819245,100497,stationary,stationary_high_view,0.324058384,1.458438754,0.436411738,-0.091516227,-0.629889309,-0.026437497,0.770821154,-0.250099719,-1.212427735,-1.569475532,0.995872557,-0.070709012,-0.052174043,-0.022714900,-0.111351967,-1.225536466,-1.574385166,0.998370469,-0.019736070,0.032758761,-0.042352263,-0.177584380,-1.231845856,-1.405006289,0.779784024,-0.009853317,-0.026962595,0.625390112
412,819438,100690,stationary,stationary_high_view,0.323118716,1.458369374,0.435152084,-0.091990389,-0.630399227,-0.026238529,0.770354569,-0.245660022,-1.169047594,-1.520491481,0.749709129,-0.020571314,-0.018974705,0.661175549,-0.114443630,-1.225762248,-1.577213645,0.998265922,-0.026067128,0.024235224,-0.046886075,-0.180888593,-1.254862189,-1.430236220,0.996745348,-0.023461182,-0.024883429,0.073000468
413,819646,100898,stationary,stationary_high_view,0.322555453,1.458434939,0.433468550,-0.092118435,-0.631312966,-0.026144266,0.769593835,-0.252873302,-1.206022978,-1.563130140,0.995496035,-0.071036585,-0.051338892,-0.036134973,-0.114882357,-1.220041513,-1.570837855,0.998466849,-0.022875899,0.023903569,-0.044376902,-0.180345073,-1.227109075,-1.402547479,0.773838282,-0.011182261,-0.029535240,0.632595479
414,819854,101106,stationary,stationary_high_view,0.321335226,1.457686663,0.430610359,-0.093224309,-0.630127430,-0.024576619,0.770483375,-0.250422955,-1.207539797,-1.567560911,0.995971382,-0.069458850,-0.050050758,-0.026672242,-0.111875221,-1.227826715,-1.583875775,0.755173683,-0.043465696,-0.062427793,0.651096165,-0.179953471,-1.249060392,-1.425340533,0.996740460,-0.025286563,-0.032644961,0.069305830
415,820048,101300,stationary,stationary_high_view,0.320436060,1.457072973,0.428841203,-0.094694622,-0.630243957,-0.024876364,0.770199120,-0.250718236,-1.201496601,-1.568938613,0.995845079,-0.070155412,-0.042448428,-0.039610527,-0.114969045,-1.239991307,-1.606675267,0.998544276,-0.024066422,0.030678755,-0.037269559,-0.179893091,-1.237608910,-1.421343207,0.997199237,-0.023978878,-0.034333259,0.061967108
416,820245,101497,stationary,stationary_high_view,0.318168581,1.457015395,0.428218335,-0.092804991,-0.631078839,-0.024707159,0.769750834,-0.250153005,-1.202541947,-1.563317537,0.995903254,-0.064914696,-0.047440734,-0.041378044,-0.112347476,-1.222569823,-1.577118397,0.998200119,-0.013451298,0.040451109,-0.042181794,-0.179353535,-1.233494401,-1.414106131,0.778713882,-0.005107639,-0.037014298,0.626265645
417,820452,101704,stationary,stationary_high_view,0.316039860,1.456990719,0.426975310,-0.093691237,-0.634071171,-0.024276266,0.767193854,-0.260968417,-1.199097872,-1.562487245,0.995472670,-0.068046153,-0.056874037,-0.034195118,-0.123750702,-1.216188550,-1.574067950,0.998167098,-0.014774727,0.039453074,-0.043447077,-0.189008728,-1.242668271,-1.425984859,0.781323612,-0.010213321,-0.044116713,0.622481287
418,820647,101899,stationary,stationary_high_view,0.313998759,1.456925631,0.425519884,-0.093812630,-0.635585546,-0.023624001,0.765945256,-0.261643410,-1.178287625,-1.539638519,0.746750772,-0.002571821,-0.032399032,0.664309442,-0.125224367,-1.190659642,-1.544314504,0.743300676,-0.030470395,-0.078494743,0.663637161,-0.191738933,-1.218701720,-1.397720933,0.760939837,0.010121287,-0.028909815,0.648099065
419,820842,102094,stationary,stationary_high_view,0.312427402,1.457018971,0.423889518,-0.094924830,-0.636245251,-0.022573726,0.765291929,-0.269272268,-1.186989427,-1.549327970,0.995164037,-0.065405376,-0.055995468,-0.047278415,-0.134317562,-1.212610364,-1.571661592,0.997849822,-0.020197215,0.032525845,-0.053196758,-0.200909108,-1.255178213,-1.440269351,0.996947765,-0.025455805,-0.026313260,0.068954647
420,821050,102302,stationary,stationary_high_view,0.311055571,1.457472205,0.423350185,-0.095722236,-0.636864960,-0.021576801,0.764705658,-0.274218857,-1.190873265,-1.556641221,0.995535970,-0.067129262,-0.055425618,-0.036467221,-0.137919009,-1.208514214,-1.567826629,0.997602284,-0.024162374,0.029544901,-0.057732042,-0.203843132,-1.242029428,-1.429779053,0.782817483,-0.004030421,-0.044434022,0.620649874
421,821244,102496,stationary,stationary_high_view,0.309510976,1.457402825,0.425480455,-0.094216660,-0.636028647,-0.021966347,0.765577078,-0.268788099,-1.190657139,-1.553789258,0.995373726,-0.072079748,-0.051280007,-0.037497178,-0.136031389,-1.235618949,-1.603351116,0.760073185,-0.027965203,-0.061782602,0.646289110,-0.199752152,-1.250167727,-1.436975002,0.790595710,0.001517774,-0.051964387,0.610127807
422,821452,102704,stationary,stationary_high_view,0.307632506,1.456484914,0.428090841,-0.094284169,-0.635813773,-0.022247227,0.765739143,-0.275722653,-1.213633537,-1.588314772,0.994995058,-0.077213377,-0.060639214,-0.018597936,-0.136561573,-1.214536309,-1.581488729,0.749530911,-0.025365897,-0.085670315,0.655912101,-0.202530771,-1.262849212,-1.453165770,0.996777833,-0.021992648,-0.022690173,0.073725678
423,821647,102899,stationary,stationary_high_view,0.305674851,1.456777334,0.430354685,-0.094023295,-0.637526453,-0.020890597,0.764384270,-0.284160674,-1.209526777,-1.581654072,0.767142057,-0.027392045,-0.040810533,0.639591515,-0.147197321,-1.230287075,-1.595085979,0.998636007,-0.024049655,0.017749989,-0.042809490,-0.208696008,-1.237756729,-1.422473073,0.997139096,-0.026392115,-0.041997295,0.057037368
424,821841,103093,stationary,stationary_high_view,0.304409295,1.456498623,0.431594312,-0.094900690,-0.638892770,-0.021495016,0.763117194,-0.286105335,-1.184337616,-1.556105375,0.994497478,-0.061063223,-0.062477041,-0.057816260,-0.151154831,-1.207736015,-1.576767921,0.753306031,-0.033951700,-0.086317182,0.651096523,-0.218393072,-1.249653101,-1.444076538,0.995735347,-0.029919535,-0.046030436,0.074142396
425,822049,103301,stationary,stationary_high_view,0.303566009,1.456408501,0.431918949,-0.094698608,-0.639145553,-0.021201579,0.762938857,-0.286171436,-1.169729590,-1.538112640,0.749348581,-0.017108461,-0.037655666,0.660882831,-0.154583812,-1.216288686,-1.584804535,0.998116076,-0.025134932,0.020309936,-0.052154396,-0.216821089,-1.233338952,-1.424329400,0.997597277,-0.037782326,-0.037462443,0.044370797
426,822245,103497,stationary,stationary_high_view,0.303014636,1.456153631,0.431503564,-0.094363742,-0.638655365,-0.020755997,0.763402939,-0.290599763,-1.209660649,-1.582180262,0.994261563,-0.075759612,-0.068771303,-0.031224247,-0.149700701,-1.198858619,-1.561262965,0.735864222,-0.031577669,-0.064078018,0.673350334,-0.214946851,-1.242346525,-1.431229591,0.997574031,-0.032801684,-0.034109078,0.051056590
427,822451,103703,stationary,stationary_high_view,0.303031176,1.456200480,0.430599749,-0.093544953,-0.635990858,-0.020964716,0.765718937,-0.273063332,-1.187813878,-1.555691004,0.753632903,-0.032488450,-0.035958529,0.655506670,-0.138086796,-1.215162039,-1.576723814,0.998060882,-0.022287864,0.025956299,-0.051999465,-0.203859046,-1.253132939,-1.440681219,0.997323811,-0.026751814,-0.031380150,0.060372565
428,822646,103898,stationary,stationary_high_view,0.303020239,1.456424594,0.429060966,-0.093150914,-0.634188116,-0.020033792,0.767285526,-0.268005192,-1.203413367,-1.568144560,0.995687783,-0.067580000,-0.053247400,-0.034692138,-0.128784001,-1.201900840,-1.556658983,0.734958947,-0.029251233,-0.068903364,0.673967421,-0.195029736,-1.225168824,-1.407943726,0.767306089,-0.016552851,-0.040687054,0.639774919
429,822854,104106,stationary,stationary_high_view,0.303349108,1.455769420,0.429130256,-0.093330123,-0.634200573,-0.020216133,0.767248631,-0.271861434,-1.217337251,-1.588113785,0.995202720,-0.076428488,-0.057835165,-0.019629441,-0.128248334,-1.184885502,-1.537104011,0.731263876,-0.032444589,-0.066015616,0.678116798,-0.197103783,-1.231906176,-1.417282343,0.778338373,-0.002224904,-0.035266947,0.626849830
430,823050,104302,stationary,stationary_high_view,0.303384155,1.455378175,0.429263324,-0.093330368,-0.633125484,-0.019234300,0.768161178,-0.262309611,-1.173296809,-1.531119585,0.742021501,-0.025998488,-0.034939967,0.668959975,-0.130580351,-1.226556659,-1.584147453,0.998053789,-0.024184989,0.031163054,-0.048296552,-0.196470097,-1.255674124,-1.438272715,0.997590005,-0.027585069,-0.024704726,0.058676891
431,823257,104509,stationary,stationary_high_view,0.303532779,1.454907417,0.430923700,-0.093344964,-0.632484376,-0.019428000,0.768682539,-0.268173695,-1.218504310,-1.589097738,0.995407224,-0.076632790,-0.054028284,-0.019309914,-0.124931484,-1.203029037,-1.559153795,0.741399288,-0.035258677,-0.073716611,0.666070461,-0.194377616,-1.246235847,-1.429760337,0.997493505,-0.027792064,-0.029987564,0.057749748
432,823464,104716,stationary,stationary_high_view,0.304127157,1.454675913,0.433052033,-0.093490519,-0.630930185,-0.020142183,0.769922674,-0.256048679,-1.175516725,-1.540101886,0.747786880,-0.027117390,-0.032680441,0.662579298,-0.122622788,-1.214716315,-1.574907184,0.997619152,-0.020620752,0.039801836,-0.052408185,-0.188607439,-1.224511743,-1.412147760,0.772227645,-0.012890423,-0.034288663,0.634289086
433,823660,104912,stationary,stationary_high_view,0.303687930,1.454643011,0.436478406,-0.092610084,-0.630259633,-0.020453900,0.770569801,-0.255760133,-1.183859587,-1.545967579,0.994470835,-0.072825573,-0.049508039,-0.057211373,-0.122645199,-1.225091696,-1.586700082,0.997913659,-0.027088780,0.032692943,-0.048638545,-0.190042585,-1.257564306,-1.445082664,0.996756017,-0.029095570,-0.030000215,0.068781130
434,823854,105106,stationary,stationary_high_view,0.302957207,1.454874873,0.439309448,-0.091948390,-0.630977213,-0.020935740,0.770048738,-0.261284769,-1.190899968,-1.554995418,0.994426489,-0.074692391,-0.051388320,-0.053817347,-0.128861234,-1.245496154,-1.616217256,0.762578547,-0.029740693,-0.058436465,0.643563986,-0.193336487,-1.255463481,-1.442422986,0.997594476,-0.030165482,-0.027095625,0.056223735
435,824049,105301,stationary,stationary_high_view,0.300996035,1.453409791,0.443134725,-0.091094859,-0.631205201,-0.020430867,0.769976795,-0.266413689,-1.204342484,-1.571930051,0.994458258,-0.075837560,-0.056612309,-0.045787070,-0.130025446,-1.223367095,-1.584353685,0.997825503,-0.030289562,0.025608070,-0.052641012,-0.197664902,-1.261021614,-1.449074864,0.996765912,-0.028196784,-0.033103649,0.067578271
436,824257,105509,stationary,stationary_high_view,0.300736666,1.452992678,0.445777804,-0.089875542,-0.632026315,-0.021767881,0.769409716,-0.265927970,-1.185874820,-1.549357533,0.745232105,-0.021542998,-0.018687757,0.666195035,-0.131140336,-1.227350593,-1.588670492,0.998363316,-0.025830157,0.029345350,-0.041742466,-0.197398797,-1.247867107,-1.432506680,0.997500837,-0.033011388,-0.031171231,0.054136228
437,824465,105717,stationary,stationary_high_view,0.302587211,1.452629924,0.447313070,-0.091701835,-0.631845891,-0.022205338,0.769329906,-0.270298362,-1.193529963,-1.566735744,0.994604647,-0.074549399,-0.059303071,-0.041074224,-0.134924829,-1.233905315,-1.609780788,0.762484193,-0.041398689,-0.055217162,0.643315673,-0.199233815,-1.223430276,-1.416458845,0.772792101,-0.009568629,-0.037004564,0.633507371
438,824660,105912,stationary,stationary_high_view,0.305241585,1.451536775,0.448627889,-0.092148423,-0.631823361,-0.023211073,0.769265354,-0.265668839,-1.158635855,-1.530941010,0.745015562,-0.024184810,-0.028330836,0.666006207,-0.135816082,-1.236352086,-1.618199944,0.765560865,-0.041967791,-0.051069595,0.639958739,-0.199639365,-1.221426010,-1.418341875,0.776147127,-0.011488470,-0.031504713,0.629659593
439,824869,106121,stationary,stationary_high_view,0.308014721,1.451099753,0.448363215,-0.092924885,-0.629962146,-0.023109548,0.770700097,-0.259929955,-1.161737680,-1.536898255,0.735286117,-0.016303545,-0.033134118,0.676750064,-0.129819199,-1.214002609,-1.585924268,0.997509360,-0.032449130,0.026001064,-0.056974724,-0.196991697,-1.246109366,-1.443299651,0.997090220,-0.029777657,-0.027635947,0.064503126
440,825078,106330,stationary,stationary_high_view,0.311638296,1.451338530,0.446225673,-0.093409657,-0.628203928,-0.023006050,0.772078514,-0.252974451,-1.152912140,-1.519923210,0.737929225,-0.019664630,-0.026822219,0.674058139,-0.122859769,-1.215494752,-1.585257292,0.997976303,-0.028227815,0.032274555,-0.046955619,-0.188760772,-1.220918298,-1.415562630,0.769697189,-0.017060084,-0.033990718,0.637275338
441,825272,106524,stationary,stationary_high_view,0.314161390,1.451197624,0.444373131,-0.093315654,-0.628902495,-0.024270894,0.771482170,-0.256058276,-1.176968098,-1.548807740,0.994638860,-0.073835388,-0.050603721,-0.051779348,-0.123562545,-1.225697041,-1.600022674,0.998739660,-0.024709724,0.025209550,-0.035679672,-0.189523056,-1.246059299,-1.440607309,0.997644961,-0.030276451,-0.024788521,0.056332529
442,825479,106731,stationary,stationary_high_view,0.316914231,1.450559139,0.441595435,-0.094983049,-0.628262281,-0.023782412,0.771815479,-0.258896291,-1.195511580,-1.576525331,0.995193005,-0.072742209,-0.052148651,-0.039749812,-0.122069322,-1.214131594,-1.587342978,0.997863173,-0.032603599,0.030847631,-0.047481716,-0.187969103,-1.225870609,-1.421253085,0.997425318,-0.036651626,-0.031531710,0.052963201
443,825674,106926,stationary,stationary_high_view,0.319929391,1.450373173,0.438831180,-0.096098281,-0.627300441,-0.023257539,0.772475481,-0.248372480,-1.158264399,-1.534490347,0.741175056,-0.006892808,-0.022108261,0.670912266,-0.117664173,-1.208398700,-1.579865813,0.997547865,-0.032125361,0.030709099,-0.054066725,-0.182993025,-1.206441760,-1.401433349,0.775704801,-0.012651660,-0.023794297,0.630520284
444,825883,107135,stationary,stationary_high_view,0.321623921,1.449325919,0.436025411,-0.097073942,-0.623915911,-0.023028471,0.775096953,-0.242961198,-1.192101359,-1.577095509,0.995391965,-0.075031839,-0.048768315,-0.034449603,-0.100913778,-1.167545438,-1.533175468,0.737623096,-0.041385245,-0.059860114,0.671279490,-0.175575733,-1.245555282,-1.446067333,0.996289611,-0.029235240,-0.018570827,0.078788005
445,826090,107342,stationary,stationary_high_view,0.322471172,1.449337959,0.434262723,-0.097777382,-0.622650385,-0.023755679,0.776003718,-0.234209716,-1.172946215,-1.557906032,0.995171487,-0.074739292,-0.045711476,-0.044252232,-0.097840860,-1.195680737,-1.570668578,0.997038066,-0.028627245,0.044589501,-0.055743795,-0.167067185,-1.211239934,-1.413936734,0.778160870,-0.023633152,-0.028125014,0.626989722
446,826298,107550,stationary,stationary_high_view,0.321328759,1.449448347,0.433254719,-0.097656973,-0.622819126,-0.023653423,0.775886595,-0.235732526,-1.187021494,-1.577261448,0.766706169,-0.035502672,-0.022055339,0.640636206,-0.097922713,-1.196603060,-1.571798682,0.997352481,-0.025848292,0.043055493,-0.052594490,-0.166935936,-1.212262154,-1.414795637,0.778673947,-0.023831105,-0.027733969,0.626362264
447,826492,107744,stationary,stationary_high_view,0.319285065,1.449966908,0.433549702,-0.096202612,-0.624921620,-0.023537874,0.774379730,-0.239593610,-1.182832599,-1.562202215,0.995818377,-0.069813892,-0.040726401,-0.042581443,-0.103241012,-1.204583764,-1.575148463,0.997766554,-0.021941597,0.034614902,-0.052747749,-0.172954842,-1.235677838,-1.434519887,0.786005139,-0.012297036,-0.041666418,0.616691709
448,826687,107939,stationary,stationary_high_view,0.317538351,1.450678349,0.433790088,-0.094650596,-0.624980152,-0.022073265,0.774566889,-0.239872411,-1.185577512,-1.554969311,0.993910015,-0.086416349,-0.051658098,-0.044794992,-0.102009103,-1.190166831,-1.548413277,0.740599394,-0.041535776,-0.048750464,0.668887675,-0.171397328,-1.235351086,-1.421480656,0.997803569,-0.034360938,-0.016406793,0.054205898
449,826896,108148,stationary,stationary_high_view,0.318083644,1.450481057,0.433425188,-0.095362738,-0.622531235,-0.021879952,0.776454806,-0.233054891,-1.193083405,-1.568506598,0.995424628,-0.076999985,-0.044485558,-0.034955334,-0.095459595,-1.238285065,-1.612335205,0.767836452,-0.052961931,-0.050157379,0.636479735,-0.166666269,-1.247740984,-1.438645005,0.997110426,-0.035908651,-0.018780613,0.064254045
450,827091,108343,stationary,stationary_high_view,0.320080966,1.450394869,0.432817131,-0.095469251,-0.622215390,-0.021635337,0.776701748,-0.227405876,-1.162731051,-1.530379772,0.745638669,-0.041264698,-0.025922786,0.664566219,-0.093985692,-1.208357453,-1.568877578,0.997364700,-0.025699068,0.046737801,-0.049181174,-0.166639611,-1.253626943,-1.446513176,0.799254119,-0.012304198,-0.034778301,0.599860013
451,827300,108552,stationary,stationary_high_view,0.323111951,1.450044036,0.431157082,-0.096860789,-0.621094286,-0.021711666,0.777424276,-0.229809746,-1.192390800,-1.569894075,0.995966971,-0.076972507,-0.036695704,-0.027901396,-0.089523040,-1.174005866,-1.532395720,0.740306973,-0.047208436,-0.059524737,0.667962432,-0.163407132,-1.234588504,-1.425488234,0.997037470,-0.039057504,-0.022243969,0.062417883
452,827507,108759,stationary,stationary_high_view,0.327045202,1.449210405,0.429499030,-0.098093949,-0.620105565,-0.022653291,0.778031826,-0.226030394,-1.189580560,-1.572073936,0.995865703,-0.077861406,-0.037556279,-0.027904455,-0.088204794,-1.214135408,-1.585823774,0.998144329,-0.017130144,0.044700392,-0.037634186,-0.159562543,-1.240587711,-1.435950756,0.997176170,-0.035340346,-0.014616735,0.064630494
453,827701,108953,stationary,stationary_high_view,0.330573976,1.449320793,0.427658737,-0.099010527,-0.619720161,-0.024008499,0.778182149,-0.222950473,-1.190388322,-1.576952577,0.995832801,-0.076800868,-0.039903633,-0.028747147,-0.083403349,-1.190433383,-1.563165665,0.755631387,-0.055367853,-0.048753858,0.650829136,-0.157257065,-1.246384144,-1.446570396,0.996513486,-0.027108189,-0.015441490,0.077379689
454,827911,109163,stationary,stationary_high_view,0.331284136,1.448524237,0.426774681,-0.100744821,-0.618922174,-0.025090944,0.778560400,-0.219570711,-1.183163285,-1.581150889,0.996159613,-0.076009236,-0.034804460,-0.026023928,-0.077892557,-1.163591266,-1.539809227,0.745713234,-0.048131637,-0.061472863,0.661676824,-0.153590217,-1.234919190,-1.444270372,0.997032464,-0.027230263,-0.013615232,0.070706174
455,828118,109370,stationary,stationary_high_view,0.330145836,1.448858500,0.426946759,-0.099202283,-0.618587315,-0.024852430,0.779032052,-0.214515954,-1.175117135,-1.560121059,0.995529234,-0.067186713,-0.043619312,-0.050048724,-0.078530714,-1.206177831,-1.584311724,0.997500598,-0.028241903,0.044708453,-0.046862599,-0.147761881,-1.201588154,-1.402071953,0.779182673,-0.020240808,-0.018290417,0.626202941
456,828327,109579,stationary,stationary_high_view,0.329394192,1.449376583,0.427671611,-0.098050140,-0.619467139,-0.025062716,0.778471947,-0.213322669,-1.155618072,-1.534269571,0.754966915,-0.035598356,-0.024202408,0.654348493,-0.078552984,-1.215066552,-1.593893051,0.767082274,-0.054056145,-0.048694897,0.637410104,-0.149179488,-1.208712220,-1.406355381,0.777117908,-0.025496732,-0.030104531,0.628117383
457,828535,109787,stationary,stationary_high_view,0.328516811,1.449388027,0.429093301,-0.098267063,-0.619690895,-0.025594482,0.778249145,-0.219613492,-1.186315179,-1.576604605,0.996233821,-0.070350930,-0.041752361,-0.028734414,-0.078619406,-1.172369361,-1.544287801,0.741826296,-0.039905876,-0.062848128,0.666446865,-0.153933167,-1.243126631,-1.448039412,0.996057749,-0.027635751,-0.013241525,0.083246209
458,828729,109981,stationary,stationary_high_view,0.325106859,1.449310541,0.432913959,-0.097346328,-0.620497167,-0.024328969,0.777762890,-0.223618686,-1.168957233,-1.549876451,0.993821025,-0.083282098,-0.052015100,-0.051751815,-0.087797552,-1.211400867,-1.591629028,0.764247060,-0.045320719,-0.052460719,0.641186655,-0.156171143,-1.203236818,-1.401130438,0.770691216,-0.016899947,-0.026837118,0.636419117
459,828938,110190,stationary,stationary_high_view,0.321053267,1.448596478,0.437996119,-0.096014977,-0.621800065,-0.022576952,0.776940227,-0.233360350,-1.180364966,-1.556880236,0.994739294,-0.080193236,-0.048374671,-0.041505493,-0.098812386,-1.223376393,-1.595728874,0.997953773,-0.031583421,0.034609973,-0.043508112,-0.165516555,-1.205312729,-1.398937225,0.774424791,-0.016057873,-0.019503823,0.632161379
460,829145,110397,stationary,stationary_high_view,0.317616910,1.448996305,0.442681789,-0.093528800,-0.621191680,-0.021210667,0.777768195,-0.229523659,-1.158114314,-1.519360542,0.739178121,-0.036069412,-0.021571824,0.672197402,-0.097907446,-1.212680459,-1.569510698,0.997342706,-0.030035878,0.040695123,-0.052433524,-0.168523058,-1.244197965,-1.429694772,0.997149467,-0.034229957,-0.015030787,0.065538816
461,829340,110592,stationary,stationary_high_view,0.316426367,1.448871136,0.447884381,-0.092498794,-0.620654583,-0.022504397,0.778283656,-0.234540090,-1.202907920,-1.577468038,0.995174348,-0.079922535,-0.045309398,-0.034460708,-0.093569763,-1.194994807,-1.554419041,0.741551042,-0.028186852,-0.050043032,0.668433487,-0.168156624,-1.256282210,-1.446676254,0.997053027,-0.029871846,-0.019438775,0.067934021
462,829548,110800,stationary,stationary_high_view,0.314946681,1.449484110,0.452652842,-0.089265861,-0.621513188,-0.023595300,0.777943611,-0.234413102,-1.210366488,-1.575279236,0.995376885,-0.076428048,-0.048207834,-0.032552361,-0.095070690,-1.202471137,-1.553083181,0.741909385,-0.040468499,-0.040362742,0.668059587,-0.167168736,-1.254152656,-1.434744477,0.996964455,-0.031521186,-0.025505221,0.066466182
463,829743,110995,stationary,stationary_high_view,0.313231468,1.449665666,0.455417961,-0.088498875,-0.622929513,-0.023044843,0.776914239,-0.237705082,-1.207633615,-1.570107102,0.995307505,-0.077141352,-0.049231175,-0.031440236,-0.099661276,-1.222624421,-1.578372717,0.753144801,-0.046713531,-0.042058479,0.654844940,-0.168488398,-1.241990209,-1.419361711,0.997802794,-0.034146532,-0.024545675,0.051197372
464,829938,111190,stationary,stationary_high_view,0.312019020,1.449653864,0.457352430,-0.087082334,-0.621899307,-0.022853019,0.777904689,-0.237705082,-1.207633615,-1.570107102,0.995307505,-0.077141352,-0.049231175,-0.031440236,-0.099661276,-1.222624421,-1.578372717,0.753144801,-0.046713531,-0.042058479,0.654844940,-0.168488398,-1.241990209,-1.419361711,0.997802794,-0.034146532,-0.024545675,0.051197372
465,830131,111383,stationary,stationary_high_view,0.311769426,1.449411154,0.459278136,-0.086410269,-0.621931314,-0.023314761,0.777940273,-0.237705082,-1.207633615,-1.570107102,0.995307505,-0.077141352,-0.049231175,-0.031440236,-0.099661276,-1.222624421,-1.578372717,0.753144801,-0.046713531,-0.042058479,0.654844940,-0.168488398,-1.241990209,-1.419361711,0.997802794,-0.034146532,-0.024545675,0.051197372
466,830342,111594,stationary,stationary_high_view,0.311896592,1.449998498,0.460972697,-0.083735615,-0.624019682,-0.024105873,0.776535094,-0.237705082,-1.207633615,-1.570107102,0.995307505,-0.077141352,-0.049231175,-0.031440236,-0.099661276,-1.222624421,-1.578372717,0.753144801,-0.046713531,-0.042058479,0.654844940,-0.168488398,-1.241990209,-1.419361711,0.997802794,-0.034146532,-0.024545675,0.051197372
467,830534,111786,stationary,stationary_high_view,0.313019395,1.450326324,0.460271508,-0.083684094,-0.626211762,-0.023027450,0.774806798,-0.237705082,-1.207633615,-1.570107102,0.995307505,-0.077141352,-0.049231175,-0.031440236,-0.099661276,-1.222624421,-1.578372717,0.753144801,-0.046713531,-0.042058479,0.654844940,-0.168488398,-1.241990209,-1.419361711,0.997802794,-0.034146532,-0.024545675,0.051197372
468,830744,111996,stationary,stationary_high_view,0.314586073,1.449720621,0.458459169,-0.085157260,-0.627220809,-0.023859933,0.773804307,-0.255738616,-1.232101083,-1.582981110,0.995662749,-0.075318240,-0.052925069,-0.013482703,-0.114024825,-1.224064469,-1.560014963,0.998078227,-0.018587898,0.033541277,-0.048675757,-0.187391341,-1.287241697,-1.454959154,0.994221926,-0.035802323,-0.038266141,0.093683511
469,830951,112203,stationary,stationary_high_view,0.315995693,1.448980808,0.456230909,-0.085455418,-0.627100468,-0.023880776,0.773868263,-0.246742636,-1.186151147,-1.527438164,0.750313818,-0.021688415,-0.017204436,0.660502017,-0.113600224,-1.230938077,-1.569420815,0.998049140,-0.030220617,0.034129363,-0.042659789,-0.180171892,-1.236768365,-1.400625587,0.771506906,-0.013213257,-0.025214255,0.635583818
470,831146,112398,stationary,stationary_high_view,0.317596525,1.448538661,0.454252124,-0.085974112,-0.624136090,-0.023502946,0.776215315,-0.233817548,-1.176753402,-1.516295552,0.750247598,-0.025615428,-0.019972265,0.660358667,-0.100042850,-1.220740676,-1.557740688,0.748034358,-0.044910662,-0.055601571,0.659800053,-0.169813514,-1.236665010,-1.400184631,0.771817803,-0.012394366,-0.021771735,0.635350108
471,831356,112608,stationary,stationary_high_view,0.319558680,1.447929144,0.453916967,-0.086881585,-0.623003125,-0.024318988,0.776998878,-0.232550010,-1.193201065,-1.540905833,0.995565295,-0.074186191,-0.045516871,-0.035699930,-0.096255600,-1.215669036,-1.556202173,0.997645259,-0.020093286,0.034434047,-0.055808105,-0.165778309,-1.231223106,-1.401097894,0.771598816,-0.018047735,-0.017463895,0.635613561
472,831562,112814,stationary,stationary_high_view,0.321260303,1.446908474,0.454077989,-0.087739438,-0.620816946,-0.025301397,0.778619230,-0.222089544,-1.165152907,-1.516162992,0.735386908,-0.035894159,-0.020276533,0.676392317,-0.090320200,-1.223278165,-1.572053432,0.997875869,-0.029942084,0.033251096,-0.047345068,-0.158256948,-1.221465468,-1.395762205,0.769890964,-0.015530299,-0.014574393,0.637820005
473,831756,113008,stationary,stationary_high_view,0.321885616,1.446810484,0.454859406,-0.087492719,-0.620732903,-0.026277838,0.778681695,-0.227215126,-1.214729548,-1.577055216,0.995925963,-0.076438107,-0.041089002,-0.024503762,-0.087578475,-1.209620357,-1.558437705,0.748378754,-0.041650992,-0.040080678,0.660748065,-0.160903990,-1.264699459,-1.442639112,0.996329248,-0.024879640,-0.023368130,0.078504547
474,831951,113203,stationary,stationary_high_view,0.321156651,1.446802020,0.455511630,-0.087585747,-0.621892691,-0.026500667,0.777737677,-0.231004462,-1.209107995,-1.572061658,0.995393455,-0.073635645,-0.052244309,-0.032252155,-0.091487780,-1.204116940,-1.552310109,0.997572362,-0.027848743,0.028807255,-0.056956790,-0.161987066,-1.245203257,-1.423238158,0.997425616,-0.029050944,-0.025229566,0.060511492
475,832160,113412,stationary,stationary_high_view,0.318637222,1.446650982,0.455204725,-0.086951114,-0.620883763,-0.025382735,0.778651774,-0.220719025,-1.171451688,-1.519498110,0.993591189,-0.062620714,-0.055080615,-0.076297320,-0.085472748,-1.175241828,-1.513368607,0.726460636,-0.036001518,-0.047636844,0.684609115,-0.158216029,-1.220631957,-1.394754887,0.769608140,-0.012287208,-0.013181456,0.638262212
476,832367,113619,stationary,stationary_high_view,0.316080093,1.446696043,0.453859240,-0.086026683,-0.619634926,-0.024934772,0.779762924,-0.219938472,-1.220343709,-1.578437209,0.995989382,-0.076637790,-0.039496668,-0.023911674,-0.078052402,-1.179321885,-1.514705777,0.729060888,-0.037277218,-0.046809029,0.681828141,-0.153547555,-1.266383767,-1.439116120,0.996767819,-0.027285552,-0.021010611,0.072580613
477,832562,113814,stationary,stationary_high_view,0.314556092,1.447384238,0.450789541,-0.085017227,-0.619643986,-0.023092913,0.779923141,-0.218877539,-1.218428493,-1.566116333,0.996156633,-0.073225684,-0.041924864,-0.023501797,-0.079792164,-1.219696879,-1.554150105,0.743866444,-0.042444602,-0.039683461,0.665797591,-0.153218120,-1.274747014,-1.439217567,0.996471465,-0.027906220,-0.019729296,0.076659314
478,832773,114025,stationary,stationary_high_view,0.315733373,1.446667194,0.447548836,-0.087783083,-0.622040331,-0.023772411,0.777685583,-0.225261629,-1.181680560,-1.533066750,0.993206620,-0.088547736,-0.051437560,-0.055263333,-0.089911051,-1.217716694,-1.563913107,0.997495651,-0.027608586,0.041812744,-0.049918644,-0.157979444,-1.220195651,-1.393449903,0.764803350,-0.021140287,-0.019972010,0.643607080
479,832964,114216,stationary,stationary_high_view,0.317729175,1.445993066,0.444035590,-0.089456499,-0.624817550,-0.023977965,0.775258422,-0.238060221,-1.207170129,-1.570881367,0.995413601,-0.074281856,-0.049039531,-0.035058171,-0.099053591,-1.217282414,-1.570561528,0.998099267,-0.018887138,0.037558924,-0.045061164,-0.167515934,-1.234775424,-1.412769794,0.997520983,-0.031204574,-0.028771600,0.056127761
480,833175,114427,stationary,stationary_high_view,0.321089178,1.445034981,0.439564854,-0.091809638,-0.625773430,-0.025488999,0.774163365,-0.238918781,-1.201282620,-1.577308178,0.995606422,-0.076025501,-0.050708789,-0.020410694,-0.097669609,-1.187094092,-1.546637774,0.744429946,-0.034367118,-0.066791877,0.663462043,-0.169001415,-1.239848971,-1.429370642,0.997238815,-0.029514892,-0.019029137,0.065433964
481,833368,114620,stationary,stationary_high_view,0.326467335,1.443824530,0.433360904,-0.095646381,-0.625208437,-0.028161382,0.774062753,-0.229487151,-1.166087270,-1.551269650,0.995030463,-0.071068622,-0.041391224,-0.056128547,-0.093730837,-1.192738771,-1.577179551,0.759074092,-0.034142219,-0.053627353,0.647892714,-0.163015336,-1.219183803,-1.426960349,0.794098675,-0.008199178,-0.019314576,0.607426584
482,833577,114829,stationary,stationary_high_view,0.330721796,1.443143368,0.426119477,-0.099668227,-0.624023855,-0.028068509,0.774514437,-0.226487666,-1.146237969,-1.543197155,0.757257879,-0.026066726,-0.020536879,0.652272403,-0.091921709,-1.198419452,-1.595772505,0.998227775,-0.024692684,0.040893063,-0.035488404,-0.160559580,-1.226201534,-1.443113923,0.997458935,-0.029137285,-0.009006892,0.064386763
483,833786,115038,stationary,stationary_high_view,0.333587319,1.442880392,0.418376178,-0.103192411,-0.622174263,-0.027137805,0.775573373,-0.221386790,-1.151640296,-1.558275819,0.994995534,-0.067422591,-0.046751685,-0.057029698,-0.082661808,-1.157378078,-1.552871704,0.749663413,-0.039293885,-0.068114564,0.657131076,-0.155041099,-1.202200055,-1.425230742,0.997916996,-0.023612563,-0.015322376,0.058046374
484,833993,115245,stationary,stationary_high_view,0.334419966,1.442515850,0.412238121,-0.105974257,-0.620588422,-0.026327973,0.776496232,-0.213112354,-1.124706388,-1.536302090,0.755617619,-0.040323406,-0.029193327,0.653118551,-0.080122173,-1.176736712,-1.584745169,0.997487187,-0.020297883,0.042496864,-0.052928004,-0.149369761,-1.183926105,-1.414736986,0.786862612,-0.026053557,-0.029409669,0.615876257
485,834201,115453,stationary,stationary_high_view,0.333194941,1.442220330,0.408028156,-0.106880926,-0.620454013,-0.025802879,0.776496947,-0.210485652,-1.127996564,-1.540336728,0.993618011,-0.059078421,-0.048231896,-0.083106302,-0.074838012,-1.142933011,-1.544870734,0.744203985,-0.043871075,-0.065156370,0.663317740,-0.148286968,-1.201856852,-1.434573650,0.997953176,-0.022169940,-0.008621321,0.059360486
486,834397,115649,stationary,stationary_high_view,0.333069384,1.441848040,0.404471964,-0.108411685,-0.622206450,-0.025885802,0.774878025,-0.217368826,-1.129948974,-1.550967693,0.995828807,-0.071656756,-0.022265455,-0.051909529,-0.084118970,-1.184475660,-1.608973980,0.773479521,-0.046193358,-0.052360669,0.629963458,-0.153679729,-1.209917068,-1.450430989,0.997186065,-0.027923457,-0.008804992,0.069012530
487,834618,115870,stationary,stationary_high_view,0.335301936,1.440891981,0.400151342,-0.113364734,-0.624820232,-0.026579691,0.772037327,-0.234064147,-1.134837389,-1.581776738,0.995805383,-0.074055120,-0.030323239,-0.044361271,-0.093911864,-1.121455908,-1.549429655,0.744197905,-0.043251384,-0.065429464,0.663338423,-0.163582921,-1.160359383,-1.415883422,0.785537958,-0.018822050,-0.031467713,0.617726088
488,834826,116078,stationary,stationary_high_view,0.337512016,1.436203003,0.394947320,-0.123938464,-0.628666401,-0.031118371,0.767104626,-0.250918627,-1.089571834,-1.589748383,0.994471610,-0.073654100,-0.041323379,-0.062399395,-0.115634188,-1.118001103,-1.613755345,0.996904194,-0.023900729,0.048235450,-0.057307597,-0.181474090,-1.140370846,-1.449645281,0.998763382,-0.033345323,-0.022509925,0.029207692
489,835049,116301,stationary,stationary_high_view,0.331736773,1.432648659,0.393194795,-0.130373195,-0.636039734,-0.033637516,0.759818971,-0.283461034,-1.062485576,-1.608214259,0.992908716,-0.076607853,-0.055860985,-0.071715020,-0.147198543,-1.079683661,-1.618723392,0.995417476,-0.028987015,0.035536177,-0.083910704,-0.210901529,-1.113021135,-1.470167875,0.804444194,-0.011479102,-0.060920700,0.590784609
490,835271,116523,stationary,stationary_high_view,0.319709331,1.429823995,0.396492362,-0.128013104,-0.645772815,-0.035401613,0.751888812,-0.314896643,-1.065294147,-1.622949362,0.990895987,-0.069753997,-0.078161985,-0.084559381,-0.174961120,-1.065032601,-1.614303946,0.763299406,-0.009936536,-0.081045233,0.640864193,-0.237932920,-1.119787574,-1.486880898,0.998801410,-0.021922853,-0.036956470,0.023439549
491,835494,116746,stationary,stationary_high_view,0.312719405,1.427664518,0.399794757,-0.124810956,-0.648681641,-0.038323019,0.749777138,-0.314715445,-1.059525132,-1.618540525,0.991960049,-0.064690724,-0.071329884,-0.082112387,-0.177757487,-1.070684671,-1.628080606,0.995280027,-0.017850628,0.017997224,-0.093675748,-0.237952992,-1.116567969,-1.490608215,0.998659432,-0.022917127,-0.041377105,0.021024829
492,835716,116968,stationary,stationary_high_view,0.314224839,1.427340150,0.399652809,-0.124126017,-0.653164446,-0.043758970,0.745690346,-0.324450493,-1.059686184,-1.632328391,0.992561698,-0.064176507,-0.077026099,-0.069062136,-0.186160311,-1.064628839,-1.635553598,0.995474517,-0.016339626,0.005580202,-0.093446992,-0.245442152,-1.119972348,-1.507800341,0.998571813,-0.011794673,-0.041476842,0.031541292
493,835924,117176,stationary,stationary_high_view,0.316641271,1.427545547,0.394213229,-0.129380271,-0.655770302,-0.039108954,0.742762804,-0.347464681,-1.055302501,-1.631783605,0.991975546,-0.068733394,-0.077759005,-0.072206654,-0.211040467,-1.078394413,-1.659250617,0.995299995,-0.020945964,0.006155622,-0.094347104,-0.266054034,-1.111507773,-1.500000000,0.998918593,-0.014843551,-0.040499441,0.017354235
494,836131,117383,stationary,stationary_high_view,0.326853514,1.422082424,0.395322740,-0.132354617,-0.644390643,-0.033702321,0.752400875,-0.315691650,-1.044055343,-1.610808730,0.991911352,-0.072137550,-0.059419148,-0.085891724,-0.179265603,-1.060871005,-1.622521877,0.994153798,-0.031082934,0.021850679,-0.101067603,-0.237363487,-1.074788213,-1.449099422,0.789820910,-0.006582673,-0.059047978,0.610453069
495,836343,117595,stationary,stationary_high_view,0.354120523,1.410327077,0.405341655,-0.132023066,-0.610865593,-0.029674731,0.780084968,-0.218333140,-1.068365216,-1.619502068,0.993039787,-0.088278659,-0.037650563,-0.068273969,-0.077841908,-1.068879128,-1.593481183,0.993722975,-0.043260247,0.056689996,-0.086194240,-0.153154731,-1.118989825,-1.469989657,0.998101830,-0.040602230,0.006488533,0.045848675
496,836562,117814,stationary,stationary_low_view,0.391075313,1.400060534,0.422225237,-0.135103285,-0.593234241,-0.022221787,0.793300986,-0.201826721,-1.066319823,-1.590381980,0.795314074,-0.064746849,-0.016950306,0.602491558,-0.060773883,-1.073994398,-1.563081741,0.772487223,-0.099532023,-0.042822696,0.625718057,-0.142006740,-1.101723075,-1.413249016,0.997261047,-0.059708070,0.009766232,0.042544767
497,836785,118037,stationary,stationary_low_view,0.420284241,1.387203693,0.443847179,-0.142087609,-0.591625333,-0.023786759,0.793236911,-0.224916086,-1.000622869,-1.531128883,0.788362741,-0.070789970,-0.004457603,0.611108124,-0.090574190,-1.038060904,-1.542263746,0.992587268,-0.070698462,0.063507728,-0.075756416,-0.171978548,-1.061964750,-1.391387224,0.994373441,-0.097937375,-0.021695068,0.034044355
498,837007,118259,stationary,stationary_low_view,0.447423011,1.366300464,0.448113114,-0.140292272,-0.588799000,-0.028164679,0.795512795,-0.214575157,-0.988362074,-1.510461688,0.787940919,-0.077905014,-0.013113497,0.610661864,-0.079093128,-1.024233580,-1.523898482,0.780516326,-0.101877704,-0.034123220,0.615833461,-0.164053768,-1.066758513,-1.393025756,0.995004892,-0.073126413,-0.015177514,0.066237822
499,837229,118481,stationary,stationary_low_view,0.481087387,1.293906569,0.426249117,-0.143996164,-0.590197802,-0.032166734,0.793660522,-0.198863685,-0.902832747,-1.444973469,0.780754864,-0.077442475,-0.000957926,0.620019019,-0.062055755,-0.915069938,-1.424297690,0.767018497,-0.083327979,-0.057454448,0.633591413,-0.146702021,-0.988193989,-1.338012815,0.996313274,-0.070513204,0.000065913,0.048864622
500,837479,118731,stationary,stationary_low_view,0.528572083,1.176604271,0.409229606,-0.166789725,-0.585931361,-0.054823477,0.791113198,-0.165986538,-0.711825967,-1.404498219,0.802720070,-0.072402850,-0.010127140,0.591857910,-0.031926762,-0.732667983,-1.399557233,0.784260213,-0.087708391,-0.042009208,0.612762868,-0.112760000,-0.775811672,-1.266318798,0.827553988,-0.053667601,-0.017885694,0.558528662
501,837785,119037,stationary,stationary_low_view,0.560269713,1.074232936,0.400374770,-0.170733914,-0.592151821,-0.072786778,0.784160852,-0.162665203,-0.597217381,-1.371616244,0.818450212,-0.058122993,0.001073707,0.571629107,-0.025997607,-0.611403584,-1.361405730,0.802268147,-0.071430050,-0.047516506,0.590767145,-0.102773272,-0.649508059,-1.207373381,0.831270039,-0.039233208,-0.016131338,0.554247856
502,838105,119357,stationary,stationary_low_view,0.586741745,1.032383919,0.385846585,-0.179743528,-0.588697553,-0.079041019,0.784142852,-0.142475843,-0.529311657,-1.317396522,0.811191022,-0.063165687,-0.016253116,0.581132531,-0.008386122,-0.558171034,-1.344281077,0.816431761,-0.064636730,-0.042971682,0.572201610,-0.086248189,-0.595627546,-1.179520607,0.840289056,-0.043463871,-0.013107249,0.540234566
503,838410,119662,stationary,stationary_low_view,0.597378612,1.023060679,0.382420957,-0.184947819,-0.592807412,-0.093488410,0.778224647,-0.143282458,-0.496702552,-1.320169568,0.821945667,-0.049750626,-0.010578043,0.567290425,-0.007259257,-0.522559404,-1.348094344,0.827153742,-0.063076302,-0.037213728,0.557183266,-0.084655359,-0.559953213,-1.172485471,0.841837287,-0.030726349,-0.009426737,0.538773715
504,838744,119996,stationary,stationary_low_view,0.605232418,1.021427870,0.382751971,-0.191205427,-0.599133909,-0.103073724,0.770619810,-0.164273813,-0.469637603,-1.327206135,0.832288027,-0.037153322,-0.005752382,0.553067029,-0.027572684,-0.486722589,-1.339044809,0.828224301,-0.055511583,-0.047133222,0.555645049,-0.100610539,-0.532266617,-1.172792792,0.847262740,-0.019073775,-0.012888135,0.530675113
505,839076,120328,stationary,stationary_low_view,0.602691054,1.017590404,0.384867340,-0.192044050,-0.601979971,-0.096621007,0.769027710,-0.179812148,-0.467004627,-1.311997294,0.821932197,-0.033709463,-0.020706104,0.568209887,-0.044720139,-0.480429709,-1.314575672,0.817255795,-0.048180122,-0.055612177,0.571558416,-0.117733806,-0.536932588,-1.178784370,0.849265635,-0.024735190,-0.023364818,0.526868284
506,839411,120663,stationary,stationary_low_view,0.600596547,1.018856525,0.387834638,-0.197739050,-0.603013754,-0.089634456,0.767619252,-0.197800279,-0.462389678,-1.311109424,0.821637630,-0.034951959,-0.027103467,0.568291664,-0.065087438,-0.487853765,-1.334790587,0.819515824,-0.058171071,-0.059798703,0.566951513,-0.136717632,-0.534755647,-1.179373860,0.848380089,-0.028065413,-0.036096748,0.527409315
507,839729,120981,stationary,stationary_low_view,0.599117279,1.024633646,0.390422672,-0.196510985,-0.599638104,-0.093626477,0.770098507,-0.190486059,-0.472880751,-1.346629620,0.840331674,-0.037154261,-0.017145518,0.540525854,-0.053077947,-0.487289727,-1.340245008,0.821419775,-0.061938025,-0.056385979,0.564139903,-0.125989407,-0.535131574,-1.184270740,0.850828350,-0.025936246,-0.020890146,0.524387300
508,840063,121315,stationary,stationary_low_view,0.595168531,1.031121850,0.393159986,-0.198186561,-0.597411990,-0.092713490,0.771508396,-0.185448006,-0.470585167,-1.336307049,0.827340662,-0.051298816,-0.022789292,0.558888614,-0.049747977,-0.490205199,-1.350322127,0.828083038,-0.062208947,-0.056475937,0.554273367,-0.124197900,-0.537262082,-1.190523267,0.848664045,-0.027894635,-0.023082785,0.527691722
509,840395,121647,stationary,stationary_low_view,0.594230890,1.040277362,0.392672420,-0.200720057,-0.596042454,-0.093377821,0.771832526,-0.185441688,-0.473619282,-1.353544474,0.833653569,-0.052202288,-0.017271318,0.549543798,-0.049845543,-0.490863025,-1.353418827,0.821198046,-0.063895218,-0.052997202,0.564572871,-0.123771787,-0.537779391,-1.197879672,0.848540604,-0.030159555,-0.020530106,0.527871072
510,840728,121980,stationary,stationary_low_view,0.588957965,1.044427752,0.391395539,-0.202514425,-0.596573889,-0.093928561,0.770885825,-0.186289996,-0.470372140,-1.361370921,0.835595369,-0.055161156,-0.011660560,0.546444595,-0.050226297,-0.487808526,-1.361201286,0.826945424,-0.060593203,-0.056103110,0.556185424,-0.124120578,-0.539262056,-1.212266803,0.850593209,-0.032205570,-0.028536567,0.524060786
511,841064,122316,stationary,stationary_low_view,0.585936666,1.045897007,0.387558043,-0.199875593,-0.599051118,-0.092495464,0.769826055,-0.184851542,-0.473398030,-1.341654658,0.824487746,-0.041626398,-0.026417214,0.563728154,-0.051972028,-0.500627756,-1.370033741,0.820438147,-0.062349543,-0.056789279,0.565481126,-0.125075579,-0.548064828,-1.213719726,0.851247489,-0.026640056,-0.022529919,0.523603261
512,841410,122662,stationary,stationary_low_view,0.587712705,1.044652343,0.383610815,-0.201667577,-0.599445403,-0.091203749,0.769205630,-0.187159896,-0.473924279,-1.346729398,0.830089092,-0.051096942,-0.023438754,0.554790020,-0.054519005,-0.503716588,-1.383902073,0.830585539,-0.053695407,-0.064734995,0.550503194,-0.126697823,-0.545677900,-1.210564256,0.854467571,-0.031586532,-0.027407322,0.517818868
513,841729,122981,stationary,stationary_low_view,0.588597596,1.045384526,0.380078435,-0.201202363,-0.596524179,-0.093022622,0.771377504,-0.172608122,-0.473870039,-1.344968677,0.827531517,-0.049533140,-0.025977610,0.558626235,-0.038617522,-0.506722569,-1.392223120,0.832208574,-0.069850534,-0.043085799,0.548355222,-0.113041900,-0.546076536,-1.210866809,0.853736281,-0.031141555,-0.023813106,0.519227803
514,842065,123317,stationary,stationary_low_view,0.588079870,1.047084212,0.379871756,-0.199940026,-0.596433401,-0.092053354,0.771892071,-0.170247316,-0.477460623,-1.341462731,0.821046829,-0.038822904,-0.019336553,0.569210827,-0.037621662,-0.500364184,-1.354419470,0.819727302,-0.065255694,-0.050569326,0.566773117,-0.112259112,-0.550884724,-1.207943439,0.852955103,-0.031535853,-0.020955464,0.520609260
515,842382,123634,stationary,stationary_low_view,0.589234173,1.046865702,0.378065974,-0.201044828,-0.596991181,-0.090803467,0.771321774,-0.174954310,-0.482369006,-1.352230191,0.829908371,-0.050760109,-0.026335971,0.554961205,-0.040201902,-0.498738050,-1.350098968,0.817401111,-0.067261852,-0.054245055,0.569551349,-0.114626311,-0.551690161,-1.209858894,0.853204429,-0.033190995,-0.020280793,0.520124197
516,842716,123968,stationary,stationary_low_view,0.590463996,1.045896649,0.376935273,-0.200427189,-0.597032428,-0.088111676,0.771762669,-0.175342456,-0.485507965,-1.342032790,0.826992452,-0.050748646,-0.025198014,0.559350669,-0.041905764,-0.512269914,-1.367841601,0.828743160,-0.055919711,-0.060000267,0.553586364,-0.115606442,-0.555413723,-1.201652646,0.847112000,-0.034419358,-0.030279128,0.529433489
517,843050,124302,stationary,stationary_low_view,0.591776907,1.043748736,0.377108872,-0.199673876,-0.598019660,-0.087182827,0.771298945,-0.183154687,-0.495586395,-1.367126822,0.843786120,-0.044580232,-0.026043260,0.534190357,-0.045628376,-0.509685099,-1.358194828,0.815414429,-0.078669026,-0.055346195,0.570830464,-0.118367530,-0.550955176,-1.187415481,0.845838487,-0.032923799,-0.028188085,0.531675518
518,843342,124594,stationary,stationary_low_view,0.594492853,1.046090126,0.373238236,-0.202099830,-0.598372817,-0.086958356,0.770418048,-0.182714567,-0.488959789,-1.349534035,0.833594859,-0.053034440,-0.010390362,0.549726307,-0.046964500,-0.507663727,-1.350215912,0.821418345,-0.061542813,-0.053601019,0.564456642,-0.120851025,-0.557579815,-1.201961994,0.852958918,-0.035743214,-0.034443643,0.519612491
519,843605,124857,stationary,stationary_low_view,0.597340763,1.048355222,0.370010734,-0.203168154,-0.593957722,-0.086241052,0.773627460,-0.167495698,-0.485957742,-1.335462809,0.826176703,-0.061975546,-0.020708889,0.559608936,-0.033294845,-0.511165679,-1.350847125,0.821494043,-0.074733183,-0.057095148,0.562407911,-0.109204389,-0.559208989,-1.198505044,0.852052987,-0.039524861,-0.029222846,0.521142602
520,843884,125136,stationary,stationary_low_view,0.600428581,1.048191547,0.371764898,-0.201310486,-0.592968762,-0.086370274,0.774856329,-0.162088051,-0.484974444,-1.316011071,0.818685114,-0.046704285,-0.014857314,0.572147369,-0.030078944,-0.513953626,-1.340409040,0.820655465,-0.075024940,-0.050413758,0.564228952,-0.106387466,-0.563916445,-1.194560766,0.848919868,-0.041484851,-0.029588440,0.526059508
521,844161,125413,stationary,stationary_low_view,0.603555501,1.050410867,0.374509603,-0.200615913,-0.593151391,-0.085030966,0.775044799,-0.170130342,-0.497741401,-1.329341769,0.828794360,-0.058476236,-0.019418994,0.556150496,-0.036020100,-0.524818659,-1.349963665,0.824408770,-0.073038481,-0.051272590,0.558915675,-0.112139039,-0.567236543,-1.186957479,0.847631812,-0.039699852,-0.025362451,0.528489470
522,844438,125690,stationary,stationary_low_view,0.607427001,1.050080180,0.375950336,-0.201421440,-0.593924463,-0.085941799,0.774142861,-0.175703049,-0.499877155,-1.338842869,0.829867482,-0.059210923,-0.023422183,0.554315269,-0.040397082,-0.518900156,-1.338202119,0.819169104,-0.070848756,-0.055645250,0.566432714,-0.115551256,-0.564425826,-1.184815168,0.848537505,-0.038176477,-0.027035588,0.527063429
523,844717,125969,stationary,stationary_low_view,0.608960032,1.050191879,0.376609176,-0.201440051,-0.594188094,-0.086111747,0.773916781,-0.174225345,-0.491136849,-1.315596342,0.820408285,-0.044880409,-0.019320277,0.569686532,-0.041820124,-0.523765326,-1.347790241,0.824072361,-0.068134613,-0.055079993,0.559668362,-0.117333263,-0.565579474,-1.183610916,0.849656403,-0.039960928,-0.026127692,0.525170863
524,844981,126233,stationary,stationary_low_view,0.609798908,1.049477935,0.376159728,-0.201275855,-0.594667315,-0.086244226,0.773576617,-0.177469939,-0.498334259,-1.329841614,0.830538094,-0.053108994,-0.022824338,0.553954005,-0.043319985,-0.522310019,-1.342493773,0.820002139,-0.064688079,-0.051598977,0.566347539,-0.117983222,-0.565846384,-1.182893872,0.847297728,-0.035638735,-0.024755359,0.529342711
525,845271,126523,stationary,stationary_low_view,0.609525323,1.049137354,0.375608176,-0.200643808,-0.595750153,-0.087188549,0.772801399,-0.175904185,-0.490262926,-1.310192347,0.821832299,-0.054897930,-0.024999678,0.566527069,-0.043368958,-0.516721249,-1.329399586,0.817107081,-0.062810220,-0.059755895,0.569929957,-0.118006587,-0.565217733,-1.181548238,0.846969008,-0.035099301,-0.028588997,0.529711425
526,845533,126785,stationary,stationary_low_view,0.609614134,1.049345613,0.374957263,-0.200040475,-0.595829129,-0.088504530,0.772747338,-0.173532844,-0.490396529,-1.311335564,0.821053028,-0.054334179,-0.028120345,0.567564070,-0.040898100,-0.516818285,-1.332497716,0.818441093,-0.068025045,-0.058515422,0.567541003,-0.115363576,-0.563724220,-1.180844426,0.845939040,-0.033113439,-0.025510086,0.531638861
527,845840,127092,stationary,stationary_low_view,0.609766960,1.049428821,0.374461710,-0.200016305,-0.596502423,-0.088104241,0.772279739,-0.177108735,-0.498015434,-1.326750040,0.828404665,-0.047577333,-0.021589363,0.557688236,-0.042892255,-0.524805188,-1.350942850,0.827426493,-0.065882325,-0.054471750,0.555029571,-0.117530912,-0.567131639,-1.185325027,0.849224389,-0.035464093,-0.024297429,0.526279330
528,846187,127439,stationary,stationary_low_view,0.609447062,1.048898339,0.371554166,-0.199731946,-0.594604433,-0.087518997,0.773881853,-0.167061478,-0.492936730,-1.309775710,0.822072387,-0.055767830,-0.022968525,0.566179693,-0.034372505,-0.517382145,-1.323745608,0.813249707,-0.066134155,-0.057986010,0.575229406,-0.109572858,-0.566893518,-1.179409981,0.845935106,-0.035532873,-0.024064977,0.531556308
529,846507,127759,stationary,stationary_low_view,0.609428942,1.048411846,0.371908516,-0.198233232,-0.595876575,-0.088094689,0.773223162,-0.176924691,-0.515561402,-1.365388393,0.847197533,-0.044830646,-0.023173383,0.528875828,-0.038576256,-0.535104990,-1.367430925,0.829538167,-0.056642167,-0.062871814,0.552001119,-0.112017401,-0.570346534,-1.184517026,0.851639986,-0.034209691,-0.020878706,0.522592723
530,846842,128094,stationary,stationary_low_view,0.608921587,1.048671842,0.372147083,-0.196993038,-0.596315861,-0.087071352,0.773317337,-0.172527507,-0.505962431,-1.323616028,0.828357339,-0.050557233,-0.020702155,0.557529926,-0.037775125,-0.527704656,-1.334209442,0.821834385,-0.060896397,-0.057769790,0.563509107,-0.112263881,-0.571203709,-1.175204277,0.844690502,-0.034755200,-0.028043248,0.533388853
531,847173,128425,stationary,stationary_low_view,0.609196365,1.049957275,0.371859521,-0.197412193,-0.596997559,-0.086003378,0.772803843,-0.176447019,-0.509354591,-1.328437924,0.826886058,-0.061680265,-0.028136030,0.558268189,-0.039311428,-0.527956367,-1.330757976,0.819208562,-0.071085602,-0.063379273,0.565532804,-0.115015827,-0.573985875,-1.177268505,0.847462893,-0.036821008,-0.030377924,0.528704107
532,847492,128744,stationary,stationary_low_view,0.610816479,1.049546719,0.373826861,-0.196960032,-0.597736359,-0.087732092,0.772153556,-0.176310629,-0.500788629,-1.309037685,0.823573232,-0.049002308,-0.016775891,0.564840078,-0.043222267,-0.527898908,-1.334168673,0.819347739,-0.064012006,-0.055424552,0.567009509,-0.117518358,-0.574693739,-1.181661010,0.849798501,-0.033742525,-0.021804137,0.525574505
533,847812,129064,stationary,stationary_low_view,0.612162352,1.049439311,0.375788480,-0.196074665,-0.597740233,-0.086860470,0.772474349,-0.177185699,-0.502790987,-1.309458733,0.815854192,-0.037661068,-0.015885238,0.576811314,-0.045083284,-0.532685399,-1.338487625,0.826118231,-0.061697684,-0.056671813,0.557234645,-0.118286125,-0.573076248,-1.171344519,0.845674336,-0.034313496,-0.023417884,0.532080054
534,848132,129384,stationary,stationary_low_view,0.613230586,1.049400210,0.377216429,-0.195260137,-0.595724523,-0.087747470,0.774135768,-0.174509659,-0.513119936,-1.326912761,0.827524662,-0.052773260,-0.016807027,0.558690786,-0.039704319,-0.536428452,-1.342588544,0.822605312,-0.067204759,-0.039270658,0.563260078,-0.114157133,-0.577842236,-1.176859856,0.846237242,-0.036121227,-0.020980820,0.531166196
535,848465,129717,stationary,stationary_low_view,0.614382327,1.049382210,0.377897173,-0.195547014,-0.597178400,-0.087224022,0.773001492,-0.179236919,-0.506772280,-1.308562160,0.824077845,-0.048544724,-0.013120528,0.564240217,-0.045934103,-0.538817823,-1.346670032,0.827270985,-0.062127504,-0.048117131,0.556280255,-0.119899757,-0.578768492,-1.177362919,0.848389804,-0.032618500,-0.021266686,0.527937949
536,848798,130050,stationary,stationary_low_view,0.613317311,1.051399589,0.377073377,-0.193276241,-0.596878588,-0.089354768,0.773560584,-0.173130319,-0.515058279,-1.322057247,0.828764081,-0.047932010,-0.015880488,0.557315290,-0.037856810,-0.537003756,-1.333987951,0.821806192,-0.060599558,-0.054160323,0.563940585,-0.112346388,-0.579793453,-1.173632264,0.846879840,-0.030736946,-0.024355805,0.530336380
537,849132,130384,stationary,stationary_low_view,0.612446308,1.052752733,0.377427280,-0.193402052,-0.597228289,-0.089233689,0.773273170,-0.172646359,-0.508055806,-1.304943681,0.823507607,-0.047791600,-0.016294407,0.565053821,-0.040099431,-0.538432062,-1.337956667,0.818590999,-0.063254982,-0.047541644,0.568900228,-0.114063069,-0.581689119,-1.178008556,0.846991539,-0.031712692,-0.021524839,0.530222952
538,849465,130717,stationary,stationary_low_view,0.610721886,1.051937461,0.377792776,-0.191108450,-0.596675634,-0.088564925,0.774346232,-0.168186858,-0.513870060,-1.304783583,0.808353484,-0.030036835,-0.010736276,0.587832630,-0.035014503,-0.531714559,-1.309698224,0.812224209,-0.059358802,-0.056971416,0.577514231,-0.109772138,-0.584308028,-1.172354817,0.842802525,-0.031671237,-0.024495257,0.536731660
539,849785,131037,stationary,stationary_low_view,0.609341383,1.053063393,0.378426284,-0.190577805,-0.598314345,-0.087148346,0.773372591,-0.176881790,-0.523363948,-1.319341421,0.824844122,-0.046734951,-0.021132423,0.563028872,-0.043040615,-0.547664702,-1.339182615,0.816998184,-0.062392164,-0.046128057,0.571395993,-0.115918607,-0.589189708,-1.175540924,0.843662024,-0.031876732,-0.026058823,0.535293579
540,850118,131370,stationary,stationary_low_view,0.609255373,1.054315209,0.377643019,-0.190454468,-0.598331392,-0.086800225,0.773428917,-0.177331001,-0.529666603,-1.332363248,0.831601977,-0.051996529,-0.013202752,0.552774966,-0.041319549,-0.544815779,-1.328836679,0.820418119,-0.062398579,-0.050563965,0.566095293,-0.114997789,-0.588981509,-1.172254324,0.843720138,-0.030245403,-0.024864325,0.535353482
541,850438,131690,stationary,stationary_low_view,0.610974908,1.053478122,0.375829130,-0.191425398,-0.599111199,-0.086879298,0.772576272,-0.177068174,-0.519616365,-1.309759259,0.820516884,-0.047230594,-0.023948653,0.569164097,-0.045086447,-0.556164265,-1.360231280,0.827722728,-0.054853152,-0.063730672,0.554801464,-0.117417142,-0.587781727,-1.172328830,0.844107628,-0.030782698,-0.024929397,0.534708619
542,850756,132008,stationary,stationary_low_view,0.611149490,1.053094029,0.375958294,-0.192709342,-0.598821223,-0.085906580,0.772590697,-0.180124223,-0.517291069,-1.312814236,0.820465624,-0.056321688,-0.022065744,0.568486750,-0.046211295,-0.543087244,-1.331226826,0.818819582,-0.062314294,-0.055645689,0.567939281,-0.120260984,-0.588998199,-1.178399444,0.848622382,-0.031551879,-0.022195565,0.527590573
543,851021,132273,stationary,stationary_low_view,0.611796558,1.053159595,0.377572685,-0.194001228,-0.600242317,-0.085881040,0.771166086,-0.186662525,-0.515709996,-1.315681100,0.822813034,-0.043445591,-0.021039560,0.566258311,-0.054253958,-0.542812526,-1.339962482,0.825747252,-0.058603782,-0.059139401,0.557861686,-0.126688972,-0.585375190,-1.176034689,0.846145451,-0.028851254,-0.028157150,0.531424999
544,851298,132550,stationary,stationary_low_view,0.612549245,1.053618550,0.377140373,-0.192906350,-0.599532008,-0.085127890,0.772076309,-0.184933946,-0.522526503,-1.314988375,0.817345321,-0.040152021,-0.020993531,0.574363708,-0.049155857,-0.537608504,-1.313479304,0.812985063,-0.058227211,-0.061979201,0.576041281,-0.123404525,-0.586793542,-1.170564413,0.843669713,-0.031595387,-0.027565220,0.535222650
545,851562,132814,stationary,stationary_low_view,0.612227261,1.053574562,0.374365062,-0.193412244,-0.598745167,-0.084989779,0.772575378,-0.178646475,-0.515128732,-1.301342010,0.815270007,-0.053907279,-0.028264314,0.575873196,-0.046282019,-0.545931220,-1.332848072,0.816910267,-0.065337144,-0.054443892,0.570459902,-0.119922504,-0.587395906,-1.171879292,0.843571186,-0.032341409,-0.026472131,0.535388529
546,851842,133094,stationary,stationary_low_view,0.611367166,1.052601814,0.371699363,-0.194216758,-0.597270846,-0.086253427,0.773374259,-0.173607051,-0.519227087,-1.323383331,0.828814089,-0.048546784,-0.014824091,0.557216942,-0.038948052,-0.542658687,-1.339786053,0.825872004,-0.060300793,-0.055277120,0.557892144,-0.112377502,-0.581847608,-1.170667171,0.847042620,-0.033665635,-0.027304344,0.529754639
547,852118,133370,stationary,stationary_low_view,0.610653877,1.052589655,0.370785028,-0.194084048,-0.597126782,-0.085558452,0.773595989,-0.171182305,-0.516453683,-1.313947320,0.822479010,-0.061256420,-0.028733922,0.564756870,-0.037178464,-0.540162861,-1.329478621,0.818818092,-0.070348993,-0.057410594,0.566826224,-0.111768007,-0.586051524,-1.175786853,0.844750047,-0.034218654,-0.021154158,0.533646882
548,852395,133647,stationary,stationary_low_view,0.610317469,1.052449107,0.370041013,-0.193809271,-0.596648455,-0.084726922,0.774125278,-0.170656338,-0.521983385,-1.322703958,0.826396406,-0.049514771,-0.015968021,0.560680211,-0.035026848,-0.534752846,-1.313039660,0.812377989,-0.057244491,-0.057248008,0.577483892,-0.110030971,-0.586006820,-1.173766851,0.846514702,-0.031703360,-0.025028765,0.530830801
549,852659,133911,stationary,stationary_low_view,0.611445427,1.053118706,0.369797319,-0.193190485,-0.597138703,-0.084329426,0.773945332,-0.170615211,-0.518456519,-1.306596279,0.819990575,-0.057410192,-0.021688590,0.569077492,-0.037429180,-0.549732745,-1.338556647,0.822709084,-0.065988950,-0.052265450,0.562195301,-0.111845389,-0.590785801,-1.174247146,0.844681919,-0.033943608,-0.023473686,0.533675134
550,852939,134191,stationary,stationary_low_view,0.614279389,1.053037643,0.369437277,-0.193992063,-0.597878695,-0.084778436,0.773124039,-0.172769651,-0.516868830,-1.302542329,0.822439015,-0.050387431,-0.019675842,0.566275656,-0.040050302,-0.546089172,-1.330466747,0.818858683,-0.064095519,-0.052405093,0.567992926,-0.114410579,-0.590642095,-1.174757361,0.847936809,-0.036497813,-0.023510715,0.528316438
551,853215,134467,stationary,stationary_low_view,0.618002295,1.052144647,0.366606951,-0.195578545,-0.595769465,-0.084596343,0.774371505,-0.167292982,-0.516533971,-1.305558920,0.822153926,-0.057873301,-0.029667657,0.565538347,-0.034257155,-0.545037746,-1.328271508,0.818295181,-0.066942602,-0.056188818,0.568114936,-0.109163396,-0.586185694,-1.167376280,0.846580148,-0.035794869,-0.029960411,0.530210435
552,853493,134745,stationary,stationary_low_view,0.621880710,1.050841093,0.364160329,-0.199141741,-0.596385121,-0.085110158,0.772931814,-0.173898488,-0.511439323,-1.312297583,0.829654098,-0.056343060,-0.014575161,0.555236042,-0.037987642,-0.524343252,-1.299978137,0.814570487,-0.064644925,-0.061471585,0.573164165,-0.113593258,-0.579468310,-1.166831493,0.847604275,-0.037589308,-0.021385137,0.528863668
553,853771,135023,stationary,stationary_low_view,0.622700334,1.049260855,0.363253623,-0.199114263,-0.596982419,-0.085375376,0.772448421,-0.173830613,-0.510541260,-1.309507132,0.827405751,-0.055523187,-0.018268328,0.558554530,-0.038376480,-0.522451997,-1.294560909,0.811337173,-0.058696609,-0.058940582,0.578629971,-0.113960028,-0.578908324,-1.166118979,0.846824229,-0.033599187,-0.026024664,0.530172169
554,854048,135300,stationary,stationary_low_view,0.622595787,1.048586488,0.360917896,-0.199839190,-0.595734715,-0.084923945,0.773273826,-0.167677701,-0.510200739,-1.312690377,0.829725444,-0.057627436,-0.031828374,0.554275930,-0.034177333,-0.534624219,-1.326410055,0.820323586,-0.067451760,-0.054289859,0.565307021,-0.109054632,-0.577531397,-1.167087436,0.848539174,-0.036342457,-0.031806048,0.526924014
555,854328,135580,stationary,stationary_low_view,0.622118354,1.048571587,0.358345509,-0.199242234,-0.594489455,-0.084978357,0.774379432,-0.161194250,-0.508771896,-1.304884195,0.829570591,-0.056123361,-0.018516710,0.555265665,-0.027411476,-0.534298003,-1.322003007,0.823746264,-0.070574172,-0.052414492,0.560101807,-0.103288844,-0.579621434,-1.166810036,0.848890424,-0.036056262,-0.026529459,0.526669979
556,854604,135856,stationary,stationary_low_view,0.621210337,1.049787402,0.355286092,-0.199691564,-0.593296885,-0.083095931,0.775381923,-0.158908084,-0.513810813,-1.312582612,0.825349331,-0.065384448,-0.013397379,0.560663819,-0.022853749,-0.533489585,-1.311356664,0.818387151,-0.077740371,-0.056154285,0.566608787,-0.099244192,-0.579263031,-1.160300136,0.847117126,-0.039042834,-0.018796403,0.529636741
557,854868,136120,stationary,stationary_low_view,0.620406687,1.050675392,0.353941411,-0.199959189,-0.592561841,-0.083019160,0.775883138,-0.154420584,-0.514180779,-1.310019851,0.827967942,-0.056528322,-0.020716187,0.557534337,-0.019082470,-0.543758869,-1.334220409,0.825219870,-0.077021316,-0.058060188,0.556514978,-0.096068285,-0.578713179,-1.158969641,0.844229937,-0.039617639,-0.017891295,0.534215450
558,855145,136397,stationary,stationary_low_view,0.619664729,1.051098466,0.354053438,-0.199311152,-0.592703283,-0.082442626,0.776003301,-0.156902954,-0.525608540,-1.327526689,0.974730372,-0.101439051,-0.043656457,-0.194177464,-0.019955738,-0.541199327,-1.323137283,0.821673274,-0.076872826,-0.053697988,0.562192380,-0.096409731,-0.582180023,-1.160880685,0.846118808,-0.039380416,-0.016446985,0.531283081
559,855480,136732,stationary,stationary_low_view,0.620846808,1.051025391,0.352384776,-0.198130593,-0.591032565,-0.082326107,0.777590632,-0.149039716,-0.525686502,-1.325061083,0.836864531,-0.050157316,-0.020332694,0.544728041,-0.012558490,-0.546010375,-1.324117899,0.823202729,-0.077719018,-0.056353893,0.559572399,-0.089732029,-0.588766038,-1.166473031,0.847181618,-0.041875429,-0.023600455,0.529124498
560,855798,137050,stationary,stationary_low_view,0.624007821,1.050100565,0.346235782,-0.198971018,-0.589488626,-0.080258243,0.778763354,-0.140823767,-0.522519052,-1.303783655,0.825585306,-0.064599223,-0.014701430,0.560374618,-0.006466432,-0.548050046,-1.316341877,0.819934487,-0.077007942,-0.044794891,0.565482616,-0.084370419,-0.590186656,-1.159479022,0.847640812,-0.044265565,-0.026185928,0.528071821
561,856132,137384,stationary,stationary_low_view,0.625089407,1.048903823,0.341617733,-0.201589212,-0.591417909,-0.080947056,0.776552796,-0.144854367,-0.516264439,-1.304930687,0.825324655,-0.061182126,-0.024370467,0.560804963,-0.010261079,-0.540163398,-1.313566566,0.818960190,-0.076147668,-0.056495734,0.565962911,-0.087252662,-0.583947599,-1.159796119,0.848180473,-0.043914467,-0.029710688,0.527047157
562,856464,137716,stationary,stationary_low_view,0.626131475,1.048856020,0.339848101,-0.204440147,-0.593494236,-0.083436579,0.773955524,-0.152822286,-0.515505672,-1.330873847,0.842636287,-0.051392443,-0.018762317,0.535696685,-0.014933076,-0.528947949,-1.311698556,0.821467936,-0.069461532,-0.058773339,0.562948763,-0.090675347,-0.572022796,-1.154290915,0.846610308,-0.043387409,-0.027256303,0.529741049
563,856800,138052,stationary,stationary_low_view,0.627647758,1.049165726,0.338470459,-0.207098544,-0.591743469,-0.086202189,0.774286151,-0.142514423,-0.494946808,-1.299113631,0.825146437,-0.063642770,-0.026697803,0.560687244,-0.009048175,-0.521270692,-1.315768242,0.823327780,-0.072282791,-0.055334646,0.560218334,-0.084928147,-0.564699113,-1.157311440,0.847917199,-0.045181219,-0.026645891,0.527527332
564,857131,138383,stationary,stationary_low_view,0.631618917,1.048743844,0.339931905,-0.203843772,-0.592913747,-0.085795142,0.774299860,-0.146231070,-0.508915603,-1.307130337,0.834409416,-0.063810334,-0.015561261,0.547217548,-0.010838054,-0.532022238,-1.314442992,0.821078360,-0.067517251,-0.053747617,0.564254403,-0.087400734,-0.574452579,-1.155275702,0.847029269,-0.039839406,-0.021549854,0.529612958
565,857464,138716,stationary,stationary_low_view,0.634215295,1.047996402,0.338642776,-0.202674985,-0.590204775,-0.082753330,0.777002633,-0.139129817,-0.513900280,-1.295874476,0.833076894,-0.063449934,-0.016808622,0.549249113,-0.004348645,-0.540543556,-1.309990525,0.824568808,-0.081039049,-0.052223422,0.557486951,-0.082175106,-0.580584407,-1.147092223,0.847512841,-0.043175541,-0.021297827,0.528587103
566,857784,139036,stationary,stationary_far_view,0.633366227,1.065811038,0.336950690,-0.204417437,-0.586310565,-0.083280593,0.779434264,-0.128012583,-0.524220288,-1.297960401,0.826181233,-0.062638626,-0.019937353,0.559556544,0.005709246,-0.554780841,-1.320304275,0.825350285,-0.081325375,-0.053736981,0.556143403,-0.073599681,-0.598315895,-1.164547443,0.851213634,-0.047059540,-0.022376377,0.522226155
567,858020,139272,stationary,stationary_far_view,0.605081022,1.196485162,0.355490208,-0.165604785,-0.601705253,-0.064804271,0.778669596,-0.167928904,-0.745385230,-1.334915996,0.990339935,-0.086777851,-0.033430856,-0.102853574,-0.032444581,-0.762545884,-1.338397503,0.799352348,-0.062730648,-0.052178450,0.595296681,-0.106603555,-0.790301323,-1.172917843,0.820059776,-0.030081039,-0.017189641,0.571228087
568,858244,139496,stationary,stationary_far_view,0.535925984,1.319453120,0.384202123,-0.139393687,-0.598329782,-0.048306834,0.787551463,-0.168905884,-0.950468421,-1.406073689,0.792296350,-0.055013217,-0.012927915,0.607513726,-0.032289587,-0.969936848,-1.406976223,0.779624224,-0.066813499,-0.042574007,0.621216178,-0.108450003,-0.985654116,-1.239403844,0.804819345,-0.035643209,-0.018008819,0.592174888
569,858451,139703,stationary,stationary_far_view,0.446403593,1.378794432,0.432718933,-0.103233226,-0.585600793,-0.020341160,0.803741813,-0.149587214,-1.116412520,-1.438026905,0.994791925,-0.098941281,-0.006237717,-0.023680277,-0.013453426,-1.124411345,-1.419465661,0.748979330,-0.086653814,-0.023736145,0.656473696,-0.094738588,-1.125420928,-1.256499410,0.771699607,-0.051635530,-0.002815457,0.633881330
570,858658,139910,stationary,stationary_far_view,0.349692196,1.397208929,0.525054097,-0.089388102,-0.571585238,0.005066672,0.815643609,-0.191279963,-1.179592729,-1.509383202,0.990021229,-0.133504361,-0.015824130,-0.042239696,-0.055339906,-1.203510523,-1.500265479,0.731234193,-0.112721018,-0.023145879,0.672350168,-0.149530828,-1.260378838,-1.408826828,0.787406862,-0.072880328,0.000641374,0.612109840
571,858902,140154,stationary,stationary_far_view,0.268440187,1.408918738,0.627689779,-0.079977594,-0.541650653,0.008731022,0.836744845,-0.151882395,-1.189527035,-1.590310931,0.984157562,-0.153815225,-0.007716433,-0.087836698,-0.018414963,-1.236655951,-1.601318240,0.989491403,-0.100110233,0.076948568,-0.070453256,-0.116079032,-1.244149685,-1.464508295,0.756521165,-0.103848748,0.037023813,0.644608796
572,859036,140288,stationary,stationary_far_view,0.241130516,1.424823999,0.694556475,-0.060164232,-0.508172870,-0.003743408,0.859142959,-0.019790370,-1.256527901,-1.658078909,0.722969353,-0.122050054,0.083620310,0.674853146,0.116751894,-1.294397235,-1.652368069,0.721832991,-0.156507209,0.067349881,0.670765698,0.004120648,-1.297986984,-1.516330361,0.755134225,-0.110130541,0.080176376,0.641260743
573,859191,140443,stationary,stationary_far_view,0.239381865,1.427664757,0.718897700,-0.048371516,-0.512525618,-0.006502240,0.857283711,,,,,,,,0.103572428,-1.317937970,-1.644377947,0.987397492,-0.109969087,0.083503507,-0.077332050,-0.007031009,-1.312536240,-1.495925307,0.991593361,-0.128282905,0.015487572,0.006804904
574,859345,140597,stationary,stationary_far_view,0.233677298,1.428008080,0.727515399,-0.056031749,-0.530643880,0.007729037,0.845705509,-0.144585148,-1.286038041,-1.651444197,0.709944963,-0.126825780,0.059241705,0.690205634,-0.009277686,-1.272108078,-1.585437536,0.695790231,-0.126640901,0.019449169,0.706724703,-0.112970091,-1.323446393,-1.505814433,0.744491339,-0.095604829,0.059781414,0.658041477
575,859509,140761,stationary,stationary_far_view,0.195425168,1.420758605,0.752033114,-0.054976918,-0.522359967,0.008439102,0.850909173,-0.127026021,-1.258974671,-1.676601410,0.710755944,-0.126392528,0.059766117,0.689404726,0.006091505,-1.287196279,-1.660365582,0.710189521,-0.139273658,0.030882403,0.689405560,-0.100033641,-1.337341309,-1.578638911,0.989068449,-0.146582514,-0.008585271,0.013547658
576,859658,140910,stationary,stationary_far_view,0.132202685,1.408715129,0.785021186,-0.065353729,-0.503719628,0.010323212,0.861329734,-0.067286164,-1.219558716,-1.788336992,0.973076046,-0.167364269,0.028718956,-0.155844450,0.064842686,-1.240939617,-1.757536888,0.709377110,-0.155049846,0.038921628,0.686461091,-0.043788470,-1.303427339,-1.701571703,0.989365518,-0.140228972,0.020037971,-0.033018757
577,859837,141089,stationary,stationary_far_view,0.067622304,1.401894331,0.817074656,-0.080123529,-0.498315334,0.001491203,0.863284349,-0.045366213,-1.172881722,-1.961167336,0.738350689,-0.126108646,0.071644619,0.658636391,0.088339731,-1.199775219,-1.930553555,0.731157899,-0.164844126,0.035264395,0.661052883,-0.025656497,-1.190593123,-1.769968390,0.751506805,-0.139947340,0.074332118,0.640411556
578,860001,141253,stationary,stationary_far_view,0.018969338,1.406597376,0.843112826,-0.087992959,-0.506539524,0.003116736,0.857709348,,,,,,,,0.041502260,-1.145282507,-1.954019666,0.722600341,-0.174029097,0.031124022,0.668276906,-0.068577006,-1.171836734,-1.848463297,0.755155683,-0.146073326,0.058235299,0.636404812
579,860182,141434,stationary,stationary_far_view,-0.010456030,1.410713911,0.858484268,-0.080183372,-0.512184978,-0.001048916,0.855123460,,,,,,,,,,,,,,,-0.071567632,-1.188219428,-1.872292161,0.758604109,-0.122001879,0.067522518,0.636455894
580,860365,141617,stationary,stationary_far_view,-0.018285355,1.409814596,0.854529858,-0.077823728,-0.517961681,-0.004559092,0.851844132,,,,,,,,0.025554441,-1.155426145,-1.966159225,0.962472618,-0.130903423,0.081135891,-0.223445117,-0.080016524,-1.186002135,-1.863829732,0.980094254,-0.150458440,0.001354620,-0.129521102
581,860543,141795,stationary,stationary_far_view,-0.011651103,1.402822733,0.826322079,-0.089761302,-0.520341277,-0.012953801,0.849129021,-0.092431746,-1.112892509,-2.072763443,0.964901209,-0.144989476,-0.000392350,-0.218960315,,,,,,,,-0.062800527,-1.138892174,-1.895257235,0.764712155,-0.125974163,0.061171442,0.628970504
582,860724,141976,stationary,stationary_far_view,0.008267239,1.396065950,0.771489263,-0.098237202,-0.537151575,0.000231312,0.837745547,-0.162230268,-1.100927711,-2.032262087,0.757154644,-0.114310488,0.036830775,0.642100811,,,,,,,,-0.124956958,-1.128079534,-1.844928026,0.981440425,-0.143190995,-0.007934498,-0.127310932
583,860891,142143,stationary,stationary_far_view,0.048668671,1.392278671,0.693264604,-0.093902536,-0.561772406,0.011629589,0.821862996,-0.232084036,-1.152429461,-1.938069940,0.975420117,-0.149837524,-0.020999853,-0.160197869,-0.093495846,-1.155040741,-1.890946865,0.724512041,-0.132580072,-0.012876797,0.676268399,-0.186191663,-1.176143289,-1.756150246,0.988097727,-0.121180139,-0.005525767,-0.094592400
584,861078,142330,stationary,stationary_far_view,0.087970041,1.397943735,0.631103456,-0.101665214,-0.564111769,0.010079516,0.819353700,-0.203061625,-1.097069025,-1.802175283,0.722084403,-0.111732922,0.001006806,0.682721674,-0.067441314,-1.124082685,-1.793115258,0.729274929,-0.113974236,-0.034535453,0.673776925,-0.159240648,-1.140759826,-1.657487392,0.756851196,-0.091534145,0.007665122,0.647100508
585,861255,142507,stationary,stationary_far_view,0.113287367,1.398991823,0.593604863,-0.106262170,-0.577241123,0.005915628,0.809608579,-0.226760805,-1.089612365,-1.787503839,0.746843457,-0.087472029,0.006410546,0.659190655,-0.093028635,-1.135361910,-1.810886741,0.745536745,-0.102159128,-0.036531944,0.657574356,-0.182326883,-1.174378633,-1.696049452,0.992743552,-0.113445766,-0.010191709,-0.038554639
586,861437,142689,stationary,stationary_far_view,0.126696065,1.396536350,0.581200600,-0.110564046,-0.583157182,-0.000882378,0.804799676,-0.235338092,-1.066752791,-1.790329456,0.744480789,-0.097594492,-0.006688655,0.660438538,-0.101029441,-1.102788925,-1.796455503,0.981869996,-0.090319648,0.055196699,-0.157248273,-0.189570963,-1.153424978,-1.698758483,0.995589495,-0.085258760,-0.008863711,-0.038131006
587,861617,142869,stationary,stationary_far_view,0.133205116,1.397705317,0.586351275,-0.107322551,-0.583212078,-0.004984622,0.805183649,-0.229113400,-1.068967819,-1.778524041,0.742088437,-0.089102276,0.001418847,0.664352000,-0.096146584,-1.123377442,-1.818381548,0.983873665,-0.087188773,0.054435618,-0.146381155,-0.182562858,-1.148782969,-1.679820299,0.993704319,-0.098548077,-0.026460135,-0.046258774
588,861797,143049,stationary,stationary_far_view,0.135170043,1.396614313,0.603031933,-0.110949755,-0.573959053,-0.003461520,0.811325610,-0.219439253,-1.063287854,-1.798533559,0.755938888,-0.093101665,0.013396864,0.647849500,-0.083700232,-1.094996214,-1.797946215,0.743152201,-0.109791905,-0.037426598,0.658991516,-0.171681121,-1.120600939,-1.662055612,0.991360903,-0.112706557,-0.006967404,-0.066725194
589,861978,143230,stationary,stationary_far_view,0.136991382,1.399136066,0.622070730,-0.105747089,-0.573912323,-0.003773472,0.812051713,-0.229290158,-1.084086418,-1.799818277,0.747224391,-0.098525114,-0.000315537,0.657227874,-0.095220119,-1.128060699,-1.824255228,0.753395915,-0.106771514,-0.019016907,0.648562133,-0.182212859,-1.143742204,-1.669915318,0.992286742,-0.107378416,-0.001490650,-0.061924390
590,862145,143397,stationary,stationary_far_view,0.137456417,1.402836680,0.632718861,-0.099171415,-0.568943202,0.002044915,0.816372752,-0.218478218,-1.096484542,-1.752869368,0.728027105,-0.102151804,-0.002480378,0.677890360,-0.085567221,-1.142298102,-1.772155404,0.981879830,-0.103252947,0.061106641,-0.146686435,-0.173007742,-1.155189395,-1.628837705,0.766105533,-0.084465750,-0.012995567,0.637007833
591,862312,143564,stationary,stationary_far_view,0.135132268,1.407430053,0.639567316,-0.086600073,-0.566279948,0.010221816,0.819587052,,,,,,,,-0.080385059,-1.223135352,-1.777055025,0.739416182,-0.116908684,-0.011009765,0.662929058,-0.170907602,-1.228056312,-1.620900154,0.992909133,-0.114086740,-0.002381894,-0.033316910
592,862481,143733,stationary,stationary_far_view,0.130930066,1.411314487,0.645506680,-0.071648479,-0.563513517,0.014055902,0.822873890,-0.193968162,-1.206172824,-1.700227737,0.980586171,-0.140938818,-0.016200550,-0.135368258,-0.059812084,-1.263790727,-1.736415863,0.726363719,-0.117431402,-0.003223707,0.677196562,-0.152804554,-1.272743464,-1.595221162,0.756485999,-0.087490164,0.027012821,0.647568345
593,862648,143900,stationary,stationary_far_view,0.127676472,1.413395643,0.649972975,-0.063270010,-0.560851038,0.016415095,0.825332403,-0.179876834,-1.265569806,-1.719579220,0.714402735,-0.095340215,0.025719114,0.692731917,-0.041631095,-1.263002515,-1.675148249,0.709782541,-0.103583507,-0.006657904,0.696731567,-0.136628062,-1.305113792,-1.580548048,0.744240284,-0.093773335,0.022355009,0.660918474
594,862811,144063,stationary,stationary_far_view,0.127245098,1.414245129,0.652571082,-0.059796691,-0.559428155,0.018016517,0.826522768,-0.175643876,-1.283542752,-1.719911456,0.985860169,-0.137002721,-0.010323144,-0.095934376,-0.039195862,-1.287272334,-1.681047678,0.987231970,-0.094981812,0.068552673,-0.107944421,-0.132406950,-1.308421850,-1.561746359,0.993140757,-0.114238948,0.013557314,-0.020906843
595,862979,144231,stationary,stationary_far_view,0.129166797,1.414001465,0.653037667,-0.061621826,-0.556782067,0.018119020,0.828171611,-0.169094220,-1.262633681,-1.704502344,0.723748744,-0.094110489,0.037402030,0.682592154,,,,,,,,-0.129315317,-1.338960648,-1.604505301,0.993850887,-0.110411115,0.002267588,0.008039436
596,863148,144400,stationary,stationary_far_view,0.130360290,1.413875699,0.652399123,-0.062188897,-0.558009148,0.018494718,0.827294588,-0.175526872,-1.260227799,-1.699911237,0.712080479,-0.097945541,0.042230312,0.693948627,-0.040748525,-1.329639673,-1.745486498,0.989139140,-0.100827552,0.064339936,-0.085428014,-0.135594606,-1.324229956,-1.587448955,0.993428171,-0.114344753,-0.002152912,-0.004599684
597,863300,144552,stationary,stationary_far_view,0.131149679,1.413738608,0.652475953,-0.061227564,-0.559967518,0.017339338,0.826067150,-0.181814253,-1.288997412,-1.734255314,0.984668553,-0.143817425,-0.019735303,-0.096720941,-0.041944463,-1.298120260,-1.705702543,0.722229302,-0.112776160,-0.011588190,0.682299137,-0.138254344,-1.327568650,-1.589382529,0.994839311,-0.101273939,0.003222393,-0.005293440
598,863465,144717,stationary,stationary_far_view,0.130682498,1.413382649,0.653785527,-0.061598498,-0.561996281,0.015945699,0.824688733,-0.182163462,-1.230495095,-1.669689178,0.703969359,-0.077952780,0.026831482,0.705429375,-0.050504118,-1.292476058,-1.704143882,0.988512874,-0.097336330,0.058358934,-0.099810705,-0.144707069,-1.329239368,-1.598713160,0.993766725,-0.111264706,-0.006124773,0.003229794
599,863631,144883,stationary,stationary_far_view,0.128916040,1.413779974,0.656798422,-0.059476126,-0.563233256,0.016383665,0.823991776,-0.188622981,-1.252614498,-1.685921550,0.711531937,-0.090133145,0.028097080,0.696282208,-0.055038333,-1.284178853,-1.682503700,0.986191332,-0.097954430,0.060808171,-0.118886270,-0.148304522,-1.335537076,-1.595723033,0.993603230,-0.112879843,-0.003228751,-0.000634138
600,863784,145036,stationary,stationary_far_view,0.127549127,1.413772106,0.659540474,-0.058981184,-0.562704325,0.015910530,0.824397922,-0.192228913,-1.300461650,-1.749665856,0.731787801,-0.076135784,0.042538889,0.675929248,-0.051270068,-1.274401307,-1.674254775,0.708886504,-0.102452971,-0.016354488,0.697650254,-0.145763844,-1.335927367,-1.597676635,0.994180560,-0.107702553,0.002229758,-0.000483769
601,863953,145205,stationary,stationary_far_view,0.126817644,1.413591862,0.660604537,-0.059245378,-0.562188089,0.015572278,0.824737549,-0.184435159,-1.247599721,-1.686487198,0.707598150,-0.093904980,0.026148027,0.699859321,-0.051045440,-1.282408237,-1.687003851,0.986705065,-0.095951892,0.058795694,-0.117258117,-0.146141559,-1.327435613,-1.598413944,0.757885635,-0.079869092,0.031980995,0.646689653
602,864120,145372,stationary,stationary_far_view,0.126315698,1.413683653,0.661466181,-0.059219889,-0.560257852,0.016357373,0.826036692,-0.180344164,-1.251260400,-1.685636640,0.981698215,-0.145062849,-0.013171243,-0.122686513,-0.047488816,-1.334317803,-1.755573988,0.733419001,-0.108454354,-0.000309128,0.671069443,-0.140889302,-1.333640814,-1.598628402,0.993717313,-0.111815855,-0.004798035,0.000326484
603,864284,145536,stationary,stationary_far_view,0.126712337,1.413835764,0.661430299,-0.059159018,-0.559138238,0.017018002,0.826785982,,,,,,,,-0.042878237,-1.303406000,-1.706560612,0.988877118,-0.093193389,0.063190140,-0.097180292,-0.137494862,-1.333860040,-1.595482469,0.994145274,-0.107762761,0.007861093,-0.000720912
604,864451,145703,stationary,stationary_far_view,0.127675220,1.413824797,0.661559582,-0.059207316,-0.559456706,0.016966995,0.826568067,-0.183971316,-1.301233888,-1.750703216,0.733260572,-0.095632657,0.028799344,0.672572672,-0.045731895,-1.303805709,-1.707217932,0.986047506,-0.102430359,0.069082618,-0.111561634,-0.138143390,-1.298508286,-1.557458997,0.743895710,-0.085422479,0.035357207,0.661870182
605,864619,145871,stationary,stationary_far_view,0.128178686,1.413811326,0.662427664,-0.059297219,-0.558610797,0.017091759,0.827130973,-0.174478725,-1.244144440,-1.674096823,0.695823014,-0.086187951,0.020235652,0.712735891,-0.042934582,-1.298853636,-1.700560212,0.988698244,-0.095229335,0.062131833,-0.097708166,-0.137529925,-1.339544892,-1.601491928,0.993457615,-0.114129707,-0.000729244,0.003975190
606,864770,146022,stationary,stationary_far_view,0.128017128,1.413914204,0.663533390,-0.058429174,-0.558185697,0.016954394,0.827482522,-0.179948524,-1.309633017,-1.757515907,0.739298940,-0.087884121,0.034744035,0.666713059,-0.040930443,-1.304380059,-1.702214122,0.985888183,-0.098408863,0.067849174,-0.117203459,-0.134592623,-1.305458069,-1.560543895,0.742306828,-0.084691487,0.038380586,0.663577318
607,864940,146192,stationary,stationary_far_view,0.127529681,1.413942099,0.663985193,-0.057816718,-0.557953417,0.016533084,0.827690661,-0.172642216,-1.263985395,-1.694423199,0.711313188,-0.086214751,0.035175480,0.696680129,-0.038039662,-1.280480742,-1.673647165,0.701380014,-0.114384152,0.002707815,0.703544617,-0.132816941,-1.339210987,-1.596071959,0.993737459,-0.111658528,0.003866246,0.001801018
608,865104,146356,stationary,stationary_far_view,0.126645565,1.413948059,0.663997293,-0.058030248,-0.557660401,0.016462434,0.827874660,-0.173645347,-1.295615077,-1.736703157,0.984867930,-0.143233776,-0.020370251,-0.095416486,-0.035481066,-1.329668760,-1.739639282,0.718014061,-0.124798723,0.015929971,0.684563637,-0.130256563,-1.298339128,-1.551836729,0.992279649,-0.121665321,-0.006898412,-0.023047144
609,865257,146509,stationary,stationary_far_view,0.125345245,1.413948894,0.663690686,-0.057604708,-0.557640672,0.016836906,0.827910066,-0.176195934,-1.325830936,-1.777425051,0.742706835,-0.103443220,0.037315384,0.660525262,-0.034502894,-1.269057631,-1.659566522,0.696699679,-0.112504579,-0.013734990,0.708352745,-0.131359369,-1.331103683,-1.587619424,0.992375970,-0.121793032,0.007405375,-0.017364889
610,865423,146675,stationary,stationary_far_view,0.124576554,1.413706064,0.663296163,-0.058347683,-0.557091832,0.017027784,0.828223586,,,,,,,,-0.035040468,-1.302437186,-1.704058766,0.987617373,-0.091341741,0.074030831,-0.103865825,-0.129688531,-1.335759521,-1.597643614,0.993979394,-0.109180883,0.009159876,0.000782941
611,865590,146842,stationary,stationary_far_view,0.123853788,1.413449168,0.662964344,-0.058541704,-0.557402670,0.016591365,0.828009605,-0.169716850,-1.261752009,-1.701256156,0.714038432,-0.099409543,0.027989540,0.692447424,-0.034827285,-1.287426472,-1.688258886,0.986666501,-0.094135948,0.066270120,-0.115047365,-0.128621727,-1.309174538,-1.572661877,0.745565116,-0.084312417,0.029873595,0.660402715
612,865743,146995,stationary,stationary_far_view,0.123024844,1.413360596,0.662508249,-0.058788259,-0.556917787,0.016806250,0.828314006,-0.166934505,-1.251293302,-1.689621687,0.700875223,-0.104315154,0.028470069,0.705040216,-0.032521509,-1.326703787,-1.744352698,0.726992548,-0.114483602,0.003972887,0.677022576,-0.127162144,-1.301752210,-1.565713644,0.737461567,-0.095909052,0.028986959,0.667915940
613,865937,147189,stationary,stationary_far_view,0.122319840,1.413262844,0.662756741,-0.058440052,-0.557743371,0.016603658,0.827787101,-0.172412440,-1.278907418,-1.722161293,0.983258247,-0.146841571,-0.017005228,-0.106543891,-0.034268610,-1.317391753,-1.730551243,0.721359074,-0.118554249,0.006615698,0.682306588,-0.129670173,-1.332164764,-1.597368479,0.994394898,-0.105658188,0.001132509,-0.003729945
614,866131,147383,stationary,stationary_far_view,0.121797159,1.413347960,0.662351787,-0.058093816,-0.557561457,0.016664717,0.827932715,-0.169779614,-1.286667824,-1.736955523,0.728427827,-0.105007492,0.053962629,0.674873590,-0.033920288,-1.283405542,-1.684890747,0.701810896,-0.117331065,0.005130315,0.702615559,-0.129835874,-1.325426936,-1.591646671,0.754384637,-0.078747429,0.034763478,0.650764287
615,866340,147592,stationary,stationary_far_view,0.121706039,1.413248777,0.661778271,-0.058492415,-0.557147145,0.016810616,0.828180611,-0.169231042,-1.291943431,-1.738594055,0.984671831,-0.141909361,-0.016407333,-0.100069709,-0.032294303,-1.337310553,-1.754834771,0.989289880,-0.098801829,0.058295440,-0.090251975,-0.126456112,-1.332574487,-1.597129583,0.994724691,-0.101439483,0.008597601,-0.012606800
616,866534,147786,stationary,stationary_far_view,0.122127779,1.413229465,0.661056042,-0.058026206,-0.556484461,0.016897757,0.828657031,-0.165510550,-1.297012329,-1.739973545,0.983638763,-0.143949151,-0.015418517,-0.107217915,-0.028211564,-1.328653693,-1.740447521,0.724578381,-0.115278721,0.006259009,0.679454088,-0.122255333,-1.297937155,-1.557113528,0.740550220,-0.088495344,0.039449491,0.664979458
617,866729,147981,stationary,stationary_far_view,0.123667955,1.413390517,0.660644650,-0.058021516,-0.556508660,0.017047767,0.828638017,-0.164291739,-1.267395496,-1.704198956,0.722358465,-0.095788613,0.041292787,0.683606386,-0.029848481,-1.287381411,-1.682671785,0.984451950,-0.099615842,0.070480607,-0.126346990,-0.126462787,-1.335587263,-1.597998619,0.758483648,-0.080826707,0.039952420,0.645425022
618,866923,148175,stationary,stationary_far_view,0.125672072,1.413483143,0.660646141,-0.057572473,-0.556802571,0.017243411,0.828467846,-0.168329731,-1.304878831,-1.742454767,0.986694992,-0.132709175,-0.007071043,-0.093655288,-0.029578131,-1.304867029,-1.701318622,0.712995291,-0.123974569,0.006490892,0.690091252,-0.125076145,-1.332373261,-1.585728288,0.994315267,-0.106414258,0.001833720,-0.003137345
619,867118,148370,stationary,stationary_far_view,0.127967820,1.413519621,0.661251426,-0.057676759,-0.556437910,0.017200783,0.828706443,-0.168001533,-1.291252732,-1.724608183,0.986015201,-0.137680352,-0.012750404,-0.093035504,-0.030932244,-1.285193324,-1.672660351,0.986878574,-0.091005713,0.070088007,-0.113474138,-0.125579253,-1.326672912,-1.577748537,0.994404078,-0.105169445,0.001541330,-0.009877021
620,867313,148565,stationary,stationary_far_view,0.129830807,1.413553715,0.662049890,-0.057928097,-0.555176556,0.018115943,0.829515040,,,,,,,,-0.029686665,-1.308245540,-1.699980855,0.710450709,-0.124326646,0.004059072,0.692665994,-0.125819057,-1.336939692,-1.586225390,0.994604826,-0.103555366,0.003759579,-0.004843526
621,867508,148760,stationary,stationary_far_view,0.132082760,1.413508892,0.663340569,-0.058020957,-0.554873645,0.018139422,0.829710662,,,,,,,,-0.029640937,-1.310601354,-1.702263117,0.714337647,-0.125825748,0.008902681,0.688338876,-0.123897403,-1.285209060,-1.528224587,0.732036412,-0.084653519,0.034738328,0.675092399
622,867716,148968,stationary,stationary_far_view,0.134266868,1.413285732,0.663596809,-0.058402650,-0.553449452,0.017508326,0.830648124,-0.164017871,-1.287667871,-1.722579956,0.724377096,-0.087452784,0.031364661,0.683115005,-0.025706833,-1.283576965,-1.671414852,0.708063066,-0.115335159,0.004541382,0.696651936,-0.120533422,-1.311946154,-1.560580969,0.993136048,-0.114143401,0.018410282,-0.017698234
623,867912,149164,stationary,stationary_far_view,0.135449603,1.413113832,0.662765503,-0.059284352,-0.552525520,0.017100442,0.831209064,-0.158443838,-1.279908180,-1.713523626,0.984507203,-0.141577318,0.002207082,-0.103424303,-0.021557549,-1.303279996,-1.698087454,0.986813188,-0.096229240,0.078646339,-0.103703313,-0.116916358,-1.308427572,-1.561100245,0.993221164,-0.112821288,0.018423092,-0.021064952
624,868118,149370,stationary,stationary_far_view,0.134762704,1.413348198,0.661688924,-0.058797173,-0.551933527,0.018029496,0.831617236,-0.156684875,-1.292315960,-1.728550196,0.727073252,-0.113586359,0.049999852,0.675250053,-0.019622527,-1.296651125,-1.686986208,0.715020597,-0.118696250,0.003184432,0.688946009,-0.117713563,-1.346472144,-1.597474098,0.993569732,-0.112965263,0.001454105,0.007481860
625,868298,149550,stationary,stationary_far_view,0.133197814,1.413296223,0.660705447,-0.058623008,-0.551978230,0.018613242,0.831586957,-0.153744221,-1.260844946,-1.683580875,0.706016898,-0.111547656,0.033288550,0.698562205,-0.020497762,-1.293470860,-1.677227378,0.983274221,-0.102782279,0.085645586,-0.123581909,-0.116400220,-1.339191198,-1.586181879,0.993533909,-0.112959109,0.011426329,-0.000201621
626,868506,149758,stationary,stationary_far_view,0.132658318,1.413678646,0.660162628,-0.057540376,-0.551693678,0.019269643,0.831836462,-0.153461829,-1.299320340,-1.721575975,0.986746728,-0.132831380,-0.004402991,-0.093098789,-0.017088842,-1.304991007,-1.682753086,0.987525940,-0.090738907,0.077393942,-0.102806434,-0.113336928,-1.328994393,-1.568144798,0.993517756,-0.113574177,0.004497398,-0.001779290
627,868702,149954,stationary,stationary_far_view,0.132556543,1.413767934,0.659909248,-0.056746542,-0.552459836,0.017944532,0.831412017,-0.152545020,-1.297878623,-1.721393466,0.724868357,-0.098137386,0.047479384,0.680206358,-0.017104667,-1.309819341,-1.689762712,0.988031328,-0.092859581,0.067787901,-0.102839790,-0.113734782,-1.363350511,-1.607110143,0.993009388,-0.116572447,0.002333512,0.018380314
628,868895,150147,stationary,stationary_far_view,0.131508335,1.414078832,0.659239650,-0.055957437,-0.554247200,0.018702112,0.830258429,-0.159385175,-1.299871087,-1.716541052,0.723155618,-0.114172414,0.046382058,0.679602385,-0.021401387,-1.291133761,-1.661482215,0.707442760,-0.116858609,-0.011478570,0.696948409,-0.119246490,-1.340611696,-1.574134350,0.992928386,-0.118631594,-0.004445950,0.000073915
629,869090,150342,stationary,stationary_far_view,0.131057978,1.414174676,0.658005476,-0.056226708,-0.555565476,0.019777419,0.829333723,-0.163191542,-1.272202611,-1.678509831,0.709154069,-0.102738217,0.031252660,0.696827531,-0.029606551,-1.300439000,-1.668567538,0.986719489,-0.096057221,0.070238352,-0.110563345,-0.124510340,-1.346306324,-1.578440785,0.994305789,-0.105246387,0.016690796,0.000789354
630,869282,150534,stationary,stationary_far_view,0.131983936,1.413892627,0.657867849,-0.056509074,-0.556310713,0.019577226,0.828819573,-0.168835402,-1.293338180,-1.709150434,0.722734630,-0.098835610,0.041551042,0.682758927,-0.033029981,-1.312509418,-1.689917326,0.706854224,-0.121538013,0.007556044,0.696798801,-0.128368795,-1.350464344,-1.585425019,0.993105888,-0.116891094,-0.002331397,0.008469551
631,869465,150717,stationary,stationary_far_view,0.133563846,1.413538218,0.658151448,-0.056703910,-0.555691659,0.019085517,0.829232931,-0.169797823,-1.317616940,-1.742553234,0.733583748,-0.088502310,0.030485621,0.673121750,-0.029711252,-1.302412391,-1.677019119,0.709663689,-0.112836465,-0.000894482,0.695445657,-0.123239532,-1.295235515,-1.526269913,0.735173881,-0.087385543,0.034876950,0.671317220
632,869660,150912,stationary,stationary_far_view,0.135413066,1.412982702,0.658539593,-0.057990156,-0.554634511,0.018366253,0.829867721,-0.163870394,-1.294081330,-1.718933463,0.984839380,-0.146796346,-0.008157491,-0.092063412,-0.025586009,-1.301258683,-1.684654474,0.711729944,-0.126204401,0.004168072,0.691010594,-0.122532807,-1.309287429,-1.548762441,0.991658449,-0.127406985,-0.011750963,-0.015586225
633,869854,151107,stationary,stationary_far_view,0.137322247,1.413136959,0.659582019,-0.057756845,-0.553619325,0.018181723,0.830565631,-0.157205671,-1.254198670,-1.666149497,0.702784956,-0.100979611,0.034873001,0.703335166,-0.023939859,-1.326879144,-1.711074233,0.987393737,-0.096993349,0.072651304,-0.101821691,-0.120496847,-1.346702695,-1.587939501,0.993240058,-0.115577303,0.003928205,0.010033494
634,870062,151314,stationary,stationary_far_view,0.138676807,1.413438559,0.659656644,-0.057059754,-0.552778602,0.018022183,0.831176996,-0.155098289,-1.269541621,-1.681144714,0.715868652,-0.090881802,0.041059151,0.691076517,-0.020389341,-1.298017740,-1.671251893,0.699607491,-0.126774117,0.008547870,0.703139186,-0.116901480,-1.354148865,-1.590628743,0.992911458,-0.117672697,0.000994062,0.016702594
635,870243,151495,stationary,stationary_far_view,0.139999941,1.413961291,0.658036530,-0.056899726,-0.551275909,0.019456860,0.832153082,-0.152303696,-1.329320192,-1.750944018,0.728942513,-0.093863763,0.044688825,0.676635325,-0.016425502,-1.317395568,-1.685596704,0.986602783,-0.104678929,0.076382332,-0.099111155,-0.112899080,-1.352353930,-1.580769777,0.994215608,-0.105778523,0.018505443,0.001957829
636,870451,151703,stationary,stationary_far_view,0.141171888,1.414160609,0.657128930,-0.056501258,-0.550359309,0.019799538,0.832778633,-0.150702685,-1.312135100,-1.717494011,0.985163033,-0.144953057,-0.001439059,-0.091870978,-0.012786431,-1.311120272,-1.672940731,0.707078040,-0.129049659,0.010780323,0.695176721,-0.109680682,-1.313620687,-1.531909466,0.992083669,-0.123640515,0.005932736,-0.021162326
637,870632,151884,stationary,stationary_far_view,0.142277747,1.414712429,0.656633437,-0.055158388,-0.550653398,0.020869067,0.832648098,-0.148927748,-1.272545934,-1.654681206,0.701341987,-0.098978400,0.036847513,0.704957426,-0.014134895,-1.315231323,-1.663964272,0.699913383,-0.137660757,0.006266461,0.700807750,-0.112610817,-1.371059299,-1.583562136,0.993627071,-0.109290928,0.014737278,0.023314364
638,870826,152078,stationary,stationary_far_view,0.142227933,1.414855957,0.656437576,-0.054867301,-0.551612854,0.021532778,0.832015157,-0.152964354,-1.275230527,-1.656503797,0.696284235,-0.080519445,0.026640534,0.712737799,-0.020824645,-1.334005833,-1.683325768,0.988100529,-0.101416074,0.067059979,-0.094207622,-0.115863457,-1.333846927,-1.539933324,0.993441224,-0.110773027,0.022686100,-0.017005403
639,871021,152273,stationary,stationary_far_view,0.140907437,1.414857626,0.656502783,-0.054682050,-0.551546633,0.022754610,0.832038701,-0.156669050,-1.302729487,-1.690181732,0.714043200,-0.124642804,0.037137344,0.687915206,-0.021459142,-1.330062985,-1.673668623,0.989054561,-0.091282383,0.074682899,-0.088663027,-0.117322966,-1.347669244,-1.551823974,0.993263960,-0.115209922,0.009448136,0.008004873
640,871215,152467,stationary,stationary_far_view,0.140104800,1.414648533,0.656963348,-0.054398742,-0.551425695,0.022526233,0.832143664,-0.155161440,-1.301405311,-1.682102442,0.985279679,-0.138010293,-0.009199047,-0.100461446,-0.020901106,-1.332007289,-1.674958229,0.987506866,-0.097718000,0.070154876,-0.101782508,-0.116271190,-1.348931551,-1.553550959,0.993601620,-0.111891232,0.011834114,0.009806197
641,871410,152662,stationary,stationary_far_view,0.140193686,1.414200425,0.657319665,-0.055322666,-0.552528560,0.021907631,0.831367314,-0.160487995,-1.300505280,-1.691243410,0.986254215,-0.135391638,-0.009154313,-0.094275981,-0.023955932,-1.313441992,-1.666809678,0.706826925,-0.115490407,0.006986067,0.697860241,-0.119645759,-1.332349539,-1.543386221,0.993331969,-0.112240426,0.020316670,-0.016760623
642,871590,152842,stationary,stationary_far_view,0.140454948,1.414171219,0.657682896,-0.054774374,-0.552008092,0.021459891,0.831760943,,,,,,,,-0.021183634,-1.310461640,-1.656039357,0.985813439,-0.097691827,0.077750050,-0.112174362,-0.115660846,-1.315854192,-1.524453521,0.736974657,-0.092312999,0.034289919,0.668708384
643,871784,153036,stationary,stationary_far_view,0.141158685,1.414053440,0.658050895,-0.054558277,-0.551883638,0.021015421,0.831869125,-0.152872622,-1.272508144,-1.654778600,0.700806260,-0.098777182,0.033946525,0.705663681,-0.016878437,-1.299051523,-1.645407557,0.707663536,-0.124243498,-0.001457212,0.695538461,-0.115982652,-1.368762970,-1.581118226,0.993428528,-0.112002365,0.012157603,0.020185083
644,871979,153231,stationary,stationary_far_view,0.142430350,1.413620949,0.657786965,-0.055319887,-0.550946832,0.021337120,0.832431436,-0.155920878,-1.308157563,-1.708169580,0.716978848,-0.108003847,0.031771198,0.687944174,-0.018177446,-1.319959998,-1.670752883,0.987273991,-0.095702983,0.082846001,-0.096267715,-0.114765041,-1.351111174,-1.562817335,0.992995918,-0.117938146,0.006113064,0.003514566
645,872175,153427,stationary,stationary_far_view,0.144032136,1.413329124,0.658321738,-0.056255326,-0.550726354,0.020780368,0.832528651,-0.155272663,-1.291686177,-1.691733360,0.721109033,-0.098020524,0.043486860,0.684472561,-0.018317861,-1.306330323,-1.659644365,0.987361789,-0.096057050,0.078030571,-0.098999821,-0.115434259,-1.355461240,-1.574577451,0.993340731,-0.114432290,0.003227643,0.013002861
646,872368,153620,stationary,stationary_far_view,0.145667285,1.413485765,0.659728706,-0.056043971,-0.550824344,0.020508278,0.832484901,-0.156078339,-1.294036984,-1.689219713,0.986493051,-0.137480587,-0.007052278,-0.088774398,-0.020534394,-1.314635873,-1.668467045,0.985476136,-0.104538463,0.082981050,-0.104988568,-0.115312919,-1.304229736,-1.517705202,0.729417920,-0.095635019,0.030705577,0.676653981
647,872562,153814,stationary,stationary_far_view,0.147025257,1.413793206,0.660392940,-0.055427846,-0.550176382,0.020626284,0.832951546,-0.153044939,-1.283444166,-1.671793222,0.707314253,-0.114741296,0.032268297,0.696778178,-0.017247496,-1.304135442,-1.652243137,0.708101869,-0.126817197,0.003607531,0.694619477,-0.115707345,-1.357821584,-1.570751429,0.993116140,-0.115077548,-0.000089533,0.021851145
648,872757,154009,stationary,stationary_far_view,0.148690820,1.413705826,0.660821080,-0.056149136,-0.549373627,0.020824188,0.833428025,-0.155718014,-1.309277654,-1.710269809,0.718504310,-0.109115705,0.035799690,0.685976446,-0.017906386,-1.318503261,-1.670088887,0.989101112,-0.092744775,0.068606451,-0.091490708,-0.114666201,-1.353866339,-1.566445827,0.992937565,-0.118058033,0.010605810,0.004990336
649,872950,154202,stationary,stationary_far_view,0.150554761,1.413920522,0.661572754,-0.055484883,-0.548842788,0.020443445,0.833831549,-0.149827033,-1.292728782,-1.681641698,0.716647327,-0.109908782,0.043607362,0.687339127,-0.013335863,-1.290023446,-1.634370089,0.701906919,-0.125753731,0.006060266,0.701053441,-0.111334294,-1.313609481,-1.521556854,0.737017334,-0.095880330,0.034680687,0.668138981
650,873147,154399,stationary,stationary_far_view,0.151853710,1.414148092,0.661855280,-0.055630706,-0.548790276,0.020807959,0.833847404,-0.157003582,-1.330663562,-1.726758242,0.731852233,-0.088525556,0.035957128,0.674731553,-0.017003611,-1.307078719,-1.649766445,0.701586902,-0.127612755,0.008571814,0.701011717,-0.114616223,-1.354820609,-1.561113119,0.993003190,-0.117141530,0.005412574,0.013903114
651,873341,154593,stationary,stationary_far_view,0.152234152,1.414375663,0.661585867,-0.054950401,-0.548050225,0.021743648,0.834355235,-0.149583235,-1.288743138,-1.662815452,0.984616816,-0.142818615,0.002126026,-0.100638308,-0.014251946,-1.316163898,-1.655640006,0.706500888,-0.130899191,0.014973643,0.695339978,-0.111477420,-1.318519473,-1.517236948,0.735365629,-0.095028207,0.034005251,0.670112431
652,873533,154785,stationary,stationary_far_view,0.152906165,1.414376378,0.661454260,-0.054891419,-0.547857285,0.021600639,0.834489524,-0.148492321,-1.290713906,-1.667877913,0.709715486,-0.111294918,0.040295228,0.694473684,-0.012684615,-1.342861652,-1.686254263,0.720147431,-0.126873255,0.013927650,0.681980133,-0.110237621,-1.313662648,-1.511207581,0.733395994,-0.098338865,0.041776050,0.671352804
653,873728,154980,stationary,stationary_far_view,0.153812796,1.414647937,0.661033094,-0.053712085,-0.547475934,0.021582706,0.834816933,-0.146163285,-1.314607501,-1.690339804,0.720258236,-0.107713573,0.045503162,0.683780193,-0.011048991,-1.302903771,-1.628960013,0.697429955,-0.127127707,0.008591451,0.705234885,-0.108448781,-1.346066356,-1.536586523,0.993727326,-0.110991210,0.013123523,0.003842914
654,873910,155162,stationary,stationary_far_view,0.154108688,1.414741635,0.660385489,-0.053641461,-0.546986997,0.022509431,0.835117459,-0.144866943,-1.300082564,-1.667618155,0.712528467,-0.109768569,0.039667144,0.691867471,-0.009460088,-1.330762982,-1.660851479,0.709490299,-0.131523594,0.020642823,0.692025304,-0.107343830,-1.319950461,-1.503384948,0.992960572,-0.117836617,0.007024826,-0.009719178
655,874104,155356,stationary,stationary_far_view,0.154182836,1.414619684,0.660048425,-0.053996209,-0.546715379,0.022461209,0.835273743,-0.144956946,-1.300511241,-1.666737437,0.985014677,-0.142868742,0.000849663,-0.096611857,-0.009593625,-1.344410062,-1.680479407,0.711613476,-0.132165551,0.003224052,0.690020382,-0.106776573,-1.316029668,-1.504776716,0.729861975,-0.094381340,0.035947468,0.676092744
656,874299,155551,stationary,stationary_far_view,0.153528541,1.414623380,0.660357296,-0.053188480,-0.547125220,0.022729294,0.835049927,-0.144711375,-1.303198457,-1.670463085,0.716160655,-0.110132642,0.045233183,0.687705338,-0.009449570,-1.307153344,-1.628388166,0.700330734,-0.127952814,0.005186388,0.702237904,-0.106488876,-1.317211390,-1.501609921,0.726588666,-0.093035020,0.038301755,0.679666400
657,874493,155745,stationary,stationary_far_view,0.153157666,1.414391875,0.660507381,-0.053513568,-0.547939599,0.021244057,0.834534168,-0.145306796,-1.292132974,-1.660672903,0.986041188,-0.138634712,0.001313671,-0.092203327,-0.009389844,-1.300242662,-1.629810572,0.701324940,-0.124081247,0.008263652,0.701910913,-0.109344780,-1.342405200,-1.539207697,0.746102512,-0.089800440,0.037065126,0.658705652
658,874674,155926,stationary,stationary_far_view,0.152593344,1.414474487,0.660579920,-0.053034890,-0.547941148,0.021407437,0.834559441,-0.144879043,-1.299465060,-1.670133471,0.714869499,-0.106895275,0.044403095,0.689611018,-0.010134116,-1.295157790,-1.619926333,0.690870464,-0.131769508,0.003839463,0.710858703,-0.106201261,-1.313401341,-1.503364086,0.736652076,-0.088562690,0.047208562,0.668783724
659,874882,156134,stationary,stationary_far_view,0.152180031,1.414513826,0.660860300,-0.052932099,-0.548056543,0.020803118,0.834505498,-0.142642170,-1.282982588,-1.652433991,0.702368915,-0.117544048,0.036820766,0.701074541,-0.008950714,-1.328605771,-1.659702778,0.988095760,-0.095512912,0.072446197,-0.096414015,-0.106998369,-1.370053887,-1.564971447,0.992778897,-0.117637791,-0.001458607,0.023437245
660,875062,156314,stationary,stationary_far_view,0.151889741,1.414592028,0.661151171,-0.052297127,-0.548117220,0.019727575,0.834531844,-0.140887320,-1.301990032,-1.674740672,0.717794299,-0.108991332,0.046383813,0.686105490,-0.005949000,-1.332177758,-1.664563775,0.989539862,-0.090104461,0.074091800,-0.084867693,-0.103031591,-1.342888474,-1.534784436,0.993301570,-0.115100525,0.004745041,0.009022786
661,875257,156509,stationary,stationary_far_view,0.151657924,1.414958358,0.661302686,-0.051247921,-0.547526658,0.020219520,0.834972680,-0.139367551,-1.317756772,-1.686888099,0.723541379,-0.090126418,0.048325870,0.682663739,-0.003127281,-1.305649996,-1.626357555,0.697445393,-0.125596374,0.012139587,0.705441773,-0.100293502,-1.345427155,-1.530365467,0.994020939,-0.108471923,0.012380584,0.001732374
662,875451,156703,stationary,stationary_far_view,0.152055770,1.414796233,0.661328018,-0.051807813,-0.546786487,0.019777324,0.835433602,-0.135933012,-1.296650052,-1.665143728,0.696766257,-0.119720571,0.038051017,0.706212342,-0.000398766,-1.334648609,-1.664483070,0.987799764,-0.098728515,0.079215936,-0.090714566,-0.098478876,-1.361607909,-1.552852750,0.993225515,-0.114941023,0.006752048,0.015687335
663,875632,156884,stationary,stationary_far_view,0.152260631,1.414835811,0.661893606,-0.051444143,-0.546876311,0.019583384,0.835401893,-0.136481315,-1.317879677,-1.690588951,0.718139827,-0.117694944,0.051492322,0.683938384,0.000723064,-1.351688385,-1.685686111,0.716031253,-0.127960205,0.021527052,0.685902357,-0.098861039,-1.374635339,-1.566196203,0.992381930,-0.120723478,0.003962295,0.024253929
664,875827,157079,stationary,stationary_far_view,0.152407065,1.414712429,0.661998153,-0.051387377,-0.546788275,0.019399481,0.835467279,-0.134831935,-1.288320184,-1.654073000,0.699886918,-0.116986826,0.033116207,0.703829288,0.000558138,-1.350031257,-1.682216883,0.988573134,-0.101598211,0.075408764,-0.081942156,-0.098973714,-1.372883677,-1.565001130,0.992509246,-0.119857408,-0.000954413,0.023637490
665,876021,157273,stationary,stationary_far_view,0.152001962,1.414974928,0.661901534,-0.050393645,-0.546428025,0.019848976,0.835752904,-0.132924512,-1.305325508,-1.663563013,0.985585332,-0.136990800,-0.008416043,-0.098915227,0.001881607,-1.335103393,-1.659637690,0.706695437,-0.122664429,0.013556755,0.696671546,-0.095154904,-1.350627422,-1.533413529,0.993301392,-0.114717171,0.007242443,0.011826893
666,876214,157466,stationary,stationary_far_view,0.152284309,1.414775491,0.661292374,-0.050635163,-0.546395659,0.019287167,0.835772634,-0.131969124,-1.298886418,-1.661402225,0.706050575,-0.111417413,0.041468535,0.698111117,0.003515225,-1.328589082,-1.650307178,0.986813605,-0.097097546,0.089170776,-0.093912430,-0.094917528,-1.374969721,-1.562003851,0.993269444,-0.112781584,0.011559254,0.023715349
667,876410,157662,stationary,stationary_far_view,0.153259128,1.414638281,0.660541475,-0.050833598,-0.546827316,0.018593654,0.835493922,-0.132017091,-1.314476728,-1.686116815,0.719838679,-0.116423838,0.057934485,0.681851447,0.004782110,-1.349198699,-1.682147741,0.717478752,-0.126932919,0.020591801,0.684608102,-0.094907321,-1.371665597,-1.560594201,0.992750585,-0.118696257,0.007249432,0.017462073
668,876604,157856,stationary,stationary_far_view,0.154727861,1.414392233,0.659657359,-0.051453702,-0.546940923,0.018171005,0.835390925,-0.134303153,-1.316951632,-1.693419576,0.717050314,-0.099138670,0.057654679,0.687521875,0.003511775,-1.328908324,-1.661385536,0.710737765,-0.119029455,0.016613746,0.693114579,-0.093689613,-1.349140882,-1.539440870,0.993822455,-0.109797426,0.011703082,0.011155380
669,876785,158037,stationary,stationary_far_view,0.156552985,1.414146543,0.658657551,-0.052097350,-0.547266006,0.017701875,0.835148156,-0.132375315,-1.283986449,-1.651150584,0.985553145,-0.138610244,0.006503902,-0.097107902,0.003831506,-1.345065713,-1.683785081,0.718413174,-0.127121374,0.016153010,0.683711827,-0.095215067,-1.353629589,-1.550209284,0.742097676,-0.099892989,0.042021327,0.661473036
670,876980,158232,stationary,stationary_far_view,0.158694893,1.413842916,0.657766700,-0.052593410,-0.547764838,0.017235652,0.834799707,-0.136075333,-1.315475702,-1.693755984,0.987145603,-0.140198916,-0.026325623,-0.072074518,-0.000002451,-1.303537726,-1.635494113,0.702000499,-0.120633043,0.007587234,0.701844275,-0.096416250,-1.339961171,-1.533739209,0.994087398,-0.107702345,0.011851399,0.007074070
671,877174,158426,stationary,stationary_far_view,0.160309166,1.413596869,0.656990647,-0.054025229,-0.547588944,0.017725419,0.834813476,-0.136196077,-1.275009513,-1.644876122,0.984869778,-0.131939754,0.003327890,-0.112304822,-0.001102101,-1.319604516,-1.656548738,0.988155723,-0.093112484,0.083346829,-0.089059763,-0.098876402,-1.340303540,-1.538660407,0.992394865,-0.121939421,0.016315429,0.004125510
672,877368,158620,stationary,stationary_far_view,0.161433354,1.413355470,0.657312870,-0.054752838,-0.547699094,0.017414639,0.834700286,-0.138001800,-1.293213964,-1.673727870,0.986151576,-0.137578547,0.003979682,-0.092527747,-0.002415422,-1.302398562,-1.644091249,0.708555400,-0.130221739,0.011832923,0.693434596,-0.101316392,-1.333586931,-1.539780378,0.748494744,-0.090441719,0.038552608,0.655812144
673,877561,158813,stationary,stationary_far_view,0.161058769,1.413493872,0.657943845,-0.054312233,-0.547463000,0.017892171,0.834873855,-0.138826936,-1.301110268,-1.684020996,0.728906572,-0.092633158,0.044788331,0.676837027,-0.002579968,-1.293578386,-1.629318714,0.695385098,-0.134740114,0.005068033,0.705874622,-0.099569924,-1.310320735,-1.508044004,0.732875884,-0.093877591,0.035992358,0.672892630
674,877756,159008,stationary,stationary_far_view,0.160675049,1.413533926,0.658386171,-0.053896956,-0.547942102,0.017007193,0.834604859,-0.137196958,-1.293773174,-1.672108293,0.986408293,-0.140598953,-0.009395043,-0.084512457,-0.001655914,-1.290268779,-1.627884746,0.697065353,-0.117069669,0.007025973,0.707350850,-0.099507704,-1.358996034,-1.561408877,0.993573308,-0.109665789,0.005189484,0.027542915
675,877952,159204,stationary,stationary_far_view,0.159944832,1.413599730,0.658716142,-0.053899202,-0.548402488,0.016895754,0.834304571,-0.135830313,-1.274375439,-1.652337432,0.707182884,-0.096248075,0.026593575,0.699943900,-0.003616991,-1.305415034,-1.645049334,0.700946987,-0.117652327,0.009758075,0.703374743,-0.100847155,-1.344434619,-1.544780970,0.993989289,-0.108377554,0.013266848,0.007973841
676,878147,159399,stationary,stationary_far_view,0.158840850,1.413549662,0.659096479,-0.054391045,-0.548364162,0.017116211,0.834293365,-0.139715791,-1.276514053,-1.656816483,0.704637647,-0.113233231,0.034565307,0.699620783,-0.004817421,-1.312191844,-1.653547049,0.986271381,-0.098687254,0.084302045,-0.102091797,-0.102403693,-1.353281379,-1.558293104,0.993397057,-0.112874970,0.006832113,0.019361049
677,878341,159593,stationary,stationary_far_view,0.157992229,1.413922787,0.660484910,-0.053227488,-0.548966050,0.017350696,0.833967626,-0.142600685,-1.297333837,-1.677298188,0.717853606,-0.099169262,0.032743342,0.688316464,-0.006394260,-1.299003720,-1.634870410,0.700977862,-0.126560241,0.004621584,0.701848388,-0.103994116,-1.366286516,-1.567950010,0.994258821,-0.104234919,0.016612133,0.017564530
678,878533,159785,stationary,stationary_far_view,0.157330602,1.414455175,0.661664605,-0.051644661,-0.549259543,0.016987033,0.833881438,-0.140331000,-1.296267509,-1.668347359,0.714153171,-0.108256407,0.045773327,0.690051198,-0.003986590,-1.340003371,-1.675348520,0.988857508,-0.098059878,0.077586234,-0.080780663,-0.102717437,-1.347452044,-1.540104508,0.992296100,-0.123193242,-0.006272865,0.011512533
679,878728,159980,stationary,stationary_far_view,0.157601744,1.414423704,0.661698520,-0.051731814,-0.549111962,0.016227886,0.833988309,-0.139128804,-1.304656863,-1.682329655,0.724017382,-0.088572569,0.051251039,0.682148874,-0.002897844,-1.282690883,-1.611667395,0.689957798,-0.116393209,0.002231288,0.714426994,-0.099868044,-1.330218315,-1.523118496,0.994051635,-0.108474255,0.008531244,-0.004684569
680,878923,160175,stationary,stationary_far_view,0.157449350,1.414307833,0.661907732,-0.051536199,-0.549140811,0.015967479,0.833986461,-0.139094532,-1.305131316,-1.682775617,0.724949658,-0.088448986,0.050472904,0.681232214,-0.003112860,-1.295813560,-1.626667976,0.692368686,-0.130163714,0.005822725,0.709682465,-0.099115990,-1.309272528,-1.502249956,0.727561295,-0.091246456,0.036571626,0.678963304
681,879118,160370,stationary,stationary_far_view,0.157523498,1.414271951,0.662559330,-0.050871480,-0.549861014,0.015705584,0.833557606,-0.139877051,-1.292735219,-1.664596915,0.708207846,-0.111116253,0.041617576,0.695961773,-0.003783258,-1.344771862,-1.685533285,0.719045877,-0.117073946,0.020240758,0.684731364,-0.100918472,-1.350643992,-1.544400215,0.993793011,-0.110469811,0.003013410,0.012760980
682,879312,160564,stationary,stationary_far_view,0.158252195,1.414340973,0.662849188,-0.050016534,-0.550035417,0.014887606,0.833509326,-0.137749821,-1.303532958,-1.672571182,0.986579835,-0.137529954,-0.006733295,-0.087752111,-0.002445325,-1.312175155,-1.643722773,0.701891780,-0.121903159,0.015109045,0.701611876,-0.099372432,-1.364229918,-1.557176352,0.993899763,-0.107230894,0.005292891,0.025234010
683,879509,160761,stationary,stationary_far_view,0.159170866,1.414200544,0.662013948,-0.050591383,-0.549365938,0.015118951,0.833911836,-0.135697857,-1.279488802,-1.645519257,0.701822460,-0.096716963,0.041443732,0.704537868,0.000354040,-1.341876626,-1.677541256,0.988839507,-0.097863086,0.076563366,-0.082202949,-0.098005980,-1.359610915,-1.552644968,0.993958473,-0.106752142,0.004403870,0.025121797
684,879700,160952,stationary,stationary_far_view,0.159995139,1.414161801,0.660929441,-0.051271509,-0.549036384,0.015617354,0.834078193,-0.136578441,-1.299617052,-1.672680616,0.712604940,-0.108679675,0.047057651,0.691497326,,,,,,,,-0.098623425,-1.348854065,-1.542004585,0.991876006,-0.126171529,-0.007959846,0.014119294
685,879882,161134,stationary,stationary_far_view,0.160499200,1.414288521,0.659984767,-0.051344279,-0.548464835,0.016656952,0.834429562,-0.136409670,-1.298954964,-1.666099310,0.985908449,-0.141600147,-0.009650056,-0.088548563,-0.001128381,-1.323393703,-1.654574752,0.708753169,-0.117192000,0.016335739,0.695462525,-0.097448662,-1.352631092,-1.542638540,0.993898928,-0.108799949,0.010977858,0.014387931
686,880077,161329,stationary,stationary_far_view,0.161062002,1.414085627,0.659951568,-0.051440421,-0.548186660,0.016337497,0.834612727,-0.133476093,-1.279379129,-1.644448757,0.702680647,-0.106455922,0.044924103,0.702060461,0.000200219,-1.301288128,-1.627072334,0.699508131,-0.120586991,0.010816170,0.704294086,-0.096515000,-1.348344922,-1.537934065,0.994071245,-0.107783951,0.010929176,0.009247817
687,880273,161525,stationary,stationary_far_view,0.161294624,1.414066076,0.659961641,-0.050667517,-0.547928929,0.015965948,0.834836423,-0.132564515,-1.305828810,-1.674197316,0.713687420,-0.108515888,0.049654253,0.690223932,0.004063539,-1.341637015,-1.671824574,0.988932133,-0.098455250,0.076912262,-0.080027252,-0.094603948,-1.368383408,-1.556697726,0.993073463,-0.115825266,0.009458262,0.017325513
688,880465,161717,stationary,stationary_far_view,0.161065221,1.414102674,0.659941018,-0.051187262,-0.548464060,0.016518855,0.834442437,-0.136443198,-1.315974355,-1.688210726,0.720146000,-0.116661265,0.056137525,0.681636631,0.000228170,-1.344966292,-1.676168561,0.988878071,-0.099571943,0.072975554,-0.082946837,-0.096919373,-1.352883816,-1.540431499,0.993661880,-0.111135691,0.005542043,0.015946439
689,880660,161912,stationary,stationary_far_view,0.160324708,1.414138079,0.659826458,-0.051192228,-0.548401773,0.016753864,0.834478378,-0.135784775,-1.297491670,-1.664137363,0.710203886,-0.109864056,0.045332368,0.693891466,0.000268925,-1.347800612,-1.679422617,0.988944054,-0.101589933,0.072706342,-0.079893865,-0.097048089,-1.351557374,-1.538410425,0.993894756,-0.109308355,0.010356810,0.010845417
690,880854,162106,stationary,stationary_far_view,0.159220576,1.414377570,0.659891844,-0.050714057,-0.548145473,0.017343115,0.834663928,-0.133843675,-1.305012822,-1.668345451,0.986506104,-0.140331745,-0.005713305,-0.084143706,0.001025926,-1.311466336,-1.635090470,0.706009686,-0.117171183,0.019433077,0.698171616,-0.095317930,-1.316358328,-1.500386834,0.727493644,-0.093353316,0.036159564,0.678771436
691,881048,162300,stationary,stationary_far_view,0.158069596,1.414252520,0.659870148,-0.050909512,-0.548282743,0.016270811,0.834583461,-0.134300113,-1.326488614,-1.701274872,0.987870038,-0.134034932,-0.003995971,-0.078303903,0.002839003,-1.327011466,-1.660188437,0.712540388,-0.117500715,0.014681733,0.691566467,-0.095437765,-1.369604111,-1.563238382,0.993414164,-0.110719472,0.003506063,0.029277904
692,881229,162481,stationary,stationary_far_view,0.155902579,1.414498329,0.660343289,-0.049978670,-0.549240530,0.016551558,0.834004223,-0.135787398,-1.297382474,-1.663923264,0.709687710,-0.111684099,0.046728417,0.694036424,0.001265958,-1.328885436,-1.657831192,0.708780408,-0.124246240,0.012512137,0.694288611,-0.096305758,-1.325535893,-1.509253025,0.993429601,-0.114263460,0.005442916,-0.003456868
693,881423,162675,stationary,stationary_far_view,0.153498262,1.414996028,0.660597086,-0.048561946,-0.549924374,0.017621851,0.833615303,-0.138057083,-1.315283418,-1.671211958,0.987188101,-0.135463372,0.002421162,-0.084282584,-0.002408899,-1.322669625,-1.640511870,0.702463865,-0.126846552,0.013372458,0.700196862,-0.099476025,-1.371861339,-1.550867796,0.994393826,-0.103932932,0.008944866,0.017285602
694,881618,162870,stationary,stationary_far_view,0.151688233,1.415258408,0.660544872,-0.047575582,-0.550516307,0.017578015,0.833282292,-0.138580427,-1.327867389,-1.683124900,0.988448083,-0.131380826,-0.005734982,-0.075342841,-0.001875218,-1.338387132,-1.655855417,0.709570765,-0.114978023,0.018400010,0.694946647,-0.099011660,-1.381934762,-1.558946609,0.992887735,-0.116520546,-0.000123710,0.024431294
695,881798,163050,stationary,stationary_far_view,0.150518030,1.415222764,0.660438120,-0.047190778,-0.551188231,0.017828375,0.832854569,-0.140034303,-1.310273886,-1.662507057,0.708376288,-0.108987026,0.046204761,0.695837557,-0.003744952,-1.353696704,-1.669423699,0.989056468,-0.096977822,0.073988803,-0.082995467,-0.100035101,-1.335634828,-1.509405136,0.733863294,-0.085333347,0.042460382,0.672577143
696,881993,163245,stationary,stationary_far_view,0.149746433,1.415340185,0.660251737,-0.046878904,-0.550918758,0.018432399,0.833037317,-0.141961306,-1.327021360,-1.681424260,0.719364107,-0.096933290,0.045352310,0.686339855,-0.004363101,-1.352280974,-1.664528251,0.989630401,-0.095411316,0.067924015,-0.083154567,-0.100200303,-1.341918230,-1.512399554,0.735922098,-0.084652625,0.045917109,0.670182228
697,882187,163439,stationary,stationary_far_view,0.150058120,1.415457487,0.659711897,-0.046982136,-0.551221371,0.019066650,0.832817018,-0.141940042,-1.320170522,-1.665729523,0.987119198,-0.136194453,0.001893436,-0.083924130,-0.006308008,-1.328097701,-1.636226296,0.700509667,-0.126418769,0.014792971,0.702200592,-0.103304282,-1.375178099,-1.544466257,0.994347513,-0.104691312,0.006579208,0.016415240
698,882395,163647,stationary,stationary_far_view,0.151374474,1.415418148,0.659420133,-0.046696085,-0.550925612,0.018728726,0.833036423,-0.139423102,-1.309500098,-1.654411316,0.701548874,-0.108448572,0.047250602,0.702734292,-0.003131427,-1.297446847,-1.595821738,0.683854103,-0.116645552,0.000617452,0.720234036,-0.099271402,-1.331962228,-1.498609543,0.727854490,-0.089960925,0.036521018,0.678823292
699,882577,163829,stationary,stationary_far_view,0.153699800,1.415159583,0.659143746,-0.047211505,-0.549993217,0.017912921,0.833641231,-0.133633688,-1.289834857,-1.633953810,0.696476638,-0.102434084,0.036853455,0.709273875,0.000301503,-1.322304606,-1.630048275,0.697461188,-0.118079424,0.009836649,0.706759036,-0.095898308,-1.340015054,-1.510293603,0.737961173,-0.087956898,0.046406347,0.667475343
700,882771,164023,stationary,stationary_far_view,0.155813217,1.415054679,0.658786356,-0.047047723,-0.549685717,0.017801341,0.833855689,-0.134474695,-1.339931130,-1.693006992,0.722305775,-0.110604472,0.044220477,0.681238353,0.001495175,-1.321878314,-1.628521323,0.698777437,-0.126408353,0.017748065,0.703857958,-0.094351329,-1.281238794,-1.440198183,0.724123538,-0.070677675,0.070310354,0.682426691
701,882952,164204,stationary,stationary_far_view,0.157595828,1.414967060,0.659031451,-0.047214888,-0.549437642,0.017980615,0.834005833,-0.133353472,-1.296331048,-1.637930393,0.707542837,-0.094262183,0.059272692,0.697842836,0.000837896,-1.296146512,-1.595509052,0.688389599,-0.108613573,0.012053262,0.717061818,-0.096066929,-1.364305019,-1.529864430,0.993840098,-0.109025873,0.009519524,0.017452270
702,883147,164399,stationary,stationary_far_view,0.159264296,1.414906979,0.659704208,-0.047011431,-0.548729002,0.017769860,0.834488213,-0.131862849,-1.306284666,-1.645907640,0.986614227,-0.136993021,-0.008117117,-0.088087454,0.003248312,-1.344757795,-1.649834156,0.989651740,-0.090207294,0.075642295,-0.082039058,-0.093346640,-1.367018819,-1.531194448,0.994721949,-0.102416590,0.000093012,0.006248549
703,883341,164593,stationary,stationary_far_view,0.160389245,1.414789677,0.660644829,-0.047067281,-0.548155069,0.017561998,0.834866643,-0.131392092,-1.309790969,-1.652514577,0.710135400,-0.099920504,0.049626593,0.695169628,0.004056104,-1.324914932,-1.628007293,0.701755941,-0.117632076,0.010389566,0.702562094,-0.093012929,-1.372801423,-1.538973212,0.993830442,-0.107700109,0.009713016,0.024646940
704,883534,164786,stationary,stationary_far_view,0.160536394,1.414664865,0.661487401,-0.047373515,-0.547847331,0.017333545,0.835056067,-0.130277127,-1.302358985,-1.647646189,0.699554324,-0.115601309,0.043467395,0.703825772,0.005491924,-1.326977134,-1.633496284,0.705552101,-0.123851657,0.018985732,0.697493076,-0.091927469,-1.333167195,-1.500102758,0.728872061,-0.090162769,0.040136818,0.677499235
705,883728,164980,stationary,stationary_far_view,0.159575328,1.414762735,0.662023962,-0.046526503,-0.547289789,0.017555533,0.835464537,-0.129961595,-1.327706456,-1.674243093,0.722026169,-0.084677041,0.048802741,0.684927940,0.007753674,-1.351035833,-1.655031204,0.988928437,-0.094038591,0.080180936,-0.082148015,-0.089371800,-1.376193047,-1.540407419,0.993924916,-0.107312709,0.015271149,0.019081041
706,883924,165176,stationary,stationary_far_view,0.158252165,1.414950013,0.662004411,-0.046464559,-0.547343314,0.017900074,0.835425615,-0.129283890,-1.321335554,-1.662044764,0.986697853,-0.135181725,0.006238981,-0.090079822,0.007218264,-1.348258615,-1.651980162,0.989301085,-0.091553129,0.080711387,-0.079919167,-0.090290852,-1.299474120,-1.461302519,0.714924097,-0.094632216,0.053614024,0.690690875
707,884119,165371,stationary,stationary_far_view,0.156427413,1.414903164,0.661800802,-0.046995070,-0.547404289,0.017693058,0.835360408,-0.128664419,-1.314210296,-1.658838391,0.987253666,-0.134241804,0.003582143,-0.085419968,0.007662155,-1.346418142,-1.654003143,0.987989128,-0.094760552,0.087077498,-0.085530765,-0.091488235,-1.383865833,-1.554340839,0.993996322,-0.105562121,0.010671545,0.026722737
708,884312,165564,stationary,stationary_far_view,0.154134601,1.415160894,0.662163556,-0.046220791,-0.547987640,0.018103732,0.835012257,-0.130508900,-1.331172109,-1.679385662,0.724539518,-0.087863848,0.051184922,0.681690931,0.005611874,-1.322381854,-1.624479294,0.693575382,-0.126065016,0.016795039,0.709068954,-0.091264650,-1.378353834,-1.545150638,0.992327988,-0.121615104,0.001750859,0.022177869
709,884508,165760,stationary,stationary_far_view,0.151827499,1.415507555,0.662149072,-0.045051076,-0.548331261,0.018203977,0.834848404,-0.128616050,-1.320693851,-1.658176661,0.986824512,-0.138305411,-0.005400495,-0.083784275,0.006658938,-1.349641800,-1.650756001,0.990266323,-0.085807420,0.072491974,-0.082186453,-0.092018031,-1.408853531,-1.574642301,0.992111802,-0.115865022,-0.009588264,0.046878427
710,884701,165953,stationary,stationary_far_view,0.149837270,1.415749311,0.661789179,-0.043782488,-0.549420178,0.018041456,0.834203243,-0.129586235,-1.313421845,-1.645689011,0.703455925,-0.096267410,0.054821920,0.702051878,0.004533589,-1.331552863,-1.624669194,0.989006698,-0.087742239,0.071319886,-0.095292032,-0.091609523,-1.367004752,-1.523866296,0.994066000,-0.108332537,0.007798816,0.006009086
711,884882,166134,stationary,stationary_far_view,0.148585916,1.415868521,0.662229121,-0.043353792,-0.549867809,0.018455559,0.833921611,-0.131123558,-1.336422801,-1.672326326,0.711770773,-0.113302343,0.050770510,0.691351831,0.005191833,-1.328792930,-1.621812224,0.697103262,-0.103522480,0.005314311,0.709437728,-0.091990441,-1.345632315,-1.501247287,0.728688121,-0.085402705,0.044246890,0.678057730
712,885077,166329,stationary,stationary_far_view,0.148193598,1.415919065,0.662983954,-0.042772990,-0.550016224,0.018145965,0.833860517,-0.127104789,-1.295942187,-1.624886632,0.694642007,-0.095339179,0.037379663,0.712029278,0.005454287,-1.340488076,-1.633675933,0.700365305,-0.124215804,0.018496679,0.702649832,-0.091633961,-1.368691683,-1.522502899,0.994075716,-0.106278867,0.022196997,-0.005058581
713,885257,166509,stationary,stationary_far_view,0.148923576,1.416054606,0.663681746,-0.041876178,-0.549902022,0.018388119,0.833976030,-0.129443765,-1.319764018,-1.643414259,0.708140969,-0.087626219,0.063324146,0.697745025,0.005281270,-1.341282606,-1.627085686,0.693812072,-0.113091022,0.019381724,0.710956812,-0.089717358,-1.380769134,-1.528580904,0.994486570,-0.102086954,0.015942473,0.017904991
714,885451,166703,stationary,stationary_far_view,0.150848135,1.415829182,0.664047360,-0.042383704,-0.549455345,0.017301764,0.834267974,-0.128402531,-1.327208281,-1.654993773,0.986797631,-0.134582654,-0.008063723,-0.089738220,0.009197269,-1.382508636,-1.682416677,0.709301710,-0.123409890,0.033534992,0.693207383,-0.088580474,-1.352626920,-1.506025910,0.732495725,-0.084070995,0.046162669,0.673981547
715,885646,166898,stationary,stationary_far_view,0.152841464,1.415523529,0.664398551,-0.042429160,-0.549168706,0.016970979,0.834461212,-0.127443582,-1.326205492,-1.658672452,0.707128048,-0.109005801,0.049400065,0.696883976,0.009164449,-1.361781478,-1.659554720,0.714609504,-0.115676366,0.017260175,0.689677000,-0.088091873,-1.345686316,-1.499862671,0.723818421,-0.093321554,0.036875896,0.682655275
716,885841,167093,stationary,stationary_far_view,0.154892847,1.415291429,0.664395213,-0.043036129,-0.548646033,0.017245257,0.834768236,-0.127941668,-1.332000613,-1.665341616,0.711090386,-0.106427640,0.052151188,0.693039656,0.008408986,-1.340429306,-1.633292675,0.701655149,-0.119909488,0.012009328,0.702251852,-0.088499099,-1.349295259,-1.503885150,0.725706160,-0.092975102,0.038004544,0.680633485
717,886034,167286,stationary,stationary_far_view,0.156996548,1.415107369,0.664346218,-0.044257332,-0.548000157,0.017511845,0.835123062,-0.128564626,-1.322428465,-1.654862881,0.986579537,-0.136647552,-0.010125930,-0.088801429,0.008742187,-1.364968777,-1.666157603,0.709490597,-0.126494870,0.027720461,0.692714810,-0.091040865,-1.390347123,-1.548930883,0.992898583,-0.114834875,0.001546640,0.031032439
718,886215,167467,stationary,stationary_far_view,0.158346027,1.415058851,0.664330363,-0.044825304,-0.547144949,0.017927783,0.835644484,-0.128359526,-1.337978959,-1.677231550,0.720197082,-0.105096690,0.053426493,0.683678687,0.009302527,-1.348047018,-1.646680236,0.702710867,-0.121544726,0.020888671,0.700705349,-0.089077741,-1.374876380,-1.532108426,0.993779004,-0.108067349,0.010250399,0.024893746
719,886411,167663,stationary,stationary_far_view,0.159126982,1.414994717,0.664390206,-0.045009147,-0.546844602,0.017995235,0.835829735,-0.128207535,-1.336445451,-1.673636913,0.986628830,-0.146781594,-0.008264588,-0.070359156,0.008225244,-1.332719445,-1.627731681,0.694375157,-0.115451053,0.018523218,0.710050106,-0.089008406,-1.371425509,-1.528555989,0.993736446,-0.109126933,0.008958580,0.022338094
720,886604,167856,stationary,stationary_far_view,0.160020366,1.414818883,0.664373696,-0.045616236,-0.547193885,0.017043808,0.835588098,-0.128577918,-1.321758270,-1.660309315,0.986515462,-0.134315267,-0.010841362,-0.092893004,0.008094668,-1.358798862,-1.663403988,0.989095509,-0.098636009,0.077047803,-0.077618808,-0.089240357,-1.344921589,-1.508414268,0.729793668,-0.094447814,0.033821505,0.676266968
721,886785,168037,stationary,stationary_far_view,0.159607828,1.414812207,0.664426386,-0.045541171,-0.547608733,0.017396476,0.835313141,-0.130535513,-1.337411284,-1.681864977,0.726408184,-0.091131315,0.049942195,0.679361463,0.005573153,-1.337808609,-1.639166713,0.704384089,-0.116459839,0.022097526,0.699851334,-0.091543019,-1.343720317,-1.505094767,0.739307880,-0.087716617,0.047597200,0.665931106
722,886979,168231,stationary,stationary_far_view,0.158848256,1.414802551,0.664307415,-0.045626439,-0.547300220,0.017235612,0.835514009,-0.129239589,-1.352857947,-1.699774265,0.987685144,-0.141754046,-0.006303088,-0.065910265,0.008648790,-1.368790865,-1.675633907,0.989297092,-0.101262286,0.071371920,-0.077092484,-0.089181826,-1.374382496,-1.537735581,0.994190216,-0.105088741,0.013859702,0.018711528
723,887175,168427,stationary,stationary_far_view,0.157838419,1.414592028,0.664216399,-0.046514969,-0.547517717,0.016278578,0.835341632,-0.127381384,-1.306931019,-1.656779885,0.709461510,-0.103790790,0.055733297,0.694827795,0.008505356,-1.295496225,-1.599212885,0.685493529,-0.116688788,0.001101316,0.718666255,-0.088252507,-1.332346082,-1.503262997,0.731332064,-0.088551216,0.042514794,0.674910784
724,887368,168620,stationary,stationary_far_view,0.155920431,1.414297819,0.664279282,-0.047691494,-0.548266649,0.014630808,0.834814429,-0.129668966,-1.327451587,-1.692403197,0.987494290,-0.130363986,0.004023481,-0.088567041,0.007460035,-1.334685802,-1.663034916,0.714487553,-0.116106689,0.018440200,0.689700484,-0.089313149,-1.354936481,-1.539742708,0.994096637,-0.107223153,0.008212651,0.014411809
725,887562,168814,stationary,stationary_far_view,0.153829068,1.414171338,0.664631426,-0.047590543,-0.548503339,0.013385095,0.834685624,-0.125744581,-1.301768661,-1.672494411,0.723828018,-0.089133255,0.049172927,0.682429671,0.010974854,-1.325278163,-1.657696247,0.711918890,-0.115466952,0.018332655,0.692461431,-0.085290849,-1.327705979,-1.518189549,0.733943582,-0.092665464,0.040296022,0.671651781
726,887756,169008,stationary,stationary_far_view,0.152019545,1.413919687,0.663956106,-0.048611213,-0.548281908,0.012283817,0.834789217,-0.121817827,-1.296633959,-1.678119063,0.723790169,-0.087842375,0.050969426,0.682505429,0.014712516,-1.322460771,-1.664241791,0.989466906,-0.086575992,0.073404469,-0.089842476,-0.081755020,-1.339674592,-1.539279222,0.994208336,-0.106178321,0.015786827,0.005176680
727,887953,169205,stationary,stationary_far_view,0.150838286,1.412580848,0.662527144,-0.053474277,-0.548564434,0.009130582,0.834346592,-0.122416228,-1.292677641,-1.716064930,0.733619928,-0.089609019,0.068498008,0.670134366,0.015532210,-1.305538297,-1.685060978,0.989049435,-0.085822873,0.073158108,-0.095202617,-0.081493430,-1.313237309,-1.548169851,0.994261205,-0.104852080,0.014359967,-0.015637200
728,888147,169399,stationary,stationary_far_view,0.150284201,1.410951376,0.663049698,-0.058300685,-0.553506017,0.001606769,0.830800533,-0.129570290,-1.222571492,-1.680117249,0.715579748,-0.100658379,0.035733100,0.690316379,0.005313683,-1.265523911,-1.697813749,0.713050723,-0.111842431,0.016865315,0.691928864,-0.090467691,-1.313410282,-1.599338412,0.995089233,-0.098683208,0.007668556,0.000433625
729,888341,169593,stationary,stationary_far_view,0.149676278,1.410379887,0.662646532,-0.059905563,-0.553947449,-0.000570828,0.830393434,-0.131727532,-1.262931943,-1.749135375,0.987781882,-0.123915069,-0.033606589,-0.088332370,0.006209180,-1.253614426,-1.695950985,0.717358768,-0.107007660,0.009464379,0.688372135,-0.089753568,-1.305150509,-1.605248809,0.994367123,-0.105704375,-0.006488733,0.004308987
730,888549,169801,stationary,stationary_far_view,0.149220333,1.410466433,0.661797106,-0.060318019,-0.555269003,-0.000353588,0.829480529,-0.135978237,-1.250968099,-1.733503103,0.986733556,-0.122899003,-0.031460825,-0.101306215,0.001155011,-1.258263350,-1.704577804,0.714167655,-0.100162119,0.013312146,0.692643404,-0.094231814,-1.299649477,-1.601170063,0.995168924,-0.097891815,-0.007309942,0.001605781
731,888744,169996,stationary,stationary_far_view,0.148744583,1.410736680,0.661350191,-0.060035340,-0.555548966,0.000601652,0.829313457,-0.137225106,-1.251136899,-1.731921911,0.734748662,-0.101945035,0.046843912,0.668997228,-0.000919662,-1.261972904,-1.702297449,0.988258004,-0.088231862,0.063171342,-0.107566990,-0.094842643,-1.262472868,-1.553874135,0.744923413,-0.083161503,0.038467880,0.660827875
732,888951,170203,stationary,stationary_far_view,0.148646176,1.410762429,0.660523295,-0.061322317,-0.553624868,0.001408909,0.830504119,-0.134254813,-1.254350424,-1.740267158,0.734604120,-0.078124836,0.049040399,0.672196627,0.003268220,-1.251078248,-1.690928936,0.986346722,-0.090175651,0.066982433,-0.120423518,-0.091485724,-1.290651917,-1.588110209,0.993831515,-0.104139931,0.026716910,-0.027204031
733,889159,170411,stationary,stationary_far_view,0.148716003,1.411136389,0.660230637,-0.060689706,-0.552809179,0.002495776,0.831091166,-0.129364565,-1.220529079,-1.684697151,0.706255555,-0.104143158,0.029347353,0.699639916,0.006860208,-1.245194316,-1.675240636,0.709704876,-0.110761046,-0.000659566,0.695737422,-0.089858167,-1.292584777,-1.581381321,0.995138705,-0.097044334,0.008063683,-0.014707613
734,889368,170620,stationary,stationary_far_view,0.148931414,1.411513925,0.660518169,-0.059798498,-0.553380251,0.003667973,0.830771327,-0.135639578,-1.263063073,-1.728339195,0.986453950,-0.122832060,-0.014947817,-0.107691713,0.001967587,-1.248509169,-1.670738816,0.713028908,-0.102084480,0.000064252,0.693663239,-0.093857989,-1.313396811,-1.597234488,0.994737744,-0.102251381,0.006435686,0.000266726
735,889562,170814,stationary,stationary_far_view,0.149511367,1.411482215,0.660635591,-0.059713371,-0.553174734,0.003346780,0.830915689,-0.133954793,-1.263410330,-1.731329083,0.986172438,-0.135922536,-0.015437738,-0.093544826,0.002260081,-1.264518976,-1.691319942,0.714711428,-0.108536184,0.014794780,0.690788388,-0.093445003,-1.314223528,-1.599771261,0.994563639,-0.103748687,0.002051840,0.008672287
736,889756,171008,stationary,stationary_far_view,0.150050163,1.411418438,0.660716653,-0.059166081,-0.552621424,0.003069190,0.831323981,-0.129297614,-1.228347063,-1.681534767,0.981583714,-0.136109367,0.002569702,-0.134018853,0.006162893,-1.268111825,-1.690331578,0.986425221,-0.080486327,0.081462406,-0.117691092,-0.089387819,-1.295438647,-1.574552536,0.995030880,-0.097773597,0.004216488,-0.018332798
737,889952,171204,stationary,stationary_far_view,0.150470480,1.411393881,0.660341680,-0.059151594,-0.553093076,0.003915768,0.831007719,-0.133641779,-1.278696299,-1.747877479,0.741893649,-0.102009557,0.054077614,0.660502434,0.003149290,-1.270788670,-1.691267967,0.987052739,-0.091754645,0.071795166,-0.110242911,-0.092961177,-1.315950871,-1.595753670,0.994240880,-0.106987678,0.005904149,0.001983963
738,890160,171412,stationary,stationary_far_view,0.151044622,1.411121249,0.660071790,-0.059850473,-0.553428888,0.003470616,0.830736041,-0.133907378,-1.226534009,-1.683012605,0.710037053,-0.093192540,0.040596213,0.696788728,0.000576340,-1.246096730,-1.667692661,0.697000861,-0.120599926,0.001830735,0.706853688,-0.093991160,-1.311081052,-1.593703270,0.994533837,-0.103772715,0.010554332,-0.004720937
739,890354,171606,stationary,stationary_far_view,0.151131630,1.411179781,0.660112321,-0.059283834,-0.553262532,0.004028133,0.830884933,-0.133959517,-1.264891148,-1.726423144,0.986082256,-0.137306005,-0.016120255,-0.092352420,0.002232160,-1.269153118,-1.691250563,0.718320012,-0.112199105,0.010847682,0.686520219,-0.093317859,-1.314816356,-1.594090462,0.994357944,-0.105862170,0.006573464,0.001514491
740,890549,171801,stationary,stationary_far_view,0.151620626,1.411271811,0.660032392,-0.058672048,-0.552242517,0.003694219,0.831608176,-0.128655016,-1.255851388,-1.709208131,0.985649049,-0.126654342,-0.008585327,-0.111269303,0.007427756,-1.273970604,-1.692809343,0.988974035,-0.088873819,0.064338684,-0.099460378,-0.089357711,-1.313023329,-1.588937402,0.994166255,-0.107855275,-0.000130480,-0.000862765
741,890743,171995,stationary,stationary_far_view,0.153242275,1.411101222,0.659992933,-0.058676064,-0.551249206,0.003033970,0.832269311,-0.126002610,-1.272827268,-1.738656521,0.734663725,-0.078285344,0.056616049,0.671517074,0.011580575,-1.274221539,-1.694797635,0.987160385,-0.087015040,0.075849406,-0.110406995,-0.084050789,-1.292772412,-1.568683863,0.751808345,-0.085025765,0.052832924,0.651738822
742,890952,172204,stationary,stationary_far_view,0.155142918,1.410563469,0.659601152,-0.060137171,-0.550284863,0.002032686,0.832806051,-0.121941403,-1.262898207,-1.732084990,0.985655487,-0.132002801,-0.012348725,-0.104432270,0.016132608,-1.247742176,-1.674002767,0.715238154,-0.107861780,0.014186598,0.690361500,-0.081382856,-1.298961997,-1.583264232,0.995034695,-0.098991401,0.001241009,-0.010251735
743,891147,172399,stationary,stationary_far_view,0.157788366,1.409949064,0.659237802,-0.062337697,-0.550113976,0.000723752,0.832759321,-0.121780783,-1.255689383,-1.740915298,0.985650480,-0.136743635,-0.015346788,-0.097768970,0.017481260,-1.263371587,-1.709325790,0.726442337,-0.118423402,0.009698694,0.676877677,-0.081831351,-1.298470736,-1.598094344,0.994658649,-0.103020124,0.006405537,-0.000131331
744,891341,172593,stationary,stationary_far_view,0.161585614,1.408521891,0.660106182,-0.067048080,-0.551930964,-0.002882444,0.831184983,-0.130751193,-1.234058738,-1.751873851,0.741896927,-0.078977332,0.054528169,0.663610041,0.006792169,-1.227535129,-1.695996881,0.985984147,-0.089082815,0.070711367,-0.122063212,-0.090119474,-1.268509626,-1.598724604,0.770031691,-0.075653724,0.052908737,0.631291032
745,891534,172786,stationary,stationary_far_view,0.163667873,1.408319473,0.661839306,-0.069632411,-0.555108607,-0.002652845,0.828853846,-0.147363991,-1.198485494,-1.717518210,0.729685068,-0.104894646,0.047113299,0.674045384,-0.013074480,-1.221447229,-1.706016541,0.720761716,-0.110636517,0.013717016,0.684159338,-0.106103472,-1.223201752,-1.554704189,0.756544709,-0.076630577,0.047583286,0.647691071
746,891729,172981,stationary,stationary_far_view,0.162765414,1.408577919,0.662165582,-0.070209324,-0.551023662,-0.000081210,0.831530869,-0.139495194,-1.227870226,-1.749434471,0.984474361,-0.140727803,-0.017640604,-0.103415065,-0.003575012,-1.223849297,-1.701123476,0.710925758,-0.126341537,0.010473976,0.691746116,-0.099798642,-1.261575818,-1.593105316,0.993603647,-0.110835813,0.002200011,-0.021504469
747,891924,173176,stationary,stationary_far_view,0.160850585,1.408321023,0.660841405,-0.072937831,-0.544573188,0.002723863,0.835531414,-0.121749088,-1.206152678,-1.735440254,0.725833893,-0.130054504,0.038814254,0.674347401,0.012876119,-1.211413026,-1.692141056,0.718806684,-0.133343562,0.011709427,0.682201803,-0.085251682,-1.264164329,-1.606307030,0.993486881,-0.111721873,0.011180962,-0.019418124
748,892132,173384,stationary,stationary_far_view,0.159784436,1.407038093,0.661639690,-0.077923231,-0.546224952,-0.000111657,0.834006190,-0.132749856,-1.203753233,-1.774993539,0.748081207,-0.094160847,0.052409999,0.654798865,0.003614873,-1.188005567,-1.702249289,0.717208028,-0.124771245,0.013123467,0.685472488,-0.092762455,-1.213597894,-1.584597707,0.754525721,-0.096128359,0.036310643,0.648175776
749,892326,173578,stationary,stationary_far_view,0.159823582,1.407387495,0.665808201,-0.074324049,-0.557486176,-0.001431830,0.826851308,-0.173806056,-1.203665972,-1.751618862,0.982429504,-0.141428486,-0.013101742,-0.121072806,-0.037495419,-1.230373621,-1.746812820,0.987448156,-0.093989529,0.052052837,-0.115769468,-0.130695343,-1.245059490,-1.606099486,0.994384408,-0.102095835,-0.007013981,-0.026959633
750,892508,173760,stationary,stationary_far_view,0.159873575,1.408701301,0.672738791,-0.067149043,-0.582324922,-0.001487926,0.810176849,-0.267612815,-1.218621373,-1.718787789,0.982854366,-0.140836373,-0.050831459,-0.107603900,-0.131700754,-1.238254428,-1.716667891,0.722490251,-0.082325958,-0.006010890,0.686435819,-0.213562280,-1.231774211,-1.547495008,0.746708989,-0.055712793,0.014883434,0.662646413
751,892717,173969,stationary,stationary_far_view,0.158289671,1.410456061,0.676833272,-0.057712428,-0.593662560,-0.000078236,0.802641928,-0.304386199,-1.258915186,-1.708608508,0.734042585,-0.046487406,0.024831664,0.677055180,-0.169276312,-1.294854641,-1.727907062,0.721416771,-0.073831089,-0.028760051,0.687953293,-0.249174103,-1.298789740,-1.568173051,0.993757308,-0.097279452,-0.054458670,-0.004168849
752,892895,174147,stationary,stationary_far_view,0.155273855,1.411875606,0.676374137,-0.052272834,-0.592278421,0.004461005,0.804023564,-0.300110579,-1.288686037,-1.701183319,0.984434128,-0.134760261,-0.081177339,-0.078353748,-0.157879710,-1.279148221,-1.663933277,0.711149931,-0.071581639,-0.022763316,0.699016213,-0.243664786,-1.320765734,-1.554580569,0.994100809,-0.096812457,-0.048873872,0.001510236
753,893090,174342,stationary,stationary_far_view,0.153918117,1.411860704,0.675277770,-0.052979451,-0.593778789,0.004787827,0.802868009,-0.308122396,-1.284942031,-1.703513861,0.739297688,-0.046034917,0.018717159,0.671542585,-0.169648722,-1.299688935,-1.693241358,0.991071343,-0.097584613,0.005784647,-0.090671889,-0.252242148,-1.324334025,-1.561904669,0.993776143,-0.098079018,-0.052489877,0.005858339
754,893272,174524,stationary,stationary_far_view,0.153512478,1.411801100,0.676325738,-0.052472133,-0.599172652,0.004155494,0.798887730,-0.320206225,-1.260455847,-1.664768457,0.983391881,-0.120061360,-0.070916854,-0.116174698,-0.185446158,-1.286106706,-1.676965475,0.719288707,-0.063109331,-0.025689024,0.691361725,-0.267512262,-1.309132218,-1.541278720,0.992824972,-0.103682496,-0.059343167,-0.005187406
755,893480,174732,stationary,stationary_far_view,0.152602255,1.411612988,0.675872147,-0.053117793,-0.598804474,0.004905015,0.799116790,-0.328438520,-1.291462541,-1.706057072,0.985457420,-0.134968743,-0.056254886,-0.086558767,-0.184681892,-1.264155269,-1.646329403,0.988092959,-0.092579581,0.015633918,-0.121889062,-0.266431332,-1.295873761,-1.529517531,0.991429448,-0.112863131,-0.065724090,-0.003150114
