sample_id,logger_ms,recording_ms,test_type,phase_label,camera_x,camera_y,camera_z,camera_qx,camera_qy,camera_qz,camera_qw,common_x,common_y,common_z,common_qx,common_qy,common_qz,common_qw,chest_x,chest_y,chest_z,chest_qx,chest_qy,chest_qz,chest_qw,navel_x,navel_y,navel_z,navel_qx,navel_qy,navel_qz,navel_qw
0,276012,50,stationary,stationary_front,-0.047171950,1.667585373,-0.378691435,-0.104504354,0.886203945,0.294691592,0.341874629,-0.055642430,-0.515568852,-2.048938036,0.961077571,0.004887058,0.005856771,-0.276173413,0.084905967,-0.519058168,-2.064663172,0.952960730,0.044013895,0.099926949,-0.282742321,0.010682814,-0.588260293,-1.861604214,0.881532013,0.007306043,-0.003317354,0.472056121
1,276150,188,stationary,stationary_front,-0.047819734,1.667254448,-0.376970053,-0.103987724,0.887224615,0.294039786,0.339940667,,,,,,,,0.093143135,-0.531912982,-2.095597744,0.955047071,0.043687139,0.084087491,-0.280901849,0.019437850,-0.614910483,-1.929554224,0.897709012,0.018779416,-0.008326440,0.440109670
2,276276,314,stationary,stationary_front,-0.049019575,1.666854620,-0.376237512,-0.104671121,0.887529612,0.294735909,0.338328183,-0.040979430,-0.513548851,-2.035914660,0.960399985,0.014013864,0.015077734,-0.277863622,0.102164939,-0.528568327,-2.093088865,0.855134845,-0.009165051,-0.020774860,0.517907977,0.022958860,-0.584703028,-1.840390444,0.873930395,0.010606723,0.008589185,0.485859394
3,276415,453,stationary,stationary_front,-0.050531387,1.667177916,-0.376304150,-0.104728170,0.887890875,0.293494314,0.338441879,-0.040809739,-0.518238783,-2.034580946,0.960297346,0.015370577,0.013106836,-0.278246313,0.098157629,-0.523580313,-2.045949459,0.947069049,0.041247301,0.072244287,-0.310064048,0.023126058,-0.591940045,-1.847421408,0.879344285,0.007809498,0.005995422,0.476084799
4,276538,576,stationary,stationary_front,-0.052133918,1.666435957,-0.376330376,-0.105719969,0.887130558,0.295050979,0.338773727,,,,,,,,0.097604215,-0.527687907,-2.095498800,0.954802573,0.046607334,0.087084174,-0.280350268,0.022739597,-0.608372927,-1.915270209,0.985483348,0.038686238,0.028411463,-0.162845865
5,276679,717,stationary,stationary_front,-0.053259373,1.666270256,-0.376441240,-0.105701625,0.887135565,0.295432091,0.338433951,,,,,,,,0.097087741,-0.522488236,-2.080040932,0.951340437,0.041838121,0.078710422,-0.294967264,0.022839278,-0.608581364,-1.922760487,0.987922430,0.039039277,0.037276775,-0.145243526
6,276803,841,stationary,stationary_front,-0.054079413,1.665964961,-0.376218557,-0.105775669,0.887021303,0.295962512,0.338246852,,,,,,,,0.097110540,-0.521125853,-2.084683180,0.952849627,0.044970099,0.085868694,-0.287544519,0.022985876,-0.614651263,-1.945999861,0.988861024,0.034234811,0.040464099,-0.139084533
7,276927,965,stationary,stationary_front,-0.054714203,1.665694714,-0.375775576,-0.105530545,0.886961102,0.296881378,0.337675542,-0.043807399,-0.498837709,-2.015341997,0.959381402,0.006864082,0.003139829,-0.282011330,0.096921414,-0.517513156,-2.081034422,0.950845361,0.041045889,0.077183358,-0.297070980,0.022830106,-0.600379527,-1.912080407,0.986241043,0.036656834,0.036441538,-0.157024965
8,277053,1091,stationary,stationary_front,-0.055137873,1.665211916,-0.375226736,-0.106136121,0.886814535,0.297692508,0.337156296,-0.042358033,-0.497174025,-2.022745609,0.959393084,0.005974797,-0.001574969,-0.282004863,0.094706893,-0.489127666,-1.989681959,0.848182380,-0.003270488,-0.046199322,0.527675748,0.024192758,-0.583807170,-1.876920342,0.882864058,0.015997086,-0.003910071,0.469339788
9,277178,1216,stationary,stationary_front,-0.055627942,1.664925098,-0.374421954,-0.106810495,0.886610806,0.298187047,0.337041914,-0.041523665,-0.499635220,-2.041135311,0.958946407,0.008957275,0.006447036,-0.283372521,0.100701973,-0.510125756,-2.080880880,0.951174200,0.045987912,0.087466344,-0.292407930,0.023459800,-0.575629294,-1.860805511,0.880081296,0.004128484,0.000069174,0.474805087
10,277303,1341,stationary,stationary_front,-0.055570364,1.664534092,-0.374074101,-0.107017882,0.886726260,0.299063861,0.335893631,-0.036924530,-0.494748235,-2.040908337,0.960008562,0.007856933,0.013797980,-0.279519975,0.104937240,-0.503967345,-2.071119070,0.949194789,0.040324640,0.087314233,-0.299632192,0.029840037,-0.582929969,-1.892704010,0.893248916,0.004398848,-0.009516449,0.449440151
11,277442,1480,stationary,stationary_front,-0.055430412,1.664364934,-0.373811126,-0.107527457,0.886762857,0.299338788,0.335389018,,,,,,,,0.103538543,-0.485148549,-2.008079529,0.850598156,0.013837667,-0.043305382,0.523847342,0.032604598,-0.593009591,-1.926096797,0.985763133,0.032563265,0.032245070,-0.161774486
12,277566,1604,stationary,stationary_front,-0.054806232,1.664405107,-0.373264194,-0.107331410,0.886828661,0.299561322,0.335078984,-0.034882214,-0.475806892,-1.970622778,0.953764677,0.003241590,-0.008403931,-0.300419360,0.106221959,-0.496484965,-2.049355268,0.947908282,0.044138949,0.090037994,-0.302348912,0.032433093,-0.577318490,-1.883107185,0.888570249,0.014326986,-0.008481912,0.458438367
13,277692,1730,stationary,stationary_front,-0.054563284,1.664281607,-0.373127580,-0.107262217,0.886688709,0.299843043,0.335219473,-0.033967275,-0.483281195,-2.009290457,0.957153201,0.006939732,0.009329284,-0.289348572,0.103261814,-0.478996933,-1.985919714,0.844779432,-0.004072589,-0.046530828,0.533072114,0.032365076,-0.581227303,-1.894671082,0.982411683,0.031623043,0.032719947,-0.181098461
14,277831,1869,stationary,stationary_front,-0.054087996,1.664299607,-0.372587800,-0.107347816,0.886620283,0.300050348,0.335187584,-0.033523541,-0.483562350,-2.013481379,0.957942009,0.002941074,0.008963096,-0.286806911,0.106747687,-0.493143708,-2.045003414,0.946437359,0.038611319,0.085575916,-0.308937341,0.032281846,-0.568965435,-1.862257957,0.876191020,0.014658463,-0.001876735,0.481737405
15,277956,1994,stationary,stationary_front,-0.053294182,1.664173126,-0.372397304,-0.107007906,0.886475861,0.300990582,0.334835052,-0.033789329,-0.466708332,-1.967130661,0.854557037,-0.003369148,-0.003701143,0.519333422,0.107113838,-0.490608126,-2.046636820,0.945802450,0.040834613,0.081236653,-0.311754555,0.032493405,-0.567011476,-1.866277456,0.881563544,0.013663714,0.001449011,0.471865386
16,278081,2119,stationary,stationary_front,-0.052363515,1.664244056,-0.372994304,-0.106816001,0.886569202,0.301066071,0.334581316,-0.031268016,-0.484408647,-2.037330389,0.959478617,0.010898394,0.018787494,-0.280943185,0.110411510,-0.499130547,-2.086286306,0.948204279,0.044844758,0.077959426,-0.304663628,0.031475611,-0.560108662,-1.847187400,0.881111503,0.010729617,0.014022443,0.472578824
17,278204,2242,stationary,stationary_front,-0.051510453,1.664270163,-0.373889685,-0.106799334,0.886388123,0.301113635,0.335023284,-0.034370124,-0.477084696,-2.006146193,0.955242157,0.006208593,0.006814369,-0.295681298,0.103392422,-0.474262834,-1.994452715,0.841377139,0.006210090,-0.037326805,0.539122105,0.032520711,-0.586094558,-1.928822756,0.986254513,0.025829632,0.033145864,-0.159800857
18,278332,2370,stationary,stationary_front,-0.050401568,1.664405107,-0.374751210,-0.106472902,0.886204362,0.301030129,0.335687727,-0.036147807,-0.481890500,-2.028975010,0.958116710,0.010609253,0.014106893,-0.285833538,0.105291694,-0.495949090,-2.079646826,0.949801266,0.043032039,0.087246113,-0.297344655,0.029831164,-0.575146556,-1.899842262,0.891465247,0.008755906,0.000853688,0.453003585
19,278470,2508,stationary,stationary_front,-0.049160361,1.664448857,-0.375179768,-0.106313467,0.886135638,0.300942719,0.335997939,-0.037324291,-0.490643263,-2.066955090,0.958830893,0.009371771,0.017156826,-0.283304095,0.104690641,-0.496866435,-2.087070942,0.949973106,0.048361670,0.091315381,-0.294743538,0.029438704,-0.575349092,-1.904871583,0.891410232,0.010945763,-0.010919242,0.452933550
20,278609,2647,stationary,stationary_front,-0.047795296,1.664442539,-0.375534177,-0.105548367,0.886180818,0.301355898,0.335749567,-0.036339603,-0.484889239,-2.052905798,0.958521724,0.014204931,0.017581336,-0.284121782,0.104098648,-0.493261933,-2.075290442,0.947644413,0.048199732,0.091310672,-0.302174091,0.028957866,-0.570860863,-1.895286560,0.888876319,0.016419616,-0.004078452,0.457834750
21,278734,2772,stationary,stationary_front,-0.046881199,1.664429426,-0.375938773,-0.105097704,0.886405110,0.301622719,0.335058540,,,,,,,,0.106146425,-0.494679093,-2.086842060,0.949190378,0.043591119,0.086706296,-0.299365193,,,,,,,
22,278859,2897,stationary,stationary_front,-0.046849251,1.664397240,-0.376133561,-0.105181530,0.886523008,0.301780045,0.334578276,-0.033967141,-0.473514676,-2.009340525,0.954509914,0.006141995,0.009355342,-0.297969222,0.103908136,-0.471076638,-1.997789979,0.839199066,0.002014003,-0.036362372,0.542603672,0.032870263,-0.589130223,-1.954556346,0.988102734,0.021004332,0.028519195,-0.149661466
23,278984,3022,stationary,stationary_front,-0.047040939,1.664591074,-0.376454234,-0.105333082,0.886674225,0.301817745,0.334095448,-0.032055415,-0.479747236,-2.039551735,0.958290458,0.007570202,0.018679576,-0.285084516,0.111218840,-0.492916703,-2.089423418,0.951849639,0.029272771,0.101202540,-0.287894785,0.033270083,-0.564988971,-1.883144617,0.885866106,0.005818078,-0.002481617,0.463897854
24,279109,3147,stationary,stationary_front,-0.047689676,1.664562941,-0.376850724,-0.105807543,0.886444330,0.301964462,0.334422857,-0.034300335,-0.473560631,-2.014811039,0.952708364,0.005057978,0.013077460,-0.303562403,0.104145318,-0.473517805,-2.018226624,0.852360189,0.013303400,-0.045642421,0.520789623,0.032944985,-0.583111942,-1.948301911,0.905992687,0.014989293,-0.013502507,0.422812313
25,279249,3287,stationary,stationary_front,-0.048424721,1.664288878,-0.377187014,-0.106034093,0.885517418,0.302694917,0.336142063,-0.041264281,-0.476296425,-2.043414593,0.958291292,0.008014672,0.012332734,-0.285414666,0.102681309,-0.491592973,-2.105285406,0.952995837,0.029313490,0.098245218,-0.285109758,0.024644174,-0.561697185,-1.884616852,0.884277701,0.010520735,-0.003634218,0.466828734
26,279373,3411,stationary,stationary_front,-0.048560500,1.663975716,-0.377590060,-0.105634131,0.885331273,0.303135246,0.336361319,,,,,,,,0.097385898,-0.488831103,-2.098588943,0.950343192,0.043802984,0.087905802,-0.295299351,0.022476885,-0.574248672,-1.929682255,0.985836804,0.037472442,0.042702083,-0.157791346
27,279512,3550,stationary,stationary_front,-0.048328161,1.664090633,-0.378210902,-0.105199881,0.885445714,0.302624702,0.336655915,-0.044804972,-0.474827021,-2.036903143,0.958790898,0.006753982,0.014342921,-0.283670098,0.095922217,-0.488502651,-2.081812143,0.946873963,0.041870933,0.078057945,-0.309165806,0.020320781,-0.559141934,-1.875059128,0.881005287,0.013238469,-0.003109096,0.472910941
28,279637,3675,stationary,stationary_front,-0.048136115,1.664162636,-0.378786325,-0.104941718,0.885403335,0.302627772,0.336845070,-0.047722824,-0.461415499,-1.984419465,0.859011173,-0.005434505,-0.006645878,0.511884928,0.091317773,-0.472081512,-2.013971567,0.846911430,0.007109806,-0.037936907,0.530331254,0.019627772,-0.570505798,-1.906565189,0.980976939,0.026563112,0.029056810,-0.190090522
29,279774,3812,stationary,stationary_front,-0.048229575,1.664306879,-0.379187584,-0.104221463,0.885595083,0.302267790,0.336887896,,,,,,,,0.093314484,-0.495505393,-2.104126692,0.952891111,0.041907832,0.086554959,-0.287663937,0.018204514,-0.580533385,-1.932609320,0.985878766,0.034991942,0.033554427,-0.160289481
30,279900,3938,stationary,stationary_front,-0.048731446,1.664470434,-0.378830314,-0.104471616,0.885749340,0.302181631,0.336481869,-0.045870170,-0.482872546,-2.054030418,0.958442032,0.003186588,0.012915947,-0.284976929,0.095282853,-0.490348488,-2.076683521,0.948088109,0.040520165,0.090069436,-0.302282274,0.020111121,-0.563160181,-1.878096342,0.886006713,0.006390975,-0.006777241,0.463578790
31,280024,4062,stationary,stationary_front,-0.049447417,1.664313793,-0.378336191,-0.104453675,0.885694981,0.302692115,0.336171538,-0.044750769,-0.474664629,-2.030530214,0.957256079,0.009778537,0.009429629,-0.288922697,0.095732123,-0.488856405,-2.078520775,0.948677361,0.043616220,0.091594696,-0.299531788,0.020705633,-0.563230515,-1.885501862,0.889237821,0.015141159,-0.002340207,0.457188547
32,280152,4190,stationary,stationary_front,-0.050167084,1.664195538,-0.377899766,-0.105020970,0.885892212,0.302704126,0.335463643,-0.042368129,-0.473001122,-2.025526047,0.956948936,0.003432565,0.004710429,-0.290197849,0.095873713,-0.471461117,-2.015464544,0.838239789,0.014090686,-0.022964731,0.544635713,0.023510870,-0.567739844,-1.894378662,0.978436887,0.030782923,0.020728307,-0.203184932
33,280290,4328,stationary,stationary_front,-0.050814509,1.663851976,-0.377844810,-0.105747536,0.885588169,0.303273708,0.335523754,-0.043291319,-0.475660264,-2.056195498,0.962287903,0.012513426,-0.007955332,-0.271628588,0.095295370,-0.467069387,-2.014374971,0.856386364,0.000750457,-0.053541392,0.513551474,0.023852661,-0.568189979,-1.913762331,0.894849837,0.015856827,-0.007232415,0.446026921
34,280413,4451,stationary,stationary_front,-0.050978065,1.663830996,-0.377830863,-0.105467923,0.885533094,0.303140819,0.335876942,,,,,,,,0.097467259,-0.489802986,-2.096251488,0.950509369,0.040602647,0.085345849,-0.295972139,0.022394098,-0.574695885,-1.926042676,0.984560609,0.035083715,0.039241377,-0.166942045
35,280553,4591,stationary,stationary_front,-0.050721765,1.663829446,-0.377565145,-0.105094135,0.885810435,0.302850336,0.335524648,-0.043262057,-0.471357584,-2.016340494,0.955553651,0.004897651,0.003419029,-0.294756770,0.098466918,-0.494867533,-2.107215881,0.950985134,0.037515879,0.079498999,-0.296478808,0.023269564,-0.577835321,-1.927618980,0.984069049,0.036857866,0.036379375,-0.170077130
36,280678,4716,stationary,stationary_front,-0.050928831,1.664067507,-0.377201200,-0.104527861,0.885948420,0.302648872,0.335519075,,,,,,,,0.098166838,-0.493906498,-2.096282005,0.952669621,0.030192483,0.094866879,-0.287244320,0.021566905,-0.574088454,-1.913321853,0.894971371,0.015000884,-0.011617448,0.445719987
37,280802,4840,stationary,stationary_front,-0.051292896,1.663964987,-0.377072453,-0.104525477,0.886303961,0.303271860,0.334014803,-0.038946167,-0.468933821,-2.008995056,0.956465364,0.002587394,0.010677287,-0.291638881,0.102526471,-0.491786957,-2.093554020,0.949741662,0.039035607,0.079103135,-0.300349385,0.023192488,-0.554257035,-1.857490182,0.878558457,0.001867377,0.001241698,0.477629572
38,280943,4981,stationary,stationary_front,-0.052017331,1.663904786,-0.377131224,-0.104882114,0.886217594,0.303554267,0.333875686,-0.039051060,-0.468597502,-2.010572433,0.953482568,0.002596096,0.005403561,-0.301388592,0.102828801,-0.487693310,-2.088929653,0.951586246,0.025660891,0.092861965,-0.291893393,0.027111102,-0.573910177,-1.920727134,0.983219326,0.030094352,0.031095656,-0.177220762
39,281067,5105,stationary,stationary_front,-0.052804947,1.663628578,-0.377222180,-0.105206408,0.886064351,0.304053962,0.333725631,-0.038308911,-0.468646735,-2.027599096,0.957449079,0.000988213,0.003438097,-0.288580209,0.098933414,-0.465079308,-2.003605366,0.846368909,0.006382935,-0.038412090,0.531171679,0.027264908,-0.567716360,-1.909725428,0.981692255,0.038766664,0.035563551,-0.183064818
40,281193,5231,stationary,stationary_front,-0.053348780,1.663347840,-0.377355218,-0.105320759,0.886087775,0.304574460,0.333152264,-0.037839182,-0.467936754,-2.029935598,0.956648886,0.000333928,0.008847198,-0.291109234,,,,,,,,0.029005706,-0.569241881,-1.927482724,0.897733986,0.006622759,-0.005539710,0.440453321
41,281317,5355,stationary,stationary_front,-0.053910017,1.663233995,-0.377457738,-0.105773352,0.885847569,0.304516524,0.333700120,,,,,,,,0.102230772,-0.481867492,-2.084707737,0.951429784,0.030029764,0.095493861,-0.291136652,0.025663607,-0.561845303,-1.901972532,0.892358303,0.010700108,-0.002615949,0.451193243
42,281456,5494,stationary,stationary_front,-0.054203987,1.663279653,-0.377565026,-0.104733951,0.886132061,0.304674000,0.333128452,,,,,,,,0.101293460,-0.484278917,-2.083966255,0.948939085,0.039851353,0.083503820,-0.301585138,0.025079641,-0.557415009,-1.884321451,0.887046516,0.012658929,-0.004597457,0.461483628
43,281581,5619,stationary,stationary_front,-0.054835677,1.663458347,-0.377833486,-0.104788564,0.886282802,0.304173470,0.333167732,,,,,,,,0.101812243,-0.488582760,-2.092560530,0.950293779,0.040293489,0.088451244,-0.295794845,0.025307257,-0.563111126,-1.893590689,0.893331409,0.006364105,-0.008529532,0.449272454
44,281720,5758,stationary,stationary_front,-0.055506706,1.663379192,-0.378071666,-0.105001718,0.886276603,0.304238856,0.333057344,-0.039391879,-0.468606502,-2.024885654,0.955962718,0.006346330,0.008312114,-0.293301731,0.101210624,-0.485139698,-2.083353758,0.949760079,0.042523168,0.091583513,-0.296243191,0.025215838,-0.564214289,-1.899941444,0.893771172,0.012346203,-0.011468988,0.448206633
45,281845,5883,stationary,stationary_front,-0.056095004,1.663288832,-0.378349066,-0.105137147,0.886357486,0.304354995,0.332693011,-0.038683306,-0.466386586,-2.017016649,0.955763102,0.003921022,0.004270957,-0.294080317,0.099139541,-0.466506124,-2.010452509,0.849217355,0.008742559,-0.037881937,0.526610315,0.025427092,-0.562562883,-1.896221161,0.893231690,0.013760741,-0.002766598,0.449377477
46,281984,6022,stationary,stationary_front,-0.056025386,1.663313627,-0.378818870,-0.105407484,0.886333406,0.304285645,0.332735032,-0.038407676,-0.467955768,-2.024921179,0.957474470,0.000667502,0.004003992,-0.288489431,0.098995507,-0.465304881,-2.005233288,0.848318219,0.008697832,-0.038642544,0.528003156,0.025419973,-0.562287092,-1.895276427,0.892779112,0.014046012,-0.001962274,0.450271398
47,282108,6146,stationary,stationary_front,-0.055403709,1.663598299,-0.379333615,-0.103985995,0.886628091,0.303991914,0.332665682,,,,,,,,0.100279450,-0.477398008,-2.046994209,0.864912629,-0.010978916,-0.054531008,0.498830646,0.024878580,-0.571521878,-1.911142230,0.984169602,0.012267306,0.032309495,-0.173827097
48,282248,6286,stationary,stationary_front,-0.055008054,1.663797855,-0.379917502,-0.103629708,0.886868417,0.303645968,0.332452118,-0.039808489,-0.473207414,-2.028163671,0.958688736,0.003138554,0.014194138,-0.284085602,0.100436792,-0.487884849,-2.074386120,0.949338198,0.041696254,0.094693542,-0.296734899,0.024691243,-0.562781632,-1.885001898,0.887616515,0.015548456,0.004780575,0.460295886
49,282371,6409,stationary,stationary_front,-0.054743886,1.663842201,-0.380569339,-0.103824496,0.886887372,0.303712457,0.332280129,,,,,,,,0.102020845,-0.490582943,-2.088629246,0.949241757,0.039515238,0.081291631,-0.301281154,0.025110729,-0.562118709,-1.885188699,0.885707200,0.010985443,-0.004433210,0.464093119
50,282512,6550,stationary,stationary_front,-0.054538608,1.663825512,-0.380990982,-0.103916459,0.886956811,0.303583205,0.332184047,-0.038301311,-0.460059524,-1.973628283,0.951681495,0.009686609,0.011946366,-0.306701392,0.102630556,-0.491612226,-2.092585325,0.948480189,0.037443317,0.072502941,-0.306148112,0.025497016,-0.565511286,-1.894598722,0.890698612,0.007586504,-0.011866436,0.454376131
51,282635,6673,stationary,stationary_front,-0.054281354,1.663741708,-0.381437421,-0.104069151,0.886866391,0.303655922,0.332311094,,,,,,,,0.101803556,-0.487119287,-2.083324432,0.948521733,0.034415521,0.084089041,-0.303399265,0.025572132,-0.564250946,-1.897264361,0.892975569,0.006460198,-0.008179837,0.449984461
52,282761,6799,stationary,stationary_front,-0.053792715,1.663708210,-0.381473064,-0.103650615,0.886790693,0.303748608,0.332559288,,,,,,,,0.100667179,-0.485521317,-2.075846910,0.948040247,0.040048175,0.088350281,-0.303001761,0.024448927,-0.567382157,-1.901309729,0.982323945,0.016223738,0.030160410,-0.184029549
53,282899,6937,stationary,stationary_front,-0.052971959,1.663761020,-0.381573200,-0.103519239,0.887004375,0.303832412,0.331953168,-0.039632332,-0.461391538,-1.983842731,0.950267375,-0.003244728,0.001436549,-0.311415076,0.102116898,-0.486465156,-2.077735901,0.945985317,0.029476617,0.082702883,-0.312094808,0.025518816,-0.563622713,-1.895264745,0.892259002,0.007079624,-0.011575582,0.451320022
54,283025,7063,stationary,stationary_front,-0.052391648,1.663916707,-0.381571174,-0.103004903,0.887007415,0.303639412,0.332281440,,,,,,,,0.101314709,-0.489710301,-2.085903645,0.949191511,0.041892298,0.085619271,-0.299916536,0.024834920,-0.568436444,-1.901111245,0.983345032,0.015553384,0.027783634,-0.178937778
55,283165,7203,stationary,stationary_front,-0.052075028,1.663855791,-0.381268024,-0.102785841,0.886964917,0.303884566,0.332238615,,,,,,,,0.102686003,-0.490217865,-2.098831177,0.953581989,0.028257439,0.101031207,-0.282268763,0.025005303,-0.564464808,-1.896995664,0.890351415,0.002885133,-0.003982422,0.455247343
56,283303,7341,stationary,stationary_front,-0.051658630,1.663856506,-0.380743623,-0.102698065,0.886884987,0.304050356,0.332327396,-0.039553039,-0.469540179,-2.033217669,0.960139155,0.010033809,-0.002746367,-0.279328942,0.101719573,-0.487561285,-2.089743853,0.949626982,0.040685605,0.091889046,-0.296832770,0.025035929,-0.562301397,-1.894689679,0.891479671,0.008290657,-0.010232110,0.452869356
57,283427,7465,stationary,stationary_front,-0.051158786,1.663777351,-0.379757524,-0.102396026,0.886566639,0.304435194,0.332917333,-0.041136242,-0.466820210,-2.025836229,0.869288564,-0.001548381,-0.014138095,0.494100332,0.096697226,-0.468705922,-2.016152143,0.844424665,-0.001497316,-0.036233742,0.534445345,0.023720302,-0.570407629,-1.917021275,0.982602477,0.028839994,0.036768302,-0.179746300
58,283552,7590,stationary,stationary_front,-0.050165534,1.663708925,-0.379002690,-0.101856664,0.886694252,0.304631710,0.332562834,-0.040516317,-0.471998572,-2.042989492,0.959096193,0.002455878,0.015718540,-0.282632947,0.099266663,-0.482699454,-2.069348574,0.946293652,0.034522239,0.090431020,-0.308478117,0.024267282,-0.570372105,-1.921924949,0.893393636,0.007967617,-0.012353964,0.449034244
59,283692,7730,stationary,stationary_front,-0.049735665,1.663573027,-0.378257513,-0.101373389,0.886429369,0.305002898,0.333076000,-0.043085575,-0.465393513,-2.013340235,0.955343425,0.000582363,0.004804961,-0.295458138,0.097268328,-0.484311521,-2.075731754,0.945299745,0.030647328,0.088664040,-0.312422514,0.020763405,-0.564149022,-1.902767301,0.891853273,0.011974561,-0.014122447,0.451945633
60,283818,7856,stationary,stationary_front,-0.049282551,1.663714290,-0.377160907,-0.100679912,0.886511207,0.305128604,0.332953393,-0.043747008,-0.473189801,-2.048533201,0.962027490,0.007320647,-0.003351971,-0.272833854,0.097995833,-0.488103151,-2.085200310,0.945656538,0.025962343,0.083669037,-0.313144058,0.020763256,-0.566043079,-1.904749870,0.894643009,0.009109735,-0.013793175,0.446475863
61,283942,7980,stationary,stationary_front,-0.049289227,1.663535118,-0.376357436,-0.100852914,0.886229813,0.305653483,0.333168685,,,,,,,,0.097763956,-0.488146305,-2.098462582,0.950407684,0.038774583,0.087093025,-0.296034753,0.020674143,-0.558153272,-1.886793137,0.889218748,0.009956915,-0.006123850,0.457332850
62,284081,8119,stationary,stationary_front,-0.049577236,1.663427949,-0.375524163,-0.100884438,0.885970294,0.305922329,0.333602399,,,,,,,,0.095910981,-0.483500451,-2.079441309,0.948332906,0.038642518,0.088357389,-0.302265495,0.021088637,-0.566338003,-1.915156484,0.892360806,0.001256681,-0.001762705,0.451317579
63,284206,8244,stationary,stationary_front,-0.049751043,1.663269877,-0.374447703,-0.100785397,0.886290312,0.306347370,0.332390040,,,,,,,,0.100342408,-0.482012451,-2.076637745,0.948342860,0.034482919,0.092685252,-0.301440179,0.024479307,-0.572274983,-1.929997683,0.986073494,0.013377754,0.038223524,-0.161304429
64,284343,8381,stationary,stationary_front,-0.050630093,1.662966490,-0.373800159,-0.101518013,0.885681629,0.306622475,0.333533764,-0.043726876,-0.461880744,-2.016945362,0.955755591,0.001641751,0.007044317,-0.294072986,0.097276494,-0.483413219,-2.093882084,0.948805213,0.037793592,0.094169624,-0.299119443,0.020467494,-0.559195697,-1.898637414,0.894339621,0.010961881,-0.010123360,0.447139919
65,284468,8506,stationary,stationary_front,-0.051507831,1.662820101,-0.373009801,-0.101738788,0.885560036,0.306916118,0.333519340,-0.043802425,-0.460124791,-2.011348009,0.955683410,0.001614302,0.012263723,-0.294136405,0.096954405,-0.481746286,-2.088856697,0.949799597,0.039136592,0.089778133,-0.297134697,0.020642731,-0.558976412,-1.900346398,0.897566378,0.011332732,-0.008418653,0.440653265
66,284596,8634,stationary,stationary_front,-0.052340508,1.662653208,-0.372750163,-0.102102242,0.885384619,0.307185173,0.333626270,,,,,,,,0.096710637,-0.479505181,-2.083765030,0.950685441,0.034244414,0.096809231,-0.292664498,0.020462200,-0.553355813,-1.884235263,0.889399230,0.013271132,-0.003703759,0.456923574
67,284732,8770,stationary,stationary_front,-0.053324103,1.662706852,-0.372558355,-0.102324359,0.885189950,0.306936622,0.334302872,-0.047432203,-0.463548779,-2.022058010,0.956813812,-0.000266915,0.000266506,-0.290701181,0.090759590,-0.461656660,-2.004047871,0.844250560,0.001855387,-0.038219340,0.534581006,0.018447261,-0.571575999,-1.933090329,0.985129714,0.034024905,0.038325243,-0.163990840
68,284858,8896,stationary,stationary_front,-0.053625345,1.662692428,-0.372331500,-0.101823658,0.885843873,0.306944489,0.332712561,-0.043419499,-0.458868802,-1.997144341,0.863628566,-0.008356657,-0.004566582,0.504038751,0.098194465,-0.468571603,-2.028993607,0.860815704,-0.015723871,-0.051444501,0.506065786,0.019965142,-0.552340865,-1.868068576,0.885142326,-0.004815626,0.005169939,0.465266794
69,284997,9035,stationary,stationary_front,-0.054354072,1.663029790,-0.372000456,-0.102139428,0.885753810,0.306561887,0.333207935,-0.043490890,-0.462426364,-2.003316164,0.954695463,0.002234833,0.006921211,-0.297495753,0.094307631,-0.462526023,-1.995877981,0.849792659,-0.000423893,-0.047597263,0.524963617,0.020899631,-0.560234189,-1.891167283,0.891867399,0.009890214,-0.011438355,0.452044129
70,285122,9160,stationary,stationary_front,-0.054912448,1.662969828,-0.371266842,-0.102259681,0.885811687,0.306795567,0.332801968,-0.042068504,-0.466130465,-2.021586895,0.956716299,-0.001216187,0.011886834,-0.290776879,0.098272547,-0.468517661,-2.028778315,0.861355424,-0.015321581,-0.050195087,0.505284727,0.023783684,-0.565693557,-1.906520605,0.981842577,0.025388181,0.032743886,-0.185117289
71,285263,9301,stationary,stationary_front,-0.055255890,1.662756205,-0.370486379,-0.102242097,0.885682404,0.307308018,0.332678497,-0.042423621,-0.465416759,-2.030683279,0.958204031,-0.001003127,0.005602288,-0.286029100,0.097961009,-0.475861549,-2.056004763,0.946042776,0.031844690,0.088130161,-0.310196847,0.023447305,-0.567672729,-1.919027448,0.984786749,0.023336818,0.036371317,-0.168308109
72,285388,9426,stationary,stationary_front,-0.055941343,1.662511110,-0.369791389,-0.102815919,0.885065198,0.308021545,0.333483458,,,,,,,,0.096312419,-0.478125513,-2.080993652,0.949691594,0.034213517,0.088488787,-0.298471272,0.020809289,-0.554069400,-1.890316486,0.889628947,0.007488943,-0.006998317,0.456568956
73,285525,9563,stationary,stationary_front,-0.055758357,1.662548065,-0.369348407,-0.102287248,0.885276318,0.308449119,0.332689553,,,,,,,,0.097609043,-0.477507472,-2.082206011,0.949635744,0.020530734,0.094591700,-0.298031718,0.020888120,-0.558841705,-1.906424046,0.902275980,0.003969389,-0.019692078,0.430690795
74,285651,9689,stationary,stationary_front,-0.055621028,1.662757039,-0.369783163,-0.102192424,0.885308087,0.307594806,0.333424270,-0.044027913,-0.462974459,-2.022329092,0.958377659,0.002238072,0.012650017,-0.285214394,0.095927343,-0.479848355,-2.073759794,0.948324144,0.033898339,0.089502379,-0.302525371,0.020038527,-0.554535925,-1.879643083,0.888943851,0.008030429,-0.007986284,0.457876176
75,285789,9827,stationary,stationary_front,-0.055422425,1.662934065,-0.369820356,-0.101972952,0.885331988,0.307369441,0.333635747,,,,,,,,0.096537307,-0.480414093,-2.080317020,0.870569587,-0.015045567,-0.047668286,0.489499718,0.020140436,-0.563813865,-1.900528908,0.982226253,0.019941952,0.028967006,-0.184376895
76,285914,9952,stationary,stationary_front,-0.055172086,1.663036108,-0.369705200,-0.101781815,0.885325789,0.307369262,0.333710790,-0.045945976,-0.475584894,-2.065837622,0.960041106,0.001213919,0.019566730,-0.279171616,0.094773069,-0.480848402,-2.073189497,0.949481487,0.037163731,0.089084022,-0.298609912,0.020439990,-0.567499757,-1.919693947,0.895676732,0.002650276,-0.010348062,0.444577426
77,286053,10091,stationary,stationary_front,-0.054948926,1.662951231,-0.369607687,-0.102046996,0.884919643,0.307486236,0.334598124,-0.048223570,-0.464710563,-2.028825283,0.958677113,0.000623281,0.009309399,-0.284343451,0.091615833,-0.480294466,-2.076626539,0.948340237,0.033635572,0.088183478,-0.302891403,0.016250983,-0.556059599,-1.884877205,0.892593741,0.008074155,-0.010555583,0.450665861
78,286178,10216,stationary,stationary_front,-0.054094315,1.662907362,-0.369370818,-0.101393096,0.885234833,0.307799637,0.333673775,-0.047338761,-0.454210252,-1.992498279,0.864216268,-0.011622301,-0.006837684,0.502939880,0.095170259,-0.480340391,-2.076631308,0.948210955,0.037421264,0.094118513,-0.301060408,0.019605141,-0.583968818,-1.981467485,0.913988471,0.016139347,-0.037890911,0.403644562
79,286317,10355,stationary,stationary_front,-0.053311467,1.663143158,-0.369559169,-0.100995161,0.885335565,0.307166606,0.334110230,-0.046967641,-0.465090990,-2.015884876,0.956935823,-0.001209389,0.007420185,-0.290202200,0.091614366,-0.466189027,-2.009641647,0.848726988,0.001435383,-0.034647964,0.527693033,0.019439630,-0.574474990,-1.934381723,0.985317469,0.030182546,0.042443320,-0.162594959
80,286441,10479,stationary,stationary_front,-0.052595139,1.663176537,-0.369451404,-0.101011269,0.885372758,0.307062238,0.334102720,-0.046301316,-0.464195698,-2.010944366,0.957096457,0.001534743,0.009878413,-0.289597064,0.094285935,-0.483034909,-2.074147463,0.948662698,0.037076648,0.085772313,-0.302171409,0.019891459,-0.576171041,-1.937593818,0.985750496,0.029321656,0.040978231,-0.160489991
81,286582,10620,stationary,stationary_front,-0.051814437,1.663506031,-0.369155645,-0.100722268,0.885465145,0.306790948,0.334194332,-0.046892267,-0.454392850,-1.975052714,0.860830784,-0.007362983,-0.007714947,0.508779526,0.094468176,-0.483216435,-2.072072029,0.947289884,0.036740910,0.093319431,-0.304275304,0.019486278,-0.573376179,-1.925393224,0.985275865,0.023992317,0.036712535,-0.165251195
82,286705,10743,stationary,stationary_front,-0.051348925,1.663395643,-0.368795037,-0.101020947,0.885008633,0.307100892,0.335027754,,,,,,,,0.093042389,-0.486094028,-2.093462467,0.952047229,0.033019885,0.091708951,-0.290009052,0.016747206,-0.561004698,-1.894101739,0.893138468,0.007797640,-0.012682038,0.449535370
83,286845,10883,stationary,stationary_front,-0.050300717,1.663374424,-0.368390560,-0.100054294,0.885102212,0.307316929,0.334872544,,,,,,,,0.093105450,-0.486667842,-2.095274210,0.952066422,0.031498432,0.089669429,-0.290752143,0.016639948,-0.560539484,-1.892600656,0.893024862,0.007232941,-0.013082028,0.449759007
84,286969,11007,stationary,stationary_front,-0.049097657,1.663648844,-0.368310452,-0.099453300,0.885320783,0.306863546,0.334889472,-0.048731245,-0.470759660,-2.036931276,0.961847067,0.007850438,-0.001504445,-0.273470908,0.092214659,-0.486791313,-2.081145525,0.948779225,0.030940425,0.081570156,-0.303656131,0.016540743,-0.563006520,-1.891859651,0.891794980,0.004553719,-0.014860545,0.452172607
85,287093,11131,stationary,stationary_front,-0.047937155,1.663548470,-0.368270278,-0.099448100,0.885251999,0.306990802,0.334956169,-0.047902003,-0.464385390,-2.008694649,0.955738664,0.000619334,0.007268653,-0.294126570,0.093057573,-0.489393294,-2.099777937,0.950662792,0.037370503,0.088349551,-0.295022160,0.016646687,-0.567760170,-1.911463737,0.898551583,0.010977560,-0.013291006,0.438529283
86,287232,11270,stationary,stationary_front,-0.046710610,1.663654804,-0.368373036,-0.098897010,0.885432661,0.306721777,0.334888190,-0.047644466,-0.473433107,-2.037437439,0.956490278,-0.006905894,0.014218269,-0.291335762,0.089153633,-0.461767137,-1.978329182,0.850674391,-0.012794846,-0.066485353,0.521314740,0.016816154,-0.575899124,-1.925507665,0.986647308,0.013716741,0.028989082,-0.159682646
87,287359,11397,stationary,stationary_front,-0.045627594,1.663821459,-0.368581176,-0.098966219,0.885460198,0.306367040,0.335119694,-0.047106877,-0.473245382,-2.033100843,0.957275450,-0.002090011,0.010258076,-0.288988054,0.091278754,-0.469669998,-2.006550550,0.848612905,-0.004073215,-0.046377018,0.526961744,0.019148100,-0.577778757,-1.932203650,0.985669434,0.024426213,0.042014088,-0.161536202
88,287496,11534,stationary,stationary_front,-0.044495344,1.663945436,-0.368783832,-0.098680340,0.885389924,0.306086212,0.335645944,-0.047162622,-0.461006403,-1.979133487,0.952309191,0.007528606,0.017377369,-0.304546446,0.093267664,-0.492704809,-2.099704266,0.952541709,0.035252258,0.095599130,-0.286849052,0.016581610,-0.564327121,-1.890416265,0.890007854,0.007488970,-0.012959936,0.455699474
89,287623,11661,stationary,stationary_front,-0.043204546,1.664074421,-0.368951678,-0.098178849,0.885846436,0.305603176,0.335027963,-0.045248393,-0.479238898,-2.052930117,0.960858643,0.003903060,0.020970050,-0.276216865,0.095279425,-0.489115804,-2.071845293,0.947680712,0.035388492,0.096116625,-0.302341849,0.020140663,-0.594271898,-1.986508489,0.912372589,0.012588257,-0.046686541,0.406495064
90,287761,11799,stationary,stationary_front,-0.042578101,1.664175272,-0.368999720,-0.098438479,0.885504723,0.305710703,0.335756093,-0.047580741,-0.470620036,-2.016675949,0.956834495,-0.000973737,0.008559586,-0.290505618,0.093298987,-0.493779868,-2.098689079,0.950602770,0.037802078,0.086603358,-0.295677692,0.014652971,-0.555554986,-1.861578703,0.879382074,0.002737000,-0.003249258,0.476097822
91,287887,11925,stationary,stationary_front,-0.041830659,1.663936853,-0.369103551,-0.098508015,0.885349333,0.306029975,0.335854769,-0.048027359,-0.469636619,-2.018982410,0.952789485,-0.000375561,0.013456778,-0.303333133,0.091252446,-0.478943855,-2.043450832,0.945037067,0.037040628,0.096021481,-0.310343117,0.016871944,-0.567640483,-1.901273966,0.983006477,0.021939265,0.030688517,-0.179653138
92,288025,12063,stationary,stationary_front,-0.041287541,1.663798809,-0.369132519,-0.099065110,0.885174930,0.306332886,0.335874498,-0.046815544,-0.465884060,-2.018357038,0.956928730,0.000506920,0.009026546,-0.290182114,0.092457399,-0.472658485,-2.037912369,0.853427589,0.009473182,-0.043904066,0.519272804,0.019581411,-0.571026921,-1.927738905,0.895253301,0.013195443,-0.021532511,0.444841236
93,288151,12189,stationary,stationary_front,-0.040874124,1.663628221,-0.369131327,-0.099511556,0.884771824,0.306556612,0.336599737,,,,,,,,0.093497038,-0.487091154,-2.106472731,0.954611659,0.030989364,0.101665556,-0.278245300,0.017104223,-0.561510742,-1.901186943,0.893870413,0.003510569,-0.009797488,0.448204637
94,288276,12314,stationary,stationary_front,-0.039759159,1.663403749,-0.369055867,-0.098832227,0.885132730,0.306687206,0.335730880,,,,,,,,0.094863743,-0.480281055,-2.069733143,0.947168231,0.035515442,0.091201857,-0.305439502,0.020059522,-0.563128591,-1.902741909,0.983325243,0.015795549,0.032270323,-0.178271294
95,288415,12453,stationary,stationary_front,-0.038780928,1.663493872,-0.368923545,-0.098358616,0.885131717,0.306363463,0.336167961,-0.046887618,-0.467012048,-2.023524523,0.957232833,0.000654278,0.009384733,-0.289165705,0.092192806,-0.471610963,-2.032531261,0.850807488,0.006584878,-0.044148736,0.523578227,0.019527048,-0.571490109,-1.930214524,0.896132231,0.011861118,-0.019378113,0.443205148
96,288539,12577,stationary,stationary_front,-0.037695408,1.663680673,-0.368811011,-0.097838640,0.885443449,0.306194216,0.335652590,-0.045717046,-0.478032768,-2.078799009,0.881967366,0.011260657,-0.027657609,0.470363438,0.096371815,-0.487230480,-2.085318804,0.948451281,0.038575135,0.094223365,-0.300123513,0.020437703,-0.560355425,-1.887287617,0.887185156,0.007247634,-0.013950368,0.461145729
97,288678,12716,stationary,stationary_front,-0.036986709,1.663655162,-0.368700027,-0.097600281,0.885667801,0.306296140,0.335036486,-0.042635910,-0.469026804,-2.028252602,0.956561267,-0.001377316,0.008695817,-0.291398317,0.096048638,-0.476394147,-2.039158821,0.937776268,0.036251385,0.084032401,-0.334962815,0.019890334,-0.557549775,-1.882208109,0.883988082,-0.002549596,-0.007152753,0.467447758
98,288803,12841,stationary,stationary_front,-0.036634326,1.663685322,-0.368594885,-0.098103017,0.885398567,0.306300908,0.335596442,-0.042871229,-0.456380039,-1.979324341,0.951625526,0.008592050,0.014767136,-0.306784928,0.097621471,-0.488253891,-2.099482775,0.949677348,0.039650761,0.089977399,-0.297396839,,,,,,,
99,288942,12980,stationary,stationary_front,-0.035786033,1.663705349,-0.368366480,-0.097267292,0.885697901,0.306654274,0.334725976,,,,,,,,0.097835526,-0.472770512,-2.036467791,0.852118433,0.002029319,-0.045723882,0.521343946,0.024605762,-0.567416728,-1.919556141,0.893967450,0.001528191,-0.009840037,0.448021233
100,289066,13104,stationary,stationary_front,-0.035196900,1.663469434,-0.368584633,-0.097281918,0.885704458,0.307122648,0.334274650,-0.039420553,-0.460671753,-2.014281750,0.955909014,0.002918596,0.015803358,-0.293222904,0.101095110,-0.481789172,-2.084867477,0.947370708,0.036468722,0.099882253,-0.301964104,0.024594069,-0.555622697,-1.889895916,0.886086106,0.006578801,-0.015417981,0.463217437
101,289192,13230,stationary,stationary_front,-0.034556985,1.663561583,-0.369055986,-0.096953683,0.885988474,0.307180583,0.333563328,-0.037920304,-0.464946061,-2.032230139,0.957503319,-0.002026237,0.011306801,-0.288193375,0.103483319,-0.484017581,-2.090209484,0.944135427,0.021912117,0.087779842,-0.316895574,0.023931812,-0.551872075,-1.878648281,0.884556234,-0.001178451,-0.000443658,0.466431826
102,289331,13369,stationary,stationary_front,-0.033915997,1.663859367,-0.369701385,-0.096843012,0.886160433,0.306814522,0.333475620,-0.036152694,-0.476673841,-2.079913378,0.962355971,-0.005515753,0.015781702,-0.271277517,0.104267150,-0.471690774,-2.042291880,0.861545324,-0.014798510,-0.056793477,0.504276991,0.028720684,-0.572305202,-1.936507344,0.984717131,0.022898685,0.041411258,-0.167609408
103,289456,13494,stationary,stationary_front,-0.033024430,1.663973451,-0.370764732,-0.096998997,0.886129856,0.306194454,0.334080935,-0.038133219,-0.467999518,-2.031304121,0.956350446,-0.002292855,0.014660852,-0.291845232,0.104237378,-0.492792487,-2.117788792,0.949135721,0.036384217,0.081155598,-0.302045256,0.028389677,-0.576612294,-1.946649790,0.986030877,0.023908559,0.044640511,-0.158678085
104,289595,13633,stationary,stationary_front,-0.031592250,1.664402723,-0.371917963,-0.096321613,0.886296093,0.305395007,0.334567368,-0.041107766,-0.479342282,-2.081594706,0.880257845,0.013345895,-0.019136034,0.473921806,0.100750953,-0.478728533,-2.052973270,0.862349749,-0.012589802,-0.062388297,0.502296865,0.024719082,-0.567856967,-1.905186653,0.981534600,0.014522590,0.041708261,-0.186116695
105,289720,13758,stationary,stationary_front,-0.030247092,1.664716601,-0.373470068,-0.096028350,0.886907876,0.304069549,0.334237427,-0.038736932,-0.479658484,-2.063289642,0.879820287,0.005244116,-0.008859210,0.475194991,0.103210300,-0.495454818,-2.097087860,0.948466241,0.032733954,0.087321416,-0.302845210,0.023969997,-0.559692919,-1.874626040,0.880237281,-0.002671855,-0.003266343,0.474514991
106,289845,13883,stationary,stationary_front,-0.029073596,1.664674044,-0.374889374,-0.096027456,0.886779428,0.303914189,0.334719568,,,,,,,,0.100205690,-0.486741900,-2.064586639,0.944746077,0.033966627,0.099634856,-0.310441762,0.024650916,-0.562137902,-1.885689855,0.883910775,0.010900819,-0.003535462,0.467515141
107,289984,14022,stationary,stationary_front,-0.027646542,1.664945126,-0.376216531,-0.095386423,0.887218654,0.302960068,0.334603846,-0.038861729,-0.474700451,-2.015407085,0.954939842,0.003213814,0.011585508,-0.296555847,0.101383373,-0.494508803,-2.080482244,0.946859479,0.038657814,0.098127767,-0.303864509,0.025312975,-0.568998456,-1.892189264,0.889549911,0.004488345,-0.014141443,0.456597030
108,290108,14146,stationary,stationary_front,-0.026058793,1.665078640,-0.377496481,-0.095425799,0.887307882,0.302430093,0.334835321,-0.038496900,-0.478431463,-2.024043322,0.952181756,-0.004520229,0.019622002,-0.304867953,0.102022201,-0.498052925,-2.090099096,0.946784973,0.033570044,0.095117226,-0.305653393,0.025364641,-0.571123064,-1.898837328,0.884045184,0.012219382,-0.010707038,0.467118979
109,290233,14271,stationary,stationary_front,-0.025174737,1.665269017,-0.378071785,-0.095432676,0.887200117,0.301688492,0.335786611,-0.041722640,-0.492287278,-2.077110767,0.958719015,0.000267411,0.020415951,-0.283621252,0.097120672,-0.486499041,-2.037047148,0.847032249,0.008233451,-0.043903179,0.529661298,0.024328403,-0.586564720,-1.938040257,0.984464943,0.023108352,0.045189507,-0.168085411
110,290373,14411,stationary,stationary_front,-0.024532437,1.665263176,-0.378085852,-0.095279917,0.887279868,0.301608980,0.335690737,,,,,,,,0.098760471,-0.488703907,-2.046244383,0.848601460,0.005578814,-0.046086811,0.526991904,0.024602473,-0.582666993,-1.925468683,0.983663142,0.019778831,0.039135147,-0.174596876
111,290496,14534,stationary,stationary_front,-0.024480343,1.664831400,-0.377241015,-0.095471703,0.886581540,0.302853316,0.336360097,-0.045409948,-0.484918624,-2.085171223,0.877885401,0.014744855,-0.018423876,0.478289008,0.096984968,-0.494182616,-2.093399525,0.947354198,0.038608767,0.097199202,-0.302624643,0.020547248,-0.563366652,-1.887354255,0.880555689,0.011323915,-0.014694048,0.473579526
112,290622,14660,stationary,stationary_front,-0.024378896,1.664315224,-0.376053333,-0.095902972,0.886400759,0.304528058,0.335199982,,,,,,,,0.101726592,-0.488349289,-2.096364498,0.946639478,0.036285091,0.096826747,-0.305256665,0.025938481,-0.563100636,-1.906926870,0.890858114,0.005594735,-0.005991299,0.454207718
113,290761,14799,stationary,stationary_front,-0.024142504,1.664281607,-0.375093818,-0.096165001,0.886491776,0.304579586,0.334837198,,,,,,,,0.103765517,-0.476851910,-2.056483030,0.853538573,0.006529427,-0.049417753,0.518639863,0.029426932,-0.572891593,-1.938505054,0.984279156,0.017179074,0.044356741,-0.170093983
114,290886,14924,stationary,stationary_front,-0.023833990,1.663512468,-0.374401212,-0.097441137,0.885477901,0.306224167,0.335649967,-0.039380014,-0.449781358,-1.995875478,0.861014187,-0.005230826,-0.004201505,0.508536696,0.101691425,-0.476814926,-2.089075327,0.944756091,0.038884323,0.097794227,-0.310419440,0.027286153,-0.562767148,-1.930078030,0.982042968,0.028935021,0.043809135,-0.181204855
115,291012,15050,stationary,stationary_front,-0.023114920,1.663591623,-0.373935103,-0.096985593,0.885458827,0.306331486,0.335734189,,,,,,,,0.101589367,-0.479056895,-2.098225117,0.945866704,0.036575135,0.096285492,-0.307778418,0.025618646,-0.552919269,-1.901849031,0.888608098,0.007020771,-0.007362531,0.458554476
116,291149,15187,stationary,stationary_front,-0.022933125,1.663405061,-0.373302937,-0.097006716,0.885231793,0.307141542,0.335586607,-0.040746313,-0.464266568,-2.081796885,0.880961299,0.012443503,-0.026600163,0.472276241,0.100936249,-0.471868515,-2.082169533,0.944025874,0.034398731,0.097734056,-0.313177198,0.025333039,-0.548584461,-1.900074840,0.887990713,0.011917028,-0.009491033,0.459608883
117,291276,15314,stationary,stationary_front,-0.023602128,1.662936211,-0.372324944,-0.097666122,0.884630203,0.308909714,0.335358799,-0.039469287,-0.439544678,-1.997041702,0.855203688,-0.013420670,-0.015173159,0.517896056,0.102417409,-0.470254630,-2.104649067,0.946467876,0.041665886,0.093464203,-0.306148529,0.025823552,-0.548650622,-1.913925171,0.980726659,0.021020828,0.032992683,-0.191428304
118,291415,15453,stationary,stationary_front,-0.024730444,1.662518263,-0.371749997,-0.098366275,0.884362221,0.310185641,0.334682584,-0.036835995,-0.452247888,-2.092775583,0.886669695,0.009834116,-0.024760406,0.461635232,0.102931798,-0.447493911,-2.040275812,0.846448004,0.001803154,-0.044369556,0.530616522,0.029060114,-0.546688080,-1.937571645,0.897528708,0.003872001,-0.018049398,0.440569460
119,291538,15576,stationary,stationary_front,-0.025943637,1.662029147,-0.371356487,-0.099404484,0.883867562,0.311486661,0.334474146,-0.036487639,-0.429685444,-2.017427206,0.860826850,-0.009721252,-0.026768550,0.508100450,0.104320630,-0.450971484,-2.079566956,0.941106498,0.035466205,0.096631229,-0.322060794,0.029842965,-0.540065885,-1.931612849,0.981528580,0.014324054,0.035340797,-0.187476739
120,291677,15715,stationary,stationary_front,-0.026836514,1.661580682,-0.371336222,-0.100177705,0.883223057,0.312571466,0.334933728,-0.039832197,-0.421892345,-1.987053871,0.946768641,-0.003456176,0.001293038,-0.321893692,0.102842674,-0.451319963,-2.112685919,0.948391080,0.036104284,0.098531388,-0.299236387,0.027316563,-0.538550436,-1.942866206,0.981757164,0.030356148,0.042270213,-0.182878628
121,291802,15840,stationary,stationary_front,-0.027563810,1.661746264,-0.371553063,-0.099853486,0.883441746,0.311943561,0.335039049,,,,,,,,0.100321963,-0.441347271,-2.056243420,0.866745353,-0.012234486,-0.060885865,0.494869441,0.024824440,-0.525604606,-1.892470717,0.885646045,0.007693361,-0.012369006,0.464132398
122,291943,15981,stationary,stationary_front,-0.028178096,1.661666632,-0.371992826,-0.099780329,0.883189380,0.312154531,0.335529476,-0.042872716,-0.434187979,-2.032310247,0.948769569,-0.003190264,0.014015664,-0.315641791,0.098402411,-0.453520477,-2.105092764,0.944417179,0.032372866,0.087568276,-0.315214276,0.023751013,-0.542739153,-1.954954267,0.902069867,0.009211496,-0.026567832,0.430673093
123,292067,16105,stationary,stationary_front,-0.028176785,1.661916256,-0.372684360,-0.099489547,0.883389890,0.311963469,0.335265517,-0.043122310,-0.437286228,-2.042439461,0.952442884,-0.003483942,0.012604579,-0.304436624,0.099345982,-0.460446477,-2.129257917,0.946024418,0.038838033,0.078486107,-0.312040538,0.023992952,-0.545837641,-1.955413461,0.983894050,0.025154147,0.049535111,-0.169900045
124,292192,16230,stationary,stationary_front,-0.028094411,1.662174821,-0.373413086,-0.099515840,0.883580208,0.311515778,0.335172325,-0.043445367,-0.441662461,-2.063709736,0.880097568,0.009149701,-0.006258835,0.474663407,0.097920477,-0.456200391,-2.095543861,0.941378832,0.027182749,0.088351972,-0.324439406,0.023350462,-0.546463728,-1.948391557,0.983275354,0.029984441,0.043800306,-0.174218401
125,292331,16369,stationary,stationary_front,-0.027912498,1.662567973,-0.373971939,-0.099376224,0.883625209,0.310513079,0.336024463,,,,,,,,0.095889077,-0.458337516,-2.092664003,0.945029140,0.038758736,0.098210648,-0.309471011,0.020534497,-0.532480061,-1.893396974,0.887432575,0.004777539,-0.007162213,0.460857153
126,292456,16494,stationary,stationary_front,-0.026940942,1.662608147,-0.374112606,-0.098517053,0.883880198,0.310546905,0.335575432,,,,,,,,0.095730320,-0.456631422,-2.081947088,0.943006098,0.036768720,0.100291133,-0.315165490,0.020173594,-0.531588495,-1.888867259,0.887317181,0.009944861,-0.005388908,0.461020947
127,292581,16619,stationary,stationary_front,-0.026075244,1.662738562,-0.374346852,-0.097915366,0.883905709,0.310457021,0.335767418,-0.044999547,-0.442769259,-2.039449930,0.955573916,0.003116257,0.018502396,-0.294153810,0.094739184,-0.456020862,-2.075219631,0.941729248,0.032185409,0.094614081,-0.321182698,0.020133771,-0.543712258,-1.930126429,0.896106899,0.006558720,-0.007037763,0.443734050
128,292721,16759,stationary,stationary_front,-0.025472641,1.662785172,-0.374492645,-0.097801954,0.884198070,0.310477912,0.335010529,-0.042708650,-0.442010880,-2.035275459,0.953062296,-0.001006957,0.012267921,-0.302524090,0.097398460,-0.458550125,-2.085911512,0.939357460,0.025367841,0.092199959,-0.329337537,0.022455532,-0.552621245,-1.955115318,0.985822797,0.016221520,0.029151276,-0.164439768
129,292845,16883,stationary,stationary_front,-0.025587201,1.662652016,-0.374720454,-0.097717583,0.884189427,0.310511261,0.335026950,-0.042786129,-0.442420036,-2.040021658,0.953760862,-0.001294850,0.014093197,-0.300233185,0.099940419,-0.469945937,-2.152364016,0.868799388,0.003548565,-0.054199282,0.492176235,0.022318546,-0.552935898,-1.959470987,0.987344027,0.010037748,0.035093781,-0.154335558
130,292969,17007,stationary,stationary_front,-0.025522590,1.662356377,-0.374908686,-0.097931206,0.884052515,0.311007321,0.334865749,-0.042227253,-0.443546891,-2.059323311,0.953891337,-0.008574809,0.018570848,-0.299454331,0.101728231,-0.458089709,-2.119025469,0.866232932,-0.009983992,-0.037745103,0.498112619,0.023877032,-0.548209369,-1.959303141,0.902677357,0.010097082,-0.025206061,0.429460555
131,293109,17147,stationary,stationary_front,-0.025265098,1.662143946,-0.374968886,-0.097835161,0.883836091,0.311103225,0.335375726,-0.045728855,-0.445526093,-2.082672119,0.880198419,0.015518920,-0.021706650,0.473855227,0.096312761,-0.454150081,-2.087673664,0.942562401,0.033514954,0.097374044,-0.317759573,0.020118985,-0.529501200,-1.895072579,0.886280715,0.011031937,-0.012261418,0.462854683
132,293234,17272,stationary,stationary_front,-0.025126457,1.662235737,-0.374707580,-0.097302027,0.884067059,0.310852826,0.335154086,,,,,,,,0.097194567,-0.460849851,-2.108105421,0.945820272,0.039879814,0.093340009,-0.308417290,0.020545494,-0.531422436,-1.894761801,0.888317406,0.002900529,-0.016504584,0.458924145
133,293357,17395,stationary,stationary_front,-0.025253892,1.662192702,-0.373962045,-0.097144194,0.883928359,0.311181784,0.335260421,,,,,,,,0.096943721,-0.460585326,-2.107460976,0.944740117,0.040481750,0.092775010,-0.311801404,0.020665430,-0.530257165,-1.893833756,0.883511007,0.005460774,-0.010603280,0.468258590
134,293496,17534,stationary,stationary_front,-0.025479555,1.662016153,-0.372837782,-0.097319528,0.883753121,0.311762035,0.335132390,-0.042968635,-0.426279455,-1.990911245,0.859662056,0.006988773,-0.019606154,0.510439038,0.096223250,-0.452560127,-2.082561255,0.941337943,0.032624591,0.097843051,-0.321318030,0.020178661,-0.527516544,-1.889843464,0.887747347,0.011967698,-0.006982286,0.460122466
135,293622,17660,stationary,stationary_front,-0.025641084,1.661779523,-0.371596336,-0.097439349,0.883646727,0.312335432,0.334844172,-0.042780906,-0.438663661,-2.051635981,0.952635109,-0.004709092,0.014464558,-0.303735018,0.100935191,-0.464081258,-2.147644043,0.948007584,0.034689024,0.079102814,-0.306302190,0.024103805,-0.544116497,-1.951457620,0.982741416,0.021927157,0.054507133,-0.175406396
136,293761,17799,stationary,stationary_front,-0.025844097,1.661522388,-0.370671868,-0.098491862,0.883178592,0.312597543,0.335526049,-0.043375637,-0.431622297,-2.030142546,0.952880859,-0.000478885,0.011437645,-0.303128749,0.096617982,-0.448693454,-2.088930130,0.943544626,0.034209587,0.097674608,-0.314663202,0.018805623,-0.517422438,-1.868178487,0.885283351,0.002435784,-0.004499413,0.465023935
137,293885,17923,stationary,stationary_front,-0.025495052,1.661176205,-0.369852662,-0.097799912,0.882954955,0.313486308,0.335487843,,,,,,,,0.096543774,-0.449152827,-2.098229885,0.945281625,0.041832648,0.097647741,-0.308476210,0.020398781,-0.522656977,-1.894014239,0.890736580,0.003350137,-0.014396510,0.454279542
138,294026,18064,stationary,stationary_front,-0.025039792,1.661224484,-0.369343638,-0.097566716,0.883029222,0.313601494,0.335252494,-0.044284657,-0.422182560,-1.988902211,0.947503567,-0.003933306,0.001119307,-0.319719076,0.097580403,-0.451371372,-2.107618570,0.945978343,0.039108176,0.094804004,-0.307583690,0.021168184,-0.527671933,-1.909405112,0.895515084,0.005127422,-0.014855206,0.444753557
139,294151,18189,stationary,stationary_front,-0.024654388,1.661015511,-0.369036317,-0.097813688,0.882902920,0.314198345,0.334954321,-0.041834183,-0.427127451,-2.032640696,0.952868044,-0.000256627,0.019856963,-0.302734375,0.096845388,-0.437464654,-2.056062698,0.934294760,0.032160968,0.085564241,-0.344583422,0.023166299,-0.535709321,-1.943300247,0.982651830,0.025882538,0.038677976,-0.179525733
140,294289,18327,stationary,stationary_front,-0.023878574,1.661187053,-0.368903518,-0.097312495,0.883153975,0.313812524,0.334799975,,,,,,,,0.098622635,-0.438101083,-2.051140785,0.853589416,0.003592962,-0.046261422,0.518875837,0.024316415,-0.532764375,-1.930076003,0.896620929,0.002071164,-0.012077476,0.442629397
141,294414,18452,stationary,stationary_front,-0.023059964,1.661284924,-0.368676424,-0.097126909,0.883223653,0.313686728,0.334788084,-0.040333252,-0.432488024,-2.041177034,0.952819645,0.002208522,0.019643076,-0.302892774,0.099792466,-0.445769161,-2.076421738,0.939648747,0.034058388,0.100814238,-0.325171888,0.024376355,-0.528747976,-1.912678123,0.893278182,-0.001510862,-0.012043474,0.449340403
142,294554,18592,stationary,stationary_front,-0.022353530,1.661327839,-0.368027210,-0.096840888,0.883167505,0.313842863,0.334872574,,,,,,,,0.098129436,-0.436341584,-2.040247440,0.849446237,-0.001498274,-0.048977561,0.525395036,0.024282902,-0.533214331,-1.924680114,0.980126500,0.016273914,0.042245578,-0.193138510
143,294692,18730,stationary,stationary_front,-0.022017598,1.661096573,-0.367310405,-0.096375227,0.883063376,0.314857483,0.334328771,-0.041887708,-0.426371455,-2.047928333,0.869334757,-0.001233562,-0.035047311,0.492977977,0.099956706,-0.442358553,-2.079546213,0.940207601,0.031352628,0.100425445,-0.323946774,0.024816103,-0.528690815,-1.924420714,0.896192670,-0.001621357,-0.011071078,0.443524033
144,294817,18855,stationary,stationary_front,-0.022269845,1.660706758,-0.367049932,-0.096602209,0.882445753,0.316234142,0.334594458,-0.041799027,-0.430934012,-2.081373692,0.954865575,0.001194920,0.026116790,-0.295885444,0.096592039,-0.427387327,-2.046529293,0.854957044,0.007212079,-0.047527771,0.516466439,0.024008997,-0.529381812,-1.943835974,0.980465174,0.018670155,0.052667044,-0.188588664
145,294942,18980,stationary,stationary_front,-0.022063613,1.660686970,-0.367417812,-0.096766636,0.882312000,0.316263884,0.334871501,-0.043199129,-0.422417104,-2.043994188,0.950212538,-0.005523036,0.017003801,-0.311089277,0.098417804,-0.442219943,-2.115988731,0.946336448,0.032909907,0.096298888,-0.306742251,0.018793374,-0.505827606,-1.869683623,0.882101178,-0.002874922,-0.010837223,0.470926642
146,295081,19119,stationary,stationary_front,-0.021978498,1.660624743,-0.367954493,-0.096721828,0.882323265,0.316105813,0.335003942,-0.043379858,-0.422125667,-2.040504694,0.950059116,-0.004134936,0.013433268,-0.311753422,0.098032549,-0.441926837,-2.114439726,0.947032928,0.034636158,0.101793125,-0.302600712,0.018776912,-0.505832136,-1.868695140,0.880986094,-0.006071868,-0.014432572,0.472883016
147,295206,19244,stationary,stationary_front,-0.021720648,1.660759449,-0.368377209,-0.096813366,0.882360220,0.315872937,0.335099816,-0.043151062,-0.422929704,-2.039871454,0.950964570,-0.003103196,0.016834810,-0.308825761,0.097647280,-0.441920489,-2.107118368,0.942826927,0.035659268,0.098002136,-0.316546082,0.019637547,-0.510170817,-1.883574486,0.884437084,-0.009052110,-0.012424635,0.466406196
148,295331,19369,stationary,stationary_front,-0.021445990,1.660733223,-0.368658185,-0.096447043,0.882428765,0.316027224,0.334879428,-0.043107443,-0.423938394,-2.049282074,0.950616598,-0.004828480,0.014604582,-0.309986234,0.099080920,-0.446232915,-2.129424810,0.944915652,0.040069062,0.086672507,-0.313076228,0.018849477,-0.507541120,-1.875750899,0.883610308,-0.002658688,-0.013650482,0.468016565
149,295470,19508,stationary,stationary_front,-0.021014452,1.660882354,-0.369383454,-0.096561134,0.882588983,0.315728933,0.334705651,-0.042725127,-0.425219953,-2.052831411,0.952186584,-0.003709268,0.016814373,-0.305031538,0.099828124,-0.447307974,-2.134860277,0.946179688,0.034740359,0.088050723,-0.309490114,0.024092354,-0.531943083,-1.956323147,0.982503831,0.022870988,0.057527501,-0.175652474
150,295596,19634,stationary,stationary_front,-0.020437360,1.661112070,-0.370283365,-0.096559711,0.882566571,0.315514177,0.334967554,-0.043499336,-0.422209471,-2.035572290,0.950391293,-0.001611024,0.015768478,-0.310652792,0.096844971,-0.439705014,-2.095688105,0.942389905,0.035499282,0.099163011,-0.317502350,0.020940121,-0.517755508,-1.907110095,0.894875109,0.004541639,-0.017378617,0.445955038
151,295733,19771,stationary,stationary_front,-0.020144105,1.661312342,-0.371314287,-0.096875079,0.882615983,0.314994484,0.335235298,-0.044230226,-0.413353145,-2.002868891,0.858350158,-0.012606356,-0.020499578,0.512499571,0.095996991,-0.438991874,-2.089161396,0.941687346,0.036418546,0.102716051,-0.318352193,0.020304784,-0.515457392,-1.896176457,0.890042543,0.008254289,-0.007865293,0.455734968
152,295858,19896,stationary,stationary_front,-0.020230412,1.661201954,-0.372127533,-0.097063027,0.882432163,0.314958781,0.335698187,-0.046022087,-0.430543244,-2.076879263,0.955990255,0.001858230,0.023768850,-0.292428046,0.091065928,-0.421333998,-2.011013508,0.844170809,-0.006124231,-0.044966269,0.534149945,0.020412408,-0.532929599,-1.963631868,0.906517684,0.002343846,-0.022418570,0.421565622
153,295984,20022,stationary,stationary_front,-0.020576715,1.660936594,-0.372969747,-0.096942835,0.882188976,0.315751463,0.335627288,-0.048086986,-0.412172586,-2.010199070,0.867322028,-0.006585872,-0.010603772,0.497590870,0.092303835,-0.436044276,-2.094640970,0.941666484,0.032245018,0.094516158,-0.321389496,0.016556121,-0.518262506,-1.914231062,0.978891850,0.025717219,0.028393399,-0.200756416
154,296124,20162,stationary,stationary_front,-0.022016764,1.660887361,-0.373707294,-0.096018188,0.881836832,0.316594124,0.336024493,,,,,,,,0.085372664,-0.425498933,-2.058496714,0.855646372,0.003559055,-0.049891505,0.515138268,0.011355884,-0.517848849,-1.919532180,0.977748990,0.012017484,0.040637411,-0.205453321
155,296291,20329,stationary,stationary_front,-0.026841164,1.659933805,-0.375276446,-0.097679883,0.880589366,0.319302261,0.336254448,,,,,,,,0.079325303,-0.408622205,-2.042236328,0.852801621,0.001209805,-0.048805770,0.519948065,0.006747160,-0.511472583,-1.945561290,0.980029404,0.013260647,0.039426006,-0.194453344
156,296511,20549,stationary,stationary_front,-0.036363602,1.658316135,-0.378000379,-0.102508016,0.879681051,0.321876287,0.334737211,-0.059710871,-0.400669128,-2.119459867,0.891902149,0.016237449,-0.024594177,0.451267093,0.083836250,-0.404964447,-2.110806465,0.945348382,0.023853932,0.096929438,-0.310406417,0.006028123,-0.479975134,-1.890284419,0.889186084,0.003366448,-0.010241657,0.457418770
157,296733,20771,stationary,stationary_front,-0.052723408,1.656581044,-0.382329345,-0.111640431,0.880593061,0.322385877,0.328876287,-0.034801189,-0.374029189,-2.022539377,0.947401345,0.003783315,0.006014793,-0.319969088,0.105245218,-0.384524286,-2.064964294,0.937983036,0.034940168,0.096216254,-0.331224322,0.029167913,-0.476393878,-1.910433650,0.976897955,0.027595818,0.027878923,-0.210075334
158,296941,20979,stationary,stationary_front,-0.075254798,1.652847171,-0.387787104,-0.126551077,0.882441938,0.323707044,0.317009211,0.013285089,-0.351559728,-2.031153202,0.947533548,0.016422944,0.009591158,-0.319090098,0.157540917,-0.366303682,-2.111256599,0.942191422,0.046472777,0.094985001,-0.317951918,0.075405680,-0.450366259,-1.903496027,0.900458455,0.010517735,0.018119087,0.434437096
159,297163,21201,stationary,stationary_front,-0.102372766,1.645903587,-0.395556092,-0.148552969,0.880435944,0.329141647,0.307295293,0.051938988,-0.297169566,-2.013891459,0.941525638,0.027108137,0.009898764,-0.335703224,0.193997487,-0.301685125,-2.051959753,0.929430723,0.059132136,0.088292778,-0.353364378,0.112473980,-0.397566468,-1.893736362,0.906785488,0.006484750,0.041845031,0.419460475
160,297386,21424,stationary,stationary_front,-0.119287014,1.643456697,-0.406658053,-0.160674900,0.881952822,0.327177584,0.298827082,0.083605908,-0.286309153,-2.011092186,0.941626191,0.034462951,0.006902624,-0.334820509,0.227548793,-0.289328933,-2.061315775,0.933860958,0.065470986,0.090276197,-0.339805096,0.145411670,-0.389092863,-1.899796844,0.907660127,0.024447592,0.035523444,0.417484730
161,297595,21633,stationary,stationary_front,-0.117705941,1.647443533,-0.416056156,-0.156656802,0.884759903,0.320534170,0.299860567,,,,,,,,0.224838391,-0.326574117,-2.088335037,0.935277820,0.058174226,0.085334979,-0.338510066,0.141055167,-0.423813522,-1.923353672,0.909714878,0.024481423,0.044463575,0.412119597
162,297803,21841,stationary,stationary_front,-0.109797120,1.651155591,-0.419053793,-0.149439201,0.888024986,0.315478444,0.299254000,0.080085799,-0.350359499,-2.039881706,0.946195722,0.024125295,0.010954330,-0.322508276,0.222619548,-0.353071421,-2.067179918,0.934705675,0.049752280,0.085262865,-0.341438472,0.139411777,-0.447173178,-1.900351167,0.972302914,0.050169114,0.038440976,-0.225016534
163,298024,22062,stationary,stationary_front,-0.103835821,1.653573751,-0.418923497,-0.142151266,0.890329540,0.312885821,0.298678517,0.079037264,-0.368528515,-2.043327093,0.947426021,0.020466419,0.023907552,-0.318423480,0.216460973,-0.361940891,-2.021569729,0.872352362,-0.003137571,-0.006835860,0.488819838,0.135893524,-0.463705242,-1.903720975,0.897500694,0.010802747,0.038551532,0.439191937
164,298233,22271,stationary,stationary_front,-0.098616600,1.656345606,-0.415050626,-0.136777431,0.896515489,0.304935783,0.290802538,,,,,,,,0.260634243,-0.419894993,-2.067890644,0.942078114,0.056464184,0.110974520,-0.311424643,0.172920004,-0.509483516,-1.911873341,0.899700701,-0.001926413,0.041416388,0.434533805
165,298456,22494,stationary,stationary_front,-0.092635155,1.660615683,-0.410641551,-0.129301041,0.904144824,0.290286094,0.285547554,0.147915646,-0.482468188,-2.033081293,0.963186741,0.016300621,0.029811746,-0.266677469,0.287990093,-0.485858709,-2.025492430,0.940344632,0.059931427,0.111053526,-0.315954745,0.198879302,-0.578219473,-1.891612291,0.982798457,0.024320466,0.059674628,-0.173074037
166,298678,22716,stationary,stationary_front,-0.090390563,1.662074327,-0.407801747,-0.128023863,0.904998064,0.288515657,0.285214216,0.145883083,-0.478533506,-1.965120316,0.856673300,-0.023374155,0.049929131,0.512905002,0.288120925,-0.488700569,-1.990522265,0.846249104,-0.009877775,0.015779739,0.532462180,0.202251464,-0.585678577,-1.878669977,0.981579065,0.036305062,0.062241718,-0.176947445
167,298900,22938,stationary,stationary_front,-0.092848301,1.661375999,-0.404763818,-0.129870713,0.903298855,0.290908933,0.287327021,0.142599449,-0.480025232,-2.000526667,0.954856634,0.024795109,0.038697571,-0.293490291,0.286473095,-0.491208762,-2.031083345,0.942955494,0.055074405,0.109867282,-0.309404254,0.201747254,-0.585634112,-1.916583180,0.901544392,0.001254521,0.040061250,0.430826247
168,299135,23173,stationary,stationary_front,-0.095895171,1.661661506,-0.403006315,-0.129617527,0.902167857,0.290334761,0.291544527,0.127219349,-0.483786494,-1.998129725,0.958002448,0.018827375,0.037627332,-0.283656508,0.263281703,-0.480345249,-1.974119306,0.844254613,-0.010419822,0.010634634,0.535735428,0.182553291,-0.582041264,-1.885614753,0.889178514,-0.002945596,0.047306750,0.455098897
169,299356,23394,stationary,stationary_front,-0.098686337,1.661578894,-0.402568817,-0.130217165,0.902460158,0.289914250,0.290790260,0.129153058,-0.487131387,-2.015229940,0.865752280,-0.011854913,0.041629128,0.498597562,0.275898576,-0.503450692,-2.057011366,0.950490773,0.056382589,0.109626755,-0.285254747,0.187528715,-0.589475095,-1.902886748,0.897408009,-0.003525985,0.037952211,0.439552128
170,299513,23551,stationary,stationary_left_view,-0.113547325,1.654616356,-0.395450115,-0.138038859,0.910064042,0.299856871,0.250628352,0.279636502,-0.443434745,-2.032059193,0.951961815,0.024381129,0.079262763,-0.294773877,0.425769150,-0.453881592,-2.040951252,0.936409056,0.052006792,0.150358155,-0.312771261,0.320831120,-0.542933762,-1.889322877,0.978411376,0.030171683,0.100717455,-0.177923635
171,299691,23729,stationary,stationary_left_view,-0.119891524,1.642123222,-0.383433104,-0.171765924,0.909888446,0.311133593,0.213998601,0.443670511,-0.332656682,-1.966713071,0.941717923,0.051182441,0.113543622,-0.312498957,,,,,,,,0.471790433,-0.430591136,-1.810376644,0.965154588,0.062764548,0.147782981,-0.206633627
172,299859,23897,stationary,stationary_left_view,-0.117251277,1.629182577,-0.347613215,-0.173144490,0.903769612,0.316458762,0.230380788,0.387565851,-0.305938452,-1.893149495,0.869647682,-0.042924080,0.105140097,0.480433077,0.541790962,-0.315417647,-1.935810089,0.923585355,0.078126997,0.198057875,-0.318840593,0.435079455,-0.414617121,-1.792637348,0.965107858,0.058111798,0.136299461,-0.215898767
173,300012,24050,stationary,stationary_left_view,-0.078431964,1.614473224,-0.277751684,-0.159549803,0.886402905,0.323179871,0.290496945,,,,,,,,0.379267812,-0.328121603,-1.985480428,0.879912138,0.016459361,0.020496676,0.474408776,0.288986385,-0.430893183,-1.820616722,0.970770299,0.079583585,0.094962515,-0.205556899
174,300179,24217,stationary,stationary_left_view,0.007304907,1.604705334,-0.177591205,-0.144881755,0.853014886,0.319996387,0.385975689,0.010914765,-0.362531513,-1.909811258,0.945517659,0.091288418,0.028200693,-0.311235428,0.153199777,-0.367003024,-2.010293245,0.936219215,0.118381396,0.111774504,-0.311425537,0.093171805,-0.450369954,-1.774949193,0.892167926,0.079100236,0.001800185,0.444720417
175,300330,24368,stationary,stationary_left_view,0.133282542,1.608503222,-0.034778833,-0.171709254,0.805689931,0.310781389,0.474125087,-0.064533651,-0.334338516,-1.929287791,0.934121311,0.179691270,0.018091759,-0.307897985,,,,,,,,0.048234642,-0.418047071,-1.837206602,0.886434019,0.179183185,-0.059935007,0.422535121
176,300511,24549,stationary,stationary_left_view,0.220049858,1.635229588,0.065882444,-0.186245501,0.789713025,0.311303616,0.494728208,0.004136667,-0.303828865,-1.988841891,0.872768104,0.206722885,-0.071125150,0.436443299,,,,,,,,0.124409527,-0.385081530,-1.901845098,0.881488979,0.194874823,-0.083974801,0.421840280
177,300677,24715,stationary,stationary_left_view,0.285641372,1.649767160,0.118365526,-0.193367690,0.774018168,0.306091309,0.519435287,-0.003244936,-0.289754629,-1.998427749,0.860840976,0.222372904,-0.071031719,0.452169836,0.124763027,-0.265241504,-2.161728144,0.854680121,0.225778386,-0.106737681,0.455140740,,,,,,,
178,300844,24882,stationary,stationary_left_view,0.314915180,1.659429669,0.137399554,-0.185869962,0.760936677,0.296055943,0.546606541,-0.079048961,-0.336394191,-2.018027782,0.844055116,0.240348443,-0.098905161,0.469064355,,,,,,,,,,,,,,
179,301025,25063,stationary,stationary_left_view,0.326393604,1.660452366,0.135246754,-0.185165450,0.751171350,0.295346290,0.560558617,-0.133796424,-0.336911500,-2.030261278,0.850731254,0.258245856,-0.104582518,0.445676923,,,,,,,,,,,,,,
180,301205,25243,stationary,stationary_left_view,0.332200527,1.665840507,0.126591086,-0.184125379,0.739801347,0.281733036,0.582596183,-0.218484983,-0.385150075,-2.034124851,0.839921534,0.281505167,-0.118755475,0.448535204,,,,,,,,,,,,,,
181,301385,25423,stationary,stationary_left_view,0.337624669,1.668053389,0.131032050,-0.182973966,0.738664985,0.270082891,0.589872777,-0.219843253,-0.426510453,-2.013255119,0.831697941,0.285208434,-0.111856446,0.463058114,,,,,,,,,,,,,,
182,301568,25606,stationary,stationary_left_view,0.345271945,1.666045785,0.149327397,-0.191266343,0.736458182,0.256336749,0.596102297,-0.191267505,-0.448684216,-1.997290373,0.821792006,0.295430809,-0.105557233,0.475642949,,,,,,,,,,,,,,
183,301748,25786,stationary,stationary_left_view,0.351544797,1.663613319,0.175423145,-0.197088629,0.739251554,0.253511161,0.591942072,-0.136574686,-0.461794734,-2.073932171,0.915219903,0.280201644,-0.018653572,-0.288983822,,,,,,,,,,,,,,
184,301942,25980,stationary,stationary_left_view,0.359053195,1.661883712,0.189050198,-0.195789367,0.742904186,0.258324355,0.585686326,-0.099999584,-0.431697845,-2.023038864,0.830635786,0.289774746,-0.105346374,0.463656098,0.010230709,-0.410454363,-2.212027311,0.891869009,0.287611783,0.105776474,-0.332656711,,,,,,,
185,302109,26147,stationary,stationary_left_view,0.366578400,1.664939642,0.186433077,-0.187334716,0.742156565,0.258395582,0.589356482,-0.124114208,-0.441389620,-2.016394377,0.826315403,0.287365228,-0.117443845,0.469926596,-0.011577405,-0.418043256,-2.175936699,0.812973380,0.260701120,-0.145311341,0.499993891,,,,,,,
186,302288,26326,stationary,stationary_left_view,0.369493246,1.665584207,0.180726171,-0.181183651,0.741565526,0.260814995,0.590955675,-0.152809262,-0.453398466,-2.035609007,0.828828037,0.284864068,-0.107332252,0.469442636,,,,,,,,,,,,,,
187,302470,26508,stationary,stationary_left_view,0.373310685,1.663165092,0.176817477,-0.184724599,0.746238291,0.262669325,0.583103836,-0.117952906,-0.432176471,-2.022714853,0.829678357,0.275896817,-0.095385477,0.475832373,-0.004603054,-0.405481219,-2.169883013,0.813462019,0.275107294,-0.157928541,0.487497836,,,,,,,
188,302635,26673,stationary,stationary_left_view,0.377068937,1.663860321,0.175082088,-0.182592228,0.755448163,0.260887057,0.572622180,-0.071453631,-0.438625842,-2.026375294,0.828107297,0.266007155,-0.093552157,0.484485805,,,,,,,,,,,,,,
189,302803,26841,stationary,stationary_left_view,0.380627990,1.664040804,0.172916472,-0.183894485,0.758097589,0.258669883,0.569702446,-0.048885219,-0.443836570,-2.045480013,0.829036772,0.262008905,-0.092582889,0.485260546,,,,,,,,,,,,,,
190,302984,27022,stationary,stationary_left_view,0.383190215,1.664979696,0.173972905,-0.184712216,0.767759323,0.254679888,0.558180332,0.007872317,-0.452592015,-2.040137529,0.835157752,0.259086221,-0.083724052,0.477887243,,,,,,,,0.132787168,-0.487022758,-1.870012403,0.838505924,0.240128428,-0.127615035,0.472186983
191,303177,27215,stationary,stationary_left_view,0.384686112,1.664857149,0.172387302,-0.184904352,0.764327765,0.254748046,0.562776089,-0.011944596,-0.449457437,-2.031349659,0.826024234,0.257296115,-0.080780163,0.494931608,0.106624216,-0.421320945,-2.154639482,0.813381791,0.260425627,-0.138787448,0.501324892,,,,,,,
192,303357,27395,stationary,stationary_left_view,0.386400521,1.665641308,0.171836734,-0.183230162,0.764039159,0.253719896,0.564178169,-0.017863527,-0.457379878,-2.027881622,0.824394166,0.261846185,-0.085127294,0.494534373,,,,,,,,,,,,,,
193,303496,27534,stationary,stationary_left_view,0.387761712,1.660826325,0.171925902,-0.177446336,0.761485100,0.271142244,0.561369002,,,,,,,,,,,,,,,,,,,,,
194,303663,27701,stationary,stationary_left_view,0.381883264,1.667527676,0.173641384,-0.160447657,0.770977259,0.239718631,0.567790091,-0.035444353,-0.566452861,-2.038620472,0.820577800,0.257420480,-0.106060579,0.499137163,0.085211679,-0.540273547,-2.133509874,0.794385195,0.231679961,-0.138406962,0.544169188,,,,,,,
195,303831,27869,stationary,stationary_left_view,0.382812381,1.664201498,0.173492730,-0.171751738,0.765051663,0.255484521,0.565619111,-0.043056205,-0.480513453,-2.019038677,0.821121037,0.244452506,-0.097795151,0.506398499,,,,,,,,,,,,,,
196,304011,28049,stationary,stationary_left_view,0.378862202,1.666717768,0.173570514,-0.164231643,0.765759766,0.245711356,0.571197033,-0.055856489,-0.526851237,-1.983944178,0.810292542,0.242688119,-0.088677295,0.525989473,,,,,,,,,,,,,,
197,304192,28230,stationary,stationary_left_view,0.377689838,1.665815473,0.172514319,-0.168804765,0.762122095,0.250160694,0.572795451,-0.068462923,-0.517712355,-2.033593655,0.921176553,0.266728252,0.017612027,-0.282806695,,,,,,,,,,,,,,
198,304372,28410,stationary,stationary_left_view,0.376192868,1.666340828,0.171766520,-0.168340728,0.763603747,0.249228522,0.571363211,-0.062178295,-0.515429914,-2.014677048,0.820876181,0.260250241,-0.100828439,0.498262763,0.055911437,-0.492540777,-2.137200594,0.800511777,0.245916277,-0.139394492,0.528465033,,,,,,,
199,304594,28632,stationary,stationary_left_view,0.375321686,1.666287661,0.171409845,-0.169746548,0.762260675,0.249635428,0.572561741,-0.067224108,-0.512406170,-2.020573616,0.821201622,0.263359964,-0.099510849,0.496353745,,,,,,,,,,,,,,
200,304816,28854,stationary,stationary_left_view,0.375348687,1.665484905,0.171669483,-0.171437755,0.761798680,0.250154078,0.572446346,-0.065602243,-0.504722536,-2.015286446,0.826401651,0.267750025,-0.105723232,0.483934730,,,,,,,,,,,,,,
201,305025,29063,stationary,stationary_left_view,0.375226378,1.664919972,0.172817349,-0.172962070,0.761133373,0.250614494,0.572671413,-0.064286426,-0.497883141,-2.008259773,0.825649440,0.265713930,-0.103055634,0.486907303,,,,,,,,,,,,,,
202,305235,29273,stationary,stationary_left_view,0.375140905,1.665003300,0.173724473,-0.172165453,0.762085676,0.250294417,0.571784317,-0.058555573,-0.506885827,-2.025504589,0.919676960,0.265975147,0.021430358,-0.288083851,,,,,,,,,,,,,,
203,305441,29479,stationary,stationary_left_view,0.375367284,1.664850354,0.175223768,-0.172919095,0.762675762,0.249954388,0.570918143,-0.052996226,-0.504696488,-2.024970770,0.823255241,0.261497468,-0.097968802,0.494238853,0.065476395,-0.482949138,-2.162897587,0.809191167,0.260518730,-0.141829476,0.507172704,,,,,,,
204,305664,29702,stationary,stationary_left_view,0.375391245,1.664480209,0.176797688,-0.173513755,0.761868417,0.251478434,0.571146309,-0.054939918,-0.490875423,-1.999342084,0.826437831,0.264266968,-0.103051446,0.486357749,,,,,,,,,,,,,,
205,305888,29926,stationary,stationary_left_view,0.376065195,1.665119648,0.177679718,-0.171240732,0.763250291,0.251499444,0.569976926,-0.052032832,-0.503196180,-2.025241137,0.829038382,0.266060501,-0.108272389,0.479775250,,,,,,,,,,,,,,
206,306094,30132,stationary,stationary_left_view,0.377258062,1.665474415,0.177870095,-0.171200097,0.763499141,0.250479162,0.570105135,-0.049290057,-0.504271507,-2.017270803,0.826504469,0.259245813,-0.095998622,0.490373552,,,,,,,,,,,,,,
207,306317,30355,stationary,stationary_left_view,0.378207564,1.665441751,0.177274883,-0.172339439,0.763388574,0.249767467,0.570222080,-0.047388751,-0.506371737,-2.029256105,0.826262355,0.261635095,-0.097169645,0.489280760,0.071745962,-0.486424536,-2.176720381,0.810141802,0.260295868,-0.136539280,0.507221222,,,,,,,
208,306525,30563,stationary,stationary_left_view,0.379278600,1.666117907,0.176164389,-0.171028197,0.764273524,0.248766840,0.569868803,-0.045768633,-0.512207508,-2.031180143,0.827407181,0.261173934,-0.106230050,0.485696167,,,,,,,,,,,,,,
209,306733,30771,stationary,stationary_left_view,0.379590333,1.666522026,0.175018132,-0.170973361,0.765173614,0.248241797,0.568905532,-0.041430812,-0.514372408,-2.027504683,0.823013425,0.260044873,-0.097298376,0.495538712,,,,,,,,,,,,,,
210,306943,30981,stationary,stationary_left_view,0.378639042,1.666119099,0.174354911,-0.171939120,0.764639795,0.249441385,0.568807364,-0.044721056,-0.503077269,-2.010652781,0.825147450,0.259043694,-0.096978493,0.492568016,,,,,,,,,,,,,,
211,307163,31201,stationary,stationary_left_view,0.377401888,1.665861845,0.173999310,-0.171068102,0.764358163,0.250420213,0.569018543,-0.048886377,-0.506266117,-2.028702021,0.824015856,0.257858336,-0.095855713,0.495296508,,,,,,,,,,,,,,
212,307372,31410,stationary,stationary_left_view,0.376372457,1.666176081,0.172113895,-0.171023071,0.764198005,0.250132680,0.569373548,-0.052303948,-0.507541835,-2.023254156,0.828049421,0.265949965,-0.106797256,0.481870383,,,,,,,,,,,,,,
213,307581,31619,stationary,stationary_left_view,0.376272738,1.666284561,0.170797408,-0.171384424,0.764132440,0.249763280,0.569514990,-0.053205151,-0.501915038,-2.003448009,0.824565530,0.260331303,-0.097752646,0.492710590,,,,,,,,,,,,,,
214,307791,31829,stationary,stationary_left_view,0.376606703,1.666110277,0.171311736,-0.171833321,0.763373673,0.250242651,0.570186496,-0.054320671,-0.505788743,-2.021667004,0.919013083,0.264901996,0.021910332,-0.291138887,,,,,,,,0.077703334,-0.554011345,-1.916711926,0.838530660,0.237705544,-0.068063721,0.485520035
215,308011,32049,stationary,stationary_left_view,0.377961338,1.666309237,0.172395587,-0.171208292,0.763280451,0.250415951,0.570423126,-0.054887503,-0.506448448,-2.023887634,0.918585956,0.265989929,0.023626041,-0.291360587,,,,,,,,,,,,,,
216,308219,32257,stationary,stationary_left_view,0.379731178,1.666590095,0.173277557,-0.169931516,0.763272941,0.250424176,0.570811272,-0.058110896,-0.503751636,-2.010747433,0.825696707,0.261428595,-0.099559970,0.489865154,,,,,,,,,,,,,,
217,308427,32465,stationary,stationary_left_view,0.380176246,1.666664362,0.173782289,-0.170151487,0.762961268,0.250400722,0.571172595,-0.058501288,-0.506534994,-2.025206804,0.827272832,0.263335556,-0.103713818,0.485301524,0.059523627,-0.485771507,-2.162082195,0.810587823,0.257335305,-0.163730264,0.499918282,,,,,,,
218,308651,32689,stationary,stationary_left_view,0.380023241,1.666989088,0.173943818,-0.169215292,0.763316989,0.250284553,0.571026325,-0.058220439,-0.510375798,-2.027844906,0.822523415,0.257983446,-0.099028215,0.497084677,,,,,,,,,,,,,,
219,308845,32883,stationary,stationary_left_view,0.380239666,1.667226315,0.173841417,-0.168792024,0.763251603,0.250307173,0.571228981,-0.059997492,-0.511471748,-2.027557611,0.828571737,0.261157930,-0.097907357,0.485468388,,,,,,,,,,,,,,
220,309067,33105,stationary,stationary_left_view,0.380525827,1.667415857,0.174029529,-0.168594971,0.763348699,0.249839500,0.571362138,-0.059664950,-0.515288591,-2.031646490,0.823007345,0.261578500,-0.101136722,0.493970633,,,,,,,,,,,,,,
221,309275,33313,stationary,stationary_left_view,0.380822361,1.667404175,0.174353957,-0.168157935,0.763366818,0.250150055,0.571330845,-0.060308110,-0.511449277,-2.019195557,0.824607670,0.259926528,-0.107946865,0.490721762,,,,,,,,,,,,,,
222,309483,33521,stationary,stationary_left_view,0.381079376,1.667299032,0.174043715,-0.168253809,0.763045371,0.249921978,0.571831703,-0.061663665,-0.510991395,-2.014479160,0.820776105,0.257318735,-0.095187634,0.501051962,0.055968277,-0.491883785,-2.158043385,0.806256056,0.257686228,-0.144564241,0.512494087,,,,,,,
223,309692,33730,stationary,stationary_left_view,0.380702555,1.667029023,0.173965573,-0.168432981,0.762732983,0.249897167,0.572206438,-0.063430123,-0.508038878,-2.017438173,0.815396309,0.252659410,-0.113593467,0.508319318,,,,,,,,,,,,,,
224,309899,33937,stationary,stationary_left_view,0.380651116,1.666344166,0.175107121,-0.169177264,0.762257993,0.252026141,0.571685791,-0.063778520,-0.498152196,-2.014589310,0.814538300,0.253617257,-0.116126694,0.508645415,,,,,,,,,,,,,,
225,310108,34146,stationary,stationary_left_view,0.382415056,1.665911198,0.176432371,-0.169107214,0.762131035,0.252712160,0.571573019,-0.062868655,-0.499024004,-2.023953915,0.823802471,0.257764012,-0.100449584,0.494789958,,,,,,,,,,,,,,
226,310319,34357,stationary,stationary_left_view,0.385254025,1.665959597,0.177428961,-0.168666571,0.762123346,0.252203435,0.571938038,-0.061891027,-0.501943886,-2.029655933,0.824785888,0.259968191,-0.105820850,0.490863174,,,,,,,,,,,,,,
227,310525,34563,stationary,stationary_left_view,0.388351679,1.666514158,0.179013491,-0.168005586,0.761988163,0.252082199,0.572365940,-0.061941668,-0.503206313,-2.032204151,0.826498508,0.260973960,-0.107170276,0.487142026,,,,,,,,,,,,,,
228,310733,34771,stationary,stationary_left_view,0.391153693,1.667144775,0.180685282,-0.167240053,0.762099624,0.251161426,0.572846353,-0.060637642,-0.510422885,-2.041160583,0.920446754,0.272811651,0.028027948,-0.278506786,,,,,,,,,,,,,,
229,310943,34981,stationary,stationary_left_view,0.394059837,1.667832017,0.182228327,-0.166370660,0.762220263,0.250560015,0.573202193,-0.059493337,-0.514863789,-2.047803402,0.824697733,0.259002894,-0.100899994,0.492554933,0.058274589,-0.494214892,-2.188820839,0.809297681,0.260039836,-0.143075645,0.506898344,,,,,,,
230,311151,35189,stationary,stationary_left_view,0.395627022,1.667457104,0.183998168,-0.166197121,0.761940718,0.252202481,0.572903872,-0.059774835,-0.506432950,-2.047857046,0.826496601,0.259767979,-0.109179609,0.487343669,,,,,,,,,,,,,,
231,311372,35410,stationary,stationary_left_view,0.397478342,1.667254448,0.185041308,-0.165902123,0.761179924,0.252736956,0.573764443,-0.063369259,-0.499712825,-2.029900074,0.823714495,0.259020746,-0.110002391,0.492241979,,,,,,,,,,,,,,
232,311581,35619,stationary,stationary_left_view,0.399551153,1.667203188,0.185360670,-0.166173667,0.761218190,0.252662867,0.573667765,-0.061471231,-0.500131726,-2.038611412,0.828426421,0.262921125,-0.112600125,0.481563479,0.056552336,-0.475421876,-2.153726339,0.801579177,0.241122454,-0.145597100,0.527382433,,,,,,,
233,311789,35827,stationary,stationary_left_view,0.400759935,1.667258501,0.185906649,-0.165561765,0.761170268,0.252747655,0.573870957,-0.062950343,-0.494833231,-2.018286228,0.814529181,0.249811456,-0.117042430,0.510330856,,,,,,,,,,,,,,
234,311998,36036,stationary,stationary_left_view,0.400974631,1.667491078,0.186604500,-0.164495319,0.761426568,0.252789974,0.573818982,-0.062374961,-0.504858315,-2.042397738,0.824369013,0.260452211,-0.109777145,0.490437895,0.055765152,-0.477656692,-2.143407106,0.799870908,0.235867307,-0.146771088,0.532006919,,,,,,,
235,312205,36243,stationary,stationary_left_view,0.400669932,1.667424679,0.187135279,-0.164381668,0.761724889,0.252655625,0.573514581,,,,,,,,,,,,,,,0.070043907,-0.543853164,-1.889981151,0.921183825,0.306874901,0.101208434,-0.216806531
236,312414,36452,stationary,stationary_left_view,0.399076760,1.667134047,0.187937319,-0.164805979,0.760954082,0.253808022,0.573907197,,,,,,,,,,,,,,,0.070043907,-0.543853164,-1.889981151,0.921183825,0.306874901,0.101208434,-0.216806531
237,312623,36661,stationary,stationary_left_view,0.397063792,1.666437030,0.189121008,-0.165288046,0.760801554,0.255803108,0.573084354,,,,,,,,,,,,,,,0.070043907,-0.543853164,-1.889981151,0.921183825,0.306874901,0.101208434,-0.216806531
238,312830,36868,stationary,stationary_left_view,0.395097375,1.665701628,0.190409541,-0.166092277,0.760796428,0.257168740,0.572246790,,,,,,,,,,,,,,,0.070043907,-0.543853164,-1.889981151,0.921183825,0.306874901,0.101208434,-0.216806531
239,313040,37078,stationary,stationary_left_view,0.393178821,1.664814115,0.191597879,-0.167318016,0.760156274,0.257631391,0.572532237,,,,,,,,,,,,,,,0.070043907,-0.543853164,-1.889981151,0.921183825,0.306874901,0.101208434,-0.216806531
240,313248,37286,stationary,stationary_left_view,0.391723812,1.664623260,0.193210781,-0.167058662,0.759979308,0.258290976,0.572545826,-0.060931306,-0.486134619,-2.039008141,0.919126153,0.269938678,0.030049080,-0.285372257,,,,,,,,,,,,,,
241,313470,37508,stationary,stationary_left_view,0.390684009,1.664792776,0.194014311,-0.166769847,0.759828985,0.258161873,0.572887599,-0.061870139,-0.484788507,-2.036224842,0.828747869,0.260759562,-0.107379258,0.483374745,,,,,,,,,,,,,,
242,313706,37744,stationary,stationary_left_view,0.389571726,1.664546013,0.194618344,-0.167855740,0.759175003,0.258846819,0.573128343,-0.063475728,-0.476733357,-2.022286415,0.818245471,0.249577671,-0.118748672,0.504067540,,,,,,,,,,,,,,
243,313915,37953,stationary,stationary_left_view,0.387423396,1.664314747,0.195332050,-0.168306008,0.758886158,0.259903312,0.572900712,-0.063289903,-0.477294862,-2.032878399,0.829321921,0.259936839,-0.109686524,0.482314050,,,,,,,,,,,,,,
244,314150,38188,stationary,stationary_left_view,0.385599971,1.664123297,0.195435107,-0.168755218,0.758903861,0.260382444,0.572527349,-0.061730146,-0.475318223,-2.034480572,0.831116915,0.263153076,-0.111790866,0.476967424,,,,,,,,,,,,,,
245,314373,38411,stationary,stationary_left_view,0.383617699,1.664311409,0.194855332,-0.169180557,0.758837342,0.259512067,0.572885096,-0.062561825,-0.478103608,-2.030742407,0.827371478,0.259702891,-0.105823517,0.486633569,,,,,,,,,,,,,,
246,314581,38619,stationary,stationary_left_view,0.381854534,1.664467335,0.194152713,-0.169290736,0.758802891,0.259421557,0.572939157,-0.064301535,-0.480796665,-2.037541151,0.830918193,0.261820227,-0.110587165,0.478325784,,,,,,,,,,,,,,
247,314790,38828,stationary,stationary_left_view,0.380812526,1.664363980,0.193293810,-0.169897333,0.758715153,0.259318262,0.572922707,-0.064132556,-0.480922073,-2.040296793,0.830073297,0.261709988,-0.110443175,0.479883879,,,,,,,,,,,,,,
248,314997,39035,stationary,stationary_left_view,0.380403757,1.663918376,0.192935765,-0.171129450,0.758293331,0.259520978,0.573022544,-0.063684240,-0.474430770,-2.032124996,0.828880489,0.262880743,-0.108645588,0.481712580,0.052814819,-0.458860070,-2.213567495,0.809447050,0.254403323,-0.121972620,0.514972925,,,,,,,
249,315220,39258,stationary,stationary_left_view,0.381402910,1.663786411,0.193452239,-0.170875594,0.758431256,0.260170132,0.572621286,-0.062482443,-0.472166628,-2.025196791,0.823984087,0.252482533,-0.094051361,0.498454750,,,,,,,,,,,,,,
250,315441,39479,stationary,stationary_left_view,0.383253157,1.664120436,0.193610668,-0.170116946,0.758578658,0.259652078,0.572887063,-0.063219860,-0.474541754,-2.028548002,0.831960917,0.262671828,-0.110750943,0.476002872,,,,,,,,,,,,,,
251,315650,39688,stationary,stationary_left_view,0.384523332,1.664462924,0.193757832,-0.170070589,0.758757412,0.259417802,0.572770119,-0.062475070,-0.472349346,-2.020935059,0.829230070,0.258361757,-0.102988020,0.484788805,0.055944115,-0.449956328,-2.150575399,0.804919779,0.241701275,-0.144252792,0.522375226,,,,,,,
252,315859,39897,stationary,stationary_left_view,0.384998202,1.664326429,0.193859279,-0.170391932,0.758125901,0.259756356,0.573357046,-0.064683512,-0.476428032,-2.038187027,0.917836308,0.272082806,0.031869549,-0.287283599,0.053131171,-0.456624418,-2.200821161,0.814899504,0.264491707,-0.136003196,0.497479737,,,,,,,
253,316067,40105,stationary,stationary_left_view,0.384876490,1.663421273,0.194104970,-0.172437027,0.757631421,0.261817575,0.572461188,-0.061990831,-0.461516857,-2.039698601,0.829961538,0.261968225,-0.103101425,0.481566817,,,,,,,,,,,,,,
254,316275,40313,stationary,stationary_left_view,0.384360015,1.662934661,0.194011450,-0.173166454,0.757030725,0.262536615,0.572706282,-0.064253107,-0.457594752,-2.043319702,0.830860376,0.261602938,-0.108272783,0.479074150,,,,,,,,,,,,,,
255,316497,40535,stationary,stationary_left_view,0.383662105,1.662619472,0.193229377,-0.173809201,0.756311595,0.262707204,0.573383093,-0.067738771,-0.453189403,-2.030728817,0.830501556,0.263202071,-0.103369437,0.479902774,,,,,,,,,,,,,,
256,316706,40744,stationary,stationary_left_view,0.382888019,1.661937952,0.192842543,-0.175052345,0.755895793,0.263760507,0.573069453,-0.066744082,-0.447581649,-2.038526773,0.832385659,0.263769567,-0.104790159,0.476002902,,,,,,,,,,,,,,
257,316914,40952,stationary,stationary_left_view,0.382626235,1.661720395,0.192397714,-0.175806284,0.755521297,0.263861716,0.573285937,-0.067808598,-0.444757313,-2.037049294,0.833406746,0.269323558,-0.111818194,0.469462126,,,,,,,,,,,,,,
258,317122,41160,stationary,stationary_left_view,0.383362055,1.661838651,0.191814661,-0.176113561,0.755715251,0.263790160,0.572968781,-0.066775702,-0.441560864,-2.028516293,0.834193110,0.263689071,-0.109050162,0.471908897,,,,,,,,,,,,,,
259,317330,41368,stationary,stationary_left_view,0.384815812,1.662489653,0.190680981,-0.175397232,0.755566835,0.262704164,0.573882461,-0.069233038,-0.451868892,-2.035781384,0.914920866,0.270050019,0.027932279,-0.298684776,,,,,,,,,,,,,,
260,317552,41590,stationary,stationary_left_view,0.386440933,1.663298607,0.190265119,-0.174471870,0.756427526,0.261694223,0.573492050,-0.067994952,-0.452325761,-2.029261589,0.830294073,0.265137404,-0.102402717,0.479403377,,,,,,,,,,,,,,
261,317760,41798,stationary,stationary_left_view,0.387981355,1.663802385,0.189333320,-0.174086139,0.756816089,0.261185020,0.573328733,-0.066373840,-0.458664536,-2.048782587,0.831196368,0.265654355,-0.109186329,0.476044863,,,,,,,,,,,,,,
262,317968,42006,stationary,stationary_left_view,0.388295352,1.663636923,0.187751293,-0.175207675,0.757155061,0.261118889,0.572569132,-0.062814310,-0.452810615,-2.041276455,0.830743730,0.262715638,-0.102445625,0.479948163,,,,,,,,,,,,,,
263,318177,42215,stationary,stationary_left_view,0.388141870,1.662939548,0.186590254,-0.176578984,0.756834388,0.262068570,0.572137892,-0.062929973,-0.442742705,-2.027955770,0.830199242,0.263279766,-0.103459597,0.480363458,,,,,,,,,,,,,,
264,318386,42424,stationary,stationary_left_view,0.388458014,1.663059235,0.185532749,-0.176113904,0.757055700,0.262137920,0.571956635,-0.063046098,-0.444482177,-2.032930136,0.828908503,0.262994349,-0.101329058,0.483194709,,,,,,,,,,,,,,
265,318594,42632,stationary,stationary_left_view,0.389455438,1.663320899,0.185156047,-0.175291345,0.757716179,0.261628866,0.571567655,-0.062126625,-0.449158341,-2.042503595,0.832494378,0.265221924,-0.113311894,0.473044246,,,,,,,,,,,,,,
266,318815,42853,stationary,stationary_left_view,0.390711546,1.663531303,0.184726655,-0.174870029,0.757388830,0.261536866,0.572172284,-0.065355495,-0.447082162,-2.030352592,0.909911215,0.267946064,0.048674650,-0.312885404,,,,,,,,,,,,,,
267,319024,43062,stationary,stationary_left_view,0.392186940,1.663781166,0.184346199,-0.173745409,0.757938623,0.261703670,0.571710408,-0.063885972,-0.453042060,-2.040124178,0.914621174,0.263463616,0.025325557,-0.305636495,,,,,,,,,,,,,,
268,319233,43271,stationary,stationary_left_view,0.393396556,1.663797140,0.183848858,-0.173534825,0.758200526,0.261845678,0.571362019,-0.063715659,-0.445495158,-2.028926611,0.819599271,0.252144784,-0.113363683,0.501825452,,,,,,,,,,,,,,
269,319455,43493,stationary,stationary_left_view,0.394683003,1.663918972,0.183759868,-0.173313901,0.758339047,0.261725873,0.571300030,-0.062873818,-0.447356313,-2.028032780,0.828651309,0.258212894,-0.100059018,0.486468226,,,,,,,,,,,,,,
270,319664,43702,stationary,stationary_left_view,0.396067023,1.663596272,0.183399379,-0.172837108,0.758509815,0.262303948,0.570952594,-0.063073978,-0.449756444,-2.050135612,0.830058575,0.261398882,-0.103323646,0.481661290,0.054727152,-0.418659657,-2.144194841,0.806682050,0.237556979,-0.141151264,0.522405148,,,,,,,
271,319872,43910,stationary,stationary_left_view,0.397323668,1.663577080,0.182983041,-0.172585070,0.758549213,0.262319714,0.570969284,-0.063561350,-0.449767768,-2.052175999,0.829928339,0.258980811,-0.098223045,0.484252125,0.054433361,-0.418141037,-2.141799212,0.806256354,0.236159757,-0.139118850,0.524237812,,,,,,,
272,320080,44118,stationary,stationary_left_view,0.398578465,1.663576126,0.182666481,-0.172653943,0.758787751,0.262047857,0.570756257,,,,,,,,,,,,,,,,,,,,,
273,320290,44328,stationary,stationary_left_view,0.399643302,1.663656831,0.182456791,-0.172636017,0.758915484,0.261410594,0.570884049,-0.060688280,-0.453759879,-2.066805601,0.834751487,0.263144076,-0.110042937,0.470994383,,,,,,,,,,,,,,
274,320497,44535,stationary,stationary_left_view,0.400960267,1.663631916,0.182243943,-0.172402248,0.759218156,0.261526704,0.570499003,-0.059673943,-0.452424824,-2.063206673,0.831780493,0.260445386,-0.100726597,0.479753613,,,,,,,,,,,,,,
275,320720,44758,stationary,stationary_left_view,0.401614368,1.663690090,0.181438744,-0.172469303,0.759264827,0.261270732,0.570533872,-0.060142748,-0.453160822,-2.067224503,0.832379460,0.260788292,-0.101737767,0.478313088,,,,,,,,,,,,,,
276,320942,44980,stationary,stationary_left_view,0.401522815,1.663204670,0.180058718,-0.174605936,0.758422196,0.261550784,0.570876241,-0.060990736,-0.442159206,-2.054208279,0.834129572,0.265056074,-0.110934041,0.470815033,0.056413479,-0.417490631,-2.189127922,0.815416157,0.257942915,-0.146345004,0.497136921,,,,,,,
277,321163,45201,stationary,stationary_left_view,0.402450502,1.662554026,0.180184484,-0.174864739,0.758810401,0.262086898,0.570034742,,,,,,,,,,,,,,,,,,,,,
278,321372,45410,stationary,stationary_left_view,0.402475238,1.662515163,0.180063665,-0.175691456,0.758121252,0.263161808,0.570202231,-0.059465867,-0.432373494,-2.044714212,0.906649172,0.259638548,0.039072536,-0.330224901,0.058182701,-0.413426638,-2.209213257,0.823947072,0.252302557,-0.153525561,0.483616114,,,,,,,
279,321594,45632,stationary,stationary_left_view,0.403449118,1.662952900,0.179270983,-0.175579548,0.758482933,0.262262553,0.570170045,-0.058126263,-0.437573701,-2.059222221,0.832910478,0.263168722,-0.107092448,0.474903792,,,,,,,,,,,,,,
280,321803,45841,stationary,stationary_left_view,0.404826343,1.663756609,0.178546607,-0.174822912,0.759181142,0.261017382,0.570044756,-0.055447891,-0.444662392,-2.062222004,0.832091510,0.260389447,-0.110260308,0.477141231,0.062792301,-0.421970397,-2.208750248,0.817318201,0.261885405,-0.137854397,0.494371533,,,,,,,
281,322025,46063,stationary,stationary_left_view,0.404889762,1.664133072,0.177828133,-0.175341591,0.759335279,0.260544807,0.569896102,-0.054804612,-0.443212122,-2.059563160,0.829601824,0.261270940,-0.103941754,0.482384086,,,,,,,,,,,,,,
282,322248,46286,stationary,stationary_left_view,0.404737949,1.663802028,0.177143276,-0.175749347,0.758613646,0.261425883,0.570327997,-0.058802195,-0.436624259,-2.046460629,0.828082740,0.262363166,-0.105496526,0.484061003,,,,,,,,,,,,,,
283,322455,46493,stationary,stationary_left_view,0.404880226,1.663280487,0.176246762,-0.175893128,0.758259356,0.262525827,0.570249557,-0.062751018,-0.430113792,-2.042719841,0.832544923,0.259074807,-0.096443966,0.480049729,0.056267619,-0.403466254,-2.171590090,0.897462428,0.295156240,0.103398144,-0.311051190,,,,,,,
284,322677,46715,stationary,stationary_left_view,0.405487835,1.663465261,0.174837172,-0.175231829,0.758510292,0.262449920,0.570154369,-0.062177584,-0.432147503,-2.041944027,0.829047263,0.260252565,-0.098285243,0.485066205,,,,,,,,,,,,,,
285,322899,46937,stationary,stationary_left_view,0.406391621,1.663586378,0.174356639,-0.175371736,0.758890808,0.262490064,0.569586277,-0.060217705,-0.436434388,-2.073567152,0.835663557,0.263899416,-0.105281219,0.470041901,0.056195624,-0.407873511,-2.197457314,0.808879435,0.244266480,-0.135762423,0.517316699,,,,,,,
286,323124,47162,stationary,stationary_left_view,0.407975972,1.663548470,0.174149215,-0.174725339,0.759095490,0.262806743,0.569366097,-0.060377717,-0.437062979,-2.078587294,0.835942447,0.262768328,-0.104885340,0.470268130,,,,,,,,,,,,,,
287,323330,47368,stationary,stationary_left_view,0.409644246,1.663258553,0.173019826,-0.175143883,0.759039164,0.263863117,0.568823695,-0.060025606,-0.424251676,-2.047168255,0.833252728,0.251968831,-0.102865204,0.481269479,,,,,,,,,,,,,,
288,323553,47591,stationary,stationary_left_view,0.412214577,1.663058519,0.171466231,-0.176926136,0.758432567,0.263430834,0.569281518,-0.059218954,-0.420649707,-2.053835630,0.904334724,0.256436229,0.035761978,-0.339323282,,,,,,,,,,,,,,
289,323774,47812,stationary,stationary_left_view,0.415846825,1.662829161,0.171000779,-0.177820802,0.758390427,0.263243914,0.569145381,-0.057701714,-0.415704370,-2.054694176,0.827696860,0.258107781,-0.088281482,0.490412831,,,,,,,,,,,,,,
290,323983,48021,stationary,stationary_left_view,0.419487715,1.663070202,0.171121240,-0.176573262,0.759493172,0.262030005,0.568623245,-0.052761246,-0.425998300,-2.073580742,0.909994960,0.273567408,0.038912930,-0.309121192,,,,,,,,,,,,,,
291,324206,48244,stationary,stationary_left_view,0.420832038,1.663708210,0.171487808,-0.175950751,0.759654045,0.261329979,0.568923295,-0.052830499,-0.425052017,-2.055632830,0.829443634,0.263366818,-0.105942734,0.481079340,,,,,,,,,,,,,,
292,324428,48466,stationary,stationary_left_view,0.419998705,1.664050221,0.172868192,-0.174594998,0.759694159,0.261647642,0.569141388,-0.055715173,-0.432767361,-2.080892563,0.833720088,0.261524051,-0.106478915,0.474529505,0.061985523,-0.403945684,-2.198790550,0.815032005,0.255037278,-0.146502718,0.499215215,,,,,,,
293,324636,48674,stationary,stationary_left_view,0.416028619,1.664165139,0.174871981,-0.173097059,0.760272622,0.263573557,0.567936718,-0.054528572,-0.430308700,-2.065237522,0.830384016,0.257455945,-0.110369861,0.481661052,0.063525066,-0.409108162,-2.221136808,0.818062246,0.261147261,-0.138329700,0.493397593,,,,,,,
294,324859,48897,stationary,stationary_left_view,0.409873486,1.663084984,0.176596820,-0.174461722,0.759750009,0.265921831,0.567123115,-0.053427681,-0.416717440,-2.040840626,0.829486370,0.252303541,-0.101715490,0.487800419,,,,,,,,,,,,,,
295,325080,49118,stationary,stationary_left_view,0.403004706,1.661528587,0.179298401,-0.177425653,0.758559108,0.268899232,0.566393375,-0.052316412,-0.410336345,-2.068303347,0.837218642,0.262487680,-0.097343169,0.469776005,,,,,,,,,,,,,,
296,325302,49340,stationary,stationary_left_view,0.397621989,1.660815716,0.183968604,-0.177965537,0.757151842,0.271063715,0.567074955,,,,,,,,,,,,,,,,,,,,,
297,325512,49550,stationary,stationary_left_view,0.393768549,1.659581900,0.189014971,-0.182810694,0.754877985,0.271616578,0.568299234,-0.054639529,-0.387827277,-2.040969133,0.837904334,0.261537850,-0.103673637,0.467724383,,,,,,,,,,,,,,
298,325733,49771,stationary,stationary_left_view,0.391545475,1.658885002,0.192630410,-0.183904141,0.750460982,0.273002535,0.573111892,-0.074356347,-0.386435509,-2.064397335,0.839794636,0.267532974,-0.104758516,0.460648179,0.043007426,-0.355600625,-2.194751263,0.900264621,0.294243962,0.115401991,-0.299376845,,,,,,,
299,325955,49993,stationary,stationary_left_view,0.389717579,1.657874823,0.195394754,-0.190965921,0.743412912,0.272526026,0.580171287,-0.094464839,-0.369254202,-2.046519279,0.837331116,0.273819089,-0.108545132,0.460562378,0.017010093,-0.310326785,-2.000531673,0.807085454,0.267672598,-0.179190114,0.494828612,,,,,,,
300,326177,50215,stationary,stationary_left_view,0.387792408,1.658415794,0.197370887,-0.190387040,0.741972387,0.272100151,0.582401335,-0.102348439,-0.375778049,-2.044530153,0.907979012,0.276148021,0.025648586,-0.314099580,,,,,,,,,,,,,,
301,326388,50426,stationary,stationary_left_view,0.385638237,1.658847094,0.198328376,-0.189535856,0.742222250,0.272300005,0.582267225,-0.102589794,-0.377209991,-2.040355682,0.834716022,0.273900211,-0.108992152,0.465132803,,,,,,,,,,,,,,
302,326610,50648,stationary,stationary_left_view,0.383705080,1.658561230,0.198493063,-0.189115494,0.742571592,0.272924662,0.581665635,-0.101993598,-0.377294600,-2.042628288,0.835507631,0.274827391,-0.110241719,0.462864667,,,,,,,,0.034282647,-0.425475627,-1.898912072,0.861888528,0.287312210,-0.094197191,0.407095492
303,326830,50868,stationary,stationary_left_view,0.381651402,1.658251762,0.197879255,-0.189759687,0.742327273,0.273313373,0.581585169,-0.103704341,-0.376762688,-2.050757647,0.838534355,0.281420439,-0.105106458,0.454549581,,,,,,,,,,,,,,
304,327054,51092,stationary,stationary_left_view,0.379357934,1.658177137,0.196008086,-0.190646514,0.742167056,0.273771942,0.581283867,-0.103119783,-0.371778905,-2.037437439,0.834807992,0.275354505,-0.107589766,0.464435130,,,,,,,,,,,,,,
305,327275,51313,stationary,stationary_left_view,0.377730608,1.657740235,0.193938196,-0.191578880,0.741683662,0.273359150,0.581788361,-0.106140994,-0.369510531,-2.027413368,0.832802057,0.277924597,-0.107194230,0.466591984,,,,,,,,,,,,,,
306,327483,51521,stationary,stationary_left_view,0.377335906,1.658216476,0.191708028,-0.190879822,0.742415726,0.272693008,0.581396878,,,,,,,,,,,,,,,,,,,,,
307,327707,51745,stationary,stationary_left_view,0.376753330,1.658274889,0.189868033,-0.190883860,0.743787229,0.272668183,0.579651654,-0.100501575,-0.374502152,-2.029684782,0.833120406,0.273790032,-0.101427890,0.469746530,0.011008050,-0.339142084,-2.152347565,0.894988477,0.280455917,0.093052834,-0.334187508,,,,,,,
308,327914,51952,stationary,stationary_left_view,0.376505971,1.658032656,0.189034104,-0.190994397,0.744602203,0.273823708,0.578021944,-0.096339270,-0.368768781,-2.027912617,0.837429881,0.279332161,-0.104671963,0.457961291,,,,,,,,,,,,,,
309,328137,52175,stationary,stationary_left_view,0.378009081,1.658166766,0.188350856,-0.189767867,0.745966852,0.273440123,0.576846778,-0.093062773,-0.376025587,-2.045401335,0.837472022,0.280703962,-0.097701378,0.458585143,0.022022106,-0.347344726,-2.204543114,0.823977947,0.272233576,-0.136235386,0.477900773,,,,,,,
310,328372,52410,stationary,stationary_left_view,0.378786922,1.658146620,0.187583625,-0.189580962,0.746356487,0.273375243,0.576434910,-0.091394991,-0.375305921,-2.042722225,0.838798046,0.279329062,-0.101712666,0.456122398,,,,,,,,,,,,,,
311,328593,52631,stationary,stationary_left_view,0.379070580,1.657914877,0.186684370,-0.189829797,0.746711373,0.274111152,0.575543165,-0.089532107,-0.372108817,-2.046244144,0.839951754,0.278624207,-0.106941633,0.453225285,,,,,,,,,,,,,,
312,328817,52855,stationary,stationary_left_view,0.379493833,1.658109069,0.185654402,-0.189592928,0.747515976,0.274031252,0.574614048,-0.085903496,-0.370018065,-2.030549526,0.835419595,0.268966317,-0.095274530,0.469738215,,,,,,,,,,,,,,
313,329039,53077,stationary,stationary_left_view,0.379556298,1.658238888,0.184665203,-0.189442858,0.747991323,0.273845345,0.574133396,-0.084542096,-0.374394685,-2.051317453,0.838668406,0.271395952,-0.103391461,0.460749120,,,,,,,,,,,,,,
314,329248,53286,stationary,stationary_left_view,0.378997743,1.658051968,0.184576631,-0.189704448,0.747882605,0.274768502,0.573747456,-0.085059062,-0.370061696,-2.049126625,0.840368867,0.271006256,-0.105640791,0.457357496,0.030783802,-0.339623451,-2.192349434,0.823453784,0.268702477,-0.140422538,0.479587704,,,,,,,
315,329469,53507,stationary,stationary_left_view,0.379353285,1.658127308,0.184263051,-0.188949004,0.748463511,0.275085628,0.573086798,,,,,,,,,,,,,,,,,,,,,
316,329691,53729,stationary,stationary_left_view,0.379591405,1.658118486,0.183421135,-0.189377859,0.748249114,0.274635971,0.573440909,-0.085028164,-0.369496584,-2.043303013,0.840026736,0.270790309,-0.105560303,0.458131731,0.031226620,-0.340979725,-2.198642254,0.823310614,0.269282013,-0.133839697,0.481387436,,,,,,,
317,329899,53937,stationary,stationary_left_view,0.380170345,1.657883167,0.182922304,-0.189958930,0.747981548,0.274673522,0.573579669,-0.084841624,-0.368178159,-2.047614574,0.837706149,0.274132580,-0.102022968,0.461184412,,,,,,,,,,,,,,
318,330123,54161,stationary,stationary_left_view,0.380907595,1.657538533,0.183332384,-0.190143108,0.748078644,0.275622100,0.572936654,-0.083082296,-0.361638397,-2.037912130,0.836343527,0.274548560,-0.097170591,0.464446425,,,,,,,,,,,,,,
319,330330,54368,stationary,stationary_left_view,0.382676125,1.657284141,0.183759272,-0.190828741,0.747575104,0.276098520,0.573136568,-0.081685930,-0.354356468,-2.017324209,0.829092741,0.262190104,-0.092338532,0.485113591,0.030411333,-0.308964312,-2.070037842,0.796419621,0.260371357,-0.108126633,0.535005689,,,,,,,
320,330554,54592,stationary,stationary_left_view,0.385402381,1.657545090,0.185392916,-0.190235719,0.747604609,0.276013434,0.573336184,-0.081836618,-0.357443094,-2.037234783,0.835137784,0.266483724,-0.095338710,0.471637458,,,,,,,,,,,,,,
321,330760,54798,stationary,stationary_left_view,0.388037622,1.658100128,0.187546432,-0.189363554,0.747150481,0.275766611,0.574334681,-0.084700420,-0.362079859,-2.055720568,0.840739131,0.272348702,-0.109290354,0.455016017,0.031200550,-0.331855237,-2.204548359,0.824021399,0.271135092,-0.136834025,0.478279144,,,,,,,
322,330984,55022,stationary,stationary_left_view,0.389858782,1.658275366,0.189653456,-0.188929588,0.746976078,0.275962353,0.574610412,-0.084695861,-0.362589717,-2.060804605,0.840614676,0.271362990,-0.107782744,0.456192911,,,,,,,,,,,,,,
323,331206,55244,stationary,stationary_left_view,0.386397362,1.656643510,0.191296399,-0.193980306,0.739536166,0.278041184,0.581507564,-0.113005914,-0.340136290,-2.038227797,0.834525943,0.271786124,-0.101690710,0.468356460,,,,,,,,,,,,,,
324,331427,55465,stationary,stationary_left_view,0.370262682,1.647795677,0.190558374,-0.210335404,0.716926694,0.287401259,0.599312663,-0.203852013,-0.270089447,-2.012232542,0.838413298,0.298790693,-0.106087185,0.443320125,-0.099483624,-0.228371531,-2.152122974,0.816820741,0.287669331,-0.133602053,0.481872112,,,,,,,
325,331622,55660,stationary,stationary_right_view,0.343936801,1.638040304,0.166886270,-0.230923668,0.695258737,0.293819427,0.613970459,,,,,,,,-0.197846025,-0.161874548,-2.106883764,0.815772533,0.318879396,-0.140247434,0.461694449,,,,,,,
326,331830,55868,stationary,stationary_right_view,0.306889713,1.633925557,0.100985408,-0.247966856,0.697395444,0.278693914,0.611949205,-0.312613487,-0.237979814,-1.974431634,0.828902900,0.333824128,-0.092344776,0.439265192,-0.222995371,-0.185391381,-2.135900021,0.825062990,0.333833903,-0.147375658,0.431400478,,,,,,,
327,332026,56064,stationary,stationary_right_view,0.243705094,1.621039152,-0.044990838,-0.252535343,0.697148800,0.259053230,0.618951440,-0.461204052,-0.326155186,-1.929990411,0.821444511,0.352877796,-0.098006047,0.437151015,-0.388209522,-0.282985955,-2.138223171,0.809859395,0.349795789,-0.165222272,0.440990090,,,,,,,
328,332205,56243,stationary,stationary_right_view,0.167626143,1.621816397,-0.213809252,-0.248173729,0.691761374,0.267883211,0.622988462,-0.685269356,-0.353361368,-1.877793431,0.820724964,0.357419521,-0.111724697,0.431485116,,,,,,,,-0.538750529,-0.403277069,-1.845704198,0.842230916,0.354941964,-0.121839620,0.387063831
329,332415,56453,stationary,stationary_right_view,0.094335258,1.636623621,-0.310133815,-0.245623648,0.700676084,0.281376183,0.607905865,-0.748886704,-0.354457408,-1.853867888,0.821363091,0.338635147,-0.117050022,0.443833590,-0.666742980,-0.301780045,-1.977110267,0.813668668,0.341887981,-0.118077815,0.455097318,-0.608053386,-0.409227878,-1.821677089,0.851678133,0.342329085,-0.124762304,0.376682252
330,332608,56646,stationary,stationary_right_view,-0.016288638,1.635588408,-0.367798805,-0.224273711,0.760337532,0.293146998,0.534465253,-0.587357581,-0.357416362,-1.905155301,0.855411530,0.262234598,-0.066443413,0.441689283,-0.479883194,-0.318767250,-2.002397537,0.844724178,0.256652236,-0.094917104,0.459958106,-0.452585816,-0.420429260,-1.811342597,0.865209818,0.260676742,-0.069146313,0.422703743
331,332803,56841,stationary,stationary_right_view,-0.152106285,1.605795145,-0.399385691,-0.176476583,0.810942352,0.322428316,0.455267578,-0.486564815,-0.321379364,-1.877434611,0.924511135,0.056615345,-0.190279633,-0.325372875,-0.355016291,-0.292789817,-1.899670243,0.850887060,0.144119635,-0.081984416,0.498497069,-0.366967142,-0.393307567,-1.709956050,0.896429837,0.162540317,-0.012226673,0.412122160
332,332984,57022,stationary,stationary_right_view,-0.306358576,1.607753396,-0.418436289,-0.105821155,0.847842693,0.357734382,0.376816750,-0.468492985,-0.292494893,-1.849332452,0.879076302,0.039689511,-0.062745422,0.470863670,-0.340724409,-0.304132432,-1.910225391,0.942431211,-0.040796712,-0.066603683,-0.325150698,-0.390125155,-0.396667480,-1.728533745,0.902096570,0.030946137,-0.049908392,0.427519947
333,333163,57201,stationary,stationary_right_view,-0.406194687,1.627517223,-0.450120568,-0.068433121,0.879257560,0.386534333,0.269841284,-0.307490885,-0.237978369,-1.947620749,0.907955408,-0.081596397,-0.007685930,0.410974383,-0.161276087,-0.256332010,-1.869597316,0.875771821,-0.091646165,-0.062292248,0.469834447,-0.266148210,-0.366062284,-1.839227796,0.971874654,-0.132311985,-0.078657642,-0.178230658
334,333358,57396,stationary,stationary_right_view,-0.491998911,1.635041952,-0.492517591,-0.039350875,0.902627528,0.393714070,0.169423580,-0.117541023,-0.210075706,-1.905192137,0.874491632,-0.174445242,0.027297962,0.451761186,0.010859203,-0.258570522,-1.919751406,0.925162971,-0.185537621,0.054460280,-0.326624095,-0.114992052,-0.339756817,-1.837405205,0.955929041,-0.204040453,-0.063515268,-0.201327920
335,333554,57592,stationary,stationary_right_view,-0.579082847,1.630271792,-0.561002135,-0.011709076,0.913417757,0.394257426,0.100459069,-0.039219309,-0.177429423,-1.940451264,0.865931451,-0.258977145,0.044040788,0.425621897,0.081062101,-0.235614643,-1.920323730,0.863096654,-0.261833400,0.004952545,0.431836665,-0.061534867,-0.308080256,-1.887573004,0.937063038,-0.263443530,-0.031664170,-0.226953357
336,333762,57800,stationary,stationary_right_view,-0.642431855,1.644693375,-0.606699347,-0.012195376,0.916634798,0.392540932,0.074454844,-0.022081051,-0.172732785,-1.992357373,0.867449105,-0.268559813,0.067353949,0.413365543,0.093953550,-0.229163483,-1.924002528,0.859615982,-0.275536209,0.007518671,0.430213541,-0.050578423,-0.293030083,-1.872509718,0.930728734,-0.267138064,-0.051381353,-0.244420156
337,333983,58021,stationary,stationary_right_view,-0.680179715,1.647305727,-0.620396137,-0.011790661,0.922877252,0.381391376,0.051954199,0.020452697,-0.219722763,-1.998720646,0.857993186,-0.282320887,0.084515601,0.420713305,0.133469343,-0.274253190,-1.920277357,0.842666149,-0.280219167,0.035579287,0.458394140,-0.016582536,-0.340817958,-1.900619388,0.929517508,-0.292669147,-0.066233084,-0.214371517
338,334178,58216,stationary,stationary_right_view,-0.699597478,1.645269990,-0.612319231,-0.006902307,0.920197785,0.390488625,0.026590021,0.078928113,-0.190352917,-2.013532877,0.860654056,-0.300381631,0.104893073,0.397546202,0.183317438,-0.246251285,-1.893230081,0.848360240,-0.306830764,0.031994034,0.430251330,0.031570345,-0.308977127,-1.897088051,0.923198164,-0.303433627,-0.051135592,-0.230257094
339,334386,58424,stationary,stationary_right_view,-0.717268348,1.642972708,-0.610525250,0.017940896,0.916642785,0.399098754,0.012817981,0.061246544,-0.162450194,-1.974309325,0.848876476,-0.328827977,0.075861759,0.406848758,0.164659902,-0.228420690,-1.891474724,0.843943536,-0.331754535,0.022965560,0.420916677,0.009638287,-0.283916324,-1.899116039,0.912741721,-0.329025447,-0.055726852,-0.235667855
340,334595,58633,stationary,stationary_right_view,-0.718585253,1.642838955,-0.605078340,0.010075046,0.916498423,0.399108410,0.025330989,0.030752882,-0.155898660,-1.968183517,0.849034965,-0.301465392,0.079379149,0.426564425,0.136983588,-0.224544436,-1.913781166,0.849176407,-0.321790993,0.024616154,0.418023944,-0.018219650,-0.279682249,-1.889866829,0.915401220,-0.321727544,-0.064433321,-0.233196050
341,334803,58841,stationary,stationary_right_view,-0.709990144,1.644740582,-0.595816016,0.006379172,0.917631686,0.396084964,0.032064524,0.025374033,-0.179127336,-1.980836272,0.851754427,-0.290325791,0.073068902,0.429984123,0.130982026,-0.244165450,-1.901214838,0.841020465,-0.310758442,0.032259509,0.441670865,-0.022412639,-0.300290287,-1.877865672,0.920307934,-0.318116814,-0.063738056,-0.218569100
342,335012,59050,stationary,stationary_right_view,-0.702527881,1.647625923,-0.594313502,0.010155692,0.919566929,0.391616970,0.030489800,0.029722311,-0.201974258,-1.978550196,0.856022894,-0.308950692,0.079631001,0.406734854,0.137746513,-0.266917288,-1.912306428,0.891847253,-0.275253266,0.081180647,-0.349648118,-0.017022654,-0.319927365,-1.869164586,0.921327412,-0.318507075,-0.055250451,-0.216001019
343,335233,59271,stationary,stationary_right_view,-0.700222135,1.647924542,-0.595558524,0.013389381,0.920533955,0.389432847,0.027928980,0.034685619,-0.212636948,-1.972321868,0.852288663,-0.315038264,0.079565808,0.409907579,0.142178968,-0.279011369,-1.910226107,0.845117509,-0.321540922,0.026610173,0.426238984,-0.012941655,-0.332555324,-1.878344536,0.920152783,-0.320751697,-0.051565796,-0.218582258
344,335443,59481,stationary,stationary_right_view,-0.702707410,1.647878766,-0.598146439,0.009605244,0.921769559,0.386275172,0.032251660,0.024910990,-0.226054728,-1.997505426,0.855873346,-0.305305451,0.084414303,0.408832043,0.132293597,-0.286191136,-1.901811242,0.843051851,-0.318476886,0.026511379,0.432588995,-0.021777723,-0.340786457,-1.867977738,0.921960056,-0.319298983,-0.057701297,-0.211443618
345,335651,59689,stationary,stationary_right_view,-0.704556823,1.647239923,-0.599774480,0.010044591,0.921725512,0.386048675,0.035883255,0.009143177,-0.221566081,-1.972424150,0.852284491,-0.306785524,0.077954419,0.416433573,0.118606269,-0.285944372,-1.917101622,0.847081184,-0.315451682,0.034169596,0.426352113,-0.035461135,-0.340650737,-1.874999285,0.921525776,-0.318998694,-0.059539974,-0.213272184
346,335859,59897,stationary,stationary_right_view,-0.706725001,1.647753596,-0.601366520,0.011630177,0.922521293,0.384116024,0.035695128,0.005377498,-0.227603108,-1.962953806,0.849309146,-0.309213310,0.075221099,0.421192288,0.113513947,-0.289217621,-1.892697334,0.835861802,-0.306368738,0.030643292,0.454460353,-0.040810466,-0.351693958,-1.891261101,0.922990978,-0.305669636,-0.051210258,-0.228103682
347,336066,60104,stationary,stationary_right_view,-0.709135532,1.648906946,-0.601408243,0.011034490,0.923343718,0.382363737,0.033356220,,,,,,,,0.120099023,-0.300666958,-1.901595473,0.894268990,-0.275279760,0.073018588,-0.345213413,-0.033715159,-0.356784940,-1.877743721,0.920674145,-0.321649551,-0.067687608,-0.210521087
348,336275,60313,stationary,stationary_right_view,-0.711492658,1.649213552,-0.601510286,0.010200785,0.923859417,0.381023794,0.034650538,,,,,,,,0.116190910,-0.304484367,-1.902763724,0.841621757,-0.315336257,0.026248971,0.437660724,-0.037596874,-0.360707819,-1.876425982,0.922732890,-0.319614232,-0.061715759,-0.206402406
349,336495,60533,stationary,stationary_right_view,-0.712462306,1.649323821,-0.602715611,0.011110971,0.923784614,0.381447196,0.031569600,,,,,,,,,,,,,,,-0.031576008,-0.358582437,-1.876443624,0.921702325,-0.322157711,-0.056746475,-0.208468333
350,336706,60744,stationary,stationary_right_view,-0.713634133,1.650082111,-0.604834914,0.010043650,0.923951149,0.381074697,0.031550828,0.016403716,-0.244772285,-2.003496408,0.854313254,-0.305297405,0.085099891,0.411947101,0.129221186,-0.313972801,-1.959877729,0.901953161,-0.277728856,0.102290042,-0.314458162,-0.030621368,-0.358459055,-1.874823213,0.921805024,-0.320733339,-0.054144412,-0.210888728
351,336915,60953,stationary,stationary_right_view,-0.713452101,1.649642229,-0.605154634,0.009926262,0.923667252,0.381901681,0.029855609,,,,,,,,0.127843261,-0.295193136,-1.876594782,0.837424517,-0.307825446,0.015585582,0.451354414,-0.023940559,-0.350318551,-1.859533072,0.919736505,-0.303670079,-0.038588829,-0.245723784
352,337123,61161,stationary,stationary_right_view,-0.713439226,1.649073720,-0.604283333,0.010667310,0.922985196,0.383574247,0.029245855,,,,,,,,0.129229635,-0.292477071,-1.905256033,0.892845154,-0.276166230,0.076053351,-0.347527981,-0.024812184,-0.345642567,-1.868767500,0.919453621,-0.316062212,-0.053147387,-0.227782935
353,337330,61368,stationary,stationary_right_view,-0.714598536,1.649055719,-0.603835106,0.008874563,0.922935903,0.383653820,0.030337775,,,,,,,,0.128854021,-0.292900920,-1.903041720,0.845626175,-0.315960228,0.028552582,0.429267198,-0.025633678,-0.348388612,-1.876391292,0.920667946,-0.319062650,-0.064156242,-0.215530813
354,337540,61578,stationary,stationary_right_view,-0.714305997,1.649112463,-0.603727818,0.008655233,0.923034430,0.383460283,0.029845510,0.022734284,-0.230268061,-1.970090032,0.847301662,-0.309715748,0.084600002,0.423082590,0.130997047,-0.295144588,-1.908574939,0.897479475,-0.283219516,0.078844547,-0.328786969,-0.022986775,-0.350127012,-1.881372929,0.921428144,-0.320179999,-0.058828842,-0.212118298
355,337761,61799,stationary,stationary_right_view,-0.713999629,1.649188519,-0.603821874,0.008989529,0.923349738,0.382673293,0.030093847,0.021649819,-0.234023064,-1.970645785,0.850683391,-0.309875697,0.082205154,0.416601837,0.129722625,-0.297348946,-1.904345155,0.847441614,-0.316779941,0.030492034,0.424927562,-0.024635272,-0.352584749,-1.876289248,0.922671676,-0.318261266,-0.056275599,-0.210285157
356,337969,62007,stationary,stationary_right_view,-0.713408828,1.649533749,-0.603818178,0.008995338,0.923580825,0.382081181,0.030520173,0.021603718,-0.237855896,-1.980757833,0.854506791,-0.305740744,0.085689068,0.411093891,0.129495203,-0.299247950,-1.906087637,0.836009562,-0.312531084,0.038214292,0.449390739,-0.025176279,-0.353823870,-1.869459748,0.922657132,-0.320288002,-0.055495344,-0.207460120
357,338178,62216,stationary,stationary_right_view,-0.713503003,1.649432898,-0.603946567,0.008031934,0.923294663,0.382728428,0.031328410,,,,,,,,0.125553086,-0.289567888,-1.860912085,0.837859869,-0.306294531,0.014829304,0.451613337,-0.025900513,-0.352909297,-1.878776908,0.921768606,-0.319123179,-0.066847444,-0.209843904
358,338399,62437,stationary,stationary_right_view,-0.713172674,1.649073243,-0.603948116,0.008130505,0.923103452,0.383132577,0.031990286,0.017612033,-0.232405409,-1.981065869,0.852092206,-0.307303429,0.083932638,0.415281624,0.125368044,-0.290983886,-1.886967421,0.843491912,-0.310485661,0.021768557,0.437774062,-0.028137842,-0.350008339,-1.878398657,0.922899425,-0.316952348,-0.053808521,-0.211901963
359,338609,62647,stationary,stationary_right_view,-0.712999225,1.649292707,-0.604703546,0.007474080,0.923197985,0.382801592,0.033354729,0.017839335,-0.241068631,-2.047853470,0.895958245,-0.290559232,-0.027860349,-0.334750623,,,,,,,,-0.029088765,-0.346389860,-1.858479977,0.920635760,-0.299817204,-0.041261747,-0.246651396
360,338817,62855,stationary,stationary_right_view,-0.713058591,1.649362922,-0.605094910,0.006987723,0.923326254,0.382469952,0.033713289,0.013830740,-0.232668504,-1.970179319,0.852027476,-0.304926306,0.086829670,0.416569084,0.123043835,-0.298447073,-1.921900988,0.896301806,-0.281116456,0.074634731,-0.334733099,-0.030810274,-0.355766684,-1.897931218,0.925427020,-0.318508565,-0.063835882,-0.195095181
361,339039,63077,stationary,stationary_right_view,-0.713547826,1.649023533,-0.604912877,0.006126150,0.922872126,0.383445621,0.035200059,0.010055803,-0.227611691,-1.964589477,0.850567639,-0.306841999,0.082303159,0.419057101,0.118394136,-0.290307760,-1.898307681,0.841686487,-0.314327657,0.028293924,0.438134015,-0.034265053,-0.349263102,-1.882594228,0.922813952,-0.316289961,-0.067253955,-0.209408700
362,339262,63300,stationary,stationary_right_view,-0.713988304,1.648411989,-0.604979038,0.005843642,0.922548294,0.384169281,0.035839055,0.007847492,-0.224506065,-1.968422890,0.853630006,-0.303131104,0.086712003,0.414618433,0.116717502,-0.288793743,-1.912700534,0.895178497,-0.275122434,0.074499540,-0.342655689,-0.036479034,-0.346968323,-1.892073870,0.924072385,-0.315141916,-0.063950844,-0.206606224
363,339455,63493,stationary,stationary_right_view,-0.714612842,1.647898674,-0.604931593,0.005458414,0.922127128,0.385099649,0.036742330,0.005155910,-0.219906062,-1.965154529,0.853125453,-0.302660167,0.088015281,0.415724814,0.113762841,-0.281468689,-1.895545721,0.842844009,-0.312567472,0.028481593,0.437154889,-0.038798735,-0.339614958,-1.873806238,0.921531558,-0.316529751,-0.073041670,-0.212728634
364,339622,63660,stationary,stationary_right_view,-0.714886427,1.647732735,-0.604967237,0.005070104,0.922222257,0.384934098,0.036141217,0.007679686,-0.220426798,-1.970066071,0.855044901,-0.301950008,0.090788931,0.411681652,0.116658509,-0.284726799,-1.913494468,0.894798219,-0.274533063,0.074428998,-0.344133884,-0.036506072,-0.342138827,-1.887531281,0.923689544,-0.312912583,-0.064369664,-0.211518019
365,339802,63840,stationary,stationary_right_view,-0.714858055,1.647381067,-0.605285406,0.005032851,0.922082841,0.385330319,0.035474598,0.009987742,-0.219294816,-1.976846814,0.852682173,-0.304980129,0.082091317,0.416150481,,,,,,,,-0.034309074,-0.339295208,-1.881278157,0.922202408,-0.319024652,-0.068930842,-0.207399398
366,339983,64021,stationary,stationary_right_view,-0.714852691,1.647830248,-0.606146455,0.004399542,0.922286451,0.384920806,0.034703262,,,,,,,,0.122036532,-0.282029510,-1.899803400,0.843361080,-0.312719256,0.029293353,0.435993940,-0.030792095,-0.339353263,-1.873052716,0.921280921,-0.316009641,-0.070902579,-0.215295658
367,340151,64189,stationary,stationary_right_view,-0.714638829,1.648339987,-0.606840134,0.004554717,0.922484100,0.384448767,0.034662545,0.013372116,-0.223416761,-1.981406450,0.851452649,-0.301201969,0.080992870,0.421599209,0.123223245,-0.286427140,-1.921688557,0.849149823,-0.314084440,0.036444239,0.423045337,-0.030650359,-0.340724885,-1.873518229,0.922667861,-0.314587623,-0.068701781,-0.212128967
368,340318,64356,stationary,stationary_right_view,-0.714370370,1.648660421,-0.607441187,0.004834160,0.922611535,0.384126872,0.034801841,0.012848418,-0.224908873,-1.990735292,0.853720546,-0.300810695,0.083351649,0.416805357,0.122197881,-0.286076784,-1.917269945,0.847535670,-0.311982453,0.032347914,0.428140074,-0.032037359,-0.340941697,-1.874455929,0.922625840,-0.315369904,-0.060104441,-0.213754281
369,340513,64551,stationary,stationary_right_view,-0.714584351,1.648690939,-0.607618928,0.004671338,0.922611594,0.384095877,0.035161082,,,,,,,,0.121919021,-0.287420958,-1.925706267,0.896626770,-0.272106916,0.069735840,-0.342279375,,,,,,,
370,340677,64715,stationary,stationary_right_view,-0.715356708,1.648493886,-0.607785344,0.003959656,0.922578514,0.384178996,0.035209719,0.012422983,-0.223922610,-1.984833837,0.851937354,-0.299588650,0.081857488,0.421602607,0.121858373,-0.286764383,-1.922858834,0.896261156,-0.273520440,0.070077628,-0.342040479,-0.031962436,-0.340384841,-1.873747945,0.922580123,-0.314785302,-0.065780409,-0.213141039
371,340860,64898,stationary,stationary_right_view,-0.715455532,1.648125410,-0.607908726,0.003520444,0.922227085,0.384927571,0.036271129,,,,,,,,0.118824884,-0.281953782,-1.920932651,0.849870741,-0.313055217,0.035135247,0.422470868,-0.033282951,-0.331827581,-1.850335360,0.920008421,-0.298269361,-0.047182370,-0.249787390
372,341024,65062,stationary,stationary_right_view,-0.715446234,1.647716284,-0.608209133,0.003533945,0.921978116,0.385502219,0.036496460,,,,,,,,0.118245423,-0.278595239,-1.920486927,0.847922683,-0.310359240,0.039214745,0.427979559,-0.035814464,-0.338871598,-1.898982286,0.923994720,-0.314305812,-0.066203669,-0.207515538
373,341206,65244,stationary,stationary_right_view,-0.715510845,1.647269011,-0.608093858,0.004325614,0.921665907,0.386277616,0.036095325,0.008313939,-0.216461092,-1.999223590,0.856994748,-0.298890352,0.090004057,0.410029113,0.116228342,-0.275642872,-1.908917189,0.846568227,-0.312724829,0.029059205,0.429745257,-0.036882557,-0.332629502,-1.880164385,0.922171533,-0.314848065,-0.064334914,-0.215247363
374,341428,65466,stationary,stationary_right_view,-0.716212153,1.647436380,-0.608172297,0.004454138,0.921658516,0.386140853,0.037696540,,,,,,,,0.109931603,-0.273596853,-1.899169683,0.843961775,-0.311790764,0.027244657,0.435629219,-0.042507611,-0.332758129,-1.880508900,0.922037184,-0.315462500,-0.075222299,-0.211358622
375,341637,65675,stationary,stationary_right_view,-0.716282010,1.647063255,-0.608417869,0.004765333,0.921467960,0.386602372,0.037586775,0.003483448,-0.220439002,-2.060343981,0.901233017,-0.298415631,-0.028472578,-0.312916070,0.114344895,-0.279937088,-1.971958876,0.858933628,-0.306317836,0.020988867,0.409831554,-0.041158512,-0.324429214,-1.855285883,0.918700159,-0.301235855,-0.051960431,-0.250094205
376,341844,65882,stationary,stationary_right_view,-0.715925217,1.647382736,-0.608901501,0.005080089,0.921949327,0.385447890,0.037596233,0.004107714,-0.223180935,-2.049629688,0.893959939,-0.291473031,-0.032919187,-0.338814676,0.110500500,-0.275939375,-1.899859548,0.848434985,-0.310179383,0.024213696,0.428206176,-0.042030111,-0.333530903,-1.874732852,0.922129273,-0.313684881,-0.058721896,-0.218703404
377,342038,66076,stationary,stationary_right_view,-0.715324521,1.647462606,-0.609504819,0.005687235,0.921939373,0.385605544,0.036108732,0.006009758,-0.213496327,-1.975676894,0.843280673,-0.297436178,0.081299014,0.440227091,0.114622027,-0.279383063,-1.917364597,0.897878826,-0.284387052,0.067896128,-0.329131842,-0.037077151,-0.330225170,-1.862169862,0.919037223,-0.300612360,-0.047668327,-0.250460625
378,342260,66298,stationary,stationary_right_view,-0.715427756,1.647275209,-0.609415293,0.005333812,0.921864510,0.385801107,0.035985112,0.007042237,-0.215187773,-1.991881847,0.852425158,-0.303157181,0.083998732,0.417625755,0.115292817,-0.273405552,-1.901805162,0.838390827,-0.308452845,0.036933534,0.447876781,-0.037472613,-0.332736284,-1.881831884,0.921991944,-0.315404207,-0.065721110,-0.214783207
379,342469,66507,stationary,stationary_right_view,-0.715559602,1.647082329,-0.609575629,0.004302099,0.921613932,0.386400700,0.036108222,0.008291855,-0.209769666,-1.977873206,0.847128332,-0.287075847,0.075506099,0.440749258,0.117538869,-0.273801386,-1.918571472,0.847889483,-0.309821844,0.033184849,0.428943664,-0.036167838,-0.326097637,-1.864242673,0.917387128,-0.304576010,-0.051262263,-0.251010895
380,342677,66715,stationary,stationary_right_view,-0.715462685,1.647342682,-0.610252738,0.004522620,0.921935141,0.385625899,0.036164071,0.007452324,-0.216027766,-1.997087836,0.853334725,-0.302448422,0.082395196,0.416600317,0.115595683,-0.273729742,-1.903413534,0.838024735,-0.308459520,0.038759857,0.448402733,-0.038833007,-0.312412649,-1.770321965,0.856817484,-0.294111282,0.133320555,0.401980132
381,342886,66924,stationary,stationary_right_view,-0.715665221,1.647590041,-0.610945582,0.004173546,0.922170639,0.385055482,0.036279917,0.007458378,-0.217499822,-1.992996335,0.856220067,-0.303051919,0.083161190,0.410037756,0.115660802,-0.274351031,-1.883676052,0.846669137,-0.303646445,0.014361301,0.436742485,-0.035224609,-0.339463294,-1.915722847,0.919492066,-0.304812402,-0.040102709,-0.244980648
382,343093,67131,stationary,stationary_right_view,-0.715477943,1.647798300,-0.611806154,0.003996074,0.922323823,0.384681344,0.036375433,0.007495120,-0.217989355,-1.994175434,0.856430829,-0.303048462,0.086851276,0.408833444,0.116424561,-0.277649164,-1.908384562,0.841457486,-0.308825940,0.036153112,0.441892356,-0.036612652,-0.340839207,-1.908012152,0.925097227,-0.312211931,-0.065305203,-0.206043854
383,343318,67356,stationary,stationary_right_view,-0.714995623,1.647908449,-0.612712860,0.004620670,0.922327101,0.384669185,0.036345478,0.008589201,-0.223787010,-2.047911882,0.862596452,-0.303782791,0.073090889,0.397870719,0.114243165,-0.276833862,-1.898129225,0.843916118,-0.312292933,0.030076185,0.435171366,-0.038001228,-0.337178975,-1.888663888,0.922284186,-0.315312296,-0.064605117,-0.214000478
384,343525,67563,stationary,stationary_right_view,-0.714879990,1.648277760,-0.613474369,0.004428132,0.922633469,0.383902162,0.036702037,0.005453374,-0.220194668,-1.985731244,0.852026045,-0.303415716,0.084325209,0.418186277,0.115845263,-0.284080029,-1.932443738,0.849065959,-0.314233094,0.039004333,0.422874928,-0.037075646,-0.333179563,-1.856400251,0.918603599,-0.301263839,-0.048497312,-0.251108676
385,343732,67770,stationary,stationary_right_view,-0.715134382,1.648337364,-0.613814831,0.004260527,0.922841847,0.383417279,0.036550645,0.004526298,-0.220588148,-1.967268229,0.844187260,-0.286639035,0.074982174,0.446725398,0.115621701,-0.281563044,-1.905521512,0.845298886,-0.311931998,0.033606652,0.432479858,-0.036336713,-0.336576760,-1.871301770,0.917739630,-0.301267028,-0.055413518,-0.252827108
386,343940,67978,stationary,stationary_right_view,-0.714622855,1.648837090,-0.614470601,0.004921017,0.923294187,0.382367492,0.036037803,,,,,,,,0.116442293,-0.286910057,-1.910579443,0.845112801,-0.312894434,0.030876424,0.432351768,-0.035164833,-0.347519517,-1.913153529,0.920748293,-0.305481136,-0.037474301,-0.239790663
387,344164,68202,stationary,stationary_right_view,-0.714405060,1.649437189,-0.615522146,0.004972114,0.923796237,0.381121010,0.036367621,,,,,,,,0.114241764,-0.290513873,-1.901865840,0.840548873,-0.311607093,0.026474793,0.442354709,-0.037720289,-0.349113166,-1.885443926,0.921792209,-0.311717063,-0.062246356,-0.221939221
388,344373,68411,stationary,stationary_right_view,-0.715046763,1.649418831,-0.616771340,0.004778522,0.923910677,0.380778402,0.037067827,0.003860611,-0.234222710,-1.999187827,0.853416502,-0.298424721,0.090943754,0.417555004,0.112594157,-0.292181671,-1.912901640,0.837789059,-0.307601541,0.037773713,0.449515224,-0.040473554,-0.352218628,-1.897040248,0.923998117,-0.315303564,-0.067120858,-0.205684215
389,344581,68619,stationary,stationary_right_view,-0.715055704,1.649427176,-0.617398143,0.004736051,0.924200535,0.380066007,0.037158784,,,,,,,,0.113581508,-0.293118715,-1.903313994,0.841271639,-0.302118063,0.027328108,0.447481751,-0.039719552,-0.354736984,-1.899283767,0.924737036,-0.314907014,-0.064517751,-0.203795329
390,344789,68827,stationary,stationary_right_view,-0.714908481,1.649660349,-0.617678046,0.004654287,0.924464583,0.379455626,0.036838349,,,,,,,,0.114382043,-0.298880875,-1.923684478,0.897199214,-0.279273033,0.071844079,-0.334482551,-0.038752161,-0.355854034,-1.895295858,0.922571242,-0.317874908,-0.071340755,-0.206708401
391,344998,69036,stationary,stationary_right_view,-0.715086818,1.649659276,-0.618063807,0.004479900,0.924297810,0.379859060,0.036886279,0.004836034,-0.234224036,-1.987419486,0.852026343,-0.302935719,0.084321320,0.418534368,0.115187392,-0.296678096,-1.927855492,0.846544623,-0.312099934,0.036632650,0.429667205,-0.038961548,-0.352410495,-1.886691809,0.921399355,-0.318359405,-0.069857925,-0.211637467
392,345205,69243,stationary,stationary_right_view,-0.715209126,1.649521828,-0.618226051,0.004266426,0.924389362,0.379608363,0.037197582,0.004628766,-0.235440969,-1.995316982,0.854569554,-0.301945657,0.086921237,0.413502514,0.114737183,-0.296668589,-1.925604939,0.844936311,-0.309768766,0.039092753,0.434278399,-0.039111741,-0.354050726,-1.894244552,0.922862470,-0.317162752,-0.069832958,-0.207017034
393,345415,69453,stationary,stationary_right_view,-0.715210438,1.649542570,-0.618669629,0.003898875,0.924454093,0.379483491,0.036901653,,,,,,,,0.119921118,-0.302685261,-1.977528095,0.847193599,-0.295252651,0.042098444,0.439677805,-0.037128959,-0.359249532,-1.914399028,0.926789880,-0.312910169,-0.064615861,-0.197414726
394,345637,69675,stationary,stationary_right_view,-0.715165257,1.649563670,-0.618938088,0.004010780,0.924443901,0.379520893,0.036761340,0.005917206,-0.232876062,-1.978157401,0.848460317,-0.305487365,0.080559961,0.424620688,0.115969107,-0.297927022,-1.928615570,0.901108503,-0.283169746,0.070402585,-0.320720732,-0.036434993,-0.346827418,-1.861654639,0.919378817,-0.303166687,-0.050517097,-0.245521083
395,345844,69882,stationary,stationary_right_view,-0.714931846,1.649452209,-0.619277239,0.004072517,0.924309194,0.379825801,0.036991239,0.008202557,-0.244259164,-2.068575144,0.902820349,-0.298379213,-0.027308956,-0.308446914,0.114959940,-0.293802202,-1.915527105,0.845076799,-0.309369653,0.032294881,0.434847832,-0.038384110,-0.349512428,-1.877610087,0.921891212,-0.315099835,-0.071350962,-0.213863805
396,346065,70103,stationary,stationary_right_view,-0.714746356,1.649725080,-0.620060325,0.004450439,0.924675286,0.378977776,0.036493182,0.006815527,-0.237505883,-1.995345473,0.850167215,-0.301617205,0.085936874,0.422915637,0.114957213,-0.295234114,-1.904178619,0.840804160,-0.313338965,0.029299162,0.440464169,-0.037163138,-0.357721806,-1.903839350,0.925535858,-0.313132465,-0.062066413,-0.203664422
397,346275,70313,stationary,stationary_right_view,-0.714555979,1.649868250,-0.620503783,0.004931124,0.924588680,0.379150987,0.036823876,0.004237216,-0.242148995,-2.049797058,0.862975001,-0.291637599,0.094264679,0.401666343,0.113523066,-0.296438575,-1.916549206,0.839441001,-0.308803350,0.036872376,0.445667714,-0.040051173,-0.353362471,-1.887086630,0.917676210,-0.293399453,-0.054716453,-0.262284726
398,346483,70521,stationary,stationary_right_view,-0.714710593,1.649981976,-0.621115923,0.004900517,0.924666047,0.378945351,0.037001699,0.003602881,-0.238067076,-1.996722698,0.850449860,-0.299767256,0.081934802,0.424454212,0.112521693,-0.296927273,-1.912776113,0.842451155,-0.311775565,0.029954437,0.438377500,-0.040327072,-0.357031077,-1.902139783,0.924989820,-0.315115422,-0.066041082,-0.201828316
399,346706,70744,stationary,stationary_right_view,-0.714570284,1.650481462,-0.622023106,0.005116208,0.925230742,0.377582639,0.036786593,,,,,,,,0.113637596,-0.303031981,-1.920017123,0.843961298,-0.312115192,0.033436257,0.434966058,-0.039702725,-0.361631572,-1.901637435,0.923785746,-0.316509247,-0.071046025,-0.203455821
400,346900,70938,stationary,stationary_right_view,-0.714740038,1.650702715,-0.623011589,0.005712938,0.925536633,0.376677871,0.038251132,-0.001618192,-0.245772690,-1.991444588,0.849158168,-0.300465852,0.086951837,0.425546736,0.107210264,-0.304459453,-1.908875465,0.838555157,-0.313158423,0.023631420,0.445195109,-0.044206750,-0.364039272,-1.899943948,0.921588600,-0.300825715,-0.061070848,-0.237589374
401,347108,71146,stationary,stationary_right_view,-0.714568257,1.650583506,-0.623091102,0.005726739,0.925530434,0.376671642,0.038459688,,,,,,,,0.101520300,-0.289971024,-1.814730048,0.896463513,-0.275112689,0.046928152,-0.344185889,-0.044818643,-0.357744098,-1.870491624,0.918708444,-0.303017348,-0.054047979,-0.247455299
402,347317,71355,stationary,stationary_right_view,-0.714316964,1.650369167,-0.623043656,0.006433934,0.925411820,0.377043664,0.037545208,-0.000391997,-0.244940311,-2.000143290,0.853786647,-0.302080005,0.084769756,0.415463805,,,,,,,,-0.044648126,-0.360864252,-1.890095830,0.922539234,-0.317586452,-0.068366252,-0.208293661
403,347525,71563,stationary,stationary_right_view,-0.714690804,1.650548816,-0.623139262,0.005149308,0.925714016,0.376304120,0.037713140,0.002295911,-0.250170916,-2.019886255,0.853384912,-0.298845917,0.084501378,0.418670326,0.109967127,-0.303382516,-1.899780989,0.839630306,-0.308168113,0.020576108,0.446799755,-0.042308461,-0.362741113,-1.885945559,0.922724545,-0.317150414,-0.068258017,-0.208172649
404,347747,71785,stationary,stationary_right_view,-0.715033770,1.650505781,-0.623002291,0.004340840,0.925534904,0.376686186,0.038390223,,,,,,,,,,,,,,,-0.041424070,-0.360705882,-1.884772420,0.921878695,-0.298102677,-0.049762964,-0.242483318
405,347956,71994,stationary,stationary_right_view,-0.714714408,1.650451422,-0.622651458,0.004543096,0.925515950,0.376862854,0.037068043,0.005058143,-0.250849664,-2.056902885,0.863669991,-0.297764421,0.087097503,0.397271395,0.112873256,-0.300953567,-1.904290199,0.906940043,-0.283150882,0.104455374,-0.293895185,-0.038945820,-0.360371441,-1.883931279,0.921289980,-0.317857444,-0.067769490,-0.213538468
406,348163,72201,stationary,stationary_right_view,-0.714203954,1.650084019,-0.622396588,0.003320649,0.925272882,0.377703816,0.034624700,,,,,,,,0.124572441,-0.299621582,-1.912396431,0.893302381,-0.268644899,0.067223318,-0.354008198,-0.026770156,-0.361381471,-1.915771484,0.920826197,-0.302640766,-0.034971751,-0.243443385
407,348373,72411,stationary,stationary_right_view,-0.714166641,1.650069833,-0.622189283,0.003301276,0.925221026,0.377721548,0.035800129,,,,,,,,0.120132759,-0.298542917,-1.905133247,0.842911839,-0.310263783,0.034110431,0.438260823,-0.031309787,-0.358095407,-1.894720674,0.921351731,-0.300430417,-0.054590736,-0.240566730
408,348581,72619,stationary,stationary_right_view,-0.714062572,1.649867058,-0.622412205,0.003511610,0.925257027,0.377616376,0.035957459,,,,,,,,0.122689337,-0.306203723,-1.959048152,0.855953515,-0.300524652,0.027627366,0.419839561,-0.031653259,-0.360431314,-1.903668046,0.922676980,-0.297039390,-0.056897085,-0.239159986
409,348803,72841,stationary,stationary_right_view,-0.714406848,1.649775028,-0.622356892,0.003836825,0.925408483,0.377254754,0.035822928,0.010503441,-0.243272588,-1.998083115,0.850877762,-0.301389068,0.084403142,0.421957135,0.119373947,-0.302721858,-1.917572141,0.843970537,-0.310949951,0.033379480,0.435786247,-0.033022575,-0.369872034,-1.943876386,0.927191079,-0.316728920,-0.063896514,-0.189517125
410,349012,73050,stationary,stationary_right_view,-0.715219021,1.649485588,-0.622157574,0.003591229,0.925186157,0.377763629,0.036226157,0.008584611,-0.238182530,-1.978202224,0.852763712,-0.301583409,0.090359367,0.416745394,0.118627548,-0.300890505,-1.923526525,0.843460977,-0.308163553,0.040193543,0.438170403,-0.035008591,-0.358431339,-1.894672871,0.923276067,-0.316391706,-0.065791555,-0.207675457
411,349234,73272,stationary,stationary_right_view,-0.716108203,1.649178624,-0.622004986,0.003089577,0.924833357,0.378562838,0.036930826,,,,,,,,0.114916340,-0.293660343,-1.901264787,0.842624247,-0.308119118,0.030257422,0.440603584,-0.036847908,-0.359214991,-1.914712429,0.927120745,-0.311035097,-0.064720780,-0.198784977
412,349442,73480,stationary,stationary_right_view,-0.716605544,1.649117470,-0.622112513,0.002390208,0.924702346,0.378883690,0.036973923,,,,,,,,,,,,,,,-0.036299467,-0.355200142,-1.902407646,0.924495578,-0.312407017,-0.065130673,-0.208489180
413,349650,73688,stationary,stationary_right_view,-0.716789365,1.649202228,-0.621987462,0.001854703,0.924784660,0.378627390,0.037566308,,,,,,,,0.115443185,-0.297357827,-1.928902984,0.844032168,-0.309487015,0.040898230,0.436067432,,,,,,,
414,349859,73897,stationary,stationary_right_view,-0.716643810,1.649320602,-0.622107625,0.001972140,0.924782932,0.378612339,0.037754420,0.004393302,-0.235819548,-1.989970326,0.852961898,-0.296485633,0.091088198,0.419827670,0.112754151,-0.292519271,-1.904630899,0.906642854,-0.283096731,0.101897769,-0.295756370,-0.037136063,-0.350741595,-1.877562761,0.920272350,-0.298393786,-0.052325983,-0.247632682
415,350066,74104,stationary,stationary_right_view,-0.716434360,1.649438381,-0.622211218,0.001855178,0.924620211,0.378978997,0.038065642,0.004655268,-0.232722938,-1.984652042,0.844810486,-0.287714511,0.081684932,0.443670154,0.110513523,-0.289524555,-1.893753886,0.901570916,-0.270907104,0.094882764,-0.323692024,-0.039130583,-0.352138966,-1.886782050,0.923273027,-0.314366519,-0.069304414,-0.209612787
416,350275,74313,stationary,stationary_right_view,-0.716023207,1.649511337,-0.622127056,0.001884761,0.924782753,0.378646344,0.037419200,0.007135585,-0.236596212,-1.996216774,0.852568448,-0.298720717,0.092378825,0.418759048,0.117161199,-0.296746641,-1.923989415,0.895574391,-0.269030035,0.063747726,-0.348576486,-0.035462759,-0.354441702,-1.896836638,0.921432257,-0.300236255,-0.061829206,-0.238742396
417,350483,74521,stationary,stationary_right_view,-0.715667963,1.649354458,-0.622086167,0.002367392,0.924616396,0.378987789,0.038042508,,,,,,,,0.113876745,-0.296544909,-1.929645538,0.897710145,-0.273422718,0.067307934,-0.338860124,-0.039553374,-0.351696074,-1.888985753,0.922603190,-0.315318972,-0.076702185,-0.208552390
418,350692,74730,stationary,stationary_right_view,-0.715604067,1.649310708,-0.621567488,0.002883018,0.924493432,0.379288077,0.038001806,0.003235556,-0.236164302,-2.011740208,0.853714287,-0.299249887,0.086337000,0.417333573,0.111448690,-0.291562557,-1.904518247,0.840995908,-0.311548531,0.026710620,0.441531450,,,,,,,
419,350885,74923,stationary,stationary_right_view,-0.715705276,1.648979902,-0.620902777,0.003541021,0.924140632,0.380157620,0.037838671,0.002661988,-0.231715217,-2.010436535,0.853819907,-0.301145822,0.084396742,0.416148990,0.111298412,-0.288788497,-1.909961462,0.844808936,-0.309477597,0.028216893,0.435574681,-0.040324807,-0.343679339,-1.873160362,0.921669126,-0.302009672,-0.053468619,-0.237607405
420,351095,75133,stationary,stationary_right_view,-0.716007471,1.648736715,-0.620610237,0.003184736,0.923821568,0.380970210,0.037487358,0.004039645,-0.226579830,-1.994850636,0.855291665,-0.299903154,0.086485907,0.413587302,0.114054725,-0.284250230,-1.909332991,0.838351309,-0.299210787,0.033546183,0.454438776,-0.039474428,-0.345723897,-1.897280216,0.922971606,-0.316142648,-0.069155112,-0.208314225
421,351303,75341,stationary,stationary_right_view,-0.715909600,1.648273230,-0.620516300,0.003315778,0.923561096,0.381574005,0.037752327,0.002725322,-0.223754883,-1.992782116,0.852586985,-0.299751848,0.088696919,0.418780535,0.111360759,-0.282206178,-1.905443788,0.842698812,-0.311033279,0.028618144,0.438517958,-0.040881775,-0.343844414,-1.900085092,0.924044132,-0.311825305,-0.066726297,-0.210843474
422,351511,75549,stationary,stationary_right_view,-0.715507030,1.648226261,-0.620943189,0.004390790,0.923532546,0.381624818,0.037826948,,,,,,,,0.109242260,-0.285711169,-1.922155976,0.894243538,-0.276077718,0.074597910,-0.344303340,-0.040386271,-0.324164450,-1.795263410,0.915607274,-0.310478061,-0.111919135,-0.229653642
423,351720,75758,stationary,stationary_right_view,-0.715029836,1.648264766,-0.620901942,0.005406797,0.923300803,0.382183760,0.037708610,,,,,,,,0.109968320,-0.284954488,-1.935389161,0.895698428,-0.275198191,0.063513577,-0.343447715,-0.044759385,-0.338686973,-1.887596488,0.920986056,-0.316984564,-0.070145138,-0.215372235
424,351928,75966,stationary,stationary_right_view,-0.715035439,1.648063660,-0.620587707,0.005230755,0.923084259,0.382713854,0.037659440,,,,,,,,0.109463796,-0.281829119,-1.925566316,0.895126522,-0.277342856,0.073410235,-0.341233730,-0.043718398,-0.339115530,-1.901145697,0.921532750,-0.318223208,-0.072310619,-0.210434064
425,352137,76175,stationary,stationary_right_view,-0.714874625,1.647982836,-0.621092319,0.004999742,0.923059046,0.382781297,0.037623227,,,,,,,,0.109576985,-0.281522840,-1.924507976,0.895467997,-0.277703136,0.071728215,-0.340401471,-0.043259699,-0.337879688,-1.894680381,0.920678079,-0.318117827,-0.071165711,-0.214682028
426,352344,76382,stationary,stationary_right_view,-0.714806914,1.647948265,-0.621242523,0.004960371,0.922994077,0.382884532,0.038167533,,,,,,,,0.108387023,-0.279268652,-1.917681932,0.846989930,-0.310165495,0.030634815,0.430658787,-0.043917187,-0.337569237,-1.900359869,0.920221508,-0.301935315,-0.062497407,-0.241084084
427,352553,76591,stationary,stationary_right_view,-0.714616776,1.647592545,-0.620780230,0.005308002,0.922646046,0.383750856,0.037834346,-0.000807624,-0.212674811,-1.977862716,0.853052080,-0.299039006,0.089634337,0.418142974,0.108987108,-0.275199026,-1.919075966,0.841493249,-0.308765411,0.032348257,0.442161292,-0.043623179,-0.333709508,-1.901538491,0.918879688,-0.303597957,-0.064911276,-0.243464410
428,352775,76813,stationary,stationary_right_view,-0.714375973,1.647561073,-0.620575309,0.005101665,0.922633708,0.383788466,0.037781563,,,,,,,,0.109272584,-0.276844591,-1.922424078,0.895021141,-0.277250975,0.071391031,-0.342012346,,,,,,,
429,352997,77035,stationary,stationary_right_view,-0.714107633,1.647356272,-0.620594621,0.004681661,0.922501445,0.384064078,0.038261857,-0.000427183,-0.213646889,-1.998949170,0.856887817,-0.300874203,0.080489270,0.410779148,0.109816015,-0.271684498,-1.911667466,0.840001404,-0.299162269,0.031651009,0.451550394,-0.043970298,-0.332647651,-1.897948861,0.921464562,-0.316386551,-0.071690544,-0.213689327
430,353205,77243,stationary,stationary_right_view,-0.714080572,1.647501349,-0.621146798,0.005523590,0.922991574,0.382801712,0.038973868,,,,,,,,0.108568490,-0.285556912,-1.972943187,0.855204761,-0.301505089,0.039947368,0.419670999,-0.045889415,-0.334125549,-1.881454945,0.919461548,-0.299235523,-0.050829168,-0.249930024
431,353427,77465,stationary,stationary_right_view,-0.713412046,1.647867441,-0.621937513,0.006392044,0.923335433,0.382082552,0.037733190,0.000227585,-0.219818845,-1.988994002,0.846637964,-0.287850827,0.075804614,0.441134661,0.108570993,-0.284765154,-1.926548600,0.838006914,-0.303407401,0.040001441,0.451761216,-0.043921180,-0.335418373,-1.873306751,0.919672847,-0.305990458,-0.054956287,-0.239898890
432,353635,77673,stationary,stationary_right_view,-0.713484645,1.648398280,-0.623193264,0.005920304,0.923718393,0.381104350,0.038325429,-0.001580266,-0.228205487,-2.020719290,0.855305612,-0.299655765,0.082922459,0.414466709,0.106408387,-0.284051567,-1.910592437,0.843355954,-0.310420930,0.025375640,0.437887728,-0.046004158,-0.343266994,-1.894219160,0.922447741,-0.315368235,-0.068594158,-0.211961985
433,353844,77882,stationary,stationary_right_view,-0.713425159,1.648705721,-0.623789430,0.005374399,0.923882008,0.380703211,0.038448721,-0.000257064,-0.224349409,-1.988877892,0.845734239,-0.287698209,0.072516128,0.443514109,0.112881377,-0.297093719,-1.997969866,0.859137714,-0.306047320,0.019630294,0.409673154,-0.045105457,-0.341751695,-1.881433129,0.921211243,-0.314987957,-0.068191864,-0.217950135
434,354053,78091,stationary,stationary_right_view,-0.713284135,1.648552299,-0.624094605,0.005054904,0.923704922,0.381061167,0.039192319,,,,,,,,0.104671776,-0.282076716,-1.901063204,0.841116369,-0.304536968,0.019305075,0.446551085,-0.044318333,-0.323955953,-1.793560624,0.914404690,-0.310998678,-0.115032442,-0.232188359
435,354260,78298,stationary,stationary_right_view,-0.713152170,1.648626328,-0.624770403,0.005148665,0.923948586,0.380472511,0.039155487,-0.003791966,-0.225300506,-1.990711570,0.850786030,-0.302068383,0.080835655,0.422354668,0.106489107,-0.288145214,-1.930083513,0.848030388,-0.311544031,0.030469626,0.427617162,-0.047028020,-0.341856062,-1.879538536,0.919901967,-0.317957401,-0.075283356,-0.216831475
436,354483,78521,stationary,stationary_right_view,-0.713372827,1.648740768,-0.625238299,0.005241854,0.924081922,0.380052805,0.040062990,,,,,,,,0.105893210,-0.294995010,-1.961351514,0.894103289,-0.252287179,0.076492026,-0.362049043,-0.048531599,-0.347033858,-1.904366255,0.921662211,-0.300681204,-0.060311586,-0.237680733
437,354692,78730,stationary,stationary_right_view,-0.713705420,1.648534417,-0.625271440,0.005025433,0.923996210,0.380219311,0.040484879,-0.008821286,-0.226666734,-2.001324892,0.853798032,-0.299392641,0.079775959,0.418364435,0.101845339,-0.289348543,-1.937950134,0.897215962,-0.276798606,0.062478617,-0.338352621,-0.051608872,-0.341650218,-1.879692435,0.920216680,-0.317089528,-0.079360262,-0.215307698
438,354899,78937,stationary,stationary_right_view,-0.713150620,1.648091078,-0.624844193,0.005880322,0.923683643,0.381039351,0.039786093,,,,,,,,0.108098030,-0.292416364,-1.985731363,0.847989917,-0.273835599,0.005079814,0.453763545,-0.049075302,-0.336176455,-1.870068431,0.917060375,-0.303063393,-0.056319974,-0.252944410
439,355122,79160,stationary,stationary_right_view,-0.712359548,1.648206711,-0.625069380,0.006453814,0.923756123,0.380835295,0.039968286,,,,,,,,0.100521117,-0.281686962,-1.901754856,0.840614796,-0.302927792,0.020142119,0.448548555,-0.050015911,-0.339013666,-1.883121252,0.918997586,-0.298805416,-0.051223684,-0.252061278
440,355331,79369,stationary,stationary_right_view,-0.711790800,1.648349762,-0.625731230,0.006741881,0.923791945,0.380763143,0.039779987,-0.007716579,-0.222149760,-1.979296207,0.849596918,-0.301011324,0.083403409,0.424995512,0.101627037,-0.286601037,-1.928843021,0.895411313,-0.280669957,0.071088970,-0.338244498,-0.049422201,-0.338145345,-1.879190087,0.917762101,-0.301823884,-0.054621480,-0.252253085
441,355539,79577,stationary,stationary_right_view,-0.711092830,1.648649693,-0.626043200,0.007187321,0.924028456,0.380201370,0.039580945,-0.006216891,-0.227385744,-2.007571697,0.852382779,-0.302341372,0.082866520,0.418528974,0.103913844,-0.288001060,-1.930034876,0.845788538,-0.309804410,0.028740078,0.433401644,-0.049938656,-0.342474788,-1.885269880,0.921184957,-0.316395640,-0.069946028,-0.215452343
442,355761,79799,stationary,stationary_right_view,-0.710162401,1.648972511,-0.626680613,0.007778913,0.924313784,0.379561394,0.038945343,-0.004876845,-0.228650510,-1.990443468,0.851120293,-0.299677670,0.083053112,0.422953665,0.104506522,-0.289049536,-1.920113802,0.838051200,-0.307556272,0.033556476,0.449392170,-0.047795221,-0.345942557,-1.896557093,0.918103576,-0.305776656,-0.065631412,-0.243472695
443,355968,80006,stationary,stationary_right_view,-0.709822655,1.649408817,-0.627718449,0.008082000,0.924887359,0.378129989,0.039188866,-0.005721074,-0.237213984,-2.017842054,0.853170812,-0.299727529,0.082254209,0.418923914,0.103468090,-0.294960558,-1.922725677,0.842208743,-0.311520904,0.025845528,0.439284921,-0.049587917,-0.353585333,-1.903493643,0.923504710,-0.314783633,-0.065521494,-0.209182411
444,356178,80216,stationary,stationary_right_view,-0.709994316,1.649741650,-0.628307819,0.007831396,0.925232172,0.377235711,0.039715674,,,,,,,,0.101908788,-0.298584223,-1.928171277,0.838700354,-0.310808986,0.034636311,0.445847303,-0.049771495,-0.351836354,-1.883313775,0.919578314,-0.301071674,-0.050659940,-0.247315913
445,356400,80438,stationary,stationary_right_view,-0.710088730,1.649794102,-0.628390312,0.008464381,0.925268292,0.377162904,0.039435029,,,,,,,,0.101134166,-0.298765332,-1.922047615,0.842737257,-0.312505364,0.027132615,0.437490761,-0.052031640,-0.358346105,-1.910554051,0.923102140,-0.318729728,-0.071673252,-0.202871352
446,356595,80633,stationary,stationary_right_view,-0.711128592,1.649454713,-0.627803922,0.008115038,0.924929917,0.377966464,0.039751831,,,,,,,,0.098412573,-0.287823677,-1.894143581,0.911631584,-0.266576350,0.064733431,-0.306062907,-0.052849986,-0.353098363,-1.901127219,0.922937214,-0.317717791,-0.071431600,-0.205279768
447,356816,80854,stationary,stationary_right_view,-0.711487174,1.648819208,-0.626835942,0.007868332,0.924375951,0.379318774,0.039806336,-0.009412795,-0.229811937,-1.998541594,0.851439536,-0.300824612,0.080992706,0.421895146,0.100212544,-0.289285392,-1.920619488,0.838903904,-0.306443632,0.034356814,0.448499858,-0.052058108,-0.346272498,-1.897625923,0.918132722,-0.306274801,-0.066846520,-0.242403805
448,357024,81062,stationary,stationary_right_view,-0.711377978,1.648058534,-0.625555158,0.008109852,0.923889101,0.380493253,0.039849877,-0.009892907,-0.225684717,-2.004189968,0.851751447,-0.300788522,0.079885356,0.421502113,0.099739924,-0.285155088,-1.919831395,0.842759192,-0.311199099,0.023401346,0.438593715,-0.052361671,-0.343784243,-1.907371521,0.919724464,-0.303089976,-0.066097140,-0.240571231
449,357232,81270,stationary,stationary_right_view,-0.711310506,1.647777200,-0.624817848,0.007604998,0.923730850,0.380859077,0.040123723,-0.010670502,-0.226756483,-2.034107447,0.860951841,-0.292513758,0.095355920,0.405098498,0.099410504,-0.284371197,-1.917460442,0.842005491,-0.310761988,0.019446060,0.440540135,-0.053343847,-0.347212285,-1.927606702,0.922240019,-0.317840278,-0.049618259,-0.214450181
450,357441,81479,stationary,stationary_right_view,-0.711461067,1.647328854,-0.624462247,0.006991713,0.923346817,0.381743491,0.040665656,,,,,,,,0.097887665,-0.277914047,-1.905198336,0.842438817,-0.310261279,0.023376182,0.439873099,-0.052683905,-0.340854794,-1.922163486,0.918970525,-0.305247456,-0.042632341,-0.245966882
451,357650,81688,stationary,stationary_right_view,-0.711252332,1.646671295,-0.624260545,0.006606772,0.922749341,0.383168191,0.040892031,-0.011341158,-0.211534888,-1.984324694,0.849385381,-0.306606263,0.075566880,0.422879130,,,,,,,,-0.052922118,-0.327589810,-1.872807145,0.918046057,-0.304898500,-0.057364661,-0.246855587
452,357873,81911,stationary,stationary_right_view,-0.710735559,1.646797180,-0.623631716,0.007145659,0.922948599,0.382704586,0.040644970,,,,,,,,0.098630801,-0.275234550,-1.911759496,0.842093587,-0.312133312,0.018940991,0.439422846,-0.053825498,-0.336442679,-1.906827092,0.922836602,-0.314475387,-0.067242980,-0.212028816
453,358080,82118,stationary,stationary_right_view,-0.711028099,1.646679521,-0.622874975,0.006679729,0.922541261,0.383565545,0.041839123,-0.013129454,-0.211301461,-1.991812110,0.848707795,-0.285928696,0.071086608,0.439188540,0.096168622,-0.274185956,-1.926502466,0.846856594,-0.309992492,0.026584383,0.431314111,-0.057082959,-0.330776691,-1.894815445,0.920757890,-0.316803932,-0.076600060,-0.214412183
454,358302,82340,stationary,stationary_right_view,-0.711388946,1.646660805,-0.622770786,0.005955175,0.922499597,0.383601099,0.042535692,-0.016151424,-0.211124942,-1.988529682,0.850150645,-0.302349329,0.072621122,0.424917668,0.093927801,-0.272487849,-1.917219043,0.846056283,-0.308293849,0.025020860,0.434186161,-0.057155084,-0.326700211,-1.872869730,0.919567168,-0.303784013,-0.058918081,-0.242157295
455,358510,82548,stationary,stationary_right_view,-0.710981250,1.646500587,-0.622717977,0.006169693,0.922340751,0.383994162,0.042403068,-0.015215557,-0.214606091,-2.043576479,0.864286542,-0.290837169,0.096781865,0.398817986,0.094708100,-0.270864248,-1.913749576,0.844535172,-0.309134096,0.022842517,0.436663181,-0.057839759,-0.332532793,-1.909163833,0.923154831,-0.312306374,-0.071434580,-0.212478325
456,358705,82743,stationary,stationary_right_view,-0.710381389,1.646679759,-0.622921109,0.006402015,0.922399282,0.383856297,0.042343915,-0.014544707,-0.214496776,-2.019475222,0.857365847,-0.296074063,0.078492962,0.413645744,0.095153674,-0.271309018,-1.917380214,0.839988649,-0.305531234,0.026609549,0.447617739,-0.057805423,-0.332029909,-1.905031204,0.921982944,-0.313860476,-0.070042945,-0.215715244
457,358914,82952,stationary,stationary_right_view,-0.710170984,1.647070885,-0.623336792,0.006214113,0.922507942,0.383563817,0.042652726,-0.015286006,-0.214524969,-2.014280081,0.855813146,-0.298196524,0.079238392,0.415191501,0.093291938,-0.267650872,-1.883131266,0.841382504,-0.298475921,0.008604731,0.450459331,-0.057989970,-0.330321997,-1.891520143,0.921124041,-0.314695418,-0.073628381,-0.216970429
458,359122,83160,stationary,stationary_right_view,-0.710120082,1.647041440,-0.623461604,0.005791353,0.922616720,0.383238524,0.043279715,-0.016698452,-0.212036431,-1.989656806,0.851365805,-0.301711708,0.075441897,0.422439158,0.094065696,-0.273952365,-1.924160957,0.848099470,-0.306270093,0.026159896,0.431557178,-0.057450857,-0.325946987,-1.864017844,0.918132961,-0.303573549,-0.059063260,-0.247763082
459,359345,83383,stationary,stationary_right_view,-0.709581256,1.647105932,-0.623634696,0.006187854,0.922668397,0.383122385,0.043151345,-0.016143223,-0.209608749,-1.972957253,0.841592908,-0.293426812,0.081953086,0.445988506,0.094566807,-0.276863366,-1.939822197,0.849294305,-0.311004579,0.031481594,0.425422460,-0.057537422,-0.327459872,-1.868948221,0.916566253,-0.303486586,-0.059916269,-0.253401250
460,359552,83590,stationary,stationary_right_view,-0.709118128,1.646893263,-0.623435259,0.006838623,0.922435760,0.383644074,0.043390695,-0.016955037,-0.200177670,-1.870378375,0.885320544,-0.295985967,-0.076244228,-0.350409329,0.091600969,-0.271911353,-1.921234965,0.840134084,-0.306188703,0.028633842,0.446769834,-0.061518800,-0.331906021,-1.904585838,0.921492398,-0.316995114,-0.077260867,-0.210705057
461,359761,83799,stationary,stationary_right_view,-0.708919048,1.646652460,-0.622785568,0.006989435,0.922179163,0.384226352,0.043667085,,,,,,,,0.095491350,-0.279551059,-2.004071951,0.853417456,-0.296929747,0.030081252,0.427324772,-0.061629727,-0.327240080,-1.886672497,0.914762437,-0.295551598,-0.062626079,-0.268210560
462,359969,84007,stationary,stationary_right_view,-0.708867669,1.646143436,-0.621430993,0.007392108,0.921670377,0.385437995,0.043664344,-0.019794513,-0.205256686,-2.007947445,0.856047094,-0.300252229,0.075039729,0.414006084,0.090344481,-0.264938593,-1.919631720,0.846961319,-0.309445411,0.024235470,0.431639612,-0.062290266,-0.321955442,-1.887376070,0.919898391,-0.315220356,-0.075683631,-0.220669553
463,360192,84230,stationary,stationary_right_view,-0.709114194,1.645164728,-0.619746208,0.007223189,0.920535982,0.388136297,0.043721765,-0.019995315,-0.196575776,-2.015772820,0.857718885,-0.299518645,0.076025456,0.410885811,0.089501664,-0.254913688,-1.914641500,0.846334696,-0.309215635,0.023965174,0.433046192,-0.062560245,-0.320656031,-1.937002659,0.924419045,-0.314674884,-0.063975759,-0.205757782
464,360414,84452,stationary,stationary_right_view,-0.709529519,1.644464016,-0.617914796,0.006931813,0.919836938,0.389697999,0.044580620,,,,,,,,0.087679185,-0.250794530,-1.936716080,0.893037915,-0.276107371,0.053443272,-0.351271749,-0.066022784,-0.309574842,-1.907326221,0.920794845,-0.314081430,-0.073628776,-0.219245329
465,360622,84660,stationary,stationary_right_view,-0.709832430,1.643774509,-0.615764380,0.006796477,0.918882966,0.391803682,0.045801405,-0.028444197,-0.185982138,-2.069017887,0.873170912,-0.286798894,0.093452454,0.382864952,0.081847027,-0.238705248,-1.890702724,0.844496131,-0.298049510,0.007940114,0.444893003,-0.070160761,-0.300953001,-1.894473672,0.919752300,-0.314069003,-0.081050105,-0.221014157
466,360830,84868,stationary,stationary_right_view,-0.710122943,1.643757343,-0.613809466,0.006476461,0.918784499,0.391968399,0.046409871,,,,,,,,0.080399856,-0.241050348,-1.908772945,0.847332299,-0.307912081,0.017420843,0.432336271,-0.070057638,-0.296401113,-1.867070913,0.917682350,-0.302768171,-0.068130210,-0.248090446
467,361037,85075,stationary,stationary_right_view,-0.711107373,1.643295288,-0.611793876,0.005254713,0.918055058,0.393561840,0.047502037,-0.031498842,-0.174073085,-1.982389212,0.860356688,-0.293064803,0.079240590,0.409414589,0.079625390,-0.237573400,-1.929205894,0.849897921,-0.304267347,0.031121785,0.429099500,-0.073301479,-0.295334756,-1.887916923,0.918317676,-0.316366255,-0.090200245,-0.220156834
468,361248,85286,stationary,stationary_right_view,-0.711958885,1.642606974,-0.610259175,0.003993454,0.917232990,0.395420045,0.048070014,-0.031358063,-0.166430280,-1.982347727,0.853826344,-0.283291787,0.063710183,0.432050198,0.078712530,-0.230126917,-1.920220852,0.852594256,-0.302155405,0.015185454,0.426092237,-0.071231477,-0.284979105,-1.868375301,0.918399215,-0.295857430,-0.062228270,-0.255223215
469,361456,85494,stationary,stationary_right_view,-0.712577462,1.642549515,-0.609500408,0.003484828,0.917017460,0.395948142,0.047874514,-0.032520954,-0.170471802,-2.055791855,0.873108149,-0.288733929,0.078048542,0.384997845,0.079989187,-0.227801412,-1.918557167,0.855980277,-0.303352028,0.015983671,0.418353856,-0.070842057,-0.284257442,-1.870275497,0.918569207,-0.299301922,-0.066851713,-0.249358892
470,361664,85702,stationary,stationary_right_view,-0.713402629,1.642979741,-0.609442353,0.003467501,0.917475939,0.394781470,0.048718005,-0.034601245,-0.169827998,-1.985521793,0.862700999,-0.294403553,0.072073482,0.404819667,0.076710418,-0.231194943,-1.912300229,0.853461206,-0.306036085,0.019759789,0.421373218,-0.075421527,-0.290970206,-1.883378625,0.919177711,-0.312668055,-0.084545366,-0.224060535
471,361872,85910,stationary,stationary_right_view,-0.714337945,1.643033266,-0.609715581,0.003372672,0.917342782,0.395079702,0.048814565,-0.036507659,-0.170130566,-1.998726726,0.863809764,-0.295800358,0.069500461,0.401876301,0.075339399,-0.230369866,-1.913268924,0.853457808,-0.300006926,0.010717524,0.426017284,-0.076931208,-0.290137827,-1.883343816,0.918564141,-0.314416319,-0.085680336,-0.223698944
472,362080,86118,stationary,stationary_right_view,-0.714931965,1.643114090,-0.609930634,0.002818419,0.917397201,0.395106226,0.047597703,-0.031807102,-0.169177592,-1.986291647,0.862092674,-0.296292067,0.072506800,0.404660434,0.080351949,-0.233306244,-1.938885927,0.855799079,-0.307128340,0.023532284,0.415603667,-0.072952583,-0.290837526,-1.887182951,0.918209314,-0.315459669,-0.093440287,-0.220557988
473,362288,86326,stationary,stationary_right_view,-0.715612769,1.643083930,-0.609993696,0.002024100,0.917271674,0.395312726,0.048337817,-0.034067448,-0.167215601,-1.983054519,0.857635617,-0.298174590,0.069825374,0.413131326,0.078371681,-0.231046826,-1.928888917,0.855320930,-0.302903682,0.020760300,0.419814795,-0.074213929,-0.289351732,-1.886506915,0.912430763,-0.293491632,-0.080751337,-0.273517817
474,362497,86535,stationary,stationary_right_view,-0.715768456,1.642794371,-0.610194325,0.002036290,0.917051613,0.395786792,0.048631486,-0.035080429,-0.165519863,-1.988291621,0.863466740,-0.292842478,0.075275250,0.403735191,0.076827846,-0.225998163,-1.920281529,0.846655726,-0.297980130,0.031848963,0.439735800,-0.074467175,-0.283877462,-1.868719935,0.917617321,-0.301398933,-0.070684835,-0.249280483
475,362721,86759,stationary,stationary_right_view,-0.715688705,1.643011808,-0.609843254,0.002510339,0.917210340,0.395391285,0.048832297,-0.036207292,-0.169453129,-1.994047999,0.862494349,-0.295703799,0.072264686,0.404277891,0.075378694,-0.230509311,-1.917203665,0.853751719,-0.301898211,0.015661754,0.423934251,-0.076358572,-0.289461493,-1.878879428,0.919308543,-0.312895805,-0.081478961,-0.224341705
476,362928,86966,stationary,stationary_right_view,-0.716883063,1.640995860,-0.606982231,0.002123907,0.917145371,0.395348221,0.050395191,-0.042499717,-0.167324960,-1.974400282,0.858720064,-0.297774255,0.064833805,0.411979318,0.070191458,-0.231601238,-1.926832914,0.856202662,-0.302228063,0.017085280,0.418668479,-0.082725860,-0.290379107,-1.884766340,0.918531954,-0.313342303,-0.089498222,-0.223843053
477,363136,87174,stationary,stationary_right_view,-0.724738955,1.637325525,-0.598302245,0.001202033,0.917166710,0.394794971,0.054228157,,,,,,,,0.053440422,-0.236196101,-1.924119234,0.855139554,-0.301402748,0.023022313,0.421144485,-0.097116783,-0.294276297,-1.874051690,0.921030700,-0.293390483,-0.073748782,-0.245327488
478,363345,87383,stationary,stationary_right_view,-0.732322097,1.627821803,-0.569792151,-0.004658760,0.917378843,0.393411398,0.060181465,,,,,,,,0.040010564,-0.255231500,-1.886405587,0.857549310,-0.291655838,0.020068239,0.423253268,-0.111184254,-0.317458391,-1.844354749,0.924505055,-0.310736924,-0.105606310,-0.193856254
479,363554,87592,stationary,stationary_right_view,-0.725632071,1.625386715,-0.498969078,0.001350072,0.918178082,0.391665697,0.059542019,-0.066471435,-0.254535794,-1.897643924,0.867547035,-0.285748690,0.073207147,0.400437951,0.046570659,-0.311964154,-1.821863532,0.853787899,-0.295847148,0.015057153,0.428128451,-0.102042422,-0.370988011,-1.771670699,0.930689692,-0.297705144,-0.064477317,-0.202561051
480,363747,87785,stationary,stationary_right_view,-0.713631988,1.591791630,-0.376748800,-0.011295410,0.913878024,0.396642953,0.085870631,-0.090271644,-0.299317420,-1.777450204,0.873080730,-0.264642090,0.071593560,0.403198391,0.026839275,-0.352001876,-1.712381601,0.860437691,-0.274463147,0.010994031,0.429180831,-0.117666192,-0.422352076,-1.664114475,0.946980238,-0.290254742,-0.068505839,-0.119530722
481,363942,87980,stationary,stationary_high_view,-0.685178638,1.586654902,-0.199274540,-0.031563267,0.907749653,0.400344849,0.121319324,-0.080939785,-0.406288087,-1.657763004,0.884031534,-0.228409797,0.071209580,0.401554972,0.042502232,-0.449847132,-1.601122141,0.867373884,-0.229774058,0.005085827,0.441407472,,,,,,,
482,364150,88188,stationary,stationary_high_view,-0.655353427,1.602612853,-0.010558009,-0.050535783,0.892853022,0.421810150,0.149451762,-0.038244277,-0.464099050,-1.554565310,0.899208009,-0.196228743,0.044973318,0.388454169,0.087511793,-0.509936154,-1.532256603,0.887366951,-0.209656402,0.000523244,0.410638303,,,,,,,
483,364357,88395,stationary,stationary_high_view,-0.651246071,1.609721184,0.116962910,-0.072229065,0.871178448,0.448575705,0.186040148,-0.043405026,-0.463536322,-1.531472564,0.925902307,-0.155764699,0.045304656,0.341159523,0.087378517,-0.503729522,-1.519923925,0.915555000,-0.167890951,-0.018484682,0.365006834,,,,,,,
484,364580,88618,stationary,stationary_high_view,-0.675577760,1.615289092,0.187792897,-0.088371739,0.866719902,0.446757555,0.203456968,-0.043348130,-0.520766854,-1.473176599,0.917811334,-0.136094391,0.026690759,0.372005820,0.088775106,-0.560104430,-1.478170753,0.917237639,-0.139744282,-0.005559741,0.372982264,,,,,,,
485,364775,88813,stationary,stationary_high_view,-0.710209012,1.622781754,0.236676097,-0.108606361,0.854230821,0.440027118,0.254696935,-0.104525864,-0.586987376,-1.440340877,0.927930355,-0.084673725,0.009776195,0.362877458,0.031117238,-0.631583810,-1.488257408,0.992781043,-0.058549006,0.084196664,0.062199581,,,,,,,
486,364969,89007,stationary,stationary_high_view,-0.715324283,1.631464005,0.287320971,-0.125665143,0.845022380,0.415295839,0.312529713,-0.134792954,-0.680361509,-1.370393515,0.923384607,-0.015224601,-0.003592534,0.383557409,0.001112632,-0.705296218,-1.407397747,0.913052797,-0.014489352,-0.036745004,0.405924171,-0.076686904,-0.807751894,-1.280991673,0.935401797,-0.015839683,-0.019521628,0.352691799
487,365177,89215,stationary,stationary_high_view,-0.717488170,1.643670082,0.324444056,-0.143217787,0.830374479,0.414928168,0.343222201,-0.131925836,-0.702814937,-1.350780010,0.915969908,0.028978081,-0.013340146,0.399976939,0.001170397,-0.740108907,-1.431324363,0.986349583,0.055961818,0.080331616,0.132399321,-0.061954197,-0.830275416,-1.272985101,0.924565613,0.024056775,-0.036627442,0.378494591
488,365401,89439,stationary,stationary_high_view,-0.728253722,1.653742671,0.336253285,-0.147391483,0.834533274,0.408576041,0.338962585,-0.108103573,-0.727045298,-1.341660976,0.916497409,0.028793493,-0.008815783,0.398905635,0.025393594,-0.735156119,-1.370381832,0.915827215,0.012132397,-0.070341326,0.395177662,-0.038519721,-0.851321042,-1.260191798,0.918900788,0.020088023,-0.032712944,0.392616451
489,365623,89661,stationary,stationary_high_view,-0.731607556,1.659016132,0.334541798,-0.146252677,0.840585887,0.394462168,0.341211319,-0.101241760,-0.771439850,-1.325806737,0.910685718,0.031140586,-0.006974460,0.411865503,0.032853298,-0.784563661,-1.361415148,0.914696574,0.013405008,-0.074654952,0.396959901,-0.030929171,-0.897849679,-1.246700048,0.917241871,0.024758397,-0.024530804,0.396802932
490,365831,89869,stationary,stationary_high_view,-0.739436507,1.656180382,0.338638425,-0.146307230,0.838343263,0.404040396,0.335449189,-0.104766913,-0.751529455,-1.331704378,0.909022987,0.026733128,-0.011878319,0.415717959,0.028845347,-0.757863820,-1.354539037,0.910818994,0.007546822,-0.059225067,0.408465713,-0.036160193,-0.870405436,-1.241101265,0.912193298,0.023384174,-0.014185948,0.408846378
491,366053,90091,stationary,stationary_high_view,-0.752513766,1.665344954,0.342452765,-0.141936332,0.840765178,0.414120257,0.318547338,-0.103386991,-0.744988501,-1.353493452,0.916543067,0.006776981,-0.001317205,0.399876475,0.031386569,-0.753626585,-1.370317101,0.914339185,-0.008529200,-0.047427997,0.402071655,-0.040206671,-0.867079794,-1.261298776,0.913888752,0.007992589,0.003315364,0.405872524
492,366275,90313,stationary,stationary_high_view,-0.767448306,1.690238833,0.355523944,-0.143787205,0.840979576,0.421279222,0.307575166,-0.091573909,-0.753111184,-1.377487779,0.923657179,-0.006510286,-0.007648786,0.383088231,0.043376990,-0.759533644,-1.385908365,0.921713948,-0.017508721,-0.056170337,0.383382022,-0.031039335,-0.879879355,-1.289657474,0.924138665,-0.002310444,-0.004102502,0.382028222
493,366483,90521,stationary,stationary_high_view,-0.775551200,1.695693374,0.367894173,-0.150318235,0.837517977,0.429053009,0.303119749,-0.074730188,-0.765010953,-1.438646317,0.974917471,-0.016402995,-0.040834665,0.218172789,0.061996400,-0.780938148,-1.464496255,0.981196344,0.027457198,0.085156083,0.171021208,-0.015236564,-0.865157366,-1.303928256,0.976703227,0.003112523,0.018723136,0.213753551
494,366705,90743,stationary,stationary_high_view,-0.775394917,1.695508122,0.371628881,-0.151041374,0.833864629,0.437116176,0.301306725,-0.077105343,-0.740518570,-1.439782262,0.988255322,-0.020417456,-0.026567409,0.149092942,0.059218884,-0.739946365,-1.438463807,0.921651542,0.001007233,-0.017011862,0.387644231,-0.017417360,-0.852035642,-1.324542522,0.943375468,-0.011738836,-0.016843976,0.331091017
495,366914,90952,stationary,stationary_high_view,-0.762996674,1.684169531,0.366462350,-0.152097851,0.829501271,0.444856405,0.301490843,-0.078524441,-0.682932258,-1.409113526,0.932640076,-0.004381991,0.002855159,0.360770196,0.058313861,-0.720146656,-1.475647449,0.984698534,0.027972903,0.100074150,0.139898315,-0.018220484,-0.810199142,-1.321581244,0.929924667,-0.009000623,-0.013097727,0.367406487
496,367136,91174,stationary,stationary_high_view,-0.755570889,1.687919617,0.365786195,-0.147928089,0.833922505,0.433346182,0.308061093,-0.081334852,-0.714518487,-1.395677686,0.928159952,0.001093841,-0.005776309,0.372135043,0.055289134,-0.739539146,-1.438211799,0.923648775,0.002360793,-0.031527422,0.381933749,-0.020147717,-0.843570232,-1.311510205,0.929977357,-0.003036426,-0.010430930,0.367456198
497,367344,91382,stationary,stationary_high_view,-0.749531388,1.689969420,0.363492250,-0.145086974,0.836255610,0.428758651,0.309503376,-0.081693143,-0.727513790,-1.396390557,0.928784788,0.000785859,0.002297082,0.370611489,0.054641090,-0.757144213,-1.446097016,0.986583054,0.036232658,0.098534808,0.125028029,-0.020040343,-0.854369164,-1.309149027,0.928623796,-0.000422953,-0.005347720,0.370983958
498,367565,91603,stationary,stationary_high_view,-0.746421933,1.689879179,0.365963578,-0.146851659,0.834355772,0.431040972,0.310626417,-0.077703610,-0.715475559,-1.391534686,0.922421992,0.003508358,-0.005717169,0.386125177,0.059049189,-0.749783397,-1.452800035,0.940056264,-0.009431540,-0.060736336,0.335434616,-0.015831005,-0.847718000,-1.313547373,0.930831254,-0.008435857,-0.034756925,0.363694936
499,367774,91812,stationary,stationary_high_view,-0.745983958,1.688452840,0.367352128,-0.147892877,0.830781102,0.438556671,0.309190124,-0.081858881,-0.723299563,-1.455066204,0.985690534,-0.006018417,-0.005697069,0.168361306,0.054437377,-0.731997967,-1.471636534,0.985093117,0.033233613,0.099680133,0.136202097,-0.020291306,-0.821899295,-1.318431854,0.922742844,-0.002266814,-0.005725985,0.385367006
500,367984,92022,stationary,stationary_high_view,-0.746764541,1.685154200,0.365141869,-0.149005577,0.827396154,0.443712771,0.310373932,-0.088827454,-0.686886132,-1.427387476,0.932376206,-0.005068810,-0.010173668,0.361310810,0.047042273,-0.709206939,-1.470335007,0.986584127,0.036163367,0.103222899,0.121198066,-0.026842592,-0.807471275,-1.329288125,0.933205307,-0.004503410,-0.013216059,0.359072328
501,368205,92243,stationary,stationary_high_view,-0.746477604,1.683463693,0.364178538,-0.150378123,0.827556133,0.446196109,0.305689931,-0.079450428,-0.686967015,-1.457227468,0.991848826,-0.005653922,0.010616457,0.126851529,0.056798726,-0.697214723,-1.476090789,0.983626187,0.038531501,0.121514030,0.127393872,-0.019175913,-0.796246827,-1.336712241,0.933203161,-0.003788818,-0.021244114,0.358700782
502,368414,92452,stationary,stationary_high_view,-0.745653391,1.680089951,0.362278819,-0.154448107,0.824543655,0.452741802,0.302156299,-0.072433323,-0.660794854,-1.471467733,0.955507636,-0.009949885,-0.021909297,0.293983161,0.064256102,-0.666737556,-1.481073737,0.947908580,-0.013406480,-0.072995946,0.309775978,-0.012560161,-0.770657063,-1.347529292,0.938470364,-0.005212066,-0.021051696,0.344678313
503,368623,92661,stationary,stationary_high_view,-0.744706988,1.676571250,0.362293959,-0.156150863,0.821428776,0.459279031,0.299890846,-0.072433911,-0.624121428,-1.457219720,0.940802455,-0.013273444,0.000046334,0.338695377,0.064101778,-0.640849888,-1.488789797,0.988281131,0.029965149,0.121108800,0.087949395,-0.011900602,-0.741679907,-1.348765016,0.938023508,-0.008425893,-0.008135938,0.346373677
504,368844,92882,stationary,stationary_high_view,-0.745356679,1.674625397,0.366062880,-0.156485066,0.818492711,0.464360058,0.299919844,-0.075749129,-0.609819710,-1.458484530,0.940952837,-0.011056473,-0.005704095,0.338309020,0.060406841,-0.626797438,-1.490954161,0.987826288,0.032124460,0.124676272,0.087310351,-0.015789730,-0.734701931,-1.362997293,0.942068100,-0.009078505,-0.025468621,0.334330022
505,369053,93091,stationary,stationary_high_view,-0.746205568,1.673778534,0.369615436,-0.155346766,0.817598701,0.466056526,0.300318241,-0.079140842,-0.618024349,-1.478347540,0.995262742,-0.009129214,-0.003266022,0.096737415,0.057341710,-0.619603395,-1.480728745,0.937586367,0.001747843,-0.039125502,0.345540076,-0.019891970,-0.734790325,-1.365214825,0.946308851,-0.011884715,-0.033147223,0.321340412
506,369274,93312,stationary,stationary_high_view,-0.747578144,1.674697399,0.370694757,-0.155427605,0.819053888,0.464017689,0.299467176,-0.074989200,-0.609492183,-1.442327738,0.927933574,-0.016940868,-0.007247275,0.372289956,0.060505942,-0.631487846,-1.484048724,0.988911867,0.029609524,0.122479148,0.078584045,-0.015237367,-0.738781035,-1.356983423,0.941143334,-0.006871954,-0.005189542,0.337898016
507,369483,93521,stationary,stationary_high_view,-0.749483705,1.673562407,0.370990753,-0.155397743,0.820822597,0.461598635,0.298376501,-0.070670195,-0.638553143,-1.479460716,0.990222931,-0.010363462,0.003535851,0.139063597,0.066040203,-0.648703933,-1.498084068,0.984558582,0.025779763,0.118104711,0.126613945,-0.011504386,-0.746361852,-1.349742770,0.943919420,-0.010783665,-0.009566266,0.329861134
508,369692,93730,stationary,stationary_high_view,-0.751539111,1.672942400,0.370035172,-0.156684414,0.820981503,0.462834984,0.295335710,-0.065730095,-0.624677002,-1.462896466,0.996213317,-0.006296310,0.006026619,0.086504996,0.070491455,-0.636711478,-1.484293699,0.987105966,0.031692009,0.124104939,0.095996551,-0.007944841,-0.741644979,-1.352370501,0.938646793,-0.009274509,-0.000776142,0.344754308
509,369900,93938,stationary,stationary_high_view,-0.752407551,1.673315048,0.368412137,-0.155790433,0.822118104,0.462196440,0.293642014,-0.064862296,-0.621099710,-1.450835347,0.942241907,-0.015277766,0.010727047,0.334412545,0.071397774,-0.639844060,-1.483934402,0.987886488,0.027392317,0.120993309,0.093223274,-0.007499456,-0.744147062,-1.351233244,0.946102858,-0.015130481,-0.014190402,0.323201269
510,370123,94161,stationary,stationary_high_view,-0.750841141,1.672201037,0.367100835,-0.155197039,0.822428882,0.461417735,0.294309884,-0.066997707,-0.631742120,-1.473300934,0.992211998,-0.024675755,-0.032131806,0.117788196,0.069838002,-0.646391749,-1.500269532,0.985473990,0.021856971,0.114822887,0.123203099,-0.008660395,-0.743899345,-1.351777554,0.944994807,-0.010545123,-0.002132485,0.326908499
511,370330,94368,stationary,stationary_high_view,-0.748686433,1.673281312,0.367620230,-0.154038563,0.823603272,0.460166961,0.293591768,-0.064374506,-0.619999051,-1.435246706,0.925983727,-0.021729577,0.003398199,0.376922369,0.073018730,-0.648649335,-1.490307689,0.952436388,-0.017974969,-0.053655237,0.299437702,-0.007450424,-0.749423206,-1.349273443,0.944026947,-0.015838485,-0.009685620,0.329345554
512,370553,94591,stationary,stationary_high_view,-0.747455478,1.674704313,0.368428230,-0.152956679,0.824198902,0.459870487,0.292949826,-0.063309923,-0.646151900,-1.483665943,0.990740836,-0.015960140,0.010890177,0.134385020,0.074043520,-0.657501578,-1.500716090,0.983948469,0.020793879,0.114060760,0.135658592,-0.005443238,-0.754474759,-1.352738261,0.944140792,-0.012875954,-0.002382986,0.329282075
513,370760,94798,stationary,stationary_high_view,-0.746889114,1.674468398,0.367993474,-0.152553454,0.824831963,0.459718913,0.291613191,-0.060966503,-0.634754956,-1.459411025,0.947092056,-0.021920102,0.018899735,0.319654524,0.076186344,-0.654780209,-1.490495205,0.990356565,0.018898636,0.098984390,0.095072508,-0.004864033,-0.749918222,-1.342940211,0.931099176,-0.019293096,-0.017646445,0.363827944
514,370982,95020,stationary,stationary_high_view,-0.745526552,1.674426794,0.369043827,-0.151484996,0.825655282,0.459331840,0.290447831,-0.058091585,-0.639393151,-1.464290619,0.993958354,-0.015680006,0.000511408,0.108631074,0.078058153,-0.653885603,-1.485111117,0.987515092,0.025934588,0.120916151,0.097573593,-0.002169343,-0.754025877,-1.348140717,0.931649208,-0.011514955,0.006530400,0.363117754
515,371192,95230,stationary,stationary_high_view,-0.744200826,1.674279928,0.371135473,-0.150027692,0.825442731,0.459726244,0.291183501,-0.061134536,-0.637258053,-1.455856442,0.996866524,-0.017672291,0.005443575,0.076910377,0.074243277,-0.642652750,-1.458216667,0.936038196,-0.018936874,-0.060035296,0.346221894,-0.005389705,-0.755147398,-1.347214580,0.937248111,-0.015894728,-0.002502344,0.348291695
516,371400,95438,stationary,stationary_high_view,-0.743485808,1.673974752,0.373157382,-0.149442747,0.824492037,0.461488903,0.291389197,-0.064086966,-0.625316203,-1.443839312,0.930560350,-0.030411851,-0.003944285,0.364851981,0.072780490,-0.653885961,-1.493103147,0.987507522,0.019581247,0.113409221,0.107628040,-0.008088864,-0.751373887,-1.348172069,0.937673450,-0.017823327,-0.016841402,0.346651524
517,371622,95660,stationary,stationary_high_view,-0.743347645,1.672340155,0.372883916,-0.150016338,0.822811067,0.464136034,0.291641653,-0.066218019,-0.633618176,-1.480826616,0.992645919,-0.018663317,0.010556487,0.119139791,0.071399629,-0.649425864,-1.506559968,0.983894944,0.019242551,0.122011751,0.129203752,-0.009556286,-0.747728109,-1.358862996,0.958137929,-0.011277132,0.023658879,0.285105020
518,371844,95882,stationary,stationary_high_view,-0.744542122,1.672936678,0.371050715,-0.150286451,0.824073315,0.461579382,0.291996121,-0.064500704,-0.634385228,-1.467833877,0.994611263,-0.016059531,0.011755066,0.101746276,0.072107114,-0.649832129,-1.492518902,0.986490846,0.025209168,0.123142399,0.105053470,-0.008201305,-0.748824120,-1.350252271,0.941526353,-0.018491838,-0.018381907,0.335928977
519,372053,96091,stationary,stationary_high_view,-0.745744944,1.673232317,0.367606282,-0.151311293,0.824230373,0.460729271,0.292365700,-0.064749286,-0.633241415,-1.463970780,0.996006250,-0.015172170,0.012465372,0.087097384,0.071502939,-0.648974299,-1.489877939,0.987169385,0.025431886,0.120373465,0.101784334,-0.008395486,-0.748959661,-1.349473715,0.942937315,-0.013653859,-0.004374967,0.332661390
520,372261,96299,stationary,stationary_high_view,-0.747483730,1.673557758,0.367518783,-0.151977047,0.824608386,0.461003721,0.290516108,-0.062398694,-0.639580131,-1.479797363,0.991459429,-0.020068301,0.007025515,0.128670737,0.073824614,-0.635729194,-1.464120150,0.931664050,-0.011504119,-0.032903504,0.361645043,-0.006186001,-0.746699274,-1.347254276,0.938789129,-0.017124934,0.008823988,0.343953371
521,372469,96507,stationary,stationary_high_view,-0.750167370,1.673754573,0.368181586,-0.153501004,0.822786450,0.462066293,0.293180287,-0.067528553,-0.634661674,-1.474601388,0.993334234,-0.019970182,-0.002341783,0.113502614,0.069569744,-0.644842923,-1.490928173,0.950846374,-0.020355087,-0.058046982,0.303492069,-0.010945993,-0.745434284,-1.349230409,0.945561945,-0.019310115,-0.028351750,0.323629171
522,372691,96729,stationary,stationary_high_view,-0.752276301,1.674415827,0.367953658,-0.153996259,0.822720885,0.461667925,0.293731511,-0.068538822,-0.631199479,-1.463188648,0.994232297,-0.018924773,-0.015336844,0.104445092,0.067871176,-0.636642277,-1.471949100,0.936838984,-0.007180860,-0.041127596,0.347260296,-0.011536436,-0.744337440,-1.346349955,0.939263403,-0.015049523,-0.015035677,0.342537194
523,372900,96938,stationary,stationary_high_view,-0.752880216,1.674653292,0.366268158,-0.154152960,0.822796702,0.460954607,0.294556141,-0.070757292,-0.637766242,-1.476341486,0.988392293,-0.022549478,-0.024680421,0.148199528,0.066081643,-0.649443865,-1.494393468,0.987642944,0.022961302,0.107845344,0.111371480,-0.012341931,-0.746370196,-1.347159147,0.927991688,-0.008815019,0.005835778,0.372450918
524,373109,97147,stationary,stationary_high_view,-0.750723958,1.675397277,0.364427805,-0.153224722,0.824076831,0.460152745,0.292709738,-0.066944122,-0.637777627,-1.471193075,0.994175494,-0.025344573,-0.024982015,0.101728089,0.069578059,-0.651131511,-1.492750764,0.986601174,0.018826898,0.112004854,0.117126338,-0.009699596,-0.751609206,-1.351986170,0.939144731,-0.018931661,-0.002694208,0.342989117
525,373317,97355,stationary,stationary_high_view,-0.746897101,1.674170732,0.363091707,-0.152730301,0.823712587,0.461937487,0.291178375,-0.064869165,-0.626451015,-1.464982986,0.996913195,-0.016278628,0.004758661,0.076658577,0.071174584,-0.632364273,-1.471421242,0.934014380,-0.011140810,-0.039683320,0.354849726,-0.008579727,-0.743838072,-1.353122473,0.943819404,-0.015246034,-0.008672234,0.329995871
526,373537,97575,stationary,stationary_high_view,-0.743041277,1.674195051,0.362935424,-0.150967866,0.825593114,0.459549010,0.290550202,-0.062858373,-0.642057776,-1.487457871,0.975259423,-0.027640318,-0.048129518,0.213982791,0.073988028,-0.651902437,-1.497684717,0.988921404,0.016860640,0.105254762,0.103303388,-0.006734112,-0.748421431,-1.350840330,0.944220662,-0.021373846,-0.001416406,0.328616053
527,373749,97787,stationary,stationary_high_view,-0.739309907,1.674088478,0.363914371,-0.151034489,0.826016307,0.459232867,0.289811730,-0.056767941,-0.637292743,-1.477227807,0.992225230,-0.025715357,-0.013139932,0.121058427,0.080139242,-0.649567962,-1.492843032,0.988586187,0.020006238,0.114165790,0.096246213,-0.000981964,-0.748640180,-1.351684928,0.942774892,-0.025823651,-0.025533855,0.331446439
528,373956,97994,stationary,stationary_high_view,-0.736269116,1.674491644,0.365382075,-0.148703888,0.827203333,0.456966102,0.291210890,-0.058800347,-0.650322556,-1.483334064,0.983077109,-0.023622945,-0.001394038,0.181657493,0.076988257,-0.643920422,-1.459185600,0.929039776,-0.013957589,-0.035569016,0.368001521,-0.002953168,-0.751591682,-1.339747667,0.928846300,-0.017820323,0.005339274,0.369998038
529,374149,98187,stationary,stationary_high_view,-0.735443830,1.675235987,0.365655899,-0.148127422,0.826921642,0.457579315,0.291341752,-0.060531452,-0.630355000,-1.445268154,0.929339945,-0.030928815,-0.006382001,0.367872238,0.076164573,-0.656476736,-1.487694979,0.984808445,0.020663334,0.130484387,0.112691067,-0.004926700,-0.753292382,-1.344213605,0.934776008,-0.016675543,-0.010457342,0.354691952
530,374372,98410,stationary,stationary_high_view,-0.734382033,1.674327970,0.364688635,-0.146706194,0.827728927,0.457748204,0.289497316,-0.059621681,-0.641309500,-1.467002869,0.995889485,-0.027697822,0.004314781,0.086129621,0.077034354,-0.651327848,-1.480391741,0.950642824,-0.038337559,-0.071097635,0.299589068,-0.004478771,-0.755223274,-1.348840594,0.935533881,-0.019675449,-0.004281622,0.352662653
531,374581,98619,stationary,stationary_high_view,-0.734610677,1.674357057,0.363622785,-0.146537349,0.828931749,0.456638992,0.287888467,-0.055619571,-0.649897218,-1.478711724,0.992020845,-0.022128005,0.018361459,0.122750968,0.081606783,-0.664599836,-1.498222351,0.987742841,0.010916764,0.112524711,0.107624747,-0.001226034,-0.757953882,-1.347770095,0.937155366,-0.021267623,-0.009216895,0.348141611
532,374802,98841,stationary,stationary_high_view,-0.735420465,1.674301028,0.362639546,-0.147094935,0.829539597,0.456853300,0.285503387,-0.051378276,-0.649254322,-1.482405782,0.987762392,-0.025879767,0.013567876,0.153204605,0.086659946,-0.652244329,-1.476311803,0.933472574,-0.015425063,-0.019467570,0.357787818,0.002799325,-0.756617248,-1.347864985,0.939899147,-0.025630925,0.004357880,0.340460926
533,375025,99063,stationary,stationary_high_view,-0.737440944,1.674091578,0.360804915,-0.147360250,0.829433441,0.456352204,0.286474794,-0.053767517,-0.644840717,-1.471369624,0.953915000,-0.026242737,-0.004321435,0.298895985,0.081926756,-0.647493184,-1.462382555,0.935220540,-0.024592100,-0.049407747,0.349737942,-0.000442687,-0.755199373,-1.343643069,0.939447165,-0.022114648,0.014546978,0.341669887
534,375232,99270,stationary,stationary_high_view,-0.740766883,1.673940539,0.359810829,-0.147790104,0.829340696,0.457252711,0.285082638,-0.055818412,-0.646090269,-1.478372574,0.992658794,-0.026651485,0.005866685,0.117829792,0.081109807,-0.656857371,-1.486962676,0.989737153,0.007836923,0.108096190,0.093134969,-0.001518704,-0.757245183,-1.352691054,0.940385044,-0.022524761,-0.012558249,0.339132607
535,375442,99480,stationary,stationary_high_view,-0.745227456,1.673243165,0.359853148,-0.148789898,0.828793406,0.458257049,0.284540951,-0.057148412,-0.631584048,-1.453864813,0.940682709,-0.031124989,0.000521193,0.337856531,0.079460196,-0.651725233,-1.480542421,0.988344252,0.017406164,0.120650083,0.091193423,-0.003407279,-0.750771105,-1.343878388,0.938871503,-0.027776282,-0.005187143,0.343106240
536,375664,99702,stationary,stationary_high_view,-0.750228047,1.672268629,0.360024214,-0.150237352,0.827493787,0.460884005,0.283317387,-0.057563033,-0.632218003,-1.470024824,0.993775189,-0.026494497,0.003952128,0.108135678,0.079092726,-0.640142381,-1.474991441,0.939092457,-0.016074240,-0.034440871,0.341556430,-0.004035758,-0.745318890,-1.347562313,0.933880150,-0.021449048,0.009530583,0.356815070
537,375887,99925,stationary,stationary_high_view,-0.756988049,1.671184897,0.360413671,-0.153452531,0.825401664,0.463185281,0.283943474,-0.059355900,-0.630579472,-1.481768250,0.992803454,-0.023462130,0.006266863,0.117267400,0.076944873,-0.640723586,-1.491024613,0.989590824,0.012504374,0.108221561,0.094030686,-0.005001113,-0.738905787,-1.349020362,0.933622599,-0.022231242,-0.017141514,0.357156605
538,376094,100132,stationary,stationary_high_view,-0.762879133,1.668969274,0.361408830,-0.157776400,0.823237956,0.464248240,0.286110997,-0.060646735,-0.612189531,-1.451670289,0.937757671,-0.025888516,0.006297418,0.346266806,0.076726198,-0.636981368,-1.494794369,0.986376047,0.016104495,0.114628173,0.116890386,-0.004908446,-0.735963643,-1.350771070,0.945728302,-0.020034149,-0.023810787,0.323465109
539,376316,100354,stationary,stationary_high_view,-0.766150832,1.669049025,0.361937165,-0.158984274,0.823722422,0.463110477,0.285891682,-0.057870876,-0.620992661,-1.461466789,0.996401012,-0.017393867,0.006298782,0.082721241,0.078813531,-0.637653828,-1.489253879,0.986083686,0.023244238,0.123776324,0.108527042,-0.002125636,-0.740393043,-1.353239536,0.946958005,-0.015898293,-0.007960104,0.320865124
540,376525,100563,stationary,stationary_high_view,-0.768625021,1.667602301,0.360931039,-0.161459446,0.821392536,0.465804100,0.286830455,-0.060259115,-0.615058541,-1.475520730,0.990472496,-0.026683563,-0.032449018,0.131146103,0.076874435,-0.630005717,-1.500857234,0.987980068,0.016232952,0.095890544,0.120153621,-0.003672417,-0.726310849,-1.349806428,0.936104715,-0.013917116,0.014587139,0.351143152
541,376732,100770,stationary,stationary_high_view,-0.768656135,1.666631460,0.359264612,-0.161151111,0.821537197,0.467924893,0.283113509,-0.057349272,-0.597718060,-1.458932519,0.941989124,-0.026499752,0.006996488,0.334522545,0.078893252,-0.613548934,-1.480412245,0.988123536,0.017690131,0.124171734,0.088771157,-0.001903728,-0.720833719,-1.354872823,0.944432735,-0.018079417,-0.011617358,0.328001499
542,376955,100993,stationary,stationary_high_view,-0.766247153,1.666591883,0.357218027,-0.161193237,0.821799636,0.466549695,0.284593433,-0.057800055,-0.603837013,-1.465506196,0.994943976,-0.021227051,-0.019684073,0.096169397,0.079460241,-0.622255266,-1.497523904,0.988546252,0.019156838,0.109516069,0.102056973,-0.002123728,-0.721431613,-1.353739381,0.939016819,-0.019071942,-0.016288515,0.342955351
543,377163,101201,stationary,stationary_high_view,-0.761634350,1.668245554,0.357628703,-0.158112511,0.823084772,0.466238916,0.283113450,-0.056894276,-0.611416578,-1.479730725,0.994494677,-0.025592020,-0.009063216,0.101209335,0.079922125,-0.623954892,-1.495087266,0.989475131,0.014345696,0.109961264,0.092960924,-0.002038172,-0.723976374,-1.354280472,0.942074955,-0.019680997,-0.015707396,0.334455967
544,377372,101410,stationary,stationary_high_view,-0.755536199,1.668092251,0.357860565,-0.156185821,0.823639631,0.465333372,0.284057468,-0.057427332,-0.603967369,-1.458716273,0.943544805,-0.026626842,0.005523774,0.330126792,0.078834556,-0.623306990,-1.490296483,0.992969871,0.007105565,0.095963828,0.068929404,-0.002335537,-0.722528338,-1.347891212,0.939336181,-0.028457487,-0.036927219,0.339814812
545,377593,101631,stationary,stationary_high_view,-0.748186946,1.668908596,0.357739687,-0.153065220,0.825887501,0.463918597,0.281532168,-0.051351439,-0.621783614,-1.490128160,0.989096045,-0.028289312,-0.003826914,0.144478858,0.085269235,-0.619006634,-1.470571876,0.940164328,-0.023371527,-0.048850037,0.336390346,0.002396382,-0.729229629,-1.353107333,0.942435205,-0.021643544,0.010997490,0.333506346
546,377816,101854,stationary,stationary_high_view,-0.740919471,1.669473171,0.355966568,-0.149424300,0.829043746,0.460638344,0.279591054,-0.046702772,-0.624933958,-1.476609230,0.993141592,-0.025113121,0.014550692,0.113257825,0.089554720,-0.636754632,-1.484210730,0.986459494,0.014610705,0.136895895,0.089127645,0.005759023,-0.738493085,-1.353589773,0.940365791,-0.022298014,0.015506427,0.339078993
547,378025,102063,stationary,stationary_high_view,-0.734524131,1.668692827,0.353170395,-0.145942330,0.831800461,0.456990719,0.279228061,-0.046394069,-0.635427058,-1.476816535,0.990767896,-0.024998292,0.022041496,0.131408915,0.089834027,-0.645675540,-1.479346752,0.987985432,0.013718078,0.131167188,0.080571614,0.005355850,-0.743577302,-1.343352556,0.940652907,-0.026961198,0.008368037,0.338194132
548,378234,102272,stationary,stationary_high_view,-0.729728818,1.665362477,0.350026608,-0.144973651,0.832909763,0.455871433,0.278253973,-0.044287428,-0.638569474,-1.480522394,0.990580738,-0.029871350,0.031863187,0.129777983,0.092470653,-0.639559269,-1.466265202,0.932507515,-0.024672469,-0.026021553,0.359365880,0.006228175,-0.742924809,-1.338220358,0.936446071,-0.041481592,-0.029261587,0.347119391
549,378456,102494,stationary,stationary_high_view,-0.728637099,1.662618160,0.350298166,-0.141826227,0.834006429,0.455888659,0.276557624,-0.046350315,-0.632736623,-1.463230371,0.995100558,-0.032064140,0.020706961,0.091203399,0.090481341,-0.650733411,-1.480674505,0.989652574,0.002117226,0.113290496,0.088026054,0.003147360,-0.739816427,-1.327213645,0.990621984,-0.023549784,0.038456872,0.128975004
550,378663,102701,stationary,stationary_high_view,-0.732212424,1.664963722,0.353574276,-0.141998693,0.832962990,0.456000388,0.279414803,-0.052662022,-0.629003942,-1.447314143,0.942872941,-0.036515109,0.021054791,0.330475420,0.085664630,-0.660633206,-1.494959950,0.986699164,0.000062360,0.114487052,0.115401395,-0.000500292,-0.751489162,-1.342584729,0.934916019,-0.036388710,-0.017295090,0.352574587
551,378886,102924,stationary,stationary_high_view,-0.735679984,1.667999506,0.358506918,-0.141245246,0.832751095,0.457161844,0.278529167,-0.052665640,-0.639146626,-1.458972812,0.993830621,-0.032925516,0.004312641,0.105820626,0.084476113,-0.653858423,-1.472568035,0.950986207,-0.049481556,-0.069505781,0.297230333,-0.002195664,-0.752298474,-1.336598039,0.937534332,-0.038327437,0.003911186,0.345752984
552,379109,103147,stationary,stationary_high_view,-0.739548326,1.671231270,0.365200520,-0.139673248,0.832780838,0.456503570,0.280306906,-0.059105173,-0.640354395,-1.434621215,0.929541111,-0.045579437,0.000582989,0.365890056,0.078366734,-0.677113175,-1.489614248,0.981146276,0.003637370,0.129530236,0.143389910,-0.007569063,-0.762571096,-1.330162287,0.930721402,-0.035781056,-0.004556980,0.363945931
553,379317,103355,stationary,stationary_high_view,-0.742779851,1.672918320,0.371456146,-0.140737727,0.831898987,0.457967401,0.280005157,-0.055838943,-0.652340531,-1.453207731,0.994767487,-0.034949660,0.014941853,0.094831057,0.080269441,-0.670019984,-1.470415592,0.988607705,0.006600506,0.113899730,0.098173939,-0.004831105,-0.763169169,-1.328804016,0.930835545,-0.027076177,0.023111250,0.363700330
554,379525,103563,stationary,stationary_high_view,-0.744575024,1.672958016,0.373706579,-0.140582711,0.831989050,0.457644105,0.280343741,-0.057134394,-0.664693356,-1.470909238,0.965579450,-0.044207677,-0.035654102,0.253832251,0.079065092,-0.675569952,-1.472666383,0.987536252,0.009986416,0.120332971,0.100957222,-0.006268321,-0.768815517,-1.330075383,0.936062872,-0.039324753,-0.027000193,0.348584086
555,379747,103785,stationary,stationary_high_view,-0.746147513,1.672273040,0.373077393,-0.140666530,0.831343472,0.458510846,0.280800253,-0.059619039,-0.652334094,-1.449818373,0.993918538,-0.033779383,0.001538129,0.104797505,0.076532461,-0.673650026,-1.475450754,0.987522423,0.010858512,0.121355712,0.099771485,-0.008704890,-0.764639258,-1.327826262,0.934289455,-0.038251113,-0.006322315,0.354401022
556,379956,103994,stationary,stationary_high_view,-0.745754123,1.671556234,0.371391416,-0.140024304,0.832604825,0.457798839,0.278536618,-0.056160986,-0.657101512,-1.459076405,0.991489589,-0.030593969,0.015350140,0.125605494,0.078788534,-0.666957259,-1.458231807,0.990770161,-0.000806238,0.103703022,0.087290257,-0.006168099,-0.763988972,-1.323251486,0.989089608,-0.023776153,0.030828604,0.142077580
557,380165,104203,stationary,stationary_high_view,-0.745392919,1.672178030,0.371625900,-0.140589893,0.832432151,0.457360834,0.279485643,-0.056399528,-0.658279419,-1.458033442,0.991988897,-0.032818947,0.024662297,0.119468540,0.078798421,-0.669448733,-1.461343050,0.992237687,-0.001028967,0.099371649,0.074757256,-0.005534887,-0.769791603,-1.332392454,0.931096315,-0.038177010,-0.002330005,0.362762630
558,380387,104425,stationary,stationary_high_view,-0.746019244,1.673348308,0.373445272,-0.140513584,0.832393944,0.457076520,0.280102342,-0.058300629,-0.664992988,-1.464130402,0.987706423,-0.040606294,0.000201626,0.150954142,0.077110723,-0.662336111,-1.441570878,0.928453088,-0.031794932,-0.037086822,0.368223548,-0.006558893,-0.774949789,-1.335010290,0.940476775,-0.040283483,-0.032834608,0.335861027
559,380609,104647,stationary,stationary_high_view,-0.748529553,1.674234867,0.375418901,-0.140308857,0.832159758,0.458356589,0.278806001,-0.058080655,-0.664767563,-1.467507958,0.986357510,-0.041956205,-0.014968853,0.158475593,0.077569872,-0.662133336,-1.442605972,0.929048836,-0.034904916,-0.040241718,0.366101861,-0.006445019,-0.776633263,-1.340259075,0.941133440,-0.036229417,-0.020922199,0.335436404
560,380830,104868,stationary,stationary_high_view,-0.751524210,1.673146129,0.375369310,-0.141764119,0.831946552,0.459722340,0.276447535,-0.052696988,-0.650981545,-1.452051401,0.994987369,-0.031512801,0.020330803,0.092702322,0.082231030,-0.663325071,-1.455981493,0.987046838,0.008570771,0.132132143,0.090588041,-0.003060631,-0.765069723,-1.332560182,0.928962767,-0.034272764,-0.000229247,0.368583143
561,381052,105090,stationary,stationary_high_view,-0.752885938,1.672319412,0.371397257,-0.140929982,0.832053721,0.459379017,0.277121395,-0.059223991,-0.651686072,-1.452213526,0.994824648,-0.033612151,0.015641648,0.094601497,0.076438971,-0.668594360,-1.468340993,0.936872244,-0.036783352,-0.019005504,0.347211957,-0.009485772,-0.770565391,-1.341208816,0.941811681,-0.033331510,-0.009071601,0.334361404
562,381247,105285,stationary,stationary_high_view,-0.751831889,1.672077060,0.366285205,-0.148381308,0.830466092,0.459163457,0.278348744,-0.048684686,-0.644736230,-1.465339303,0.991695046,-0.037163951,-0.008694084,0.122817576,0.088924699,-0.666208446,-1.494380116,0.984866917,0.003664581,0.112255946,0.131993830,0.003009252,-0.757880688,-1.343109846,0.938050210,-0.030983388,-0.001627040,0.345107466
563,381427,105465,stationary,stationary_high_view,-0.749049306,1.670923948,0.362277031,-0.149822503,0.828423440,0.462281615,0.278502375,-0.049296912,-0.625842810,-1.464556098,0.995803177,-0.032306217,-0.006195094,0.085404359,0.087269820,-0.645347834,-1.489836454,0.989122570,0.009728129,0.115059964,0.091121301,0.002876952,-0.742344141,-1.348694205,0.934657693,-0.025396053,0.010950008,0.354471684
564,381594,105632,stationary,stationary_high_view,-0.746947646,1.669800997,0.360394716,-0.150995493,0.825970769,0.463046253,0.283832371,-0.057194471,-0.613984704,-1.456574917,0.942330360,-0.028129810,0.005387992,0.333456397,0.079481214,-0.629955649,-1.477346778,0.945628405,-0.030818280,-0.058603659,0.318438023,-0.003338471,-0.735726357,-1.350817800,0.934933782,-0.025841095,0.001334864,0.353877455
565,381775,105813,stationary,stationary_high_view,-0.744548202,1.668827772,0.359460592,-0.150505587,0.825522542,0.464668423,0.282743573,-0.056411721,-0.615805984,-1.474485755,0.994673252,-0.028185422,0.002846075,0.099108867,0.080036663,-0.630073130,-1.490677357,0.990872860,0.011757520,0.109680824,0.077478394,-0.003344709,-0.728260875,-1.349314094,0.933367550,-0.027825430,-0.005484874,0.357799858
566,381943,105981,stationary,stationary_high_view,-0.741436124,1.667690754,0.358278632,-0.149086311,0.827654719,0.462226391,0.281261027,-0.051962741,-0.626507938,-1.483956695,0.992344081,-0.027142625,0.012863116,0.119795926,0.086471260,-0.647148490,-1.514499068,0.986851037,0.005742652,0.100224093,0.126677483,0.000663579,-0.737588525,-1.354353786,0.941062212,-0.030132400,-0.014722981,0.336566687
567,382109,106147,stationary,stationary_high_view,-0.739541650,1.668422103,0.359634399,-0.148169041,0.828922689,0.461516649,0.279169440,-0.045975585,-0.617904305,-1.460423708,0.940261185,-0.039775182,0.013100498,0.337868631,0.090582386,-0.637847722,-1.483271480,0.989438176,0.005757167,0.117272891,0.085006163,0.006101947,-0.737207890,-1.347906113,0.935526490,-0.033840589,-0.008753262,0.351522952
568,382290,106328,stationary,stationary_high_view,-0.740194798,1.668813705,0.363201618,-0.149094284,0.829328001,0.461173952,0.278037012,-0.039670639,-0.626226306,-1.471000314,0.951078475,-0.035687633,-0.024120595,0.305931926,0.096037835,-0.637630641,-1.476170421,0.986194551,0.015667085,0.140726104,0.085854724,0.011945054,-0.740198493,-1.347599745,0.933452725,-0.032838706,-0.001990114,0.357188612
569,382456,106494,stationary,stationary_high_view,-0.741097093,1.667333245,0.365205646,-0.149497673,0.828137398,0.463463336,0.277561963,-0.040139407,-0.623238385,-1.479660273,0.957830429,-0.036785733,-0.021305094,0.284172207,0.095784441,-0.631582260,-1.479637742,0.948669970,-0.034536373,-0.040430471,0.311765701,0.010195676,-0.735787570,-1.350864172,0.939826369,-0.033588912,-0.001610915,0.339993477
570,382651,106689,stationary,stationary_high_view,-0.741557598,1.667274475,0.364859462,-0.149017707,0.827938139,0.462936461,0.279288411,-0.045508511,-0.620587230,-1.464716315,0.995830774,-0.032748993,0.009482043,0.084608950,0.091007791,-0.639144123,-1.489580870,0.988864064,0.008160339,0.121098921,0.086118005,0.006153475,-0.736332119,-1.347788215,0.945360959,-0.033254132,-0.015890548,0.323935777
571,382872,106910,stationary,stationary_high_view,-0.741239071,1.666237116,0.362718701,-0.148774430,0.827834070,0.463648409,0.278544545,-0.045627873,-0.616961658,-1.466707349,0.994305015,-0.032503139,0.002811112,0.101455159,0.090681113,-0.633329809,-1.484607220,0.989635170,0.007671424,0.118805356,0.080303609,0.006018914,-0.732069373,-1.347220182,0.943535507,-0.031699039,-0.006955245,0.329677910
572,383080,107118,stationary,stationary_high_view,-0.741047859,1.666244388,0.359569550,-0.148311809,0.827794969,0.463779718,0.278688848,-0.048687760,-0.620796800,-1.482459307,0.957740009,-0.035924863,0.009135816,0.285236746,0.088581651,-0.637399316,-1.498807430,0.991589189,0.001013316,0.090904854,0.092120819,0.002987232,-0.730718374,-1.348621249,0.937820554,-0.034398641,-0.010110406,0.345263869
573,383275,107313,stationary,stationary_high_view,-0.740628481,1.668560982,0.355774760,-0.148333758,0.830322504,0.459310293,0.278560072,-0.045620464,-0.627486110,-1.466506958,0.994259834,-0.034751106,-0.007048739,0.100946113,0.090925857,-0.643744826,-1.483625650,0.990302563,0.007235183,0.113071293,0.080394894,0.006072678,-0.742219210,-1.346840739,0.942938924,-0.030878317,-0.005445158,0.331486136
574,383497,107535,stationary,stationary_high_view,-0.737918973,1.669068336,0.352093458,-0.147990420,0.831808507,0.456878573,0.278308123,-0.043519370,-0.624239445,-1.453468800,0.941008031,-0.032223575,0.008304917,0.336744070,0.092689544,-0.640351415,-1.470525742,0.935439765,-0.036625035,-0.026296789,0.350598842,0.009191617,-0.747498989,-1.350108862,0.943279207,-0.028697187,-0.000820532,0.330757052
575,383691,107729,stationary,stationary_high_view,-0.734443545,1.669476032,0.349627018,-0.147514358,0.832086623,0.455891073,0.279346913,-0.044198062,-0.640089571,-1.487663388,0.984178901,-0.029619992,0.012188604,0.174258426,0.092452794,-0.637941360,-1.465373993,0.934756935,-0.026869193,-0.041440010,0.351838410,0.007110164,-0.747719824,-1.350406885,0.947550356,-0.030717151,-0.004748989,0.318091542
576,383899,107937,stationary,stationary_high_view,-0.729833841,1.668648243,0.347651362,-0.144239455,0.833068252,0.454818159,0.279879808,-0.049731854,-0.627339840,-1.452368975,0.942365468,-0.033523668,0.018980216,0.332360178,0.087613799,-0.651833832,-1.484744549,0.988438427,0.010475568,0.124719709,0.085584939,0.002817117,-0.748570204,-1.345363975,0.938834488,-0.031083813,-0.002331991,0.342955083
577,384107,108145,stationary,stationary_high_view,-0.724630952,1.665214539,0.344903231,-0.143481031,0.833175600,0.453424841,0.282201260,-0.051922198,-0.638458848,-1.473107338,0.993702888,-0.035665620,0.010413735,0.105707482,0.085796505,-0.657369316,-1.497714400,0.987411737,0.003957390,0.114848986,0.108683817,0.000047460,-0.749478221,-1.346117139,0.947916210,-0.031385753,-0.009442328,0.316829085
578,384317,108355,stationary,stationary_high_view,-0.720369816,1.663491011,0.344365001,-0.140366688,0.834086597,0.451745749,0.283764958,-0.056630239,-0.632856011,-1.448750138,0.939589322,-0.035166189,0.004711525,0.340460092,0.080886796,-0.659798503,-1.486496091,0.989301503,0.009055307,0.115023993,0.089275204,-0.003544845,-0.753492773,-1.341209769,0.941037834,-0.030398082,-0.007359802,0.336852521
579,384538,108576,stationary,stationary_high_view,-0.719174027,1.664904833,0.346473217,-0.138306379,0.833284616,0.454168379,0.283265263,-0.059568621,-0.633738816,-1.461685181,0.944440365,-0.038510732,-0.019399645,0.325841904,0.075936906,-0.649453044,-1.475566864,0.935694814,-0.037228364,-0.033687934,0.349219650,-0.007665824,-0.753548145,-1.348467588,0.946223497,-0.026478060,0.013574528,0.322142392
580,384748,108786,stationary,stationary_high_view,-0.717780948,1.665988803,0.345759988,-0.135423288,0.834372699,0.452861875,0.283546895,-0.064808302,-0.648298621,-1.478218794,0.991901398,-0.031160690,0.032647766,0.118721426,0.073393114,-0.661926031,-1.491739511,0.940409005,-0.028604362,-0.023934053,0.337993950,-0.012980888,-0.751176834,-1.335032463,0.932806373,-0.043357890,-0.039115004,0.355615616
581,384955,108993,stationary,stationary_high_view,-0.713538527,1.664621353,0.342753172,-0.133359626,0.836438477,0.450068861,0.282885075,-0.062790595,-0.646969318,-1.459164858,0.995133281,-0.031102499,0.022620771,0.090722881,0.072866634,-0.662434936,-1.471030235,0.988283753,0.006026859,0.129477829,0.080587730,-0.012243584,-0.753328443,-1.326497197,0.931141794,-0.039627027,-0.011693463,0.362309188
582,385163,109201,stationary,stationary_high_view,-0.707513928,1.659850597,0.338043213,-0.131381959,0.839654803,0.444451421,0.283163548,-0.060516603,-0.661896229,-1.464956880,0.992278159,-0.036720332,0.020206446,0.116736293,0.076501928,-0.677847862,-1.476193190,0.985958695,0.010458392,0.132142067,0.101560771,-0.009089965,-0.764605165,-1.322134972,0.931452632,-0.040910173,-0.016283406,0.361188740
583,385386,109424,stationary,stationary_high_view,-0.703033090,1.654490113,0.338060260,-0.131977886,0.837962449,0.446036726,0.285398126,-0.061414920,-0.650664687,-1.458376527,0.994428396,-0.037929643,0.009231966,0.097920060,0.074604638,-0.656222224,-1.451265335,0.933456838,-0.044131331,-0.055790134,0.351565480,-0.009381209,-0.760818601,-1.330351472,0.937784791,-0.034481961,-0.015741449,0.345141917
584,385594,109632,stationary,stationary_high_view,-0.700760722,1.651186705,0.340597630,-0.130894542,0.836926162,0.449832141,0.282970548,-0.059277400,-0.639630139,-1.463934302,0.991544664,-0.033847380,0.022668179,0.123205945,0.078217559,-0.661844969,-1.489575863,0.987419844,0.000277675,0.119958974,0.103013419,-0.008680094,-0.741412699,-1.318249226,0.923812330,-0.036287174,-0.003215202,0.381108493
585,385816,109854,stationary,stationary_high_view,-0.700020671,1.649504185,0.341008186,-0.130165607,0.838203311,0.448824048,0.281121194,-0.055498265,-0.639355600,-1.455914378,0.993607879,-0.036550336,0.024928773,0.103856191,0.080057710,-0.641476750,-1.438165188,0.923900485,-0.040442839,-0.046129581,0.377682805,-0.005060762,-0.746753514,-1.321365237,0.929204404,-0.039423883,-0.004419749,0.367430925
586,386024,110062,stationary,stationary_high_view,-0.701730371,1.647710323,0.339215875,-0.129050821,0.839343071,0.447725862,0.279983342,-0.055718705,-0.644085705,-1.456509709,0.945969105,-0.048500989,-0.005402257,0.320563555,0.080123030,-0.660723209,-1.468279600,0.941177547,-0.048051100,-0.036163900,0.332517833,-0.007188417,-0.750304937,-1.318254709,0.939879775,-0.044170436,-0.019238133,0.338090003
587,386233,110271,stationary,stationary_high_view,-0.706801534,1.649774790,0.339981675,-0.129400313,0.837728262,0.450503170,0.280203253,-0.063019894,-0.630712390,-1.438838959,0.940148652,-0.043621127,-0.010568276,0.337795734,0.072939597,-0.655302286,-1.465067387,0.986231565,0.004672172,0.136211261,0.093658894,-0.013988966,-0.743735254,-1.315902352,0.925586939,-0.040156323,-0.003566609,0.376382262
588,386456,110494,stationary,stationary_high_view,-0.711755633,1.653271317,0.342837214,-0.126888856,0.839234710,0.450907707,0.276164055,-0.063312247,-0.621662498,-1.408442378,0.908281922,-0.048350573,-0.000925758,0.415554196,0.072181985,-0.660399258,-1.461474061,0.936636388,-0.050570700,-0.041283008,0.344166547,-0.015836164,-0.750687778,-1.316750646,0.924644589,-0.041427501,0.013891435,0.378316253
589,386663,110701,stationary,stationary_high_view,-0.716035008,1.658437014,0.347934961,-0.128436655,0.839024365,0.450286508,0.277099818,-0.061461776,-0.656149268,-1.459237337,0.947319508,-0.051908541,-0.029540587,0.314672321,0.074352533,-0.675457716,-1.473790526,0.985073626,-0.004202071,0.131709337,0.110747367,-0.012915881,-0.757320642,-1.312330723,0.924816608,-0.048049729,-0.017464882,0.376962274
590,386885,110923,stationary,stationary_high_view,-0.716517329,1.660925984,0.353197336,-0.128513947,0.840249419,0.448173612,0.276776999,-0.055817511,-0.663524270,-1.446219683,0.993479669,-0.037462469,0.027288757,0.104163729,0.080014661,-0.680939972,-1.460071206,0.934866548,-0.048652198,-0.032209676,0.350171357,-0.007483754,-0.776372850,-1.323956370,0.937184811,-0.040822618,-0.006173245,0.346381456
591,387094,111132,stationary,stationary_high_view,-0.717685103,1.666166544,0.358872890,-0.129785731,0.839959204,0.448491514,0.276549459,-0.050926197,-0.675070882,-1.459613919,0.949142396,-0.052354433,-0.017282041,0.309982419,0.084723756,-0.683821619,-1.451243401,0.989095628,-0.003046883,0.121665508,0.082934767,-0.001911150,-0.784583688,-1.327500105,0.936934233,-0.044431552,-0.000726398,0.346669316
592,387317,111355,stationary,stationary_high_view,-0.720119476,1.669379473,0.361965060,-0.131164968,0.839288175,0.447770715,0.279092431,-0.051928405,-0.670009911,-1.439075708,0.938552260,-0.045740139,0.003012842,0.342079639,0.085067190,-0.700331688,-1.476027250,0.987225175,-0.002306070,0.116327398,0.108853683,-0.002155626,-0.787762642,-1.325049162,0.936599851,-0.037860259,0.005615756,0.348304123
593,387525,111563,stationary,stationary_high_view,-0.724467158,1.674525380,0.364045501,-0.131152049,0.838984787,0.447988242,0.279660791,-0.056154158,-0.678671598,-1.446496129,0.993618965,-0.032183029,0.031713102,0.103343390,0.080359772,-0.699476838,-1.465624928,0.986572385,0.003682880,0.125125706,0.104904823,-0.006551068,-0.792232156,-1.326980233,0.930861235,-0.041704461,-0.029674634,0.361769974
594,387747,111785,stationary,stationary_high_view,-0.727454543,1.677270770,0.363643885,-0.131403565,0.838922679,0.447943538,0.279800683,-0.058584869,-0.672446728,-1.433096528,0.920377910,-0.053691648,-0.009741099,0.387203813,0.078249492,-0.705889583,-1.475982189,0.984108806,0.001623184,0.128948823,0.122063607,-0.008313496,-0.795546830,-1.328660965,0.932443202,-0.035150908,0.016019242,0.359245747
595,387942,111980,stationary,stationary_high_view,-0.728247166,1.676522613,0.361743450,-0.130695701,0.839118659,0.448026031,0.279412180,-0.061455738,-0.686266422,-1.457749486,0.992111146,-0.041996170,0.014728383,0.117195971,0.075153828,-0.706455052,-1.476963520,0.985015452,-0.002168341,0.121387377,0.122494824,-0.011381447,-0.795321226,-1.328663230,0.934783101,-0.035830449,0.021330524,0.352763057
596,388164,112202,stationary,stationary_high_view,-0.727780938,1.674576402,0.359652042,-0.128659666,0.838468850,0.450484484,0.278353155,-0.067465641,-0.677101433,-1.458876848,0.990011871,-0.046833616,0.002104399,0.132961273,0.069053143,-0.682768345,-1.447261214,0.924618959,-0.039308656,-0.031032601,0.377586603,-0.017789034,-0.787410200,-1.331082106,0.933639586,-0.041792184,-0.000022015,0.355767518
597,388373,112411,stationary,stationary_high_view,-0.729207993,1.675691605,0.358813643,-0.130662918,0.838430107,0.449597806,0.278969496,-0.065840423,-0.679014087,-1.464341998,0.972547531,-0.022860164,0.062618315,0.222952038,0.071237393,-0.695526242,-1.471854210,0.985154092,0.001997320,0.128965870,0.113292627,-0.014827803,-0.786835074,-1.329672337,0.931513488,-0.041098416,-0.004840426,0.361344993
598,388581,112619,stationary,stationary_high_view,-0.729361296,1.676594973,0.360032439,-0.129882008,0.838752985,0.448002309,0.280923456,-0.068248682,-0.686953306,-1.458492041,0.992161393,-0.042928651,0.013013256,0.116634339,0.068460368,-0.708165526,-1.480383158,0.984831512,-0.002717200,0.118359797,0.126848221,-0.017716691,-0.796619892,-1.330713034,0.935891330,-0.035019796,0.013310718,0.350291133
599,388789,112827,stationary,stationary_high_view,-0.731182098,1.677738905,0.364250660,-0.131409273,0.837239921,0.450032592,0.281481087,-0.067666024,-0.685044587,-1.467207670,0.987901211,-0.039581843,0.012905669,0.149391904,0.068877950,-0.694944501,-1.467082381,0.935861647,-0.040369935,-0.038087212,0.347969413,-0.016739503,-0.786385477,-1.323987365,0.927685618,-0.040337864,-0.016532458,0.370808512
600,388996,113034,stationary,stationary_high_view,-0.731953144,1.677506685,0.367087007,-0.132739812,0.835808694,0.452584594,0.281017959,-0.065558791,-0.665879905,-1.440572977,0.932323992,-0.043574885,0.004578623,0.358960032,0.070464529,-0.689897060,-1.467518568,0.985086203,0.004902819,0.128890559,0.113878883,-0.014803369,-0.787164032,-1.334679604,0.942121625,-0.035219986,0.010899256,0.333238095
601,389218,113256,stationary,stationary_high_view,-0.732235670,1.677972078,0.367524505,-0.133614674,0.835950971,0.452545166,0.280242771,-0.061486449,-0.676471233,-1.464511275,0.990054548,-0.042800471,0.002205790,0.133997440,0.075017802,-0.697009683,-1.485551834,0.986846745,0.000157837,0.113436028,0.115177058,-0.011136085,-0.785221934,-1.333706856,0.935979366,-0.041903511,-0.006082052,0.349499285
602,389428,113466,stationary,stationary_high_view,-0.729469657,1.678068757,0.365211606,-0.133615732,0.835698307,0.453949898,0.278719813,-0.058812857,-0.656052887,-1.447009683,0.935820818,-0.047187876,0.005743888,0.349255949,0.077590793,-0.683062971,-1.477146029,0.984795153,0.002733389,0.132355466,0.112486154,-0.009125935,-0.777665555,-1.338968515,0.935069561,-0.045154948,-0.028437439,0.350424349
603,389650,113688,stationary,stationary_high_view,-0.725202203,1.668499947,0.361644983,-0.132076159,0.836076021,0.453405410,0.279206723,-0.062034760,-0.656809092,-1.457993627,0.947420657,-0.043186098,-0.009971961,0.316906422,0.074070513,-0.678644955,-1.478978634,0.985434771,0.003854599,0.129134685,0.110579170,-0.012352318,-0.768068433,-1.330162883,0.927269340,-0.039694645,-0.005705315,0.372241050
604,389856,113894,stationary,stationary_high_view,-0.722871900,1.622062683,0.364448309,-0.129678801,0.832922995,0.461365521,0.276702970,-0.065763742,-0.591091394,-1.386928678,0.935418606,-0.047170341,-0.004765060,0.350348860,0.070289783,-0.632203579,-1.445126176,0.991054714,-0.005878262,0.109040760,0.076721065,-0.016825529,-0.725513220,-1.303648233,0.942021549,-0.044314746,-0.007787549,0.332522124
605,390080,114118,stationary,stationary_high_view,-0.723632812,1.564681530,0.374001384,-0.131279811,0.823320389,0.476303101,0.279364496,-0.076016150,-0.527994871,-1.358964443,0.942482948,-0.040099144,0.001197347,0.331838101,0.059573643,-0.547474086,-1.376585007,0.936740696,-0.052997801,-0.052061632,0.342049271,-0.024980444,-0.662824929,-1.275480866,0.935809910,-0.040116847,-0.006112726,0.350161582
606,390301,114339,stationary,stationary_high_view,-0.726422191,1.489171267,0.380834818,-0.132816449,0.817584276,0.481139690,0.287089378,-0.086890817,-0.473683536,-1.287528872,0.942720890,-0.028026709,-0.013797636,0.332116574,0.048513860,-0.496029377,-1.318184376,0.945093215,-0.042289663,-0.065643951,0.317334652,-0.033868250,-0.608241498,-1.206467152,0.939711988,-0.034549478,-0.006534021,0.340154320
607,390509,114547,stationary,stationary_high_view,-0.724190593,1.444561839,0.379435062,-0.139032438,0.812102914,0.490553111,0.283754319,-0.077170290,-0.420143992,-1.263622522,0.954671085,-0.033433009,0.003800381,0.295754820,0.056997210,-0.435131729,-1.276918530,0.940535784,-0.041346297,-0.048367389,0.333681732,-0.024294116,-0.555262148,-1.181314945,0.947404206,-0.031896893,-0.001612099,0.318441868
608,390718,114756,stationary,stationary_low_view,-0.719138503,1.450144291,0.372430801,-0.140140906,0.816400707,0.484059095,0.282023460,-0.063960463,-0.428420067,-1.262381434,0.948258936,-0.028667118,-0.003076339,0.316186279,0.070714295,-0.445277780,-1.280489445,0.941854119,-0.042250767,-0.055073004,0.328774542,-0.011728391,-0.564285934,-1.183056712,0.943651259,-0.034955915,-0.024478704,0.328178585
609,390927,114965,stationary,stationary_low_view,-0.718922615,1.449588656,0.362853765,-0.143115878,0.816048741,0.483467489,0.282562405,-0.064334609,-0.420717329,-1.264452219,0.945790529,-0.026163407,-0.007421854,0.323636651,0.070758700,-0.437336981,-1.284518600,0.941867650,-0.039888233,-0.049924605,0.329851300,-0.011710387,-0.556163549,-1.185572505,0.939975917,-0.033168007,-0.017482743,0.339174867
610,391149,115187,stationary,stationary_low_view,-0.726366639,1.447736025,0.353716612,-0.147302389,0.818027318,0.478906840,0.282456368,-0.064377062,-0.425814986,-1.260589480,0.948048770,-0.024744496,-0.001810713,0.317156076,0.071033977,-0.443372726,-1.285484910,0.945381641,-0.035253499,-0.044615284,0.320967585,-0.011202333,-0.557478249,-1.174349427,0.941058636,-0.031081956,-0.002468687,0.336803347
611,391357,115395,stationary,stationary_low_view,-0.733637333,1.443398118,0.350957513,-0.150237828,0.817881763,0.478195310,0.282537252,-0.064817533,-0.424632072,-1.254559517,0.942397952,-0.026609216,0.004766799,0.333399713,0.069069184,-0.437991977,-1.268099904,0.939463615,-0.035912920,-0.049874112,0.337091923,-0.011505002,-0.561506271,-1.180092931,0.943998516,-0.024166768,0.003996250,0.329039186
612,391580,115618,stationary,stationary_low_view,-0.738666892,1.438366652,0.352326751,-0.151116654,0.817280471,0.479304999,0.281927437,-0.067464739,-0.422243118,-1.251754403,0.945299566,-0.025561189,0.008864963,0.325079650,0.067782901,-0.438533425,-1.274446487,0.946967363,-0.035308734,-0.039887063,0.316883385,-0.013522746,-0.553847492,-1.166262031,0.939491510,-0.028238980,-0.002826012,0.341394633
613,391802,115840,stationary,stationary_low_view,-0.741544724,1.435362697,0.354203343,-0.154000223,0.816040695,0.480694205,0.281592906,-0.064510018,-0.417648196,-1.249350667,0.945715904,-0.024609441,0.012851880,0.323806405,0.070381954,-0.433292031,-1.272820950,0.947467268,-0.034347206,-0.035597079,0.316004544,-0.010694966,-0.549402475,-1.164345622,0.942718565,-0.024447400,0.002494909,0.332682729
614,392010,116048,stationary,stationary_low_view,-0.739889979,1.430560589,0.356196523,-0.155136317,0.813581467,0.484522760,0.281523883,-0.063096181,-0.403070033,-1.243418455,0.948769748,-0.020999497,0.008924831,0.315143377,0.071452871,-0.418662220,-1.268002510,0.947659433,-0.032380037,-0.049604233,0.313739657,-0.008815873,-0.541076422,-1.173543215,0.942824066,-0.021381689,0.000441662,0.332604021
615,392232,116270,stationary,stationary_low_view,-0.737358689,1.426111698,0.355882883,-0.156682760,0.810881674,0.488138109,0.282210350,-0.062512174,-0.387868822,-1.241644263,0.948758900,-0.020402268,0.002835060,0.315328717,0.071311310,-0.402780384,-1.265724659,0.946937263,-0.032007080,-0.055125710,0.315034300,-0.008387957,-0.523829877,-1.167482138,0.941499770,-0.020246385,0.008748502,0.336291164
616,392442,116480,stationary,stationary_low_view,-0.734951854,1.424349785,0.355744362,-0.157102123,0.810765922,0.487899452,0.282721907,-0.062081032,-0.385961860,-1.240744948,0.942140520,-0.018662870,0.006198370,0.334640920,0.073144577,-0.401411474,-1.268114567,0.947211206,-0.027720589,-0.031659387,0.317836791,-0.006372562,-0.525331020,-1.175577998,0.950801611,-0.019689670,-0.005908414,0.309117705
617,392649,116687,stationary,stationary_low_view,-0.735048413,1.422009706,0.354175806,-0.158140302,0.810707808,0.487856239,0.282384008,-0.059980676,-0.384776354,-1.248103023,0.952295899,-0.018202201,0.011455275,0.304417431,0.074177563,-0.395535111,-1.259390950,0.945099890,-0.026494591,-0.039882429,0.323254853,-0.005415561,-0.518999159,-1.167910099,0.947345138,-0.019113427,0.009301498,0.319507867
618,392872,116910,stationary,stationary_low_view,-0.736040711,1.420913100,0.351201057,-0.158217609,0.811067104,0.486825317,0.283087432,-0.062416781,-0.383171201,-1.239623785,0.944839835,-0.017569074,0.005696712,0.327011526,0.071018800,-0.394209504,-1.253474832,0.945794821,-0.028320150,-0.049600050,0.319702953,-0.007488893,-0.522108257,-1.171846151,0.949094296,-0.020080613,-0.005708362,0.314299464
619,393079,117117,stationary,stationary_low_view,-0.736741066,1.421215415,0.348276734,-0.157499403,0.811331570,0.487494260,0.281574816,-0.064464420,-0.383211017,-1.248327255,0.949520648,-0.022820206,0.006245508,0.312811047,0.070942968,-0.395907760,-1.265608191,0.950566173,-0.030917175,-0.058601834,0.303370953,-0.009110019,-0.521066368,-1.176314354,0.954059303,-0.024713680,-0.012630352,0.298329651
620,393302,117340,stationary,stationary_low_view,-0.736736417,1.422816634,0.346136928,-0.157709017,0.812562227,0.486018896,0.280457139,-0.062292654,-0.383751094,-1.241100073,0.942968249,-0.021238402,-0.000603548,0.332203984,0.072367251,-0.398414612,-1.263327122,0.945433497,-0.034284890,-0.043638296,0.321054101,-0.008486886,-0.519229650,-1.166522384,0.947447896,-0.020955648,0.008278769,0.319115758
621,393510,117548,stationary,stationary_low_view,-0.735151052,1.423532844,0.344403148,-0.156710982,0.813770711,0.485276371,0.278793454,-0.059714172,-0.384608746,-1.242637038,0.945910454,-0.022822101,-0.000254879,0.323624104,0.075772017,-0.402179003,-1.272942543,0.949729860,-0.033039529,-0.038523756,0.308929563,-0.006018771,-0.519060254,-1.164703846,0.938041747,-0.022529595,0.007690421,0.345703572
622,393719,117757,stationary,stationary_low_view,-0.733539224,1.423491001,0.341907263,-0.157026634,0.813689768,0.485635400,0.278226167,-0.058780111,-0.384691119,-1.256572127,0.951293349,-0.024892570,0.014691713,0.306929171,0.075619802,-0.393444180,-1.259891033,0.944988728,-0.037787665,-0.049863618,0.321063906,-0.004322935,-0.522076845,-1.181221366,0.955273807,-0.021091785,0.010538985,0.294781297
623,393940,117978,stationary,stationary_low_view,-0.731651187,1.422960758,0.339603662,-0.156514779,0.814436853,0.484643996,0.278057486,-0.058511958,-0.384497643,-1.256537795,0.952200890,-0.023801217,0.013903080,0.304226458,0.076634295,-0.395596474,-1.265781403,0.948668778,-0.035221718,-0.057946853,0.308916092,-0.004474409,-0.519800425,-1.177248359,0.947521687,-0.023485322,0.011655607,0.318614632
624,394162,118200,stationary,stationary_low_view,-0.730719447,1.422196269,0.338505983,-0.156070739,0.815166473,0.483609825,0.277969599,-0.057017706,-0.382827461,-1.245736003,0.948495746,-0.024060210,0.001242831,0.315872431,0.079079330,-0.401704937,-1.279396176,0.951672494,-0.035738226,-0.039556485,0.302452505,-0.003540210,-0.517209649,-1.166723847,0.939177752,-0.022814741,0.007536901,0.342589945
625,394372,118410,stationary,stationary_low_view,-0.730180621,1.420314431,0.339000463,-0.156915501,0.813615143,0.485402048,0.278913617,-0.059156571,-0.377340227,-1.247763157,0.948513150,-0.024751997,0.002221558,0.315761298,0.075888254,-0.391694367,-1.268750548,0.947975993,-0.032291222,-0.035735261,0.314677298,-0.005058685,-0.514682889,-1.174738884,0.950137317,-0.027884122,-0.002819907,0.310569823
626,394580,118618,stationary,stationary_low_view,-0.730334520,1.419300318,0.341076493,-0.157845810,0.813211858,0.486349136,0.277913123,-0.056192353,-0.377467006,-1.256607294,0.954064667,-0.026817666,0.009730099,0.298239559,0.079005510,-0.389867365,-1.269890428,0.946527898,-0.031470716,-0.036441397,0.319008768,-0.001835335,-0.515144825,-1.180393100,0.952127099,-0.022515271,0.010240387,0.304700166
627,394801,118839,stationary,stationary_low_view,-0.731505990,1.418565154,0.342978358,-0.158061117,0.813350439,0.485260308,0.279285163,-0.056426987,-0.378718197,-1.243102551,0.946353316,-0.023295948,0.005501351,0.322245896,0.078703649,-0.392604411,-1.263544559,0.945923626,-0.033841897,-0.042437922,0.319815993,-0.001418309,-0.519845605,-1.179443717,0.955460429,-0.028130276,-0.016444152,0.293314964
628,395010,119048,stationary,stationary_low_view,-0.732426047,1.418095827,0.344516516,-0.158484474,0.810944617,0.488423228,0.280524969,-0.059515603,-0.371364832,-1.242596865,0.947456062,-0.021993453,0.001449593,0.319125801,0.075314052,-0.386012405,-1.267654061,0.947751939,-0.030358383,-0.031379074,0.316006243,-0.005325986,-0.509598315,-1.173671246,0.950559795,-0.018676002,0.017036125,0.309511006
629,395233,119271,stationary,stationary_low_view,-0.731866002,1.418238878,0.346260786,-0.159209669,0.810730338,0.488783628,0.280105650,-0.056874327,-0.370741397,-1.242567301,0.949257314,-0.020860290,0.003528526,0.313788056,0.076805398,-0.382038891,-1.256466508,0.943690360,-0.030080015,-0.039623924,0.327068359,-0.002845602,-0.507037938,-1.168982387,0.944978178,-0.022166286,0.006293645,0.326320767
630,395440,119478,stationary,stationary_low_view,-0.731282592,1.416443348,0.348989606,-0.159226596,0.810469508,0.490172088,0.278419465,-0.053834543,-0.369020104,-1.241706729,0.944991767,-0.021390464,0.006160792,0.326335698,0.081371196,-0.383928865,-1.264724612,0.947466791,-0.034096103,-0.041597854,0.315299571,0.001042865,-0.510376036,-1.178913236,0.956959546,-0.027175931,-0.011296283,0.288725257
631,395649,119687,stationary,stationary_low_view,-0.731563926,1.416416049,0.348979950,-0.159330443,0.810151219,0.489702612,0.280107439,-0.056428082,-0.369815171,-1.244301677,0.946933806,-0.019902309,0.008567413,0.320697486,0.079622805,-0.384889603,-1.269886017,0.954093158,-0.028940814,-0.059706710,0.292068273,-0.000784792,-0.505007327,-1.167282343,0.942713082,-0.024760792,0.001387214,0.332681596
632,395829,119867,stationary,stationary_low_view,-0.732400417,1.416585088,0.349412560,-0.159299254,0.810177684,0.490151644,0.279261887,-0.054723509,-0.369028270,-1.245311737,0.952410042,-0.020309817,0.019448241,0.303519994,0.079898611,-0.384600520,-1.270404220,0.953700483,-0.029213587,-0.053245302,0.294562310,-0.000808053,-0.505047143,-1.168859124,0.947373450,-0.018078068,0.016921414,0.319171578
633,396024,120062,stationary,stationary_low_view,-0.732560396,1.416544557,0.348564267,-0.159474179,0.810238719,0.490114421,0.279050320,-0.054682147,-0.369350225,-1.246665239,0.952987731,-0.019961078,0.015405585,0.301957995,0.080033138,-0.383463919,-1.267091155,0.950043142,-0.027125331,-0.036757909,0.308757335,-0.000639055,-0.505169570,-1.169736981,0.947935164,-0.019509494,0.015806401,0.317472160
634,396191,120229,stationary,stationary_low_view,-0.732077003,1.417361259,0.347653031,-0.159340337,0.810475707,0.489878029,0.278853685,-0.054923370,-0.369656503,-1.247489333,0.953609943,-0.020179808,0.018619254,0.299790293,0.080309555,-0.385960400,-1.274752736,0.953583658,-0.027823428,-0.048641898,0.295868307,-0.000803683,-0.504615724,-1.168513775,0.945399702,-0.019633569,0.013530991,0.325039655
635,396372,120410,stationary,stationary_low_view,-0.731640339,1.417002678,0.346663952,-0.159384757,0.810516894,0.489864230,0.278732687,-0.054561716,-0.366206944,-1.242313385,0.946551561,-0.020984462,0.009501997,0.321729034,0.079113044,-0.378312826,-1.257529616,0.950075150,-0.037909530,-0.062781811,0.303279519,-0.000747114,-0.502241254,-1.167688608,0.941272318,-0.024088329,0.003158866,0.336773127
636,396553,120591,stationary,stationary_low_view,-0.731421590,1.417100787,0.345108271,-0.160072789,0.810375929,0.490031302,0.278454453,-0.054268859,-0.365200818,-1.244608998,0.951035261,-0.019738724,0.011319442,0.308243662,0.081017509,-0.379279584,-1.267541170,0.949277461,-0.032464460,-0.038946863,0.310324937,-0.000512831,-0.499841452,-1.166688323,0.942633390,-0.023306366,0.009609978,0.332876593
637,396733,120771,stationary,stationary_low_view,-0.731107354,1.416851401,0.343086481,-0.161337391,0.809832573,0.490546882,0.278397590,-0.053936400,-0.361104220,-1.246619344,0.949156940,-0.021623285,0.003866106,0.314035922,0.081352562,-0.375649333,-1.271650672,0.950307906,-0.030290643,-0.031555809,0.308223337,0.000577405,-0.500998795,-1.180300117,0.954420507,-0.021203071,-0.000442340,0.297710925
638,396898,120936,stationary,stationary_low_view,-0.730826974,1.416284561,0.341145754,-0.161105573,0.810842872,0.489146322,0.278055280,-0.053766165,-0.363341808,-1.248499393,0.949407101,-0.023178533,0.005365224,0.313145608,0.081980869,-0.378424406,-1.272985935,0.949044645,-0.029278560,-0.029920688,0.312348783,0.001486257,-0.503064692,-1.180166483,0.950358927,-0.023049515,-0.004450723,0.310268939
639,397081,121119,stationary,stationary_low_view,-0.731193185,1.416431427,0.339045048,-0.161621854,0.810880721,0.488182336,0.279336482,-0.056062486,-0.367275745,-1.252937794,0.953737020,-0.016869051,0.018941695,0.299570262,0.080296345,-0.381461173,-1.278320312,0.955863297,-0.025703719,-0.048719242,0.288602054,-0.000775635,-0.499380827,-1.168178678,0.940608799,-0.023694653,0.004558075,0.338633776
640,397262,121300,stationary,stationary_low_view,-0.731201172,1.416633606,0.336728573,-0.162484095,0.811522424,0.487410128,0.278319359,-0.053565752,-0.365739733,-1.251482368,0.948386133,-0.018205954,0.019746857,0.315978378,0.082966164,-0.380618691,-1.277947187,0.953792810,-0.027555240,-0.045440126,0.295728207,0.001726378,-0.502544045,-1.177738547,0.951515257,-0.017975451,0.010385040,0.306900293
641,397427,121465,stationary,stationary_low_view,-0.732212663,1.416760921,0.336349487,-0.162981138,0.810467303,0.487933338,0.280180275,-0.056864679,-0.362776220,-1.246733308,0.949679971,-0.017941970,0.010240895,0.312539905,0.078404993,-0.376494139,-1.271852732,0.951652110,-0.028611045,-0.040619388,0.303133070,-0.001393579,-0.500977039,-1.178762197,0.950667322,-0.018661033,-0.001426661,0.309647202
642,397607,121645,stationary,stationary_low_view,-0.732761264,1.415936351,0.337355494,-0.162717447,0.810194433,0.489193738,0.278922111,-0.056400191,-0.363097429,-1.255679607,0.955307066,-0.021280712,0.006863021,0.294768572,0.079766028,-0.375453770,-1.273537517,0.951384723,-0.028821351,-0.049988765,0.302551836,-0.000847064,-0.495517612,-1.169559598,0.941362143,-0.021095540,0.009429215,0.336605728
643,397789,121827,stationary,stationary_low_view,-0.733302116,1.414804459,0.338747978,-0.163340047,0.809005797,0.490799695,0.279186934,-0.056494683,-0.355448604,-1.245309591,0.947101533,-0.018762827,0.011616474,0.320174664,0.079406761,-0.371013343,-1.275744677,0.953710318,-0.027064096,-0.045404077,0.296044946,-0.000995737,-0.493244529,-1.176143169,0.949145496,-0.018594239,0.007672573,0.314194530
644,397955,121993,stationary,stationary_low_view,-0.733193278,1.415050268,0.340327740,-0.163105786,0.808369339,0.491773993,0.279452801,-0.057053261,-0.354716837,-1.247363210,0.952548981,-0.017637661,0.013535330,0.303572357,0.076533876,-0.364399970,-1.256924868,0.945111096,-0.030685389,-0.047194038,0.321863562,-0.002166525,-0.494057477,-1.179301739,0.950911701,-0.023040663,-0.008640386,0.308482379
645,398122,122160,stationary,stationary_low_view,-0.733322501,1.414616108,0.340965629,-0.163404301,0.807887018,0.492055476,0.280176759,-0.058066558,-0.354475290,-1.249001145,0.952906251,-0.014859822,0.004605980,0.302865833,0.076453775,-0.365529776,-1.265393734,0.950858891,-0.026079008,-0.056332972,0.303337902,-0.003083568,-0.489221603,-1.171362400,0.950317800,-0.016022427,0.020481883,0.310193330
646,398288,122326,stationary,stationary_low_view,-0.733164907,1.414394617,0.341141105,-0.163593143,0.807608843,0.492359668,0.280334085,-0.057830658,-0.354180574,-1.249247909,0.951928139,-0.013871600,0.004043672,0.305980563,0.076596744,-0.364690602,-1.264361620,0.949990451,-0.024293728,-0.046982866,0.307767004,-0.002264300,-0.492239773,-1.179319382,0.956870198,-0.017909391,0.003720365,0.289939463
647,398469,122507,stationary,stationary_low_view,-0.732074976,1.413680077,0.341202974,-0.163339630,0.807646513,0.492539346,0.280057669,-0.056932472,-0.352658272,-1.245948672,0.948130727,-0.018475125,0.008823991,0.317220747,0.078067102,-0.364995599,-1.267770648,0.949299872,-0.030380042,-0.037230961,0.310677737,-0.001392312,-0.490586817,-1.176998854,0.950114131,-0.018204382,-0.003963711,0.311345458
648,398636,122674,stationary,stationary_low_view,-0.730924845,1.412997007,0.341542959,-0.162969053,0.808354855,0.490757883,0.281354249,-0.056922734,-0.357738703,-1.247122049,0.953461409,-0.018423446,0.009214721,0.300810575,0.078543641,-0.370587587,-1.270135641,0.951768219,-0.028077263,-0.036276288,0.303369522,-0.001088358,-0.494840384,-1.174985051,0.944737911,-0.018152757,0.006272324,0.327263504
649,398816,122854,stationary,stationary_low_view,-0.728656888,1.413070679,0.341552615,-0.162353218,0.808574498,0.490399629,0.281703681,-0.056985162,-0.357734054,-1.247560859,0.953509152,-0.018490827,0.011544542,0.300574630,0.078464672,-0.370709419,-1.270294547,0.950992703,-0.029199539,-0.038162112,0.305456907,-0.001100745,-0.494832546,-1.174864769,0.946149170,-0.018379919,0.005245353,0.323166311
650,398984,123022,stationary,stationary_low_view,-0.727123618,1.413166046,0.341359615,-0.162813962,0.807672381,0.490913540,0.283126950,-0.058167577,-0.353542745,-1.244791746,0.950567007,-0.015476887,0.000791305,0.310132563,0.076956280,-0.368044317,-1.274622917,0.953807354,-0.024400907,-0.050289977,0.295172870,-0.002218280,-0.491948724,-1.176833987,0.950453401,-0.014555796,0.006682540,0.310454190
651,399164,123202,stationary,stationary_low_view,-0.726063371,1.413521647,0.340243101,-0.163332865,0.807619095,0.490037203,0.284494907,-0.058778837,-0.354681909,-1.246108532,0.949687541,-0.014192420,-0.003278756,0.312860072,0.077347487,-0.370553017,-1.280877471,0.954194367,-0.023221958,-0.042960152,0.295174986,-0.002014343,-0.489996612,-1.171725750,0.944978535,-0.011863087,0.008582908,0.326804459
652,399330,123368,stationary,stationary_low_view,-0.724719882,1.412469506,0.338917255,-0.162724197,0.806619585,0.490760505,0.286426038,-0.063800640,-0.352682114,-1.248333097,0.949425936,-0.010561975,-0.002976461,0.313799292,0.070987746,-0.363271952,-1.268352866,0.950562060,-0.020307222,-0.049806479,0.305840909,-0.007043634,-0.488193721,-1.175077081,0.947232068,-0.010931562,0.005871151,0.320308357
653,399513,123551,stationary,stationary_low_view,-0.722993493,1.412337303,0.337547421,-0.162737995,0.807008803,0.490862787,0.285143614,-0.061232381,-0.349228501,-1.246403217,0.948736429,-0.011096317,-0.001432028,0.315870315,0.074201234,-0.362812817,-1.275273442,0.952706695,-0.022157989,-0.044584155,0.299785435,-0.004493676,-0.484985590,-1.173887968,0.945574284,-0.010860168,0.008180307,0.325122297
654,399691,123729,stationary,stationary_low_view,-0.721981168,1.412725091,0.335609913,-0.162160650,0.808307052,0.489669710,0.283843696,-0.059325036,-0.350971460,-1.248282313,0.948236644,-0.017738964,0.002060706,0.317062080,0.076801814,-0.365939736,-1.278787374,0.953626156,-0.025339123,-0.047109645,0.296202272,-0.003217321,-0.486884087,-1.173688889,0.950253010,-0.016586160,0.011773632,0.310814351
655,399870,123908,stationary,stationary_low_view,-0.722274423,1.412233710,0.333082438,-0.162802145,0.808191121,0.490071118,0.283112854,-0.058869042,-0.346935600,-1.246831298,0.948271155,-0.015830699,-0.001676537,0.317062080,0.077035241,-0.362640500,-1.279867053,0.951343000,-0.026698191,-0.045048513,0.303651661,-0.003154369,-0.482530475,-1.172156572,0.946507514,-0.019777033,0.003106599,0.322060078
656,400038,124076,stationary,stationary_low_view,-0.722863078,1.413656950,0.330300808,-0.162522495,0.808865607,0.489401907,0.282504171,-0.059752844,-0.347874224,-1.248229265,0.948834717,-0.017786836,0.009439316,0.315130532,0.075082801,-0.360205680,-1.270356774,0.949310899,-0.029808238,-0.041354731,0.310177535,-0.003784582,-0.487374663,-1.182701468,0.954685867,-0.018204628,-0.005656482,0.297004253
657,400204,124242,stationary,stationary_low_view,-0.723940492,1.412600040,0.327952504,-0.163588330,0.808223784,0.491169870,0.280651689,-0.059157029,-0.344041884,-1.259025574,0.952966630,-0.014595136,0.014496996,0.302376330,0.077230364,-0.356945813,-1.282265067,0.952941954,-0.027935535,-0.047112636,0.298163772,-0.003354959,-0.476796299,-1.174904943,0.944858193,-0.018289749,0.011777380,0.326756418
658,400388,124426,stationary,stationary_low_view,-0.725553155,1.413292170,0.325539231,-0.163819671,0.808641493,0.490508765,0.280469656,-0.059910964,-0.341834426,-1.251235366,0.950660288,-0.016096625,0.011619519,0.309597969,0.074922822,-0.354037941,-1.271809220,0.950157523,-0.029430233,-0.040045213,0.307783842,-0.004638206,-0.481269211,-1.184985042,0.951867878,-0.014326352,0.012370160,0.305923730
659,400553,124591,stationary,stationary_low_view,-0.727168441,1.414127588,0.323339701,-0.164294004,0.808893442,0.490848392,0.278866887,-0.059657499,-0.340368122,-1.252339125,0.948238552,-0.019860653,0.006035716,0.316879869,0.075739987,-0.353598833,-1.276768565,0.949786842,-0.029802695,-0.033581480,0.309659511,-0.004051467,-0.482198119,-1.191771984,0.957196772,-0.022472152,-0.007667687,0.288462341
660,400719,124757,stationary,stationary_low_view,-0.727937102,1.414126396,0.322003841,-0.163952857,0.809512436,0.489940166,0.278868675,-0.060074907,-0.343214631,-1.253555298,0.949271917,-0.018068206,0.009973894,0.313778400,0.073512979,-0.351531178,-1.261748672,0.948813677,-0.030944014,-0.053051081,0.309807450,-0.005685661,-0.478832841,-1.177553177,0.945412397,-0.020655811,0.003192297,0.325205475
661,400899,124937,stationary,stationary_low_view,-0.727357030,1.412419200,0.321848750,-0.164331317,0.809215486,0.491139501,0.277394176,-0.057637416,-0.339079261,-1.256724119,0.952392995,-0.018469993,0.016624667,0.303858727,0.077158734,-0.351927012,-1.275894642,0.951297998,-0.029348264,-0.041488651,0.304055065,-0.003310926,-0.473998159,-1.177582264,0.950729251,-0.018957105,0.012144957,0.309203923
662,401066,125104,stationary,stationary_low_view,-0.726435781,1.412029743,0.323210001,-0.163504601,0.808697224,0.491904616,0.278037757,-0.059674215,-0.336102962,-1.250226498,0.944943070,-0.021786822,-0.001632586,0.326504588,0.075303949,-0.349595904,-1.274637222,0.950178623,-0.029736068,-0.034194268,0.308394402,-0.004681988,-0.477078766,-1.187051773,0.954639435,-0.023001257,-0.008848962,0.296742618
663,401247,125285,stationary,stationary_low_view,-0.725700498,1.412352562,0.324120164,-0.163272247,0.808538675,0.492168039,0.278169066,-0.059670385,-0.336223662,-1.251978517,0.948882580,-0.023432555,-0.004004754,0.314732820,0.075250804,-0.349308848,-1.274367332,0.950267494,-0.029164132,-0.032687772,0.308338553,-0.005018171,-0.475252062,-1.183712840,0.948964059,-0.019450532,0.006316719,0.314720452
664,401416,125454,stationary,stationary_low_view,-0.725427628,1.412832499,0.324114919,-0.163255751,0.808709741,0.492038369,0.277910680,-0.059063688,-0.337956846,-1.255898356,0.949547768,-0.021666873,0.010156487,0.312708139,0.076316506,-0.351369470,-1.279771209,0.950695336,-0.029372759,-0.035913683,0.306636333,-0.003873309,-0.479586154,-1.192963839,0.958274603,-0.021884693,-0.002961973,0.284994960
665,401594,125632,stationary,stationary_low_view,-0.725258231,1.413376689,0.323372126,-0.163013563,0.809092879,0.491083235,0.278626144,-0.059687197,-0.338179588,-1.248714685,0.944567621,-0.019856265,0.002810914,0.327703923,0.075184084,-0.352212131,-1.274767280,0.951455653,-0.029744627,-0.036381703,0.304177284,-0.005036538,-0.477605671,-1.183814645,0.951357722,-0.016198572,0.016289415,0.307230711
666,401774,125812,stationary,stationary_low_view,-0.724876046,1.413217187,0.321859837,-0.163117513,0.809130967,0.491390496,0.277912140,-0.059423510,-0.338471770,-1.255442500,0.950204909,-0.021792043,0.008920270,0.310734928,0.076036789,-0.351733595,-1.277529359,0.949406624,-0.031891584,-0.036688749,0.310264319,-0.004074626,-0.480242491,-1.193586230,0.960227311,-0.023431096,-0.009213991,0.278081983
667,401940,125978,stationary,stationary_low_view,-0.724114537,1.413268209,0.319790602,-0.162761107,0.809834123,0.490268528,0.278054416,-0.059537333,-0.339080095,-1.254385352,0.948018372,-0.024903106,-0.003010961,0.317225307,0.075449102,-0.352210850,-1.275395513,0.949181020,-0.028609253,-0.030626742,0.311927736,-0.004413327,-0.479986191,-1.191404700,0.960480809,-0.021127442,0.002034977,0.277535766
668,402122,126160,stationary,stationary_low_view,-0.723256707,1.413026094,0.317555666,-0.163019747,0.810285270,0.489840567,0.277341962,-0.057471946,-0.338228106,-1.255093932,0.950311065,-0.019107847,0.013393820,0.310426116,0.077563830,-0.353017688,-1.281022072,0.952330768,-0.029182035,-0.040600978,0.300941974,-0.003500320,-0.473007381,-1.177459598,0.944249451,-0.018486552,0.014829477,0.328376740
669,402301,126339,stationary,stationary_low_view,-0.721872687,1.412729621,0.316007614,-0.162449062,0.810623705,0.489386588,0.277489305,-0.059013590,-0.340320200,-1.262735486,0.952663302,-0.021391995,0.007042737,0.303192109,0.077161320,-0.353423148,-1.282927871,0.952552915,-0.028502472,-0.048970897,0.299052566,-0.003887646,-0.480301380,-1.194543600,0.959874451,-0.022435952,0.000979555,0.279529452
670,402483,126521,stationary,stationary_low_view,-0.720326185,1.413467050,0.313835740,-0.162204579,0.811485529,0.488612860,0.276475072,-0.056539346,-0.336540967,-1.251685739,0.944767237,-0.023789393,0.005775318,0.326826543,0.078366369,-0.350391239,-1.274885297,0.944974244,-0.033371095,-0.031457920,0.323914319,-0.002999600,-0.472359061,-1.177182436,0.942772329,-0.019438254,0.017282592,0.332421154
671,402650,126688,stationary,stationary_low_view,-0.719314933,1.413865209,0.311124921,-0.162556231,0.812299073,0.487775266,0.275356084,-0.054144211,-0.336322933,-1.252349734,0.943801939,-0.022263071,0.003747980,0.329739690,0.081166252,-0.350887537,-1.277151346,0.946162701,-0.033323534,-0.033033416,0.320272475,-0.000697386,-0.471408933,-1.177405596,0.943542540,-0.024953801,0.006672895,0.330242723
672,402816,126854,stationary,stationary_low_view,-0.718878150,1.414759278,0.308953166,-0.162236571,0.812972784,0.486977398,0.274968266,-0.054050744,-0.338258147,-1.257164598,0.945852160,-0.023478612,0.004616502,0.323714584,0.081604362,-0.352803230,-1.280998588,0.947818160,-0.032732699,-0.029766861,0.315726548,-0.000688776,-0.472788990,-1.178180695,0.942747772,-0.019835008,0.022536688,0.332152575
673,402996,127034,stationary,stationary_low_view,-0.718505979,1.415001869,0.307097673,-0.162000224,0.813653409,0.486524463,0.273894250,-0.053178512,-0.343236506,-1.274316788,0.955210090,-0.022873046,0.015791340,0.294620246,0.081863217,-0.351873815,-1.277407289,0.946743906,-0.033943430,-0.034852512,0.318291038,0.000856217,-0.478482485,-1.192175150,0.951204062,-0.020429544,0.019133020,0.307290375
674,403163,127201,stationary,stationary_low_view,-0.718304992,1.414531708,0.306050062,-0.162377894,0.813693941,0.486971706,0.272752792,-0.051080290,-0.334719658,-1.256038189,0.946499944,-0.025859265,0.006122753,0.321608007,0.084832437,-0.352189571,-1.289751410,0.951152384,-0.035614390,-0.030754765,0.305114597,0.001782708,-0.471674562,-1.183992624,0.945709884,-0.027128650,0.007331849,0.323794872
675,403330,127368,stationary,stationary_low_view,-0.718501329,1.415224671,0.305318356,-0.162051365,0.814649403,0.485844046,0.272105247,-0.049783666,-0.339421391,-1.260739446,0.949941874,-0.023550468,0.025588060,0.310485154,0.084870003,-0.352355421,-1.278531790,0.947247028,-0.033706244,-0.035817351,0.316708356,0.003074221,-0.476575047,-1.188604951,0.950272441,-0.024109136,0.018501293,0.309933513
676,403512,127550,stationary,stationary_low_view,-0.719948053,1.414696217,0.305124164,-0.162830532,0.814638674,0.485855192,0.271651983,-0.049513705,-0.340336144,-1.263939142,0.950289845,-0.024345076,0.021206919,0.309688151,0.086301528,-0.353780359,-1.283307791,0.951355398,-0.032439008,-0.039975677,0.303764075,0.004031587,-0.479560167,-1.194671512,0.955425024,-0.025138028,0.005303731,0.294113755
677,403678,127716,stationary,stationary_low_view,-0.722615361,1.414381027,0.304927707,-0.162252322,0.815093935,0.485477895,0.271306515,-0.050983991,-0.340177804,-1.254021168,0.944073081,-0.026726043,0.007175719,0.328573048,0.084361382,-0.355418503,-1.277441740,0.949924231,-0.035229910,-0.038109057,0.308140367,0.001566965,-0.480622232,-1.186521173,0.996848464,-0.020802254,0.020529490,0.073749758
678,403857,127895,stationary,stationary_low_view,-0.725936532,1.415444613,0.305005431,-0.162807837,0.815822423,0.484806329,0.269982010,-0.049638182,-0.345758438,-1.260475516,0.950769842,-0.025279596,0.023652306,0.307958186,0.084919028,-0.357741147,-1.271077514,0.943286240,-0.035962023,-0.026042532,0.328997880,0.002763420,-0.482528269,-1.185569644,0.950248182,-0.024026036,0.025351677,0.309529454
679,404024,128062,stationary,stationary_low_view,-0.728702307,1.414565444,0.305620551,-0.163278341,0.815342546,0.485913277,0.269156128,-0.049922690,-0.343030542,-1.256814718,0.949376225,-0.028766466,0.020186909,0.312169403,0.084290668,-0.355891466,-1.271535754,0.945598543,-0.036136050,-0.033657312,0.321566224,0.002139278,-0.480815351,-1.185102701,0.948949218,-0.029185249,0.008636253,0.313957036
680,404192,128230,stationary,stationary_low_view,-0.731044888,1.414911747,0.306419969,-0.163398758,0.815413415,0.485704362,0.269245446,-0.050572358,-0.345950663,-1.257670522,0.948436916,-0.029972851,0.016726503,0.315101981,0.083682507,-0.357906938,-1.268687725,0.945163429,-0.037521195,-0.036531858,0.322372079,0.001531191,-0.484005570,-1.185143113,0.953026593,-0.031478774,0.001750984,0.301241457
681,404373,128411,stationary,stationary_low_view,-0.732414365,1.415123224,0.307098269,-0.163351014,0.815653682,0.485248446,0.269368738,-0.051422633,-0.348660827,-1.256519198,0.947271883,-0.028457627,0.004694025,0.319130331,0.084358633,-0.364681602,-1.282065153,0.950672388,-0.036939286,-0.031321477,0.306392550,0.000472404,-0.485831678,-1.182506919,0.951949477,-0.029831631,0.003973089,0.304772854
682,404538,128576,stationary,stationary_low_view,-0.733193994,1.414675236,0.308055162,-0.163020775,0.815232515,0.485692471,0.270042777,-0.053673923,-0.350255340,-1.262808442,0.950038373,-0.029266059,0.006459686,0.310691059,0.080972217,-0.360474199,-1.268076897,0.945185065,-0.036148019,-0.036835182,0.322430849,-0.001242803,-0.486838341,-1.182055712,0.994812489,-0.019356361,0.040545665,0.091266371
683,404720,128758,stationary,stationary_low_view,-0.733794928,1.414944530,0.308516383,-0.163639635,0.814738035,0.485606968,0.271311462,-0.055267438,-0.350414425,-1.258900523,0.950808525,-0.023549804,0.024574468,0.307903677,0.079352550,-0.361331075,-1.269839287,0.947228611,-0.034149058,-0.036831610,0.316599548,-0.002383804,-0.487267971,-1.184067488,0.953632653,-0.024351867,0.018824881,0.299395055
684,404899,128937,stationary,stationary_low_view,-0.733803391,1.414524317,0.307924628,-0.163810670,0.814288676,0.485830158,0.272156537,-0.056450695,-0.346999317,-1.251684785,0.946826041,-0.027083229,0.001111613,0.320602030,0.078379914,-0.360697597,-1.271566629,0.947055817,-0.031495906,-0.028485384,0.318248153,-0.003402138,-0.483491689,-1.177997351,0.945752323,-0.028329292,0.000020790,0.323651105
685,405066,129104,stationary,stationary_low_view,-0.734006047,1.414749384,0.307198048,-0.164438784,0.814688027,0.484717399,0.272566259,-0.056470387,-0.353536934,-1.265949607,0.953693926,-0.023616871,0.019707460,0.299201846,0.078667447,-0.363727480,-1.273111224,0.947443247,-0.029487085,-0.027734524,0.317352444,-0.003155168,-0.483890057,-1.173996329,0.944310546,-0.023225907,0.011507007,0.328033149
686,405246,129284,stationary,stationary_low_view,-0.733387828,1.415340304,0.306268930,-0.163312241,0.814777851,0.484783322,0.272857726,-0.058986932,-0.350135356,-1.257639885,0.948117673,-0.024527414,0.018467402,0.316433549,0.075446375,-0.361595035,-1.269262552,0.946375966,-0.034768481,-0.033281472,0.319462121,-0.006147284,-0.486033380,-1.180075645,0.948540986,-0.022994408,0.015499659,0.315437913
687,405426,129464,stationary,stationary_low_view,-0.732175946,1.415955782,0.304931045,-0.162994400,0.815105677,0.484385610,0.272774875,-0.059056524,-0.353318274,-1.267181635,0.952658176,-0.024424281,0.014830452,0.302697688,0.075902298,-0.363714784,-1.273638844,0.947300673,-0.029470537,-0.026539819,0.317881405,-0.005728096,-0.486752421,-1.181639194,0.950862527,-0.022113437,0.017258223,0.308340043
688,405595,129633,stationary,stationary_low_view,-0.731205583,1.416568756,0.304655194,-0.162600279,0.815406740,0.484207779,0.272425801,-0.057848968,-0.350958586,-1.259377241,0.950033426,-0.023025675,0.022044880,0.310516328,0.078936994,-0.368848681,-1.291321278,0.955679953,-0.031111285,-0.035957485,0.290542662,-0.004840218,-0.489133000,-1.187553763,0.953663826,-0.022362012,0.021665195,0.299258858
689,405774,129812,stationary,stationary_low_view,-0.729630589,1.416644335,0.303891778,-0.162505969,0.815407634,0.483842194,0.273128003,-0.058383726,-0.350663334,-1.259286284,0.949377596,-0.023682714,0.021751177,0.312487125,0.075755492,-0.361337513,-1.270182848,0.944393218,-0.034270328,-0.038551006,0.324747324,-0.005146418,-0.487590462,-1.185093045,0.952293038,-0.022932185,0.015332189,0.303935826
690,405955,129993,stationary,stationary_low_view,-0.727849364,1.417353272,0.303564787,-0.161988765,0.815463543,0.483728558,0.273469418,-0.058983218,-0.353783727,-1.269501805,0.952338099,-0.023605984,0.011852479,0.303898633,0.075599402,-0.362179697,-1.270795465,0.945693314,-0.034279089,-0.034718007,0.321377963,-0.005680941,-0.486381114,-1.181728959,0.947922111,-0.022587040,0.018858815,0.317140192
691,406134,130172,stationary,stationary_low_view,-0.725591779,1.416990995,0.303423762,-0.161757097,0.815733254,0.483247250,0.273653090,-0.057097487,-0.348761171,-1.254779816,0.944318414,-0.023807304,0.007818592,0.328077555,0.079013132,-0.366927683,-1.290150642,0.951153874,-0.034270056,-0.032953169,0.305034339,-0.003894567,-0.488440931,-1.189302921,0.951029480,-0.027616557,-0.010590684,0.307681829
692,406302,130340,stationary,stationary_low_view,-0.723024249,1.417407155,0.303661108,-0.161434159,0.816061258,0.482374251,0.274404943,-0.056224387,-0.352679133,-1.262872219,0.947098136,-0.026013065,0.014109790,0.319576889,0.078605205,-0.364097774,-1.273472309,0.944580317,-0.031976547,-0.031234495,0.325222909,-0.003023382,-0.485312819,-1.178565621,0.948059618,-0.022054445,0.012460158,0.317082465
693,406484,130522,stationary,stationary_low_view,-0.721371293,1.418342352,0.303805113,-0.161730766,0.816050172,0.481844038,0.275193840,-0.055337291,-0.353765994,-1.262094617,0.948450089,-0.020794267,0.026140261,0.315161318,0.080071531,-0.366402864,-1.279970050,0.946105897,-0.031618088,-0.045227274,0.319121361,-0.001414269,-0.491417676,-1.191508532,0.954955280,-0.024479391,-0.000370367,0.295738071
694,406663,130701,stationary,stationary_low_view,-0.719302416,1.418735504,0.303383112,-0.162651673,0.815736771,0.481546849,0.276098967,-0.053660966,-0.353096098,-1.265747190,0.948485613,-0.021325711,0.022017475,0.315333933,0.081795610,-0.365274608,-1.280791759,0.946112335,-0.028072258,-0.025245799,0.321630359,0.000480942,-0.487969637,-1.185170531,0.949263155,-0.023282215,0.003954234,0.313594997
695,406829,130867,stationary,stationary_low_view,-0.717541456,1.419008970,0.302930951,-0.162419006,0.815851927,0.481019974,0.276813149,-0.054008804,-0.350355327,-1.252347827,0.940395355,-0.018976932,0.017719300,0.339090765,0.081655040,-0.366347283,-1.283487558,0.949607611,-0.028259331,-0.042691626,0.309231758,0.000146903,-0.486335039,-1.180874586,0.948234141,-0.022738053,0.005558698,0.316708356
696,407011,131049,stationary,stationary_low_view,-0.715895534,1.419096589,0.302890301,-0.161843330,0.815990567,0.481371373,0.276130021,-0.053091384,-0.353833258,-1.271009803,0.952040672,-0.022235783,0.018098675,0.304625332,0.082051888,-0.363505930,-1.279288173,0.943388641,-0.032661557,-0.029691687,0.328739375,0.001336250,-0.490261376,-1.194278598,0.952027678,-0.025149155,-0.003100973,0.304961056
697,407191,131229,stationary,stationary_low_view,-0.714792132,1.419706464,0.301548600,-0.161797062,0.816373885,0.480585366,0.276393056,-0.052795336,-0.354534179,-1.272974491,0.951920092,-0.022090431,0.010233828,0.305377424,0.082488410,-0.363996744,-1.280830026,0.943965554,-0.032369800,-0.035631541,0.326514393,0.001609646,-0.488697648,-1.190809608,0.948834240,-0.025701853,-0.003915870,0.314702570
698,407372,131410,stationary,stationary_low_view,-0.713786006,1.420491457,0.300390959,-0.161085740,0.817158937,0.479764283,0.275914699,-0.052313462,-0.354962111,-1.265868306,0.946355164,-0.022835547,0.016962871,0.321873754,0.082388006,-0.365791351,-1.277687550,0.942901194,-0.032945089,-0.036406998,0.329433650,0.001575164,-0.492475867,-1.194658279,0.957592666,-0.023538439,-0.001520718,0.287158459
699,407553,131591,stationary,stationary_low_view,-0.712979198,1.420401216,0.300186634,-0.160560891,0.816884100,0.480804741,0.275222450,-0.052192479,-0.351805419,-1.266883016,0.947612047,-0.024934469,0.018780846,0.317894578,0.082195804,-0.362563699,-1.276682138,0.942689657,-0.033491161,-0.038426105,0.329754472,0.001596510,-0.490496397,-1.197156429,0.956686318,-0.027307907,-0.005946651,0.289776206
700,407732,131770,stationary,stationary_low_view,-0.711996198,1.421073437,0.301133990,-0.160111681,0.817397833,0.480441511,0.274592459,-0.050497036,-0.355577409,-1.274833679,0.951973379,-0.022630045,0.014894714,0.304979801,0.084582008,-0.365132689,-1.279500604,0.944475114,-0.032511517,-0.031471550,0.325452447,0.002958432,-0.488113105,-1.188050628,0.944789588,-0.021499699,0.022902852,0.326168507
701,407899,131937,stationary,stationary_low_view,-0.711808562,1.421253085,0.302108407,-0.160546631,0.816770852,0.480381131,0.276304483,-0.051705189,-0.351431698,-1.259740114,0.943318605,-0.022417780,0.011906491,0.330916405,0.083198428,-0.366645277,-1.284445643,0.947288454,-0.029010065,-0.042471860,0.316226333,0.001665853,-0.489399821,-1.190580368,0.947177589,-0.018927811,0.011912458,0.319928825
702,408080,132118,stationary,stationary_low_view,-0.711588025,1.421061397,0.302486062,-0.161064565,0.816316962,0.480312169,0.277461767,-0.053310148,-0.355676770,-1.274739861,0.951765239,-0.020791948,0.020885170,0.305408716,0.082053915,-0.365388125,-1.282487273,0.943385601,-0.028475147,-0.024084454,0.329594851,0.001525175,-0.492335975,-1.197453380,0.951689482,-0.018704230,0.014865218,0.306131333
703,408261,132299,stationary,stationary_low_view,-0.711084485,1.421328545,0.302881122,-0.161082759,0.816520989,0.479833096,0.277679741,-0.052205704,-0.355467707,-1.265389562,0.947950304,-0.020407347,0.004392042,0.317733437,0.083266489,-0.368611902,-1.284681559,0.945375443,-0.029370001,-0.037315011,0.322506338,0.001890179,-0.490384817,-1.187478185,0.943790197,-0.022704381,0.002158172,0.329757452
704,408427,132465,stationary,stationary_low_view,-0.710537791,1.421452403,0.303644180,-0.160474300,0.816920280,0.479756534,0.276989132,-0.050578468,-0.356271029,-1.265501618,0.946695268,-0.024538929,0.018611548,0.320654839,0.085470080,-0.373397082,-1.297956586,0.953052223,-0.029236987,-0.033012550,0.299577802,0.003808007,-0.494999141,-1.196229577,0.950456381,-0.018555138,0.017961901,0.309783518
705,408608,132646,stationary,stationary_low_view,-0.710439920,1.421857953,0.303936601,-0.160474733,0.817128360,0.478909671,0.277839243,-0.051246375,-0.356587946,-1.258423686,0.945566177,-0.019647520,0.012369400,0.324600607,0.085328519,-0.375510156,-1.297223926,0.951927602,-0.031947333,-0.036897954,0.302409977,0.002634190,-0.491453946,-1.181836128,0.941083431,-0.019195676,0.022969132,0.336847037
706,408789,132827,stationary,stationary_low_view,-0.710157990,1.421420813,0.304924488,-0.160270631,0.817122221,0.479807615,0.276422173,-0.048942298,-0.354505658,-1.256945133,0.940714240,-0.020273987,0.013109585,0.338339895,0.085984707,-0.369057834,-1.279903650,0.945360899,-0.033330232,-0.049119815,0.320576221,0.004455402,-0.494436860,-1.193370938,0.956376851,-0.022943243,0.003472847,0.291212857
707,408970,133008,stationary,stationary_low_view,-0.710924506,1.421234846,0.305354238,-0.159796491,0.817471862,0.479646862,0.275941402,-0.048807897,-0.356656671,-1.259825826,0.946042359,-0.023070561,0.008952817,0.323096663,0.086404227,-0.371844411,-1.284189463,0.947669566,-0.032889929,-0.048409309,0.313842595,0.004404090,-0.494479775,-1.189269185,0.944898427,-0.020746509,0.010561612,0.326534778
708,409150,133188,stationary,stationary_low_view,-0.712620735,1.420701981,0.306069016,-0.160244495,0.816813707,0.480697721,0.275802076,-0.050234534,-0.358521879,-1.271967530,0.951094806,-0.023482444,0.012632206,0.307746142,0.084627569,-0.367721260,-1.275447369,0.942353427,-0.034238495,-0.035156529,0.331001192,0.003954157,-0.495555252,-1.196131468,0.958389878,-0.021817649,0.013898410,0.284288079
709,409330,133368,stationary,stationary_low_view,-0.713741422,1.420021415,0.306947112,-0.160242856,0.817054868,0.480614126,0.275233746,-0.049418271,-0.357482731,-1.262815237,0.948743522,-0.023832334,0.022155395,0.314367473,0.086286150,-0.371794552,-1.284779191,0.948189735,-0.032292303,-0.043294668,0.313079894,0.004274663,-0.496022880,-1.192623973,0.950210333,-0.022459300,0.004261636,0.310769588
710,409496,133534,stationary,stationary_low_view,-0.714769125,1.420049548,0.308119774,-0.159950361,0.816902995,0.480269223,0.276453942,-0.051416434,-0.357163936,-1.253488779,0.942630470,-0.021928273,0.011750883,0.332909673,0.083594993,-0.373776376,-1.283297896,0.946135223,-0.032501798,-0.039252393,0.319735944,0.001803283,-0.490873098,-1.175065994,0.938742638,-0.023521727,0.009276437,0.343690246
711,409680,133718,stationary,stationary_low_view,-0.715202212,1.419766307,0.309572816,-0.160863638,0.816532731,0.480301887,0.276960850,-0.050886244,-0.359226495,-1.258096457,0.946464896,-0.022071935,0.006598364,0.321983725,0.084474295,-0.372497141,-1.278725624,0.944599330,-0.031950433,-0.025696917,0.325654685,0.003069721,-0.495490521,-1.184112549,0.946540058,-0.020231400,0.018135209,0.321440130
712,409858,133896,stationary,stationary_low_view,-0.714723706,1.419487357,0.311816216,-0.161115795,0.816193044,0.480057716,0.278235763,-0.050902519,-0.360896319,-1.255357981,0.943759322,-0.024556922,0.002052854,0.329713583,0.084510900,-0.374935985,-1.279852986,0.947660208,-0.030418463,-0.042021152,0.315038294,0.004151408,-0.500871480,-1.190423369,0.952660143,-0.019221470,0.011050079,0.303227872
713,410038,134076,stationary,stationary_low_view,-0.712503314,1.419274926,0.315446258,-0.159464866,0.815511346,0.481638908,0.278453201,-0.051095370,-0.358714759,-1.254745841,0.945511937,-0.021367658,0.008558244,0.324772835,0.084281862,-0.374142379,-1.280491829,0.948150933,-0.029124824,-0.039603125,0.313995540,0.002793409,-0.494259477,-1.179358602,0.947164834,-0.022340506,0.010316343,0.319801897
714,410220,134258,stationary,stationary_low_view,-0.710531354,1.419108629,0.319740653,-0.157833159,0.815583527,0.482623786,0.277464390,-0.048500329,-0.358794630,-1.252768517,0.944869339,-0.023477662,0.004641991,0.326571822,0.086383812,-0.375792056,-1.282064438,0.947082698,-0.030931467,-0.042685479,0.316631675,0.004707444,-0.495950907,-1.181448698,0.947793782,-0.024482813,0.016137423,0.317532927
715,410399,134437,stationary,stationary_low_view,-0.710335135,1.418938398,0.322185755,-0.157567963,0.815949976,0.481588662,0.278334886,-0.048478071,-0.362830698,-1.249570847,0.943996668,-0.021333188,0.006190462,0.329206407,0.087901056,-0.383210063,-1.289937377,0.954209685,-0.033598077,-0.048373923,0.293283224,0.004902817,-0.498462439,-1.175078988,0.945812762,-0.022119725,0.012177041,0.323729277
716,410580,134618,stationary,stationary_low_view,-0.711626649,1.417869329,0.323972106,-0.157704502,0.815732956,0.481662989,0.278764784,-0.048740730,-0.363836676,-1.245795012,0.942387283,-0.020485526,0.010945586,0.333716512,0.086038135,-0.380738854,-1.276618600,0.945079923,-0.032579139,-0.044488732,0.322154164,0.004749443,-0.500167310,-1.173869967,0.943470657,-0.022489965,0.013195531,0.330428839
717,410747,134785,stationary,stationary_low_view,-0.713163733,1.416903973,0.324232697,-0.159197077,0.814913809,0.481845737,0.279993653,-0.050378591,-0.370041400,-1.269488454,0.958652318,-0.019799674,0.024573682,0.282824725,0.085212663,-0.379372597,-1.276160717,0.947062433,-0.028807912,-0.032794155,0.318068206,0.004431158,-0.500551760,-1.177658439,0.947410583,-0.018549567,0.010257397,0.319317967
718,410929,134967,stationary,stationary_low_view,-0.714454532,1.417080402,0.324738383,-0.159358248,0.814865172,0.482007891,0.279764384,-0.050502446,-0.367428869,-1.256393909,0.948381066,-0.020218767,0.012817305,0.316228181,0.085601553,-0.380827576,-1.277388096,0.946457505,-0.030801136,-0.040459752,0.318798572,0.004508171,-0.503614843,-1.181256771,0.949651659,-0.020732274,0.004738402,0.312585145
719,411107,135145,stationary,stationary_low_view,-0.715320587,1.417068243,0.325421572,-0.159320980,0.814793944,0.481879592,0.280213863,-0.051249623,-0.365772098,-1.248153329,0.945913732,-0.020593453,0.007711315,0.323672146,0.084410414,-0.381321251,-1.275276184,0.949076176,-0.030383840,-0.035978872,0.311507285,0.003516331,-0.503863215,-1.179669857,0.952408373,-0.019370480,-0.000323681,0.304208875
720,411274,135312,stationary,stationary_low_view,-0.714996576,1.417357802,0.326336026,-0.159116805,0.814734638,0.482564658,0.279321939,-0.050643303,-0.366964221,-1.254490256,0.947227955,-0.021608764,0.015113400,0.319474429,0.084751397,-0.379509777,-1.271876574,0.944406152,-0.033842806,-0.039318822,0.324662507,0.004308373,-0.506413162,-1.187079668,0.954651117,-0.021653580,0.005264707,0.296891689
721,411457,135495,stationary,stationary_low_view,-0.715317845,1.416904807,0.327117324,-0.159078583,0.815240979,0.481509298,0.279687226,-0.049423367,-0.370965242,-1.257190108,0.949863195,-0.020513861,0.004022888,0.311966151,0.086041987,-0.384540647,-1.275672793,0.947836757,-0.030146556,-0.045421172,0.314060003,0.004775852,-0.502178848,-1.169555187,0.944747746,-0.017959287,0.022855954,0.326506972
722,411634,135672,stationary,stationary_low_view,-0.715384364,1.417056799,0.327878475,-0.158721149,0.814884841,0.481371582,0.281161368,-0.052009612,-0.371142447,-1.256713390,0.948124647,-0.018892040,-0.001325352,0.317334205,0.082319833,-0.380349636,-1.262094617,0.944387794,-0.030626167,-0.052359141,0.323190719,0.002527691,-0.503350914,-1.171113133,0.946761847,-0.017726632,0.018282449,0.320926100
723,411816,135854,stationary,stationary_low_view,-0.716427088,1.416683793,0.329187512,-0.156826824,0.816459239,0.479706287,0.280502379,-0.053362571,-0.378562808,-1.252449274,0.948872328,-0.022598587,0.010860398,0.314662755,0.083196573,-0.393708944,-1.275596142,0.949698687,-0.031381715,-0.050915491,0.307400823,0.001957033,-0.510961890,-1.168205976,0.940083742,-0.022857245,0.008394004,0.340073019
724,411982,136020,stationary,stationary_low_view,-0.718020082,1.416994452,0.329661369,-0.157374784,0.815996706,0.480166703,0.280753404,-0.053783614,-0.378611445,-1.250877023,0.948037386,-0.023126021,0.004745199,0.317281991,0.081865929,-0.392585009,-1.270679116,0.945442021,-0.028876204,-0.026218547,0.323447376,0.001508426,-0.516122103,-1.177357197,0.949538946,-0.024371153,-0.010110747,0.312537372
725,412163,136201,stationary,stationary_low_view,-0.719660640,1.416072011,0.330574036,-0.158597931,0.814260960,0.482789278,0.280606985,-0.054054186,-0.369362444,-1.243337274,0.943115473,-0.019706652,0.008028509,0.331783652,0.081384853,-0.385155439,-1.271460176,0.945139587,-0.032493405,-0.037663959,0.322857171,0.000364717,-0.507569432,-1.175269723,0.949199140,-0.019287292,0.004685399,0.314049512
726,412332,136370,stationary,stationary_low_view,-0.722522140,1.416108608,0.331143022,-0.160327092,0.813791811,0.483232498,0.280222327,-0.053420328,-0.375064522,-1.266174555,0.959430337,-0.019935461,0.025652435,0.280067801,0.083219424,-0.386785626,-1.280241370,0.950267673,-0.026534054,-0.037774745,0.307994127,0.001978196,-0.504303336,-1.170087934,0.941518247,-0.021203879,0.010367488,0.336134464
727,412496,136534,stationary,stationary_low_view,-0.724948287,1.416157126,0.331919551,-0.160096511,0.813224673,0.484385252,0.280010104,-0.056256257,-0.369808674,-1.253616095,0.949368715,-0.021198807,0.007835504,0.313350052,0.079875149,-0.383141845,-1.273303509,0.951378286,-0.028166357,-0.050747219,0.302507430,-0.000833593,-0.501393318,-1.167623162,0.943516433,-0.017849626,0.018653436,0.330318451
728,412676,136714,stationary,stationary_low_view,-0.727400422,1.415791035,0.332352400,-0.160398737,0.812570333,0.485323757,0.280111700,-0.057405207,-0.368058234,-1.249117494,0.948437929,-0.019168841,0.012903946,0.316119611,0.077159166,-0.382241309,-1.273833990,0.951352000,-0.027039122,-0.048927750,0.302992254,-0.003269114,-0.502055764,-1.169574499,0.946298957,-0.018261725,0.014939531,0.322430819
729,412844,136882,stationary,stationary_low_view,-0.730195880,1.415202737,0.333449006,-0.161136076,0.812248409,0.485957175,0.279523343,-0.056988358,-0.366142601,-1.243158102,0.946988761,-0.017213166,0.014383493,0.320482701,0.076717623,-0.378194273,-1.261151195,0.945259035,-0.027155811,-0.036887709,0.323090196,-0.003073871,-0.501519978,-1.168108225,0.947825372,-0.019029675,0.016369212,0.317800194
730,413024,137062,stationary,stationary_low_view,-0.731820226,1.414273739,0.333888412,-0.162249506,0.811107635,0.487486005,0.279529870,-0.058139179,-0.365623653,-1.254106522,0.954585671,-0.017799417,0.010493972,0.297219276,0.076599523,-0.375089914,-1.262640476,0.946936369,-0.029223554,-0.044926979,0.316921294,-0.003340602,-0.498288393,-1.168805838,0.942601562,-0.021171566,0.008282145,0.333144844
731,413191,137229,stationary,stationary_low_view,-0.732672334,1.415245771,0.334835768,-0.161363751,0.811655581,0.486845225,0.279568821,-0.059557386,-0.366546243,-1.243131280,0.945807576,-0.019723365,0.006650849,0.324059933,0.075777590,-0.381037444,-1.270416617,0.949307203,-0.028845929,-0.030993890,0.311485410,-0.004370935,-0.503620863,-1.172547817,0.948544025,-0.020488936,-0.008252187,0.315874010
732,413372,137410,stationary,stationary_low_view,-0.732139349,1.415062070,0.335508347,-0.161622703,0.811439455,0.487087995,0.279623687,-0.058817789,-0.366993964,-1.250475049,0.951458693,-0.023442507,0.000814650,0.306881309,0.076958127,-0.380709171,-1.271880507,0.950500846,-0.028880054,-0.048457757,0.305558473,-0.003414601,-0.500476599,-1.167846084,0.941560864,-0.021480359,0.007508754,0.336073369
733,413537,137575,stationary,stationary_low_view,-0.729635596,1.416337371,0.336703300,-0.160626471,0.812056839,0.486664951,0.279141665,-0.056389280,-0.367421210,-1.245030046,0.947098136,-0.021751268,0.007244540,0.320124328,0.078853607,-0.381646901,-1.267384171,0.948924005,-0.031282354,-0.042228725,0.311097056,-0.001062643,-0.505979300,-1.176646829,0.952074766,-0.020616831,0.000125782,0.305169791
734,413721,137759,stationary,stationary_low_view,-0.725741267,1.416772246,0.337384462,-0.159417361,0.812020540,0.486692876,0.279890716,-0.056433111,-0.367381305,-1.245463490,0.946268022,-0.021721678,0.006795977,0.322581500,0.078884900,-0.381770909,-1.268087149,0.948327363,-0.031518977,-0.041884404,0.312933654,-0.001129847,-0.506272793,-1.178100467,0.953111112,-0.018828567,0.003841092,0.302009940
735,413886,137924,stationary,stationary_low_view,-0.721258283,1.417220831,0.338772178,-0.159120128,0.811241388,0.487572700,0.280786574,-0.054239102,-0.364412427,-1.246907234,0.945248723,-0.019162768,0.009226298,0.325657010,0.079587243,-0.376054615,-1.263581395,0.946120620,-0.027904671,-0.050899170,0.318569243,0.000175390,-0.501044095,-1.174396515,0.947921097,-0.021926967,-0.002070390,0.317742825
736,414054,138092,stationary,stationary_low_view,-0.716904879,1.418572068,0.339673638,-0.157585084,0.811603904,0.486856192,0.281845897,-0.054535922,-0.365353674,-1.247039795,0.947980344,-0.018429281,0.011679039,0.317580372,0.080171272,-0.381822169,-1.276199937,0.950452268,-0.029123524,-0.051225424,0.305234820,-0.000564769,-0.500044763,-1.170306563,0.946914494,-0.017649021,0.019420924,0.320412695
737,414231,138269,stationary,stationary_low_view,-0.713169932,1.418914318,0.339740396,-0.158879071,0.811078608,0.486876935,0.282594800,-0.051262669,-0.362339020,-1.249174595,0.946873367,-0.019512810,0.006762910,0.320942909,0.083758481,-0.375475138,-1.272929072,0.948668420,-0.031884462,-0.058337171,0.309206158,0.004397463,-0.501999915,-1.183978915,0.951793134,-0.020802468,0.000085015,0.306034476
738,414399,138437,stationary,stationary_low_view,-0.709723473,1.419061899,0.338513136,-0.158120364,0.811028302,0.486619055,0.283606887,-0.051949967,-0.363526195,-1.258611202,0.951167643,-0.019622307,-0.005474093,0.308001935,0.082360260,-0.372567832,-1.265647054,0.944872975,-0.029615801,-0.049394336,0.322332442,0.004047278,-0.502076328,-1.188031793,0.958545208,-0.015955979,0.015067199,0.284094095
739,414566,138604,stationary,stationary_low_view,-0.706999421,1.419786215,0.337961316,-0.157122865,0.811665952,0.486178219,0.283092856,-0.049656045,-0.366142333,-1.266145229,0.957310319,-0.019689534,0.005604776,0.288336545,0.085987665,-0.378217727,-1.282418966,0.950034976,-0.027227430,-0.048043836,0.307219803,0.005128436,-0.497296005,-1.176091790,0.944548070,-0.021760589,0.011628381,0.327444941
740,414736,138774,stationary,stationary_low_view,-0.704160690,1.419599771,0.338007331,-0.155917630,0.811598599,0.487290114,0.282038510,-0.048884444,-0.358247876,-1.252714157,0.948372126,-0.018893516,0.008277525,0.316488266,0.086204506,-0.375285834,-1.282342911,0.948615789,-0.026895074,-0.040075269,0.312727779,0.005077872,-0.493092597,-1.175726295,0.947167814,-0.021479672,0.011869034,0.319798142
741,414914,138952,stationary,stationary_low_view,-0.702936053,1.420810461,0.337850571,-0.155716062,0.812044621,0.486855298,0.281616747,-0.047420755,-0.365257293,-1.272411227,0.957394481,-0.023339899,0.012181086,0.287580758,0.088316888,-0.375117421,-1.279219627,0.944647133,-0.032074112,-0.050514985,0.322585374,0.007348318,-0.496768415,-1.182971716,0.947932005,-0.021716399,0.001117702,0.317729622
742,415093,139131,stationary,stationary_low_view,-0.701781631,1.420693278,0.336616635,-0.155113056,0.812174022,0.486580312,0.282051235,-0.048636306,-0.358309031,-1.252920151,0.945701659,-0.021800546,0.002382968,0.324295402,0.086271174,-0.375081718,-1.281868577,0.948924184,-0.027904399,-0.042036381,0.311443746,0.005967233,-0.496244133,-1.183403373,0.951622903,-0.023267440,-0.005807905,0.306331187
743,415275,139313,stationary,stationary_low_view,-0.701896548,1.421163440,0.334845424,-0.154948771,0.812833250,0.485780001,0.281621695,-0.048552118,-0.359516233,-1.251817822,0.942497015,-0.024323536,-0.003346448,0.333311498,0.085905425,-0.375462294,-1.278393626,0.944503546,-0.032711469,-0.043811277,0.323919028,0.005083147,-0.495306790,-1.176899314,0.941499829,-0.018725932,0.017879052,0.336017489
744,415455,139493,stationary,stationary_low_view,-0.702234745,1.422047257,0.332610011,-0.154523805,0.813344300,0.485125840,0.281507432,-0.050376926,-0.365379274,-1.268924236,0.953439832,-0.023604453,0.013062326,0.300374269,0.084965467,-0.376894087,-1.281517506,0.947473824,-0.032524414,-0.043219823,0.315226257,0.004245371,-0.502234578,-1.191554785,0.953673363,-0.022706263,0.005785846,0.299930215
745,415635,139673,stationary,stationary_low_view,-0.702932477,1.422118902,0.329273343,-0.155504540,0.813440681,0.484926194,0.281032354,-0.050282747,-0.365329802,-1.274705887,0.955974638,-0.023357971,0.008595196,0.292391956,0.085003808,-0.374778539,-1.280529618,0.947159350,-0.030386735,-0.040933754,0.316686273,0.004282452,-0.499238968,-1.190526009,0.953835249,-0.024553003,-0.000250665,0.299324930
746,415818,139856,stationary,stationary_low_view,-0.704329371,1.423077464,0.325256944,-0.155945584,0.814197898,0.483832777,0.280479223,-0.051037040,-0.359763503,-1.254166961,0.941117465,-0.021070303,0.009289339,0.337294608,0.085056506,-0.378512323,-1.292032361,0.950649619,-0.033827711,-0.039286949,0.305904418,0.003876664,-0.500341952,-1.192962170,0.955492854,-0.023491366,0.002647867,0.294065624
747,415983,140021,stationary,stationary_low_view,-0.706262350,1.423510075,0.322021484,-0.157061338,0.813839972,0.484141320,0.280363023,-0.053171664,-0.362537712,-1.277511597,0.954821706,-0.020541189,0.015801178,0.296047091,0.082277089,-0.372069329,-1.282335758,0.946786225,-0.029519843,-0.038349349,0.318203986,0.001592293,-0.497402638,-1.193913341,0.955353200,-0.022145992,0.005253313,0.294588208
748,416163,140201,stationary,stationary_low_view,-0.708031654,1.423307896,0.320641637,-0.156797260,0.814462185,0.484308958,0.278407544,-0.052061748,-0.358084738,-1.263927341,0.948264062,-0.020336570,0.005452833,0.316783816,0.083260216,-0.372737408,-1.283690333,0.948044538,-0.030187193,-0.048593432,0.312952071,0.001683496,-0.493941486,-1.187295675,0.946349144,-0.020226371,0.005258420,0.322469473
749,416345,140383,stationary,stationary_low_view,-0.711400628,1.422870517,0.319489121,-0.157785207,0.814378917,0.484515190,0.277733356,-0.053119831,-0.360607326,-1.273756981,0.953448117,-0.022779264,0.011541130,0.300473958,0.082177296,-0.370166481,-1.280241370,0.945219278,-0.033959247,-0.036295768,0.322629750,0.001426496,-0.496857941,-1.195169687,0.951600671,-0.023413368,0.001665398,0.306439638
750,416524,140562,stationary,stationary_low_view,-0.715691447,1.422654390,0.318977952,-0.158083603,0.813904047,0.485510916,0.277216434,-0.055379309,-0.357422829,-1.265987039,0.950966179,-0.026950514,0.010691254,0.307933062,0.078717455,-0.367435992,-1.272962213,0.942470312,-0.035395361,-0.039425608,0.330064356,-0.001455542,-0.495073676,-1.193163276,0.952069461,-0.027892770,-0.006504507,0.304538041
751,416691,140729,stationary,stationary_low_view,-0.719086051,1.420838833,0.318155766,-0.158798441,0.813244164,0.486748308,0.276573747,-0.057884518,-0.353336483,-1.261955500,0.952226281,-0.022329466,0.019122636,0.303975105,0.076563008,-0.365573436,-1.277099490,0.944382310,-0.033137202,-0.037431072,0.325027436,-0.003989009,-0.492923051,-1.194792032,0.957013547,-0.027893828,-0.014559672,0.288331538
752,416872,140910,stationary,stationary_low_view,-0.721367955,1.421093225,0.317849278,-0.159794137,0.813456595,0.486374766,0.276032209,-0.056478322,-0.353986770,-1.260386348,0.948731601,-0.023154698,0.008791715,0.315110922,0.079312265,-0.370887697,-1.291436076,0.951624155,-0.034206484,-0.030260332,0.303851396,-0.003160546,-0.488100141,-1.180060387,0.942411304,-0.021044595,0.015634734,0.333427161
753,417053,141091,stationary,stationary_low_view,-0.723170877,1.421187639,0.317949057,-0.159676656,0.813161016,0.486889660,0.276063532,-0.058910396,-0.356286407,-1.267960191,0.952448189,-0.023521919,0.013407905,0.303495288,0.075833730,-0.366782248,-1.276675463,0.946299791,-0.033035755,-0.031882312,0.320013970,-0.005411441,-0.489719689,-1.183088779,0.946181178,-0.021568544,0.014262547,0.322602779
754,417232,141270,stationary,stationary_low_view,-0.724633455,1.420774341,0.318230271,-0.159725890,0.813261032,0.487088174,0.275389314,-0.058997579,-0.357127845,-1.269349813,0.953036249,-0.024692368,0.008456710,0.301729620,0.076068863,-0.366804630,-1.274055481,0.946040392,-0.031398192,-0.036129016,0.320493996,-0.004977729,-0.491500974,-1.186667204,0.951808810,-0.021861143,0.018721100,0.305338413
755,417399,141437,stationary,stationary_low_view,-0.725115299,1.421404243,0.317180753,-0.159395128,0.813353539,0.487398028,0.274758697,-0.058961816,-0.353555739,-1.260802388,0.945614517,-0.026598092,0.009571575,0.324058890,0.076222509,-0.369253963,-1.286562085,0.949746072,-0.036196034,-0.032394964,0.309229374,-0.006176617,-0.487297356,-1.178907752,0.940842748,-0.023567230,0.013019166,0.337772161
756,417580,141618,stationary,stationary_low_view,-0.725004077,1.424492717,0.314908624,-0.157743156,0.813645065,0.487593055,0.274502903,-0.063547030,-0.353234649,-1.263192058,0.948819816,-0.028224031,0.008123360,0.314449400,0.070434988,-0.365399480,-1.275793910,0.943049431,-0.035553284,-0.039064121,0.328432262,-0.010921290,-0.491360009,-1.192119241,0.953320086,-0.025964651,0.019242330,0.300227314
757,417761,141799,stationary,stationary_low_view,-0.722266912,1.426335812,0.308852792,-0.154355615,0.812744677,0.490373880,0.274142087,-0.072173998,-0.343502164,-1.269525766,0.951115787,-0.031227743,0.002004090,0.307245106,0.061843693,-0.358192623,-1.288265347,0.947819650,-0.041132897,-0.039545141,0.313659430,-0.020006154,-0.483570993,-1.201143384,0.952187359,-0.031576339,-0.016378917,0.303436786
758,417926,141964,stationary,stationary_low_view,-0.719080329,1.432934523,0.300365210,-0.149989069,0.812659562,0.494746178,0.268912494,-0.074759722,-0.331632167,-1.283861637,0.949452579,-0.034370221,0.003641404,0.312001944,0.060663201,-0.348960698,-1.305890918,0.950432062,-0.044356547,-0.039811470,0.305166304,-0.024475366,-0.469800711,-1.209115982,0.952120900,-0.036301926,-0.000335380,0.303558588
759,418108,142146,stationary,stationary_low_view,-0.718588233,1.451949477,0.289607763,-0.151351407,0.808534443,0.503497183,0.264301717,-0.079556540,-0.303967804,-1.310931683,0.952085257,-0.040202480,0.010382065,0.303000987,0.055383116,-0.322587132,-1.337721109,0.951654494,-0.047840606,-0.032572765,0.301668733,-0.030534049,-0.443828702,-1.239118814,0.953546345,-0.039464656,0.017806413,0.298118889
760,418274,142312,stationary,stationary_low_view,-0.709628820,1.479145765,0.277828336,-0.149850562,0.811001122,0.509872198,0.244647324,-0.046905451,-0.279855967,-1.344069481,0.951415658,-0.057364382,0.013480468,0.302218199,0.088202737,-0.303118497,-1.372592807,0.954594314,-0.066184320,-0.027906030,0.289120346,-0.003609572,-0.428163648,-1.288585305,0.997203052,-0.052741203,0.032780822,0.041591842
761,418427,142465,stationary,stationary_low_view,-0.687029839,1.491512299,0.262375236,-0.158017755,0.810486674,0.523375928,0.210284099,0.040812321,-0.213997453,-1.390865922,0.955042064,-0.084160365,0.035729125,0.282019854,0.178492501,-0.239403471,-1.408822179,0.958436668,-0.085536420,-0.015280545,0.271752238,0.076742776,-0.363269448,-1.329660177,0.959088624,-0.085094258,0.026735561,0.268687963
762,418607,142645,stationary,stationary_low_view,-0.648975968,1.492821932,0.241477251,-0.176817656,0.806819499,0.539259195,0.164247781,0.171291888,-0.110607326,-1.389056206,0.960256100,-0.106641829,0.075979240,0.246501341,0.306602776,-0.136419937,-1.390556574,0.960178733,-0.113019690,0.023287749,0.254442632,0.199594274,-0.264748722,-1.343624234,0.989582658,-0.082281120,0.099855505,-0.063125655
763,418791,142829,stationary,stationary_far_view,-0.577602983,1.497666001,0.201278210,-0.154801145,0.814260423,0.533833086,0.167447984,0.183122218,-0.087809771,-1.422745109,0.958328784,-0.117420658,0.058907159,0.253669679,0.315860391,-0.116802379,-1.415774107,0.954380155,-0.124398068,0.011141649,0.271218598,0.208696947,-0.241902888,-1.376859665,0.986737013,-0.085388482,0.105229855,-0.089362144
764,418942,142980,stationary,stationary_far_view,-0.451589108,1.491369009,0.130729795,-0.137316108,0.821022213,0.530928254,0.158688530,0.273885965,-0.000507217,-1.512400150,0.956651270,-0.127759993,0.031374350,0.259829551,0.405721009,-0.034027111,-1.493265033,0.948543191,-0.139778644,0.017315637,0.283598304,0.280414164,-0.148380041,-1.397945881,0.949606717,-0.136970580,0.063421912,0.274706692
765,419093,143131,stationary,stationary_far_view,-0.335171342,1.489232063,0.071349502,-0.134385958,0.806400001,0.559402108,0.136853263,0.387371182,0.183520868,-1.516739845,0.958863497,-0.158100322,0.050631747,0.230264097,0.521397471,0.146355256,-1.513817787,0.957338452,-0.161192164,0.025759365,0.238446400,0.394508898,0.027615745,-1.446783662,0.963060260,-0.153217807,0.079940446,0.206515849
766,419261,143299,stationary,stationary_far_view,-0.251958489,1.497825980,0.030937672,-0.126826733,0.799137115,0.578138053,0.105125010,0.499978065,0.286014259,-1.478599906,0.954104185,-0.190469801,0.060129158,0.223138914,0.638172984,0.245949522,-1.490059257,0.953456223,-0.189796701,0.012635569,0.233963281,0.506729007,0.131047949,-1.443059802,0.965869308,-0.186431378,0.068365686,0.166330993
767,419441,143479,stationary,stationary_far_view,-0.195750833,1.513225913,-0.016471267,-0.109278254,0.808136523,0.569350362,0.103989571,0.538547814,0.291044295,-1.548735142,0.951438665,-0.204448506,0.044640929,0.225770995,0.677556694,0.248565957,-1.561760545,0.949867427,-0.207057655,0.004004263,0.234228522,0.534337580,0.135484621,-1.490655899,0.961503923,-0.194532871,0.065178610,0.182808608
768,419621,143659,stationary,stationary_far_view,-0.152616620,1.517479897,-0.080586553,-0.104141220,0.808408797,0.568516433,0.111440212,0.539804518,0.358413845,-1.608867288,0.952324569,-0.201156646,0.044221405,0.225074306,0.681091070,0.318644136,-1.629454613,0.952275097,-0.198735565,-0.010302125,0.231452540,0.543830752,0.203515932,-1.567767620,0.963591993,-0.195420086,0.050308410,0.175415322
769,419802,143840,stationary,stationary_far_view,-0.123989224,1.522407532,-0.167918324,-0.117489919,0.817886353,0.547579885,0.131963432,0.503224611,0.396375537,-1.672179222,0.951440513,-0.178109065,0.042631775,0.247428000,0.642269731,0.360324204,-1.682201266,0.948271096,-0.180339754,0.006298412,0.261189252,0.510909140,0.242685154,-1.613080740,0.961172283,-0.174068674,0.047959439,0.208681151
770,419984,144022,stationary,stationary_far_view,-0.090544581,1.534395576,-0.296311855,-0.136178792,0.837585151,0.502071738,0.166824624,0.423732996,0.381561667,-1.803045154,-0.844643116,0.042265587,-0.149150655,0.512392044,0.560487926,0.354380995,-1.795655370,0.941444337,-0.138794169,0.015366445,0.306891859,0.450146496,0.236141756,-1.747902393,0.895155966,-0.043738518,0.186385050,-0.402546078
771,420152,144190,stationary,stationary_far_view,-0.059373260,1.562668443,-0.411940813,-0.146714523,0.853008866,0.459648281,0.198932633,0.336962461,0.335797548,-1.913830876,0.932906091,-0.108449757,0.056378435,0.338742286,0.482803404,0.320656776,-1.939952612,-0.828906000,0.008913292,-0.200149536,0.522279203,0.378006935,0.202598527,-1.874595523,0.956065476,-0.091157116,0.065306284,0.270858437
772,420316,144354,stationary,stationary_far_view,-0.027690768,1.603202224,-0.481387854,-0.141224310,0.868338764,0.408734888,0.242856592,,,,,,,,0.344932020,0.134774819,-2.096755028,0.860353768,-0.006613798,0.143648431,-0.488991648,,,,,,,
773,420483,144521,stationary,stationary_far_view,0.015393496,1.632057667,-0.526914358,-0.134693488,0.869134843,0.381330639,0.284691393,0.066719703,0.044023652,-2.190037012,0.894391358,-0.007799756,0.028180793,-0.446328431,,,,,,,,0.119629472,-0.073477641,-2.068958044,0.929484427,-0.015098064,0.025724323,0.367653459
774,420664,144702,stationary,stationary_far_view,0.063746572,1.649917603,-0.547042370,-0.129821986,0.867718279,0.362796843,0.313989937,,,,,,,,0.122370690,-0.026421648,-2.197487831,0.878982246,0.003639443,-0.027656583,0.476037860,0.046549238,-0.139168695,-2.142259121,0.945927858,0.012548273,0.025294326,-0.323145777
775,420857,144895,stationary,stationary_far_view,0.111646056,1.654214859,-0.546167016,-0.128513128,0.865179658,0.356549919,0.328360617,-0.033040222,-0.036417853,-2.249036312,0.896112621,0.011835092,0.009938938,-0.443557590,,,,,,,,0.032526359,-0.143994525,-2.132464647,0.914976120,0.021979278,0.003390935,0.402894676
776,421024,145062,stationary,stationary_far_view,0.140785813,1.654723287,-0.554406762,-0.123889357,0.861494243,0.358440250,0.337638378,-0.065271288,-0.020042311,-2.242830515,0.889135003,0.002005786,0.014724911,-0.457403630,0.072138622,-0.021622818,-2.236723423,0.875877619,0.009982492,-0.052111346,0.479607344,0.004070479,-0.127195552,-2.137889147,0.908016562,0.015116432,-0.006921153,0.418604314
777,421219,145257,stationary,stationary_far_view,0.151792526,1.659687757,-0.579421759,-0.113602296,0.868859529,0.347257704,0.334050506,-0.062129885,-0.069866106,-2.285385132,0.897209585,-0.002219218,0.011306413,-0.441454649,,,,,,,,0.004541643,-0.174810573,-2.150285959,0.902610421,0.003958574,0.001040093,0.430438936
778,421398,145436,stationary,stationary_far_view,0.151208162,1.660465121,-0.606280804,-0.112013459,0.871594071,0.338654667,0.336288333,-0.080229431,-0.091639265,-2.246299028,0.876125336,0.013993480,-0.018895747,0.481509656,0.056679286,-0.097319528,-2.283425331,0.862216294,0.007680500,-0.049547862,0.504052758,-0.015144311,-0.197045743,-2.158941984,0.898625731,0.013501113,-0.008068169,0.438434094
779,421580,145618,stationary,stationary_far_view,0.150529981,1.663741112,-0.618357062,-0.115320325,0.877804637,0.324187607,0.333260715,-0.056355305,-0.154555485,-2.291394711,0.901395440,0.004162450,-0.003969038,-0.432958663,,,,,,,,0.010018460,-0.255011290,-2.169929266,0.936747849,0.025822021,0.017960036,-0.348588824
780,421775,145813,stationary,stationary_far_view,0.150381804,1.664685249,-0.620764494,-0.118611954,0.879547417,0.318159282,0.333320081,,,,,,,,0.096097678,-0.182755843,-2.362127781,0.891407549,0.035823822,0.070914991,-0.446184158,0.022348568,-0.274778664,-2.180953741,0.896197319,0.022314509,0.004584483,0.443070471
781,421955,145993,stationary,stationary_far_view,0.149343371,1.664709568,-0.619076252,-0.117049828,0.877451599,0.319398820,0.338175237,-0.069585018,-0.174769297,-2.290944099,0.901987135,0.015494404,-0.001725950,-0.431481421,,,,,,,,,,,,,,
782,422135,146173,stationary,stationary_far_view,0.148507833,1.665319920,-0.618391514,-0.115561426,0.877785027,0.319002807,0.338195503,,,,,,,,,,,,,,,-0.005106311,-0.277174950,-2.163633108,0.890080869,0.017097082,-0.005259932,0.455451548
783,422330,146368,stationary,stationary_far_view,0.148020864,1.664673090,-0.618566751,-0.116918743,0.877263844,0.319623649,0.338495076,-0.073526084,-0.175401643,-2.301859856,0.904443383,0.007969962,-0.006603100,-0.426468164,,,,,,,,-0.005645895,-0.280990362,-2.223655462,0.948613048,0.020292100,0.012591501,-0.315536022
784,422524,146562,stationary,stationary_far_view,0.150356531,1.664333940,-0.617814541,-0.115790479,0.876253664,0.319385052,0.341709316,-0.085625596,-0.172757164,-2.260401249,0.865199387,0.028951034,-0.015842833,0.500340700,0.052799061,-0.182718173,-2.382860899,0.901763022,0.027298788,0.070843950,-0.425510764,-0.018114809,-0.269229472,-2.130951881,0.886978328,0.022807386,-0.001964545,0.461243391
785,422705,146743,stationary,stationary_far_view,0.152919292,1.663614988,-0.615961790,-0.117546067,0.875712991,0.320449889,0.341499031,-0.080153793,-0.166654304,-2.267562151,0.895494163,0.012521314,-0.011153251,-0.444757253,0.062437154,-0.177567318,-2.461483717,0.880888462,-0.003134818,-0.032849789,0.472172230,-0.012142584,-0.265241295,-2.170871735,0.892242312,0.036253039,0.004992974,0.450071692
786,422885,146923,stationary,stationary_far_view,0.156306684,1.662837982,-0.613879442,-0.118771508,0.874480069,0.321981668,0.342791110,-0.082470424,-0.156279400,-2.291872263,0.876667023,0.018582754,-0.007108438,0.480686039,0.057497576,-0.163536176,-2.391656399,0.902009308,0.026757557,0.081329569,-0.423141509,-0.012662556,-0.257058322,-2.164819241,0.932909489,0.037336849,0.016289614,-0.357799560
787,423067,147105,stationary,stationary_far_view,0.159987092,1.662902355,-0.612121820,-0.115627624,0.873939514,0.321491808,0.345692098,-0.094766691,-0.163617179,-2.254830122,0.895319104,0.014112541,-0.007158088,-0.445144147,,,,,,,,-0.026672125,-0.271030456,-2.218744516,0.950312436,0.018262520,0.009562350,-0.310614496
788,423247,147285,stationary,stationary_far_view,0.161930203,1.662921309,-0.610960245,-0.113994613,0.873756945,0.321685314,0.346515030,,,,,,,,0.038248129,-0.168556169,-2.305928230,0.859538972,0.017888090,-0.053151183,0.507983923,-0.030268911,-0.267490506,-2.203267336,0.903011322,0.026263919,-0.005828651,0.428773552
789,423442,147480,stationary,stationary_far_view,0.160977721,1.662243605,-0.612332106,-0.115530513,0.873181999,0.322907031,0.346319139,-0.101369418,-0.161941007,-2.344050169,0.906908035,0.001488753,-0.007567927,-0.421258032,0.040363185,-0.159492031,-2.329767227,0.867461264,0.006216975,-0.061498240,0.493649960,-0.029753886,-0.261286050,-2.228581667,0.903705895,0.033250116,-0.009076872,0.426764250
790,423621,147659,stationary,stationary_far_view,0.160658896,1.661602378,-0.615066767,-0.116912864,0.873618722,0.324169338,0.343563706,-0.089075789,-0.148894027,-2.317620277,0.901912093,0.005838539,0.000147583,-0.431880176,0.049764916,-0.149718419,-2.326218605,0.863311470,0.016710524,-0.052254826,0.501680791,-0.019874960,-0.249913871,-2.215943098,0.901941180,0.029845249,-0.004331406,0.430804580
791,423815,147853,stationary,stationary_far_view,0.161834896,1.661200762,-0.618702888,-0.116916671,0.874471724,0.325735211,0.339891583,-0.076133028,-0.137515441,-2.293956280,0.893244386,0.003086193,-0.003407080,-0.449547946,0.065523222,-0.141510829,-2.370019197,0.867858827,-0.013116194,-0.041451018,0.494904906,-0.006700810,-0.238141030,-2.200299740,0.900989294,0.025179511,0.001080286,0.433108687
792,423997,148035,stationary,stationary_far_view,0.163600981,1.660352945,-0.622493982,-0.118591480,0.874856889,0.327987224,0.336133689,-0.060996991,-0.117995903,-2.287003040,0.877693951,0.026869949,-0.004698873,0.478444636,0.080729574,-0.128420129,-2.419274330,0.892191768,0.028875837,0.066727564,-0.445766240,0.005308867,-0.218591511,-2.145077944,0.895709395,0.017147280,-0.004328073,0.444288105
793,424181,148219,stationary,stationary_far_view,0.165386140,1.658871293,-0.624702692,-0.120497420,0.873685598,0.332239717,0.334321171,-0.056263342,-0.093244001,-2.274950504,0.877387345,0.029980352,-0.002213411,0.478839993,0.085322246,-0.101685956,-2.413930178,0.888354659,0.034368537,0.064881884,-0.453249484,0.009937748,-0.197287992,-2.164500713,0.928663969,0.028334690,0.011449025,-0.369661063
794,424372,148410,stationary,stationary_far_view,0.167974591,1.657953978,-0.626089334,-0.120368242,0.873340428,0.335644722,0.331859261,-0.048304677,-0.078462496,-2.329781771,0.893638551,0.008117964,0.008285956,-0.448637486,0.091931507,-0.081002429,-2.368870497,0.886461973,0.017383041,0.093041986,-0.453018963,0.018034685,-0.181604341,-2.224239588,0.908821106,0.022172878,0.001701326,0.416592896
795,424553,148591,stationary,stationary_far_view,0.172266006,1.655393839,-0.627233744,-0.123302594,0.871711433,0.342206717,0.328344673,,,,,,,,0.110261410,-0.038763206,-2.450684071,0.890633464,0.006008144,-0.058140837,0.450949669,0.032044969,-0.141906157,-2.214593649,0.908744514,0.020574622,0.006791519,0.416790128
796,424732,148770,stationary,stationary_far_view,0.177398980,1.647474408,-0.626807809,-0.132216096,0.866461992,0.359848171,0.319799602,,,,,,,,,,,,,,,0.062151432,-0.056725036,-2.271956682,0.929808259,0.017955005,0.030115949,-0.366370380
797,424914,148952,stationary,stationary_far_view,0.181752861,1.642916679,-0.625316143,-0.133495495,0.863002419,0.371163815,0.315663159,,,,,,,,,,,,,,,0.073092416,0.014880050,-2.191013575,0.916178167,0.010011703,0.013617706,0.400414705
798,425094,149132,stationary,stationary_far_view,0.183868468,1.640943050,-0.622479439,-0.135680333,0.858772576,0.379339159,0.316547573,0.001875781,0.167410776,-2.289685249,-0.865129828,-0.007703587,-0.024035342,0.500912428,0.144475505,0.169121727,-2.369616747,-0.850128472,-0.024346191,-0.096813336,0.517026186,0.066542350,0.054102708,-2.207215548,0.925248921,0.014772624,0.006035300,0.379024804
799,425289,149327,stationary,stationary_far_view,0.184289038,1.642929792,-0.619459867,-0.132489949,0.859976947,0.376298726,0.318253636,,,,,,,,0.139405534,0.147892460,-2.378143311,-0.858347058,-0.024618676,-0.093342103,0.503906190,0.059572428,0.033921827,-2.180126190,0.918552279,0.014779001,0.010888500,0.394873112
800,425468,149506,stationary,stationary_far_view,0.183138192,1.644042730,-0.617931008,-0.133268952,0.860001028,0.374633759,0.319823802,-0.009231377,0.136194214,-2.270041943,0.890149355,-0.010617016,-0.013349967,0.455349565,0.136493027,0.139614686,-2.389455795,0.864617050,0.012807225,0.097177528,-0.492777705,0.055174328,0.023834843,-2.170605898,0.916710496,0.019585362,0.008553863,0.398980081
801,425652,149690,stationary,stationary_far_view,0.182055295,1.644225359,-0.617861867,-0.133501261,0.859591186,0.374201387,0.321331143,-0.014609795,0.135864779,-2.319936275,0.870868623,0.013224186,0.017069235,-0.491041362,0.125126526,0.135305449,-2.351903439,0.859970331,0.027957341,0.102342948,-0.499194771,0.050162576,0.021140564,-2.201846361,0.922291815,-0.000583731,0.001730112,0.386489928
802,425830,149868,stationary,stationary_far_view,0.179872870,1.644354939,-0.618631363,-0.133823529,0.859409094,0.373936921,0.321991414,-0.018959403,0.133709058,-2.304738522,0.866845310,0.011393481,0.012455773,-0.498291314,0.125895873,0.139875785,-2.432721376,0.900028229,0.016303815,-0.046262540,0.433062524,0.045169070,0.019503076,-2.170850754,0.913672864,0.009069733,0.008574857,0.406258643
803,426024,150062,stationary,stationary_far_view,0.177191138,1.643851995,-0.619594932,-0.135672137,0.859133899,0.374632508,0.321142524,-0.016261786,0.139246985,-2.295388460,0.867544770,0.009411449,0.011365402,-0.497140139,,,,,,,,0.050939679,0.026199300,-2.262799740,0.923395514,0.013745185,0.032700572,-0.382207423
804,426204,150242,stationary,stationary_far_view,0.175029635,1.643881321,-0.620998859,-0.135494798,0.859847367,0.374232322,0.319771618,-0.012486871,0.136723354,-2.285004377,-0.864886045,-0.013537902,-0.013839779,0.501594782,,,,,,,,0.050421476,0.021589000,-2.146639347,0.899763584,0.034010082,0.025164593,-0.434321970
805,426386,150424,stationary,stationary_far_view,0.173504770,1.643884420,-0.622786045,-0.136171743,0.859939754,0.373699635,0.319858521,,,,,,,,,,,,,,,0.051072814,0.024371583,-2.181969404,0.919126630,0.018133035,0.008899709,0.393444061
806,426565,150603,stationary,stationary_far_view,0.172813654,1.644172192,-0.623374701,-0.136872560,0.860638976,0.372702748,0.318840295,-0.007584305,0.133040145,-2.292530298,0.867987752,0.015473938,0.015083697,-0.496115178,0.133518770,0.133585677,-2.354937077,-0.854469895,-0.024657374,-0.089169666,0.511196733,0.055288360,0.020302940,-2.171340227,0.916980684,0.022300985,0.011495301,0.398141950
807,426747,150785,stationary,stationary_far_view,0.172963142,1.643943310,-0.623762846,-0.137005091,0.860486448,0.373314083,0.318479568,-0.007858824,0.135343120,-2.298629999,0.867539406,0.004990128,0.012953908,-0.497174770,0.136772320,0.140112326,-2.386468649,0.863645315,0.016435046,0.092317611,-0.495302111,0.057297029,0.021946002,-2.177961588,0.905235112,0.039655723,0.032458782,-0.421809524
808,426926,150964,stationary,stationary_far_view,0.173952281,1.644704103,-0.624568701,-0.136073962,0.860686719,0.372511923,0.319275916,-0.011318054,0.132133260,-2.312392235,0.871917844,0.006945237,0.005139330,-0.489576012,,,,,,,,0.054672107,0.019813348,-2.201125860,0.919815361,0.013583320,0.011274030,0.391954243
809,427108,151146,stationary,stationary_far_view,0.175009429,1.645166397,-0.625796795,-0.135307059,0.861312091,0.372104406,0.318389446,,,,,,,,0.137974858,0.134147927,-2.421674490,0.870293379,0.028514370,0.102960669,-0.480807155,0.055468030,0.014228482,-2.152256489,0.909783006,0.013241625,0.007641080,0.414802581
810,427287,151325,stationary,stationary_far_view,0.175366580,1.645597935,-0.626968861,-0.135285243,0.861725330,0.370978057,0.318594933,-0.007627120,0.123336211,-2.292263985,0.866026521,0.012285264,0.011385218,-0.499717474,0.134042203,0.123919740,-2.358437538,-0.855031013,-0.022777621,-0.090547219,0.510102272,,,,,,,
811,427471,151509,stationary,stationary_far_view,0.175678611,1.645990372,-0.627938509,-0.135120809,0.862035334,0.369885743,0.319095641,-0.008584868,0.120323345,-2.309687376,0.870416820,0.009989594,0.011033481,-0.492090523,0.133133784,0.121218488,-2.376807213,0.860998333,0.031344302,0.088688590,-0.499833673,0.055187218,0.008062113,-2.185937166,0.917043090,0.006499893,0.008234486,0.398650080
812,427651,151689,stationary,stationary_far_view,0.175531268,1.646091461,-0.628164291,-0.134565383,0.862384439,0.369557142,0.318767667,-0.007800516,0.115936056,-2.272915363,0.897736967,0.006884408,-0.009284296,0.440380305,,,,,,,,0.055616699,0.005788226,-2.177750826,0.916213095,0.019112676,0.011821311,0.400060594
813,427829,151867,stationary,stationary_far_view,0.174109817,1.646578074,-0.627754927,-0.134696648,0.862454593,0.368343830,0.319924504,-0.012426442,0.108724907,-2.284881830,0.867537081,0.011705655,0.015064131,-0.497006476,0.130894199,0.112207398,-2.392938852,0.864170074,0.034456484,0.091666847,-0.493578821,0.054090425,-0.002194028,-2.239034414,0.917485535,0.040418953,0.045359664,-0.393101841
814,428011,152049,stationary,stationary_far_view,0.171567559,1.647733927,-0.627681494,-0.133438542,0.863690019,0.364969671,0.320984304,-0.017505687,0.092522934,-2.311991215,0.899998248,0.022261646,-0.001872719,0.435320705,0.126148909,0.091608450,-2.392544508,0.865387440,0.033685550,0.092220411,-0.491391152,0.051171355,-0.021374475,-2.256345034,0.923699439,0.031281479,0.040484481,-0.379686534
815,428178,152216,stationary,stationary_far_view,0.169354260,1.649001002,-0.627945542,-0.132196561,0.865125537,0.360635042,0.322527856,-0.021647291,0.068687603,-2.319532394,0.876542151,0.005096072,0.006363696,-0.481256068,,,,,,,,0.043673761,-0.041179102,-2.200820923,0.918367684,0.012568672,0.006234141,0.395479381
816,428358,152396,stationary,stationary_far_view,0.167113662,1.650545835,-0.628635764,-0.130862415,0.865477085,0.356748998,0.326427072,-0.039064605,0.043995548,-2.319999695,0.884539604,0.013757642,-0.002395418,-0.466256142,,,,,,,,0.026714321,-0.064539090,-2.177572489,0.908087552,0.014398186,0.008142984,0.418453574
817,428538,152576,stationary,stationary_far_view,0.165706694,1.651623487,-0.628352523,-0.129445136,0.866131544,0.353746951,0.328516692,-0.047247492,0.025071282,-2.297125578,0.878329933,0.005920070,0.003770294,-0.478003383,,,,,,,,0.018279254,-0.080930516,-2.154078960,0.902008235,0.019425759,0.003903729,0.431263953
818,428721,152759,stationary,stationary_far_view,0.164742887,1.652871251,-0.628367782,-0.128432706,0.866291881,0.351098329,0.331320733,-0.058582410,0.010635693,-2.333270311,0.892448783,0.004935192,-0.003202260,-0.451110423,,,,,,,,0.004759517,-0.094324395,-2.075423717,0.901331127,0.009023880,0.033638164,0.431728244
819,428900,152938,stationary,stationary_far_view,0.164571404,1.653696775,-0.627758741,-0.126398250,0.867008865,0.348412871,0.333058000,-0.064920522,-0.007429074,-2.316056490,0.882135987,0.015611625,0.000516915,-0.470735759,,,,,,,,0.002963506,-0.112388298,-2.209506989,0.912394762,0.023355912,0.000375211,0.408644289
820,429080,153118,stationary,stationary_far_view,0.164603472,1.654219389,-0.626437187,-0.125078231,0.867014945,0.347474456,0.334517628,,,,,,,,,,,,,,,-0.002969790,-0.126148596,-2.257744074,0.938789487,0.020482147,0.019644085,-0.343320459
821,429260,153298,stationary,stationary_far_view,0.164362848,1.654975891,-0.625259042,-0.122528665,0.867539823,0.346134633,0.335488081,-0.077297516,-0.026764434,-2.292033672,0.883646786,0.004911964,-0.005171300,-0.468099833,0.061677761,-0.028199058,-2.318257093,0.874354601,0.018408338,-0.046207502,0.482731849,-0.009823903,-0.131156817,-2.184744358,0.904755294,0.021093486,-0.002116950,0.425403833
822,429427,153465,stationary,stationary_far_view,0.162833273,1.655122280,-0.624289870,-0.123211518,0.867871165,0.345406473,0.335131317,-0.074872538,-0.030424070,-2.320650101,0.889393389,0.009517802,-0.000524018,-0.457043290,,,,,,,,-0.007422492,-0.139694318,-2.242268085,0.939415395,0.015821157,0.009078617,-0.342295229
823,429608,153646,stationary,stationary_far_view,0.160828292,1.655347109,-0.623190641,-0.123789132,0.868425429,0.344272643,0.334648937,-0.070410848,-0.036670875,-2.296880007,0.886217535,0.008686017,-0.002231176,-0.463182539,,,,,,,,-0.002768507,-0.140362546,-2.195210218,0.909061730,0.028724231,-0.000325214,0.415670037
824,429788,153826,stationary,stationary_far_view,0.158229172,1.655205727,-0.621232867,-0.124072678,0.868520439,0.343969375,0.334609151,-0.070831098,-0.040111851,-2.327236891,0.890657187,0.002555962,-0.004830233,-0.454642713,,,,,,,,-0.002724441,-0.150198415,-2.238567352,0.934947014,0.028569540,0.009828468,-0.353498548
825,429968,154006,stationary,stationary_far_view,0.155856967,1.654987812,-0.619726658,-0.124967314,0.868633211,0.344000697,0.333950728,-0.065795526,-0.038932305,-2.265967131,0.884154141,0.010623687,0.001201786,-0.467072994,,,,,,,,0.001660168,-0.147750720,-2.202976227,0.932606220,0.033470683,0.030053355,-0.358081311
826,430151,154189,stationary,stationary_far_view,0.154263377,1.655524850,-0.618801832,-0.124116428,0.869450212,0.342381775,0.333805621,-0.065403320,-0.048464727,-2.278742075,0.882201552,0.013585213,-0.013448175,0.470483899,,,,,,,,0.001532212,-0.157132939,-2.195734501,0.932698667,0.033866562,0.025252594,-0.358173937
827,430330,154368,stationary,stationary_far_view,0.153257668,1.655639052,-0.617510915,-0.123688310,0.869817853,0.341821641,0.333580762,-0.065136522,-0.055437874,-2.288486719,0.888935030,0.006842640,-0.000946899,-0.457981259,,,,,,,,0.001702320,-0.159908757,-2.194397211,0.912187219,0.015602309,0.000694260,0.409475952
828,430511,154549,stationary,stationary_far_view,0.152945161,1.655753374,-0.617765665,-0.123338662,0.870389879,0.340751797,0.333312511,-0.063494839,-0.059931796,-2.327202559,0.897785664,0.003275280,-0.002477404,-0.440413505,,,,,,,,0.003653087,-0.163147733,-2.172780752,0.901797593,0.018051896,0.001329812,0.431779385
829,430691,154729,stationary,stationary_far_view,0.153355539,1.655762196,-0.620204926,-0.124114417,0.870549619,0.339973986,0.333401650,-0.063268796,-0.060719889,-2.287586927,0.891246021,0.019422585,-0.012650279,-0.452927440,0.077802688,-0.064952537,-2.380818844,0.880362570,0.027094524,0.064064026,-0.469173133,0.004278902,-0.164453968,-2.193982601,0.907466650,0.020014480,0.004620300,0.419621676
830,430870,154908,stationary,stationary_far_view,0.154074728,1.655911922,-0.622313380,-0.124997444,0.870736003,0.338807374,0.333772421,,,,,,,,0.077654347,-0.064754352,-2.398097515,0.889619052,0.025839804,0.085195042,-0.447942108,0.004630391,-0.166196838,-2.196074486,0.902676702,0.017270187,0.002046912,0.429967850
831,431052,155090,stationary,stationary_far_view,0.154359877,1.655706167,-0.623385906,-0.125169188,0.870777488,0.339156032,0.333245307,-0.060394336,-0.060203623,-2.272415400,0.886147261,0.011045861,-0.002169200,-0.463267088,,,,,,,,0.007417873,-0.165416434,-2.206286430,0.907587111,0.024846110,-0.001974170,0.419123381
832,431232,155270,stationary,stationary_far_view,0.154409528,1.655715942,-0.623469353,-0.125485897,0.871033311,0.338862628,0.332755774,-0.057926398,-0.060579311,-2.304562569,0.892585695,0.011338532,-0.007203801,-0.450677633,,,,,,,,0.009077419,-0.162222639,-2.155978918,0.898869872,0.018660944,0.006647804,0.437767655
833,431427,155465,stationary,stationary_far_view,0.154732287,1.656036615,-0.623087168,-0.125410348,0.871186793,0.338225991,0.333030015,-0.058111146,-0.063556746,-2.311330795,0.893828511,0.007180596,0.000099994,-0.448351443,0.081914596,-0.066921577,-2.357203245,0.876950026,0.023379624,0.074358769,-0.474218160,0.008874521,-0.164583907,-2.156900167,0.891559005,0.019548709,0.006689962,0.452433109
834,431594,155632,stationary,stationary_far_view,0.155406356,1.656270027,-0.622543693,-0.124940246,0.871083081,0.338328212,0.333373964,-0.059749410,-0.065482035,-2.301919222,0.890441477,0.012220517,-0.003431586,-0.454920769,,,,,,,,0.007421069,-0.170755550,-2.208956480,0.910760880,0.016214630,-0.002789565,0.412606180
835,431775,155813,stationary,stationary_far_view,0.155473351,1.656262875,-0.621902227,-0.124019429,0.871517539,0.338621706,0.332282603,,,,,,,,,,,,,,,0.009720847,-0.167302862,-2.156191826,0.901441336,0.018141048,-0.004502873,0.432497621
836,431955,155993,stationary,stationary_far_view,0.155446768,1.656065106,-0.621761203,-0.124732159,0.871550679,0.338690162,0.331858903,-0.053437065,-0.063898608,-2.334159851,0.900355518,0.004305937,-0.006594873,-0.435083836,,,,,,,,0.012378596,-0.163181469,-2.139832497,0.892627656,0.002495760,0.004558421,0.450764716
837,432135,156173,stationary,stationary_far_view,0.155847847,1.656485200,-0.621908307,-0.125216424,0.872040749,0.337151676,0.331955642,-0.049869291,-0.071514919,-2.310130596,0.890626609,0.015429791,0.005107095,-0.454444885,,,,,,,,0.017382760,-0.174286082,-2.198522091,0.907740831,0.021053027,0.004203094,0.418981731
838,432317,156355,stationary,stationary_far_view,0.156344533,1.656719685,-0.621315002,-0.124624573,0.872278154,0.336254418,0.332464427,,,,,,,,,,,,,,,0.016387526,-0.178459629,-2.183391571,0.929744005,0.040170152,0.026756581,-0.365029484
839,432510,156548,stationary,stationary_far_view,0.156446636,1.656375527,-0.620741129,-0.124391370,0.871560574,0.337393969,0.333278149,,,,,,,,,,,,,,,0.009591565,-0.170677796,-2.145511866,0.894242406,0.017483193,0.000883957,0.447240531
840,432692,156730,stationary,stationary_far_view,0.155953109,1.655930638,-0.620749116,-0.123701729,0.870884776,0.338037610,0.334646434,-0.064731516,-0.069173768,-2.311959505,0.889779866,0.011188469,0.000727209,-0.456252187,0.074315593,-0.069267705,-2.330125093,0.872218430,0.017056612,-0.044259954,0.486811250,0.003598139,-0.175200298,-2.245532513,0.913997114,0.019101553,-0.008062540,0.405190527
841,432872,156910,stationary,stationary_far_view,0.155187011,1.655320883,-0.620884657,-0.123978294,0.870687664,0.338884592,0.334199935,-0.064837135,-0.065248027,-2.351581335,0.899584115,0.003350819,0.000261365,-0.436734736,,,,,,,,0.003932875,-0.172709957,-2.216449738,0.935440838,0.016855692,0.026963962,-0.352050096
842,433065,157103,stationary,stationary_far_view,0.154638708,1.655047178,-0.621084332,-0.124242440,0.870569468,0.338978112,0.334314913,-0.064637609,-0.063936934,-2.312758446,0.888530910,0.011512463,0.002961004,-0.458662748,0.075546853,-0.066169396,-2.377836466,0.884067476,0.034070592,0.079578757,-0.459272385,0.003606491,-0.167962953,-2.228348732,0.911155581,0.025750246,0.000564128,0.411256701
843,433248,157286,stationary,stationary_far_view,0.154270232,1.655058742,-0.621449590,-0.124479868,0.870570660,0.338743240,0.334461570,-0.066222683,-0.064820603,-2.307063818,0.892166495,0.004121186,-0.010322095,-0.451570034,0.075592093,-0.064510271,-2.346954346,0.881360769,0.003621940,-0.054247111,0.469305187,0.002088435,-0.171450272,-2.205416918,0.930989742,0.033065297,0.012905240,-0.363315642
844,433427,157465,stationary,stationary_far_view,0.153702676,1.655121803,-0.621249676,-0.124705449,0.870408297,0.338700563,0.334843159,,,,,,,,,,,,,,,-0.000127953,-0.168447986,-2.167005301,0.928959727,0.026416272,0.009700704,-0.369109631
845,433622,157660,stationary,stationary_far_view,0.153386593,1.655124664,-0.620336771,-0.124176368,0.870294511,0.338997036,0.335035443,-0.070890635,-0.065617129,-2.338955879,0.895507693,0.003504081,-0.011547037,-0.444882482,0.070215695,-0.065781131,-2.344195843,0.870320022,0.019010182,-0.035458956,0.490840465,-0.001424342,-0.174976155,-2.260364771,0.943517387,0.019668093,0.016693311,-0.330317140
846,433802,157840,stationary,stationary_far_view,0.153356850,1.654972315,-0.620272160,-0.124036863,0.870117366,0.339228332,0.335312992,-0.071711451,-0.065113410,-2.323835850,0.893207729,0.002259072,-0.010109104,-0.449524969,0.068655901,-0.064534977,-2.320694208,0.872298539,0.012615692,-0.042190559,0.486986727,-0.002379056,-0.169335499,-2.215798855,0.908262610,0.031243939,-0.006870286,0.417175889
847,433982,158020,stationary,stationary_far_view,0.154089570,1.655349970,-0.620485544,-0.123500369,0.870580137,0.338255346,0.335292727,-0.070115834,-0.070106789,-2.313183308,0.892897964,0.004790352,-0.005624709,-0.450198442,,,,,,,,-0.002412263,-0.178880230,-2.240208149,0.941880167,0.018857550,0.009091947,-0.335296124
848,434163,158201,stationary,stationary_far_view,0.154591620,1.655564189,-0.620543122,-0.123836935,0.870613635,0.337554038,0.335788041,-0.071488492,-0.072423235,-2.352578402,0.898988366,0.023653187,-0.009018039,-0.437240332,,,,,,,,-0.002055850,-0.174650237,-2.196252584,0.906579375,0.024305331,0.001138266,0.421333313
849,434344,158382,stationary,stationary_far_view,0.154808521,1.655926228,-0.620016098,-0.123313121,0.870779395,0.337323695,0.335782468,-0.070955642,-0.075876102,-2.321893215,0.893599927,0.005083560,-0.009625116,-0.448732346,,,,,,,,-0.002383132,-0.183672830,-2.240073204,0.943045259,0.021219393,0.011248780,-0.331796497
850,434537,158575,stationary,stationary_far_view,0.155594289,1.656126261,-0.619385719,-0.123024814,0.870680988,0.336974263,0.336493522,-0.071034059,-0.073747143,-2.258175850,0.874606729,0.022291938,-0.014908954,0.484090775,0.068524614,-0.080498800,-2.390569448,0.883827388,0.024654295,0.060162745,-0.463272899,-0.004601598,-0.175654337,-2.143952370,0.898642898,0.023701129,-0.001895497,0.438036144
851,434718,158756,stationary,stationary_far_view,0.157128990,1.656284094,-0.619656324,-0.121879987,0.871160269,0.336151093,0.336492926,-0.070808873,-0.078612432,-2.254870892,0.873481333,0.020588228,-0.013306703,0.486240149,,,,,,,,-0.004808348,-0.180147052,-2.146011114,0.897337556,0.023911837,0.004027847,0.440678209
852,434913,158951,stationary,stationary_far_view,0.158775389,1.656604171,-0.620577216,-0.121753104,0.871620834,0.334849477,0.336643934,-0.070928380,-0.087061211,-2.337264299,0.899488449,0.026286470,-0.005368038,-0.436120093,0.068618551,-0.088005021,-2.316004276,0.869978607,0.012351196,-0.041960638,0.491145611,-0.002330959,-0.188576430,-2.194955587,0.906026661,0.028138066,0.000112682,0.422284245
853,435094,159132,stationary,stationary_far_view,0.160279691,1.657333374,-0.622139215,-0.120929360,0.872383177,0.333224982,0.336578071,-0.069521166,-0.093232408,-2.286031008,0.889246643,0.005669781,-0.007632442,-0.457329243,0.069861189,-0.095532224,-2.331319809,0.865692258,0.019848783,-0.037147790,0.498801529,-0.001331069,-0.196753696,-2.218511343,0.905393720,0.024577804,-0.006493592,0.423811316
854,435288,159326,stationary,stationary_far_view,0.161227167,1.657447457,-0.623573780,-0.121531442,0.872137666,0.333120495,0.337100536,-0.070975319,-0.091887370,-2.339762688,0.900733471,0.026511490,-0.001450275,-0.433560073,0.068104804,-0.092370763,-2.303805828,0.868842602,0.013118297,-0.044776972,0.492884874,-0.002330203,-0.193051606,-2.190186262,0.904730201,0.024698978,-0.003513731,0.425253868
855,435468,159506,stationary,stationary_far_view,0.161615431,1.657664061,-0.624915600,-0.121500976,0.872064233,0.332330048,0.338080287,-0.075933754,-0.096231386,-2.339139223,0.897517145,0.006623981,-0.005931991,-0.440889955,,,,,,,,-0.006853500,-0.196183816,-2.199736357,0.899092019,0.031650905,0.000513887,0.436613709
856,435649,159687,stationary,stationary_far_view,0.162065625,1.657721519,-0.625327110,-0.121296234,0.871908069,0.332579970,0.338310689,-0.075575121,-0.091888383,-2.275626183,0.871255696,0.021270027,-0.007017637,0.490318149,,,,,,,,-0.007625358,-0.195127517,-2.189212561,0.895847321,0.029992096,-0.000690148,0.443348169
857,435829,159867,stationary,stationary_far_view,0.162320673,1.657624722,-0.625775456,-0.121295482,0.871981859,0.332493544,0.338205665,-0.075543948,-0.092032030,-2.278168440,0.871547103,0.021179646,-0.006916269,0.489805371,,,,,,,,-0.007562866,-0.195487782,-2.193580627,0.896406829,0.030207628,-0.003549786,0.442187369
858,436024,160062,stationary,stationary_far_view,0.162535608,1.657963276,-0.626263261,-0.121095233,0.872434139,0.331408560,0.338176012,-0.076055162,-0.101327404,-2.345182419,0.897448838,0.007575571,-0.005225038,-0.441022635,0.066095747,-0.103642806,-2.423177004,0.871680498,0.042938076,-0.054629516,0.485123783,-0.006911861,-0.201221213,-2.208310843,0.901416302,0.031440377,0.001688918,0.431806952
859,436206,160244,stationary,stationary_far_view,0.162782490,1.658656836,-0.626312494,-0.121147551,0.872725785,0.329912096,0.338867158,-0.076108590,-0.106622770,-2.333674908,0.901762486,0.025778841,-0.005508600,-0.431427270,0.065509818,-0.112828031,-2.420736790,0.888148069,0.025202984,0.058684062,-0.455097765,-0.006939370,-0.215350717,-2.256658077,0.947316766,0.016449116,0.014747766,-0.319535464
860,436387,160425,stationary,stationary_far_view,0.163377345,1.659541726,-0.626259804,-0.119061731,0.873755693,0.328211546,0.338603735,-0.075065106,-0.117679790,-2.291662693,0.892805994,0.006250654,-0.002682609,-0.450390041,,,,,,,,-0.006709091,-0.219634295,-2.207439423,0.902246952,0.026719570,0.002818036,0.430381924
861,436582,160620,stationary,stationary_far_view,0.163020849,1.660444021,-0.625393152,-0.117251888,0.874618769,0.326783180,0.338388473,-0.074444339,-0.130977318,-2.331511497,0.902796626,0.005631088,0.003159615,-0.430019319,,,,,,,,-0.006603006,-0.231714815,-2.211145878,0.901152432,0.022699803,-0.005762511,0.432869285
862,436760,160798,stationary,stationary_far_view,0.161908090,1.661009312,-0.624084830,-0.117332242,0.874984264,0.325326115,0.338819385,-0.075978681,-0.142397776,-2.372426748,0.907150745,-0.003053714,-0.002362181,-0.420788139,,,,,,,,-0.006275687,-0.239250794,-2.212141275,0.903428972,0.027811311,0.000282542,0.427834719
863,436940,160978,stationary,stationary_far_view,0.160448551,1.661519766,-0.622351646,-0.116780400,0.875832379,0.323035866,0.339009970,-0.073671319,-0.150680527,-2.307625771,0.900721967,0.006350619,-0.003660319,-0.434334308,,,,,,,,-0.005492192,-0.250530571,-2.195105076,0.894745052,0.022503540,-0.003749957,0.445994198
864,437135,161173,stationary,stationary_far_view,0.159033835,1.662247658,-0.621003270,-0.116215006,0.876867950,0.320889711,0.338565320,-0.068972185,-0.164138213,-2.321794748,0.902851045,0.005275176,0.002544163,-0.429913610,0.069786258,-0.164155915,-2.317925453,0.857552648,0.016371995,-0.044078849,0.512242556,-0.001306040,-0.261838049,-2.194871426,0.898377001,0.025049813,0.002711094,0.438501865
865,437316,161354,stationary,stationary_far_view,0.158208966,1.662456274,-0.619747400,-0.114677444,0.878121853,0.319854945,0.336814374,-0.064992681,-0.172467902,-2.350995302,0.883149564,0.025221018,-0.010875098,0.468286723,0.077302746,-0.179103836,-2.383028746,0.898183465,0.032662373,0.074453488,-0.432037503,0.003738709,-0.268101186,-2.174439192,0.896579027,0.013431660,0.008724114,0.442594111
866,437511,161549,stationary,stationary_far_view,0.157224357,1.662300110,-0.619136095,-0.115268894,0.877465367,0.319982082,0.338199764,-0.069211304,-0.171110556,-2.292762041,0.899263918,0.012643618,-0.006204613,-0.437179595,0.071608394,-0.177865312,-2.380235910,0.896158159,0.037540559,0.069603339,-0.436630994,-0.002828311,-0.273193568,-2.208615065,0.905310631,0.012414348,0.009215912,0.424468726
867,437692,161730,stationary,stationary_far_view,0.156172752,1.662059307,-0.618230343,-0.114213683,0.877417624,0.320313275,0.338368177,,,,,,,,0.068386048,-0.179296508,-2.397794724,0.902788877,0.026189709,0.082567357,-0.421270728,-0.008128002,-0.257815987,-2.070664406,0.888867378,0.014336223,0.026834773,0.457153350
868,437885,161923,stationary,stationary_far_view,0.155497372,1.661898375,-0.618203521,-0.114539757,0.877326012,0.320330411,0.338479221,,,,,,,,0.068318225,-0.178443924,-2.390263557,0.902636468,0.028782403,0.080257230,-0.421874136,-0.008043375,-0.256682336,-2.061349869,0.887210548,0.016057862,0.029312985,0.460152566
869,438081,162119,stationary,stationary_far_view,0.154733002,1.661768913,-0.617952466,-0.115594029,0.877437830,0.320105076,0.338043839,-0.068917274,-0.170909241,-2.287613630,0.899514616,0.010986227,-0.003930689,-0.436734915,,,,,,,,-0.001093242,-0.270592093,-2.190996885,0.898377299,0.023038134,0.002734222,0.438611478
870,438275,162313,stationary,stationary_far_view,0.153849542,1.661390066,-0.617319107,-0.117024943,0.876724243,0.320279926,0.339235216,,,,,,,,,,,,,,,-0.002951838,-0.265897483,-2.158752680,0.931613266,0.036953706,0.020106412,-0.361008257
871,438455,162493,stationary,stationary_far_view,0.152830124,1.661377430,-0.616544604,-0.117747344,0.876515031,0.319786966,0.339990050,-0.074176319,-0.171113774,-2.293650389,0.900260985,0.016034931,-0.003154136,-0.435043782,,,,,,,,-0.007098377,-0.275008470,-2.225402355,0.908595979,0.021505639,-0.002972600,0.417111456
872,438635,162673,stationary,stationary_far_view,0.151746869,1.661136389,-0.615222216,-0.118162885,0.876370430,0.320363075,0.339676261,-0.072740048,-0.167240933,-2.297395706,0.906439126,0.009054722,-0.008576877,-0.422152400,0.067163996,-0.173395291,-2.376044512,0.897310734,0.036082961,0.070512787,-0.434234291,-0.004274452,-0.262087256,-2.151413441,0.889996111,0.025592176,-0.001510129,0.455246866
873,438830,162868,stationary,stationary_far_view,0.151210666,1.660876989,-0.614232063,-0.118214287,0.876193881,0.320633948,0.339858174,-0.073701054,-0.169465527,-2.317202568,0.905400634,0.006781419,0.001427909,-0.424501717,0.064761594,-0.168751135,-2.310784340,0.862218916,0.015157443,-0.038558390,0.504838645,-0.004938386,-0.269148767,-2.209885359,0.900541961,0.028669540,0.003859942,0.433805734
874,439011,163049,stationary,stationary_far_view,0.150376678,1.660552025,-0.612761736,-0.118583396,0.875991166,0.320968837,0.339935988,-0.075308628,-0.167687282,-2.350493193,0.885886371,0.030392969,-0.014847231,0.462667465,0.066756859,-0.171990737,-2.370441198,0.896990836,0.038327392,0.067910910,-0.435116708,-0.005144265,-0.264503777,-2.176876545,0.897681594,0.028011180,-0.002051642,0.439748764
875,439191,163229,stationary,stationary_far_view,0.149120569,1.660397649,-0.612166405,-0.119054243,0.875654697,0.321173549,0.340444535,,,,,,,,,,,,,,,-0.006798726,-0.267855763,-2.206269979,0.907007098,0.020903965,-0.009643333,0.420485675
876,439372,163410,stationary,stationary_far_view,0.148272157,1.660138845,-0.611878157,-0.119680800,0.875643075,0.321393281,0.340047240,-0.074856475,-0.166957125,-2.345824480,0.910622120,0.000358291,-0.006580103,-0.413187444,0.066505022,-0.164376721,-2.339239359,0.871926606,0.007945629,-0.054435294,0.486536413,-0.006498400,-0.253353983,-2.103624582,0.870714068,0.012905090,0.001685884,0.491617441
877,439552,163590,stationary,stationary_far_view,0.147313118,1.659824610,-0.611826420,-0.120898560,0.875312448,0.321871847,0.340014875,,,,,,,,0.068566352,-0.165796772,-2.393495083,0.900735557,0.037411522,0.068932228,-0.427228451,-0.004162870,-0.254027545,-2.130495548,0.888115704,0.024651885,-0.001185365,0.458956838
878,439731,163769,stationary,stationary_far_view,0.146660805,1.659825802,-0.611790657,-0.120402820,0.875871420,0.321822405,0.338796049,,,,,,,,,,,,,,,-0.000431553,-0.261266142,-2.190282106,0.899009228,0.027476545,0.003522562,0.437052667
879,439916,163954,stationary,stationary_far_view,0.145323455,1.659990907,-0.612391472,-0.121831231,0.875197947,0.321391970,0.340430558,,,,,,,,,,,,,,,-0.005681200,-0.260980040,-2.187973738,0.899641752,0.026569000,0.006010221,0.435778230
880,440094,164132,stationary,stationary_far_view,0.144175887,1.660376072,-0.612836123,-0.122602329,0.875134170,0.321066886,0.340624243,,,,,,,,0.064974278,-0.165990517,-2.347582102,0.891474128,0.035612356,0.063581198,-0.447172403,-0.005911674,-0.263342857,-2.209168434,0.904331505,0.031010538,0.003129272,0.425691396
881,440275,164313,stationary,stationary_far_view,0.143982708,1.660248160,-0.613105297,-0.123011470,0.874918699,0.321806550,0.340332240,-0.075419389,-0.161698386,-2.334223032,0.905483425,0.007687104,-0.008322880,-0.424230337,0.066429749,-0.162608221,-2.370916128,0.896467566,0.040018883,0.064253226,-0.436595887,-0.005262028,-0.256464809,-2.179868460,0.895061970,0.038325466,0.002837809,0.444282740
882,440456,164494,stationary,stationary_far_view,0.144625366,1.660317183,-0.613289237,-0.122294277,0.875773847,0.322018832,0.338183641,-0.065041617,-0.155670837,-2.255113363,0.893253326,0.012787232,-0.003760990,-0.449356019,0.072728783,-0.156946346,-2.287645578,0.860695660,0.015075461,-0.039968017,0.507324815,0.003022190,-0.256573111,-2.182496071,0.898871362,0.030787686,0.006550439,0.437080622
883,440635,164673,stationary,stationary_far_view,0.144584954,1.659930706,-0.613997579,-0.123265520,0.875350952,0.323100299,0.337894261,-0.064669721,-0.149839535,-2.267551899,0.895760357,0.014240624,-0.008260040,-0.444232345,,,,,,,,0.003716737,-0.248967692,-2.164686680,0.893499255,0.019334128,0.003561122,0.448634088
884,440816,164854,stationary,stationary_far_view,0.144280851,1.659402370,-0.614801168,-0.124364443,0.874796391,0.323964715,0.338100106,,,,,,,,0.076890461,-0.146669045,-2.398771763,0.875202119,-0.001117338,-0.027212027,0.482990205,0.000419334,-0.238703236,-2.134171486,0.894084871,0.034691248,0.017047841,0.446226597
885,441011,165049,stationary,stationary_far_view,0.143392324,1.658716440,-0.614860296,-0.125429899,0.873742878,0.325983226,0.338490307,,,,,,,,0.071476176,-0.134528592,-2.348036289,0.876387775,0.010162136,-0.050787091,0.478812993,-0.002378065,-0.236358032,-2.191206455,0.897777498,0.038137738,0.007322737,0.438733965
886,441191,165229,stationary,stationary_far_view,0.142536223,1.658437014,-0.615151048,-0.125553906,0.873358607,0.326758116,0.338688821,,,,,,,,0.068185963,-0.132261232,-2.390816212,0.901732743,0.031419460,0.080096520,-0.423645437,,,,,,,
887,441371,165409,stationary,stationary_far_view,0.142129064,1.658352852,-0.615754366,-0.124865606,0.873520136,0.326869994,0.338418663,-0.073645771,-0.130449191,-2.290344954,0.895226836,0.016698422,-0.012279666,-0.445128411,,,,,,,,-0.004816536,-0.228207245,-2.138314486,0.932071686,0.024146605,0.009818437,-0.361334920
888,441552,165590,stationary,stationary_far_view,0.141439378,1.658331156,-0.615404367,-0.124712586,0.873495877,0.327262014,0.338158697,-0.073410913,-0.130057976,-2.313365698,0.903228939,0.005248207,-0.007795535,-0.429056197,0.067464344,-0.129901007,-2.361618519,0.879703701,0.012476561,-0.049607370,0.472763032,-0.007957917,-0.216496602,-2.030329466,0.885064662,0.013320998,0.024937524,0.464608729
889,441733,165771,stationary,stationary_far_view,0.140153408,1.657707453,-0.614330769,-0.124759801,0.872998297,0.329127967,0.337614834,,,,,,,,,,,,,,,-0.004184425,-0.218432337,-2.143868685,0.894811809,0.022738203,0.001243193,0.445862383
890,441915,165953,stationary,stationary_far_view,0.139187813,1.657451153,-0.613216400,-0.124750540,0.872602046,0.329946876,0.337843210,-0.074842006,-0.117264792,-2.268087149,0.892500043,0.007836438,-0.005973540,-0.450939655,0.064538576,-0.118463174,-2.321502924,0.870138943,0.018062728,-0.041846510,0.490694255,-0.006808754,-0.222810701,-2.217293739,0.911161184,0.030635305,0.001880568,0.410905451
891,442110,166148,stationary,stationary_far_view,0.139074266,1.657279491,-0.612068415,-0.124155633,0.872561097,0.330552071,0.337576509,,,,,,,,,,,,,,,-0.005682036,-0.218567967,-2.195021868,0.904968739,0.026043370,0.006245478,0.424634337
892,442289,166327,stationary,stationary_far_view,0.139217675,1.657216430,-0.611061573,-0.123138644,0.872670293,0.330675036,0.337546170,-0.076131836,-0.119306907,-2.304402113,0.900219202,-0.000489533,-0.008701928,-0.435349762,0.064960741,-0.120049581,-2.332021236,0.873338342,0.019225705,-0.045278840,0.484623998,-0.008069966,-0.223713741,-2.211211920,0.913274169,0.017784212,0.004195190,0.406935394
893,442469,166507,stationary,stationary_far_view,0.139122427,1.657474518,-0.610844970,-0.123630658,0.872752845,0.329936236,0.337875783,,,,,,,,,,,,,,,-0.006119264,-0.223446295,-2.199053526,0.905616760,0.028027739,0.006457194,0.423120618
894,442652,166690,stationary,stationary_far_view,0.138751805,1.657348156,-0.610765696,-0.125109881,0.872811794,0.329853177,0.337259591,,,,,,,,0.070756860,-0.119513169,-2.339442015,0.878288865,0.007181605,-0.051611573,0.475282401,-0.002593897,-0.224596351,-2.213887453,0.912909687,0.024261229,-0.001524901,0.407437086
895,442844,166882,stationary,stationary_far_view,0.138336778,1.656985283,-0.610425949,-0.126235738,0.872380674,0.330178201,0.337637186,,,,,,,,,,,,,,,-0.001922574,-0.217638507,-2.186413527,0.904426277,0.027622903,0.000393411,0.425734639
896,443025,167063,stationary,stationary_far_view,0.138326406,1.656696677,-0.609566450,-0.125883505,0.872133017,0.330761194,0.337837756,-0.072919302,-0.114319876,-2.278972864,0.897768438,0.012592708,-0.007777567,-0.440219015,,,,,,,,-0.004317027,-0.212085292,-2.132974386,0.894833982,0.026968149,0.001154245,0.445582211
897,443205,167243,stationary,stationary_far_view,0.138578117,1.656430602,-0.608911037,-0.126141876,0.871963263,0.331057191,0.337889761,-0.072425805,-0.111943200,-2.289391756,0.900682330,0.012035060,-0.008528997,-0.434227765,0.065266810,-0.108431175,-2.255986214,0.862146318,0.015817253,-0.037897311,0.504992485,-0.004423771,-0.209820032,-2.132893085,0.895179927,0.038163148,0.012081182,0.443903685
898,443386,167424,stationary,stationary_far_view,0.139302611,1.656682968,-0.608322144,-0.125653774,0.871982872,0.330904722,0.338170171,,,,,,,,,,,,,,,-0.004554108,-0.212478369,-2.126043320,0.895224154,0.015085290,-0.010263151,0.445242494
899,443580,167618,stationary,stationary_far_view,0.140000343,1.657000303,-0.607983828,-0.125917986,0.871982098,0.330100834,0.338858932,-0.075627148,-0.116639152,-2.327301025,0.888798475,0.036340147,-0.006783629,0.456804752,0.065892532,-0.120357946,-2.360488892,0.889388323,0.036149651,0.063538387,-0.451269865,-0.004502028,-0.219489917,-2.200876474,0.905996203,0.034510031,0.004300565,0.421854824
900,443760,167798,stationary,stationary_far_view,0.140904367,1.657127619,-0.607311964,-0.125113934,0.872338235,0.330120087,0.338220716,-0.070455253,-0.115905985,-2.247392178,0.894458354,0.009295139,-0.000466919,-0.447054386,0.068854712,-0.118940488,-2.315256596,0.868693054,0.022518203,-0.042821962,0.492982388,-0.003683699,-0.225537404,-2.205513716,0.943455577,0.034167033,0.004790539,-0.329698652
901,443955,167993,stationary,stationary_far_view,0.141271412,1.657020330,-0.607092381,-0.125045329,0.871877134,0.330628037,0.338938177,,,,,,,,,,,,,,,-0.005108986,-0.216688067,-2.179484367,0.901816189,0.029636564,0.002297404,0.431096226
902,444138,168176,stationary,stationary_far_view,0.141896665,1.656635880,-0.606514692,-0.125403628,0.871440411,0.331876099,0.338709146,-0.074004672,-0.110961869,-2.293020010,0.894804776,0.018236227,-0.005454854,-0.446051717,0.068002336,-0.115543798,-2.433086157,0.876594484,0.030987769,-0.040284961,0.478538364,-0.004559487,-0.208190858,-2.138027668,0.894531190,0.022741331,-0.000456396,0.446426451
903,444302,168340,stationary,stationary_far_view,0.142854095,1.656481266,-0.606440067,-0.125359192,0.871070623,0.332034618,0.339520335,-0.077318244,-0.106891915,-2.288212538,0.900338471,0.010583509,-0.011127304,-0.434919298,0.060373984,-0.104971871,-2.259656191,0.867507160,0.010607724,-0.055691190,0.494183421,-0.008401126,-0.212096497,-2.179581881,0.935658455,0.047236875,0.009493292,-0.349602401
904,444496,168534,stationary,stationary_far_view,0.144319117,1.656547308,-0.606970072,-0.124859773,0.871301830,0.332017809,0.339127332,-0.075771526,-0.109662339,-2.298435926,0.896678090,0.005763739,-0.007909278,-0.442575067,0.064865403,-0.109226421,-2.328498363,0.873498499,0.022133473,-0.040276986,0.484652787,-0.006449156,-0.214605629,-2.212880611,0.911681294,0.020437632,-0.001369709,0.410387158
905,444677,168715,stationary,stationary_far_view,0.146058917,1.657191753,-0.607554913,-0.124456033,0.871773779,0.330909520,0.339146227,-0.073687330,-0.114869073,-2.313497066,0.901466191,0.005368654,-0.002286204,-0.432810217,0.067204669,-0.114499465,-2.357699156,0.879824400,0.011908748,-0.051076658,0.472396463,,,,,,,
906,444858,168896,stationary,stationary_far_view,0.146930456,1.657534957,-0.608060837,-0.124208264,0.871901929,0.330365390,0.339437872,,,,,,,,,,,,,,,-0.004641887,-0.214556202,-2.156867981,0.895784140,0.028331866,-0.001943162,0.443581253
907,445053,169091,stationary,stationary_far_view,0.147026122,1.657418251,-0.607809663,-0.124257654,0.871411681,0.331279188,0.339787930,,,,,,,,0.063551798,-0.114816502,-2.347584724,0.885661006,0.032456093,0.063788414,-0.458783448,-0.006795952,-0.213364094,-2.190750360,0.904046476,0.029043216,-0.000858952,0.426445484
908,445232,169270,stationary,stationary_far_view,0.147602081,1.657168865,-0.607771635,-0.123373404,0.871041894,0.332129091,0.340228319,-0.079996884,-0.107938275,-2.267434597,0.891325474,0.011038559,-0.008404228,-0.453151673,0.061264738,-0.109700516,-2.360865116,0.880490661,0.013310592,-0.055605423,0.470602840,-0.011846546,-0.218451962,-2.240116119,0.947411597,0.024222430,0.006402023,-0.319035381
909,445414,169452,stationary,stationary_far_view,0.148753881,1.656962037,-0.608244896,-0.122199617,0.871479928,0.332237959,0.339422911,-0.078903884,-0.109416619,-2.324845076,0.906345904,0.004562355,-0.010185678,-0.422389150,0.062699027,-0.113951072,-2.400193453,0.894695103,0.035938919,0.069529511,-0.439766675,,,,,,,
910,445608,169646,stationary,stationary_far_view,0.149758518,1.657111526,-0.608897209,-0.121628940,0.871813655,0.331791162,0.339207977,,,,,,,,,,,,,,,-0.008140989,-0.214289144,-2.176045895,0.937098384,0.037238829,0.012257663,-0.346856862
911,445788,169826,stationary,stationary_far_view,0.150652885,1.657294273,-0.609573603,-0.120292649,0.871917784,0.331555635,0.339646727,,,,,,,,,,,,,,,-0.012237195,-0.217747644,-2.186554432,0.905513525,0.021552108,-0.005457483,0.423734576
912,445969,170007,stationary,stationary_far_view,0.150481761,1.657240510,-0.609934807,-0.120313480,0.871631861,0.331720114,0.340212256,-0.084357947,-0.114689872,-2.319601059,0.903367639,0.001497010,-0.002963320,-0.428854138,0.056030065,-0.118317887,-2.376209021,0.892275274,0.036435843,0.071583837,-0.444289446,-0.016230457,-0.210626617,-2.122105122,0.890927136,0.014960088,-0.000149133,0.453899801
913,446165,170203,stationary,stationary_far_view,0.150091887,1.656822205,-0.609938860,-0.120863348,0.871457338,0.332691282,0.339515448,-0.080313198,-0.106305674,-2.254142761,0.891554177,0.008720065,-0.003955770,-0.452812880,0.060997851,-0.109639063,-2.354026556,0.877061844,0.009703545,-0.056712810,0.476919264,-0.012650691,-0.212256640,-2.201760769,0.903460741,0.030297682,-0.005669017,0.427561253
914,446344,170382,stationary,stationary_far_view,0.149932384,1.656893015,-0.610317469,-0.121486172,0.871637642,0.332152992,0.339357227,-0.079060405,-0.110240415,-2.297040701,0.897795618,0.010858333,-0.003117238,-0.440267473,,,,,,,,-0.010311449,-0.211669505,-2.185034990,0.903989792,0.023442902,0.000532070,0.426910549
915,446525,170563,stationary,stationary_far_view,0.149983287,1.657255411,-0.610633850,-0.120689169,0.872302890,0.331054896,0.339005172,,,,,,,,,,,,,,,-0.009772919,-0.216417640,-2.174309015,0.900751472,0.022677500,-0.000428911,0.433742255
916,446721,170759,stationary,stationary_far_view,0.149671733,1.657662511,-0.611050367,-0.120787196,0.872402847,0.329914987,0.339823246,,,,,,,,0.058806308,-0.125486121,-2.357195854,0.888399541,0.032237779,0.062582083,-0.453641355,-0.011882868,-0.221983790,-2.180746794,0.900485635,0.029832667,0.000662175,0.433860838
917,446898,170936,stationary,stationary_far_view,0.148888707,1.657792568,-0.611102581,-0.121021710,0.872497618,0.329420000,0.339976758,,,,,,,,0.060894586,-0.127492353,-2.382846594,0.877329886,-0.005989808,-0.043484155,0.477876127,-0.012960160,-0.230641767,-2.205678463,0.941293180,0.027092397,0.009456490,-0.336368531
918,447093,171131,stationary,stationary_far_view,0.147635579,1.657689452,-0.611450553,-0.121844172,0.872043192,0.329614937,0.340659231,,,,,,,,,,,,,,,-0.015534695,-0.222806439,-2.190502644,0.902624369,0.028682172,0.001879666,0.429468334
919,447274,171312,stationary,stationary_far_view,0.146891713,1.657672048,-0.611881971,-0.122210287,0.872262597,0.329437345,0.340137720,,,,,,,,0.056527972,-0.120116189,-2.279649973,0.856509268,0.022388887,-0.030685680,0.514731944,-0.011844726,-0.222644955,-2.186087608,0.901437163,0.029640878,-0.000054653,0.431894094
920,447455,171493,stationary,stationary_far_view,0.146031380,1.657582283,-0.612487793,-0.123520628,0.872160435,0.329545945,0.339820951,-0.080453724,-0.120657459,-2.302037239,0.896319032,0.007937461,-0.011909394,-0.443178684,0.060809083,-0.124236032,-2.379775763,0.890771806,0.042177398,0.067051299,-0.447493911,-0.010850040,-0.224659353,-2.196676970,0.941680312,0.018542822,0.007401308,-0.335916102
921,447652,171690,stationary,stationary_far_view,0.145471215,1.657439947,-0.612870455,-0.124412872,0.872112155,0.329556197,0.339609414,-0.080490775,-0.117184803,-2.351349831,0.892906725,0.031869065,-0.006684595,0.449062645,0.061441615,-0.120870516,-2.369407654,0.889317393,0.034589935,0.058869340,-0.452164352,-0.008018158,-0.228154868,-2.268981934,0.945079863,0.029087933,0.011300273,-0.325346380
922,447828,171866,stationary,stationary_far_view,0.145314276,1.657519221,-0.613587737,-0.124809861,0.872242510,0.328961134,0.339705944,-0.078285933,-0.119134650,-2.296797991,0.897041678,0.012266324,-0.008310843,-0.441697508,0.061860859,-0.121270671,-2.366697073,0.893559098,0.019882932,0.076994881,-0.441846818,,,,,,,
923,448024,172062,stationary,stationary_far_view,0.146058679,1.658046007,-0.615092039,-0.124615408,0.872801125,0.327866584,0.339400530,-0.075259216,-0.122601613,-2.254178762,0.890238285,0.016486455,-0.009171242,-0.455104262,0.066166513,-0.124835238,-2.345061064,0.876038015,0.008584081,-0.052661657,0.479281187,-0.007499749,-0.234163553,-2.249145746,0.950575233,0.025492175,0.011132256,-0.309245855
924,448217,172255,stationary,stationary_far_view,0.147025704,1.658602238,-0.617398739,-0.124716252,0.873365700,0.326409668,0.339315385,-0.074484549,-0.130647913,-2.295338154,0.895746708,0.018972583,-0.006048886,-0.444118589,0.066474810,-0.129778281,-2.348712921,0.878500640,0.011729565,-0.051439192,0.474818975,-0.006615087,-0.231137827,-2.195422888,0.901897430,0.033805341,-0.001139663,0.430623889
925,448399,172437,stationary,stationary_far_view,0.147459984,1.658741951,-0.619421482,-0.125354856,0.873411179,0.326038063,0.339320362,-0.075390078,-0.131388411,-2.312200069,0.895065844,0.015436070,-0.013123353,-0.445473522,0.064788379,-0.129032180,-2.325184584,0.868885756,0.019604040,-0.038253892,0.493142843,-0.006177079,-0.230563879,-2.210353136,0.901961744,0.039621163,0.004323587,0.429972619
926,448593,172631,stationary,stationary_far_view,0.147879303,1.658692002,-0.621582031,-0.124488905,0.873523295,0.326312304,0.339086801,,,,,,,,0.062533394,-0.127539530,-2.294194698,0.863660574,0.016952265,-0.039688479,0.502223015,-0.006958559,-0.228292584,-2.187257290,0.897522211,0.034268923,0.006603764,0.439586014
927,448774,172812,stationary,stationary_far_view,0.147957444,1.658760905,-0.624116421,-0.123986177,0.873989880,0.325935870,0.338430196,-0.076003350,-0.131382510,-2.331274509,0.899423361,0.008511307,-0.009354434,-0.436895460,0.065007977,-0.129800633,-2.330637693,0.869571567,0.022216288,-0.041402962,0.491566390,-0.006508039,-0.229235530,-2.200388193,0.900260508,0.035098821,0.007172497,0.433875144
928,448968,173006,stationary,stationary_far_view,0.147336662,1.658741951,-0.626611710,-0.123092510,0.874553144,0.325814426,0.337416679,-0.073896885,-0.130713597,-2.309396505,0.899731636,0.010773207,-0.007650866,-0.436243504,0.065687686,-0.131198838,-2.330927134,0.867337108,0.024769243,-0.031808894,0.496085733,-0.005341563,-0.232846811,-2.213718414,0.903216720,0.030404996,-0.003915539,0.428088516
