sample_id,logger_ms,recording_ms,test_type,phase_label,camera_x,camera_y,camera_z,camera_qx,camera_qy,camera_qz,camera_qw,common_x,common_y,common_z,common_qx,common_qy,common_qz,common_qw,chest_x,chest_y,chest_z,chest_qx,chest_qy,chest_qz,chest_qw,navel_x,navel_y,navel_z,navel_qx,navel_qy,navel_qz,navel_qw
0,3153756,5,headmotion,still,-0.041352335,1.389374137,-0.504930496,-0.253744215,0.058388602,0.062078092,0.963509679,-0.118451297,-0.018844243,-1.346350312,0.989294887,-0.069939092,-0.041128870,0.121295221,0.014851861,-0.035700645,-1.354195833,0.990268528,-0.055398364,-0.013141729,0.126990691,-0.070251897,-0.171429574,-1.342426181,0.986977220,-0.050807152,-0.060948852,0.139927730
1,3154006,255,headmotion,still,-0.041290496,1.389483333,-0.506388009,-0.252888799,0.059345867,0.062566258,0.963644564,-0.116477087,-0.021457043,-1.334614038,0.986168802,-0.068808921,-0.041950833,0.144832820,0.015490461,-0.038397830,-1.342324495,0.985539973,-0.053161051,-0.019606391,0.159688726,-0.069050774,-0.175260201,-1.342360139,0.998467088,-0.052932423,0.014292050,-0.007570819
2,3154256,505,headmotion,still,-0.040252276,1.390596867,-0.506483078,-0.250555187,0.059746269,0.062620871,0.964225650,-0.117142372,-0.029067617,-1.334256887,0.986447096,-0.069452442,-0.025292991,0.146488085,0.015573267,-0.045998733,-1.338911653,0.986536622,-0.055774152,-0.024331644,0.151798204,-0.069576815,-0.182832882,-1.343722820,0.995467126,-0.056075275,-0.064576477,-0.041601889
3,3154505,754,headmotion,still,-0.038688596,1.391222119,-0.506082058,-0.248588100,0.058600780,0.061112955,0.964901626,-0.121648178,-0.035680693,-1.348302722,0.990631461,-0.068622753,-0.028701529,0.114527024,0.012256205,-0.052535456,-1.358015537,0.989843488,-0.055204909,-0.018386507,0.129708201,-0.072968483,-0.188252047,-1.342095137,0.988485098,-0.048886742,-0.048624963,0.134695634
4,3154769,1018,headmotion,still,-0.036939390,1.391432762,-0.505822003,-0.247906938,0.057958696,0.059821006,0.965196550,-0.123575769,-0.037606534,-1.338405490,0.986871362,-0.067848057,-0.028379111,0.143792272,0.009733729,-0.053659331,-1.345057726,0.984526575,-0.054364532,-0.024674168,0.164751664,-0.075416923,-0.192318693,-1.353396177,0.996168315,-0.050078280,-0.070631199,0.012335373
5,3155020,1269,headmotion,still,-0.036419697,1.391515493,-0.504507184,-0.247545883,0.057580452,0.060210664,0.965287626,-0.124716774,-0.037670802,-1.345079422,0.988003433,-0.066451140,-0.034926776,0.134958103,0.008150972,-0.054122876,-1.353877425,0.987073839,-0.052349918,-0.023304747,0.149671659,-0.077596068,-0.192526594,-1.357170343,0.993622243,-0.056119978,-0.097245939,0.010423523
6,3155269,1518,headmotion,still,-0.037207156,1.391484022,-0.503524244,-0.247117445,0.057567921,0.060556274,0.965376496,-0.124945864,-0.038430985,-1.349992752,0.989036560,-0.068015002,-0.038456541,0.125306875,0.009199489,-0.054833781,-1.361916065,0.988816619,-0.051688522,-0.020779861,0.138341025,-0.076183364,-0.191579640,-1.346951365,0.992007613,-0.047605202,-0.022159033,0.114732593
7,3155533,1782,headmotion,still,-0.037769537,1.391010046,-0.502688229,-0.247811601,0.057157081,0.060685936,0.965214849,-0.124870121,-0.035618674,-1.350116968,0.988997877,-0.067145124,-0.034913633,0.127105787,0.007832944,-0.051856335,-1.353277087,0.985713840,-0.051810361,-0.012022647,0.159810528,-0.076148331,-0.188620120,-1.346973777,0.990975142,-0.048788060,-0.060196679,0.109381802
8,3155784,2033,headmotion,still,-0.037685312,1.390919685,-0.501282811,-0.248066232,0.056833483,0.060081840,0.965206325,-0.124463670,-0.034636449,-1.345214128,0.985956550,-0.066536076,-0.040936630,0.147603989,0.008186057,-0.050283622,-1.351923227,0.982974410,-0.053871181,-0.016888877,0.174854219,-0.076216049,-0.187209859,-1.348442435,0.988726139,-0.049586486,-0.045459576,0.133773267
9,3156047,2296,headmotion,still,-0.038424890,1.390757203,-0.500493288,-0.247889102,0.057676014,0.061202243,0.965131462,-0.121788070,-0.033981096,-1.339107513,0.983829975,-0.066613026,-0.044661369,0.160145834,0.010078877,-0.050264370,-1.343324780,0.982931316,-0.056339089,-0.028195309,0.172849596,-0.073506027,-0.186050177,-1.343126178,0.984658122,-0.047880024,-0.051432271,0.159720480
10,3156297,2546,headmotion,still,-0.039089702,1.390670657,-0.500036597,-0.248072445,0.058363769,0.061294138,0.965037227,-0.120392345,-0.033586826,-1.344456315,0.985124350,-0.071001403,-0.024995636,0.154479876,0.012494363,-0.049712609,-1.347009659,0.985329032,-0.053290550,-0.026853794,0.159892678,-0.071938008,-0.187673673,-1.355666280,0.991285563,-0.053061776,-0.045132536,0.111805275
11,3156548,2797,headmotion,still,-0.039017461,1.390485168,-0.500120878,-0.248466924,0.057438355,0.060738720,0.965026319,-0.122292414,-0.032500159,-1.351706624,0.989624441,-0.067491330,-0.020090448,0.125239059,0.010323204,-0.048681851,-1.349574566,0.983186305,-0.050417945,-0.007840902,0.175331920,-0.074375004,-0.185979024,-1.351182818,0.992052138,-0.057473172,-0.111900434,0.002785410
12,3156797,3046,headmotion,still,-0.039551619,1.390982509,-0.499794900,-0.247999325,0.057740878,0.061179504,0.965100706,-0.120684102,-0.034068581,-1.339549541,0.982348680,-0.069961078,-0.045714442,0.167351916,0.012246527,-0.051106777,-1.360565424,0.987236977,-0.059754632,-0.019625537,0.146312788,-0.073063537,-0.186413601,-1.344558239,0.985135436,-0.048011418,-0.039392948,0.160160184
13,3157047,3296,headmotion,still,-0.040386900,1.391354680,-0.499643087,-0.247640580,0.058552247,0.061990075,0.965092242,-0.118984826,-0.034953263,-1.348387480,0.987958372,-0.066595048,-0.030786339,0.136219099,0.013337169,-0.051822077,-1.349690795,0.984840691,-0.050316758,-0.007095203,0.165851280,-0.070399769,-0.187563822,-1.343871355,0.988489687,-0.049401417,-0.055621482,0.131734148
14,3157311,3560,headmotion,still,-0.040498156,1.391385674,-0.499138474,-0.247467905,0.058584660,0.061860222,0.965142906,-0.118582912,-0.035100903,-1.345994353,0.987469137,-0.067321151,-0.032684352,0.138939843,0.015018221,-0.052370589,-1.366904378,0.990077555,-0.053385850,-0.008496898,0.129708007,-0.070498981,-0.188232854,-1.349072337,0.989594996,-0.046791244,-0.036087647,0.131187066
15,3157559,3808,headmotion,still,-0.040890370,1.391677380,-0.498245597,-0.246603593,0.059300613,0.062270373,0.965294003,-0.115907744,-0.036851939,-1.343569040,0.983589053,-0.068240985,-0.048081279,0.159949839,0.016056072,-0.053534042,-1.346135020,0.983805776,-0.056245100,-0.027264711,0.167986259,-0.069316432,-0.191482618,-1.361607790,0.996149063,-0.056235809,-0.063768610,-0.021404622
16,3157811,4060,headmotion,still,-0.041009985,1.391492248,-0.498131335,-0.247135833,0.059873834,0.062151346,0.965130150,-0.114884473,-0.036004405,-1.341575503,0.984460890,-0.071529888,-0.030410681,0.157465667,0.018101230,-0.052565213,-1.354303122,0.987610698,-0.055802383,-0.017058589,0.145671576,-0.068699174,-0.190132424,-1.360941291,0.994136035,-0.057526451,-0.091253966,0.007555389
17,3158075,4324,headmotion,still,-0.041093934,1.391433239,-0.498005986,-0.246902809,0.059680585,0.062357292,0.965188503,-0.115612082,-0.036355581,-1.345055699,0.985041022,-0.068234071,-0.029557051,0.155449927,0.017965116,-0.053013887,-1.369804382,0.990529597,-0.054136902,-0.015307577,0.125243947,-0.067469120,-0.188863724,-1.349085808,0.988728523,-0.049456500,-0.047267798,0.133175284
18,3158325,4574,headmotion,still,-0.040972088,1.391721606,-0.497727573,-0.246371403,0.059748366,0.062321249,0.965322375,-0.115617998,-0.037348758,-1.345711350,0.986592591,-0.068059020,-0.033747058,0.144444525,0.017722107,-0.056454938,-1.387454629,0.995254219,-0.061721478,-0.075121142,0.004035669,-0.067291655,-0.189471200,-1.344551086,0.986872613,-0.050891966,-0.049687602,0.144995302
19,3158589,4838,headmotion,still,-0.041095261,1.392012835,-0.496236533,-0.245820493,0.059698943,0.062291145,0.965467811,-0.115034834,-0.039102059,-1.340103865,0.983060837,-0.069722265,-0.028183516,0.167140380,0.018275127,-0.055553701,-1.373513460,0.989846528,-0.051033698,-0.009708371,0.132307202,-0.067390509,-0.190942064,-1.346895576,0.987445056,-0.047796231,-0.034273822,0.146605119
20,3158839,5088,headmotion,still,-0.041192863,1.391964197,-0.494427055,-0.245667592,0.059529044,0.062123071,0.965528071,-0.115043171,-0.038182225,-1.343723416,0.986944914,-0.069192432,-0.013370425,0.144821867,0.018164344,-0.055410367,-1.372548699,0.990475893,-0.052858017,-0.012196389,0.126549602,-0.067297816,-0.190135762,-1.343284130,0.984710932,-0.048002657,-0.038496498,0.162966773
21,3159089,5338,headmotion,still,-0.041247476,1.391705871,-0.493541330,-0.246026412,0.059194539,0.061584119,0.965491831,-0.114995606,-0.036783736,-1.339601398,0.981847942,-0.069381975,-0.043608110,0.171052769,0.017930869,-0.053761806,-1.367212057,0.987022817,-0.057512980,-0.023264550,0.148111403,-0.067423664,-0.188787654,-1.346368909,0.987778544,-0.048534635,-0.045206364,0.141047075
22,3159338,5588,headmotion,still,-0.041577138,1.391710758,-0.492395550,-0.245850414,0.058966924,0.062476907,0.965493202,-0.115824826,-0.036701869,-1.345843554,0.983536541,-0.068232745,-0.042844132,0.161754742,0.015918005,-0.053103041,-1.346294165,0.981845021,-0.057171002,-0.032317586,0.177953586,-0.069233209,-0.192114875,-1.371713996,0.996787190,-0.056575272,-0.055665694,0.010763685
23,3159602,5851,headmotion,still,-0.041771367,1.391689181,-0.491460145,-0.245998934,0.059428655,0.062605523,0.965418696,-0.115250431,-0.036076408,-1.358584046,0.987940490,-0.070063278,-0.006428302,0.137925431,0.018258467,-0.052665051,-1.356440663,0.987600207,-0.055594921,-0.016356604,0.145902574,-0.067339607,-0.189528003,-1.363799453,0.991317451,-0.049833991,-0.015124762,0.120737366
24,3159853,6102,headmotion,still,-0.041556969,1.391661763,-0.491116494,-0.246053278,0.059598941,0.061693735,0.965453088,-0.113694787,-0.035852667,-1.352049112,0.985915780,-0.065275088,-0.017367944,0.152995169,0.018597264,-0.052668761,-1.358920336,0.987919629,-0.054604165,-0.020492634,0.143573076,-0.066097200,-0.189668164,-1.360849857,0.996965885,-0.048272647,0.046362109,0.039740391
25,3160117,6366,headmotion,still,-0.041527867,1.391530633,-0.491058469,-0.246449471,0.060035024,0.062001966,0.965305209,-0.112371132,-0.034066107,-1.344404459,0.981969357,-0.070219800,-0.043620504,0.170007601,0.021118630,-0.051197346,-1.375189066,0.987895012,-0.055983681,-0.013816156,0.144008279,-0.065846138,-0.188719898,-1.365989447,0.995361805,-0.057901502,-0.076612785,-0.005730269
26,3160381,6630,headmotion,still,-0.041792292,1.391464353,-0.491033673,-0.246534824,0.060580920,0.062440392,0.965221107,-0.111669883,-0.034102466,-1.356669068,0.986674130,-0.073630624,-0.031864438,0.141553313,0.021116175,-0.050385591,-1.358862877,0.982389331,-0.058015350,-0.005246680,0.177532658,-0.064189062,-0.188845307,-1.367027402,0.997589171,-0.054728355,-0.041898012,-0.008073179
27,3160644,6893,headmotion,still,-0.041529585,1.391471386,-0.491088718,-0.246595621,0.060729671,0.062616147,0.965184808,-0.111658670,-0.034039926,-1.357507229,0.987084389,-0.073445819,-0.032603204,0.138589889,0.021149497,-0.050432991,-1.358663082,0.983126760,-0.059140891,-0.009474043,0.172842011,-0.064130962,-0.189055085,-1.368468761,0.997679949,-0.053648539,-0.041833308,-0.002545467
28,3160881,7130,headmotion,still,-0.041311115,1.391411543,-0.491010427,-0.247080252,0.060628865,0.062465344,0.965076983,-0.111950912,-0.031743433,-1.358954906,0.987022519,-0.074315928,-0.027481239,0.139672890,0.021286327,-0.049556669,-1.373318434,0.989533186,-0.053870711,-0.013031655,0.133237600,-0.064098753,-0.184996247,-1.354959369,0.986445427,-0.049122900,-0.007577431,0.156380966
29,3161144,7393,headmotion,still,-0.041168101,1.391214609,-0.491087824,-0.247962460,0.060623169,0.062405661,0.964854896,-0.112050124,-0.029662069,-1.359053612,0.989907801,-0.071492903,-0.002442389,0.122333057,0.021237291,-0.046856489,-1.375032663,0.990793586,-0.053063579,-0.012398713,0.123930030,-0.064002879,-0.182875276,-1.358397365,0.988754809,-0.050272964,-0.016048906,0.139925092
30,3161394,7643,headmotion,still,-0.040932741,1.391188383,-0.490618736,-0.248154521,0.060687955,0.062228978,0.964812875,-0.111755043,-0.028686624,-1.359049439,0.986600757,-0.072985403,-0.038464662,0.140756965,0.021251395,-0.046041753,-1.362313509,0.985667348,-0.053278033,0.002270622,0.160050690,-0.063628718,-0.182141408,-1.356239319,0.990093231,-0.052220240,-0.016116045,0.129339784
31,3161644,7893,headmotion,still,-0.041080374,1.391193390,-0.489914596,-0.248296052,0.061402999,0.062107682,0.964739025,-0.108866066,-0.028203916,-1.341166258,0.982754290,-0.070089176,-0.034566175,0.167590871,0.024129644,-0.045256894,-1.363976002,0.986571074,-0.060889799,-0.012329720,0.151055977,-0.061332293,-0.180252403,-1.347332597,0.987242877,-0.052204233,-0.058588080,0.138541117
32,3161894,8143,headmotion,still,-0.041666340,1.391443491,-0.489599615,-0.248013183,0.061732497,0.062519975,0.964764118,-0.109038427,-0.029310402,-1.360385180,0.989266276,-0.071755774,-0.021380804,0.125484362,0.024052992,-0.045696151,-1.350775599,0.983600914,-0.049861107,-0.002261524,0.173314855,-0.061330143,-0.183085322,-1.366665244,0.996400893,-0.054724753,-0.061852854,-0.019096691
33,3162158,8407,headmotion,still,-0.041778825,1.391661167,-0.489275575,-0.247710153,0.061869767,0.062852211,0.964811623,-0.107930377,-0.030218329,-1.354413748,0.986685276,-0.067841873,-0.024973748,0.145691216,0.024150126,-0.047103148,-1.342926145,0.980860293,-0.057035185,-0.029469892,0.183824897,-0.060412847,-0.184089482,-1.360252500,0.998586655,-0.051932443,0.011098959,0.002117643
34,3162422,8671,headmotion,still,-0.041768555,1.391549349,-0.488783479,-0.247622237,0.062153950,0.062798448,0.964819431,-0.107312039,-0.029946443,-1.352017760,0.985453308,-0.065641917,-0.011772060,0.156314895,0.025778838,-0.046769928,-1.357506514,0.982258022,-0.057821762,-0.014227674,0.177829742,-0.060219411,-0.183843002,-1.368274331,0.995502055,-0.054970495,-0.066779234,-0.038658343
35,3162672,8921,headmotion,still,-0.041790012,1.391565442,-0.487946123,-0.247230902,0.062995233,0.062899806,0.964858592,-0.104363672,-0.030466359,-1.349039078,0.981989324,-0.067568384,-0.027127890,0.174343362,0.027294964,-0.047651183,-1.355364084,0.984503269,-0.058678247,-0.022415290,0.163730666,-0.057248738,-0.184446096,-1.364044905,0.998254657,-0.049581479,0.025921486,0.018906057
36,3162920,9169,headmotion,still,-0.041898981,1.391353011,-0.487491131,-0.247590691,0.063133411,0.062924705,0.964755654,-0.103898481,-0.028345209,-1.347245932,0.982990742,-0.070835978,-0.043599024,0.163739443,0.028761819,-0.045800146,-1.364289165,0.986062765,-0.056995880,-0.007798365,0.156111777,-0.057092756,-0.182590708,-1.361701369,0.998333216,-0.050162569,0.027752407,0.006659251
37,3163172,9421,headmotion,still,-0.041433249,1.391236901,-0.487460732,-0.247700810,0.063007817,0.062187158,0.964783430,-0.104323782,-0.028415289,-1.350362301,0.983335972,-0.069540627,-0.044923402,0.161852896,0.027506366,-0.045732733,-1.353172660,0.983689308,-0.052202508,-0.010743126,0.171798795,-0.057189461,-0.182697698,-1.360782743,0.998049319,-0.049228486,0.037926879,0.005975082
38,3163436,9685,headmotion,still,-0.041736491,1.391150713,-0.487291723,-0.247559249,0.063025348,0.062760159,0.964781523,-0.104353741,-0.028454062,-1.351008415,0.983373463,-0.069907129,-0.042450484,0.162134558,0.027430117,-0.045843389,-1.354691386,0.983741820,-0.051388968,-0.007556560,0.171913236,-0.057202891,-0.183130071,-1.364158869,0.998117805,-0.049525630,0.032165185,0.016537284
39,3163685,9934,headmotion,still,-0.042165536,1.390952945,-0.487662017,-0.248188734,0.063119546,0.062857293,0.964607298,-0.103237785,-0.026782822,-1.345840096,0.978301942,-0.074425228,-0.041488986,0.188851565,0.028830677,-0.044466194,-1.360394835,0.985467494,-0.061351087,-0.027625671,0.155970305,-0.057066176,-0.180727497,-1.366597772,0.994574308,-0.054420359,-0.080208972,-0.037774958
40,3163936,10185,headmotion,still,-0.042246561,1.390769362,-0.488601595,-0.248382375,0.063260742,0.062871672,0.964547276,-0.103911869,-0.028766390,-1.376149178,0.993862450,-0.069391258,-0.045415763,-0.073209859,0.029656906,-0.043884601,-1.372276664,0.988556385,-0.053669896,-0.012027442,0.140467465,-0.056930058,-0.180615202,-1.366757274,0.994473696,-0.055683907,-0.080602869,-0.037743837
41,3164187,10436,headmotion,still,-0.042793825,1.390575647,-0.489665121,-0.249255493,0.064084455,0.062828392,0.964270473,-0.100441851,-0.025298085,-1.348483324,0.984351516,-0.073525444,-0.026793627,0.157886580,0.032720409,-0.042244922,-1.362971306,0.986415803,-0.060414411,-0.012566413,0.152236983,-0.053524680,-0.178574070,-1.358807564,0.997820318,-0.048241563,0.009987401,-0.043905411
42,3164437,10686,headmotion,still,-0.043143805,1.390501142,-0.490609378,-0.249576971,0.065059751,0.062824026,0.964122236,-0.097744465,-0.024947863,-1.345348001,0.983247697,-0.072365269,-0.022546750,0.165767565,0.034932569,-0.041351926,-1.362733126,0.984200418,-0.060356669,-0.013739976,0.165884882,-0.051469848,-0.179791361,-1.374036670,0.997639120,-0.054837946,-0.041136757,0.004099296
43,3164686,10935,headmotion,still,-0.042728495,1.390534163,-0.491383404,-0.249658078,0.064846329,0.062323235,0.964148164,-0.098692492,-0.025308546,-1.349499226,0.984859586,-0.069483437,-0.033774979,0.155186817,0.033159986,-0.041526373,-1.345916748,0.982545197,-0.056869488,-0.019932272,0.175992742,-0.051504172,-0.180713072,-1.374872684,0.997581661,-0.054445248,-0.042751927,0.006226507
44,3164950,11199,headmotion,still,-0.042881526,1.390584707,-0.491557270,-0.250030011,0.064800270,0.062568717,0.964038968,-0.099390075,-0.024099838,-1.355926991,0.989105284,-0.070150457,-0.027171966,0.126535773,0.033031531,-0.040384259,-1.351277232,0.982507408,-0.051766936,0.000400868,0.178883389,-0.051997673,-0.177494749,-1.357006073,0.996719003,-0.056171041,-0.047682010,-0.033502702
45,3165200,11449,headmotion,still,-0.042760093,1.390769482,-0.491470605,-0.249964982,0.064943857,0.062725268,0.964035988,-0.098959595,-0.023925807,-1.352375150,0.987494946,-0.068153337,-0.029059805,0.139155880,0.033290923,-0.040479463,-1.350285292,0.982835114,-0.053055950,-0.000874987,0.176690072,-0.051583812,-0.178714573,-1.368001938,0.997014642,-0.055027291,-0.054159328,0.000785714
46,3165450,11699,headmotion,still,-0.042434316,1.390764713,-0.491587877,-0.250147194,0.064872265,0.062806159,0.963988245,-0.099296242,-0.023280423,-1.351610541,0.987590194,-0.068829998,-0.028512111,0.138257354,0.033123575,-0.039497670,-1.353966951,0.981030285,-0.049815383,0.015312918,0.186717764,-0.051722921,-0.176030979,-1.353003740,0.990853310,-0.056633066,-0.037436869,0.116622709
47,3165699,11948,headmotion,still,-0.042436812,1.390327930,-0.492254019,-0.250914723,0.065196447,0.062968910,0.963756263,-0.097810246,-0.021610703,-1.345960617,0.984420002,-0.072873585,-0.031446662,0.156900883,0.034893617,-0.038595643,-1.358883262,0.984392881,-0.061936438,-0.007644990,0.164548382,-0.051454768,-0.176966205,-1.374819517,0.997937977,-0.055072982,-0.032962251,0.000530447
48,3165950,12199,headmotion,still,-0.042770900,1.390603304,-0.491853535,-0.249843568,0.065218739,0.063762441,0.963980854,-0.098595925,-0.024332087,-1.351738572,0.986829042,-0.071578979,-0.032960679,0.141274735,0.034434170,-0.041348975,-1.354614854,0.984253824,-0.061785329,-0.012870307,0.165110379,-0.051477496,-0.177393004,-1.354506850,0.985942841,-0.056730058,-0.017609602,0.156167626
49,3166214,12463,headmotion,still,-0.043036859,1.390855074,-0.491702050,-0.249573410,0.066508129,0.064333893,0.963924766,-0.094525829,-0.025191303,-1.338733912,0.981851876,-0.073553115,-0.030941742,0.172044829,0.037844315,-0.042181935,-1.364806056,0.986594260,-0.061131813,-0.006822848,0.151156023,-0.048491322,-0.179981723,-1.368004322,0.997266829,-0.053956758,-0.049014766,-0.012043579
50,3166463,12712,headmotion,still,-0.043018803,1.391161919,-0.490904719,-0.248978898,0.065985367,0.064094767,0.964130342,-0.097319700,-0.026068475,-1.361326575,0.987352967,-0.075046331,-0.034194745,0.135398820,0.035424456,-0.044423845,-1.353092551,0.983783245,-0.060765985,-0.021855474,0.167333215,-0.050800193,-0.180526778,-1.366577744,0.994390488,-0.056771625,-0.078523077,-0.042411506
51,3166714,12963,headmotion,still,-0.043142773,1.390998960,-0.489840150,-0.249042019,0.066261053,0.064299941,0.964081466,-0.095182851,-0.025291186,-1.344939470,0.983266592,-0.071710087,-0.032231800,0.164333940,0.037509419,-0.042808380,-1.364889383,0.986883700,-0.059493143,-0.002447380,0.150050685,-0.048736319,-0.178453103,-1.356018186,0.988099813,-0.054782294,-0.000199909,0.143727615
52,3166964,13213,headmotion,still,-0.042979345,1.390980601,-0.489335567,-0.248773903,0.066403873,0.064394191,0.964134574,-0.095395409,-0.025564831,-1.346484184,0.982857645,-0.070913032,-0.040854417,0.165206462,0.037372850,-0.044614043,-1.368537188,0.988517523,-0.064298756,-0.017016947,0.135680646,-0.048780829,-0.178432539,-1.353004456,0.989098370,-0.053810947,0.007213256,0.136882156
53,3167213,13462,headmotion,still,-0.042769317,1.390958428,-0.488751829,-0.248410240,0.066251025,0.064209118,0.964251220,-0.095925376,-0.027129393,-1.351821423,0.983174920,-0.069626674,-0.025341906,0.166963920,0.035838544,-0.044863801,-1.360494733,0.985669494,-0.062022947,-0.012984264,0.156333596,-0.049423624,-0.180621490,-1.360702753,0.988595903,-0.055350225,-0.027047606,0.137415022
54,3167463,13712,headmotion,still,-0.043198347,1.390829682,-0.488302708,-0.248445615,0.066263326,0.064696454,0.964208663,-0.095296785,-0.025655251,-1.346044064,0.981592238,-0.072121218,-0.041148577,0.171994433,0.037096277,-0.044599395,-1.369431973,0.988065898,-0.064158738,-0.006373017,0.139888808,-0.049995907,-0.179692641,-1.362859964,0.992945671,-0.062539652,-0.095429450,-0.032264162
55,3167728,13977,headmotion,still,-0.043413106,1.390722752,-0.487719506,-0.247914732,0.066778436,0.064768106,0.964304924,-0.094421066,-0.028050523,-1.359304070,0.986599147,-0.075308666,-0.021645177,0.143116027,0.038727872,-0.047295000,-1.396241069,0.995454311,-0.064471029,0.057850856,-0.039592236,-0.048257045,-0.183196530,-1.375708342,0.997888446,-0.056863602,-0.031168342,-0.003715493
56,3167977,14226,headmotion,still,-0.043613020,1.390396714,-0.487209499,-0.248371273,0.067086473,0.064524747,0.964182377,-0.092898399,-0.025719624,-1.349718571,0.983576953,-0.070893615,-0.042710986,0.160394132,0.039274797,-0.044493105,-1.356561780,0.985192120,-0.062769659,-0.025894720,0.157435417,-0.046270538,-0.179302678,-1.361058950,0.992897809,-0.053038862,-0.002826725,0.106455959
57,3168227,14476,headmotion,still,-0.043630850,1.390265346,-0.486808598,-0.248351097,0.067813225,0.064679332,0.964126408,-0.091667227,-0.025696065,-1.363056302,0.988668680,-0.074361272,-0.025126660,0.127958119,0.041518219,-0.043724518,-1.361805677,0.982019484,-0.061137300,-0.011153466,0.178257048,-0.044790749,-0.180927321,-1.378075480,0.996429145,-0.059058938,-0.059448894,-0.010339911
58,3168477,14726,headmotion,still,-0.043330818,1.390049338,-0.487027794,-0.248978406,0.067849822,0.064077176,0.964002252,-0.091666564,-0.024144646,-1.364300251,0.989403129,-0.075306579,-0.022058524,0.122163266,0.041598581,-0.041690376,-1.361998677,0.985883772,-0.060617201,-0.009136368,0.155805260,-0.044576056,-0.177856430,-1.369506240,0.993535161,-0.058262985,-0.089431159,-0.038670361
59,3168742,14991,headmotion,still,-0.043440513,1.389913321,-0.487710118,-0.249495372,0.067618869,0.064278364,0.963871419,-0.091619089,-0.022629421,-1.349998116,0.985644042,-0.075371973,-0.014635124,0.150368750,0.041747481,-0.040218767,-1.374411821,0.988645911,-0.054326236,-0.005098620,0.140007108,-0.045372583,-0.177550256,-1.374615312,0.997767627,-0.054803915,-0.037464682,-0.007263606
60,3168992,15241,headmotion,still,-0.043674849,1.389920950,-0.488068312,-0.249559879,0.068076946,0.064422660,0.963812828,-0.090232007,-0.022702035,-1.352281094,0.985409141,-0.071654879,-0.029310623,0.151576057,0.042181402,-0.041160893,-1.381988168,0.992212772,-0.061385479,0.012371078,0.107668743,-0.044490870,-0.177295759,-1.373041511,0.995084345,-0.060373861,-0.077645391,-0.011549775
61,3169241,15490,headmotion,still,-0.044053171,1.389889836,-0.488970876,-0.249830902,0.068209387,0.064598069,0.963721454,-0.089368850,-0.022456702,-1.347067833,0.983475029,-0.073040731,-0.023771809,0.163941681,0.043307967,-0.039268982,-1.359325051,0.985653460,-0.060141370,0.001041969,0.157699719,-0.042928968,-0.174767569,-1.351273298,0.986742795,-0.058888454,-0.034716398,0.147192568
62,3169491,15740,headmotion,still,-0.043803040,1.389740944,-0.490288705,-0.250726610,0.067800544,0.064545736,0.963521183,-0.091556191,-0.020001736,-1.358541250,0.987585366,-0.075576231,-0.023788614,0.135637432,0.041370541,-0.037348818,-1.350481629,0.981909156,-0.053537495,0.004936856,0.181559429,-0.044907503,-0.174400285,-1.369860530,0.995354533,-0.057425775,-0.073660940,-0.023361534
63,3169742,15991,headmotion,still,-0.043506570,1.390150189,-0.490609020,-0.250374675,0.068263985,0.064633839,0.963574111,-0.091133922,-0.021729689,-1.365439415,0.989341795,-0.076691277,-0.018534264,0.122383557,0.043257758,-0.040212955,-1.384801507,0.994750679,-0.070255928,-0.009716996,0.073761828,-0.043125022,-0.174049601,-1.350013971,0.985190153,-0.058381412,-0.045546487,0.154652849
64,3169992,16241,headmotion,still,-0.043469723,1.390135050,-0.491076916,-0.250674754,0.068198532,0.064883158,0.963483930,-0.091482274,-0.020702880,-1.360704541,0.988598585,-0.074855410,-0.033218153,0.126356944,0.041888297,-0.039288413,-1.377206206,0.989006281,-0.063788682,0.012013460,0.132865712,-0.044642739,-0.175708249,-1.369209886,0.994758070,-0.061570223,-0.081629433,0.001461684
65,3170228,16477,headmotion,still,-0.042888828,1.390024543,-0.491661429,-0.251124054,0.067661703,0.064433485,0.963434935,-0.091913588,-0.019584682,-1.345288157,0.984694421,-0.072977118,-0.014734167,0.157588497,0.041534819,-0.037199389,-1.365825772,0.988103151,-0.058259677,-0.001036507,0.142326683,-0.045479394,-0.172675148,-1.356403589,0.991841733,-0.055950806,-0.002898304,0.114503942
66,3170492,16741,headmotion,still,-0.042858642,1.389598370,-0.492370367,-0.251716852,0.068048030,0.064375661,0.963256896,-0.091643058,-0.017875593,-1.358520746,0.990340829,-0.074995972,-0.012034854,0.115999363,0.041108772,-0.035414975,-1.343877792,0.981176078,-0.057362698,-0.012589440,0.183968827,-0.045150403,-0.174110368,-1.376054883,0.997352660,-0.057739265,-0.041461669,-0.015320639
67,3170741,16990,headmotion,still,-0.042417344,1.389505625,-0.493119061,-0.252048135,0.068486974,0.063975148,0.963165879,-0.090032607,-0.017123189,-1.347700357,0.984267175,-0.070030503,-0.034403764,0.158525422,0.042060882,-0.035113331,-1.349065304,0.985795498,-0.056904890,-0.003878649,0.157968521,-0.044068560,-0.171234936,-1.361416578,0.994020998,-0.064637318,-0.087994084,-0.001161378
68,3170992,17241,headmotion,still,-0.042151373,1.389074445,-0.493904769,-0.253174186,0.068768330,0.063410439,0.962887764,-0.089139178,-0.014250707,-1.347059727,0.984557867,-0.073870577,-0.032249484,0.155399427,0.044233546,-0.032225918,-1.373391628,0.990235567,-0.053288657,-0.006307997,0.128662467,-0.042416900,-0.169299230,-1.368273377,0.997128785,-0.056970626,-0.047209978,0.016116003
69,3171256,17505,headmotion,still,-0.041875321,1.389077902,-0.493676007,-0.253664672,0.069846965,0.062680826,0.962728798,-0.086049117,-0.013761338,-1.340870500,0.984067917,-0.074051231,-0.025969638,0.159537882,0.046218559,-0.030664992,-1.353702068,0.985095918,-0.064183906,-0.012433689,0.159097254,-0.039611422,-0.167109177,-1.354090214,0.997185588,-0.051554877,0.053299073,0.011055665
70,3171505,17754,headmotion,still,-0.042372566,1.389034271,-0.493325442,-0.253867537,0.070435278,0.063128300,0.962603211,-0.085521266,-0.012940150,-1.361095548,0.991438746,-0.074140735,-0.016559480,0.106198676,0.047790490,-0.029582705,-1.352512240,0.982808590,-0.058248166,0.000445438,0.175197676,-0.037389074,-0.166157469,-1.356350183,0.988695443,-0.054145459,-0.026230875,0.137337223
71,3171756,18005,headmotion,still,-0.042841539,1.389196157,-0.493058443,-0.253705680,0.070643678,0.063063636,0.962634861,-0.083223872,-0.013488170,-1.353813410,0.988461077,-0.078019612,-0.010416000,0.129418597,0.049198791,-0.030406322,-1.355304122,0.984643340,-0.063561700,-0.006774150,0.162454665,-0.036514454,-0.166195616,-1.351866484,0.990881205,-0.057196345,-0.026115403,0.119168065
72,3172020,18269,headmotion,still,-0.043121513,1.389374018,-0.493020684,-0.253566861,0.071845658,0.062639527,0.962610185,-0.079973519,-0.013929438,-1.350724101,0.985867858,-0.077397138,-0.016777311,0.147624001,0.053112119,-0.031862658,-1.360540390,0.989126503,-0.058046333,-0.015560808,0.134228498,-0.032871407,-0.167465463,-1.356476307,0.992370188,-0.056928813,-0.057059389,0.093299299
73,3172269,18518,headmotion,still,-0.043134939,1.389578819,-0.493222058,-0.253257722,0.071355969,0.063169502,0.962693334,-0.081662588,-0.014529746,-1.349622488,0.985519648,-0.071061432,-0.039916702,0.148687527,0.050123721,-0.032364216,-1.339557648,0.979282200,-0.060776841,0.006203782,0.193064883,-0.035573415,-0.169806018,-1.369675756,0.995959818,-0.060624685,-0.064569451,-0.014815061
74,3172520,18769,headmotion,still,-0.042676676,1.389104486,-0.493251532,-0.254034191,0.071202226,0.062951140,0.962514460,-0.082878180,-0.011835959,-1.361410260,0.987994432,-0.075375095,-0.034480758,0.130371243,0.049799360,-0.029110383,-1.345997810,0.978585899,-0.055756353,0.011836126,0.197789580,-0.035915792,-0.167894423,-1.375676036,0.996978104,-0.059084758,-0.050143238,-0.005413992
75,3172784,19033,headmotion,still,-0.042148516,1.388833284,-0.492931664,-0.253974617,0.071196131,0.062828265,0.962538600,-0.082858667,-0.011536609,-1.359285593,0.987404108,-0.075207829,-0.031769667,0.135527283,0.049829423,-0.030186068,-1.351216555,0.984779656,-0.060947496,-0.014016681,0.162166655,-0.035986364,-0.167328298,-1.373294473,0.996385813,-0.058571145,-0.061509412,0.001132101
76,3173033,19282,headmotion,still,-0.042295109,1.388716221,-0.493121803,-0.254048020,0.071274474,0.063202158,0.962489009,-0.082815379,-0.011618745,-1.358591676,0.987628281,-0.075502671,-0.031118054,0.133871064,0.049817070,-0.030167397,-1.348501682,0.984083772,-0.060956914,-0.016980490,0.166057408,-0.035964966,-0.167363063,-1.372961164,0.996715605,-0.058567822,-0.055742834,-0.004538545
77,3173284,19533,headmotion,still,-0.042193174,1.388560295,-0.493737757,-0.254434049,0.071257234,0.063226551,0.962386668,-0.082828067,-0.011103746,-1.353811502,0.986649156,-0.076821178,-0.017624237,0.142517805,0.049957536,-0.028889995,-1.350921392,0.988939703,-0.058446057,-0.021860287,0.134552971,-0.035936818,-0.165295139,-1.370044470,0.995376766,-0.057651527,-0.073151350,-0.023458736
78,3173548,19797,headmotion,still,-0.042370360,1.388430595,-0.494637430,-0.254945517,0.071370378,0.063305937,0.962237716,-0.082918271,-0.009783339,-1.360203743,0.990699351,-0.075037979,-0.027024264,0.110244028,0.049620487,-0.027022403,-1.335657239,0.979178786,-0.060136944,0.003006134,0.193864375,-0.035600103,-0.165298715,-1.375102043,0.996359348,-0.059610832,-0.056302920,-0.023336541
79,3173797,20046,headmotion,still,-0.042706583,1.388177633,-0.495063633,-0.255395621,0.072369799,0.063330539,0.962042093,-0.077950634,-0.008711096,-1.339080095,0.982605994,-0.074189551,-0.031186461,0.167358488,0.055004172,-0.026256125,-1.364876032,0.992035151,-0.059794839,-0.006213961,0.110689729,-0.032419980,-0.162483796,-1.362937808,0.994071007,-0.062691912,-0.088736854,-0.004285866
80,3174061,20310,headmotion,still,-0.043183368,1.388212204,-0.494822025,-0.255456686,0.073013768,0.063288704,0.961979926,-0.077168196,-0.008560862,-1.348428726,0.986405373,-0.077757992,-0.013897818,0.144100726,0.055949740,-0.026625555,-1.362534046,0.989371836,-0.057346474,0.008658285,0.133340746,-0.030578688,-0.163455412,-1.371047497,0.997518003,-0.056887608,-0.036809873,0.019148827
81,3174311,20560,headmotion,still,-0.043360822,1.388275027,-0.494944423,-0.255596757,0.073627748,0.063515313,0.961880982,-0.074932650,-0.008528452,-1.339220643,0.983983099,-0.071487233,-0.016881488,0.162424847,0.057865784,-0.026205745,-1.357133031,0.990595281,-0.062627643,-0.010062759,0.121233575,-0.029099513,-0.161819234,-1.357833147,0.994490743,-0.064617790,-0.082141384,-0.008095417
82,3174561,20810,headmotion,still,-0.043201964,1.388530254,-0.495354950,-0.255524844,0.074150935,0.062944688,0.961897433,-0.074124187,-0.008589100,-1.350462914,0.986328721,-0.077794254,-0.020184040,0.143862352,0.058846667,-0.027841609,-1.371077657,0.993666947,-0.063673452,-0.016529409,0.091096304,-0.027456459,-0.164845258,-1.374946952,0.998113692,-0.056173656,-0.017395359,-0.017635243
83,3174811,21060,headmotion,slow,-0.043544356,1.388516903,-0.495608300,-0.255205691,0.074090675,0.063586749,0.961944580,-0.074495465,-0.010035601,-1.349365354,0.988379180,-0.077368528,-0.019788073,0.129341379,0.058650985,-0.028459426,-1.367023826,0.991033733,-0.067138784,-0.013199910,0.114761829,-0.027832413,-0.163827315,-1.354021549,0.997833490,-0.053435553,0.030502291,-0.023293996
84,3175075,21324,headmotion,slow,-0.043639429,1.388241291,-0.496409506,-0.255857557,0.074450999,0.063733801,0.961733818,-0.072684288,-0.008397441,-1.342356682,0.983672500,-0.074836396,-0.025512708,0.161669433,0.060698643,-0.025631513,-1.364830852,0.989784658,-0.058439765,0.005898666,0.129909158,-0.026872199,-0.162451535,-1.364590764,0.995430291,-0.060828950,-0.071670681,0.016782669
85,3175325,21574,headmotion,slow,-0.043877192,1.387419462,-0.497655690,-0.257529765,0.074185602,0.063210011,0.961342514,-0.073926106,-0.003386643,-1.355089068,0.987638891,-0.077953793,-0.036043968,0.131123960,0.058696054,-0.021623250,-1.339050412,0.981385887,-0.063929752,-0.001472430,0.181086972,-0.027037278,-0.158869848,-1.368086934,0.996573389,-0.056280725,-0.053661674,-0.028185582
86,3175575,21824,headmotion,slow,-0.044399660,1.386742353,-0.498994350,-0.258599430,0.073944204,0.062350206,0.961130083,-0.073013067,-0.001090314,-1.343209386,0.987528443,-0.071222432,-0.033384282,0.136383623,0.060631335,-0.019709524,-1.380406499,0.993948817,-0.071171224,0.015061878,0.082301810,-0.025717016,-0.153941557,-1.346670389,0.987536907,-0.054116651,-0.006757536,0.147636652
87,3175839,22088,headmotion,slow,-0.045367200,1.385841727,-0.501232803,-0.260799199,0.072570845,0.060036030,0.960787654,-0.073866785,0.003831405,-1.348200440,0.989683211,-0.073380783,-0.020183973,0.121388048,0.059325695,-0.013739061,-1.378297091,0.996300340,-0.060251903,-0.004414527,0.061121721,-0.025966231,-0.149743214,-1.352938056,0.997723818,-0.053807959,-0.030007429,-0.027413862
88,3176089,22338,headmotion,slow,-0.046866670,1.384945154,-0.504989326,-0.263500601,0.069470540,0.055114709,0.960574687,-0.076695904,0.007778127,-1.329767346,0.987409651,-0.063077718,-0.011261128,0.144625530,0.056214705,-0.007191639,-1.360955834,0.990293205,-0.054352868,0.027452068,0.124946147,-0.026798481,-0.144772843,-1.351695061,0.993106306,-0.043347191,-0.001077307,0.108902268
89,3176353,22602,headmotion,slow,-0.050903440,1.383811474,-0.509251356,-0.266314238,0.064361788,0.048369903,0.960517883,-0.081933804,0.011643697,-1.335086226,0.989182174,-0.061125614,-0.026224025,0.130746365,0.051628225,-0.001891058,-1.374814391,0.995138705,-0.041547179,0.019358542,-0.087166891,-0.030442171,-0.140411749,-1.342828751,0.998987854,-0.034673516,0.025538377,-0.012992423
90,3176617,22866,headmotion,slow,-0.059558049,1.382226229,-0.514123380,-0.267535269,0.054353841,0.039653827,0.961196184,-0.093878388,0.009345178,-1.327802539,0.990178466,-0.047809802,-0.025906462,0.128801078,0.039987214,-0.001298394,-1.358134270,0.995233893,-0.041148879,-0.001696065,0.088393167,-0.039031006,-0.141946957,-1.345625758,0.996952891,-0.033919185,-0.069021977,-0.013051450
91,3176881,23130,headmotion,slow,-0.070001945,1.377823710,-0.513283610,-0.262117177,0.035200156,0.023562048,0.964106023,-0.120357573,-0.007153194,-1.326941729,0.990913510,-0.022213090,-0.040170338,0.126425043,0.013566315,-0.013279956,-1.377419114,0.999028206,-0.011683596,-0.030090965,-0.030010957,-0.058609847,-0.154429421,-1.326165795,0.987759113,-0.000215599,-0.021784622,0.154458135
92,3177144,23393,headmotion,slow,-0.071799047,1.369971395,-0.511389017,-0.261216849,0.020912105,0.003168281,0.965048373,-0.139638349,-0.008875202,-1.314271569,0.983844697,0.002982638,-0.050536260,0.171717227,-0.007300053,-0.009392779,-1.370905519,0.997349322,0.008483164,0.041554857,-0.059123874,-0.072221376,-0.154430971,-1.328036904,0.989862978,0.024557693,-0.013729761,0.139211237
93,3177394,23643,headmotion,slow,-0.049826916,1.367289186,-0.521509230,-0.256649345,0.017358342,-0.010281515,0.966293991,-0.160145655,-0.030046534,-1.300276160,0.984952569,0.021009643,-0.043566268,0.165918902,-0.027243830,-0.025413375,-1.323952079,0.990681529,0.030118879,-0.039651565,0.126770586,-0.088703997,-0.172575235,-1.316142797,0.988012016,0.038632989,-0.050586980,0.140643656
94,3177643,23892,headmotion,slow,-0.002034610,1.366883278,-0.545161486,-0.255730003,0.042581342,-0.008236917,0.965774894,-0.147773772,-0.039397415,-1.279479146,0.981523514,0.002990939,-0.035126578,0.188065886,-0.015913818,-0.037710514,-1.305631280,0.987919927,0.017435279,-0.002893295,0.153954193,-0.080322541,-0.184970990,-1.303065300,0.999654949,0.023442959,0.011830312,0.000649784
95,3177880,24129,headmotion,slow,0.059356052,1.362458706,-0.571367681,-0.262396067,0.058569916,-0.011618525,0.963111043,-0.172281519,-0.031431045,-1.301123023,0.996912479,0.007507307,-0.019021742,0.075811245,-0.037292950,-0.028288897,-1.281786442,0.988149107,0.016384609,-0.000568007,0.152619079,-0.103341959,-0.176801726,-1.297318697,0.998955131,0.024722852,0.027279096,0.027079618
96,3178151,24400,headmotion,slow,0.107278571,1.356394053,-0.587219715,-0.268659502,0.067555755,-0.012601346,0.960780680,-0.199658468,-0.017524239,-1.299699426,0.995976746,0.009009569,-0.015575987,0.087786995,-0.063999452,-0.014573466,-1.278710246,0.990773320,0.013462894,-0.012155590,0.134310037,-0.130706191,-0.162344351,-1.291792154,0.999291062,0.020760138,0.019618334,0.024526015
97,3178405,24654,headmotion,slow,0.163893953,1.352704763,-0.596823037,-0.270888299,0.081405796,-0.025111279,0.958833694,-0.214173958,-0.017006423,-1.306481004,0.998491347,0.014247255,0.029110512,0.044324141,-0.079262227,-0.011843052,-1.289258599,0.993332088,0.025337664,0.009152650,0.112096451,-0.143794358,-0.160974994,-1.296753764,0.999231279,0.030301141,0.018943192,0.016120210
98,3178672,24921,headmotion,slow,0.210765094,1.352453589,-0.606081069,-0.275517076,0.087958507,-0.035906561,0.956589997,-0.240282640,-0.015199166,-1.313974500,0.996874154,0.020054230,0.008573261,0.075936429,-0.103514947,-0.008135270,-1.284863591,0.990562916,0.029412871,0.011579936,0.133363724,-0.167271212,-0.158493474,-1.304037571,0.998580754,0.037190959,0.035312112,0.014366773
99,3178935,25184,headmotion,slow,0.221279666,1.350817442,-0.609922051,-0.280723274,0.084110133,-0.024633752,0.955778778,-0.269853354,0.004011694,-1.321660042,0.999818802,0.012018469,0.009757629,0.011078763,-0.131102324,0.008398924,-1.290099978,0.994131625,0.025453089,0.003459617,0.105083168,-0.197949558,-0.141912222,-1.308176041,0.999436557,0.027924964,0.010046205,0.015681321
100,3179197,25446,headmotion,slow,0.197175547,1.351534486,-0.604251683,-0.278545976,0.078386173,-0.008903016,0.957177341,-0.268423498,0.008795802,-1.298011422,0.998968840,-0.005129067,0.032980751,0.030776396,-0.132385299,0.010073397,-1.283780932,0.993750453,0.014439742,-0.002779335,0.110652007,-0.203088149,-0.137476102,-1.302130580,0.999677718,0.015889360,0.007916636,0.018147467
101,3179471,25720,headmotion,slow,0.160626367,1.352973938,-0.594460845,-0.276065409,0.078314543,0.004361642,0.957933068,-0.241043359,0.015104432,-1.310028076,0.999101162,-0.016283697,0.005055523,0.038809337,-0.103514440,0.011868540,-1.281004667,0.992505193,-0.000341532,-0.005921287,0.122058734,-0.177108511,-0.133465633,-1.299277544,0.999427080,0.003291134,0.021577677,0.025867367
102,3179734,25983,headmotion,slow,0.118492924,1.355382204,-0.581571400,-0.275773466,0.071417809,0.022495229,0.958301842,-0.224025786,0.025923584,-1.282561898,0.988480985,-0.032760661,-0.051446013,0.138511360,-0.091298945,0.019225825,-1.297602654,0.996845722,-0.020362550,-0.009177625,0.076156348,-0.167393371,-0.124521792,-1.300931692,0.999763310,-0.016226875,0.003328171,-0.014107001
103,3179992,26241,headmotion,slow,0.079157479,1.357568502,-0.567311466,-0.274319291,0.066911660,0.044719752,0.958265066,-0.211460486,0.038524870,-1.321999788,0.998003364,-0.055155717,-0.029214652,-0.009678910,-0.074653909,0.025339533,-1.298385620,0.994649947,-0.044362247,-0.015540199,0.091988988,-0.157102868,-0.114404872,-1.301451206,0.999211550,-0.031398512,0.023433417,-0.006423747
104,3180269,26518,headmotion,slow,0.039788857,1.361068010,-0.549701691,-0.266564190,0.063322283,0.073323384,0.958935618,-0.192988515,0.034085307,-1.282220244,0.984643042,-0.079879113,-0.046021830,0.148254588,-0.061936907,0.013918746,-1.300452948,0.987177730,-0.069297694,-0.038999863,0.138408706,-0.151486069,-0.120309219,-1.307783842,0.997681737,-0.065382689,0.016476715,-0.009205382
105,3180519,26768,headmotion,slow,-0.001146458,1.363726497,-0.530814111,-0.259454429,0.061948616,0.100701496,0.958490968,-0.172252104,0.029910032,-1.297374964,0.983860552,-0.108151279,-0.034816783,0.138237178,-0.042321846,0.003566314,-1.318883181,0.987670243,-0.097726718,-0.044118740,0.114063643,-0.136980504,-0.125016257,-1.310649633,0.985116601,-0.090445220,-0.080776162,0.121820189
106,3180767,27016,headmotion,slow,-0.038758960,1.364155054,-0.517166734,-0.253724903,0.064343721,0.121844426,0.957411885,-0.141656220,0.023634154,-1.304792285,0.978102744,-0.124864273,-0.065828688,0.152939811,-0.013456341,-0.008914065,-1.315690160,0.979372382,-0.116097808,-0.041654445,0.160049960,-0.113239333,-0.133838981,-1.324031115,0.986368775,-0.105586134,-0.045280363,0.117804475
107,3181019,27268,headmotion,slow,-0.069734842,1.361639261,-0.508125484,-0.248809800,0.059159800,0.137721792,0.956883729,-0.134951144,0.017989103,-1.320535183,0.981610596,-0.140224144,-0.054523021,0.117495053,-0.007673115,-0.018582370,-1.349478126,0.981767356,-0.132125452,0.037583735,-0.131389573,-0.110352553,-0.140997961,-1.335671663,0.985872567,-0.131110266,-0.096008152,-0.040593997
108,3181256,27505,headmotion,slow,-0.105660751,1.358151793,-0.497885346,-0.238964826,0.062047958,0.164493591,0.954980493,-0.111636952,0.000729803,-1.310720682,0.973926008,-0.164752841,-0.061072171,0.143508956,0.013667963,-0.041828927,-1.358071804,0.980739832,-0.157898381,-0.025600241,0.112080716,-0.096127860,-0.158926651,-1.335921168,0.984349370,-0.156098709,-0.077302307,-0.026719289
109,3181505,27754,headmotion,slow,-0.137209758,1.353402853,-0.488715738,-0.232935309,0.064048551,0.186768636,0.952237546,-0.091493800,-0.008650523,-1.329265594,0.969851434,-0.192877159,-0.057577360,0.137373313,0.033174388,-0.058188420,-1.369998455,0.977473557,-0.185909808,-0.028688392,0.095707648,-0.081774414,-0.169561222,-1.337468624,0.982540071,-0.177422628,-0.047346152,-0.029908841
110,3181741,27990,headmotion,slow,-0.163419470,1.348833203,-0.480960250,-0.229110137,0.059754096,0.203414127,0.950031936,-0.085396394,-0.013285395,-1.328661680,0.967267752,-0.204921454,-0.052837212,0.140030354,0.036736019,-0.065330282,-1.338265181,0.964255273,-0.192214772,-0.061833959,0.171586201,-0.080858946,-0.175084889,-1.345071197,0.980708838,-0.190871686,-0.041746020,-0.005956625
111,3181978,28227,headmotion,slow,-0.188903898,1.343277216,-0.473680705,-0.225561514,0.052996006,0.221486256,0.947236657,-0.088672712,-0.015701111,-1.349339724,0.966769755,-0.218117863,-0.101457246,0.086529270,0.031889029,-0.072827995,-1.383370399,0.969097018,-0.215219453,-0.055429865,0.107047491,-0.088263720,-0.174327686,-1.330956817,0.964003146,-0.198704228,-0.024246987,0.175004706
112,3182214,28463,headmotion,slow,-0.209716246,1.337466240,-0.466041774,-0.222216442,0.053460889,0.235581726,0.944596767,-0.074719101,-0.021317270,-1.354245186,0.965386569,-0.224915639,-0.119604357,0.056004688,0.044079967,-0.080012202,-1.362525582,0.960966945,-0.221290395,-0.069823645,0.150657818,-0.080203205,-0.181217685,-1.344896078,0.975851119,-0.217174292,-0.000890873,0.023435092
113,3182450,28699,headmotion,slow,-0.220868438,1.334683895,-0.462120086,-0.220323160,0.052525159,0.240950271,0.943738222,-0.069582500,-0.022069629,-1.336190820,0.952578068,-0.243916869,-0.088822603,0.158777177,0.047652975,-0.083900705,-1.354792356,0.957898140,-0.225105762,-0.090725929,0.153386459,-0.076172724,-0.183942720,-1.345872998,0.970451236,-0.223838478,-0.063582830,0.063858964
114,3182686,28935,headmotion,slow,-0.226555794,1.332585692,-0.460719436,-0.220546067,0.051868789,0.245952114,0.942431211,-0.068288565,-0.020319801,-1.341280103,0.959268332,-0.244169161,-0.068143696,0.124668300,0.048933297,-0.082662150,-1.350711226,0.955632210,-0.232155055,-0.088954218,0.157981813,-0.075727761,-0.181130841,-1.346648455,0.971793413,-0.227230430,-0.044290606,-0.044969268
115,3182922,29171,headmotion,slow,-0.226648897,1.331404328,-0.460637480,-0.221903354,0.052516181,0.246073231,0.942045093,-0.064398587,-0.015614998,-1.337548494,0.958212495,-0.246522978,-0.071851201,0.126066074,0.053682633,-0.078039512,-1.370529532,0.957507372,-0.226411164,-0.054912232,0.170006752,-0.072434068,-0.176838145,-1.342710853,0.971804321,-0.228015855,-0.046801116,-0.037613310
116,3183170,29419,headmotion,slow,-0.220505387,1.332523465,-0.460216224,-0.223847181,0.054015845,0.238581493,0.943426549,-0.060840916,-0.012722742,-1.332488060,0.956898510,-0.241192088,-0.082741648,0.139016122,0.056549586,-0.073472604,-1.349201441,0.959354222,-0.221990392,-0.097577758,0.144355014,-0.066857666,-0.174408585,-1.348425269,0.972596645,-0.225046188,-0.056309082,-0.015470690
117,3183408,29657,headmotion,slow,-0.207003266,1.335835218,-0.461091697,-0.225403130,0.056465533,0.223841906,0.946519911,-0.058871299,-0.012989830,-1.343640685,0.964645863,-0.228820205,-0.066356435,0.112678900,0.061725639,-0.071291402,-1.376203775,0.967378557,-0.218508765,-0.069815487,0.107510045,-0.059622612,-0.174388945,-1.346971989,0.976036847,-0.210796848,-0.052896805,-0.010893770
118,3183645,29894,headmotion,slow,-0.179191694,1.341989756,-0.466126323,-0.230865598,0.057982877,0.190138221,0.952463448,-0.061498024,-0.007376071,-1.342122436,0.973028779,-0.193200603,-0.043959603,0.118136019,0.063821949,-0.056823950,-1.388379693,0.977116704,-0.182543516,-0.046639185,0.098719954,-0.051443022,-0.167064264,-1.339481473,0.983373880,-0.170186788,-0.006062592,-0.063051969
119,3183894,30143,headmotion,slow,-0.139437854,1.348919630,-0.475827217,-0.239831790,0.047832791,0.147627294,0.958331347,-0.096767202,0.006348122,-1.331419945,0.977636099,-0.149921566,-0.053227149,0.137542665,0.032044448,-0.032377984,-1.391716957,0.987479687,-0.141600773,-0.045156881,0.052857701,-0.073183067,-0.151117906,-1.332977653,0.981166959,-0.133288413,-0.050789125,0.130253971
120,3184144,30393,headmotion,slow,-0.093077175,1.354414582,-0.488029391,-0.248944834,0.039700001,0.104797959,0.962012351,-0.135949910,0.016319100,-1.318909883,0.981658340,-0.105033010,-0.052754711,0.150106460,-0.006685872,-0.010691326,-1.388173223,0.991055250,-0.098948389,0.027878584,-0.085097276,-0.101244137,-0.139857471,-1.342670918,0.992542148,-0.092894517,-0.076179273,-0.020673908
121,3184394,30643,headmotion,slow,-0.055430733,1.357919455,-0.499568999,-0.257026404,0.032126661,0.070229784,0.963313580,-0.174220711,0.022331867,-1.325033545,0.987720430,-0.067013353,-0.057481732,0.128893107,-0.042654730,0.005725119,-1.362900376,0.995322227,-0.056806207,-0.026200555,0.073622636,-0.126079112,-0.130185828,-1.326522470,0.988178849,-0.045933541,-0.054573596,0.135699823
122,3184644,30893,headmotion,slow,-0.024849437,1.361515760,-0.509106398,-0.262189180,0.030685131,0.045967467,0.963432550,-0.192694500,0.020658154,-1.314718008,0.990167677,-0.041514643,-0.044180822,0.126065806,-0.060638137,0.010356877,-1.336722493,0.992464602,-0.028984200,-0.051537439,0.107321538,-0.138230294,-0.129583046,-1.330960393,0.993227899,-0.016501965,-0.043767676,0.106350228
123,3184908,31157,headmotion,slow,0.006042151,1.363924980,-0.518330991,-0.265124589,0.032743219,0.026080109,0.963305116,-0.207152709,0.015684117,-1.333701134,0.994197369,-0.024845248,-0.057978343,0.087137267,-0.071977377,0.009278495,-1.329256415,0.991954446,-0.012388101,-0.040996399,0.119131044,-0.144686580,-0.132644415,-1.323799014,0.989923716,-0.006296016,-0.092202708,0.107284792
124,3185172,31421,headmotion,slow,0.029642796,1.364893079,-0.525994539,-0.267479807,0.033403680,0.014284764,0.962878346,-0.222392589,0.011104155,-1.329507589,0.989732087,-0.022242429,-0.092546523,-0.106634021,-0.087170273,0.009469736,-1.331744671,0.994686484,-0.004072523,-0.039732896,0.094886869,-0.157885626,-0.135762200,-1.328731418,0.990804017,0.010657959,-0.069402881,0.115659215
125,3185436,31685,headmotion,slow,0.047307979,1.365736961,-0.531365037,-0.266370237,0.032510627,0.000828842,0.963322043,-0.228474751,-0.001144137,-1.294631481,0.982482374,-0.001415650,-0.070844449,0.172358617,-0.097369261,-0.000360202,-1.316436887,0.990300655,0.014465231,-0.023778491,0.136125073,-0.163989022,-0.146494195,-1.320104122,0.987549067,0.019830091,-0.102698758,0.117501661
126,3185699,31948,headmotion,slow,0.063515984,1.365431786,-0.535059333,-0.265538901,0.031801891,-0.014672899,0.963463783,-0.240479708,-0.013219234,-1.333035707,0.995488405,0.016543405,-0.056372248,0.074507318,-0.104073368,-0.008460041,-1.314006686,0.989007235,0.027552491,-0.032662146,0.141557977,-0.167435959,-0.157670096,-1.325646639,0.999187887,0.034536924,0.001540932,0.020696536
127,3185963,32212,headmotion,slow,0.071219228,1.365765810,-0.538029373,-0.263917476,0.033189200,-0.019358614,0.963779688,-0.241094798,-0.022746082,-1.328051090,0.995958090,0.028209079,-0.041441668,0.074527167,-0.105860449,-0.015562188,-1.323622108,0.992077172,0.036381509,-0.023251472,0.117977127,-0.166711465,-0.164587766,-1.320626020,0.987874448,0.042032938,-0.071484089,0.131252870
128,3186228,32477,headmotion,slow,0.073563106,1.365509629,-0.540176332,-0.263206035,0.032392979,-0.019616755,0.963996112,-0.243699089,-0.027162474,-1.317059994,0.985727131,0.005043216,-0.119603477,-0.118370391,-0.109666616,-0.019435178,-1.319165349,0.992077589,0.030779490,-0.027928459,0.118552290,-0.172129005,-0.169712320,-1.325142860,0.999022901,0.039678678,-0.012473374,0.014943919
129,3186491,32740,headmotion,slow,0.068754092,1.365743995,-0.540347338,-0.262149125,0.031146945,-0.013984730,0.964423180,-0.247797072,-0.026871573,-1.324088454,0.995414436,0.018114178,-0.042843409,0.083585232,-0.112567790,-0.021394160,-1.322833300,0.992771685,0.026489813,-0.031118434,0.112846687,-0.175293341,-0.170172065,-1.321307063,0.988718390,0.039592527,-0.061517857,0.130705521
130,3186742,32991,headmotion,slow,0.058838867,1.367642760,-0.538718939,-0.256460756,0.030293386,-0.001600746,0.966078460,-0.248473078,-0.036876764,-1.330067396,0.994814098,-0.002562620,-0.085004494,-0.055790402,-0.112884395,-0.033459123,-1.323449135,0.990609407,0.020333882,-0.039072774,0.129432946,-0.178800374,-0.180903345,-1.313998818,0.999740481,0.020666638,0.001857770,0.009404304
131,3187005,33254,headmotion,slow,0.046967778,1.369290709,-0.535496414,-0.250542730,0.028978219,0.013413714,0.967578769,-0.251367271,-0.043914106,-1.334609151,0.997428119,-0.014019685,-0.064753622,-0.027342655,-0.114609405,-0.044899624,-1.326541662,0.992223144,-0.000218977,-0.056986488,0.110660389,-0.183310434,-0.188095734,-1.305762172,0.983003616,0.014441807,-0.069787420,0.169189408
132,3187264,33513,headmotion,slow,0.030866684,1.371021748,-0.529671490,-0.243321672,0.028909197,0.033951584,0.968920052,-0.248688385,-0.051271569,-1.322899938,0.992896616,-0.031560611,-0.054147884,0.101134881,-0.113894224,-0.059250068,-1.330146909,0.989363909,-0.016381167,-0.051241446,0.135148272,-0.189203665,-0.200437561,-1.311479330,0.998978913,-0.016116615,-0.036078300,0.021903390
133,3187505,33754,headmotion,slow,0.009290645,1.372513413,-0.522533417,-0.233275324,0.035589971,0.062378939,0.969755054,-0.229798332,-0.060578030,-1.308828592,0.982744515,-0.065636128,-0.061623920,0.161578551,-0.097701520,-0.077683270,-1.327461004,0.985272229,-0.054166261,-0.057307467,0.151725039,-0.182942927,-0.215728745,-1.322350264,0.995246530,-0.040435553,0.017752916,0.086799242
134,3187756,34005,headmotion,slow,-0.011957104,1.372133613,-0.516678810,-0.225375012,0.042654704,0.090066776,0.969161808,-0.210648566,-0.066797972,-1.308527946,0.975269020,-0.091606453,-0.073387295,0.187277704,-0.081183746,-0.092025056,-1.333867908,0.983922124,-0.079900488,-0.060630485,0.147774011,-0.171308190,-0.221472472,-1.308467507,0.979663193,-0.071643300,-0.065900862,0.175454721
135,3187978,34227,headmotion,slow,-0.033740819,1.371024132,-0.510972798,-0.217039853,0.048205592,0.117365219,0.967881918,-0.196433112,-0.075828582,-1.313551307,0.974300563,-0.120045722,-0.081821814,0.172141492,-0.067349643,-0.107853651,-1.331953645,0.977408528,-0.107974790,-0.062592991,0.170575783,-0.165611684,-0.233635291,-1.311521530,0.994369090,-0.103982046,-0.020426476,-0.000821633
136,3188200,34449,headmotion,slow,-0.054696243,1.368449569,-0.506265223,-0.210782960,0.057243116,0.144281849,0.965130329,-0.173389241,-0.080215827,-1.313770413,0.971088767,-0.150271833,-0.061932210,0.174840987,-0.048510343,-0.122036204,-1.358112574,0.988540888,-0.143447697,0.035032146,-0.031344328,-0.150586784,-0.238347352,-1.309536219,0.973386467,-0.130088240,-0.064046323,0.177465513
137,3188436,34685,headmotion,slow,-0.074372113,1.365672708,-0.501500905,-0.204666778,0.063184761,0.168478414,0.962150812,-0.158002332,-0.086857989,-1.319555402,0.970466673,-0.174220562,-0.039576717,0.162096694,-0.034207247,-0.134460449,-1.347024441,0.982083738,-0.166601434,0.057875037,-0.066378012,-0.144402117,-0.247471973,-1.319236994,0.982852697,-0.168213904,-0.075300574,-0.005874832
138,3188658,34907,headmotion,slow,-0.096462324,1.363068581,-0.495218605,-0.197278112,0.069335081,0.193878114,0.958480716,-0.140848696,-0.096562549,-1.317652345,0.961968362,-0.200683802,-0.059681498,0.175445274,-0.018680181,-0.151480451,-1.357164979,0.970572114,-0.195214137,-0.035328563,0.136503085,-0.134267673,-0.256877482,-1.312903404,0.967619896,-0.183915108,-0.055496994,0.163728625
139,3188866,35115,headmotion,slow,-0.116279185,1.360484481,-0.490038157,-0.192314282,0.084056623,0.216649637,0.953421533,-0.101572141,-0.107588828,-1.320932746,0.957075179,-0.226990387,-0.056001309,0.171307817,0.017769866,-0.169989154,-1.362799644,0.973848283,-0.213820860,0.062783346,-0.044254351,-0.104095608,-0.268851280,-1.320420742,0.976420224,-0.212593526,-0.037491769,-0.001391449
140,3189089,35338,headmotion,slow,-0.125643626,1.360078335,-0.488450617,-0.188893139,0.095440418,0.225487649,0.950981498,-0.072814040,-0.119330734,-1.320057988,0.950917542,-0.239890397,-0.041811362,0.190945715,0.046201132,-0.183893487,-1.353780270,0.960993469,-0.236085624,-0.034707770,0.139823273,-0.078851469,-0.279361933,-1.315654993,0.973897755,-0.224265784,-0.030443912,-0.017356744
141,3189311,35560,headmotion,slow,-0.130247399,1.358660698,-0.489410400,-0.190291390,0.098888785,0.234809607,0.948090017,-0.065901004,-0.113875195,-1.317456007,0.949489534,-0.249857694,-0.039766930,0.185632348,0.052673861,-0.180600315,-1.350952029,0.958657146,-0.242701620,-0.019679762,0.147258699,-0.074810699,-0.274766892,-1.316804528,0.972849965,-0.231331602,-0.000252511,0.006968346
142,3189548,35797,headmotion,slow,-0.131816164,1.357164621,-0.491394609,-0.193225995,0.099532612,0.238764241,0.946439981,-0.063960671,-0.105309889,-1.323627949,0.955189824,-0.252982199,-0.032586977,0.150168240,0.054850273,-0.173899710,-1.366286993,0.963601291,-0.245746717,0.004033926,0.105189390,-0.074246250,-0.266351134,-1.320473075,0.971488893,-0.235909581,-0.019899670,0.012649589
143,3189784,36033,headmotion,slow,-0.130605429,1.356295943,-0.493933260,-0.196765572,0.099984713,0.236632779,0.946198344,-0.060292326,-0.097006798,-1.318486691,0.951749682,-0.251465142,-0.039069772,0.171497762,0.058361717,-0.163137764,-1.350696445,0.956627667,-0.245439202,-0.010769200,0.156547546,-0.069126189,-0.255530626,-1.304765582,0.971597433,-0.232233971,-0.009015271,-0.044547908
144,3190005,36254,headmotion,slow,-0.122177117,1.359112859,-0.497789860,-0.196813345,0.098600224,0.222281799,0.949806988,-0.062592193,-0.101552278,-1.310960770,0.950423896,-0.240927890,-0.071997233,0.182933420,0.056917712,-0.165419593,-1.348035097,0.961638927,-0.232889593,-0.018681077,0.143750072,-0.067901179,-0.263352036,-1.312301397,0.975556135,-0.217820823,-0.017976116,-0.022830419
145,3190228,36477,headmotion,slow,-0.104007117,1.363425255,-0.504902363,-0.200982824,0.095431082,0.192731470,0.955695271,-0.069034532,-0.102979615,-1.316184521,0.961219847,-0.211042732,-0.035259452,0.173994586,0.054912202,-0.158608094,-1.347944021,0.970343530,-0.198698595,0.001672748,0.137657374,-0.064629734,-0.264597267,-1.314346552,0.980450571,-0.194395557,-0.029418016,-0.007848969
146,3190451,36700,headmotion,slow,-0.081426136,1.366539598,-0.511427462,-0.208803266,0.096642494,0.167558998,0.958637297,-0.068679333,-0.092151210,-1.319927692,0.971380413,-0.184969455,-0.009811569,0.148694769,0.057202235,-0.139759168,-1.337864995,0.972966611,-0.181207791,-0.012273496,0.142650232,-0.056314670,-0.251953632,-1.314512730,0.984561145,-0.169490039,-0.036683198,-0.023807783
147,3190686,36935,headmotion,slow,-0.056062412,1.367835999,-0.517892718,-0.218679503,0.096760914,0.143354312,0.960346937,-0.073191330,-0.073060066,-1.319465399,0.975783587,-0.160858706,-0.026312061,0.145871952,0.054030441,-0.115959287,-1.335358858,0.981753707,-0.148900464,0.088287339,-0.078699820,-0.053385377,-0.232851848,-1.317838430,0.988587022,-0.145534888,-0.034333598,-0.018343205
148,3190923,37172,headmotion,slow,-0.029740050,1.367850423,-0.525337338,-0.228163570,0.085880101,0.110915214,0.963464499,-0.101591714,-0.056576174,-1.307010293,0.979552209,-0.126520053,-0.015234624,0.155685917,0.028701045,-0.088578269,-1.323022127,0.984306037,-0.115176745,-0.014090147,0.132956550,-0.071796358,-0.215261832,-1.316312313,0.992700577,-0.115299627,-0.029254377,0.019892933
149,3191158,37407,headmotion,slow,-0.007453016,1.366919041,-0.531925321,-0.236659721,0.068609796,0.077686615,0.966048479,-0.142289490,-0.046343412,-1.300330400,0.981751621,-0.090283297,-0.022819713,0.165807277,-0.010969710,-0.068953738,-1.313669324,0.984600365,-0.076733887,-0.018607952,0.155973747,-0.101261094,-0.203215048,-1.317608476,0.992615640,-0.073712759,-0.070501663,0.065651529
150,3191422,37671,headmotion,slow,0.009891578,1.365512848,-0.537489057,-0.243301809,0.049027327,0.048973642,0.967472017,-0.187683642,-0.041537013,-1.291622996,0.982197165,-0.055327207,-0.034712866,0.176132381,-0.056069445,-0.054977577,-1.314630866,0.989447236,-0.037390307,-0.027462376,0.137265876,-0.137288362,-0.193718627,-1.303580284,0.999317229,-0.036473379,-0.005895056,-0.000073524
151,3191672,37921,headmotion,slow,0.026125899,1.363873005,-0.542446494,-0.248730406,0.024201237,0.020238899,0.968058825,-0.246339455,-0.045721974,-1.313978314,0.998902559,-0.018873805,-0.019159727,0.038345810,-0.109514117,-0.048505168,-1.303375006,0.987403810,-0.006127249,-0.066538163,0.143418461,-0.182103679,-0.191752091,-1.300177097,0.988659441,0.005420363,-0.062156014,0.136600927
152,3191920,38169,headmotion,slow,0.038501196,1.362477779,-0.546244085,-0.252089620,0.012214254,-0.000952721,0.967626333,-0.273585141,-0.050647985,-1.300799012,0.993979096,0.012446682,-0.068670161,0.084469318,-0.138830513,-0.046950113,-1.302656054,0.987948418,0.021475052,-0.038754381,0.148306593,-0.203864738,-0.195108905,-1.299164057,0.998013198,0.024521632,-0.057696618,0.006276466
153,3192186,38435,headmotion,slow,0.051060691,1.361395359,-0.548326194,-0.254220963,0.005125479,-0.019019037,0.966945589,-0.291918039,-0.056626510,-1.308079720,0.991546810,0.017486658,-0.098402254,-0.082741916,-0.155466020,-0.047742974,-1.304495931,0.990429699,0.040396094,-0.061880428,0.116567470,-0.214111477,-0.197438583,-1.289497375,0.997488916,0.042873926,-0.052732527,-0.019924009
154,3192450,38699,headmotion,slow,0.056200955,1.360906124,-0.548167348,-0.255970538,0.003527872,-0.022730941,0.966410875,-0.297445893,-0.053744297,-1.298447847,0.996473968,0.033949282,-0.034376509,0.068595432,-0.162075147,-0.043760147,-1.298915863,0.987739027,0.048195630,-0.061577268,0.135118559,-0.219874293,-0.194620907,-1.290414810,0.997045398,0.047097649,-0.060665242,0.001417845
155,3192714,38963,headmotion,slow,0.056231614,1.362064600,-0.544386387,-0.252840638,0.002966107,-0.020942057,0.967276692,-0.302357554,-0.061217394,-1.313904643,0.997097075,0.026019029,-0.067365296,0.024131807,-0.164712265,-0.051353168,-1.306819081,0.988306046,0.043947183,-0.053444725,0.135880589,-0.222823367,-0.201130509,-1.292381763,0.998205185,0.047820490,-0.035904653,-0.003232866
156,3192978,39227,headmotion,slow,0.057975527,1.362273812,-0.540249288,-0.251438558,0.000399405,-0.023362499,0.967591166,-0.306013405,-0.064783871,-1.307082176,0.991657317,0.017282402,-0.100120768,-0.079327777,-0.171172410,-0.054837476,-1.315688491,0.991213143,0.044972852,-0.053135812,0.112474903,-0.228817180,-0.205603674,-1.302836418,0.985375524,0.049978316,-0.126101017,0.103129812
157,3193226,39475,headmotion,slow,0.059483081,1.362666130,-0.536957979,-0.249299064,-0.003518202,-0.023731865,0.968129337,-0.317632198,-0.069887355,-1.311766505,0.992802262,0.032966875,-0.074274823,0.087977834,-0.180664882,-0.059848856,-1.307092667,0.987676144,0.045394264,-0.071095459,0.131835580,-0.238060504,-0.210462153,-1.299116611,0.997635186,0.049426515,-0.047444988,0.005486947
158,3193478,39727,headmotion,slow,0.056600243,1.363220215,-0.533899248,-0.246351525,-0.005723675,-0.019245956,0.968972504,-0.323396266,-0.075259030,-1.308997750,0.990040123,0.036641046,-0.093647122,0.098530315,-0.187214136,-0.065520644,-1.308708906,0.989545524,0.043817922,-0.060161676,0.123532325,-0.246522054,-0.216667086,-1.302843809,0.997967243,0.047666173,-0.028153511,0.031569976
159,3193741,39990,headmotion,slow,0.050996438,1.364427328,-0.531787932,-0.241617784,-0.007656601,-0.012525750,0.970260441,-0.328959346,-0.084704027,-1.319749951,0.992060065,0.026728105,-0.100490175,0.070740350,-0.190405816,-0.076248407,-1.309364200,0.986682475,0.040710934,-0.064586237,0.143627688,-0.251024008,-0.225994021,-1.300130486,0.995478034,0.039586946,-0.084319331,0.018617533
160,3193991,40240,headmotion,slow,0.040371127,1.366117001,-0.530759037,-0.236542121,-0.005204900,0.003773262,0.971599996,-0.320708811,-0.088949293,-1.306178093,0.988915086,-0.009023882,-0.126396999,-0.077390634,-0.185611129,-0.085004449,-1.306354284,0.983262599,0.028001133,-0.060909681,0.169412553,-0.251243234,-0.231862858,-1.299237370,0.983297527,0.030330636,-0.110927366,0.141071647
161,3194228,40477,headmotion,slow,0.028002899,1.368388772,-0.529424191,-0.230754271,-0.003705586,0.020201543,0.972795308,-0.314945400,-0.091551110,-1.284910083,0.978523493,-0.008701109,-0.091475837,0.184521601,-0.183507338,-0.095633894,-1.311401248,0.986076295,0.008233546,-0.066393442,0.152242303,-0.251409829,-0.239418894,-1.292754650,0.981382608,0.017448042,-0.089393251,0.169093400
162,3194463,40712,headmotion,slow,0.011080313,1.372210383,-0.526004672,-0.219706073,0.006232186,0.046574578,0.974433780,-0.301419854,-0.110798866,-1.320297718,0.990839362,-0.043518953,-0.126686260,0.017148240,-0.165158123,-0.118407503,-1.317935467,0.985861063,-0.020211924,-0.075230651,0.148357153,-0.239632249,-0.257275730,-1.288448572,0.978001475,-0.016064884,-0.124146484,0.166861191
163,3194686,40935,headmotion,slow,-0.005866068,1.374166846,-0.521459997,-0.209532693,0.019096905,0.076649129,0.974605680,-0.271198452,-0.116286516,-1.290243983,0.972121954,-0.066733912,-0.091187097,0.205451801,-0.142089456,-0.137382522,-1.327329397,0.985463977,-0.059258465,-0.076041892,0.139881432,-0.226545081,-0.270664036,-1.294215202,0.978391349,-0.050856087,-0.087500930,0.180298850
164,3194908,41157,headmotion,slow,-0.022104202,1.374915719,-0.515504181,-0.198611632,0.036490571,0.107333109,0.973499596,-0.236802235,-0.130398914,-1.296332479,0.972129047,-0.102411367,-0.064291902,0.200857341,-0.108050980,-0.160532370,-1.321044445,0.975276828,-0.093535699,-0.070298664,0.187468022,-0.205255777,-0.290956736,-1.313218594,0.987596452,-0.102391981,-0.118629269,0.009807245
165,3195130,41379,headmotion,slow,-0.033595171,1.374585867,-0.509856701,-0.190458223,0.046961240,0.126851842,0.972331703,-0.218111858,-0.143038914,-1.313531756,0.974921763,-0.130097821,-0.047215778,0.174277797,-0.088524796,-0.177125067,-1.323857069,0.970962703,-0.117616311,-0.058458291,0.199951202,-0.189353973,-0.301235437,-1.303473830,0.977893353,-0.118565984,-0.079006404,0.153051272
166,3195353,41602,headmotion,slow,-0.042965773,1.374505997,-0.505929470,-0.181900203,0.060301252,0.147771433,0.970278203,-0.193885937,-0.156715438,-1.319235921,0.967814207,-0.157614931,-0.067008749,0.184399396,-0.065777242,-0.196189240,-1.320821285,0.962734699,-0.145418361,-0.051845931,0.222052813,-0.173787251,-0.316510916,-1.306253195,0.987397254,-0.146241635,-0.054407582,0.026456373
167,3195547,41796,headmotion,slow,-0.051318523,1.373051047,-0.503614247,-0.177315146,0.072783582,0.166924700,0.967159808,-0.170016780,-0.160620525,-1.313968301,0.966037810,-0.178557694,-0.045351882,0.181194007,-0.045163676,-0.210143715,-1.345008016,0.971652806,-0.174950585,-0.043698452,0.152884021,-0.157347143,-0.322497785,-1.311780334,0.984229743,-0.163389981,-0.043671429,0.051849455
168,3195769,42018,headmotion,slow,-0.057837885,1.371539474,-0.502071261,-0.175646961,0.081271812,0.182532191,0.963963211,-0.154022932,-0.158330306,-1.313158393,0.956313491,-0.197248816,-0.079713792,0.200507119,-0.031484067,-0.211745754,-1.339082837,0.964784741,-0.188019931,-0.018739427,0.182996690,-0.147662118,-0.321251482,-1.312330246,0.976617515,-0.188327372,-0.081940912,0.063535996
169,3195977,42226,headmotion,slow,-0.064059392,1.369625211,-0.499916971,-0.173668310,0.088860258,0.196945310,0.960809946,-0.140333176,-0.157337740,-1.310480833,0.952510953,-0.212140247,-0.050968032,0.212418616,-0.019842947,-0.217434376,-1.350329876,0.978505373,-0.200610995,0.034296941,-0.033259872,-0.137753278,-0.317542434,-1.300405860,0.979687691,-0.197714210,-0.023064002,0.024272524
170,3196186,42435,headmotion,slow,-0.070091158,1.367344975,-0.498820692,-0.172636315,0.097173020,0.208872333,0.957667232,-0.122483999,-0.156318828,-1.316428065,0.953960001,-0.225760788,-0.043013282,0.192723244,-0.002090206,-0.216199368,-1.335282207,0.956493974,-0.215641961,-0.010486217,0.196234345,-0.124824494,-0.318711996,-1.310041308,0.977144539,-0.208709896,-0.010976089,0.038836356
171,3196408,42657,headmotion,slow,-0.074196599,1.365551591,-0.497886181,-0.171578616,0.103147998,0.216203243,0.955603182,-0.109522566,-0.157748953,-1.320038557,0.954228938,-0.235636070,-0.028084910,0.182027534,0.009998247,-0.220571339,-1.340500236,0.961323380,-0.231062010,-0.023008810,0.148116007,-0.110991910,-0.302170724,-1.233692765,0.967234373,-0.226257786,-0.105113946,-0.047076959
172,3196630,42879,headmotion,slow,-0.074720196,1.365134120,-0.498237878,-0.170433521,0.105003901,0.215105414,0.955853701,-0.104471013,-0.161564410,-1.316415310,0.948772550,-0.235276595,-0.052546803,0.204240948,0.015639737,-0.225695580,-1.346047521,0.962343693,-0.227844521,-0.004927037,0.148179755,-0.108684860,-0.321806729,-1.302146912,0.975308895,-0.216881037,0.001217904,0.041637979
173,3196853,43102,headmotion,slow,-0.073853143,1.364754558,-0.499053240,-0.170909643,0.107501231,0.213760406,0.955792785,-0.098438203,-0.161845878,-1.313533306,0.950066924,-0.234042466,-0.043398261,0.201775983,0.021682493,-0.226062700,-1.347586632,0.961510122,-0.225477248,0.009024393,0.156770110,-0.102531984,-0.322587222,-1.304231763,0.973993421,-0.220359311,-0.029986169,0.043351848
174,3197061,43310,headmotion,slow,-0.069199622,1.365881443,-0.501578629,-0.172017604,0.107094668,0.206000805,0.957342327,-0.098524205,-0.163130552,-1.316650629,0.951216698,-0.229894549,-0.051342260,0.199246675,0.022297140,-0.223006293,-1.332418799,0.959657609,-0.221063197,-0.013854791,0.173194543,-0.100098185,-0.322865307,-1.299997926,0.976735711,-0.212877616,-0.023998290,0.009724594
175,3197284,43533,headmotion,slow,-0.062023226,1.366865039,-0.505491316,-0.174026653,0.106813900,0.196003184,0.959108055,-0.098652899,-0.162377968,-1.314823508,0.955925524,-0.215344474,-0.020431297,0.198534042,0.023326837,-0.218384132,-1.322042108,0.958818853,-0.212717980,-0.022058893,0.186898142,-0.097521573,-0.322863042,-1.300919652,0.977092564,-0.208921254,-0.032192327,0.024612501
176,3197505,43754,headmotion,slow,-0.052785393,1.368216276,-0.509885669,-0.175836131,0.105918989,0.183534279,0.961341798,-0.100667261,-0.161842361,-1.307336330,0.955039024,-0.206395313,-0.039954774,0.209057570,0.022536613,-0.217628330,-1.331415653,0.967046916,-0.198696643,-0.009132491,0.158923075,-0.095803648,-0.323647231,-1.300843120,0.977640390,-0.198173165,-0.060744889,0.035451259
177,3197727,43976,headmotion,slow,-0.042428810,1.369549751,-0.514366865,-0.178490475,0.103304304,0.166946948,0.964156687,-0.104340062,-0.162170246,-1.304527283,0.960755646,-0.189434335,-0.032339115,0.200043678,0.020793654,-0.210374117,-1.313790321,0.961086512,-0.172039866,-0.014062641,0.215678632,-0.094133191,-0.324806303,-1.303589940,0.983691990,-0.171690583,-0.017837021,0.050540682
178,3197951,44200,headmotion,slow,-0.031733785,1.370418787,-0.518340707,-0.181264669,0.098213606,0.147734448,0.967301250,-0.111791134,-0.163479179,-1.304712296,0.966766715,-0.167181805,-0.016074834,0.192753762,0.014065579,-0.205278441,-1.303514957,0.965300560,-0.157440022,-0.027376991,0.206538081,-0.095792919,-0.325234413,-1.305360436,0.985355437,-0.156573638,-0.061333623,0.028241122
179,3198158,44407,headmotion,slow,-0.022640828,1.370848894,-0.520340145,-0.183828861,0.090491943,0.131865695,0.969860613,-0.127531260,-0.162402943,-1.308262110,0.970286906,-0.150826842,-0.024550194,0.187594891,0.001025341,-0.200413480,-1.310197592,0.969285369,-0.143421859,-0.033114098,0.197026610,-0.103185788,-0.318061233,-1.282505989,0.967089772,-0.136828601,-0.061819527,0.205410898
180,3198381,44630,headmotion,slow,-0.016042113,1.370628595,-0.522063434,-0.187199667,0.084600113,0.119308077,0.971372604,-0.137225330,-0.156426743,-1.297150016,0.967424929,-0.136669174,-0.030672675,0.210878596,-0.008506402,-0.192609638,-1.309846044,0.971587837,-0.128844917,-0.037682440,0.194925979,-0.110707670,-0.316111177,-1.297263026,0.976300955,-0.120092668,-0.034540284,0.176695243
181,3198617,44866,headmotion,slow,-0.010738732,1.369811535,-0.522807777,-0.190516755,0.078127362,0.106092475,0.972802103,-0.147625238,-0.152631000,-1.300059080,0.968878329,-0.121978343,-0.036650214,0.212256461,-0.017806830,-0.184405237,-1.310459137,0.974802017,-0.111038156,-0.035479400,0.190191582,-0.115965717,-0.311344266,-1.292566895,0.994293809,-0.099179231,0.022088967,0.032486841
182,3198839,45088,headmotion,slow,-0.004385607,1.368448496,-0.523496449,-0.194854409,0.067533173,0.087736830,0.974563122,-0.163830295,-0.146961436,-1.294404387,0.970568359,-0.100409351,-0.042600561,0.214709803,-0.033524055,-0.175382391,-1.319978356,0.978695750,-0.091905817,-0.037756260,0.179673240,-0.127071321,-0.304890811,-1.296279430,0.994695067,-0.075959429,0.028170969,0.063389912
183,3199061,45310,headmotion,slow,0.003743118,1.367827654,-0.524948418,-0.197582975,0.059161484,0.068479367,0.976100147,-0.177153632,-0.149003491,-1.301456928,0.971190572,-0.085511371,-0.053909760,0.215801984,-0.045612317,-0.170926273,-1.321626067,0.985195041,-0.066200681,-0.022974119,0.156462014,-0.132059276,-0.302260339,-1.289505124,0.981153369,-0.058717657,-0.053933106,0.176015750
184,3199297,45546,headmotion,slow,0.012289356,1.367131710,-0.527144670,-0.200944260,0.047141116,0.047493417,0.977314413,-0.197576120,-0.149156362,-1.286381364,0.972155273,-0.052986905,-0.044694059,0.223850369,-0.066221930,-0.166167319,-1.319362402,0.984433353,-0.044907987,-0.034786981,0.166325346,-0.146584481,-0.303020895,-1.291291237,0.976977646,-0.037956648,-0.095221356,0.187101334
185,3199520,45769,headmotion,slow,0.020863434,1.365936637,-0.529782057,-0.205831304,0.033382975,0.030256327,0.977549791,-0.230405539,-0.150399148,-1.316475391,0.988656700,-0.030172721,-0.056495067,0.135852486,-0.094692513,-0.156817690,-1.312818408,0.984328806,-0.019420879,-0.038694203,0.170945749,-0.169064432,-0.295939475,-1.283038020,0.976832390,-0.012938121,-0.088676557,0.194338754
186,3199756,46005,headmotion,slow,0.029979663,1.365144610,-0.531677842,-0.209232554,0.018252973,0.012155331,0.977619946,-0.262524605,-0.152616262,-1.316437721,0.996817768,-0.008638723,-0.064098507,0.046595220,-0.126658946,-0.153440684,-1.317396998,0.985402048,-0.000998539,-0.062030479,0.158537358,-0.195222259,-0.296188563,-1.286760569,0.998352587,0.003032692,-0.046364594,0.033664335
187,3199992,46241,headmotion,slow,0.038470268,1.363686323,-0.532950997,-0.213545740,0.007003678,-0.004490026,0.976897657,-0.285562336,-0.151288003,-1.311914086,0.988609552,0.015980879,-0.072112784,0.131131768,-0.148626179,-0.146180689,-1.305591106,0.981312275,0.026861714,-0.046351437,0.184814021,-0.211809501,-0.292915255,-1.283391476,0.998464286,0.027887102,-0.035837065,0.031735357
188,3200242,46491,headmotion,slow,0.045163896,1.361909628,-0.534601092,-0.218251050,-0.001557701,-0.013932813,0.975791991,-0.297453344,-0.140215188,-1.268866301,0.968937039,0.023568276,-0.093739450,0.227636814,-0.167826459,-0.136701912,-1.303307533,0.983106315,0.040970717,-0.049246188,0.171459228,-0.227942809,-0.285342366,-1.282667875,0.996601284,0.037390228,-0.067493528,0.028854400
189,3200477,46726,headmotion,slow,0.051819485,1.359745264,-0.536168635,-0.222410217,-0.008600804,-0.025480568,0.974582195,-0.317225456,-0.140381277,-1.295370579,0.983816862,0.041946445,-0.097863778,0.144109443,-0.182901859,-0.129678011,-1.303085089,0.983671725,0.054912493,-0.041928552,0.166182280,-0.239702970,-0.280983239,-1.287751079,0.980405092,0.047101207,-0.149279609,0.119595267
190,3200727,46976,headmotion,slow,0.056531530,1.358268380,-0.537416041,-0.225087285,-0.012860286,-0.031979337,0.973728716,-0.327640533,-0.137121260,-1.292234182,0.985286057,0.044113684,-0.101142779,0.130520165,-0.194769815,-0.126363933,-1.316410661,0.990093470,0.052256335,-0.082308650,0.101041973,-0.246738240,-0.275268137,-1.279097676,0.979804337,0.070173576,-0.086268909,0.166183308
191,3200963,47212,headmotion,slow,0.057803523,1.357270360,-0.538404465,-0.227414787,-0.013990008,-0.033178806,0.973132014,-0.334008515,-0.133007780,-1.304134369,0.984668434,0.045870218,-0.130391508,0.106405064,-0.196570843,-0.119276494,-1.298863411,0.986124635,0.056150880,-0.069513150,0.139904216,-0.249141708,-0.269031733,-1.275677085,0.975850821,0.076181971,-0.082198039,0.187496498
192,3201213,47462,headmotion,slow,0.057770342,1.357257843,-0.538563728,-0.227424785,-0.013967006,-0.031643704,0.973181129,-0.332921207,-0.131390333,-1.292005181,0.987276316,0.045320094,-0.087265432,0.124965243,-0.199153841,-0.119823545,-1.309984446,0.987817347,0.059888758,-0.070219919,0.125297219,-0.253247976,-0.271758884,-1.288123012,0.992760241,0.065440625,-0.064771928,0.077131383
193,3201450,47699,headmotion,slow,0.056120813,1.358294010,-0.538656831,-0.226512983,-0.013512839,-0.025655689,0.973576427,-0.334621489,-0.133059263,-1.296916008,0.990418375,0.019388320,-0.124260999,-0.057050459,-0.199968517,-0.120988891,-1.307623982,0.988367021,0.048640322,-0.069381557,0.126297057,-0.255238116,-0.271006912,-1.282813072,0.979890823,0.063933499,-0.083464839,0.169588104
194,3201686,47935,headmotion,slow,0.051660713,1.360042572,-0.537531495,-0.223538727,-0.011174359,-0.016297108,0.974494755,-0.331395924,-0.133880824,-1.291880369,0.980744779,0.034749724,-0.096444130,0.166224718,-0.196052209,-0.125821784,-1.300938964,0.983203351,0.042017598,-0.083520770,0.156748295,,,,,,,
195,3201922,48171,headmotion,slow,0.046011027,1.361770391,-0.535291374,-0.218485534,-0.003802481,-0.001389934,0.975831807,-0.320141196,-0.137568578,-1.297089219,0.989558518,0.012809719,-0.083149657,0.117029764,-0.186100408,-0.134108290,-1.311271191,0.987167835,0.022786133,-0.073799655,0.139764562,-0.247142956,-0.279902846,-1.277735710,0.998447061,0.027458292,-0.046935908,0.012103654
196,3202160,48409,headmotion,slow,0.038672160,1.364503145,-0.532693923,-0.209844127,0.004402548,0.018935122,0.977541566,-0.303251386,-0.143402547,-1.271501660,0.970840335,-0.008341730,-0.088257656,0.222733185,-0.173372701,-0.149641380,-1.306635022,0.981491864,0.002746989,-0.076630518,0.175481871,-0.242255256,-0.293245077,-1.279595137,0.996583700,0.001260876,-0.078185633,0.026577329
197,3202394,48643,headmotion,slow,0.027942551,1.366658330,-0.529811144,-0.202327043,0.017466199,0.039340813,0.978371620,-0.278031081,-0.149488464,-1.269918561,0.966781080,-0.030048802,-0.077019699,0.241866365,-0.150548875,-0.164857805,-1.322509885,0.988236725,-0.024950301,-0.084297292,0.125138327,,,,,,,
198,3202617,48866,headmotion,slow,0.017205993,1.367742419,-0.526914537,-0.197218522,0.026843719,0.056483395,0.978362858,-0.263568699,-0.159915939,-1.307054996,0.986261904,-0.051346131,-0.044322807,0.150620505,-0.129445106,-0.172732428,-1.313990355,0.981481612,-0.042115089,-0.054157577,0.178849369,-0.210874125,-0.309850991,-1.285616517,0.997133315,-0.041691925,-0.049299244,0.039453339
199,3202838,49087,headmotion,slow,0.006469419,1.369285822,-0.523682594,-0.191604331,0.034691598,0.072886139,0.978147209,-0.246063098,-0.162623480,-1.292651176,0.975406229,-0.074496001,-0.065966025,0.196676284,-0.115021385,-0.183054939,-1.308445454,0.974712014,-0.060582366,-0.058499239,0.206988215,-0.200801745,-0.316790402,-1.284969211,0.995005608,-0.055959184,-0.011316109,0.081880145
200,3203060,49309,headmotion,slow,-0.004982476,1.369948387,-0.520892024,-0.187039301,0.046641972,0.089985587,0.977109730,-0.217588589,-0.165952593,-1.289875865,0.970031261,-0.097902283,-0.053046372,0.215964332,-0.087579146,-0.193266556,-1.316733122,0.975804687,-0.082125731,-0.040215358,0.198603436,-0.178601757,-0.320890367,-1.282459140,0.970798850,-0.076580413,-0.080441624,0.212636307
201,3203269,49518,headmotion,slow,-0.015001398,1.369500995,-0.518736541,-0.186048746,0.059102796,0.105909586,0.975026131,-0.190736666,-0.162730888,-1.302510023,0.972985744,-0.116657987,-0.030738201,0.196836933,-0.060306590,-0.193003312,-1.311523557,0.973281443,-0.107316181,-0.055794809,0.195175290,-0.156613827,-0.317972332,-1.287179708,0.970557749,-0.095537663,-0.053308528,0.214589074
202,3203492,49741,headmotion,slow,-0.024094101,1.368689537,-0.516705036,-0.185104340,0.072637968,0.123082653,0.972270906,-0.160479665,-0.157241896,-1.298742175,0.966619849,-0.134691760,-0.047180582,0.212786719,-0.032316919,-0.194216594,-1.316728354,0.973703980,-0.127285913,-0.038534936,0.184970111,-0.133653075,-0.315491289,-1.290606737,0.970786929,-0.118984491,-0.060338885,0.199435875
203,3203715,49964,headmotion,slow,-0.035189826,1.367522597,-0.514264226,-0.182859018,0.091277488,0.143642947,0.968296289,-0.120734699,-0.157740459,-1.305170894,0.966055274,-0.161160037,-0.037880402,0.198317394,0.005988955,-0.200101718,-1.315080881,0.969954669,-0.152841359,-0.034353200,0.186137944,-0.101411194,-0.316666812,-1.293755889,0.969250917,-0.147768557,-0.049362931,0.190474167
204,3203922,50171,headmotion,slow,-0.044220813,1.367090225,-0.512604654,-0.178392142,0.100787885,0.157097965,0.966094375,-0.101009168,-0.166840345,-1.309292436,0.962638676,-0.179752111,-0.043333035,0.197833806,0.025221497,-0.211228505,-1.305901289,0.959788263,-0.168566212,-0.020280803,0.223563403,-0.087548397,-0.327114582,-1.299881577,0.980736732,-0.173005894,-0.069174387,0.058645416
205,3204144,50393,headmotion,slow,-0.052679330,1.367174745,-0.511528850,-0.173046276,0.108875141,0.171008065,0.963824391,-0.087269410,-0.177151188,-1.309026241,0.960003078,-0.193100810,-0.008387937,0.202573031,0.038089432,-0.229401901,-1.327610373,0.969009936,-0.187345698,-0.001262376,0.160996184,-0.078047015,-0.337445319,-1.294042826,0.983205318,-0.180143997,-0.018666845,0.022517528
206,3204366,50615,headmotion,slow,-0.062476814,1.366605520,-0.509699404,-0.167252243,0.120229378,0.185471132,0.960818410,-0.062163580,-0.192563266,-1.308287740,0.959225714,-0.213488370,-0.015116689,0.184608549,0.061305046,-0.248998314,-1.323896408,0.961423755,-0.205256701,0.015865074,0.182434618,-0.058594644,-0.350747705,-1.284774542,0.980126798,-0.196831301,-0.000928433,0.024657072
207,3204575,50824,headmotion,slow,-0.067750394,1.366957068,-0.508481562,-0.163691163,0.125459716,0.191741362,0.959531307,-0.051383071,-0.201496094,-1.304169893,0.953703582,-0.219011009,0.002400897,0.206101760,0.071544915,-0.262562335,-1.329502344,0.977001607,-0.197746217,0.079422660,-0.007510369,-0.050269824,-0.360530853,-1.281665564,0.977954507,-0.198576108,0.041640505,0.049381804
208,3204783,51032,headmotion,slow,-0.067442872,1.367504478,-0.508959889,-0.163683772,0.126872420,0.188232139,0.960041523,-0.046057425,-0.203532234,-1.299648762,0.951822877,-0.219815508,-0.006070500,0.213723123,0.077263653,-0.263738364,-1.327298522,0.962788224,-0.209867850,0.020130983,0.169082940,-0.043649271,-0.360268086,-1.273163438,0.953740954,-0.202404633,-0.016598530,0.221664220
209,3205005,51254,headmotion,slow,-0.061351173,1.369016171,-0.512034655,-0.165846512,0.123430900,0.174949810,0.962627828,-0.049756095,-0.203043744,-1.301316142,0.958032846,-0.205190018,-0.015819455,0.199549258,0.075370111,-0.259995550,-1.330200911,0.965376079,-0.194847286,0.035035580,0.169870824,-0.043321714,-0.362479389,-1.281901956,0.962179065,-0.190614745,-0.019369036,0.193655074
210,3205214,51463,headmotion,slow,-0.050783534,1.371680737,-0.516576707,-0.168969959,0.125128910,0.156213894,0.965085030,-0.041185085,-0.204368517,-1.303671837,0.958401561,-0.191791654,-0.019213017,0.210507259,0.084322959,-0.255216122,-1.318098426,0.980539918,-0.169040456,0.094971322,-0.030778399,-0.029580735,-0.365620524,-1.290727496,0.984032631,-0.170794517,0.000198788,0.050089043
211,3205436,51685,headmotion,slow,-0.036323518,1.372590542,-0.522837818,-0.175871745,0.120663472,0.135871112,0.967495978,-0.048384711,-0.192498371,-1.301086068,0.962709069,-0.170863539,-0.017679291,0.209008187,0.078647636,-0.233282864,-1.292317629,0.959661841,-0.160672605,-0.003633651,0.230695099,-0.029629460,-0.351239562,-1.280469537,0.985759437,-0.137074023,0.076621845,0.060151014
212,3205672,51921,headmotion,slow,-0.020814450,1.370678663,-0.529066086,-0.187043786,0.113679186,0.114182115,0.969048083,-0.060315620,-0.170883402,-1.310312033,0.975411177,-0.141569391,0.004994298,0.168837756,0.068680316,-0.204224616,-1.296022773,0.967387259,-0.131463051,0.001698855,0.216509819,-0.033510469,-0.328516424,-1.292721868,0.978423476,-0.130132273,-0.029086553,0.157819912
213,3205908,52157,headmotion,slow,-0.006264417,1.368855596,-0.533516169,-0.197258636,0.105616674,0.088218026,0.970645010,-0.071791619,-0.149709150,-1.296490908,0.974599779,-0.115544729,0.029457681,0.189570338,0.059620209,-0.178357258,-1.303168416,0.978658855,-0.101274326,0.006063393,0.178699836,-0.036361504,-0.306228966,-1.291066766,0.976225674,-0.092519984,0.008957139,0.195814550
214,3206144,52393,headmotion,slow,0.007229945,1.366437674,-0.537194550,-0.207850635,0.088864036,0.059303187,0.972308815,-0.102077030,-0.134824499,-1.323767185,0.993947268,-0.074154675,0.033877902,0.073636010,0.031552382,-0.151960269,-1.312776685,0.985413969,-0.069287859,-0.003688493,0.155386433,-0.056183413,-0.286630601,-1.297105074,0.983135283,-0.066678002,-0.063791461,0.157891318
215,3206394,52643,headmotion,slow,0.018641591,1.363934875,-0.540272713,-0.216441229,0.072316974,0.037206065,0.972902417,-0.137564823,-0.121369109,-1.333702922,0.996434510,-0.044475254,-0.019266509,0.069058351,-0.002386663,-0.130899429,-1.315241933,0.990844965,-0.040425472,-0.004033676,0.128746793,-0.083068833,-0.268325835,-1.292879939,0.981858134,-0.035331197,-0.057830416,0.177093193
216,3206645,52894,headmotion,slow,0.029044665,1.361213684,-0.543017924,-0.224248528,0.057461500,0.017333725,0.972681999,-0.166440234,-0.108708143,-1.319366097,0.996710181,-0.023997255,0.031188259,0.070853479,-0.031214509,-0.113994777,-1.318334103,0.991362929,-0.012266994,-0.005336798,0.130462989,-0.105487250,-0.255144417,-1.293346763,0.999575138,-0.009428577,0.008023007,0.026387855
217,3206908,53157,headmotion,slow,0.038345035,1.359012365,-0.544790387,-0.230300739,0.041246153,0.001954136,0.972243071,-0.207040384,-0.099689037,-1.321175337,0.994814217,-0.004416081,-0.031004632,0.096767277,-0.070469551,-0.098375842,-1.302981973,0.985560954,0.005838295,-0.027203219,0.167019606,-0.139227182,-0.244908467,-1.300142288,0.988069296,0.012709409,-0.071331225,0.135902449
218,3207159,53408,headmotion,slow,0.045329258,1.357350945,-0.545882940,-0.233300626,0.034355823,-0.009635845,0.971749783,-0.218600079,-0.094787106,-1.287717700,0.983546436,0.003728291,-0.035054494,0.177182853,-0.085349068,-0.093422621,-1.302911401,0.986677527,0.020940846,-0.027858553,0.158911511,,,,,,,
219,3207426,53675,headmotion,slow,0.049017031,1.356239796,-0.546282768,-0.235320151,0.030170918,-0.017454479,0.971292675,-0.230350107,-0.096730188,-1.320924640,0.999216735,0.016398583,-0.034783650,0.009335850,-0.093753837,-0.089312047,-1.306998253,0.988000631,0.034581397,-0.029852193,0.147539064,,,,,,,
220,3207700,53949,headmotion,slow,0.051083423,1.355414510,-0.547407150,-0.236852363,0.028737258,-0.021905389,0.970873475,-0.231667444,-0.094659179,-1.311003685,0.996308267,0.028745813,-0.014042632,0.079664148,-0.095640957,-0.086165890,-1.298109651,0.986255884,0.033883978,-0.020587448,0.160397381,-0.156577408,-0.236086905,-1.298496604,0.984477758,0.041408055,-0.079878792,0.150692597
221,3207949,54198,headmotion,slow,0.051113252,1.355613947,-0.548613787,-0.237014845,0.027866848,-0.021918975,0.970858872,-0.234481543,-0.095996261,-1.312965870,0.996003032,0.012938265,-0.074311361,-0.047837157,-0.098668121,-0.086989135,-1.300897956,0.986975729,0.034618273,-0.024266012,0.155214995,-0.159387007,-0.237586662,-1.296123147,0.998137534,0.042014509,-0.002419627,0.044163357
222,3208215,54464,headmotion,slow,0.051157318,1.356142879,-0.548868060,-0.236292124,0.026951261,-0.021536304,0.971069455,-0.236253291,-0.098444879,-1.308961153,0.993160725,0.010429434,-0.104140788,-0.051746950,-0.100995019,-0.089490160,-1.300235629,0.986699700,0.036156185,-0.026398107,0.156267673,-0.162378803,-0.240511790,-1.298608303,0.997795463,0.041824635,-0.004555943,0.051324014
223,3208477,54726,headmotion,slow,0.048293084,1.357741952,-0.547109902,-0.233643129,0.027585406,-0.016448714,0.971791863,-0.232939228,-0.099640906,-1.284127116,0.980992734,0.013817425,-0.051695284,0.186520651,-0.099702545,-0.095826522,-1.302116990,0.984561324,0.029706571,-0.039699446,0.167870432,-0.161892593,-0.244444624,-1.293301702,0.982381344,0.034560248,-0.098613605,0.154944971
224,3208741,54990,headmotion,slow,0.043672841,1.359629750,-0.543426692,-0.229080826,0.028189538,-0.010194227,0.972945750,-0.234289080,-0.111681387,-1.317108870,0.997430265,0.000822662,-0.066547073,-0.026526604,-0.098164871,-0.106095880,-1.311200738,0.989509940,0.021592887,-0.032252785,0.139153287,-0.162013546,-0.253117591,-1.292640924,0.982439697,0.032822862,-0.077769212,0.166393831
225,3209005,55254,headmotion,slow,0.037329521,1.361610532,-0.539566755,-0.223343447,0.032525375,0.000220083,0.974196970,-0.223816290,-0.120001659,-1.312513828,0.994038820,0.001467950,-0.031864591,0.104256012,-0.088541716,-0.118331507,-1.312719822,0.987990379,0.006944720,-0.037041981,0.149848863,-0.155272380,-0.263093740,-1.291669965,0.982427835,0.019361444,-0.066524982,0.173306346
226,3209256,55505,headmotion,slow,0.032267924,1.362280965,-0.536811173,-0.220426932,0.035342574,0.010194984,0.974709690,-0.217099667,-0.118592441,-1.290980577,0.979290485,-0.020166392,-0.042975206,0.196816206,-0.084450535,-0.123148009,-1.313153982,0.987257481,0.001068621,-0.017634166,0.158147305,-0.154243395,-0.266333282,-1.293315053,0.982301831,0.013479440,-0.035418391,0.183431074
227,3209505,55754,headmotion,slow,0.025466545,1.362956047,-0.533763289,-0.218026578,0.040913656,0.021998083,0.974836707,-0.204059646,-0.117345005,-1.280095816,0.975478053,-0.026713667,-0.042184882,0.214358181,-0.073039480,-0.126080692,-1.312569261,0.985740006,-0.014398065,-0.037787519,0.163344488,-0.147173673,-0.269462019,-1.300095916,0.998283327,-0.002246954,-0.008993325,0.057831313
228,3209755,56004,headmotion,slow,0.015315724,1.364806652,-0.530124485,-0.210753649,0.052533984,0.041059237,0.975262642,-0.185067683,-0.131747708,-1.322657824,0.994475782,-0.045360185,0.018516984,0.092830636,-0.050281003,-0.141306818,-1.314509273,0.984299302,-0.036753021,-0.028685199,0.170238778,-0.129164636,-0.279079646,-1.288878918,0.998271108,-0.027482430,0.022802608,0.046685968
229,3210019,56268,headmotion,slow,0.005572077,1.365726829,-0.526025772,-0.206159696,0.060526453,0.061164308,0.974727511,-0.169082761,-0.129332960,-1.291137815,0.974648774,-0.072627373,-0.024922051,0.210152239,-0.037745111,-0.148775801,-1.308663249,0.979481876,-0.061197959,-0.035776079,0.188653424,-0.123810314,-0.285905272,-1.304689407,0.996410966,-0.051981371,-0.008229997,0.066297278
230,3210256,56505,headmotion,slow,-0.014103034,1.366088033,-0.519847512,-0.198539495,0.076577947,0.098203622,0.972149134,-0.140192300,-0.133822650,-1.304949284,0.974579096,-0.111420214,-0.017388858,0.193594247,-0.009049760,-0.164280534,-1.323743105,0.982474864,-0.103466436,-0.025989892,0.152847648,-0.105131149,-0.289727569,-1.292517304,0.992986083,-0.087017693,0.056647062,0.056548301
231,3210492,56741,headmotion,slow,-0.038172532,1.365869999,-0.511569321,-0.190708414,0.088990360,0.127243832,0.969288409,-0.109169051,-0.145000681,-1.320570111,0.975134373,-0.144205958,-0.019424915,0.167153358,0.019851912,-0.180295572,-1.311478019,0.969692588,-0.135392219,-0.031541053,0.200923875,-0.083591133,-0.300658047,-1.294118524,0.973911405,-0.129763022,-0.035915814,0.182669625
232,3210728,56977,headmotion,slow,-0.059797157,1.363754153,-0.504712224,-0.186616987,0.095250294,0.147084609,0.966678679,-0.087771863,-0.149435893,-1.322282791,0.967114627,-0.167706549,-0.030378755,0.188788101,0.041080073,-0.194588795,-1.345810890,0.971382916,-0.159333289,0.020036383,0.175004929,-0.069901317,-0.309855402,-1.311282873,0.986625075,-0.153235659,-0.028022993,0.048005886
233,3210964,57213,headmotion,slow,-0.079109289,1.360907555,-0.500028372,-0.183723494,0.096968859,0.167318910,0.963767111,-0.079021916,-0.148069218,-1.310508370,0.960380316,-0.189463124,-0.041785084,0.200068623,0.046157360,-0.199083701,-1.336304784,0.968298972,-0.181055292,-0.008596290,0.171878487,-0.067814030,-0.309072435,-1.305474639,0.984826028,-0.170493096,-0.032401189,0.000243759
234,3211186,57435,headmotion,slow,-0.093968660,1.357988000,-0.496589810,-0.182796568,0.098931588,0.184149414,0.960670054,-0.071372114,-0.145066813,-1.314192176,0.960606754,-0.202704877,-0.029955806,0.187744468,0.053100586,-0.201753706,-1.355306149,0.972216547,-0.193276182,0.016825816,0.130981952,-0.064591452,-0.303820193,-1.297041178,0.966422319,-0.188976020,-0.054527625,0.165356457
235,3211426,57675,headmotion,slow,-0.100417666,1.356758833,-0.495500535,-0.183346927,0.099010997,0.190068483,0.959403336,-0.069014974,-0.142925099,-1.319778442,0.958908439,-0.209495395,-0.033959530,0.188290015,0.054766804,-0.198363140,-1.338756204,0.965592861,-0.201093927,-0.016232865,0.164097965,-0.064267203,-0.304167598,-1.309578180,0.979421258,-0.195606261,-0.027542589,0.041395947
236,3211672,57921,headmotion,slow,-0.101291098,1.356210947,-0.496408552,-0.184461504,0.096604817,0.188211799,0.959800899,-0.071875796,-0.140176088,-1.316619873,0.959465742,-0.207031816,-0.039444745,0.187102765,0.052079946,-0.195876360,-1.341987133,0.968050182,-0.199968502,-0.017020907,0.150338843,-0.066107571,-0.299520880,-1.299789310,0.982280195,-0.187369391,-0.003518461,0.002448112
237,3211908,58157,headmotion,slow,-0.094131179,1.357084274,-0.499320060,-0.187283263,0.097944491,0.175663769,0.961495757,-0.065522932,-0.137378007,-1.309858322,0.962482333,-0.194463834,-0.036159024,0.185752690,0.059595749,-0.190708682,-1.340560913,0.967925131,-0.190932810,-0.011280701,0.162905857,-0.055626638,-0.296198487,-1.296216249,0.965457976,-0.175852016,-0.042368390,0.187541872
238,3212144,58393,headmotion,slow,-0.085530519,1.358087420,-0.501882076,-0.190473184,0.102131054,0.165535957,0.962230265,-0.055640548,-0.133661449,-1.312683463,0.964667976,-0.187689796,-0.036433060,0.181275621,0.071026251,-0.184766740,-1.343599319,0.977305174,-0.182594091,-0.016824564,0.106070496,-0.043800991,-0.294206172,-1.304985762,0.984452248,-0.172314256,-0.026986530,-0.020815929
239,3212381,58630,headmotion,slow,-0.073884636,1.360039353,-0.505382299,-0.193617821,0.104316279,0.154341787,0.963228345,-0.053656116,-0.130375206,-1.312192678,0.967778087,-0.175846353,-0.006363346,0.180119902,0.075100563,-0.178306863,-1.345735431,0.972097516,-0.172776192,0.026738409,0.156396613,-0.037132788,-0.287767887,-1.293563843,0.971321940,-0.162196562,-0.053364910,0.165463373
240,3212630,58879,headmotion,slow,-0.059048593,1.361432314,-0.509761810,-0.198297992,0.104637630,0.143028885,0.963987350,-0.057888296,-0.121509016,-1.313292027,0.970032573,-0.166266337,-0.007433850,0.177022919,0.070885241,-0.166825175,-1.349441171,0.980648935,-0.154774025,0.046814300,0.110368222,-0.039188191,-0.280194283,-1.303484797,0.969664574,-0.146396533,0.010924618,0.195446491
241,3212880,59129,headmotion,slow,-0.046407808,1.361657858,-0.513324976,-0.203246787,0.104816861,0.129433125,0.964858115,-0.059298195,-0.113453075,-1.320910692,0.976736724,-0.153100207,0.001986306,0.150139034,0.069275424,-0.150390133,-1.311730504,0.971263528,-0.144464523,-0.016237808,0.188450322,-0.035819143,-0.271482199,-1.301917791,0.990789771,-0.130523831,0.032482482,0.015622935
242,3213130,59379,headmotion,slow,-0.035404272,1.361681461,-0.516608059,-0.208783925,0.102714822,0.112759106,0.965993941,-0.061562080,-0.102992564,-1.308305383,0.975632668,-0.135801598,-0.008802490,0.172108591,0.068102255,-0.136135668,-1.311595440,0.974715114,-0.126494050,0.006352874,0.184090763,-0.032915205,-0.260451764,-1.302203417,0.979798377,-0.123891950,-0.037924122,0.152340621
243,3213395,59644,headmotion,slow,-0.024389772,1.360683322,-0.520541251,-0.217289478,0.090041287,0.085267417,0.968198001,-0.081654944,-0.090914056,-1.315504193,0.982301295,-0.108492732,-0.002766943,0.152662367,0.050636165,-0.116864532,-1.316537499,0.979274511,-0.096375689,-0.000921020,0.178135753,-0.043440513,-0.243472099,-1.295280576,0.977659166,-0.085605800,-0.010022988,0.191712916
244,3213644,59893,headmotion,slow,-0.014270331,1.358773232,-0.525355279,-0.228692293,0.072955921,0.051139873,0.969413221,-0.108126201,-0.071115837,-1.297829390,0.980035961,-0.066596523,-0.002776044,0.187314466,0.024400800,-0.088004783,-1.314255357,0.983481288,-0.055574421,-0.007454204,0.172106206,-0.058985066,-0.224288687,-1.307307959,0.986733675,-0.046273209,-0.028991444,0.152888671
245,3213894,60143,headmotion,slow,-0.002931637,1.358862281,-0.529468000,-0.233178437,0.059117697,0.020892380,0.970410466,-0.131897584,-0.072498769,-1.293479800,0.980728269,-0.037607677,-0.022441344,0.190405190,0.001589436,-0.081439063,-1.325578809,0.991709292,-0.023299616,-0.015560349,0.125410110,-0.073703691,-0.222622514,-1.307197928,0.990021229,-0.012523224,-0.027927613,0.137554452
246,3214158,60407,headmotion,slow,0.009963178,1.359228611,-0.532404959,-0.235102922,0.041890342,-0.003262456,0.971061885,-0.172557682,-0.084125698,-1.325115681,0.999036133,0.001708477,0.027065711,0.034515381,-0.036916181,-0.082021236,-1.322108865,0.991805911,0.010787969,-0.034635220,0.122495227,-0.103128694,-0.227229387,-1.299487114,0.999664485,0.018968578,-0.000722957,0.017624820
247,3214408,60657,headmotion,slow,0.019788198,1.359423518,-0.533933282,-0.236169681,0.030845109,-0.014266148,0.971117377,-0.199741200,-0.088372439,-1.316906929,0.990020692,0.013504894,-0.078884184,0.115991533,-0.065246947,-0.082560584,-1.312658310,0.989238560,0.024824530,-0.043707170,0.137406617,-0.127581760,-0.231059685,-1.300921082,0.999363482,0.033487774,-0.010329509,0.006679007
248,3214672,60921,headmotion,slow,0.020927550,1.359289527,-0.534677207,-0.236389190,0.031910703,-0.015195104,0.971015453,-0.194136232,-0.085495904,-1.284768105,0.980931282,0.009907546,-0.050546322,0.187405512,-0.062428169,-0.082523137,-1.311266780,0.987832487,0.024191825,-0.038463283,0.148735702,-0.124503054,-0.230335280,-1.297808766,0.998685241,0.030934282,-0.032800321,-0.024393173
249,3214936,61185,headmotion,slow,0.019697154,1.359569073,-0.535437882,-0.235780671,0.030669818,-0.012040006,0.971247613,-0.202684030,-0.089442417,-1.321899176,0.992626786,0.014137798,-0.031762876,0.116117440,-0.066746458,-0.084635004,-1.311639428,0.986655295,0.024865193,-0.030356018,0.158024237,-0.129553199,-0.231991902,-1.302563071,0.989938855,0.027992321,-0.069912605,0.119790465
250,3215186,61435,headmotion,slow,0.016837439,1.361327887,-0.535705745,-0.230963677,0.033760112,-0.004818747,0.972364545,-0.197625518,-0.100517675,-1.324688792,0.996933937,0.005875216,-0.051276401,0.058812995,-0.061508212,-0.097250968,-1.309477925,0.985332906,0.014505105,-0.037976157,0.165730014,-0.126314551,-0.243259102,-1.295664787,0.982888222,0.020470083,-0.086955570,0.161091715
251,3215436,61685,headmotion,slow,0.011466874,1.364097118,-0.535039306,-0.221650824,0.037883386,0.011633320,0.974320471,-0.191675171,-0.116097465,-1.290350676,0.979632974,-0.022069976,-0.040027596,0.195524916,-0.058675401,-0.120856792,-1.308957100,0.984358013,-0.004017373,-0.016989471,0.175312757,-0.129670963,-0.265507638,-1.298609614,0.986001134,0.004578718,-0.037087288,0.162497327
252,3215672,61921,headmotion,slow,0.003016317,1.367547989,-0.532977819,-0.207879841,0.046945270,0.034591768,0.976414621,-0.179792464,-0.142079994,-1.287933946,0.975590110,-0.042765651,-0.041677795,0.211324513,-0.046905268,-0.155374482,-1.313250303,0.983126283,-0.032181852,-0.030894235,0.177405372,-0.124887839,-0.294563740,-1.288873076,0.998950124,-0.016202701,0.012828332,0.040884621
253,3215922,62171,headmotion,slow,-0.008849474,1.369042993,-0.529812455,-0.199042916,0.062514640,0.059076484,0.976208866,-0.153340578,-0.158346802,-1.313270926,0.983727515,-0.075899795,-0.016659113,0.161993459,-0.019023929,-0.176075116,-1.314019799,0.983152390,-0.059376288,-0.021952963,0.171475574,-0.104687050,-0.311394572,-1.295771599,0.982021749,-0.052360259,-0.050508525,0.174185663
254,3216144,62393,headmotion,slow,-0.019732879,1.370565772,-0.525521636,-0.187297985,0.069807149,0.091219030,0.975564241,-0.150227129,-0.171137407,-1.288552284,0.969983101,-0.101659894,-0.040031087,0.217245594,-0.019907175,-0.199834883,-1.311564922,0.975858688,-0.094324239,-0.029466778,0.194767907,-0.114298217,-0.330071509,-1.290875196,0.993450403,-0.081373118,0.008149252,0.079802170
255,3216366,62615,headmotion,slow,-0.032165695,1.370241165,-0.520665646,-0.179661974,0.092264771,0.119725496,0.972046614,-0.107052319,-0.182269230,-1.300080061,0.968153715,-0.139139712,-0.021718331,0.206994802,0.022433516,-0.219655856,-1.314679265,0.973772466,-0.129037902,-0.008096457,0.187218770,-0.080598518,-0.340515256,-1.284041286,0.991033912,-0.123457484,0.020128362,0.046955783
256,3216602,62851,headmotion,slow,-0.044687927,1.369839907,-0.515551329,-0.174292147,0.111638904,0.141493484,0.968059182,-0.066333696,-0.193001613,-1.309112072,0.965927422,-0.169544026,-0.021012360,0.194415867,0.060584933,-0.234476224,-1.303965688,0.965154231,-0.157849625,-0.005184980,0.208647907,-0.048846342,-0.353933454,-1.298555017,0.984367847,-0.157107726,-0.031569701,0.073078528
257,3216825,63074,headmotion,slow,-0.054680008,1.369524240,-0.512388587,-0.168394938,0.114517197,0.161004841,0.965715468,-0.067432582,-0.200060174,-1.302700281,0.960420310,-0.187795401,-0.006742805,0.205621839,0.059482574,-0.253865153,-1.336938739,0.984173834,-0.174656689,0.023676187,0.018340195,-0.055256236,-0.356570661,-1.276004076,0.960475147,-0.174830511,-0.049328506,0.210923061
258,3217048,63297,headmotion,slow,-0.062445991,1.368321300,-0.510849833,-0.164873287,0.117942818,0.181245655,0.962318182,-0.068257466,-0.202262327,-1.307756782,0.955178916,-0.209251821,-0.027107066,0.207634762,0.056129873,-0.259448618,-1.330383539,0.965954959,-0.202588648,0.022770552,0.159280986,-0.062863082,-0.360754788,-1.283522248,0.959389329,-0.194550529,-0.026014175,0.202596739
259,3217269,63518,headmotion,slow,-0.069759123,1.366640329,-0.509725451,-0.163407862,0.127068430,0.196703032,0.958362877,-0.051074523,-0.201226458,-1.304256916,0.949709177,-0.226464391,-0.009336073,0.216053694,0.071265817,-0.261771023,-1.319880843,0.962660372,-0.217344388,0.005005918,0.161311477,-0.051642455,-0.359035134,-1.279634595,0.978301942,-0.206889078,0.008169173,-0.007450541
260,3217492,63741,headmotion,slow,-0.075237222,1.364880919,-0.509629011,-0.164340600,0.135367841,0.206015497,0.955104887,-0.032402094,-0.199242666,-1.305454731,0.952323854,-0.237416103,0.001224785,0.191602349,0.089959860,-0.265309095,-1.335874915,0.962129056,-0.227203771,0.045342769,0.143632218,-0.036453448,-0.355130047,-1.273465753,0.950272441,-0.224402875,-0.014695824,0.215428963
261,3217714,63963,headmotion,slow,-0.075371273,1.364899516,-0.510171533,-0.163812399,0.133445248,0.201818287,0.956361473,-0.033777572,-0.201335773,-1.300669432,0.950811327,-0.235490382,-0.014799713,0.200706467,0.088731490,-0.266153514,-1.328560114,0.964631498,-0.225728914,0.021468122,0.134430945,-0.036720842,-0.357327312,-1.270787239,0.946340978,-0.218548164,-0.007862106,0.237936214
262,3217936,64185,headmotion,slow,-0.070990793,1.366485834,-0.511615336,-0.165248141,0.125389069,0.184087470,0.960771799,-0.044721510,-0.204677805,-1.307544351,0.956395924,-0.214559183,-0.008483479,0.197987884,0.079086192,-0.261297137,-1.317979336,0.966778159,-0.209068149,0.003373231,0.147034422,-0.040652305,-0.360282362,-1.272045016,0.955362022,-0.198683500,-0.016794018,0.218005106
263,3218159,64408,headmotion,slow,-0.062789708,1.368887544,-0.513739169,-0.165368780,0.113735311,0.162901029,0.966012776,-0.065245047,-0.209299669,-1.300265074,0.958907366,-0.191000655,-0.026922891,0.208064064,0.060664341,-0.260765910,-1.318850517,0.964640617,-0.181401670,0.013163419,0.190758154,-0.053613469,-0.367303073,-1.277229309,0.960763574,-0.175586209,-0.020419976,0.213742539
264,3218394,64643,headmotion,slow,-0.053307019,1.370720625,-0.516169727,-0.167002097,0.103105202,0.139029607,0.970644295,-0.081131674,-0.213371173,-1.303326488,0.965236247,-0.160842761,-0.017058382,0.205323234,0.046751402,-0.259475052,-1.326845884,0.986950040,-0.146578580,0.066602916,-0.002891176,-0.060811616,-0.366472960,-1.266520977,0.956496954,-0.146139994,-0.021166723,0.251612037
265,3218603,64852,headmotion,slow,-0.044181269,1.371762872,-0.518767476,-0.169253170,0.093256794,0.116843626,0.974168420,-0.095057204,-0.213571191,-1.296008945,0.965825081,-0.138181150,-0.016436186,0.218672767,0.034365639,-0.248143449,-1.296817183,0.964272201,-0.125166044,-0.008047382,0.233340546,-0.067213207,-0.370223105,-1.274881244,0.967295885,-0.120005332,-0.029392444,0.221525222
266,3218825,65074,headmotion,slow,-0.035299323,1.372385383,-0.521222472,-0.171198055,0.086724266,0.093477637,0.976950407,-0.100856178,-0.218325838,-1.296228886,0.969447672,-0.113074124,-0.026775913,0.216029033,0.030300334,-0.247831360,-1.304605961,0.974068463,-0.096483380,-0.010981104,0.204355255,-0.065486655,-0.371979326,-1.271473527,0.967571378,-0.090121053,-0.008436430,0.235823378
267,3219048,65297,headmotion,slow,-0.026262036,1.372528315,-0.523537576,-0.173421174,0.073781237,0.071715221,0.979458213,-0.120232090,-0.219925657,-1.289827585,0.966752291,-0.088247359,-0.028468603,0.238310620,0.011375081,-0.244695202,-1.306503296,0.976732552,-0.080943488,-0.024329765,0.197103634,-0.078342631,-0.372371048,-1.270606995,0.973175466,-0.073660396,-0.027067373,0.216266006
268,3219284,65533,headmotion,slow,-0.016458347,1.372714520,-0.525569081,-0.177236542,0.058398996,0.046336297,0.981340766,-0.146325439,-0.220209524,-1.289266706,0.970563293,-0.063457467,-0.046788312,0.227576286,-0.014000602,-0.237807482,-1.310702324,0.980625272,-0.041951150,-0.018303122,0.190470919,-0.096089855,-0.372358948,-1.278627634,0.979098916,-0.034724154,-0.001638515,0.200391680
269,3219505,65754,headmotion,slow,-0.006243259,1.371511698,-0.528206170,-0.184930801,0.042489998,0.020523803,0.981618047,-0.172320724,-0.209987596,-1.283330202,0.972630978,-0.030816725,-0.033242393,0.227890879,-0.039855100,-0.221316621,-1.314281821,0.981853604,-0.011603400,-0.030726088,0.186774880,-0.113269441,-0.361025304,-1.280315161,0.978069723,-0.005374756,-0.021575974,0.207087636
270,3219728,65977,headmotion,slow,0.002170260,1.369993925,-0.530377805,-0.191169143,0.028513992,0.004010435,0.981134653,-0.199794739,-0.202337474,-1.282397509,0.969886839,-0.011081149,-0.059546936,0.235904351,-0.067664795,-0.207238257,-1.306989193,0.979864001,0.007291130,-0.040203393,0.195440739,-0.134798810,-0.348417491,-1.273290277,0.970312297,0.018193932,-0.053851597,0.235080913
271,3219978,66227,headmotion,slow,0.009056742,1.368896484,-0.532020092,-0.196037352,0.017714329,-0.009326608,0.980392039,-0.221609473,-0.196901351,-1.282157660,0.967440069,0.004768970,-0.081191964,0.239676654,-0.089088567,-0.197770283,-1.307631612,0.982710600,0.025105411,-0.038591202,0.179332897,-0.152291402,-0.344713807,-1.281857729,0.996442497,0.029753938,-0.024755124,0.074861892
272,3220200,66449,headmotion,slow,0.016476851,1.367539406,-0.532966793,-0.200524509,0.011062198,-0.024057219,0.979330778,-0.232205197,-0.193033725,-1.278336406,0.973402321,0.023870075,-0.057624124,0.220448732,-0.099774651,-0.189114168,-1.302461386,0.978988469,0.041216943,-0.041303087,0.195388973,-0.157715470,-0.335768580,-1.276133180,0.974250913,0.049577959,-0.070582427,0.208315372
273,3220451,66700,headmotion,slow,0.021762608,1.366114259,-0.533651292,-0.203420535,0.002315238,-0.034337513,0.978486419,-0.247975975,-0.190506577,-1.267817140,0.966435373,0.034440488,-0.068545662,0.245189905,-0.117818356,-0.183290601,-1.299919248,0.981796741,0.050357953,-0.052085895,0.175574198,-0.171980873,-0.334014446,-1.277721524,0.995833099,0.053541720,-0.067518950,0.029847903
274,3220686,66935,headmotion,slow,0.023292320,1.365617752,-0.534747779,-0.205234274,0.000049998,-0.036016013,0.978049934,-0.259977758,-0.193815276,-1.307053685,0.987272739,0.040389519,-0.080870166,0.130848363,-0.123490974,-0.180157527,-1.302327275,0.982320011,0.056890197,-0.036651719,0.174549490,-0.177636817,-0.331144631,-1.281466365,0.980149031,0.065947168,-0.053056832,0.179286987
275,3220922,67171,headmotion,slow,0.019468501,1.366230249,-0.535807908,-0.204101950,0.007557752,-0.024937570,0.978602767,-0.242882013,-0.186567813,-1.275731683,0.973618507,0.031114463,-0.055632904,0.219098017,-0.110717401,-0.180176750,-1.297340155,0.979024529,0.040858813,-0.039427236,0.195670620,-0.168117687,-0.329043448,-1.274964094,0.996929407,0.044281196,-0.056519791,0.031247156
276,3221158,67407,headmotion,slow,0.015998997,1.366926432,-0.536855042,-0.201988012,0.011024155,-0.011349141,0.979260206,-0.245910436,-0.190685347,-1.303065538,0.998013377,0.003558852,-0.059287969,-0.021012815,-0.110678755,-0.183559299,-1.295470357,0.979024172,0.033129219,-0.034101263,0.198119313,-0.172856882,-0.330909431,-1.277010918,0.974775255,0.034246206,-0.089773506,0.201447442
277,3221394,67643,headmotion,slow,0.012001250,1.368339300,-0.537073791,-0.197402224,0.013487753,0.007032134,0.980204582,-0.253285557,-0.195305541,-1.305844545,0.996939301,-0.010976700,-0.077396072,-0.001171390,-0.116831049,-0.192824766,-1.300351858,0.983376145,0.009912405,-0.039430916,0.176969886,-0.184949294,-0.339558721,-1.280045033,0.996814609,0.014454739,-0.033066962,0.071121387
278,3221630,67879,headmotion,slow,0.001560537,1.369539499,-0.535705984,-0.191323653,0.025070805,0.033479661,0.980635405,-0.236523226,-0.196626320,-1.305241346,0.986136019,-0.039190222,-0.131870821,0.092790172,-0.101396933,-0.202183366,-1.302478433,0.982784927,-0.019379035,-0.057340261,0.174557507,-0.175492451,-0.338760883,-1.263498187,0.974610806,-0.011830106,-0.063543588,0.214373574
279,3221866,68115,headmotion,slow,-0.013643774,1.370281458,-0.532111228,-0.185644090,0.039547578,0.062370587,0.979837835,-0.209090829,-0.190207362,-1.274085402,0.969782293,-0.065079868,-0.054443620,0.228741735,-0.078528143,-0.211576164,-1.311512589,0.985537827,-0.052286670,-0.053519454,0.152042568,-0.161677599,-0.344843328,-1.274908185,0.973133504,-0.047216278,-0.076355547,0.212018207
280,3222089,68338,headmotion,slow,-0.029836616,1.370821476,-0.527617157,-0.178708360,0.052093461,0.091561094,0.978246450,-0.190059543,-0.197098657,-1.293612719,0.974069178,-0.100662202,-0.051496051,0.195970714,-0.058367092,-0.223256886,-1.305380225,0.974753976,-0.083689287,-0.030351374,0.204767212,-0.149814174,-0.351290852,-1.275316000,0.970480084,-0.077297077,-0.071969405,0.216827035
281,3222311,68560,headmotion,slow,-0.046729468,1.369864583,-0.522820830,-0.174507856,0.065307602,0.119549498,0.975187063,-0.163852647,-0.194827497,-1.291005850,0.967730701,-0.129677653,-0.070604786,0.204195887,-0.034913622,-0.227993771,-1.298728943,0.967485309,-0.110474132,-0.026706003,0.225952566,-0.134435385,-0.351494372,-1.273602724,0.969318986,-0.110615775,-0.051657841,0.213345677
282,3222533,68782,headmotion,slow,-0.065436892,1.368164062,-0.517520130,-0.170524061,0.076156825,0.143432647,0.971878946,-0.137872905,-0.197754845,-1.297906280,0.968940020,-0.157566085,-0.039900113,0.186376423,-0.010795787,-0.240763918,-1.320286393,0.968700826,-0.148030698,-0.006623863,0.199152514,-0.116321422,-0.353750020,-1.271797776,0.964453042,-0.141446084,-0.063466884,0.213998452
283,3222756,69005,headmotion,slow,-0.085153982,1.365607381,-0.512889087,-0.168953285,0.084304869,0.163044691,0.968382120,-0.113602169,-0.196344033,-1.297569513,0.959332585,-0.178889289,-0.046711892,0.213301748,0.012213215,-0.246215418,-1.325880766,0.966866136,-0.166344553,0.006981155,0.193521902,-0.099121749,-0.355059922,-1.277223706,0.963515520,-0.163172424,-0.042077132,0.207947508
284,3222992,69241,headmotion,slow,-0.102602080,1.362661123,-0.508935988,-0.168641597,0.089955024,0.178162247,0.965259731,-0.093963757,-0.192416459,-1.295385957,0.956818461,-0.196350068,-0.038899481,0.210788906,0.030267201,-0.247940928,-1.327447772,0.963458478,-0.190591723,-0.004677136,0.188150704,-0.084932625,-0.350745946,-1.275642514,0.962208033,-0.177067429,-0.020308686,0.205889300
285,3223200,69449,headmotion,slow,-0.120229848,1.359072208,-0.505295396,-0.168167248,0.096903473,0.195339143,0.961338699,-0.072581984,-0.190939516,-1.297258139,0.956047952,-0.214033976,-0.033727851,0.197545499,0.050208673,-0.249942556,-1.328143954,0.961780429,-0.205886319,0.005987257,0.180425540,-0.068772152,-0.349050611,-1.274656177,0.957985997,-0.199073076,-0.038293168,0.202895194
286,3223436,69685,headmotion,slow,-0.132721975,1.356112361,-0.502898335,-0.168337837,0.102643281,0.206180021,0.958444834,-0.054051377,-0.190034464,-1.299026966,0.954981804,-0.227030933,-0.015732607,0.190313295,0.067164712,-0.245991915,-1.294469237,0.950660944,-0.217948362,-0.036976542,0.217658177,-0.054530106,-0.349834442,-1.283812761,0.977852762,-0.207092032,0.011464918,0.028025268
287,3223658,69907,headmotion,slow,-0.136215702,1.355567932,-0.501772285,-0.168500781,0.105060823,0.205439448,0.958313286,-0.043890379,-0.191725418,-1.300772071,0.955132246,-0.229969010,-0.022740807,0.185255423,0.078407079,-0.253685862,-1.325508952,0.963984668,-0.220463842,-0.025531096,0.146551877,-0.044627767,-0.352423519,-1.285836697,0.974971175,-0.211335227,-0.012745510,0.067869060
288,3223866,70115,headmotion,slow,-0.132044613,1.356846333,-0.502248108,-0.169388399,0.103281908,0.197080314,0.960104048,-0.045436881,-0.191134736,-1.300255537,0.953127921,-0.223720357,-0.037178013,0.200285196,0.077408396,-0.251193225,-1.325861335,0.963032186,-0.216285557,-0.018170094,0.159560084,-0.043751471,-0.350875974,-1.283015847,0.956799865,-0.199371830,0.006633897,0.211520612
289,3224089,70338,headmotion,slow,-0.122520134,1.359744310,-0.503760815,-0.168996856,0.102010459,0.175970450,0.964400530,-0.043481994,-0.200020656,-1.296204209,0.959364176,-0.196860373,-0.014597809,0.201626733,0.082166493,-0.254490346,-1.322162509,0.967740834,-0.190321460,-0.020181894,0.163853899,-0.034346797,-0.361761719,-1.289045453,0.981664121,-0.181269601,-0.013620079,0.057371009
290,3224311,70560,headmotion,slow,-0.108448625,1.362897277,-0.506842613,-0.171343684,0.096609868,0.152005225,0.968608439,-0.050852213,-0.201068774,-1.301067114,0.965392709,-0.175401270,-0.013115547,0.192560047,0.078007929,-0.251280993,-1.338109493,0.975356758,-0.163899362,0.014437868,0.146995917,-0.033667542,-0.359313190,-1.280413151,0.969145238,-0.157962650,-0.034628917,0.186027288
291,3224521,70770,headmotion,slow,-0.088699058,1.364704728,-0.512289941,-0.176852345,0.086332515,0.122765541,0.972727418,-0.069958977,-0.192768559,-1.293761611,0.967192948,-0.141559795,-0.020212216,0.209976509,0.060246140,-0.233791038,-1.328390837,0.978321612,-0.128066614,0.021982219,0.161253378,-0.044038616,-0.352639526,-1.286525369,0.990893543,-0.125546753,-0.021801373,0.043505102
292,3224742,70991,headmotion,slow,-0.067700759,1.366187572,-0.518223643,-0.183413848,0.073470235,0.092768788,0.975887001,-0.095250539,-0.185671628,-1.299015880,0.971475482,-0.111712709,-0.034227572,0.206359312,0.036041796,-0.217157841,-1.325852871,0.984119177,-0.098232627,-0.009794786,0.147525579,-0.058667608,-0.341311514,-1.280789852,0.977253497,-0.097422399,-0.067445010,0.175885558
293,3224964,71213,headmotion,slow,-0.045098189,1.366506934,-0.525904536,-0.191621661,0.055945579,0.060417142,0.978008687,-0.132914186,-0.176475212,-1.291656733,0.976031005,-0.075287037,-0.034945533,0.201182052,-0.000620589,-0.193855464,-1.292134762,0.968769789,-0.058142494,-0.021806439,0.240060568,-0.085888349,-0.329611361,-1.281734347,0.979306579,-0.053156137,-0.019463379,0.194304392
294,3225186,71435,headmotion,slow,-0.025416512,1.366061687,-0.532872558,-0.199775264,0.036964986,0.028799059,0.978720605,-0.173730597,-0.167988405,-1.282349110,0.977534533,-0.030962255,-0.037230227,0.205137730,-0.041255288,-0.180107638,-1.317093730,0.987455726,-0.021379787,-0.033195399,0.152879521,-0.116072655,-0.319751501,-1.284427166,0.983121216,-0.015377112,-0.059447210,0.172343388
295,3225422,71671,headmotion,slow,-0.011283532,1.365480781,-0.537465155,-0.204964176,0.022639880,0.007012145,0.978482485,-0.203733981,-0.165890753,-1.274127960,0.976560950,-0.006327183,-0.060302235,0.206524476,-0.071726300,-0.169922784,-1.303054214,0.983062208,0.008379546,-0.024122406,0.181484461,-0.139303431,-0.313615084,-1.279329658,0.981288910,0.014721057,-0.050656278,0.185173646
296,3225658,71907,headmotion,slow,0.001475512,1.363854170,-0.541888177,-0.211468011,0.010144440,-0.013847655,0.977234185,-0.233232126,-0.165454760,-1.299336791,0.997304976,0.014525858,-0.037832178,0.061160132,-0.097780794,-0.158993199,-1.299908757,0.985107839,0.030994792,-0.024366392,0.167356446,-0.158716813,-0.307583123,-1.282603502,0.982597232,0.039616078,-0.075498454,0.165024966
297,3225907,72156,headmotion,slow,0.010807571,1.362354994,-0.544226885,-0.217015803,-0.001543507,-0.026495418,0.975807250,-0.259886503,-0.158521637,-1.287512541,0.989628077,0.040876206,-0.054845545,0.126322821,-0.125827357,-0.148289636,-1.297265887,0.985603094,0.045121036,-0.072633468,0.145859748,-0.182127789,-0.298111469,-1.275239468,0.995531857,0.057487618,0.001671476,0.074891336
298,3226145,72394,headmotion,slow,0.018505313,1.361233711,-0.544823587,-0.220628619,-0.012911577,-0.036379863,0.974593639,-0.287144244,-0.156534046,-1.290412426,0.996986568,0.036758494,-0.068288803,-0.001801357,-0.152722523,-0.142431185,-1.297315717,0.984936714,0.063481160,-0.065063119,0.147094011,-0.203393161,-0.291608095,-1.267063975,0.976434350,0.069784127,-0.091825768,0.182412073
299,3226394,72643,headmotion,slow,0.019128146,1.361765742,-0.544539750,-0.220649362,-0.013961167,-0.034741540,0.974634290,-0.293596387,-0.156902656,-1.296093464,0.986017704,0.044745859,-0.119929209,0.106695414,-0.158234328,-0.143145487,-1.298347235,0.982335269,0.062142171,-0.070653901,0.161752269,-0.208983317,-0.291903973,-1.265227795,0.974394977,0.075676508,-0.069986455,0.199823469
300,3226658,72907,headmotion,slow,0.012696660,1.365001917,-0.542891264,-0.213643640,-0.003507401,-0.018318363,0.976733625,-0.273796618,-0.167005911,-1.296345472,0.998537123,0.023689389,-0.032580029,0.036070328,-0.138488531,-0.157989919,-1.299057126,0.985003531,0.043419302,-0.040456537,0.162006453,-0.195602298,-0.304857194,-1.268924236,0.976904988,0.047293555,-0.085384175,0.190077767
301,3226881,73130,headmotion,slow,0.004403164,1.367889166,-0.540448546,-0.206021026,0.004410921,0.002065914,0.978535473,-0.259452164,-0.172130898,-1.271706223,0.971875906,0.002273378,-0.076326177,0.222769871,-0.127808198,-0.173524335,-1.300593734,0.982715428,0.016961152,-0.075427033,0.168206736,-0.191469893,-0.316951066,-1.267411470,0.972616136,0.030767202,-0.074683689,0.217930228
302,3227102,73351,headmotion,slow,-0.006440033,1.369298220,-0.538040519,-0.200394541,0.016202074,0.024443753,0.979276240,-0.238261551,-0.174220026,-1.271387458,0.971579850,-0.017904945,-0.074261174,0.224047378,-0.107102498,-0.182689980,-1.302131414,0.982262850,-0.006520796,-0.036595244,0.183787748,-0.178457916,-0.324148476,-1.273197770,0.975091100,-0.000012952,-0.086851202,0.204093531
303,3227325,73574,headmotion,slow,-0.020761836,1.370625138,-0.534284890,-0.192147315,0.031941131,0.050389498,0.979550958,-0.210390016,-0.184516862,-1.292072535,0.980140746,-0.055573057,-0.046040788,0.184705421,-0.077052258,-0.199478611,-1.307033896,0.980735958,-0.042447027,-0.061829705,0.180367067,-0.157230556,-0.336419582,-1.278182745,0.979615152,-0.036821511,-0.096995212,0.172018319
304,3227547,73796,headmotion,slow,-0.037621498,1.370870113,-0.530199707,-0.184369385,0.051102135,0.081331320,0.978152215,-0.176066279,-0.189940825,-1.290904641,0.971744061,-0.088667609,-0.060450926,0.210231572,-0.044358950,-0.211884826,-1.293934345,0.974804401,-0.072948895,-0.033568617,0.208105668,-0.132773638,-0.343118548,-1.273088098,0.973281562,-0.068721958,-0.048990451,0.213542253
305,3227768,74017,headmotion,slow,-0.053982340,1.370055079,-0.527050555,-0.178331241,0.074666083,0.116421342,0.974201739,-0.130228430,-0.192269996,-1.293141961,0.968218148,-0.128836066,-0.046278741,0.209316000,-0.001870126,-0.230477735,-1.319884181,0.992093086,-0.116949759,0.042887233,-0.015325064,-0.100533918,-0.347752899,-1.270859599,0.966712892,-0.109137051,-0.028772844,0.229624614
306,3227992,74241,headmotion,slow,-0.068937190,1.367998242,-0.524420202,-0.176399603,0.098088741,0.148565292,0.968085825,-0.084881067,-0.188488767,-1.293333173,0.963587582,-0.172714978,-0.033657026,0.201334789,0.042814016,-0.235003456,-1.315410614,0.970440745,-0.163003668,-0.007876348,0.177799016,-0.066360369,-0.344534099,-1.266186476,0.963949740,-0.153780237,-0.043496732,0.212745413
307,3228200,74449,headmotion,slow,-0.081611142,1.366319180,-0.521964788,-0.172811806,0.111831106,0.172749996,0.963217199,-0.058814749,-0.191953912,-1.292575240,0.959709346,-0.197901428,-0.023102425,0.198139474,0.066803135,-0.245794281,-1.316155314,0.961869836,-0.189100444,0.033159297,0.194802284,-0.050019335,-0.349534690,-1.268490672,0.959454656,-0.183175147,-0.016167888,0.213617116
308,3228421,74670,headmotion,slow,-0.091992177,1.364555597,-0.519433796,-0.170054197,0.132067174,0.194208533,0.957038581,-0.017441658,-0.198101372,-1.294912577,0.953620076,-0.226558909,-0.005554230,0.198113561,0.105696157,-0.258449554,-1.308737278,0.963882267,-0.221050322,0.006109576,0.148426682,-0.017311439,-0.357995033,-1.278788805,0.978756666,-0.204559788,0.009285386,0.010219838
309,3228645,74894,headmotion,slow,-0.098305412,1.363455534,-0.516961753,-0.167303964,0.142736539,0.207100898,0.953281164,0.003448412,-0.204276636,-1.288531423,0.949895859,-0.241124749,0.009664284,0.198653921,0.125602365,-0.269493788,-1.308901787,0.962182641,-0.234399721,0.011491587,0.138308600,-0.001118939,-0.364994466,-1.277305841,0.975961030,-0.215675116,0.023741996,0.020509385
310,3228853,75102,headmotion,slow,-0.102468282,1.361844182,-0.515696943,-0.167236045,0.147579730,0.214724571,0.950865746,0.013599679,-0.204825446,-1.299383402,0.953458369,-0.251099259,0.007809130,0.166749343,0.135707512,-0.271366566,-1.316180587,0.960538924,-0.238679424,0.043467388,0.136042923,0.005422454,-0.364153683,-1.278800368,0.969838262,-0.237412557,-0.015237276,0.053074028
311,3229089,75338,headmotion,slow,-0.099969797,1.363094568,-0.516927004,-0.166462004,0.144055977,0.206240967,0.953416407,0.008643202,-0.207333788,-1.285664558,0.949770391,-0.241715044,-0.001592868,0.198765025,0.130499512,-0.272507399,-1.306329727,0.952866077,-0.237775981,0.027647931,0.186398640,0.003800094,-0.365510345,-1.265162349,0.949319839,-0.227129847,0.009773775,0.217044517
312,3229297,75546,headmotion,slow,-0.091293402,1.365113258,-0.520867467,-0.169902354,0.140941501,0.177590117,0.959025741,0.015530732,-0.209694535,-1.290690660,0.956802130,-0.214883551,0.005969566,0.195752591,0.139909461,-0.265108883,-1.299211502,0.961357594,-0.208292186,0.022770379,0.178570703,0.020047158,-0.367468238,-1.265400052,0.958704054,-0.197951168,0.005078784,0.204147294
313,3229505,75754,headmotion,slow,-0.078370057,1.366461158,-0.527076483,-0.178502724,0.128771067,0.132273510,0.966467023,0.012095325,-0.199474975,-1.287779927,0.967228055,-0.164872348,0.000687702,0.193097219,0.141098291,-0.242906675,-1.298185587,0.966674745,-0.161404490,0.028908834,0.196603179,0.032080263,-0.356094420,-1.263813138,0.961656034,-0.149818674,0.008625521,0.229559720
314,3229700,75949,headmotion,slow,-0.063105829,1.367967486,-0.532989621,-0.182187870,0.113580585,0.085157178,0.972962141,-0.000284322,-0.202574506,-1.286678672,0.973222733,-0.119730771,0.024227547,0.194717944,0.133804619,-0.235621512,-1.307446957,0.980785370,-0.111449115,0.039113633,0.155271783,0.034793071,-0.358128160,-1.268225908,0.973155022,-0.099223182,0.013676432,0.207212731
315,3229908,76157,headmotion,slow,-0.048085961,1.368810058,-0.538599432,-0.186046526,0.098020814,0.042565368,0.976712227,-0.017590230,-0.205355823,-1.285050273,0.976752281,-0.072243705,0.017928025,0.201033279,0.114957064,-0.219615906,-1.277271509,0.968962193,-0.056217887,0.032082852,0.238584504,0.031422913,-0.354101717,-1.255913615,0.974807024,-0.057673935,-0.019175787,0.214609697
316,3230130,76379,headmotion,slow,-0.032243565,1.369316459,-0.542991400,-0.189017966,0.080266558,0.008397511,0.978651583,-0.046983637,-0.208920255,-1.285975575,0.976751983,-0.029044459,0.015032576,0.211863190,0.088041008,-0.215277418,-1.290227890,0.982477963,-0.017540656,0.018737568,0.184603319,0.014144495,-0.356068820,-1.267491341,0.978340030,-0.013230593,-0.025974918,0.204941601
317,3230353,76602,headmotion,slow,-0.013425921,1.369884610,-0.546626568,-0.192249015,0.063456669,-0.021054832,0.979066014,-0.078238204,-0.212197885,-1.283113360,0.977518201,-0.001386202,-0.000438683,0.210846111,0.056804553,-0.211017832,-1.294599771,0.981971383,0.010306798,0.010912310,0.188432679,-0.008377558,-0.355433762,-1.262826562,0.997712553,0.027818153,0.033456493,0.051734742
318,3230575,76824,headmotion,slow,0.005473227,1.370925069,-0.549068928,-0.194562703,0.052455742,-0.039721932,0.978680670,-0.106540516,-0.216217667,-1.289206386,0.968487203,0.018705521,-0.063451648,0.240117744,0.027416028,-0.211423174,-1.302509904,0.986467957,0.040440593,-0.009142043,0.158625379,-0.030643217,-0.358057857,-1.270298958,0.976727724,0.041604590,-0.030497624,0.208187312
319,3230811,77060,headmotion,slow,0.022956660,1.372210860,-0.552417219,-0.197255462,0.048693437,-0.048026521,0.977963507,-0.127114326,-0.222805843,-1.309950233,0.991596580,0.038880438,-0.012482740,0.122755073,0.006847229,-0.207149789,-1.289686084,0.982723236,0.047708843,-0.007411523,0.178672865,-0.048462540,-0.358651400,-1.271479130,0.996852160,0.059198078,0.009219089,0.051926356
320,3231019,77268,headmotion,slow,0.037233777,1.372830629,-0.557521999,-0.200872570,0.049135339,-0.045458488,0.977327704,-0.144346759,-0.216609374,-1.308137298,0.992670774,0.040569503,-0.007395071,0.113596290,-0.009320796,-0.204221711,-1.305963993,0.992115378,0.045023236,-0.008542215,0.116649024,-0.065912880,-0.353352427,-1.273689985,0.996689677,0.058670133,-0.001790978,0.056251671
321,3231256,77505,headmotion,slow,0.044450562,1.370632172,-0.562216818,-0.208636343,0.048577603,-0.042081170,0.975879192,-0.158211231,-0.195621029,-1.311663866,0.999412239,0.028529584,-0.009332440,0.016558355,-0.022613913,-0.181992069,-1.291594028,0.985149086,0.044432167,-0.002025997,0.165840298,-0.079649612,-0.330894649,-1.268424749,0.996288657,0.057052430,0.034841228,0.054221828
322,3231492,77741,headmotion,slow,0.046542197,1.370156288,-0.564304888,-0.211218715,0.050253958,-0.037182160,0.975437701,-0.159032136,-0.180662379,-1.275364637,0.975965142,0.022261035,-0.025600769,0.215269774,-0.025667401,-0.174866602,-1.288833022,0.985677898,0.036770303,-0.011264308,0.164195299,-0.083576262,-0.324274838,-1.271692276,0.977742493,0.045927826,-0.044805914,0.199756756
323,3231727,77976,headmotion,slow,0.046261441,1.370094657,-0.564346910,-0.211941764,0.050475087,-0.033821601,0.975391746,-0.161862865,-0.181445703,-1.292735577,0.986654878,0.024228102,-0.022998586,0.159361944,-0.027567845,-0.171430543,-1.282473207,0.982111335,0.034544505,0.000009037,0.185105577,-0.086917944,-0.322589964,-1.275988340,0.981775284,0.036943913,-0.074500822,0.170886338
324,3231964,78213,headmotion,slow,0.045159310,1.370236158,-0.562607825,-0.211586297,0.048505086,-0.030862397,0.975666940,-0.167798981,-0.180804253,-1.294306874,0.990319848,0.022949833,-0.017309509,0.135794878,-0.033879604,-0.172344193,-1.291699409,0.986315966,0.032752588,-0.029963560,0.158777386,-0.093010172,-0.320090562,-1.269188285,0.975512385,0.033947371,-0.075724095,0.203688681
325,3232201,78450,headmotion,slow,0.041822415,1.369519949,-0.558772743,-0.213852778,0.048731405,-0.027672751,0.975257099,-0.168162197,-0.173499003,-1.316320181,0.992568433,0.021632370,-0.050051153,0.108788192,-0.032025155,-0.163903937,-1.296213865,0.986895025,0.032776542,-0.003311579,0.157964930,-0.093188033,-0.312312037,-1.280824423,0.978778780,0.039412778,-0.046766456,0.195580468
326,3232450,78699,headmotion,slow,0.037448481,1.370126963,-0.553205788,-0.212291181,0.048618224,-0.023194715,0.975720644,-0.163492039,-0.166756302,-1.271432996,0.968516111,0.009640651,-0.037796862,0.245875970,-0.031079972,-0.164293632,-1.290635347,0.981947482,0.024961695,-0.019746177,0.186456919,-0.093428008,-0.312634677,-1.280528188,0.973512053,0.035579257,-0.049020357,0.220466390
327,3232687,78936,headmotion,slow,0.034089535,1.370631218,-0.548998713,-0.211672664,0.046525758,-0.019686202,0.976034045,-0.169356123,-0.165675864,-1.282128334,0.973712981,0.005882296,-0.038521159,0.224420443,-0.035984002,-0.164348289,-1.295846820,0.981173277,0.023093071,-0.005324130,0.191669866,-0.098761998,-0.310690463,-1.278769732,0.977305889,0.030027796,-0.065306552,0.199265316
328,3232936,79185,headmotion,slow,0.030529268,1.370821238,-0.545190513,-0.211597741,0.048003301,-0.016447105,0.976038754,-0.163930386,-0.162496939,-1.279943466,0.970989108,0.005783680,-0.036699165,0.236219972,-0.031127259,-0.164136827,-1.313904643,0.989325047,0.022232551,0.007369472,0.143831253,-0.095148697,-0.310286939,-1.288817286,0.982224286,0.028623836,-0.038274329,0.181524694
329,3233172,79421,headmotion,slow,0.026261145,1.371622920,-0.543040633,-0.210350528,0.048982315,-0.012730378,0.976315200,-0.159988478,-0.163722768,-1.278061390,0.974487305,-0.001501444,-0.032391097,0.222087964,-0.027887180,-0.165434763,-1.303843379,0.982675195,0.017983837,-0.007678758,0.184301585,-0.092208803,-0.309979141,-1.282029748,0.976933599,0.020945270,-0.055183310,0.205223799
330,3233423,79672,headmotion,medium,0.022432186,1.371380448,-0.542692304,-0.210901499,0.047102507,-0.008207562,0.976337314,-0.165188983,-0.161170706,-1.281330466,0.972453713,-0.005155622,-0.031671293,0.230876923,-0.032930449,-0.163498983,-1.308472753,0.985647261,0.014536924,-0.025447246,0.166254640,-0.098717749,-0.309109688,-1.289068103,0.984221101,0.013700071,-0.062933721,0.164804339
331,3233672,79921,headmotion,medium,0.019539051,1.371121764,-0.543487191,-0.210671499,0.046709511,-0.004482817,0.976430058,-0.168880269,-0.166722447,-1.317382097,0.994475782,-0.010308601,-0.094955392,0.043533128,-0.033866122,-0.162809998,-1.304233193,0.984947026,0.007604205,-0.022940848,0.171158507,-0.100626804,-0.306765586,-1.280777097,0.977779686,0.017321616,-0.053618476,0.201920539
332,3233923,80172,headmotion,medium,0.017953418,1.370724916,-0.545465589,-0.211464167,0.048517168,-0.001629770,0.976179481,-0.164994761,-0.162910536,-1.310042381,0.991283000,-0.013395268,-0.121214837,0.049855463,-0.031121656,-0.160104975,-1.294509172,0.980360627,0.007859739,-0.008643733,0.196866706,-0.099027850,-0.306486815,-1.285911679,0.998171031,0.015403295,0.010813708,0.057449140
333,3234159,80408,headmotion,medium,0.023744131,1.369521618,-0.548924267,-0.214162320,0.052480217,-0.007067636,0.975361645,-0.157375112,-0.158762053,-1.315911174,0.997510374,-0.008316532,-0.068613313,-0.014002725,-0.022207396,-0.153971240,-1.290459394,0.978085935,0.007353475,-0.004693728,0.208018899,-0.088840269,-0.299921572,-1.286441684,0.983185053,0.015816635,-0.048840806,0.175247103
334,3234409,80658,headmotion,medium,0.034645293,1.368592262,-0.553055227,-0.215867192,0.058463495,-0.011906248,0.974598169,-0.148439914,-0.150490612,-1.282135725,0.976728320,-0.005037003,-0.021030948,0.213387340,-0.015057292,-0.151062325,-1.295950294,0.984597504,0.013288446,0.015761031,0.173616797,-0.080797076,-0.295934170,-1.279311180,0.977461457,0.023784904,-0.026910612,0.208036691
335,3234658,80907,headmotion,medium,0.051324692,1.366589546,-0.559037447,-0.218599290,0.065764166,-0.021642758,0.973355532,-0.141896725,-0.152793840,-1.318810344,0.999969363,0.004732885,-0.005920229,0.001976936,-0.006669411,-0.145400748,-1.294667840,0.986600339,0.016878722,0.008884758,0.162036851,-0.070784494,-0.291882545,-1.275086880,0.999012053,0.025161175,0.023683801,0.027945144
336,3234893,81142,headmotion,medium,0.073564522,1.363196015,-0.566146672,-0.224031284,0.067679211,-0.039772965,0.971415281,-0.144509017,-0.146590635,-1.308290243,0.995973408,0.019427732,-0.069580577,-0.053085547,-0.009842258,-0.135733277,-1.295746922,0.985951424,0.034383453,0.008476574,0.163235053,-0.070228338,-0.285433710,-1.283508897,0.996209443,0.047720328,0.031199034,0.065696836
337,3235142,81391,headmotion,medium,0.095557280,1.359917521,-0.572280347,-0.228995353,0.067164436,-0.056674443,0.969452441,-0.155511796,-0.142607480,-1.315870881,0.992560804,0.041864142,0.007761670,0.114062577,-0.020921180,-0.125207871,-1.274453521,0.979504168,0.053782087,0.027092196,0.192210957,-0.074982196,-0.279975325,-1.286095142,0.997679234,0.059579708,0.004302068,0.032679558
338,3235392,81641,headmotion,medium,0.116164923,1.356865883,-0.578573763,-0.232716486,0.061755169,-0.072129935,0.967898071,-0.178408176,-0.144391611,-1.319658637,0.994535148,0.063010745,-0.002041509,0.083218254,-0.042289406,-0.122061431,-1.276756406,0.981467903,0.069718853,0.022999726,0.177006021,-0.091796815,-0.277533025,-1.279849291,0.996445894,0.081403151,0.017552905,0.012690656
339,3235644,81893,headmotion,medium,0.135554850,1.352517486,-0.585871458,-0.237325475,0.055743784,-0.086330615,0.965979457,-0.198845327,-0.141315058,-1.302747250,0.986684740,0.074654266,-0.031515367,0.141020671,-0.064259499,-0.117570400,-1.274776816,0.980847478,0.088035621,0.006613188,0.173621148,-0.110581450,-0.275056392,-1.282863736,0.994429231,0.097147934,0.000880364,0.040891137
340,3235892,82141,headmotion,medium,0.150896534,1.348908901,-0.592677057,-0.240256026,0.052482221,-0.095918424,0.964532137,-0.216528505,-0.142374784,-1.298595786,0.987346351,0.087940961,-0.024619021,0.129643679,-0.081948727,-0.116189703,-1.283348560,0.987363219,0.097016089,0.012187029,0.124712743,-0.124539852,-0.274724782,-1.282066345,0.993509591,0.101382188,-0.022001667,0.046651088
341,3236141,82390,headmotion,medium,0.162533909,1.345457315,-0.596481979,-0.243075550,0.049775638,-0.103643477,0.963169098,-0.228795260,-0.140263766,-1.294486165,0.991845846,0.094576940,0.005441908,0.085249007,-0.094863251,-0.111603662,-1.273916483,0.985244691,0.105309568,0.018324632,0.133667454,-0.135077298,-0.270842671,-1.277103186,0.991882443,0.118176840,0.009366821,0.045996636
342,3236392,82641,headmotion,medium,0.174774602,1.341513991,-0.599316657,-0.246151790,0.045214951,-0.113773391,0.961467922,-0.247021690,-0.142174542,-1.308704972,0.990075409,0.103731953,-0.049899969,0.080625124,-0.110078439,-0.107756808,-1.258934498,0.974624515,0.121780969,0.013042392,0.187366694,-0.148141131,-0.268027157,-1.272908568,0.989739597,0.128830075,0.031598561,0.053103045
343,3236642,82891,headmotion,medium,0.173696965,1.342415094,-0.598234296,-0.243840948,0.043581296,-0.105951734,0.963024676,-0.254463017,-0.143933803,-1.296696424,0.988520563,0.099691808,-0.032587014,0.108751252,-0.118883252,-0.113132462,-1.270640969,0.979801357,0.115471870,0.021349976,0.161863312,-0.158898473,-0.273137629,-1.272935033,0.989461541,0.120990589,0.003283389,0.079475723
344,3236894,83143,headmotion,medium,0.154858708,1.346504450,-0.594152868,-0.238425672,0.044460841,-0.082093641,0.966662884,-0.254540145,-0.144162521,-1.306402802,0.992471635,0.079160705,-0.037872158,0.085436113,-0.116730072,-0.119277835,-1.276137829,0.987184882,0.089236416,0.001515703,0.132289693,-0.163255870,-0.277073383,-1.276101947,0.994397044,0.094710745,-0.013800440,0.044876974
345,3237142,83391,headmotion,medium,0.122786693,1.351739407,-0.587194800,-0.231019989,0.045196172,-0.047646873,0.970730066,-0.244685546,-0.141104773,-1.287874341,0.997010887,0.041682504,0.007306821,0.064641550,-0.108415589,-0.125260860,-1.266817331,0.983618259,0.053705785,-0.007849352,0.171898797,-0.164451420,-0.278071702,-1.263798475,0.996294975,0.062546805,0.008859801,0.058358684
346,3237380,83629,headmotion,medium,0.086664200,1.356327534,-0.577861905,-0.221858472,0.049886681,-0.014646993,0.973691761,-0.225624278,-0.144120485,-1.299384475,0.998181164,-0.000398531,-0.026907511,0.053946458,-0.088106602,-0.138722807,-1.285348296,0.987574697,0.013895945,-0.034328483,0.152724370,-0.153932065,-0.286056250,-1.266742468,0.998708665,0.023090621,-0.018619394,0.041245371
347,3237630,83879,headmotion,medium,0.055512808,1.358754992,-0.569568157,-0.214770392,0.050653491,0.014662324,0.975239933,-0.211690053,-0.139882714,-1.261993885,0.974501669,-0.021247571,-0.049038813,0.217922628,-0.079266608,-0.146952465,-1.277416825,0.982588530,-0.009899359,-0.018120609,0.184644237,-0.151396930,-0.289849281,-1.265967131,0.978779137,-0.003334089,-0.075359099,0.190528899
348,3237866,84115,headmotion,medium,0.025505358,1.358985782,-0.560360610,-0.208855629,0.049607970,0.042442579,0.975764811,-0.205600247,-0.138257205,-1.258022189,0.974835217,-0.049273893,-0.043018021,0.213114664,-0.074554965,-0.153653607,-1.287946582,0.984988034,-0.037705146,-0.037740715,0.164172560,-0.154314011,-0.292377710,-1.267019987,0.998183250,-0.032582361,-0.033777177,0.037785627
349,3238103,84352,headmotion,medium,-0.001387074,1.359029889,-0.550448954,-0.200778663,0.050258011,0.071492620,0.975730956,-0.202648118,-0.143850371,-1.273252130,0.976011515,-0.079649113,-0.047933456,0.196875498,-0.070695050,-0.166300640,-1.298410416,0.985952556,-0.069493212,-0.061254509,0.138982594,-0.158470944,-0.298915774,-1.268320441,0.994078398,-0.054255005,0.022606567,0.091397323
350,3238339,84588,headmotion,medium,-0.034091838,1.358466148,-0.539587319,-0.190329671,0.056899097,0.114716545,0.973333061,-0.188020289,-0.148742318,-1.276490927,0.972205997,-0.120796286,-0.051810402,0.193751052,-0.058507871,-0.180257216,-1.280903578,0.966966391,-0.108515546,-0.045982230,0.226022139,-0.157522231,-0.307607234,-1.270649314,0.992618322,-0.100909501,0.000668128,0.067273580
351,3238561,84810,headmotion,medium,-0.064213909,1.355639935,-0.529818594,-0.183578804,0.064857200,0.152537256,0.968929708,-0.169198468,-0.149286911,-1.284857273,0.968427598,-0.162996054,-0.056478415,0.179973379,-0.042733356,-0.193809852,-1.311658502,0.974928737,-0.151835158,-0.025807960,0.160605073,-0.150384918,-0.309620529,-1.274572015,0.987841129,-0.148433119,-0.025287226,0.038705580
352,3238783,85032,headmotion,medium,-0.088217698,1.351756215,-0.521378338,-0.178621963,0.073977843,0.185422286,0.963452160,-0.147424310,-0.148249224,-1.287680387,0.961315036,-0.194138139,-0.062453762,0.185157686,-0.024083246,-0.200743243,-1.312587738,0.967880130,-0.185278371,-0.026412917,0.167876139,-0.138690203,-0.307476014,-1.270746112,0.981775999,-0.176208496,0.019470545,0.068465106
353,3239019,85268,headmotion,medium,-0.103341021,1.348284364,-0.516141355,-0.175081089,0.084569156,0.209092975,0.958370924,-0.124341838,-0.149027705,-1.288409472,0.957525909,-0.220490783,-0.053065084,0.178078756,-0.003297461,-0.208407328,-1.314367414,0.957697093,-0.214484811,-0.015934564,0.191203237,-0.125383228,-0.310993493,-1.283272982,0.974804878,-0.212953195,-0.049626797,0.044085741
354,3239241,85490,headmotion,medium,-0.111446343,1.346004605,-0.513811171,-0.171029314,0.095213622,0.227667779,0.953860998,-0.105447337,-0.154337808,-1.288364887,0.952888370,-0.240337178,-0.030659076,0.182487771,0.013440937,-0.222121343,-1.330556273,0.961715221,-0.237974569,0.002278663,0.135892794,-0.111906521,-0.313113660,-1.270567536,0.973577797,-0.227962896,-0.010742166,0.007989458
355,3239464,85713,headmotion,medium,-0.113162391,1.344285965,-0.514984488,-0.170694932,0.099139087,0.235542431,0.951606214,-0.099971212,-0.151939496,-1.282740474,0.949279189,-0.249641553,-0.051656559,0.184064507,0.017791148,-0.218720511,-1.311432719,0.950833142,-0.241537720,-0.003072801,0.193820834,-0.107089892,-0.298538446,-1.209019780,0.967636287,-0.240396783,-0.076510914,-0.005961648
356,3239686,85935,headmotion,medium,-0.111943930,1.342742920,-0.517734170,-0.172994122,0.101616547,0.238149345,0.950279951,-0.094690911,-0.145719454,-1.290607452,0.949177742,-0.257174999,-0.048738971,0.174777478,0.022750378,-0.213977665,-1.311278820,0.956503272,-0.252446741,-0.034742668,0.142004177,-0.104570702,-0.302280813,-1.262239575,0.948427618,-0.238359317,-0.035086729,0.206007048
357,3239922,86171,headmotion,medium,-0.110197268,1.341920376,-0.520443797,-0.174391255,0.106258683,0.239094839,0.949278891,-0.084625885,-0.142353460,-1.281406283,0.947816610,-0.258399665,-0.043894414,0.181511939,0.032227233,-0.209954157,-1.303710341,0.951397896,-0.246917248,-0.009165092,0.183820471,-0.096070156,-0.300345212,-1.264457345,0.970766425,-0.238812253,-0.005305075,-0.023519410
358,3240144,86393,headmotion,medium,-0.103303753,1.342399836,-0.524695277,-0.177839100,0.107740663,0.228018135,0.951195538,-0.078978963,-0.138741657,-1.282411695,0.951463640,-0.248294801,-0.029321052,0.179462880,0.039326698,-0.203486100,-1.297984719,0.954323530,-0.238097191,0.000646322,0.180487975,-0.086230099,-0.296833843,-1.259277940,0.956070840,-0.231061056,-0.029606802,0.177940309
359,3240381,86630,headmotion,medium,-0.089812137,1.344732642,-0.530118763,-0.183311924,0.108463548,0.201391250,0.956072152,-0.071373224,-0.136990845,-1.279359341,0.956897795,-0.221567675,-0.020048006,0.186688140,0.050520405,-0.195732191,-1.296606660,0.958639622,-0.218327701,-0.004913249,0.182534814,-0.071278103,-0.298011750,-1.271332979,0.976630628,-0.208404034,-0.015519015,0.050195090
360,3240602,86851,headmotion,medium,-0.068045385,1.347240210,-0.538076222,-0.191493019,0.101671286,0.164974257,0.962172985,-0.080998674,-0.128542632,-1.274716377,0.963941574,-0.183944926,-0.029268861,0.190063894,0.044598162,-0.177694678,-1.296489716,0.969306946,-0.175671026,0.009740949,0.171723291,-0.068607531,-0.288273811,-1.266486049,0.970113337,-0.169143528,-0.036256395,0.170164898
361,3240839,87088,headmotion,medium,-0.039280146,1.349471927,-0.547662020,-0.198687166,0.094753221,0.118726186,0.968219697,-0.091500998,-0.128221735,-1.280667067,0.975506425,-0.139899239,-0.012844818,0.169264138,0.038391694,-0.163401723,-1.286705852,0.979046345,-0.124161072,0.001400926,0.161400914,-0.064234957,-0.284535587,-1.261038303,0.974433422,-0.124018788,-0.040878210,0.182832927
362,3241075,87324,headmotion,medium,-0.006341134,1.350477695,-0.556367218,-0.206511602,0.083102249,0.064258903,0.972788692,-0.111546591,-0.129066959,-1.272534609,0.979095221,-0.080770202,-0.003193570,0.186650991,0.020441972,-0.149241403,-1.277530789,0.981331468,-0.069478892,0.005692096,0.179245025,-0.067427590,-0.282369941,-1.257746935,0.996612966,-0.058594391,0.048176456,0.031753380
363,3241311,87560,headmotion,medium,0.025951887,1.350041389,-0.562549829,-0.212443307,0.064487696,0.014024564,0.974942327,-0.147569224,-0.133583456,-1.256832719,0.970143855,-0.032955859,-0.028041588,0.238638803,-0.015345858,-0.142205492,-1.278507352,0.985344827,-0.015712576,-0.009160898,0.169601709,-0.088933907,-0.285276681,-1.269386768,0.986142814,-0.009613039,-0.052270204,0.157155111
364,3241547,87796,headmotion,medium,0.056800250,1.347936511,-0.567652047,-0.216678232,0.050134782,-0.030627837,0.974473715,-0.179399371,-0.149855122,-1.286345124,0.986028016,0.023944044,-0.042696506,0.159224436,-0.044676632,-0.142012194,-1.282946229,0.989750206,0.030650081,-0.013886288,0.138788745,-0.104495145,-0.289210111,-1.260403275,0.977037728,0.040465813,-0.053503219,0.202230632
365,3241783,88032,headmotion,medium,0.086350381,1.344236612,-0.571218669,-0.220814630,0.040006198,-0.069618404,0.972005010,-0.201773673,-0.160332635,-1.289694190,0.988829851,0.064844251,-0.028958004,0.131042823,-0.066267580,-0.140242875,-1.278044224,0.982687056,0.073212080,-0.018678287,0.169166535,-0.115191966,-0.294562697,-1.265611887,0.994869649,0.076519541,-0.051127445,0.042013995
366,3242033,88282,headmotion,medium,0.112345643,1.341158032,-0.572175086,-0.222252980,0.025088297,-0.100228101,0.969499111,-0.238784447,-0.179225713,-1.300175309,0.992476642,0.089878939,-0.061457384,0.055990383,-0.102525540,-0.148378655,-1.273695946,0.977933168,0.111389033,-0.009540740,0.176488489,-0.142131194,-0.306476146,-1.269089818,0.980681181,0.116677456,-0.055159710,0.146997273
367,3242269,88518,headmotion,medium,0.121485300,1.340124965,-0.573366463,-0.222911730,0.019806201,-0.102315642,0.969252050,-0.255123377,-0.179595545,-1.278378367,0.988837004,0.103103198,-0.000490992,0.107568368,-0.121651672,-0.149484113,-1.266443610,0.975508273,0.117806040,-0.000185190,0.185756207,-0.160283759,-0.307402879,-1.263631701,0.971719384,0.122840479,-0.074535549,0.187393054
368,3242517,88766,headmotion,medium,0.121347807,1.340193033,-0.574404180,-0.223704115,0.014829285,-0.099748522,0.969426036,-0.269020110,-0.179255962,-1.276650190,0.987263978,0.105094559,-0.020408692,0.117679432,-0.135620117,-0.149756625,-1.271343946,0.979777157,0.114831351,-0.004193310,0.163807541,-0.174271241,-0.307318747,-1.263026953,0.972094476,0.122129709,-0.083231255,0.182179123
369,3242769,89018,headmotion,medium,0.110731438,1.343077183,-0.573651135,-0.220711455,0.017428951,-0.083921559,0.971565664,-0.266454667,-0.178374767,-1.277000427,0.990062058,0.083061211,-0.024167871,0.110877968,-0.131514832,-0.151938900,-1.264020443,0.976082087,0.098728590,-0.030668849,0.191248089,-0.174826726,-0.308650672,-1.259674549,0.972010195,0.101318985,-0.114834204,0.178167790
370,3243005,89254,headmotion,medium,0.094369598,1.346132398,-0.571683943,-0.218691230,0.023119580,-0.061930303,0.973552406,-0.255406320,-0.169919357,-1.279908895,0.987874091,0.060406607,-0.063405827,0.128201455,-0.120846286,-0.151396260,-1.275189638,0.983966589,0.072491221,-0.031916149,0.159800515,-0.170473814,-0.305435300,-1.263061643,0.980631649,0.081122294,-0.082554564,0.158004761
371,3243255,89504,headmotion,medium,0.077535696,1.349496126,-0.569368243,-0.215100870,0.023593027,-0.035296794,0.975668550,-0.261270046,-0.167245775,-1.287741303,0.992364705,0.039449543,-0.041615739,0.109197706,-0.124977432,-0.155565545,-1.287072182,0.986537397,0.044891089,-0.049402621,0.149292409,-0.181586072,-0.305714428,-1.261592031,0.996623874,0.053545661,-0.037913918,0.049357913
372,3243491,89740,headmotion,medium,0.055386372,1.353293657,-0.565343261,-0.208153963,0.031562172,-0.000504371,0.977586567,-0.249334008,-0.165974766,-1.290643215,0.994629622,-0.002726908,-0.050354581,0.090382181,-0.112683631,-0.164159879,-1.288309455,0.990044355,0.008520411,-0.037946131,0.135276467,-0.180259377,-0.309923321,-1.262182117,0.997483432,0.013710391,-0.037101790,0.058841519
373,3243727,89976,headmotion,medium,0.029678024,1.356143475,-0.560346484,-0.200798213,0.038707752,0.034343977,0.978264928,-0.234685436,-0.167298660,-1.293611646,0.990516663,-0.050750103,-0.125810131,0.021748850,-0.098659322,-0.174193248,-1.289307833,0.986141682,-0.028150225,-0.063334189,0.150734648,-0.174617156,-0.311222285,-1.253668785,0.977807760,-0.017212648,-0.064182118,0.198686808
374,3243963,90212,headmotion,medium,0.001818313,1.358704090,-0.554641843,-0.192420870,0.051938631,0.068877839,0.977513373,-0.203558072,-0.171446025,-1.294824362,0.993851185,-0.076573446,0.001550870,0.079961859,-0.069060683,-0.188213304,-1.281116128,0.977499068,-0.064715810,-0.026277971,0.199040070,-0.155883998,-0.320395350,-1.252891898,0.997143805,-0.060860544,-0.015943833,0.041786313
375,3244186,90435,headmotion,medium,-0.032127149,1.360603213,-0.546013951,-0.182274640,0.065550826,0.104520261,0.975476563,-0.164433151,-0.179793850,-1.271605253,0.971390665,-0.111973904,-0.046282556,0.204254687,-0.034355585,-0.210226268,-1.284461021,0.974156022,-0.102503397,-0.025745781,0.199625298,-0.131039858,-0.335839331,-1.256125689,0.972219229,-0.100883245,-0.059116215,0.202774793
376,3244407,90656,headmotion,medium,-0.066522047,1.360218287,-0.537264407,-0.173375890,0.080569156,0.138663545,0.971710801,-0.126650184,-0.192008510,-1.278742075,0.966272235,-0.153317630,-0.044536699,0.202059850,0.000891440,-0.235358909,-1.302136421,0.974207699,-0.151530504,-0.014545163,0.166572496,-0.103348404,-0.349107802,-1.253683567,0.989286661,-0.132535741,0.010041283,0.060376678
377,3244630,90879,headmotion,medium,-0.098274536,1.357761621,-0.530168951,-0.164851516,0.098920956,0.176637113,0.965317547,-0.081007376,-0.206999540,-1.280908942,0.959825039,-0.199854597,-0.037785120,0.193303868,0.043956280,-0.262018591,-1.305068731,0.973387361,-0.191042915,-0.005631690,0.126443297,-0.072086833,-0.365738243,-1.258779764,0.982997417,-0.181269050,-0.025328888,0.014698808
378,3244853,91102,headmotion,medium,-0.123774506,1.354622126,-0.525899827,-0.159029007,0.112664640,0.206472129,0.958846033,-0.049099963,-0.217509881,-1.269062757,0.951746881,-0.233336598,-0.033673689,0.196463823,0.072848380,-0.281975895,-1.295961976,0.958709121,-0.225547835,-0.012838978,0.172743142,-0.050443530,-0.376289785,-1.248949528,0.950607121,-0.208689883,0.002254961,0.229759946
379,3245061,91310,headmotion,medium,-0.144570246,1.351073265,-0.523880124,-0.152531669,0.125120282,0.228073701,0.953447104,-0.020947777,-0.236029401,-1.269558072,0.943572819,-0.257513404,-0.016246142,0.207588881,0.098737940,-0.305054992,-1.287590623,0.950276971,-0.250001341,-0.003469884,0.185636833,-0.029896509,-0.389503300,-1.229566097,0.940477610,-0.239024788,-0.019603569,0.240800142
380,3245283,91532,headmotion,medium,-0.158648521,1.347162843,-0.522608459,-0.149445221,0.133511469,0.245730281,0.948397279,-0.002781969,-0.243223280,-1.268674970,0.940954089,-0.274525583,-0.000796061,0.198092133,0.113809884,-0.317727894,-1.284576416,0.948893070,-0.269358158,-0.001889004,0.164452374,-0.018394003,-0.397496760,-1.231916547,0.943290591,-0.259382129,-0.013618599,0.206732616
381,3245492,91741,headmotion,medium,-0.164336711,1.344222188,-0.522202551,-0.148909464,0.137084678,0.252171427,0.946278691,0.006676946,-0.243804291,-1.265542746,0.937442541,-0.282424778,-0.003349907,0.203535154,0.121736050,-0.318042576,-1.276378274,0.945321620,-0.275883377,-0.004175905,0.173890769,-0.011782428,-0.399036765,-1.232631445,0.936683178,-0.261169791,0.017532688,0.232610360
382,3245714,91963,headmotion,medium,-0.157396659,1.346979260,-0.522011936,-0.148436069,0.139225885,0.240975484,0.948953986,0.013323851,-0.249012858,-1.262792349,0.939273536,-0.271790355,0.008359447,0.209345207,0.131339699,-0.324052006,-1.285585642,0.951293528,-0.267003566,0.006003229,0.153992414,-0.001423575,-0.404915392,-1.232878208,0.941215456,-0.253343612,0.012482316,0.223102465
383,3245910,92159,headmotion,medium,-0.135877937,1.352235556,-0.522903144,-0.149151683,0.136714980,0.217070460,0.954957187,0.006306127,-0.251294434,-1.269614220,0.946653903,-0.251824170,-0.003569438,0.201043054,0.126282632,-0.317376018,-1.280263305,0.952752709,-0.243945345,0.003730635,0.180939510,-0.001471175,-0.406113267,-1.233449101,0.940633535,-0.229939982,0.016179411,0.249147296
384,3246130,92379,headmotion,medium,-0.111256599,1.358860493,-0.523109376,-0.147070274,0.134771377,0.191885293,0.960930288,-0.002782196,-0.260854334,-1.276336670,0.950238466,-0.228695199,0.003365045,0.211504281,0.121061295,-0.322105259,-1.290456057,0.956349492,-0.216176137,0.035288386,0.193438143,-0.002864191,-0.414891809,-1.234581232,0.948112726,-0.211870655,-0.003153747,0.237029910
385,3246339,92588,headmotion,medium,-0.074853279,1.366137981,-0.525244594,-0.147176906,0.131811500,0.156272575,0.967751801,-0.015664915,-0.267783225,-1.275549054,0.953509033,-0.192671031,0.007042289,0.231622115,0.111480579,-0.321328640,-1.292851090,0.966812849,-0.182431251,0.026354739,0.176910117,-0.004912410,-0.424969733,-1.246901631,0.954902947,-0.174712494,0.021269565,0.239130914
386,3246533,92782,headmotion,medium,-0.032260094,1.369793653,-0.531646430,-0.155759290,0.129253730,0.117221348,0.972261131,-0.027276155,-0.256101221,-1.292051196,0.969471872,-0.152904287,0.021793770,0.190445781,0.100763857,-0.290328920,-1.271886468,0.958149672,-0.147080481,0.018645288,0.244885445,-0.004587777,-0.409874558,-1.252144098,0.988848865,-0.130229101,0.051310450,0.050848532
387,3246742,92991,headmotion,medium,0.007870721,1.371220946,-0.540242255,-0.164382726,0.125293538,0.081872486,0.974975288,-0.043954376,-0.240668193,-1.288236499,0.967522562,-0.122760944,0.011078750,0.220696986,0.086820863,-0.269719422,-1.283444524,0.971491277,-0.105137669,0.040130537,0.208663061,-0.010084625,-0.394430220,-1.258557439,0.970656276,-0.104029492,-0.014378518,0.216327414
388,3246950,93199,headmotion,medium,0.045415912,1.369173408,-0.549145639,-0.178019390,0.116397455,0.038124446,0.976374567,-0.061471984,-0.219469622,-1.280275822,0.963264883,-0.084702440,0.000562455,0.254845023,0.071632691,-0.238615587,-1.282373071,0.974169552,-0.068874016,0.022634190,0.213863984,-0.014352351,-0.372519344,-1.265608907,0.970899165,-0.062507987,-0.021108225,0.230221838
389,3247158,93407,headmotion,medium,0.076963164,1.366159320,-0.556079328,-0.188146532,0.104932956,-0.003480337,0.976513088,-0.083954252,-0.214824930,-1.314931631,0.996454298,-0.027522745,-0.075068958,0.026192307,0.049265876,-0.216215476,-1.296920061,0.986046910,-0.011800013,0.022285640,0.164546862,-0.024402238,-0.359527975,-1.278938890,0.996122122,-0.007148141,0.027602555,0.083233036
390,3247366,93615,headmotion,medium,0.104298174,1.361265659,-0.562735200,-0.196918219,0.094432697,-0.047987137,0.974680901,-0.099642217,-0.210056558,-1.313094020,0.989757657,0.026119396,0.035865352,0.135688081,0.033993937,-0.197619841,-1.283209443,0.974471986,0.032046989,0.036107734,0.219256952,-0.025855759,-0.349272788,-1.279348731,0.994834960,0.041926429,0.040779926,0.082961813
391,3247596,93845,headmotion,medium,0.135605291,1.354250073,-0.570374727,-0.206221491,0.073775701,-0.100431964,0.970537603,-0.132502168,-0.213934481,-1.314838886,0.985520422,0.068020634,-0.141675815,0.063645385,-0.000520460,-0.187428102,-1.292768121,0.978368640,0.091752060,0.031886831,0.182646111,-0.043728277,-0.343302011,-1.280763865,0.979495704,0.091984235,-0.055286247,0.170500785
392,3247816,94065,headmotion,medium,0.168076754,1.347346783,-0.577741086,-0.210046425,0.056638613,-0.143873706,0.965387464,-0.165903956,-0.231776565,-1.314913273,0.986464262,0.124081098,0.002105260,0.107180931,-0.033802141,-0.190867111,-1.273582697,0.966259480,0.138925076,0.030035723,0.214802995,-0.063924730,-0.352692127,-1.276182175,0.983247936,0.150390282,0.050004486,0.090032406
393,3248047,94296,headmotion,medium,0.191105887,1.340693474,-0.584504962,-0.212571591,0.047979541,-0.171472892,0.960785270,-0.183912575,-0.244132698,-1.302934647,0.980966389,0.160021886,0.020942150,0.107978694,-0.054858789,-0.196107224,-1.273545861,0.966917217,0.168821961,0.030047914,0.188857988,-0.074930377,-0.360797882,-1.277402639,0.980650783,0.177433163,-0.001439773,0.082701281
394,3248281,94530,headmotion,medium,0.205892205,1.336258650,-0.589681506,-0.214518890,0.045333937,-0.187628642,0.957455993,-0.188335001,-0.250200361,-1.296208501,0.976760089,0.176719546,0.029313006,0.117689073,-0.061434101,-0.198216170,-1.268919945,0.964092851,0.183230788,0.035389002,0.188942000,-0.076415919,-0.363184541,-1.271813154,0.978863657,0.191504672,-0.002475253,0.071733750
395,3248505,94754,headmotion,medium,0.220718026,1.331675529,-0.592990935,-0.214241967,0.039957296,-0.206742853,0.953814030,-0.197847411,-0.266064852,-1.303341746,0.975349188,0.196135402,0.020315405,0.099056356,-0.071343198,-0.207232192,-1.267571688,0.958934307,0.206561923,0.036594484,0.190887436,-0.079971492,-0.372343689,-1.266109943,0.972073793,0.218246132,0.032279573,0.079995386
396,3248728,94977,headmotion,medium,0.226885408,1.330551744,-0.594728410,-0.214993298,0.035177842,-0.210405335,0.953032017,-0.211460933,-0.270526260,-1.299267888,0.971808732,0.199390620,0.004165462,0.125753194,-0.085443452,-0.210193381,-1.263434052,0.958430111,0.212357074,0.029503543,0.188270375,-0.092496470,-0.374622345,-1.260609269,0.968840063,0.222532496,0.034734573,0.103061967
397,3248950,95199,headmotion,medium,0.211015150,1.334421396,-0.591629386,-0.214582741,0.035909645,-0.189065844,0.957558811,-0.218099460,-0.259589285,-1.308226705,0.973802507,0.177142397,-0.036489811,0.137832269,-0.088157900,-0.204133198,-1.265312910,0.963579834,0.190179482,0.022055335,0.186706424,-0.102345467,-0.369396567,-1.268310189,0.975881338,0.199074879,0.003658956,0.089506410
398,3249180,95429,headmotion,medium,0.187695220,1.338675499,-0.585275292,-0.214014485,0.036237709,-0.168817878,0.961449504,-0.212005138,-0.243144780,-1.297555208,0.982675016,0.160622656,0.019946987,0.090290219,-0.082388505,-0.196369231,-1.274814129,0.966852009,0.173549727,0.024891037,0.185629055,-0.102897927,-0.359485745,-1.269847989,0.980307877,0.176896363,0.004235414,0.087671556
399,3249393,95642,headmotion,medium,0.149266377,1.346561551,-0.573668182,-0.204868644,0.039822370,-0.135083854,0.968604863,-0.195525184,-0.241677821,-1.295476437,0.984593570,0.126900092,0.035591029,0.114913702,-0.064025708,-0.203319684,-1.275053620,0.970154822,0.137120932,0.025214415,0.198397845,-0.094483420,-0.364595979,-1.268953919,0.986060262,0.141281739,-0.011552349,0.087127492
400,3249617,95866,headmotion,medium,0.100759946,1.356010199,-0.561594009,-0.194779560,0.047001854,-0.085022524,0.976024032,-0.174961731,-0.237641856,-1.296949744,0.988220751,0.072608262,-0.004296703,0.134645477,-0.041252054,-0.212665305,-1.277017474,0.974655509,0.082008958,0.002575864,0.208121389,-0.086545639,-0.369459629,-1.271621943,0.970706284,0.086912900,-0.069812387,0.212842062
401,3249826,96075,headmotion,medium,0.044459555,1.365016818,-0.547780335,-0.181121573,0.059945326,-0.024909159,0.981316030,-0.139794528,-0.242337450,-1.300353169,0.982168376,0.006174395,-0.060910340,0.177755699,-0.004977714,-0.237992123,-1.300831795,0.987695575,0.017984336,-0.047076166,0.148046911,-0.068592906,-0.381230682,-1.260409713,0.995099247,0.034868948,0.049416237,0.078228280
402,3250020,96269,headmotion,medium,-0.000975572,1.367928743,-0.535994828,-0.171932533,0.065300271,0.024154522,0.982645214,-0.125855654,-0.240144625,-1.284499884,0.974784791,-0.044747695,-0.016457025,0.217993975,0.007887468,-0.250801086,-1.291383862,0.977597415,-0.027160257,0.002885925,0.208703876,-0.069247156,-0.388073683,-1.257728934,0.997205853,-0.015484059,0.035847172,0.063684672
403,3250228,96477,headmotion,medium,-0.040093709,1.367949724,-0.526567340,-0.164735988,0.070771404,0.071892008,0.981165111,-0.117188655,-0.241069317,-1.291910291,0.973429024,-0.088180959,-0.016879551,0.210654110,0.015481912,-0.259727955,-1.282735705,0.964959443,-0.068420902,-0.007021004,0.253224313,-0.074739210,-0.395430386,-1.270430207,0.991276681,-0.061327685,0.040151652,0.109532602
404,3250423,96672,headmotion,medium,-0.080335356,1.365275264,-0.519221485,-0.160373226,0.085104249,0.122489527,0.975722313,-0.086008295,-0.232506782,-1.277556062,0.962942243,-0.140298471,-0.029027052,0.228508249,0.043505944,-0.276439399,-1.320389748,0.975998282,-0.131367937,0.021432782,0.172367096,-0.059865125,-0.390704989,-1.260999084,0.990829229,-0.122933403,0.005184431,0.055838034
405,3250631,96880,headmotion,medium,-0.112121142,1.360512733,-0.513458014,-0.158536643,0.097519353,0.166504547,0.968314171,-0.062655725,-0.227818832,-1.291641712,0.959002137,-0.184930816,-0.027422160,0.212987214,0.063930474,-0.279692769,-1.315194964,0.973465502,-0.180090472,-0.012680558,0.140611455,-0.049507514,-0.386217803,-1.264740586,0.982580721,-0.158533797,0.051865984,0.081927456
406,3250853,97102,headmotion,medium,-0.135973588,1.354827762,-0.508575082,-0.157872126,0.112338781,0.201581523,0.960115254,-0.029468097,-0.222286373,-1.287984729,0.953818023,-0.228123531,-0.023772106,0.193973526,0.093407676,-0.283408046,-1.308488250,0.954828620,-0.219143167,0.003599898,0.200662777,-0.028803430,-0.378080279,-1.256441832,0.953366995,-0.210138783,-0.015524967,0.216083512
407,3251060,97309,headmotion,medium,-0.151846975,1.350805044,-0.504810750,-0.154692486,0.125693619,0.227563709,0.953145385,-0.003065612,-0.228464827,-1.289370894,0.946250677,-0.257406801,-0.018901912,0.194920748,0.117472097,-0.299213082,-1.319096327,0.958019316,-0.245446622,0.016190566,0.147284985,-0.012773376,-0.386434138,-1.263712287,0.971417069,-0.234859928,0.020774947,0.027535509
408,3251284,97533,headmotion,medium,-0.154205129,1.350173831,-0.503988028,-0.154192805,0.130205289,0.231064826,0.951777399,0.007879652,-0.231168941,-1.290431738,0.945300758,-0.260153145,-0.006078169,0.196697518,0.126684517,-0.300279766,-1.302540660,0.949947357,-0.251184374,0.000141467,0.185759231,-0.002826519,-0.388217032,-1.260428071,0.946968973,-0.237853989,0.021565469,0.214965686
409,3251492,97741,headmotion,medium,-0.143659160,1.353121042,-0.507397294,-0.157035187,0.129045203,0.214133427,0.955423534,0.009035252,-0.227899119,-1.282437086,0.945256531,-0.248974249,-0.013870751,0.210498348,0.127988964,-0.288515717,-1.277106404,0.944636405,-0.237098679,-0.010171132,0.226589665,0.003370628,-0.389340281,-1.271450758,0.972488165,-0.227263168,-0.003798855,0.051026847
410,3251700,97949,headmotion,medium,-0.124386132,1.358027101,-0.512745857,-0.160384551,0.126557723,0.189973995,0.960296750,0.003680844,-0.225452185,-1.289692760,0.954426110,-0.220196128,0.000205250,0.201455951,0.128748670,-0.286787748,-1.312662363,0.963968396,-0.211764023,0.021719486,0.159528062,0.005574044,-0.381680071,-1.255517721,0.952006221,-0.205059901,0.002991893,0.227212816
411,3251908,98157,headmotion,medium,-0.096652433,1.364040613,-0.519380867,-0.164139226,0.119235620,0.152763486,0.967214823,-0.010961726,-0.225315765,-1.288133144,0.961492002,-0.183444694,0.000276495,0.204648837,0.118094906,-0.276992977,-1.312788367,0.972346008,-0.177807078,0.011948415,0.150947332,0.003092658,-0.383888394,-1.266931057,0.986505985,-0.162635401,-0.005320200,0.018093988
412,3252131,98380,headmotion,medium,-0.065789223,1.369142056,-0.526658297,-0.168707788,0.109539486,0.107923426,0.973597109,-0.027008904,-0.224666506,-1.281973124,0.965192676,-0.140845448,-0.004188772,0.220336407,0.103584945,-0.262371182,-1.297849298,0.968304753,-0.132148385,0.026736366,0.210256726,0.001239128,-0.382890642,-1.268213511,0.970953226,-0.116376586,0.018158026,0.208270371
413,3252326,98575,headmotion,medium,-0.030174732,1.373721838,-0.535594404,-0.174868032,0.092335343,0.046694882,0.979139924,-0.051241651,-0.229945362,-1.282435179,0.973500133,-0.071615949,0.003844826,0.217149273,0.081788741,-0.247922018,-1.284748197,0.973415732,-0.063424975,0.000276098,0.220088556,-0.002942726,-0.383892864,-1.268030286,0.996340156,-0.051133532,0.010479132,0.067689329
414,3252548,98797,headmotion,medium,0.000450243,1.374010682,-0.543706357,-0.185305148,0.075402886,-0.008205518,0.979749501,-0.074042574,-0.222495541,-1.281694412,0.974593103,-0.016485402,0.004383807,0.223332256,0.061210901,-0.226652384,-1.294797421,0.980591536,-0.006257261,0.015641360,0.195336938,-0.008241359,-0.367993116,-1.264583111,0.972023547,0.004977831,-0.008899477,0.234661952
415,3252769,99018,headmotion,medium,0.028722785,1.370384097,-0.550305963,-0.197771832,0.060076699,-0.053894218,0.976919889,-0.095747337,-0.215620071,-1.315634489,0.999095201,0.033215843,-0.017651130,0.019848131,0.037360117,-0.199566543,-1.289467216,0.976102352,0.048149191,0.011530016,0.211596012,-0.017748639,-0.349099755,-1.272778153,0.973077118,0.053934578,-0.016500503,0.223472193
416,3252989,99238,headmotion,medium,0.057010692,1.366720200,-0.555053592,-0.205854908,0.040680557,-0.099258646,0.972685218,-0.129321337,-0.214307025,-1.305620670,0.992072284,0.082315557,-0.092699319,0.020580761,0.001919195,-0.184763521,-1.279254436,0.969349146,0.096968725,0.015760202,0.225190982,-0.037847370,-0.342923343,-1.280236244,0.975151300,0.105796792,-0.014786663,0.194083273
417,3253213,99462,headmotion,medium,0.078983530,1.364048958,-0.558426917,-0.209922597,0.028748907,-0.126826420,0.969031036,-0.156902254,-0.219502077,-1.297004938,0.978963256,0.124104373,-0.011866408,0.161518484,-0.026291734,-0.184457719,-1.290456653,0.973176241,0.131430402,-0.006984772,0.188693613,-0.056567363,-0.342388749,-1.275223494,0.967034161,0.139663309,-0.045374580,0.208039120
418,3253445,99694,headmotion,medium,0.090456761,1.363355160,-0.560740352,-0.208553195,0.023420336,-0.136994898,0.968085468,-0.170775414,-0.232100993,-1.294714212,0.984842181,0.135872453,0.018013004,0.106302232,-0.040486701,-0.193087161,-1.285099983,0.973319173,0.143214777,0.005556080,0.179188386,-0.067991838,-0.353178024,-1.275174260,0.969153464,0.151797816,-0.034591034,0.191056013
419,3253672,99921,headmotion,medium,0.087814689,1.363862872,-0.560370028,-0.207953423,0.023017853,-0.126679003,0.969627798,-0.179724261,-0.231399000,-1.301385999,0.988515079,0.125562668,0.010813881,0.083396778,-0.048823666,-0.194346383,-1.290086865,0.971435189,0.138123199,-0.001823845,0.192956939,-0.078442335,-0.353205204,-1.270736217,0.989155114,0.139323294,-0.035592604,0.029904695
420,3253894,100143,headmotion,medium,0.066764981,1.369369030,-0.555876195,-0.197807699,0.040225703,-0.085250199,0.975697935,-0.154111758,-0.235763878,-1.305385232,0.989622414,0.078607745,-0.016157700,0.119193979,-0.020850847,-0.210784227,-1.291126847,0.977753818,0.088822410,0.002912865,0.189998969,,,,,,,
421,3254102,100351,headmotion,medium,0.035132300,1.375098705,-0.546340942,-0.183403730,0.058277857,-0.032750901,0.980762005,-0.125947803,-0.248845145,-1.312420487,0.997634113,0.017780783,-0.005343557,0.066192642,0.009511940,-0.240205735,-1.304498434,0.984049141,0.023922728,-0.002368216,0.176265329,-0.051822312,-0.386512160,-1.274130464,0.978278577,0.031568903,-0.036468897,0.201604649
422,3254297,100546,headmotion,medium,-0.003394234,1.377951622,-0.535877466,-0.169930592,0.097401723,0.043558601,0.979662776,-0.061888434,-0.245416254,-1.291812062,0.971420884,-0.076760523,-0.010334658,0.224371120,0.070581928,-0.261393845,-1.282450557,0.970916808,-0.066117525,-0.005824896,0.230033010,-0.013683515,-0.398344547,-1.270765662,0.994350076,-0.050388429,0.024340879,0.090202704
423,3254492,100741,headmotion,medium,-0.034899753,1.378393769,-0.525691390,-0.155703247,0.125086054,0.095697835,0.975167632,-0.012537766,-0.266639322,-1.288476110,0.963389516,-0.134189680,0.004020284,0.232072517,0.116590828,-0.297756433,-1.278938174,0.958648860,-0.117963478,0.032350250,0.256963998,0.016989391,-0.418517649,-1.251472950,0.958089650,-0.117805839,0.002085565,0.261116147
424,3254686,100935,headmotion,medium,-0.061683513,1.375512123,-0.515822530,-0.147368580,0.146308959,0.145882174,0.967261374,0.019860700,-0.276210815,-1.293048024,0.957706451,-0.186659753,0.023183824,0.217759132,0.147666037,-0.326602757,-1.301447630,0.969860077,-0.179752871,0.032518648,0.161254078,0.032018274,-0.432444036,-1.259752154,0.961892605,-0.173827320,0.021560630,0.209956899
425,3254894,101143,headmotion,medium,-0.084628724,1.370656252,-0.507105350,-0.142631590,0.165520146,0.196719915,0.955803633,0.045399420,-0.275783539,-1.288397312,0.945315540,-0.240381464,0.026810560,0.218806863,0.168597355,-0.340579510,-1.302097797,0.948542416,-0.228527367,0.073259130,0.206580907,0.035726145,-0.411554873,-1.186794639,0.968720317,-0.226163656,-0.086187363,0.054797109
426,3255103,101352,headmotion,medium,-0.102280766,1.367188215,-0.500180900,-0.133848771,0.190426439,0.222193673,0.946811616,0.094032183,-0.301010728,-1.285835981,0.938842714,-0.272262305,0.039896064,0.207016796,0.214833125,-0.374963403,-1.295822620,0.951667786,-0.260817409,0.068403617,0.147049934,0.077748694,-0.452913433,-1.239477873,0.933672130,-0.259495020,0.033120859,0.244584695
427,3255311,101560,headmotion,medium,-0.108563282,1.366319299,-0.499033511,-0.132587314,0.198441267,0.220414296,0.945758581,0.123094052,-0.313693076,-1.280226827,0.937688351,-0.272889614,0.066315845,0.204631343,0.242553100,-0.384756655,-1.279715896,0.938322544,-0.260349959,0.102103010,0.203331575,0.105996877,-0.465729773,-1.236141443,0.935407579,-0.258750886,0.054043528,0.234818995
428,3255505,101754,headmotion,medium,-0.102271535,1.368062139,-0.503297567,-0.136586979,0.193276659,0.201132864,0.950543880,0.122101635,-0.306117922,-1.278500080,0.941132963,-0.257563055,0.040190015,0.215208635,0.244219974,-0.373634160,-1.281317472,0.946915746,-0.250147671,0.081563435,0.184727103,0.111761272,-0.459326565,-1.236096859,0.934600711,-0.242136627,0.059443444,0.253688514
429,3255700,101949,headmotion,medium,-0.087226555,1.371449113,-0.510951161,-0.141286999,0.180254549,0.163810462,0.959537625,0.109068304,-0.300652951,-1.283090591,0.953647077,-0.218058825,0.057972472,0.199115023,0.234710351,-0.356338441,-1.279807448,0.963989556,-0.206966236,0.057150789,0.156916901,0.111204818,-0.452152222,-1.234424233,0.947641015,-0.204536170,0.033003774,0.243006647
430,3255894,102143,headmotion,medium,-0.066057011,1.373688698,-0.522253513,-0.151973009,0.161344513,0.114681110,0.968359649,0.086632162,-0.277578473,-1.274663925,0.957646966,-0.165544942,0.036704835,0.232722849,0.219123259,-0.322750807,-1.288392067,0.958479524,-0.157884568,0.085351601,0.221595526,0.107205406,-0.433228046,-1.240756273,0.983834267,-0.124147072,0.114849761,0.058883458
431,3256075,102324,headmotion,medium,-0.039357521,1.375735641,-0.534238756,-0.159433410,0.128720671,0.059873383,0.976947904,0.034217231,-0.269650787,-1.279149532,0.967434049,-0.100658461,0.037151258,0.229257688,0.165939316,-0.291929573,-1.267002344,0.962071955,-0.092238836,0.042321041,0.253216326,0.073317915,-0.422945142,-1.250164270,0.991930127,-0.073725656,0.065607347,0.079591848
432,3256269,102518,headmotion,medium,-0.014289388,1.376835585,-0.542320669,-0.165332362,0.105182387,0.004016919,0.980604768,0.001373023,-0.270859480,-1.280023456,0.970256865,-0.037358891,0.029089382,0.237402171,0.135935575,-0.278340161,-1.278949022,0.972414255,-0.023232579,0.056763172,0.225052729,0.060978189,-0.419804573,-1.258633256,0.975696683,-0.020154936,0.011820833,0.217876166
433,3256463,102712,headmotion,medium,0.014117365,1.376000166,-0.549338877,-0.172408253,0.077679448,-0.054042552,0.980469644,-0.036694266,-0.278442174,-1.304854870,0.992708862,0.032466054,0.024333859,0.113503307,0.096535966,-0.262166589,-1.276267648,0.974473476,0.039595149,0.026438070,0.219396174,0.039550610,-0.411124170,-1.251989484,0.992658675,0.060524087,0.058544714,0.086822540
434,3256672,102921,headmotion,medium,0.040649999,1.373300195,-0.555104375,-0.179396167,0.054485220,-0.099317022,0.977233112,-0.074420929,-0.280974597,-1.302097678,0.987355947,0.081975885,-0.048042547,0.126886263,0.057760477,-0.253828257,-1.288618684,0.978432953,0.093438886,0.021391084,0.182976946,0.015459761,-0.405705184,-1.251133680,0.992428184,0.104022294,0.006058171,0.065030426
435,3256880,103129,headmotion,medium,0.062077262,1.370650172,-0.558986664,-0.183128431,0.034659486,-0.126075998,0.974354923,-0.115424380,-0.282420158,-1.273515821,0.968823969,0.108981937,-0.005957864,0.222413152,0.015200850,-0.252488852,-1.281830311,0.974311769,0.128517732,0.013139940,0.184464261,-0.016794899,-0.406807303,-1.251036525,0.957371950,0.133667573,-0.020194050,0.255272746
436,3257089,103338,headmotion,medium,0.067593955,1.370893955,-0.559052408,-0.181763858,0.034104370,-0.126435876,0.974583387,-0.122280717,-0.292442769,-1.291762948,0.975397885,0.110383064,-0.057923134,0.181822643,0.008990183,-0.256114364,-1.275324941,0.965381682,0.130275771,0.029691992,0.224019721,-0.022691498,-0.413117826,-1.253494501,0.960357666,0.134056091,-0.027989471,0.242814153
437,3257297,103546,headmotion,medium,0.057071336,1.374277830,-0.556331038,-0.175697714,0.047897913,-0.104299046,0.977730989,-0.100200832,-0.298321038,-1.297464728,0.979903519,0.090703465,-0.022237627,0.176259741,0.032811657,-0.270061731,-1.286387086,0.979260325,0.100747146,0.023902059,0.174149364,,,,,,,
438,3257492,103741,headmotion,medium,0.039230280,1.378008246,-0.551970363,-0.169446886,0.066354871,-0.064956725,0.981155157,-0.079183832,-0.299402922,-1.310691118,0.990575016,0.045891147,-0.017903790,0.127806768,0.054699555,-0.278773963,-1.284771562,0.978672206,0.059246227,0.020482471,0.195629910,,,,,,,
439,3257686,103935,headmotion,medium,0.019494880,1.381207943,-0.546965241,-0.161042705,0.088780522,-0.011278433,0.982881546,-0.055957481,-0.289411664,-1.268106341,0.961563706,-0.022468094,0.020386241,0.272900760,0.078257591,-0.294992357,-1.279468894,0.974422097,-0.003235672,0.042500108,0.220646560,0.008628905,-0.438362181,-1.255460501,0.982168913,-0.004206681,-0.031381972,0.185315102
440,3257881,104130,headmotion,medium,0.002042010,1.380930305,-0.543697000,-0.158928722,0.105065018,0.041758679,0.980795205,-0.051525678,-0.276228249,-1.267364502,0.966478765,-0.071936347,0.020962885,0.245569855,0.082025252,-0.295737326,-1.277541161,0.970661402,-0.062662996,0.015827017,0.231601447,-0.003044553,-0.429828048,-1.251418591,0.994597495,-0.047377165,0.038526088,0.083946422
441,3258075,104324,headmotion,medium,-0.013699556,1.378996611,-0.540922403,-0.155513138,0.124946959,0.097087964,0.975078404,-0.038622495,-0.264124036,-1.271337032,0.963493168,-0.134443730,0.014348681,0.231084213,0.092079572,-0.299236745,-1.278952956,0.969870389,-0.121349074,0.023479775,0.209939286,-0.008877728,-0.419071436,-1.248177528,0.962324381,-0.118601792,-0.012794327,0.244339436
442,3258284,104533,headmotion,medium,-0.026707940,1.377830148,-0.537594914,-0.150799483,0.142108500,0.129828855,0.969643831,-0.015197549,-0.270019084,-1.283043027,0.959385037,-0.173686326,0.008362259,0.222133949,0.111176923,-0.308418036,-1.265586853,0.961431086,-0.156837717,0.024261188,0.224640965,0.002409976,-0.426713854,-1.253539205,0.987263083,-0.154554158,-0.003535656,0.037578877
443,3258478,104727,headmotion,medium,-0.037219562,1.376680493,-0.534485996,-0.148068056,0.150651112,0.153768644,0.965264380,-0.005149517,-0.268911481,-1.276508570,0.956103504,-0.197954789,0.002757038,0.216037974,0.120085567,-0.317265570,-1.269933701,0.952621281,-0.186646819,0.031333148,0.238104939,0.004016504,-0.423964262,-1.240437269,0.950749457,-0.184240296,0.001060822,0.249258563
444,3258686,104935,headmotion,medium,-0.044418924,1.375300527,-0.532194018,-0.147148639,0.154814973,0.170088142,0.962002933,-0.001362827,-0.267199636,-1.284686446,0.954211116,-0.213100553,0.015892770,0.209324494,0.123197123,-0.323426157,-1.291654825,0.956766963,-0.202568546,0.070285112,0.196527377,0.002030525,-0.426438987,-1.257782340,0.977967322,-0.194732830,0.026379902,0.070450038
445,3258908,105157,headmotion,medium,-0.045326788,1.375113606,-0.531616390,-0.148320228,0.152539551,0.176019669,0.961119056,-0.010414047,-0.261557758,-1.284090281,0.952159703,-0.218440041,0.013659541,0.213282213,0.111699656,-0.312586904,-1.265846133,0.946663439,-0.207265422,0.024946282,0.245452806,-0.007605825,-0.418061972,-1.250744462,0.950963199,-0.206089988,0.002987324,0.230623081
446,3259102,105351,headmotion,medium,-0.037370913,1.376951456,-0.534775257,-0.149480298,0.146477446,0.150719807,0.966169536,-0.011103045,-0.267242342,-1.278148174,0.957939088,-0.192933813,0.009365731,0.212230086,0.113708988,-0.312563688,-1.266883016,0.955326438,-0.178824395,0.029066082,0.233513236,-0.000013225,-0.424505293,-1.249525666,0.957480788,-0.180166185,-0.011230561,0.225043595
447,3259283,105532,headmotion,medium,-0.026762033,1.379011512,-0.538507283,-0.152614236,0.140673026,0.109940961,0.972025216,0.000126377,-0.273509681,-1.274087310,0.959628403,-0.151912689,0.007001461,0.236615375,0.128854051,-0.310358465,-1.267874718,0.958303809,-0.141597852,0.042786479,0.244485497,0.023959845,-0.426578909,-1.238002658,0.947873592,-0.134023041,0.024848225,0.288020909
448,3259477,105726,headmotion,medium,-0.014762207,1.380951643,-0.543742716,-0.153848588,0.124959335,0.064996921,0.978003681,-0.010203170,-0.287449241,-1.277521133,0.969525039,-0.102124140,0.049186755,0.217192367,0.121019557,-0.309453100,-1.261593819,0.962851524,-0.088824414,0.043962464,0.251186162,0.029199522,-0.437706530,-1.240622878,0.964399338,-0.089135490,-0.000683814,0.248974621
449,3259672,105921,headmotion,medium,0.000517605,1.381943822,-0.548028946,-0.156263530,0.098732822,0.017896013,0.982605338,-0.040656187,-0.296022654,-1.272145033,0.968225420,-0.058176696,0.015444073,0.242727235,0.092457511,-0.306734443,-1.266390681,0.964941800,-0.041670319,0.029162731,0.257488787,0.013392501,-0.444855094,-1.244316459,0.967861116,-0.031990346,0.018461328,0.248758331
450,3259867,106116,headmotion,medium,0.014760820,1.380414724,-0.550227523,-0.165508881,0.078183934,-0.013925773,0.983005643,-0.076554105,-0.289110273,-1.298990369,0.989856720,-0.001999423,0.026103631,0.139636174,0.057047077,-0.283400387,-1.275243998,0.973712325,0.001462007,0.010663537,0.227526903,-0.010470284,-0.427905530,-1.252961993,0.971551478,0.009145320,-0.005371871,0.236590862
451,3260075,106324,headmotion,medium,0.030323671,1.376587987,-0.552781999,-0.179360807,0.055205014,-0.048009403,0.981059253,-0.112542138,-0.269163996,-1.303447962,0.998209000,0.031802434,-0.015389765,0.048276000,0.021260694,-0.251654625,-1.271632552,0.971956313,0.042905375,0.023794422,0.229986578,-0.035293892,-0.400463700,-1.253883004,0.967210770,0.052926645,-0.002423082,0.248387367
452,3260297,106546,headmotion,medium,0.041289400,1.373827100,-0.554178119,-0.187315732,0.044551902,-0.063743562,0.979216337,-0.136536717,-0.252826542,-1.294227004,0.986928105,0.059434641,0.005771847,0.149690211,-0.003492236,-0.232902080,-1.276903391,0.970749080,0.063119560,-0.002165958,0.231640935,-0.053389303,-0.383821309,-1.258382797,0.965244353,0.071027569,-0.018025661,0.250865370
453,3260506,106755,headmotion,medium,0.046457928,1.372729182,-0.555223763,-0.189668640,0.040298093,-0.069065593,0.978586674,-0.146559477,-0.247816473,-1.286876917,0.978209257,0.064894214,-0.016311077,0.196543604,-0.013640568,-0.230325937,-1.288437247,0.978976727,0.070390843,-0.005728173,0.191355526,,,,,,,
454,3260728,106977,headmotion,medium,0.048168823,1.372975945,-0.555669188,-0.187966317,0.039964933,-0.070568912,0.978821456,-0.146615446,-0.253702849,-1.287028670,0.979116380,0.063735865,-0.022197846,0.191771209,-0.013659520,-0.235486776,-1.285848022,0.977617443,0.070171796,-0.009273046,0.198126331,-0.062053509,-0.388952881,-1.267820477,0.974746227,0.076708250,-0.048152298,0.204125077
455,3260951,107200,headmotion,medium,0.047324989,1.373538971,-0.556531310,-0.186690524,0.039957255,-0.070071824,0.979101658,-0.147069454,-0.258626670,-1.292395592,0.979387999,0.059967101,-0.038679387,0.188963011,-0.014271982,-0.238336384,-1.279019713,0.972428381,0.072406441,0.008737626,0.221504003,-0.062158473,-0.391352892,-1.257514954,0.995054066,0.079207636,-0.016350728,0.057673484
456,3261158,107407,headmotion,medium,0.045769978,1.373552322,-0.557673812,-0.186899945,0.039580803,-0.068092376,0.979216635,-0.149054810,-0.256953955,-1.286646843,0.982453525,0.059493836,-0.030004192,0.174199060,-0.015260551,-0.239852324,-1.292027235,0.982573032,0.070307449,-0.000361077,0.172066599,-0.064447373,-0.391807884,-1.261454940,0.993906856,0.075887710,-0.007627810,0.079574369
457,3261366,107615,headmotion,medium,0.044621371,1.373864293,-0.558601737,-0.186090618,0.039224427,-0.065698676,0.979548573,-0.150704145,-0.261752069,-1.291853786,0.995944798,0.048405990,-0.073392071,0.019091122,-0.017147288,-0.240076810,-1.277301669,0.975725412,0.066331118,-0.001099852,0.208707705,-0.067071140,-0.394367337,-1.262482643,0.991032302,0.079041883,0.002349442,0.107711770
458,3261589,107838,headmotion,medium,0.044050079,1.373831511,-0.558795333,-0.186274812,0.039852414,-0.065204844,0.979521215,-0.148088187,-0.251528174,-1.262917995,0.962345898,0.044559173,-0.050811358,0.263292789,-0.015123637,-0.239590004,-1.277791142,0.974096775,0.068689123,0.008993780,0.215258777,-0.065364212,-0.391137779,-1.253368378,0.995136321,0.081419416,0.006983670,0.055007782
459,3261797,108046,headmotion,medium,0.043490060,1.373888373,-0.558696449,-0.186642632,0.040355146,-0.064309947,0.979489803,-0.147921026,-0.259169191,-1.293599010,0.995256960,0.048505634,-0.072321080,0.043364398,-0.014669728,-0.237905368,-1.273368001,0.969193816,0.067544483,0.004440863,0.236815095,-0.064390630,-0.391234249,-1.256311297,0.995416999,0.071499981,-0.023164043,0.059128441
460,3262020,108269,headmotion,medium,0.043305282,1.374120355,-0.557784259,-0.186235979,0.040864903,-0.062957361,0.979633927,-0.144619256,-0.253877878,-1.259951949,0.985994518,0.037794434,-0.161537677,0.017088970,-0.014556106,-0.238798901,-1.273822069,0.972729146,0.066243045,0.003641993,0.222253531,-0.064793795,-0.391074121,-1.257327199,0.969396710,0.074578345,-0.026816770,0.232355341
461,3262227,108476,headmotion,medium,0.043307818,1.373905659,-0.557267249,-0.186541632,0.041409027,-0.062694415,0.979569793,-0.146777183,-0.252269804,-1.273006439,0.972252727,0.043884631,-0.019944591,0.228912771,-0.013663948,-0.239071578,-1.284452796,0.982204914,0.061163533,-0.017108919,0.176747829,-0.064251825,-0.389629483,-1.256213665,0.993883014,0.075471886,0.023206156,0.077214092
462,3262436,108685,headmotion,medium,0.043584108,1.373903751,-0.556385279,-0.186051384,0.039106749,-0.064505994,0.979640007,-0.152359962,-0.261049479,-1.303112984,0.995016634,0.059511460,0.015193435,0.078545764,-0.017586136,-0.238698229,-1.274699092,0.971159220,0.067142710,0.003018061,0.228763029,-0.067186207,-0.392130256,-1.259101629,0.994715750,0.072415777,-0.023178894,0.068987362
463,3262644,108893,headmotion,medium,0.042378601,1.374261498,-0.554668009,-0.185269281,0.038604476,-0.063411340,0.979879618,-0.150877178,-0.253239334,-1.262333632,0.962507248,0.052252449,-0.025327684,0.264968038,-0.018209957,-0.244909182,-1.299058080,0.989536107,0.061921023,-0.030993477,0.126584083,-0.069075987,-0.391842842,-1.258022785,0.967973113,0.075642079,-0.037522845,0.236428425
464,3262866,109115,headmotion,fast,0.040770572,1.374648929,-0.553594291,-0.184041947,0.041127294,-0.060774431,0.980175316,-0.146726608,-0.261444658,-1.292975187,0.982448161,0.056500524,-0.030933956,0.175061107,-0.012411533,-0.246008083,-1.293841600,0.982486248,0.063811235,-0.002112056,0.175055474,-0.064189844,-0.396187335,-1.261620164,0.994987190,0.072482377,-0.012893487,0.067679606
465,3263089,109338,headmotion,fast,0.042487867,1.374302149,-0.553892195,-0.184634268,0.041263126,-0.062807240,0.979929984,-0.145462334,-0.254209191,-1.271484017,0.962655544,0.046164311,-0.026526432,0.265442252,-0.012269586,-0.243338212,-1.285600185,0.973825097,0.063202783,-0.004543460,0.218287647,-0.063150018,-0.396412015,-1.266849160,0.992774367,0.072847456,0.007418968,0.095064849
466,3263311,109560,headmotion,fast,0.047491159,1.373900652,-0.554736912,-0.185119122,0.040182017,-0.067151725,0.979595304,-0.149999887,-0.261390984,-1.293137312,0.984188795,0.056440495,-0.044052206,0.162007153,-0.016782928,-0.242070556,-1.280665517,0.973260880,0.070331901,0.002335751,0.218657851,-0.065731876,-0.395393848,-1.261616707,0.995067298,0.082413346,-0.003975693,0.055075310
467,3263519,109768,headmotion,fast,0.054154836,1.372744799,-0.557206154,-0.187526122,0.041202281,-0.073702164,0.978623688,-0.148244843,-0.253592879,-1.275963545,0.965713680,0.052667499,-0.044148348,0.250348121,-0.015240550,-0.238155842,-1.289147377,0.981194973,0.077329971,0.005447854,0.176767826,-0.062105011,-0.390564561,-1.263723016,0.973075449,0.074663952,-0.065020129,0.208139002
468,3263739,109988,headmotion,fast,0.067591101,1.369745612,-0.560424387,-0.191023082,0.039480966,-0.092532963,0.976416409,-0.149157286,-0.258687526,-1.301666141,0.995417237,0.081894107,-0.007261803,0.048837755,-0.015828680,-0.231092662,-1.282477736,0.971276104,0.094676152,0.005692621,0.218235523,-0.057666771,-0.387933969,-1.269811511,0.974954486,0.096967861,-0.048038885,0.194301993
469,3263950,110199,headmotion,fast,0.088644885,1.364174604,-0.565043747,-0.196784094,0.033852346,-0.120744660,0.972394347,-0.158599079,-0.257319033,-1.303019762,0.993009627,0.109941550,-0.011894275,0.041271031,-0.026509743,-0.219735190,-1.269367456,0.967932224,0.126643851,0.030584196,0.214786515,-0.058945358,-0.375975221,-1.255146027,0.956427157,0.133260399,-0.025414180,0.258539945
470,3264158,110407,headmotion,fast,0.110302977,1.357625961,-0.569946408,-0.202690661,0.028055927,-0.147953883,0.967594445,-0.168248028,-0.253282845,-1.287934661,0.976974905,0.147235960,0.008771986,0.154158026,-0.039157767,-0.212061062,-1.279912949,0.971383572,0.152607903,0.000164604,0.182002246,-0.063433699,-0.371475697,-1.263422847,0.964604199,0.159711763,-0.050852809,0.203580230
471,3264380,110629,headmotion,fast,0.125608772,1.352579832,-0.572203100,-0.206582442,0.011744278,-0.165810555,0.964205682,-0.205661446,-0.260538727,-1.295800328,0.976446629,0.162180990,-0.035097603,0.137903869,-0.075577259,-0.211889476,-1.274813414,0.967440307,0.172486648,0.001116511,0.185219854,-0.093380965,-0.372540444,-1.260632277,0.959566712,0.179570600,-0.051676914,0.210512832
472,3264602,110851,headmotion,fast,0.128264025,1.350266933,-0.573896766,-0.210114464,0.007275343,-0.166542947,0.963359952,-0.221806481,-0.253109515,-1.289872289,0.971682549,0.165479660,-0.059761148,0.157728121,-0.092176810,-0.204500183,-1.273306370,0.968171358,0.179753035,-0.002466184,0.174146324,-0.109201223,-0.366272599,-1.259305239,0.980254233,0.185403883,-0.014414691,0.067225493
473,3264825,111074,headmotion,fast,0.101659678,1.353362560,-0.573742807,-0.210394964,0.021595815,-0.129517585,0.968758345,-0.198473409,-0.228304490,-1.296403050,0.989288330,0.118351020,-0.085127801,0.007410492,-0.066070721,-0.188070536,-1.268912077,0.968885005,0.140862718,0.010543026,0.203244910,-0.095496699,-0.349071801,-1.263167143,0.987045527,0.144759238,-0.010922446,0.068312131
474,3265047,111296,headmotion,fast,0.051239420,1.357382774,-0.569283903,-0.206741229,0.047084715,-0.062664546,0.975250900,-0.147175491,-0.195263550,-1.296844244,0.990164697,0.046830244,-0.100082308,0.085815795,-0.013025841,-0.175046593,-1.270208001,0.981797934,0.062514551,-0.003297098,0.179315075,-0.064422578,-0.329965413,-1.264880896,0.994059086,0.075455584,0.016936181,0.076590747
475,3265256,111505,headmotion,fast,-0.025580572,1.357812643,-0.558139682,-0.201354235,0.084346741,0.026712062,0.975514531,-0.056343943,-0.161910281,-1.274484754,0.979036391,-0.047987066,0.010521811,0.197672024,0.077562682,-0.172727138,-1.271135926,0.978802145,-0.037388802,0.001147094,0.201363310,-0.000176214,-0.313331932,-1.266198635,0.979146004,-0.024944283,0.003120356,0.201596424
476,3265464,111713,headmotion,fast,-0.110537633,1.348502874,-0.541745603,-0.200996011,0.132850245,0.115159594,0.963685513,0.069469303,-0.141819388,-1.270115972,0.972956955,-0.146429271,0.014318539,0.178068057,0.204733789,-0.181760594,-1.297025084,0.984341145,-0.134911776,0.046305254,0.103572100,0.096844748,-0.298210442,-1.248742342,0.968975484,-0.128326893,0.039673731,0.207472354
477,3265700,111949,headmotion,fast,-0.176782742,1.335127473,-0.529560566,-0.196588233,0.148485616,0.172553271,0.953693092,0.137063086,-0.152472973,-1.261361957,0.964536846,-0.210162759,0.041669987,0.154155567,0.265272737,-0.207030848,-1.273049235,0.967365026,-0.208444014,0.036931518,0.139255673,0.143222883,-0.310397476,-1.237863064,0.955836236,-0.197153583,0.060882658,0.209286705
478,3265923,112172,headmotion,fast,-0.214783624,1.324706316,-0.529297650,-0.194687977,0.149186924,0.186337933,0.951376915,0.165658891,-0.160224900,-1.251953840,0.960628510,-0.228008255,0.020673901,0.157409355,0.293527365,-0.219002724,-1.267053723,0.969403386,-0.212690443,0.028257770,0.119253300,0.167560279,-0.318676800,-1.228824615,0.962635636,-0.205433786,0.046514437,0.170194134
479,3266130,112379,headmotion,fast,-0.201201305,1.328735352,-0.541893840,-0.199562058,0.133739337,0.149136797,0.959190786,0.142186597,-0.150383368,-1.254755855,0.972141087,-0.182524785,0.045590956,0.139813498,0.271317363,-0.197181374,-1.260177612,0.973291039,-0.177050263,0.029228359,0.143190369,0.156582862,-0.308075637,-1.227643013,0.968310714,-0.163330480,0.069158785,0.175825536
480,3266353,112602,headmotion,fast,-0.149609908,1.337413549,-0.559721828,-0.209828183,0.107735127,0.085387148,0.968025982,0.075905941,-0.126713812,-1.248572946,0.974718392,-0.119837895,0.020787045,0.187432334,0.211931407,-0.157581970,-1.277047157,0.989658892,-0.096342713,0.047672462,0.094977237,0.113108754,-0.282622725,-1.234183908,0.983399630,-0.093809441,0.042189311,0.149482533
481,3266589,112838,headmotion,fast,-0.092952937,1.341829300,-0.574687600,-0.222492531,0.084928334,0.030509986,0.970748901,0.010471880,-0.107134730,-1.253034592,0.984934509,-0.054127622,0.014037822,0.163637340,0.143805504,-0.117448062,-1.242167115,0.977350652,-0.040519599,0.031337302,0.205333531,0.064249337,-0.255761862,-1.232642293,0.977568209,-0.032307178,0.060657654,0.199091077
482,3266809,113058,headmotion,fast,-0.033636104,1.341423512,-0.586116612,-0.237454876,0.062510319,-0.035792418,0.968724191,-0.052422848,-0.087731868,-1.245187402,0.985007524,0.021922713,0.008831345,0.170884788,0.081199192,-0.081113368,-1.247948050,0.984408855,0.029356634,0.033264574,0.170208350,0.021399133,-0.229783744,-1.242480993,0.986910343,0.040010527,0.002848990,0.156202078
483,3267031,113280,headmotion,fast,0.017924566,1.337600350,-0.595179498,-0.249584794,0.039918352,-0.104303598,0.961891234,-0.107306018,-0.087781072,-1.261137843,0.991601169,0.092281446,-0.038590483,-0.081988208,0.024292614,-0.060145568,-1.258491755,0.988829851,0.105974972,0.002219857,0.104785115,-0.014145451,-0.216493353,-1.243053079,0.993154347,0.115757518,0.015266590,0.003400091
484,3267281,113530,headmotion,fast,0.055575084,1.334990740,-0.601418972,-0.253536940,0.027950188,-0.145553723,0.955903769,-0.140075609,-0.101022705,-1.258532643,0.983425021,0.145844266,-0.003700881,0.107661285,-0.011488326,-0.061828982,-1.247720599,0.979150236,0.151733518,0.013081776,0.134427115,-0.035195109,-0.219915137,-1.240699768,0.970875800,0.161396071,-0.027307078,0.174945369
485,3267505,113754,headmotion,fast,0.057812717,1.339444399,-0.599296927,-0.244038999,0.031490635,-0.130686328,0.960403204,-0.142456114,-0.124155596,-1.253577590,0.987025559,0.113629758,-0.060856976,-0.095735483,-0.013432816,-0.087283090,-1.240949512,0.978828728,0.133586273,0.005764775,0.154970363,-0.042063192,-0.244847581,-1.235314012,0.968684971,0.147371724,-0.006036651,0.199736387
486,3267700,113949,headmotion,fast,0.024350507,1.350450993,-0.589112282,-0.219447464,0.057486303,-0.054811634,0.972385645,-0.106249750,-0.156761989,-1.274503946,0.997872710,0.037378851,-0.045792852,-0.027493307,0.027247634,-0.140607283,-1.251863003,0.981621265,0.054583780,0.019109311,0.181865945,-0.026329016,-0.290605664,-1.234634280,0.997838318,0.063662753,-0.000951472,0.016273487
487,3267894,114143,headmotion,fast,-0.020448314,1.357715607,-0.574640036,-0.196077615,0.092224583,0.042609572,0.975311577,-0.058970034,-0.175042048,-1.253439069,0.975427389,-0.066317178,-0.017396217,0.209381923,0.073889948,-0.190978199,-1.252695441,0.975518405,-0.056126792,0.011222890,0.212338597,-0.009195764,-0.327885240,-1.241535068,0.977032483,-0.049824946,-0.022149120,0.205996335
488,3268089,114338,headmotion,fast,-0.065574668,1.359614253,-0.557522237,-0.180615231,0.124165021,0.119893439,0.968290627,-0.003648456,-0.194655523,-1.263163209,0.968841672,-0.155546442,-0.003751904,0.192709744,0.127587810,-0.235792920,-1.278919101,0.974511683,-0.141305640,0.055560183,0.165144905,0.020458519,-0.351131380,-1.239020824,0.967498779,-0.137109101,-0.000953900,0.212476656
489,3268297,114546,headmotion,fast,-0.099795699,1.356822014,-0.543124139,-0.171326414,0.141990542,0.175278187,0.959043026,0.027655292,-0.205535173,-1.260138631,0.952313602,-0.216173843,-0.008921623,0.215146720,0.153896272,-0.263401717,-1.280697703,0.968352020,-0.204231426,0.025959890,0.141102731,0.032702491,-0.367875338,-1.250105143,0.978952467,-0.198237464,0.004861171,0.048273988
490,3268520,114769,headmotion,fast,-0.120884091,1.352588296,-0.533868611,-0.167054459,0.150556460,0.207319647,0.952073574,0.042545646,-0.209177658,-1.257930994,0.945577621,-0.246360973,0.000104979,0.212577716,0.163418382,-0.271299005,-1.263561845,0.941044748,-0.234234840,0.042480189,0.240342125,0.037475877,-0.367316902,-1.237571478,0.948039412,-0.225873709,0.023154551,0.222859234
491,3268727,114976,headmotion,fast,-0.115527965,1.356190443,-0.531021953,-0.163810372,0.150642395,0.189328253,0.956361771,0.051201046,-0.225043431,-1.266684771,0.952384591,-0.230183929,0.016600288,0.199257061,0.175032794,-0.285102099,-1.275589824,0.957033932,-0.220719516,0.045598127,0.182454944,0.051003620,-0.381714851,-1.236953974,0.951094091,-0.212907016,0.044202324,0.219401136
492,3268908,115157,headmotion,fast,-0.088772148,1.362520933,-0.536371410,-0.170419052,0.143513829,0.135380015,0.965418756,0.053735323,-0.222318247,-1.267702341,0.961904943,-0.172297031,0.036817349,0.209038645,0.184274271,-0.270314038,-1.286093235,0.970064640,-0.168154225,0.047888234,0.168539479,0.071020685,-0.377633572,-1.236724615,0.955613315,-0.161872312,0.015486917,0.245684192
493,3269102,115351,headmotion,fast,-0.054608792,1.366301179,-0.545356750,-0.181847736,0.134410128,0.075364843,0.971177340,0.050112955,-0.205782428,-1.272663474,0.968113661,-0.119176842,0.026144305,0.218790561,0.185376748,-0.238026336,-1.293070555,0.988988161,-0.100052953,0.038202073,0.102139257,0.086241014,-0.360308647,-1.251944780,0.967830062,-0.095722422,0.047383197,0.227809414
494,3269296,115545,headmotion,fast,-0.013072873,1.368106365,-0.555872560,-0.196123913,0.117946818,0.012124436,0.973384321,0.024117164,-0.185578063,-1.283525705,0.979836524,-0.050249957,0.019535115,0.192389265,0.156734899,-0.193447217,-1.265741825,0.974172890,-0.039814275,0.049657583,0.216647565,0.079780325,-0.334018320,-1.258858681,0.975059152,-0.028371762,0.042414874,0.215999395
495,3269517,115766,headmotion,fast,0.028546141,1.367769718,-0.566652596,-0.206890449,0.099697687,-0.045704015,0.972197413,-0.012107540,-0.181429625,-1.296383739,0.988316178,0.021222001,0.042867988,0.144717574,0.120488718,-0.171089023,-1.271757364,0.976508379,0.026838837,0.062612712,0.204427809,,,,,,,
496,3269750,115999,headmotion,fast,0.066905610,1.364971042,-0.576925755,-0.216168702,0.084400378,-0.087918021,0.968719840,-0.049806446,-0.179196045,-1.306471109,0.996127129,0.067935117,0.037127420,0.041679278,0.081132777,-0.155823365,-1.270093322,0.977463245,0.074364610,0.051785715,0.190666512,0.035885654,-0.311048508,-1.271993041,0.979415536,0.081092842,-0.010294055,0.184562340
497,3269971,116220,headmotion,fast,0.091005489,1.363971710,-0.582726061,-0.216241717,0.078279324,-0.110695116,0.966880798,-0.067504555,-0.192409471,-1.292810082,0.994421601,0.079372711,-0.068034656,-0.014032152,0.063123316,-0.163849726,-1.281358123,0.983319283,0.097839080,0.029419219,0.150483355,0.023368523,-0.320598722,-1.267344117,0.991372049,0.109991290,0.028994845,0.065136746
498,3270184,116433,headmotion,fast,0.076256029,1.366888404,-0.581257403,-0.208431199,0.089479610,-0.074901015,0.971050799,-0.057357118,-0.197234258,-1.300949097,0.986146688,0.045729872,0.000791563,0.159445673,0.074924693,-0.179338694,-1.275523067,0.987547994,0.058367457,0.021468246,0.144503847,0.022954296,-0.331143320,-1.256735802,0.996699095,0.069970742,0.026543725,0.031472128
499,3270366,116615,headmotion,fast,0.040513419,1.369924784,-0.573326290,-0.199782670,0.107855186,-0.012424719,0.973806858,-0.032888174,-0.197316870,-1.302675724,0.998235285,-0.014299566,0.034723785,0.046000600,0.098869488,-0.193563178,-1.265197277,0.979066372,-0.007787142,0.044082634,0.198557720,0.028640389,-0.336120516,-1.250416636,0.972989321,-0.006811794,-0.007830731,0.230616733
500,3270560,116809,headmotion,fast,-0.005912063,1.370841026,-0.560754359,-0.187850133,0.128265932,0.059002411,0.971997380,-0.000256214,-0.196295545,-1.270482183,0.975490630,-0.094283365,0.022628022,0.197526395,0.133128732,-0.220788285,-1.273207426,0.979092121,-0.091321141,0.017375024,0.180934265,,,,,,,
501,3270741,116990,headmotion,fast,-0.048079472,1.369183779,-0.545510769,-0.177902475,0.137474969,0.124939926,0.966354668,0.008196540,-0.204066172,-1.286264062,0.970742404,-0.163983911,0.042854428,0.170094118,0.136665985,-0.246384218,-1.286099792,0.984735310,-0.136650890,0.104884304,-0.024943100,0.028257683,-0.360385716,-1.253457546,0.987812638,-0.132463112,0.074059874,0.034566972
502,3270936,117185,headmotion,fast,-0.076115616,1.364349365,-0.533122778,-0.178251997,0.143820778,0.178142875,0.956978023,0.013090841,-0.184125662,-1.289816737,0.961332083,-0.213179171,0.015405790,0.173660517,0.137980238,-0.239602476,-1.295633793,0.958683372,-0.207393035,0.038167983,0.190938517,0.016639937,-0.340056330,-1.256209850,0.952050269,-0.201603726,0.015252623,0.229616240
503,3271144,117393,headmotion,fast,-0.091628805,1.361499906,-0.526018918,-0.178535938,0.146406084,0.197629958,0.952697515,0.021954987,-0.178025350,-1.289726615,0.954852760,-0.233149514,0.015104637,0.183492362,0.144578695,-0.238376468,-1.299533725,0.960765839,-0.225012466,0.044421144,0.155965120,0.019232299,-0.338067055,-1.274847746,0.976481378,-0.215453655,0.001750551,0.007796743
504,3271338,117587,headmotion,fast,-0.087748446,1.364162803,-0.528178036,-0.179119214,0.148721397,0.177811146,0.956128359,0.038212091,-0.186235383,-1.285451651,0.957651734,-0.215483353,0.021889487,0.189712808,0.162010834,-0.240535647,-1.287434936,0.956990480,-0.208147362,0.034994103,0.199046209,0.041760676,-0.342430174,-1.256878853,0.952017486,-0.200540572,0.033505287,0.228743613
505,3271520,117769,headmotion,fast,-0.062444568,1.367950439,-0.538284242,-0.190447032,0.134918138,0.123190902,0.964547038,0.026008908,-0.171134517,-1.280798197,0.966465592,-0.164346665,0.005494901,0.197241694,0.156261772,-0.213897988,-1.297312975,0.967212558,-0.152361974,0.079723127,0.186895460,0.046725541,-0.331030786,-1.273437023,0.987802565,-0.146697044,-0.001281318,0.052195724
506,3271715,117964,headmotion,fast,-0.027802905,1.370317936,-0.548932195,-0.203574479,0.119975820,0.057218097,0.969994485,0.008291107,-0.154254124,-1.283994436,0.973148882,-0.093088917,0.015233992,0.209960908,0.139913991,-0.175252095,-1.278418303,0.979943871,-0.082312383,0.026254531,0.179570198,0.052038454,-0.308882058,-1.272884846,0.981587231,-0.078084216,-0.014017169,0.173761278
507,3271934,118183,headmotion,fast,0.012541651,1.370245099,-0.558073103,-0.216503397,0.098303646,-0.005742818,0.971303105,-0.033206567,-0.139703780,-1.276482582,0.976229608,-0.023631955,0.026474277,0.213813946,0.102399766,-0.145987093,-1.298288465,0.990288854,-0.006685000,0.026372377,0.136337072,0.030681483,-0.290216416,-1.283604383,0.984938741,-0.004699347,-0.013324833,0.172325417
508,3272172,118421,headmotion,fast,0.055930205,1.367726564,-0.565377653,-0.226422817,0.078211933,-0.059389938,0.969065785,-0.081118733,-0.137763992,-1.287944436,0.976397336,0.030085526,-0.001875605,0.213868231,0.053226739,-0.127289131,-1.296741843,0.985269129,0.054779887,0.037075911,0.157700151,-0.000963502,-0.278846413,-1.285989642,0.979495704,0.056109343,-0.010748676,0.193195254
509,3272405,118654,headmotion,fast,0.083456412,1.366040230,-0.570251942,-0.229437977,0.069614924,-0.090536952,0.966599762,-0.102367513,-0.150699720,-1.316056967,0.990958929,0.077160023,-0.005563302,0.109616719,0.030079335,-0.125927165,-1.284354806,0.979972124,0.085731573,0.039434087,0.175356045,-0.014552133,-0.282642603,-1.284952641,0.994820714,0.095625103,0.022312481,0.026263123
510,3272614,118863,headmotion,fast,0.083703153,1.368203402,-0.571067095,-0.224839047,0.078995287,-0.088415928,0.967155516,-0.079413339,-0.161207214,-1.318713665,0.996538043,0.069433048,0.045167360,0.007137876,0.053046271,-0.138338476,-1.289507389,0.983441651,0.078771129,0.022374889,0.161669716,,,,,,,
511,3272811,119060,headmotion,fast,0.058156308,1.373463511,-0.568651795,-0.212455139,0.108734071,-0.035766821,0.970443428,-0.026199900,-0.172232077,-1.316431403,0.998862982,0.005149909,0.041906696,0.022137463,0.107441798,-0.164379373,-1.285381079,0.987444997,0.015292540,0.039010484,0.152304590,0.042847738,-0.312447727,-1.275872827,0.993015945,0.029053474,0.085548155,0.075873308
512,3273005,119254,headmotion,fast,0.023967389,1.377170563,-0.561536908,-0.197403640,0.146839321,0.038015626,0.968516827,0.034877777,-0.185014591,-1.311726332,0.993799984,-0.063702330,0.089281410,0.018234750,0.165944919,-0.197898909,-1.280134797,0.981907129,-0.062654287,0.061297763,0.167855367,0.079835713,-0.335444421,-1.274215341,0.993216395,-0.050153706,0.075199381,0.073149107
513,3273200,119449,headmotion,fast,-0.009279828,1.376382232,-0.552356899,-0.185769171,0.179480895,0.114344165,0.959271491,0.083474591,-0.193482324,-1.285780668,0.967959642,-0.166998491,0.063259244,0.176533028,0.210885212,-0.232008845,-1.266667247,0.967918098,-0.158115849,0.064760625,0.184228361,0.103166163,-0.350873649,-1.262439609,0.968566537,-0.152560264,0.035850573,0.193181232
514,3273408,119657,headmotion,fast,-0.037927125,1.369135499,-0.542450249,-0.193758279,0.210085660,0.175601676,0.942064643,0.147144899,-0.162128970,-1.283012629,0.957145095,-0.235960603,0.067652568,0.153684661,0.265824556,-0.216553375,-1.253433943,0.952781558,-0.226280674,0.077556513,0.187054321,0.144484654,-0.320936739,-1.264043212,0.974332571,-0.204517260,0.093539633,-0.009952899
515,3273630,119879,headmotion,fast,-0.053823747,1.366531730,-0.535602808,-0.190834939,0.222075894,0.194591075,0.936161637,0.176903352,-0.170295626,-1.276354551,0.948337555,-0.259630889,0.079198398,0.164241761,0.296719134,-0.232699722,-1.263912916,0.942452848,-0.250782490,0.112353571,0.190440297,0.166133493,-0.326554596,-1.247685790,0.948161304,-0.245143622,0.064569622,0.191639021
516,3273853,120102,headmotion,fast,-0.049418788,1.370432854,-0.535341322,-0.185866445,0.212148517,0.174279556,0.943436980,0.160232574,-0.187544346,-1.285623431,0.959490001,-0.235207468,0.065176614,0.140742540,0.277433395,-0.239960775,-1.249118805,0.948201478,-0.227607787,0.081586137,0.206039831,0.156567529,-0.343900263,-1.253814578,0.952570975,-0.219921961,0.073607750,0.197039992
517,3274049,120298,headmotion,fast,-0.027484637,1.375088334,-0.541942239,-0.189026162,0.183160350,0.119746447,0.957278550,0.108833104,-0.183249608,-1.281649709,0.964345634,-0.177551538,0.035161979,0.193071440,0.235691294,-0.224135950,-1.267681837,0.965685785,-0.167037427,0.065114349,0.187908337,0.127792552,-0.344170690,-1.273354411,0.985826492,-0.151548743,0.053470366,0.048166513
518,3274255,120504,headmotion,fast,-0.003303549,1.377165437,-0.549567938,-0.197909936,0.152722746,0.055017963,0.966685295,0.065804869,-0.176142752,-1.301333070,0.977926135,-0.103588164,0.081825092,0.161971241,0.197981700,-0.197634906,-1.283834696,0.980999529,-0.087648958,0.075469524,0.155762553,0.104823142,-0.326061517,-1.263452411,0.973062456,-0.084428191,0.031649619,0.212178364
519,3274464,120713,headmotion,fast,0.024896981,1.374656439,-0.556321859,-0.217069939,0.108626373,-0.014521798,0.969984531,-0.003648192,-0.150652334,-1.321291685,0.997508466,-0.021271156,-0.055348217,0.038222514,0.127260849,-0.149467722,-1.287922978,0.982324123,-0.014163646,0.044072032,0.181373760,0.057027891,-0.295310080,-1.289260864,0.998041034,0.007351547,0.052251481,0.033613496
520,3274699,120948,headmotion,fast,0.047635667,1.371843696,-0.559454560,-0.228875294,0.067274503,-0.061901156,0.969153464,-0.096661426,-0.136005327,-1.293612123,0.981740534,0.040819481,0.009036615,0.185573950,0.037296392,-0.122802630,-1.300351381,0.985421121,0.052081272,0.011899323,0.161527857,-0.015213735,-0.274931937,-1.289267421,0.985074043,0.062965855,-0.003951751,0.160152614
521,3274936,121185,headmotion,fast,0.059584841,1.370975614,-0.560223222,-0.230953991,0.051552121,-0.080095641,0.968290925,-0.130909339,-0.145571917,-1.318529248,0.993257701,0.076030783,0.019970715,0.085204042,0.002892312,-0.122693077,-1.295665264,0.984315574,0.078410670,0.008816571,0.157787517,-0.043366890,-0.277258545,-1.284906745,0.995829523,0.090252884,0.002235304,0.013151744
522,3275158,121407,headmotion,fast,0.049320333,1.374064326,-0.559018910,-0.221024632,0.077791281,-0.055707932,0.970563352,-0.074016027,-0.158154026,-1.324788213,0.997058034,0.043490864,0.054102294,0.032507680,0.060057938,-0.143595204,-1.303626776,0.987393439,0.047796037,0.005970052,0.150778398,0.004376359,-0.293787628,-1.286853671,0.978762984,0.052340757,-0.003170911,0.198175356
523,3275366,121615,headmotion,fast,0.019059982,1.375456452,-0.554784417,-0.213879317,0.124878429,0.011060273,0.968782067,0.012552552,-0.143341139,-1.287744522,0.978879333,-0.052018534,0.031712361,0.195150301,0.146667615,-0.153765187,-1.286466837,0.983764648,-0.034478661,0.061705310,0.164956972,0.068615720,-0.291796386,-1.271196842,0.975102186,-0.033210184,0.020919362,0.218254849
524,3275575,121824,headmotion,fast,-0.011544509,1.372575521,-0.548071384,-0.209184334,0.161144331,0.089109749,0.960382104,0.069920138,-0.133201733,-1.285241008,0.972191155,-0.139514565,0.044152249,0.182840258,0.201056957,-0.165593490,-1.281120896,0.980938017,-0.124261349,0.054880716,0.138952553,0.100602835,-0.291348577,-1.276692867,0.989050388,-0.107459016,0.098022409,0.024969695
525,3275782,122031,headmotion,fast,-0.038783245,1.367570281,-0.539869547,-0.199098423,0.192355826,0.169427350,0.945861220,0.110437393,-0.141394988,-1.289656878,0.960677445,-0.216724291,0.055044919,0.164619327,0.230566725,-0.191449091,-1.260063171,0.957335830,-0.211263329,0.055007070,0.189341456,0.114695489,-0.301502287,-1.277723074,0.980370343,-0.186372742,0.058676269,-0.026387604
526,3276020,122269,headmotion,fast,-0.059351210,1.362474918,-0.533987701,-0.192467690,0.206296697,0.214896321,0.934995949,0.131246895,-0.150071695,-1.277190328,0.948438942,-0.269940019,0.035581186,0.162265122,0.252530754,-0.219133213,-1.287720919,0.950755298,-0.263370723,0.096072897,0.132175088,0.118045270,-0.309263200,-1.267576814,0.967168152,-0.239834145,0.082272112,-0.017223146
527,3276241,122490,headmotion,fast,-0.060884554,1.363186717,-0.533628643,-0.188535228,0.207513422,0.214810327,0.935547531,0.134590119,-0.162248120,-1.281631708,0.947743833,-0.271886557,0.047055621,0.160140872,0.252976716,-0.230290577,-1.278933406,0.958350003,-0.232938319,0.152750134,-0.063026816,0.119634420,-0.318312526,-1.255792022,0.947123230,-0.259971827,0.045121171,0.182582498
528,3276451,122700,headmotion,fast,-0.036263250,1.368833899,-0.540866256,-0.190047488,0.200755119,0.172180668,0.945480406,0.123497501,-0.167425886,-1.285154700,0.957856417,-0.231261969,0.051500522,0.162409157,0.242173657,-0.220160916,-1.255031943,0.953598082,-0.224282578,0.058662258,0.192111477,0.122697577,-0.325293630,-1.260314822,0.958472252,-0.217839330,0.036708154,0.180359349
529,3276658,122907,headmotion,fast,0.003871257,1.373808146,-0.553046048,-0.196113274,0.182197317,0.101137459,0.958183169,0.090664081,-0.165257201,-1.277568460,0.966316462,-0.156954274,0.063179500,0.193923205,0.218144462,-0.201317057,-1.260750532,0.964696229,-0.153609708,0.060128767,0.205304325,0.115626603,-0.323000938,-1.264620900,0.971484184,-0.143315479,0.026501469,0.187020957
530,3276838,123087,headmotion,fast,0.043938708,1.377856970,-0.564354539,-0.194069281,0.163481295,0.028923210,0.966837347,0.066562593,-0.198737189,-1.316457629,0.993180990,-0.066997379,0.095048681,0.008280805,0.197411254,-0.210441664,-1.277457356,0.980453193,-0.065891385,0.089526281,0.162341982,0.109859899,-0.344568729,-1.260919571,0.978411436,-0.070868522,-0.003277536,0.194108084
531,3277033,123282,headmotion,fast,0.076080590,1.379277229,-0.572577059,-0.192313030,0.143253013,-0.036315605,0.970142007,0.039671920,-0.218333140,-1.274209023,0.967822909,-0.020533865,0.054164555,0.244874269,0.172841594,-0.218534604,-1.266967654,0.979390562,0.002305303,0.067557141,0.190328240,0.106963277,-0.368453324,-1.266471863,0.994259596,0.019046146,0.081801601,0.066284932
532,3277222,123471,headmotion,fast,0.099916540,1.378746986,-0.580381453,-0.192746863,0.132207945,-0.087092750,0.968392789,0.036981165,-0.237069145,-1.278402209,0.965125799,0.030108852,0.055801272,0.253991872,0.170225188,-0.222758129,-1.271134615,0.980517209,0.050823253,0.060722977,0.179765895,0.118677065,-0.377184004,-1.263272882,0.989103675,0.070597216,0.081946708,0.099873416
533,3277433,123682,headmotion,fast,0.105524376,1.377805829,-0.585548759,-0.194131538,0.136081547,-0.107798398,0.965491712,0.063352905,-0.243264347,-1.295476437,0.983487844,0.063324310,0.081889138,0.148445070,0.190577194,-0.216565683,-1.253053427,0.967148721,0.071479425,0.098991029,0.222968251,,,,,,,
534,3277630,123879,headmotion,fast,0.091206796,1.379777670,-0.585457683,-0.192386210,0.134747028,-0.089205652,0.967922091,0.056068130,-0.246005625,-1.299794078,0.997223616,0.049224652,0.020090450,0.052137781,0.184582755,-0.223164096,-1.257262588,0.979345620,0.056222480,0.070899032,0.180816129,0.135114297,-0.377483487,-1.252667904,0.969154954,0.055760376,0.031942643,0.237926662
535,3277823,124072,headmotion,fast,0.065721750,1.383478045,-0.581306994,-0.186307654,0.142645001,-0.054560866,0.970548809,0.068335935,-0.253465205,-1.300499439,0.993596196,0.015171808,0.099753939,0.050848342,0.199005082,-0.241478860,-1.260885596,0.978803873,0.021475166,0.089291424,0.183054179,0.135096371,-0.389718354,-1.242875814,0.991597176,0.039599992,0.106143631,0.062453818
536,3278019,124268,headmotion,fast,0.037581120,1.387048602,-0.573730350,-0.178671360,0.149019375,-0.016086034,0.972425342,0.070826150,-0.254500598,-1.264873505,0.971380115,-0.040683106,0.065058991,0.224795148,0.204091251,-0.258683830,-1.250069141,0.973199368,-0.017203232,0.091003925,0.210488424,0.131140038,-0.400062323,-1.233945966,0.970443010,-0.020797031,0.028906591,0.238688648
537,3278214,124463,headmotion,fast,0.011041746,1.389829874,-0.565765679,-0.170654312,0.161672682,0.026368532,0.971619129,0.088474542,-0.266007304,-1.262375236,0.963908553,-0.087344714,0.042233191,0.247926563,0.220660612,-0.283051282,-1.247922897,0.969614863,-0.070982568,0.081666261,0.219406322,0.134679154,-0.418711901,-1.234108090,0.991856933,-0.043324236,0.106799968,0.054190580
538,3278382,124631,headmotion,fast,-0.010534274,1.390957475,-0.559202731,-0.161819994,0.177332491,0.078925297,0.967542410,0.096331149,-0.279191494,-1.261424661,0.961575806,-0.135117054,0.068581320,0.228936613,0.226559952,-0.308592230,-1.245374560,0.966376960,-0.119497277,0.081304222,0.212663203,0.126271829,-0.431319743,-1.223440289,0.955412269,-0.121400833,0.043834429,0.265570581
539,3278560,124809,headmotion,fast,-0.029348390,1.385631084,-0.553248465,-0.166306287,0.200967744,0.156756669,0.952565789,0.108554468,-0.248680204,-1.271712542,0.955748975,-0.215414822,0.075038776,0.185767591,0.228846058,-0.296889991,-1.239412546,0.949307323,-0.210900575,0.067209028,0.223202735,0.110719696,-0.402908087,-1.232446909,0.950789332,-0.210242316,0.028372744,0.225815743
540,3278784,125033,headmotion,fast,-0.043489952,1.378624439,-0.548315763,-0.176276743,0.222868770,0.202776149,0.937090099,0.146057978,-0.212787241,-1.265840650,0.941339791,-0.269097060,0.048206411,0.197844237,0.261074603,-0.274591297,-1.238049626,0.937643230,-0.260172486,0.078195348,0.216843188,0.132229552,-0.366882384,-1.232033730,0.941901147,-0.256922245,0.039051004,0.212810233
541,3279006,125255,headmotion,fast,-0.053050343,1.374923348,-0.545032382,-0.179128453,0.239485413,0.217393190,0.929139376,0.187564731,-0.209470674,-1.265524983,0.942297101,-0.283479184,0.077109694,0.160529852,0.297637522,-0.274516642,-1.227465391,0.938822031,-0.276694715,0.083918840,0.187111929,0.168552533,-0.366551697,-1.243867040,0.963969529,-0.246832326,0.094396994,-0.030427501
542,3279200,125449,headmotion,fast,-0.046053700,1.379082799,-0.547686219,-0.174679354,0.233335361,0.181288525,0.939242363,0.187803835,-0.231225014,-1.261180401,0.947324932,-0.250274867,0.081921384,0.182282329,0.302298844,-0.286189020,-1.221836567,0.943130910,-0.245573848,0.087905787,0.206082925,0.179331869,-0.385613829,-1.225580215,0.944999814,-0.239192903,0.069625072,0.211930469
543,3279394,125643,headmotion,fast,-0.024910426,1.385625362,-0.554982841,-0.172752112,0.200172782,0.113782153,0.957674921,0.141392544,-0.246470332,-1.277374387,0.965871274,-0.171290487,0.122858837,0.150525853,0.264865816,-0.283562481,-1.240615487,0.959905565,-0.168357641,0.081417330,0.208825842,0.156862393,-0.402550995,-1.242103457,0.980287790,-0.141791597,0.118683048,0.069608591
544,3279589,125838,headmotion,fast,0.001444745,1.388229847,-0.562633574,-0.181004435,0.160836011,0.040373318,0.969401419,0.084106252,-0.235447183,-1.266546726,0.966218114,-0.092688575,0.079755165,0.226871192,0.217507809,-0.256032884,-1.259250998,0.972679555,-0.083208218,0.077511519,0.202392951,,,,,,,
545,3279769,126018,headmotion,fast,0.027627788,1.386621952,-0.568306863,-0.195992842,0.125182152,-0.029317942,0.972140253,0.037134722,-0.213419825,-1.271905541,0.968316853,-0.026081188,0.036353219,0.245684072,0.169462204,-0.213647336,-1.260282040,0.970240653,-0.003736232,0.070343770,0.231669918,0.103871927,-0.359070361,-1.255533695,0.969949722,0.004834211,0.026612477,0.241797462
546,3279977,126226,headmotion,fast,0.049063802,1.383077860,-0.571824610,-0.209478661,0.088883109,-0.083230242,0.970201612,-0.020655636,-0.205707669,-1.308150172,0.994716644,0.065481283,0.050701134,0.060665872,0.111886695,-0.184945911,-1.288330555,0.983527720,0.066593379,0.046023984,0.161618069,,,,,,,
547,3280199,126448,headmotion,fast,0.060317475,1.381672263,-0.572355926,-0.211774915,0.071427971,-0.103129819,0.969233572,-0.054896872,-0.211450413,-1.317760110,0.995331287,0.085189335,0.009266407,0.044412848,0.075595915,-0.182211161,-1.279626966,0.972740591,0.089901067,0.054879077,0.206596017,0.034916863,-0.337572306,-1.269953370,0.968291044,0.101409927,0.012387563,0.227980554
548,3280407,126656,headmotion,fast,0.052407607,1.384611130,-0.569088161,-0.204513907,0.086606123,-0.089920290,0.970869601,-0.020354308,-0.221129730,-1.309472799,0.983209550,0.066269092,0.009182010,0.169773713,0.110986367,-0.197688729,-1.277943969,0.972128987,0.070916317,0.063708827,0.214189991,0.065157652,-0.353126049,-1.268765330,0.993659914,0.092154242,0.049266838,0.041477330
549,3280589,126838,headmotion,fast,0.027070321,1.389408946,-0.563189447,-0.189108998,0.133538991,-0.028504962,0.972415864,0.059512138,-0.230037197,-1.270209551,0.967950344,-0.026771829,0.043785468,0.245841935,0.194834054,-0.233728573,-1.270185471,0.976756513,-0.012598037,0.056881990,0.206282273,0.124860987,-0.377683640,-1.253258824,0.993965864,0.013813153,0.086446144,0.066091754
550,3280769,127018,headmotion,fast,0.007370478,1.391311169,-0.557101488,-0.174130052,0.170982227,0.045931749,0.968676448,0.099509940,-0.252835333,-1.274196863,0.965943098,-0.108103096,0.065267958,0.225848988,0.231014088,-0.274838775,-1.258615017,0.967624962,-0.092179872,0.088942885,0.217471898,0.137766942,-0.403726637,-1.237880230,0.992881119,-0.068244509,0.091037087,0.035242781
551,3280951,127200,headmotion,fast,-0.013487302,1.388194799,-0.550796688,-0.167828366,0.201638162,0.129853413,0.956197560,0.119513467,-0.250115275,-1.271376967,0.954677165,-0.195932657,0.067906156,0.213519588,0.242171124,-0.292612970,-1.241680026,0.951867223,-0.187264457,0.073113315,0.231377006,0.130634218,-0.406087816,-1.241309166,0.955163002,-0.180872008,0.050971769,0.228803128
552,3281158,127407,headmotion,fast,-0.031431735,1.384133697,-0.546131313,-0.165000722,0.221310556,0.173329026,0.945385337,0.147220686,-0.250164121,-1.264939427,0.946207821,-0.241859570,0.067732133,0.203978240,0.265371203,-0.304994643,-1.235945940,0.945978820,-0.234173745,0.079705365,0.209603950,0.142082274,-0.404964596,-1.230004668,0.942789435,-0.228563786,0.057507847,0.235795483
553,3281339,127588,headmotion,fast,-0.036961459,1.386241198,-0.545128107,-0.156708553,0.221187100,0.159829125,0.949196160,0.160247147,-0.281581193,-1.269502521,0.951765120,-0.229371920,0.072496384,0.190462515,0.279136062,-0.330832779,-1.232656360,0.946248651,-0.219231576,0.088040069,0.220907211,0.159745619,-0.438972473,-1.237627745,0.977305293,-0.193209738,0.080823742,0.031809341
554,3281492,127741,headmotion,fast,-0.020821335,1.391685963,-0.551585674,-0.154397368,0.203492150,0.083138511,0.963244677,0.166652516,-0.303363353,-1.261745453,0.960832477,-0.148316085,0.089109965,0.216478094,0.293861032,-0.334324360,-1.232355714,0.962676764,-0.137756258,0.097783722,0.211459205,0.191912934,-0.459424525,-1.228262782,0.962664127,-0.132365748,0.087782301,0.219206378
555,3281645,127894,headmotion,fast,0.006699385,1.393462062,-0.560833275,-0.163610995,0.164887980,-0.013140014,0.972558856,0.141003177,-0.294882029,-1.256564856,0.959001184,-0.058889687,0.084746756,0.263944566,0.272577584,-0.302426636,-1.234895468,0.960395932,-0.043799367,0.109151036,0.252601236,0.197086841,-0.444556773,-1.229030013,0.972612500,-0.040132061,0.047022916,0.224060729
556,3281811,128060,headmotion,fast,0.036220800,1.390080690,-0.568454504,-0.176543310,0.125098944,-0.102024771,0.970965326,0.110044867,-0.285108566,-1.284909248,0.980912268,0.060551070,0.085424341,0.163851812,0.237647757,-0.260498852,-1.244599700,0.959784567,0.058235694,0.101251684,0.255284637,0.188895926,-0.411573768,-1.228085995,0.954054415,0.064190060,0.068483301,0.284552157
557,3282006,128255,headmotion,fast,0.058721986,1.386828661,-0.572852254,-0.182319880,0.092287399,-0.142997965,0.968397677,0.046448469,-0.288243771,-1.293058276,0.982284844,0.114897035,0.032880671,0.144340068,0.173743606,-0.249766350,-1.260378242,0.966304719,0.120524935,0.083348095,0.211617664,0.141734526,-0.408408999,-1.243834615,0.985365331,0.139816687,0.057617787,0.078655392
558,3282214,128463,headmotion,fast,0.059779920,1.387568831,-0.573735833,-0.181831196,0.097082131,-0.135518104,0.969096124,0.049379118,-0.284990996,-1.280665040,0.975588500,0.101906374,0.061745677,0.184471354,0.179290280,-0.253027916,-1.264759660,0.969507515,0.111029617,0.087501429,0.200177759,0.143703401,-0.408155084,-1.240894198,0.957284212,0.112859689,0.034642916,0.263949841
559,3282366,128615,headmotion,fast,0.037282683,1.391352654,-0.569965243,-0.173170939,0.132395744,-0.071570277,0.973324656,0.092967376,-0.292233646,-1.290960193,0.997289836,0.027194519,-0.013394232,0.067037798,0.220992431,-0.273323983,-1.249618649,0.968705237,0.034085169,0.076467760,0.233668715,0.164711893,-0.422854602,-1.233739376,0.964043915,0.036220595,0.050004866,0.258470386
560,3282533,128782,headmotion,fast,0.016647091,1.393277168,-0.564633608,-0.164605558,0.153103679,-0.009581991,0.974357486,0.095875800,-0.290150434,-1.255901456,0.961669564,-0.051340114,0.086148992,0.255213976,0.228315130,-0.298243791,-1.243342161,0.968541920,-0.032424062,0.091387786,0.229180247,0.152533695,-0.438635677,-1.228774905,0.959112823,-0.027650902,0.065238364,0.274010867
561,3282687,128936,headmotion,fast,-0.008173775,1.391528010,-0.556513429,-0.156042725,0.178105071,0.086955152,0.967661142,0.087959811,-0.289451331,-1.261425495,0.957978606,-0.146083757,0.055267747,0.240586638,0.217075408,-0.323200077,-1.245230675,0.959654331,-0.139853671,0.068261176,0.234189928,0.113599762,-0.444323123,-1.230435967,0.960508943,-0.137320355,0.042704701,0.238205835
562,3282882,129131,headmotion,fast,-0.029198913,1.386986852,-0.548593938,-0.150842950,0.203962013,0.161013916,0.953792632,0.106682286,-0.288034230,-1.273872852,0.952998221,-0.222358227,0.063974380,0.195597887,0.225988492,-0.337092102,-1.237323165,0.947696507,-0.217265874,0.063273951,0.225084990,0.106088519,-0.441450834,-1.228355050,0.945766568,-0.212851256,0.037193969,0.242562443
563,3283089,129338,headmotion,fast,-0.046758711,1.382647514,-0.540056407,-0.147897571,0.235963225,0.198559463,0.939692438,0.168479085,-0.295068026,-1.260950327,0.938456953,-0.271581858,0.080939114,0.197460666,0.280918062,-0.354807466,-1.221252322,0.933098853,-0.262885749,0.086393222,0.229682073,0.152845040,-0.448001742,-1.218913794,0.934043467,-0.258684874,0.064323172,0.237713024
564,3283284,129533,headmotion,fast,-0.047175668,1.382898092,-0.537674427,-0.146740332,0.243286863,0.193985626,0.938961327,0.189701468,-0.302591234,-1.258828282,0.938732803,-0.267793387,0.086281314,0.199055195,0.307676971,-0.368442357,-1.240647435,0.958928108,-0.224404320,0.173274323,0.008694632,0.173891544,-0.453776598,-1.211900353,0.935146809,-0.257706404,0.067039974,0.233652562
565,3283463,129712,headmotion,fast,-0.028218744,1.386667967,-0.544680536,-0.153821960,0.227929085,0.141964704,0.950911760,0.181856871,-0.292879164,-1.265299439,0.951050341,-0.212541401,0.110655487,0.195153236,0.301732481,-0.338320017,-1.226442218,0.945874929,-0.209639743,0.099079654,0.227057368,0.183741838,-0.444436312,-1.217244864,0.939633429,-0.202069119,0.091325618,0.260608464
566,3283630,129879,headmotion,fast,-0.000199478,1.389201522,-0.554729342,-0.167775452,0.199184477,0.064125396,0.963361263,0.157034203,-0.265879601,-1.268642664,0.963765562,-0.133858457,0.080046013,0.216403633,0.285762370,-0.292178839,-1.240710497,0.959040463,-0.124761589,0.109061070,0.229742661,,,,,,,
567,3283811,130060,headmotion,fast,0.027857993,1.387472272,-0.563848913,-0.186097518,0.166744292,-0.010057659,0.968226671,0.120191634,-0.229904190,-1.265842676,0.966834247,-0.051815685,0.097534090,0.230290636,0.256069899,-0.240507111,-1.266176701,0.979136825,-0.030331936,0.105060875,0.171269581,0.178235292,-0.381520569,-1.250648618,0.992070854,-0.013112644,0.102178343,0.071993440
568,3284005,130254,headmotion,fast,0.049343660,1.384844542,-0.570201695,-0.194952250,0.147114560,-0.052836794,0.968276441,0.094365433,-0.221396372,-1.292028666,0.982875884,0.011355616,0.102182232,0.152921230,0.224125996,-0.211945221,-1.258532166,0.970038176,0.010356689,0.101633333,0.220429823,,,,,,,
569,3284199,130448,headmotion,fast,0.052084051,1.385366201,-0.571873903,-0.194164097,0.153826132,-0.056060120,0.967209935,0.112915456,-0.226752326,-1.301110268,0.987664938,0.002762854,0.058978360,0.145023748,0.242765471,-0.216861382,-1.265189290,0.981397092,0.016191443,0.095888883,0.165538311,0.178541437,-0.362436265,-1.245290279,0.965044737,0.016510613,0.076059982,0.250261694
570,3284381,130630,headmotion,fast,0.033495292,1.387990475,-0.567615390,-0.182146266,0.177778468,-0.003460414,0.967060268,0.133662522,-0.237915993,-1.254946709,0.959276557,-0.063112363,0.092028171,0.259492010,0.267159939,-0.249312535,-1.245386720,0.974721372,-0.045019139,0.090266585,0.199357584,0.189588785,-0.390983343,-1.242672801,0.986847579,-0.022955637,0.132274225,0.090046830
571,3284561,130810,headmotion,fast,0.006325484,1.388321996,-0.557354987,-0.173908904,0.224532142,0.066300020,0.956527770,0.208755031,-0.252418578,-1.270817637,0.966471612,-0.138614684,0.116542779,0.182034016,0.334144831,-0.278256536,-1.228486419,0.962307811,-0.127999902,0.119597636,0.208029091,0.236005291,-0.403530478,-1.225489497,0.962753654,-0.124826379,0.083105363,0.224983066
572,3284741,130990,headmotion,fast,-0.018169187,1.385121942,-0.545643449,-0.172067046,0.260144383,0.128882334,0.941332698,0.271996260,-0.252732247,-1.252170444,0.950419188,-0.213881344,0.122779176,0.189429134,0.390163898,-0.297669083,-1.208065391,0.943156540,-0.207496002,0.139935300,0.218676150,0.275874794,-0.408597797,-1.218121767,0.948616207,-0.204310223,0.104095250,0.218057007
573,3284936,131185,headmotion,fast,-0.035701878,1.381790638,-0.537376523,-0.168972418,0.284624517,0.163650930,0.929330766,0.318632603,-0.264278293,-1.240904212,0.942045093,-0.253893048,0.131603837,0.175413296,0.429372847,-0.317835033,-1.188912034,0.938099086,-0.249953240,0.137259334,0.196604460,0.305640340,-0.415541708,-1.196700096,0.932686210,-0.246929899,0.126859933,0.230279297
574,3285144,131393,headmotion,fast,-0.041986123,1.381041050,-0.534631550,-0.165603399,0.285588980,0.170735464,0.928366244,0.318029881,-0.273152411,-1.239231110,0.935770631,-0.261856884,0.144068584,0.187105834,0.428173661,-0.328637570,-1.188289285,0.933158219,-0.258215725,0.136841357,0.209319904,0.304948509,-0.426794946,-1.201406360,0.930577457,-0.250420034,0.137618572,0.228859246
575,3285325,131574,headmotion,fast,-0.027559258,1.386745334,-0.541019499,-0.163254157,0.247647882,0.126136124,0.946629941,0.249941096,-0.277543277,-1.267029405,0.954526544,-0.202151626,0.133705214,0.173599258,0.371704459,-0.321518362,-1.227724195,0.950444698,-0.192234278,0.137687713,0.201849014,0.252787352,-0.429605007,-1.216802955,0.949118972,-0.195200995,0.103478208,0.224414900
576,3285505,131754,headmotion,fast,-0.002128613,1.389728069,-0.550362825,-0.175352976,0.186591849,0.053032890,0.965205848,0.142541274,-0.249216080,-1.283103585,0.971623242,-0.113195360,0.088393949,0.187940627,0.270924747,-0.271141022,-1.250954986,0.964989185,-0.105297945,0.088767871,0.223223135,0.177881196,-0.402433157,-1.247835994,0.986006975,-0.075245313,0.129059970,0.073972046
577,3285714,131963,headmotion,fast,0.019237438,1.389130116,-0.554932892,-0.188532621,0.144904733,-0.004135201,0.971308887,0.073039204,-0.225143924,-1.284042478,0.970246911,-0.047755178,0.076419018,0.224723205,0.208552286,-0.234003499,-1.279781222,0.978616536,-0.028578306,0.078497261,0.187965885,0.131002337,-0.372841895,-1.260786772,0.975521207,-0.028722301,0.033510327,0.215430960
578,3285908,132157,headmotion,fast,0.029527040,1.389131784,-0.554440439,-0.192372203,0.134700418,-0.033362675,0.971460581,0.070277534,-0.226319537,-1.311268330,0.998711407,-0.002612282,-0.006963182,0.050201952,0.199688271,-0.219252065,-1.274653673,0.976439595,-0.000480328,0.068839654,0.204515576,0.133982584,-0.365662813,-1.268345833,0.972310007,0.005713494,0.052708238,0.227601573
579,3286118,132367,headmotion,fast,0.025311951,1.390148163,-0.551507413,-0.190345749,0.148024678,-0.027812310,0.970094681,0.099086791,-0.222642928,-1.283195734,0.969445109,-0.031213311,0.079147518,0.230081692,0.233989552,-0.226005703,-1.279889107,0.980480790,-0.005653277,0.079971686,0.179527119,0.164270431,-0.369885683,-1.267720819,0.974535465,-0.007561699,0.058280513,0.216395169
580,3286297,132546,headmotion,fast,0.007584614,1.392929435,-0.544529080,-0.176159918,0.185021326,0.014612351,0.966706455,0.168783501,-0.252202153,-1.279509425,0.964335322,-0.084544607,0.083537072,0.236497790,0.298602283,-0.265947074,-1.249743462,0.967064202,-0.073686078,0.100044250,0.222144797,0.214910313,-0.401481688,-1.243735433,0.971687794,-0.067186385,0.060991023,0.218148798
581,3286477,132726,headmotion,fast,-0.014083948,1.391514063,-0.536918581,-0.167138278,0.227494195,0.072217345,0.956606448,0.242512837,-0.271696210,-1.276333332,0.964855313,-0.146901533,0.122175567,0.180408627,0.365844190,-0.299055636,-1.230016351,0.957915246,-0.141332805,0.124757528,0.216469392,0.264867008,-0.422647536,-1.228591204,0.957889915,-0.136425227,0.107482351,0.228653848
582,3286659,132908,headmotion,fast,-0.033196680,1.388160706,-0.529569387,-0.162091434,0.262904018,0.117211305,0.943858743,0.301083863,-0.283398360,-1.256363750,0.951001406,-0.200151041,0.135109663,0.193083584,0.417886853,-0.323394716,-1.204918981,0.943795621,-0.198460966,0.139690146,0.224387586,0.306790173,-0.437255383,-1.213060021,0.945302486,-0.188616574,0.133887067,0.230002731
583,3286866,133115,headmotion,fast,-0.047093164,1.384048223,-0.523184180,-0.157785207,0.287553847,0.162264794,0.930637836,0.336548388,-0.297178984,-1.240296006,0.938195050,-0.251702636,0.155132890,0.179915592,0.448143065,-0.349802792,-1.189207673,0.929081082,-0.248436272,0.157487735,0.224244222,0.323023975,-0.447503835,-1.192913890,0.929819822,-0.247717872,0.129756361,0.239236802
584,3287060,133309,headmotion,fast,-0.052796002,1.383006930,-0.521025658,-0.153695241,0.289641768,0.176728353,0.928036928,0.336615622,-0.308312684,-1.244864941,0.935401380,-0.262018710,0.166508332,0.169249669,0.446814358,-0.365083516,-1.192713499,0.927443743,-0.261584163,0.159633011,0.214334309,0.317390263,-0.458361149,-1.195239067,0.924996972,-0.255999535,0.149057582,0.237963706
585,3287256,133505,headmotion,fast,-0.042128891,1.387037873,-0.527148724,-0.152433261,0.250908375,0.150743201,0.943973303,0.249865547,-0.305194825,-1.273586512,0.946713209,-0.225629687,0.147997707,0.175846651,0.365754843,-0.352254868,-1.223402619,0.942743599,-0.216240108,0.137260482,0.213621885,0.244012848,-0.455860853,-1.220567107,0.935944319,-0.216007665,0.118395448,0.251657188
586,3287422,133671,headmotion,fast,-0.021696873,1.392542124,-0.535570860,-0.155780658,0.194634527,0.091160722,0.964126289,0.150669247,-0.296041161,-1.286801219,0.965302050,-0.156614810,0.105177604,0.180558741,0.276499867,-0.328580588,-1.251748562,0.961932361,-0.152612865,0.081789382,0.211437717,0.169900075,-0.447372913,-1.237864375,0.959422350,-0.152676240,0.043400090,0.233056158
587,3287589,133838,headmotion,fast,-0.002706416,1.395759344,-0.539319873,-0.161208481,0.156133577,0.022568604,0.974230349,0.098321736,-0.293200940,-1.288855076,0.970723152,-0.076701738,0.062554754,0.218861356,0.229705736,-0.306128561,-1.267791152,0.970916390,-0.059372235,0.084474929,0.216009989,0.145045385,-0.439520001,-1.245739698,0.961603403,-0.062041532,0.045018747,0.263520509
588,3287769,134018,headmotion,fast,0.018266072,1.395887375,-0.542241514,-0.171267897,0.114540301,-0.040523026,0.977704346,0.037564516,-0.282034755,-1.289453387,0.965097368,-0.002021932,0.041018471,0.258651316,0.172839075,-0.279517412,-1.288501740,0.971773982,0.016376326,0.066425890,0.225775912,0.107795745,-0.424100220,-1.261792898,0.963801086,0.021616036,0.054447412,0.260107160
589,3287964,134213,headmotion,fast,0.042325709,1.393199682,-0.546024501,-0.182888329,0.070322879,-0.095009647,0.976001918,-0.038341150,-0.280233562,-1.314498901,0.982247710,0.071251288,-0.016686566,0.172725827,0.093287259,-0.254191697,-1.291804433,0.968094110,0.084569909,0.046861488,0.231183425,0.048880883,-0.407509863,-1.268143535,0.993731081,0.095999278,0.010027542,0.056410283
590,3288172,134421,headmotion,fast,0.063354015,1.391022444,-0.549998462,-0.185341001,0.044896722,-0.122587278,0.973963737,-0.090991318,-0.290745437,-1.304622293,0.968560278,0.105455883,-0.016268183,0.224734098,0.039122492,-0.256991327,-1.287041426,0.964913189,0.121178366,0.038218703,0.229777440,0.005572051,-0.415062129,-1.274532676,0.960073113,0.127408281,-0.017630020,0.248426855
591,3288339,134588,headmotion,fast,0.063638151,1.395716548,-0.551805377,-0.168685719,0.078442581,-0.071407251,0.979945362,-0.064733028,-0.314395368,-1.304816246,0.984516203,0.053327613,0.030612115,0.164155275,0.068702161,-0.296872675,-1.299134612,0.979488730,0.062095203,0.006947011,0.191566765,0.017590299,-0.449260056,-1.271676540,0.989446104,0.079313882,0.042750817,0.113481805
592,3288492,134741,headmotion,fast,0.036757424,1.399331093,-0.547453701,-0.144846141,0.139921322,0.025524193,0.979178309,0.011003941,-0.342822343,-1.307660937,0.990545928,-0.048243530,0.088179097,0.093358263,0.142854825,-0.347577721,-1.270473719,0.968939781,-0.053010870,0.052567188,0.235759005,0.059657365,-0.484060735,-1.247879744,0.961107850,-0.052250616,0.016478719,0.270684332
593,3288659,134908,headmotion,fast,-0.005916697,1.394773722,-0.536654055,-0.129499629,0.186569303,0.123507306,0.966006041,0.063434251,-0.345276088,-1.271309018,0.952366769,-0.177331895,0.064396605,0.239591420,0.189489454,-0.385181189,-1.250579834,0.954178393,-0.164660290,0.066546358,0.240836382,0.078758031,-0.496739447,-1.223650455,0.946215093,-0.167427808,0.028008742,0.275427788
594,3288839,135088,headmotion,fast,-0.058017183,1.383948922,-0.520298302,-0.120810352,0.229903698,0.196597502,0.945462108,0.154961497,-0.362788677,-1.258784056,0.931458294,-0.269608021,0.074913822,0.232561588,0.273808539,-0.429949284,-1.244803548,0.941906631,-0.258304358,0.097020984,0.191514283,0.139998838,-0.513918459,-1.211787224,0.926070988,-0.252833486,0.083791852,0.267295212
595,3289033,135282,headmotion,fast,-0.108732142,1.370547056,-0.504811585,-0.118618570,0.245553046,0.240112662,0.931654036,0.204864100,-0.372296423,-1.251494884,0.917050123,-0.315444082,0.071875922,0.233126625,0.315788805,-0.448730052,-1.229562044,0.923852205,-0.303088158,0.112734325,0.204757541,0.173662871,-0.519843936,-1.200785875,0.908214569,-0.294795901,0.101709478,0.279100209
596,3289214,135463,headmotion,fast,-0.148470268,1.359613299,-0.495349824,-0.123277567,0.245659083,0.257696837,0.926308095,0.229012832,-0.364223778,-1.238065243,0.911352217,-0.330245644,0.077781878,0.233077154,0.341611743,-0.449176431,-1.232066393,0.926917195,-0.315626353,0.105436742,0.173457906,0.195230410,-0.514327168,-1.198368907,0.910282493,-0.306216776,0.120093070,0.251385748
597,3289408,135657,headmotion,fast,-0.154618412,1.362923622,-0.496946305,-0.127456740,0.238237008,0.230397061,0.934834301,0.245561734,-0.362774968,-1.242647529,0.925889671,-0.298712194,0.093048193,0.211757839,0.364695013,-0.440933168,-1.237549305,0.927520275,-0.283638954,0.133665383,0.203442097,0.219374016,-0.511157095,-1.193365455,0.912093282,-0.283701241,0.112865247,0.273607165
598,3289589,135838,headmotion,fast,-0.123627812,1.371485353,-0.513067484,-0.141226262,0.215948850,0.169198796,0.951206088,0.221955404,-0.324166119,-1.249537230,0.940542102,-0.239097148,0.079955101,0.227640629,0.346432209,-0.382477105,-1.238432288,0.940443635,-0.225115448,0.116549291,0.226506278,0.220859453,-0.481569231,-1.217580795,0.939831734,-0.213426828,0.126183003,0.235038579
599,3289769,136018,headmotion,fast,-0.071386322,1.374633312,-0.535910189,-0.160949245,0.196448803,0.102865703,0.961728573,0.192201242,-0.277324587,-1.262645841,0.961751938,-0.171200842,0.100121886,0.188941941,0.322823048,-0.319066316,-1.252288818,0.954384923,-0.164677203,0.121692888,0.217305526,0.209008515,-0.429070622,-1.218526125,0.949358642,-0.153832734,0.098413385,0.255672634
600,3289935,136184,headmotion,fast,-0.003582596,1.370700121,-0.563783765,-0.194892213,0.173850179,0.010562703,0.965236545,0.150525182,-0.192059591,-1.268112898,0.971791148,-0.069881327,0.087086640,0.207736537,0.280983448,-0.202501148,-1.239407063,0.967786670,-0.059312485,0.106486201,0.220299050,0.201376587,-0.341054142,-1.240685582,0.972867489,-0.052664161,0.075372048,0.212307617
601,3290127,136376,headmotion,fast,0.054207582,1.364071608,-0.587512672,-0.220604047,0.148659706,-0.071300089,0.961327434,0.102617621,-0.148772225,-1.297983289,0.993859231,0.029774770,0.067299895,0.082632124,0.230098680,-0.133811340,-1.245519996,0.979288578,0.029671552,0.096147656,0.175696313,0.173226520,-0.284365267,-1.242506146,0.994541466,0.058459081,0.086208247,0.006164398
602,3290344,136593,headmotion,fast,0.101680778,1.355193615,-0.607781827,-0.236424685,0.126758397,-0.125510886,0.955134928,0.041674569,-0.130279377,-1.286359072,0.989689767,0.091606066,0.093666874,0.057870224,0.169416875,-0.101372123,-1.247238636,0.980120599,0.096400097,0.094239682,0.145566374,,,,,,,
603,3290558,136807,headmotion,fast,0.120850615,1.352256656,-0.618969142,-0.236948058,0.118775979,-0.134803340,0.954764903,0.011519432,-0.139976442,-1.282733440,0.987037361,0.103805892,0.092797615,0.079813227,0.138952747,-0.107717976,-1.246459365,0.979960561,0.107211046,0.086731173,0.143738553,,,,,,,
604,3290741,136990,headmotion,fast,0.096199967,1.359140754,-0.616302609,-0.222169295,0.131538823,-0.095586345,0.961354077,0.034567557,-0.167695567,-1.282924056,0.996297538,0.055515524,0.055867787,0.034468096,0.163896441,-0.145558849,-1.238061309,0.978264272,0.065041371,0.085175917,0.177521259,0.116180435,-0.301307976,-1.240281820,0.990660727,0.080458462,0.090357319,0.062874869
605,3290922,137171,headmotion,fast,0.044960838,1.367305636,-0.602857351,-0.199548945,0.159783199,-0.009460417,0.966726482,0.075725272,-0.193072855,-1.240474701,0.970762849,-0.057568952,0.044845399,0.228679195,0.209243521,-0.201080829,-1.226802707,0.975378931,-0.038071025,0.090770043,0.197350785,0.133057699,-0.341949940,-1.219410300,0.973197103,-0.027707070,0.039852504,0.224792153
606,3291089,137338,headmotion,fast,-0.009642364,1.369169593,-0.584239900,-0.177675679,0.183946028,0.087824933,0.962747097,0.103458211,-0.228174612,-1.247048378,0.968637645,-0.145984665,0.077406667,0.185574263,0.229114458,-0.258876234,-1.214292049,0.963410378,-0.143163189,0.054542053,0.219931617,0.127984270,-0.382092059,-1.211871505,0.962577105,-0.132820532,0.057561938,0.229108468
607,3291284,137533,headmotion,fast,-0.051199015,1.366639733,-0.567501009,-0.163367137,0.198214710,0.157736987,0.953488946,0.115667343,-0.249588475,-1.244242072,0.952644348,-0.220527917,0.048868392,0.203588024,0.240610287,-0.303412765,-1.235359788,0.948788404,-0.211232424,0.099181391,0.212942526,0.118400559,-0.405204475,-1.208820224,0.956813812,-0.206857473,0.038858842,0.200517491
608,3291463,137712,headmotion,fast,-0.082694128,1.361090064,-0.552817106,-0.157509133,0.196277767,0.215671688,0.943478465,0.097626343,-0.248117581,-1.250162125,0.945187628,-0.266033500,0.050068866,0.182591379,0.219011024,-0.319634497,-1.261340618,0.959978342,-0.239423767,0.137220919,0.047835682,0.083353110,-0.400910407,-1.211336970,0.931994915,-0.252337933,0.048972480,0.255563676
609,3291672,137921,headmotion,fast,-0.096252002,1.357640505,-0.545016825,-0.156436503,0.189616472,0.251135975,0.936217904,0.067869052,-0.234961048,-1.256775856,0.934559226,-0.298916310,0.037557214,0.189308077,0.182561338,-0.312742084,-1.263507485,0.947750390,-0.291914046,0.046102472,0.120124713,0.043318182,-0.388404012,-1.225042224,0.928721488,-0.281747669,0.046466593,0.236506909
610,3291866,138115,headmotion,fast,-0.091609791,1.357829332,-0.544067085,-0.150709316,0.183683440,0.261625141,0.935467482,0.040088572,-0.236520588,-1.252856612,0.929562032,-0.307221681,-0.000148978,0.203787342,0.151781037,-0.314193755,-1.254581094,0.930014491,-0.295945406,0.056961551,0.210344359,0.013957735,-0.390797079,-1.224553108,0.929024994,-0.292574912,0.014695317,0.226045579
611,3292048,138297,headmotion,fast,-0.055830825,1.364075422,-0.552375317,-0.157365501,0.183288857,0.212615907,0.946802914,0.045760825,-0.233900636,-1.260348201,0.943050265,-0.260856152,0.023635874,0.205065116,0.164032921,-0.301103979,-1.261794209,0.960986316,-0.229733959,0.153247312,-0.015585798,0.034433842,-0.388174117,-1.226235032,0.937585175,-0.244190305,0.026328513,0.246195048
612,3292197,138446,headmotion,fast,0.003618684,1.368381023,-0.571612895,-0.178138912,0.177767351,0.106422566,0.961945713,0.064805403,-0.207591280,-1.252750039,0.960106671,-0.162122011,0.038899988,0.224495903,0.193037063,-0.245975003,-1.243583560,0.965165496,-0.150134623,0.066445641,0.203715712,0.087465182,-0.364605546,-1.232165098,0.958858430,-0.145971447,0.036367010,0.240749463
613,3292394,138643,headmotion,fast,0.064990677,1.367481947,-0.593407214,-0.200616241,0.160455644,0.013479616,0.966346443,0.045502186,-0.181849077,-1.263975143,0.971942723,-0.081032827,0.044883534,0.216209248,0.178048074,-0.196650505,-1.248569131,0.978108585,-0.057676606,0.076222807,0.184843287,,,,,,,
614,3292595,138844,headmotion,fast,0.144145578,1.359951973,-0.618276179,-0.223099038,0.119069971,-0.072366551,0.964786112,-0.058545515,-0.169953331,-1.290832639,0.990976751,0.034112770,0.055382978,0.117193095,0.073746517,-0.154578745,-1.254987121,0.984232545,0.036870196,0.057862163,0.163030416,0.017698824,-0.308532238,-1.260072112,0.995684028,0.055405583,0.053732745,0.051539794
615,3292825,139074,headmotion,fast,0.203454643,1.349913120,-0.635269701,-0.235098124,0.099312223,-0.125384465,0.958720326,-0.125603586,-0.175410673,-1.297207832,0.989926219,0.096014597,0.032485861,0.098853312,0.006105401,-0.142510295,-1.248640537,0.973187923,0.109380141,0.073114768,0.188667864,-0.032060955,-0.304510206,-1.265138149,0.990838110,0.117892265,0.035366744,0.055592299
616,3293047,139296,headmotion,fast,0.229226366,1.345827818,-0.643567383,-0.237186313,0.093891852,-0.144769967,0.956017077,-0.148332655,-0.189458579,-1.293986082,0.986016035,0.120714501,0.023037937,0.112559587,-0.017682480,-0.150788918,-1.243732214,0.973838925,0.124957830,0.052120220,0.182501480,-0.049491063,-0.311921030,-1.252213001,0.983637571,0.143880397,0.091622703,0.057972867
617,3293269,139518,headmotion,fast,0.198311865,1.353693962,-0.637626290,-0.224175155,0.103671238,-0.108894832,0.962880969,-0.125105351,-0.199767038,-1.298261762,0.993086696,0.082156062,0.034881659,0.076239631,0.007475529,-0.170266733,-1.252783298,0.979904354,0.093715928,0.058164425,0.166197583,-0.036088966,-0.327785075,-1.246572852,0.988935053,0.104416870,0.077442244,0.071465641
618,3293503,139752,headmotion,fast,0.135086387,1.359406710,-0.620594740,-0.219169691,0.119552597,-0.053415313,0.966860175,-0.072140262,-0.172815070,-1.293640971,0.991055310,0.022428259,0.003966819,0.131493881,0.061298765,-0.161575794,-1.258326769,0.990880251,0.029446391,0.071548641,0.110317990,0.000231229,-0.311261207,-1.247954845,0.994111896,0.038991693,0.063473620,0.078691252
619,3293715,139964,headmotion,fast,0.066221692,1.363923311,-0.593394995,-0.211525068,0.126667351,0.001211865,0.969129026,-0.029478639,-0.157533750,-1.275683641,0.977071762,-0.049136583,0.006929269,0.207046866,0.103644356,-0.163894802,-1.253406525,0.976529360,-0.029540867,0.040570498,0.209455878,0.028526060,-0.307581484,-1.256565809,0.996765494,-0.015835227,0.049690690,0.061144400
620,3293922,140171,headmotion,fast,0.013544912,1.367476583,-0.568288565,-0.203340650,0.140316874,0.058635201,0.967225730,0.011482913,-0.155243233,-1.266962171,0.973888040,-0.102421947,0.044164304,0.197740644,0.142539218,-0.177888140,-1.259985328,0.974578738,-0.087079071,0.054657701,0.199063018,0.052897863,-0.312040627,-1.264579415,0.979734063,-0.085545823,0.011568957,0.180746481
621,3294117,140366,headmotion,fast,-0.022193369,1.367346287,-0.550813138,-0.199534431,0.146024853,0.119513139,0.961550534,0.017869886,-0.146236762,-1.284751773,0.973445654,-0.152722076,0.032177132,0.167463988,0.144980505,-0.182792395,-1.267387271,0.965298653,-0.150103346,0.030177372,0.211558148,0.040779382,-0.306132346,-1.278221607,0.988422751,-0.142851248,-0.010758532,0.049982637
622,3294337,140586,headmotion,fast,-0.042658832,1.364393234,-0.540744185,-0.198877856,0.152664423,0.175197080,0.952075183,0.015204504,-0.127177820,-1.296513200,0.965496302,-0.212923974,0.025801471,0.147697523,0.137096420,-0.177665889,-1.273947597,0.961173177,-0.206179842,0.006233559,0.183295161,0.018701550,-0.286363542,-1.278860927,0.980446756,-0.195585892,0.021539113,-0.002533654
623,3294561,140810,headmotion,fast,-0.051831953,1.361920238,-0.534173787,-0.193744585,0.161457300,0.212219730,0.944117248,0.019845121,-0.126270846,-1.296054125,0.958150268,-0.250128865,0.036427539,0.134375274,0.137605175,-0.187179774,-1.278265715,0.951774776,-0.244141713,0.014248850,0.185247198,0.011279214,-0.285550386,-1.280870676,0.973117232,-0.226807341,0.038010154,-0.012512650
624,3294756,141005,headmotion,fast,-0.041724671,1.364811659,-0.536197662,-0.189642355,0.159376651,0.195189998,0.948965609,0.014647216,-0.141583323,-1.295063019,0.957836032,-0.234337106,0.035946172,0.162308738,0.133927360,-0.196559355,-1.272991657,0.952737927,-0.225666121,0.013016075,0.202967688,0.012075324,-0.301786184,-1.284455538,0.976912677,-0.209974766,0.039206475,-0.003889911
625,3294908,141157,headmotion,fast,-0.013946492,1.367422223,-0.544273615,-0.211031035,0.167485967,0.081480891,0.959570289,0.089770317,-0.129178479,-1.295596004,0.974844575,-0.138120562,0.053344645,0.166598946,0.220175162,-0.161577597,-1.282762408,0.974646509,-0.128227279,0.066814840,0.170756251,0.119371325,-0.286338598,-1.280129552,0.974082589,-0.123298861,0.034794230,0.186413109
626,3295089,141338,headmotion,fast,0.013626250,1.366067648,-0.550607264,-0.229947791,0.162699968,-0.007183787,0.959479630,0.126199409,-0.094733462,-1.273674369,0.973952234,-0.058963038,0.081420816,0.203251094,0.261705756,-0.104097381,-1.273150206,0.979194462,-0.044858444,0.101078853,0.170144036,0.186799094,-0.245758772,-1.281898856,0.981683552,-0.030757857,0.063456640,0.176987901
627,3295297,141546,headmotion,fast,0.048650868,1.361079216,-0.557283819,-0.243167013,0.129802614,-0.089894764,0.957047582,0.080423139,-0.079272583,-1.334967136,0.996526957,0.061454371,0.051848412,-0.021659084,0.207161039,-0.058971252,-1.278686285,0.982168198,0.059592512,0.102924347,0.145605475,0.159709945,-0.212534413,-1.287137270,0.985604286,0.070799686,0.058762580,0.141840115
628,3295517,141766,headmotion,fast,0.082403541,1.353839159,-0.563741803,-0.250392616,0.092858322,-0.144741759,0.952749014,0.001162641,-0.084356204,-1.323920131,0.992228389,0.118771255,-0.036793690,-0.004743420,0.127903327,-0.049308266,-1.286482811,0.976636887,0.123263083,0.085846931,0.153677896,0.098401591,-0.206388101,-1.291309237,0.975439787,0.135030642,0.036722653,0.170104086
629,3295742,141991,headmotion,fast,0.091987424,1.353939056,-0.566789031,-0.249411121,0.087323152,-0.143911183,0.953655243,-0.026612753,-0.092308432,-1.316947579,0.987888932,0.120141529,0.023516845,0.095333710,0.101072654,-0.057218473,-1.281743288,0.975595295,0.129764661,0.069391780,0.162971541,0.073284410,-0.216083407,-1.295164585,0.978199124,0.138952225,0.012527291,0.153824270
630,3295949,142198,headmotion,fast,0.069904722,1.365438819,-0.561299026,-0.231292367,0.132026851,-0.087505698,0.959903896,0.066342004,-0.118386954,-1.326993823,0.990524590,0.057734277,0.083017476,0.092929848,0.196750343,-0.099370643,-1.292129755,0.988937020,0.056979205,0.064851701,0.120628484,0.146863177,-0.253907979,-1.291085362,0.992700696,0.076540448,0.089921549,0.024516312
631,3296143,142392,headmotion,fast,0.037829015,1.376762629,-0.548994243,-0.214579672,0.176499113,-0.018838866,0.960441947,0.155861065,-0.146743566,-1.326302171,0.988419950,-0.021502765,0.142444313,0.047679495,0.283102989,-0.147782326,-1.275806665,0.979464769,-0.026534570,0.111314923,0.165993020,0.210331917,-0.291072309,-1.276391149,0.977527916,-0.025377702,0.083365873,0.191951349
632,3296311,142560,headmotion,fast,0.007027197,1.387838364,-0.533910930,-0.185317144,0.207132027,0.059574585,0.958751678,0.188912317,-0.215748683,-1.291404963,0.966296673,-0.131994009,0.083959945,0.204448178,0.316998422,-0.241996929,-1.262074351,0.964517057,-0.124044843,0.097109787,0.211871341,0.219580725,-0.369997442,-1.257985115,0.985692620,-0.086523771,0.143124536,0.020955214
633,3296505,142754,headmotion,fast,-0.014589556,1.392936230,-0.522141397,-0.158158898,0.225383848,0.112248220,0.954771280,0.200644180,-0.282015830,-1.282479882,0.953881145,-0.189116523,0.088615999,0.215622246,0.322715938,-0.320832103,-1.245647430,0.950867414,-0.178441688,0.109730057,0.227967158,0.212998077,-0.438216329,-1.245471716,0.976483166,-0.146209538,0.149347454,0.052903902
634,3296714,142963,headmotion,fast,-0.029008357,1.392634630,-0.515326977,-0.154320732,0.230537057,0.134795904,0.951245427,0.207414046,-0.290992975,-1.283865809,0.953212678,-0.208321840,0.093602762,0.198055789,0.327122509,-0.335340589,-1.244950652,0.942343175,-0.205290422,0.105930589,0.242123693,0.210949898,-0.442693114,-1.237743616,0.937472224,-0.196047142,0.098144203,0.270331562
635,3296908,143157,headmotion,fast,-0.033558015,1.393182158,-0.511493146,-0.153524160,0.232107103,0.137118205,0.950660408,0.214099586,-0.294646382,-1.286401629,0.951186001,-0.209311396,0.109338924,0.198693246,0.333521724,-0.339182317,-1.246791601,0.940130353,-0.204651192,0.120320506,0.244531825,0.216851845,-0.448757350,-1.243046999,0.969708025,-0.170507640,0.162142232,0.065600909
636,3297103,143352,headmotion,fast,-0.031886145,1.394228697,-0.510491192,-0.155741513,0.225313202,0.137033373,0.951945603,0.197006792,-0.286443889,-1.288971424,0.949311614,-0.208874360,0.101331107,0.211922094,0.319184661,-0.332165897,-1.258604169,0.949666798,-0.199761778,0.106132120,0.216712371,0.203220636,-0.442259520,-1.257157922,0.937759519,-0.197260320,0.109621741,0.263966888
637,3297297,143546,headmotion,fast,-0.030805562,1.396498442,-0.511806726,-0.150263593,0.223765776,0.131396323,0.953983605,0.194144487,-0.305008382,-1.288489223,0.951950490,-0.202256873,0.099923246,0.207117870,0.318065166,-0.350368649,-1.261368632,0.948737621,-0.195307642,0.110130332,0.222762689,0.200570151,-0.458702147,-1.245953560,0.948389590,-0.194503561,0.071960256,0.239890307
638,3297476,143725,headmotion,fast,-0.031446606,1.399815679,-0.511766076,-0.134077474,0.223750651,0.136743098,0.955646515,0.182025194,-0.347720116,-1.282646298,0.944866121,-0.210640937,0.086597331,0.235285610,0.301847517,-0.391505301,-1.242947817,0.938088417,-0.205727234,0.098221555,0.260804564,0.185679168,-0.500179529,-1.234809399,0.941658318,-0.201969475,0.075213775,0.258516520
639,3297645,143894,headmotion,fast,-0.036067110,1.396760106,-0.509530902,-0.144510433,0.240914628,0.147589713,0.948311210,0.219777718,-0.326943725,-1.279353261,0.941152573,-0.224459708,0.105753079,0.229490578,0.336663306,-0.372975737,-1.234465241,0.933972299,-0.220506996,0.107678786,0.259764850,0.218016103,-0.476320803,-1.228316307,0.926421583,-0.217302769,0.093134046,0.292999327
640,3297853,144102,headmotion,fast,-0.039326310,1.393704057,-0.509412646,-0.161031023,0.248827234,0.136961266,0.945196092,0.265970409,-0.281956851,-1.281762004,0.949356616,-0.217310578,0.125670820,0.188957721,0.383586407,-0.327170432,-1.237039089,0.945543408,-0.210156947,0.121753149,0.216697648,0.268052340,-0.436828226,-1.242945433,0.950783968,-0.204583541,0.096767738,0.211639792
641,3298046,144295,headmotion,fast,-0.037443258,1.391406775,-0.514694512,-0.172859937,0.235893935,0.127612039,0.947728157,0.247749314,-0.250347644,-1.287473440,0.954029202,-0.207236782,0.106147796,0.188716426,0.368276775,-0.294243991,-1.249359608,0.950100005,-0.199123397,0.120243676,0.207849368,0.251895070,-0.402566612,-1.240979671,0.949559391,-0.196122736,0.085470945,0.229276255
642,3298228,144477,headmotion,fast,-0.031359293,1.389835000,-0.522221744,-0.183373094,0.210756302,0.119950704,0.952663600,0.186250061,-0.216013089,-1.310177922,0.965427637,-0.180789724,0.135444313,0.130074859,0.310450375,-0.256289005,-1.276595116,0.962038219,-0.173951432,0.110617466,0.178849608,0.198538959,-0.372493804,-1.275612354,0.964470267,-0.168504506,0.081139520,0.186600402
643,3298436,144685,headmotion,fast,-0.023461292,1.389984608,-0.529796541,-0.185735703,0.174868271,0.119322598,0.959523559,0.088295028,-0.199623644,-1.301889896,0.966769218,-0.173595175,0.043710075,0.182514310,0.214751571,-0.239425018,-1.284203529,0.964651585,-0.164393097,0.060292885,0.196944147,0.107107148,-0.358513236,-1.282815456,0.970194399,-0.156053483,0.031392947,0.182714745
644,3298659,144908,headmotion,fast,-0.022739084,1.390217543,-0.534824491,-0.185846105,0.174038619,0.113332063,0.960378885,0.087906718,-0.203852907,-1.298795700,0.966365099,-0.166605920,0.056524906,0.187578991,0.215352163,-0.241737291,-1.280118465,0.966800213,-0.157409415,0.051602677,0.194568321,0.110455364,-0.366615593,-1.295449018,0.983891845,-0.146186545,0.037198368,0.095930301
