sample_id,logger_ms,recording_ms,test_type,phase_label,camera_x,camera_y,camera_z,camera_qx,camera_qy,camera_qz,camera_qw,common_x,common_y,common_z,common_qx,common_qy,common_qz,common_qw,chest_x,chest_y,chest_z,chest_qx,chest_qy,chest_qz,chest_qw,navel_x,navel_y,navel_z,navel_qx,navel_qy,navel_qz,navel_qw
0,629750,105,viewpoint,front,-0.293330193,1.415683150,-1.620712638,-0.197360918,0.232188389,0.131028816,0.943381488,-0.285536766,-0.829055369,-1.242788076,0.801114917,-0.014194216,-0.024967903,0.597821176,-0.149730802,-0.857730865,-1.263297319,0.825298309,-0.090069272,-0.115870714,0.545292854,-0.220566556,-0.871743679,-1.076298237,0.994208336,-0.082119443,-0.055299409,0.041811407
1,629875,230,viewpoint,front,-0.293194771,1.415692806,-1.619999051,-0.197226450,0.233103395,0.131068200,0.943178535,-0.280818999,-0.819918156,-1.230546355,0.792285562,-0.017143788,-0.029414197,0.609199941,-0.147216320,-0.855843306,-1.260697126,0.824397087,-0.092064627,-0.110098928,0.547514260,-0.227228045,-0.896361828,-1.109743953,0.803956509,-0.029206064,-0.066878535,0.590193391
2,630001,356,viewpoint,front,-0.293483973,1.415828228,-1.619694114,-0.196887523,0.234360933,0.131168500,0.942923665,-0.277554750,-0.819379807,-1.228611231,0.792602062,-0.013744987,-0.024419235,0.609095037,-0.144929081,-0.860361695,-1.265365362,0.823622823,-0.095700875,-0.101216115,0.549765527,-0.225037456,-0.899711430,-1.112423301,0.807831049,-0.029576475,-0.068375371,0.584687173
3,630112,467,viewpoint,front,-0.294447422,1.415901899,-1.618974566,-0.196346775,0.234347358,0.132491320,0.942854881,-0.282066703,-0.826457977,-1.239738345,0.795732319,-0.017132986,-0.028281547,0.604745150,-0.146073386,-0.851417542,-1.251747012,0.816381514,-0.093905300,-0.109897636,0.559129357,-0.228237942,-0.905359626,-1.119372487,0.814383447,-0.033068452,-0.061489020,0.576112211
4,630236,591,viewpoint,front,-0.296034575,1.416333675,-1.617863774,-0.194549158,0.235317528,0.133676663,0.942818582,-0.283532739,-0.832393289,-1.240837574,0.796315551,-0.021831647,-0.023046276,0.604047894,-0.146677315,-0.856702328,-1.253279686,0.818450153,-0.095246397,-0.109626211,0.555922329,-0.226769879,-0.898214102,-1.105690479,0.803641260,-0.033212572,-0.068602920,0.590213001
5,630362,717,viewpoint,front,-0.297896981,1.416742206,-1.616502881,-0.192873061,0.235923216,0.135674700,0.942726135,-0.287563205,-0.843361080,-1.252771258,0.807344079,-0.022928393,-0.017826375,0.589365840,-0.147835568,-0.861290991,-1.254040718,0.816126049,-0.100962766,-0.105426200,0.559133470,-0.231066376,-0.911658585,-1.118225455,0.812188327,-0.038349155,-0.065996006,0.578380525
6,630473,828,viewpoint,front,-0.299086690,1.416945696,-1.615874410,-0.192080662,0.237368032,0.136073768,0.942467690,-0.283148885,-0.842311621,-1.247479796,0.799784720,-0.027526475,-0.020179421,0.599315882,-0.144941807,-0.866545081,-1.257351637,0.820655823,-0.098649971,-0.101803370,0.553559601,-0.229207918,-0.920578480,-1.124388695,0.821131408,-0.036134433,-0.069027662,0.565396130
7,630598,953,viewpoint,front,-0.299979448,1.416695595,-1.615909934,-0.192594200,0.238578066,0.136500940,0.941995442,-0.281701446,-0.843228936,-1.252741456,0.802129030,-0.029286789,-0.024310380,0.595936537,-0.141771674,-0.860251844,-1.251007676,0.817337334,-0.103734441,-0.104951508,0.556941688,-0.225411505,-0.910828531,-1.116752863,0.812391043,-0.043173499,-0.065816194,0.577775955
8,630723,1078,viewpoint,front,-0.300233126,1.416216016,-1.615555167,-0.193649620,0.236323491,0.137198895,0.942245960,-0.283711851,-0.830918431,-1.241488338,0.797581613,-0.025844824,-0.024643099,0.602153063,-0.147711009,-0.861606777,-1.260753989,0.822696924,-0.098906226,-0.107144028,0.549461126,-0.230352625,-0.906098306,-1.116737127,0.810103953,-0.038621247,-0.070588320,0.580738604
9,630846,1201,viewpoint,front,-0.300182581,1.415567994,-1.615220904,-0.195104554,0.234607607,0.137252659,0.942366838,-0.287521839,-0.831832230,-1.250220895,0.798648000,-0.026069712,-0.027357519,0.600610793,-0.148785055,-0.848242760,-1.249681115,0.812781513,-0.097877584,-0.112918541,0.563076913,-0.229995310,-0.895170450,-1.109731436,0.805068552,-0.034199432,-0.071693473,0.587839305
10,630972,1327,viewpoint,front,-0.300263643,1.414848328,-1.614951491,-0.197000310,0.234336406,0.136979342,0.942079604,-0.283859551,-0.820329964,-1.243339062,0.797449470,-0.024045801,-0.025302224,0.602375269,-0.147896633,-0.850240707,-1.262574077,0.820077360,-0.099774271,-0.106901236,0.553254306,-0.227583438,-0.888123930,-1.109748244,0.804492712,-0.035888333,-0.073834039,0.588261843
11,631084,1439,viewpoint,front,-0.301076412,1.414420247,-1.614373088,-0.197832957,0.235264868,0.137081340,0.941658795,-0.278331935,-0.812446654,-1.237135053,0.793716371,-0.024204133,-0.032761849,0.606922686,-0.144493759,-0.847173393,-1.263168573,0.820309579,-0.098938361,-0.107710190,0.552903175,-0.226038352,-0.895980835,-1.124001861,0.814296484,-0.039404746,-0.065166302,0.575431883
12,631209,1564,viewpoint,front,-0.301839352,1.414332509,-1.613744378,-0.197918579,0.236408070,0.137041718,0.941360235,-0.277798057,-0.822644174,-1.253587246,0.803796113,-0.023350820,-0.027047468,0.593830764,-0.140278757,-0.840701818,-1.254519343,0.818459868,-0.096431196,-0.110762082,0.555478334,-0.223864824,-0.899029672,-1.128307581,0.817275226,-0.038655404,-0.068497948,0.570854604
13,631334,1689,viewpoint,front,-0.302580595,1.414365888,-1.613295674,-0.197874725,0.236593276,0.137098685,0.941314578,-0.277777612,-0.823747218,-1.254767895,0.806148827,-0.025614299,-0.024258025,0.590660214,-0.139310628,-0.846970677,-1.262680173,0.819756031,-0.101831011,-0.104803257,0.553757071,-0.223426759,-0.897618830,-1.126035094,0.813331485,-0.036826916,-0.066492826,0.576813996
14,631459,1814,viewpoint,front,-0.302750945,1.414284945,-1.613244891,-0.197972417,0.235615626,0.137250662,0.941517115,-0.277577221,-0.816062331,-1.243580937,0.801441848,-0.025542686,-0.023154765,0.597078204,-0.142199755,-0.847793996,-1.264951587,0.824886560,-0.097671166,-0.102736615,0.547236502,-0.223721296,-0.890951931,-1.118217945,0.809455574,-0.033325925,-0.071481250,0.581860423
15,631583,1938,viewpoint,front,-0.302301645,1.414228320,-1.613158822,-0.198212355,0.234837458,0.137008086,0.941696346,-0.280554593,-0.822359324,-1.253193140,0.804326057,-0.022868650,-0.023879118,0.593267560,-0.143175930,-0.844217658,-1.260229468,0.822016478,-0.094165072,-0.113843225,0.549965084,-0.226151884,-0.898369074,-1.127666116,0.819016576,-0.036488529,-0.067302540,0.568639338
16,631695,2050,viewpoint,front,-0.301743865,1.414279461,-1.613026738,-0.198249340,0.233992115,0.136644468,0.941951811,-0.277781725,-0.810139298,-1.235151172,0.794658422,-0.020527394,-0.029976038,0.605968714,-0.145545736,-0.851454139,-1.270731688,0.825905561,-0.097064674,-0.104964018,0.545381725,-0.226202145,-0.896420598,-1.125266075,0.817920744,-0.036078230,-0.061227445,0.570924878
17,631820,2175,viewpoint,front,-0.301085353,1.414531827,-1.612570882,-0.197863400,0.234015241,0.135994047,0.942121327,-0.280174404,-0.821108222,-1.247684479,0.800455391,-0.019918637,-0.029667195,0.598326266,-0.143163309,-0.841891885,-1.254997253,0.815581381,-0.097065009,-0.110335127,0.559670925,-0.226117000,-0.898951590,-1.125879645,0.817206979,-0.036705177,-0.067472465,0.571202993
18,631944,2299,viewpoint,front,-0.300664663,1.414819121,-1.611958861,-0.197707176,0.234221339,0.135165751,0.942222118,-0.278653175,-0.821417987,-1.247027874,0.801137745,-0.023365576,-0.021252040,0.597645998,-0.142236352,-0.851339936,-1.267151594,0.822775185,-0.096808620,-0.102626532,0.550578773,-0.224245086,-0.901898980,-1.128914118,0.819203019,-0.036800966,-0.064822070,0.568638921
19,632070,2425,viewpoint,front,-0.300341249,1.414867520,-1.611143470,-0.197752595,0.234265760,0.135069311,0.942215323,-0.276188791,-0.816912830,-1.241600633,0.798037946,-0.019862764,-0.031693742,0.601445258,-0.141335726,-0.846813202,-1.262308478,0.819260955,-0.098345317,-0.106117934,0.554868221,-0.223318100,-0.896812499,-1.124296308,0.812877774,-0.036715623,-0.064427108,0.577694416
20,632195,2550,viewpoint,front,-0.300050855,1.415032864,-1.610412002,-0.197741181,0.234006956,0.134458184,0.942369461,-0.279883027,-0.829832673,-1.260511518,0.805912554,-0.021275241,-0.018714318,0.591356218,-0.140258640,-0.843718112,-1.258032560,0.819071889,-0.095050812,-0.114381939,0.554078758,-0.223680407,-0.901841998,-1.129981995,0.817819536,-0.032163981,-0.062799364,0.571133077
21,632320,2675,viewpoint,front,-0.299119592,1.415040135,-1.610165238,-0.198411137,0.233688384,0.132995471,0.942515254,-0.272841215,-0.812815607,-1.237748981,0.791560590,-0.018286124,-0.030498309,0.610055149,-0.139732361,-0.851265907,-1.270923495,0.825203180,-0.095188759,-0.099682905,0.547761083,-0.221275687,-0.899943531,-1.129816294,0.817678332,-0.034031224,-0.061185647,0.571402192
22,632445,2800,viewpoint,front,-0.298059702,1.415331483,-1.609763741,-0.197927028,0.233259618,0.132134676,0.942844272,-0.275821030,-0.823016822,-1.249375105,0.797673643,-0.023799419,-0.027407000,0.601996005,-0.139479741,-0.852587700,-1.270194411,0.821309030,-0.097358182,-0.102512196,0.552688062,-0.221076027,-0.900850117,-1.128760934,0.814289927,-0.034182116,-0.062532194,0.576067030
23,632556,2911,viewpoint,front,-0.297366381,1.415558577,-1.609595895,-0.197798952,0.233203977,0.131617799,0.942957163,-0.274154246,-0.820602119,-1.244882226,0.795262218,-0.015481360,-0.027614525,0.605438471,-0.139174849,-0.852593303,-1.269465685,0.820771813,-0.095259048,-0.099435575,0.554411352,-0.220812157,-0.901709259,-1.128547192,0.818216622,-0.033328328,-0.063945293,0.570369899
24,632681,3036,viewpoint,front,-0.296807408,1.415707350,-1.609722018,-0.197457612,0.233211592,0.131235644,0.943080068,-0.276440978,-0.828255177,-1.253003240,0.799917758,-0.020172995,-0.024474764,0.599270999,-0.139992863,-0.857484698,-1.274166346,0.826465070,-0.095457375,-0.098237149,0.546070457,-0.221144348,-0.903692365,-1.129439235,0.815593541,-0.031752512,-0.060659084,0.574560225
25,632806,3161,viewpoint,front,-0.296376824,1.415857792,-1.609892726,-0.197094336,0.233065665,0.131189406,0.943198562,-0.278444350,-0.831295729,-1.256523728,0.803610563,-0.019820664,-0.019846516,0.594494224,-0.140343681,-0.852076530,-1.264983654,0.821370065,-0.092978552,-0.109303638,0.552049756,-0.221001834,-0.898093522,-1.120643616,0.807728708,-0.027606022,-0.067636088,0.585010707
26,632931,3286,viewpoint,front,-0.295636058,1.416043282,-1.610504985,-0.196574867,0.233131438,0.130989403,0.943318546,-0.279583454,-0.833373368,-1.255928636,0.802547276,-0.018973095,-0.019099085,0.595980883,-0.141002446,-0.853767395,-1.264029741,0.822726369,-0.094004773,-0.110656798,0.549581289,-0.222089365,-0.900345385,-1.121406317,0.808628500,-0.030914651,-0.067319080,0.583637297
27,633055,3410,viewpoint,front,-0.295147061,1.416084170,-1.610899329,-0.196313635,0.233256191,0.131511688,0.943269432,-0.279366493,-0.829376578,-1.249654531,0.797650158,-0.022988327,-0.025110641,0.602158844,-0.142744511,-0.858564496,-1.270280242,0.824698806,-0.095830068,-0.104025953,0.547601104,-0.223187551,-0.900600553,-1.121340990,0.811179936,-0.032900568,-0.059178825,0.580863655
28,633181,3536,viewpoint,front,-0.294590592,1.416161180,-1.611117244,-0.195937291,0.233416006,0.131531119,0.943305433,-0.281426281,-0.834428489,-1.256029367,0.803109229,-0.018451270,-0.019943191,0.595212102,-0.142693371,-0.857888162,-1.267203569,0.820026934,-0.096143082,-0.099585176,0.555333436,-0.223613709,-0.903420448,-1.121661425,0.815629005,-0.026219059,-0.066229351,0.574173808
29,633292,3647,viewpoint,front,-0.293966413,1.415889859,-1.611137271,-0.195767924,0.233888015,0.131645367,0.943207741,-0.280280083,-0.831549406,-1.251226425,0.799790025,-0.019451309,-0.020880036,0.599601209,-0.142704576,-0.858439565,-1.267215729,0.820548058,-0.094846383,-0.097349755,0.555182934,-0.222786754,-0.897012532,-1.114599705,0.805917561,-0.028591253,-0.066416800,0.587595344
30,633418,3773,viewpoint,front,-0.293458819,1.416178823,-1.611128926,-0.195291132,0.234317943,0.131765783,0.943183064,-0.288121998,-0.863869011,-1.296921015,0.817954242,-0.011510687,-0.015268622,0.574965358,-0.143659562,-0.862853408,-1.272100568,0.827237189,-0.096452519,-0.108824164,0.542708814,-0.226154372,-0.912216961,-1.131195426,0.817406595,-0.030429326,-0.075300321,0.570307255
31,633542,3897,viewpoint,front,-0.292690754,1.416413546,-1.610967278,-0.194401696,0.234469980,0.131958812,0.943301976,-0.281009316,-0.833604932,-1.250073314,0.799535811,-0.017807629,-0.023598587,0.599890351,-0.143389449,-0.853137612,-1.255122304,0.815372884,-0.094375513,-0.106661253,0.561145067,-0.226281822,-0.908864200,-1.125457168,0.813912153,-0.036835801,-0.063815124,0.576296628
32,633653,4008,viewpoint,front,-0.291836381,1.416421294,-1.610879302,-0.194562212,0.234297648,0.131824687,0.943330526,-0.281240463,-0.829978585,-1.245079041,0.796957076,-0.023000790,-0.023578852,0.603137136,-0.145005897,-0.860076547,-1.266333103,0.819696307,-0.099222742,-0.104591504,0.554358602,-0.224628463,-0.896018326,-1.110421419,0.802348793,-0.029224491,-0.064917773,0.592594385
33,633777,4132,viewpoint,front,-0.291517138,1.416409731,-1.610461354,-0.194230124,0.234595090,0.132367849,0.943248928,-0.284815967,-0.837704301,-1.256479144,0.802890778,-0.022984514,-0.020077223,0.595344543,-0.145788044,-0.860699713,-1.266854882,0.819390416,-0.097841650,-0.101668552,0.555598676,-0.228076011,-0.906346321,-1.123070478,0.812108934,-0.033907384,-0.071904585,0.578064978
34,633903,4258,viewpoint,front,-0.290945649,1.416453362,-1.610013604,-0.193705395,0.234409660,0.132774740,0.943345785,-0.281820357,-0.824687660,-1.237461925,0.793594420,-0.018830882,-0.026534289,0.607576549,-0.148462027,-0.864537477,-1.270997643,0.823193967,-0.096688561,-0.103846706,0.549744427,-0.229007348,-0.905799508,-1.122195840,0.812149346,-0.035771735,-0.064182743,0.578804255
35,634029,4384,viewpoint,front,-0.290496111,1.416380405,-1.609757066,-0.193576887,0.234190732,0.132798150,0.943423212,-0.284631133,-0.830198705,-1.245045066,0.797530711,-0.021812944,-0.022605982,0.602459967,-0.148595065,-0.862555087,-1.268531561,0.822597265,-0.097763389,-0.101685569,0.550850332,-0.229831725,-0.904544950,-1.120332718,0.808004439,-0.031575099,-0.075704195,0.583438694
36,634152,4507,viewpoint,front,-0.290093422,1.416451573,-1.609703183,-0.193493187,0.234385535,0.132665411,0.943410695,-0.281244159,-0.822494984,-1.234120607,0.791055799,-0.018009223,-0.029196728,0.610781491,-0.148524955,-0.862884998,-1.268403411,0.821192801,-0.094070196,-0.100101687,0.553870857,-0.229049712,-0.905762911,-1.120587826,0.810323596,-0.025530230,-0.068135858,0.581447721
37,634265,4620,viewpoint,front,-0.290010452,1.416390896,-1.609615922,-0.193745703,0.235046044,0.132021755,0.943284810,-0.281461775,-0.830669343,-1.246064067,0.797676086,-0.022242814,-0.021307196,0.602299035,-0.145534247,-0.864120424,-1.270863891,0.823300004,-0.097244449,-0.101572961,0.549912393,-0.225905403,-0.901342273,-1.116621614,0.805145800,-0.030014727,-0.069776885,0.588192642
38,634390,4745,viewpoint,front,-0.290024042,1.416572094,-1.609302163,-0.193171337,0.234738618,0.132314593,0.943438113,-0.283987403,-0.836659312,-1.252712607,0.799310625,-0.021113554,-0.024082141,0.600064039,-0.146431088,-0.857971132,-1.260587931,0.818289280,-0.093073778,-0.112480797,0.555956841,-0.228057966,-0.904976130,-1.119992733,0.807202637,-0.034326904,-0.065566078,0.585616469
39,634514,4869,viewpoint,front,-0.290201306,1.416637659,-1.608945727,-0.193036914,0.234493181,0.132323056,0.943525493,-0.286084235,-0.840757370,-1.257065058,0.803106129,-0.019837484,-0.019679232,0.595180571,-0.146645933,-0.854818940,-1.255533338,0.816766143,-0.094653286,-0.109615274,0.558496535,-0.229526430,-0.912484229,-1.127803683,0.816317797,-0.032320332,-0.060618170,0.573503315
40,634626,4981,viewpoint,front,-0.290650129,1.416677833,-1.608532071,-0.192974612,0.234575480,0.132347435,0.943514347,-0.286011875,-0.842662334,-1.260142803,0.804610908,-0.020603994,-0.015158329,0.593251288,-0.146745428,-0.858856082,-1.261153817,0.818525195,-0.093131781,-0.115375124,0.555005848,-0.228594840,-0.908182979,-1.123198271,0.809372425,-0.034022287,-0.066717893,0.582501113
41,634750,5105,viewpoint,front,-0.291108131,1.416761279,-1.608129859,-0.192814738,0.234851509,0.132272243,0.943488896,-0.282347441,-0.835202456,-1.248691678,0.796315610,-0.022643361,-0.024050118,0.603978813,-0.145148188,-0.861283779,-1.263325214,0.817563176,-0.099350818,-0.105362087,0.557331860,-0.227311805,-0.908295929,-1.122107387,0.808968961,-0.031828891,-0.074285768,0.582269430
42,634874,5229,viewpoint,front,-0.291165233,1.416859388,-1.607573628,-0.192707807,0.234690398,0.131885901,0.943604887,-0.281760186,-0.834958971,-1.247824430,0.797370791,-0.022532944,-0.023152998,0.602624297,-0.144925743,-0.862837136,-1.265392184,0.817260265,-0.098972112,-0.102527447,0.558371067,-0.225863233,-0.908537328,-1.122163892,0.811432958,-0.036455292,-0.063222907,0.579871058
43,635001,5356,viewpoint,front,-0.291162610,1.416946530,-1.607058644,-0.192633241,0.234523013,0.130926251,0.943795383,-0.281669408,-0.841139555,-1.255645633,0.798311651,-0.018050006,-0.022776918,0.601542950,-0.143366680,-0.863250136,-1.264060974,0.817945898,-0.091088153,-0.105153382,0.558220625,-0.215563387,-0.876080394,-1.078613400,0.995162427,-0.079519838,-0.047450501,0.032813933
44,635126,5481,viewpoint,front,-0.291216969,1.417083144,-1.606607080,-0.192579120,0.234186396,0.130604327,0.943934619,-0.279458940,-0.837225556,-1.248573303,0.793537736,-0.019575601,-0.024547104,0.607710540,-0.142559141,-0.864877641,-1.265805125,0.821423531,-0.096178018,-0.099480294,0.553278208,-0.221802980,-0.899103403,-1.109169841,0.800100029,-0.029577877,-0.064351626,0.595671058
45,635236,5591,viewpoint,front,-0.291679978,1.416960835,-1.606414199,-0.192879558,0.234301299,0.130148634,0.943907738,-0.277981460,-0.838222384,-1.251178145,0.798530757,-0.017469743,-0.020403028,0.601354480,-0.140417546,-0.859386623,-1.259064913,0.815276802,-0.090509050,-0.106809385,0.561892927,-0.222621381,-0.910523117,-1.123649716,0.809705019,-0.031289779,-0.068561457,0.581977606
46,635362,5717,viewpoint,front,-0.291932344,1.416915059,-1.606402755,-0.193359971,0.234070227,0.129586428,0.943944097,-0.277879685,-0.839490473,-1.254154086,0.799741507,-0.019469950,-0.020867497,0.599665761,-0.141230568,-0.871546805,-1.278838873,0.826836109,-0.095656499,-0.109795175,0.543265045,-0.219730854,-0.904073000,-1.115997314,0.816335678,-0.027708502,-0.044367198,0.575204134
47,635487,5842,viewpoint,front,-0.292240500,1.417039871,-1.605725884,-0.192862391,0.233847395,0.129026890,0.944177747,-0.276661038,-0.841336727,-1.252688885,0.799883306,-0.018786011,-0.023902036,0.599385083,-0.139227539,-0.866813779,-1.268288493,0.823098421,-0.094141163,-0.096461795,0.551671565,-0.220404431,-0.912838221,-1.124546885,0.813737750,-0.028992901,-0.058491457,0.577554405
48,635598,5953,viewpoint,front,-0.292893887,1.417263985,-1.605081916,-0.192029610,0.233693674,0.129008144,0.944388032,-0.276113421,-0.840975523,-1.247626901,0.795215011,-0.022142699,-0.024886431,0.605411887,-0.139664516,-0.871689200,-1.270116806,0.823030651,-0.095325395,-0.096758008,0.551517487,-0.220395222,-0.913864076,-1.121385098,0.813271701,-0.032086257,-0.055782054,0.578314722
49,635723,6078,viewpoint,front,-0.293670416,1.417442441,-1.605151534,-0.191751197,0.233953968,0.128736183,0.944417298,-0.275050312,-0.844275475,-1.250223041,0.796750307,-0.015577541,-0.021581385,0.603722274,-0.137148440,-0.865180075,-1.257757545,0.814862013,-0.091057822,-0.108162679,0.562147021,-0.210173711,-0.883117795,-1.079798937,0.994087696,-0.074464127,-0.059123423,0.052432910
50,635848,6203,viewpoint,front,-0.294258237,1.417583704,-1.604947448,-0.191536263,0.233862370,0.128822833,0.944471776,-0.276722789,-0.850177288,-1.256443739,0.799447417,-0.018713234,-0.020310296,0.600100935,-0.137398005,-0.867205977,-1.259189487,0.817657650,-0.092127360,-0.109934926,0.557550788,-0.209831253,-0.881184340,-1.077125430,0.994101167,-0.075028501,-0.059579726,0.050831806
51,635959,6314,viewpoint,front,-0.294892550,1.417591333,-1.604914308,-0.191638440,0.234142616,0.128510877,0.944424093,-0.272351980,-0.842024088,-1.244480968,0.794195890,-0.020011919,-0.021595361,0.606948197,-0.134993270,-0.864882529,-1.255980968,0.816268623,-0.094632886,-0.101046234,0.560838521,-0.216255456,-0.913771868,-1.117779732,0.807030141,-0.032704629,-0.068657696,0.585592747
52,636084,6439,viewpoint,front,-0.295277476,1.417611599,-1.604852319,-0.191594809,0.234070808,0.128553137,0.944445014,-0.272798508,-0.844516516,-1.247882843,0.797317266,-0.019150246,-0.023739357,0.602789283,-0.134808272,-0.863938987,-1.254621506,0.816264033,-0.094185814,-0.101730689,0.560796618,-0.216383636,-0.914301515,-1.118674397,0.807260454,-0.033258881,-0.069135144,0.585187793
53,636208,6563,viewpoint,front,-0.295429587,1.417648911,-1.604522824,-0.191565648,0.234003097,0.128680378,0.944450378,-0.272422314,-0.842706680,-1.245389462,0.794669569,-0.020480458,-0.023041446,0.606258988,-0.134861931,-0.864199638,-1.254968405,0.815929055,-0.094753653,-0.102252789,0.561093569,-0.216523260,-0.915121436,-1.119377255,0.808330178,-0.032535881,-0.067347229,0.583959103
54,636320,6675,viewpoint,front,-0.295113802,1.417742610,-1.604162574,-0.191535205,0.233891621,0.128272071,0.944539726,-0.272932351,-0.846583247,-1.250401020,0.798359931,-0.018428613,-0.019590884,0.601579666,-0.134312168,-0.865267158,-1.256069064,0.816927791,-0.093036018,-0.108948909,0.558662295,-0.207589671,-0.886253357,-1.080143929,0.995462060,-0.072841465,-0.041191459,0.045306507
55,636445,6800,viewpoint,front,-0.294981837,1.418017507,-1.603145003,-0.190783814,0.234109089,0.128330082,0.944630027,-0.271695971,-0.845498621,-1.247067571,0.794373691,-0.015775574,-0.023026375,0.606787801,-0.134195462,-0.868676007,-1.257968664,0.815297484,-0.092562966,-0.108328976,0.561236978,-0.207873836,-0.888866782,-1.081922054,0.995131731,-0.072473250,-0.047255736,0.047194716
56,636557,6912,viewpoint,front,-0.294512391,1.418360829,-1.602065921,-0.189921245,0.234406620,0.128468499,0.944711208,-0.273107171,-0.851313472,-1.252787590,0.797829211,-0.018850412,-0.019751096,0.602264941,-0.134144008,-0.868369102,-1.255634546,0.815170288,-0.093280256,-0.110287271,0.560921669,-0.216489002,-0.920859873,-1.121882439,0.809980273,-0.032298855,-0.076944321,0.580489695
57,636680,7035,viewpoint,front,-0.294214249,1.418432355,-1.600852132,-0.189673871,0.234756276,0.128666043,0.944647193,-0.277613789,-0.874176919,-1.286340594,0.810304701,-0.009797854,-0.019181475,0.585612774,-0.134396136,-0.871208787,-1.259702325,0.817227840,-0.093023419,-0.108447641,0.558322966,-0.215861082,-0.918334365,-1.119322300,0.808349669,-0.031196857,-0.070994467,0.583573043
58,636793,7148,viewpoint,front,-0.293916583,1.418558598,-1.599587321,-0.189046949,0.235081255,0.128847823,0.944667339,-0.272481710,-0.851928830,-1.253528357,0.797665119,-0.020500917,-0.019362787,0.602441072,-0.134459689,-0.873335361,-1.262127757,0.817350745,-0.093189843,-0.108146980,0.558173537,-0.215503290,-0.916294873,-1.116608262,0.804029584,-0.032251980,-0.071915396,0.589342356
59,636916,7271,viewpoint,front,-0.293679714,1.418645740,-1.598811507,-0.188779950,0.234930590,0.129077330,0.944726825,-0.273480237,-0.852410495,-1.254366398,0.797782779,-0.018780859,-0.017871160,0.602387369,-0.134331852,-0.869583428,-1.257168531,0.815177143,-0.093769282,-0.109553516,0.560973763,-0.207338035,-0.884814262,-1.076730609,0.994921088,-0.075770184,-0.047621325,0.046078600
60,637043,7398,viewpoint,front,-0.293766856,1.418499827,-1.598233104,-0.189361066,0.234304428,0.129198834,0.944749415,-0.273526609,-0.848191023,-1.252147555,0.797072113,-0.019592499,-0.020763693,0.603208959,-0.135088429,-0.866665721,-1.257013798,0.812328637,-0.097856402,-0.103219971,0.565589845,-0.216539577,-0.914776385,-1.119285226,0.801890790,-0.035549011,-0.071099088,0.592159092
61,637165,7520,viewpoint,front,-0.293685198,1.418421149,-1.597500682,-0.189215779,0.234436184,0.129706547,0.944676280,-0.271697879,-0.840134382,-1.242968440,0.789308667,-0.013090000,-0.030362800,0.613105774,-0.138070837,-0.880877376,-1.278325081,0.825165629,-0.096213982,-0.103361160,0.546956241,-0.218167916,-0.917112052,-1.123160839,0.809015930,-0.032500923,-0.059285808,0.583885312
62,637278,7633,viewpoint,front,-0.293515563,1.418208122,-1.597043633,-0.189442620,0.234235644,0.129856661,0.944659948,-0.275489450,-0.848722339,-1.257587194,0.797869444,-0.019083764,-0.024538463,0.602028251,-0.137532532,-0.876112819,-1.274348497,0.819737792,-0.098559156,-0.106205516,0.554108799,-0.218699962,-0.919345200,-1.127456069,0.813234270,-0.034789503,-0.059684340,0.577821314
63,637403,7758,viewpoint,front,-0.293610930,1.418019891,-1.596950650,-0.189644694,0.233854562,0.130174831,0.944670022,-0.282136023,-0.872260034,-1.293693542,0.812971354,-0.009001631,-0.025341250,0.581682324,-0.137484372,-0.865332961,-1.260938168,0.817168474,-0.092944093,-0.112228788,0.557675362,-0.209960356,-0.879153192,-1.077947259,0.995381832,-0.076870769,-0.046919342,0.033233304
64,637529,7884,viewpoint,front,-0.293867230,1.417804837,-1.597089410,-0.190103263,0.233469099,0.130429417,0.944638073,-0.277164757,-0.846805155,-1.258672357,0.800632894,-0.020741513,-0.016976349,0.598555386,-0.138083339,-0.864232838,-1.261623383,0.814016402,-0.093820505,-0.103937253,0.563712716,-0.219168633,-0.910931528,-1.121111989,0.804960191,-0.033426072,-0.074469924,0.587687075
65,637638,7993,viewpoint,front,-0.294191837,1.417715669,-1.597279191,-0.190370515,0.233543023,0.130058289,0.944617152,-0.275283337,-0.843863726,-1.254388213,0.796459079,-0.019106666,-0.022563120,0.603969157,-0.137282759,-0.864197254,-1.261219501,0.813134849,-0.090715215,-0.107447758,0.564834058,-0.219269738,-0.920385718,-1.131222129,0.819745362,-0.030291785,-0.058096327,0.568968236
66,637765,8120,viewpoint,front,-0.294555664,1.417626619,-1.597388625,-0.190369412,0.233239815,0.130222231,0.944669724,-0.274480313,-0.842116475,-1.250736713,0.797119498,-0.015671676,-0.019862309,0.603291392,-0.137556314,-0.866851926,-1.264341354,0.815493107,-0.089561522,-0.106322393,0.561823308,-0.217373922,-0.907526433,-1.115754366,0.802963555,-0.028041746,-0.061592538,0.592173576
67,637888,8243,viewpoint,front,-0.294973850,1.417806387,-1.597484469,-0.190267518,0.232773572,0.129550889,0.944897532,-0.275215924,-0.846254110,-1.253922582,0.796504855,-0.017224489,-0.019737197,0.604064465,-0.137505531,-0.869002581,-1.265236616,0.818958998,-0.092508145,-0.109438643,0.555672228,-0.218266606,-0.917755485,-1.125404477,0.812248230,-0.032350801,-0.061448921,0.579163432
68,638002,8357,viewpoint,front,-0.295515060,1.418093085,-1.597813249,-0.189890817,0.233131513,0.128948435,0.944967449,-0.273625433,-0.849166274,-1.254394650,0.797785819,-0.019980123,-0.021812154,0.602214992,-0.134655058,-0.867979288,-1.260094285,0.817246318,-0.093788795,-0.109572940,0.557947993,-0.207329586,-0.883598685,-1.078169346,0.995998204,-0.074238725,-0.037925042,0.032217354
69,638126,8481,viewpoint,front,-0.295926571,1.418247938,-1.597915053,-0.189834669,0.232871994,0.128874615,0.945052803,-0.271081805,-0.841811180,-1.242210031,0.791306496,-0.014689799,-0.024371769,0.610757113,-0.134469360,-0.866084337,-1.256067395,0.812913001,-0.094316475,-0.106487557,0.564745247,-0.207735866,-0.887687802,-1.081290603,0.995384395,-0.071800306,-0.044926945,0.045124032
70,638251,8606,viewpoint,front,-0.296025991,1.418424368,-1.597982049,-0.189681888,0.232789934,0.128643796,0.945135117,-0.273252249,-0.848750889,-1.250799894,0.798063040,-0.015324661,-0.017725285,0.602118194,-0.134339839,-0.865097523,-1.253714561,0.809625149,-0.092906207,-0.102244228,0.570457458,-0.216143429,-0.916081548,-1.118699908,0.803856373,-0.029423367,-0.069965005,0.589961112
71,638362,8717,viewpoint,front,-0.296324372,1.418552756,-1.598070502,-0.189786881,0.232628852,0.128576666,0.945162892,-0.273241580,-0.847745776,-1.248742819,0.797109425,-0.015369326,-0.018197702,0.603364825,-0.134635225,-0.864759088,-1.252840757,0.809483349,-0.091727890,-0.101075329,0.571057320,-0.216222554,-0.916410625,-1.118816972,0.804002762,-0.030173382,-0.069959678,0.589724422
72,638485,8840,viewpoint,front,-0.296526313,1.418603301,-1.597887397,-0.189408019,0.232826650,0.128792122,0.945160806,-0.270877898,-0.841943860,-1.240301728,0.788652956,-0.013859689,-0.025830336,0.614139438,-0.135366768,-0.870045304,-1.259275436,0.814196289,-0.091319047,-0.097057402,0.565088511,-0.216025785,-0.916513383,-1.118118167,0.807184041,-0.029053025,-0.067830615,0.585669637
73,638612,8967,viewpoint,front,-0.296379447,1.418749571,-1.597592473,-0.188967243,0.232963905,0.128872067,0.945204318,-0.273558319,-0.850501060,-1.250958443,0.796795845,-0.020430420,-0.021870298,0.603507042,-0.135323688,-0.870583594,-1.258698463,0.816355348,-0.094316766,-0.103561461,0.560306489,-0.216190442,-0.917715073,-1.118294597,0.805939376,-0.031672601,-0.070765734,0.586899340
74,638723,9078,viewpoint,front,-0.296043992,1.418978095,-1.597205043,-0.188376620,0.233220950,0.128870845,0.945258975,-0.270610571,-0.842291951,-1.236927271,0.790918350,-0.013663211,-0.021535549,0.611389995,-0.135558009,-0.874153495,-1.260665894,0.814162314,-0.092788644,-0.097809494,0.564768434,-0.217160732,-0.922182202,-1.121790648,0.808695495,-0.030302161,-0.066252120,0.583698630
75,638847,9202,viewpoint,front,-0.295259714,1.419307709,-1.596725821,-0.187503949,0.233697563,0.128917322,0.945308447,-0.272794932,-0.848981202,-1.243024588,0.790894806,-0.021135492,-0.021090850,0.611223221,-0.135942698,-0.876612484,-1.260971904,0.812593699,-0.097685397,-0.102349438,0.565396905,-0.217779025,-0.925006032,-1.122500181,0.808941722,-0.034861278,-0.062156353,0.583553374
76,638959,9314,viewpoint,front,-0.294061899,1.419381142,-1.596597075,-0.187245324,0.233930647,0.128784105,0.945320249,-0.275010467,-0.854762673,-1.251844883,0.795883060,-0.020491185,-0.022543631,0.604683518,-0.137546897,-0.885434568,-1.273645997,0.821470857,-0.095549621,-0.106544487,0.552000165,-0.217729270,-0.922555625,-1.119697452,0.807654202,-0.034808200,-0.061281964,0.585429430
77,639083,9438,viewpoint,front,-0.292910337,1.419292092,-1.596515298,-0.187217996,0.234246373,0.128929183,0.945227683,-0.271914154,-0.845259786,-1.240612507,0.786640942,-0.014207907,-0.028129425,0.616605997,-0.137849122,-0.884318709,-1.273046136,0.822378337,-0.095873907,-0.108463876,0.550215960,-0.216869041,-0.915257454,-1.112119913,0.801041961,-0.029262725,-0.061904304,0.594679296
78,639196,9551,viewpoint,front,-0.291216016,1.419259906,-1.596310258,-0.187076449,0.234400272,0.128780633,0.945237815,-0.280038834,-0.874813855,-1.282532096,0.805741668,-0.010033198,-0.022051211,0.591771483,-0.137109146,-0.871622741,-1.255650878,0.813317478,-0.092918478,-0.110752612,0.563573182,-0.210341513,-0.890514970,-1.080152035,0.995145082,-0.074174561,-0.049079385,0.042137638
79,639320,9675,viewpoint,front,-0.289897561,1.419224977,-1.596414924,-0.187178016,0.234403372,0.128765970,0.945218921,-0.273872763,-0.845564842,-1.241386533,0.790800631,-0.013462069,-0.022309650,0.611518919,-0.138491318,-0.875171661,-1.261909962,0.814757586,-0.092379190,-0.098060474,0.563932896,-0.220546901,-0.923004210,-1.123338938,0.805657208,-0.031692840,-0.064380690,0.588019729
80,639431,9786,viewpoint,front,-0.288145423,1.419119120,-1.596482158,-0.187262669,0.233959451,0.128495276,0.945348978,-0.279854834,-0.856138408,-1.257929683,0.797883749,-0.019585993,-0.015055925,0.602304995,-0.140329406,-0.872026384,-1.258994222,0.810965061,-0.093022026,-0.109093659,0.567257524,-0.213623554,-0.892009139,-1.084278345,0.994474590,-0.073413879,-0.052034341,0.054065432
81,639557,9912,viewpoint,front,-0.286530614,1.419131041,-1.596555829,-0.186722741,0.233927637,0.128531843,0.945458651,-0.275948256,-0.841665983,-1.235835791,0.787803710,-0.011426491,-0.024980588,0.615313530,-0.142669886,-0.880130529,-1.268580198,0.818160534,-0.091741584,-0.096016653,0.559444070,-0.223911300,-0.924484849,-1.125099540,0.807386220,-0.032300286,-0.058160342,0.586260676
82,639667,10022,viewpoint,front,-0.285527706,1.418923736,-1.596808553,-0.187150329,0.234048486,0.128161624,0.945394456,-0.279669911,-0.851909995,-1.252046108,0.796507299,-0.019413432,-0.022082258,0.603913486,-0.142051235,-0.875735044,-1.264526725,0.813538611,-0.097270481,-0.100861549,0.564376116,-0.223850012,-0.923715889,-1.125412345,0.810776234,-0.033714633,-0.063540317,0.580919802
83,639792,10147,viewpoint,front,-0.284985185,1.418905616,-1.596897244,-0.186991245,0.234978557,0.128401801,0.945162594,-0.280616343,-0.857455015,-1.260519505,0.799259365,-0.020984977,-0.017477769,0.600365400,-0.140401170,-0.869007885,-1.255035639,0.809314966,-0.095239282,-0.105198443,0.569975495,-0.223355934,-0.921662986,-1.123421192,0.804756284,-0.036181051,-0.067198552,0.588678658
84,639917,10272,viewpoint,front,-0.284402132,1.419018745,-1.597036719,-0.186589882,0.235733747,0.128812820,0.944997966,-0.280106843,-0.856389880,-1.258162856,0.796535790,-0.019607883,-0.016664065,0.604043603,-0.140907615,-0.874644041,-1.261103511,0.812939763,-0.090013705,-0.103353798,0.565989792,-0.223156720,-0.920435071,-1.121016145,0.803552210,-0.034344129,-0.062361788,0.590961397
85,640043,10398,viewpoint,front,-0.283801317,1.419159651,-1.597049117,-0.185942084,0.236142278,0.129006028,0.944997251,-0.279781550,-0.855481267,-1.253693819,0.796294332,-0.020515770,-0.018271029,0.604285181,-0.141379863,-0.874636352,-1.258624315,0.811268091,-0.098445877,-0.102434509,0.567150533,-0.223186523,-0.920285165,-1.118860126,0.803504884,-0.037270177,-0.061685786,0.590919375
86,640167,10522,viewpoint,front,-0.283137798,1.419343829,-1.597219586,-0.185436592,0.236486390,0.129032359,0.945006967,-0.278488725,-0.849126816,-1.243680477,0.790899217,-0.022425266,-0.018742664,0.611248076,-0.142408744,-0.878954649,-1.262884498,0.816114128,-0.100637585,-0.100074381,0.560191929,-0.222196430,-0.913265884,-1.108568668,0.795313001,-0.030874221,-0.068865947,0.601482749
87,640278,10633,viewpoint,front,-0.282357097,1.419266462,-1.597661138,-0.185651198,0.237237066,0.128861845,0.944799900,-0.280545712,-0.859226823,-1.259442568,0.798783898,-0.021743290,-0.015377583,0.601028383,-0.140495241,-0.870308876,-1.252875447,0.810258806,-0.097630285,-0.104380056,0.568378210,-0.223627895,-0.922691107,-1.121834636,0.804822206,-0.036880601,-0.061388150,0.589179635
88,640402,10757,viewpoint,front,-0.281546474,1.419341922,-1.597327352,-0.185291871,0.237696797,0.129352972,0.944687784,-0.279598325,-0.853865385,-1.251766205,0.794949055,-0.021708941,-0.018005354,0.606020272,-0.142034754,-0.877289414,-1.262322307,0.813153327,-0.099786557,-0.100818157,0.564499736,-0.222755715,-0.915377140,-1.112922668,0.798257768,-0.034690291,-0.070985571,0.597111642
89,640515,10870,viewpoint,front,-0.280349731,1.419320226,-1.597258925,-0.185289547,0.238014296,0.129367396,0.944606304,-0.275833249,-0.841602266,-1.236551166,0.781619906,-0.019772965,-0.028351665,0.622796535,-0.141993836,-0.876005709,-1.260912061,0.812974632,-0.099284418,-0.099520266,0.565075696,-0.224200219,-0.918497145,-1.117421627,0.801532924,-0.031458858,-0.066426791,0.593416214
90,640639,10994,viewpoint,front,-0.279203057,1.419362307,-1.597036481,-0.185387552,0.238221005,0.129059047,0.944577157,-0.278143704,-0.850305319,-1.249914646,0.793596387,-0.018652217,-0.021905143,0.607764006,-0.142803967,-0.881531119,-1.269892931,0.819712341,-0.096872047,-0.098105021,0.555934370,-0.224064320,-0.922680557,-1.123816371,0.807185054,-0.036963455,-0.066793896,0.585341454
91,640751,11106,viewpoint,front,-0.277678728,1.419583917,-1.596507668,-0.184837535,0.238219067,0.128500909,0.944761515,-0.276745915,-0.845787883,-1.241178393,0.787208796,-0.017435672,-0.023277374,0.616000354,-0.142025322,-0.876016378,-1.260697246,0.812238753,-0.098754548,-0.098614082,0.566384196,-0.224463344,-0.922573507,-1.121298552,0.805273116,-0.028532481,-0.063744560,0.588776410
92,640876,11231,viewpoint,front,-0.276579857,1.419595957,-1.596052527,-0.184658453,0.237922445,0.128252506,0.944905043,-0.289358258,-0.890005469,-1.303726077,0.810074151,-0.014295354,-0.024457030,0.585642695,-0.143456385,-0.880900919,-1.267542124,0.813512146,-0.098521367,-0.103792600,0.563665271,-0.226311252,-0.923296750,-1.123200655,0.803026676,-0.034499716,-0.066159993,0.591253579
93,640987,11342,viewpoint,front,-0.275552511,1.419859767,-1.595231891,-0.184482262,0.237551868,0.127986133,0.945068777,-0.283813238,-0.860515237,-1.261479616,0.797115624,-0.021253318,-0.017400518,0.603201628,-0.144229710,-0.874630928,-1.258742690,0.809223592,-0.098571219,-0.103855394,0.569785058,-0.225977644,-0.919842124,-1.119237304,0.802125275,-0.033850420,-0.058484919,0.593320072
94,641110,11465,viewpoint,front,-0.274565458,1.419942856,-1.594631314,-0.184062406,0.237819225,0.127965286,0.945086181,-0.283902824,-0.860796213,-1.261598587,0.797834694,-0.020964243,-0.017342979,0.602262080,-0.144758284,-0.877474964,-1.262417555,0.811181843,-0.099170730,-0.102075957,0.567212343,-0.226157233,-0.920687377,-1.120182037,0.802216172,-0.035496205,-0.059323784,0.593017697
95,641237,11592,viewpoint,front,-0.273873925,1.420214891,-1.593828559,-0.183595255,0.237655595,0.127781078,0.945243120,-0.281634778,-0.854714513,-1.251876831,0.791975498,-0.019039877,-0.023750216,0.609793603,-0.145464450,-0.880478978,-1.265393972,0.811451375,-0.095009170,-0.095198929,0.568732917,-0.226580843,-0.921699762,-1.120353460,0.801317334,-0.037771042,-0.064707838,0.593529046
96,641348,11703,viewpoint,front,-0.273170829,1.420290709,-1.593428731,-0.183613569,0.237139449,0.127306700,0.945433199,-0.284218550,-0.860381603,-1.259905219,0.795868039,-0.019538730,-0.015787549,0.604948819,-0.145607218,-0.880641580,-1.266129494,0.812319219,-0.097666107,-0.097498588,0.566650629,-0.225991115,-0.916751564,-1.114623904,0.795795441,-0.032456644,-0.067516543,0.600914001
97,641473,11828,viewpoint,front,-0.272531509,1.420367360,-1.593146682,-0.183784857,0.236716792,0.126336277,0.945635974,-0.289346039,-0.886476815,-1.297927499,0.807003438,-0.012912733,-0.014907660,0.590217352,-0.145156622,-0.879716992,-1.265624762,0.811626017,-0.097718626,-0.100209773,0.567161620,-0.226222038,-0.921323836,-1.120839834,0.800062060,-0.033743825,-0.060487099,0.595905483
98,641598,11953,viewpoint,front,-0.272189021,1.420246482,-1.593079209,-0.184615374,0.236065462,0.125159934,0.945793450,-0.290456653,-0.893001199,-1.308855057,0.813751638,-0.009385973,-0.018627862,0.580838442,-0.143732607,-0.877656579,-1.265557051,0.811732411,-0.089879312,-0.103793383,0.567661166,-0.224863186,-0.921762526,-1.122474313,0.799797356,-0.027107911,-0.070046268,0.595552564
99,641707,12062,viewpoint,front,-0.272401571,1.420115352,-1.593079209,-0.185114026,0.235794842,0.124894865,0.945798516,-0.278120071,-0.849209487,-1.248108864,0.789798498,-0.015243911,-0.024808746,0.612674892,-0.142974779,-0.880039811,-1.270746469,0.814810753,-0.096697286,-0.098212145,0.563105285,-0.224280521,-0.923661411,-1.127108812,0.805406570,-0.031837709,-0.060410667,0.588776112
100,641834,12189,viewpoint,front,-0.272599578,1.420024633,-1.592686057,-0.185371429,0.235170767,0.124389887,0.945970058,-0.278100938,-0.849114478,-1.247789979,0.789287388,-0.014350931,-0.024333345,0.613373697,-0.143304124,-0.882799983,-1.274590135,0.816387057,-0.096616998,-0.097270392,0.560995340,-0.224125311,-0.924084306,-1.127492905,0.805838525,-0.031728107,-0.057807047,0.588452220
101,641943,12298,viewpoint,front,-0.273196459,1.420106411,-1.592596889,-0.185178921,0.235167295,0.124130383,0.946042657,-0.286906898,-0.888622046,-1.302318931,0.812323093,-0.007548042,-0.010230256,0.583069086,-0.140922815,-0.874550104,-1.260876894,0.811427832,-0.087727748,-0.100161165,0.569083989,-0.223574474,-0.928984284,-1.129745245,0.810162485,-0.025213769,-0.067268454,0.581786931
102,642070,12425,viewpoint,front,-0.273929834,1.420252562,-1.592542768,-0.184652716,0.235733777,0.123831399,0.946043730,-0.274793506,-0.851180196,-1.244247675,0.788481712,-0.013576371,-0.025119560,0.614395022,-0.139734253,-0.881873488,-1.266968489,0.812071800,-0.093711503,-0.096226230,0.567889094,-0.221499458,-0.928257823,-1.126631856,0.806599259,-0.030964198,-0.057712562,0.587459087
103,642195,12550,viewpoint,front,-0.274772406,1.420550823,-1.592644095,-0.183538705,0.236978620,0.124145158,0.945908368,-0.284519374,-0.900138080,-1.307939887,0.811828971,-0.010686660,-0.016832910,0.583554804,-0.137567073,-0.881079197,-1.259606004,0.813935518,-0.092251360,-0.105627045,0.563774467,-0.219022855,-0.924581826,-1.117520332,0.796703517,-0.031245049,-0.070292085,0.599454999
104,642305,12660,viewpoint,front,-0.275424004,1.420698285,-1.592875123,-0.183109239,0.237979099,0.124818809,0.945651770,-0.275717467,-0.868102670,-1.261081815,0.795017838,-0.021237573,-0.014304396,0.606045306,-0.136314809,-0.887370467,-1.266136765,0.812057137,-0.098488681,-0.096037552,0.567133188,-0.217966482,-0.927609384,-1.120006323,0.800032735,-0.036114831,-0.057944056,0.596058547
105,642431,12786,viewpoint,front,-0.276075125,1.420868278,-1.592988849,-0.182555437,0.238781556,0.125031292,0.945528448,-0.274194181,-0.866522670,-1.256011009,0.794056058,-0.020816818,-0.012925130,0.607350528,-0.136382014,-0.889150023,-1.266043067,0.816811442,-0.096121408,-0.095508426,0.560765386,-0.217718944,-0.929186344,-1.119011641,0.800830662,-0.034206521,-0.056955013,0.595194340
106,642542,12897,viewpoint,front,-0.276462078,1.420819879,-1.593320251,-0.182265624,0.239488080,0.125699788,0.945317030,-0.274537176,-0.867581844,-1.257461905,0.794864416,-0.021678323,-0.012030505,0.606280386,-0.135994911,-0.886464357,-1.261506677,0.812498450,-0.099062398,-0.098491125,0.565979064,-0.217370644,-0.926471114,-1.115850568,0.798834741,-0.035354357,-0.055613425,0.597930074
107,642668,13023,viewpoint,front,-0.276511550,1.420985818,-1.593477845,-0.181668237,0.239639565,0.126021475,0.945350826,-0.273773372,-0.861057281,-1.246060491,0.788166881,-0.023298267,-0.018307896,0.614747941,-0.137702286,-0.896032989,-1.271564484,0.819243491,-0.098963462,-0.105108172,0.554976285,-0.211394146,-0.899995983,-1.078878999,0.994538128,-0.084245265,-0.047509935,0.039235756
108,642792,13147,viewpoint,front,-0.275608301,1.421039701,-1.593691707,-0.181369781,0.239733547,0.126315400,0.945345044,-0.275407672,-0.865027189,-1.251370788,0.790764511,-0.021988083,-0.021481898,0.611348152,-0.137602389,-0.887045264,-1.258543968,0.812885880,-0.095142260,-0.107053503,0.564538777,-0.219680563,-0.927227497,-1.113945484,0.799425364,-0.035698757,-0.056985438,0.596990347
109,642904,13259,viewpoint,front,-0.274383426,1.420926690,-1.594148755,-0.181631684,0.239779279,0.126013428,0.945323467,-0.277605116,-0.870519400,-1.260110736,0.796649575,-0.022638543,-0.017090352,0.603775442,-0.138663441,-0.894677520,-1.271072268,0.814362586,-0.100945018,-0.099087566,0.562854826,-0.220803127,-0.932602167,-1.121062040,0.803756773,-0.036546715,-0.062375754,0.590549529
110,643027,13382,viewpoint,front,-0.273262978,1.420920849,-1.594168067,-0.181527719,0.240224123,0.125949994,0.945238948,-0.277670383,-0.870457172,-1.259844422,0.796987057,-0.022130067,-0.015429099,0.603393674,-0.138174504,-0.885815144,-1.258749247,0.806424141,-0.096860439,-0.098446809,0.574983895,-0.221142143,-0.934225559,-1.122899890,0.805075824,-0.036476236,-0.062165748,0.588776588
111,643140,13495,viewpoint,front,-0.271996975,1.420989752,-1.594414353,-0.181312695,0.239961490,0.125531062,0.945402622,-0.278508604,-0.871710658,-1.260924697,0.796384633,-0.022145944,-0.012932648,0.604246557,-0.139448032,-0.890930772,-1.264747143,0.814364851,-0.100496568,-0.096212447,0.563430071,-0.221312985,-0.932215571,-1.120336294,0.803602278,-0.036501888,-0.054620963,0.591529846
112,643265,13620,viewpoint,front,-0.271189809,1.420931101,-1.594640851,-0.181445315,0.239456773,0.125745758,0.945476651,-0.278994024,-0.865686536,-1.253841996,0.792420268,-0.022010891,-0.023999551,0.609105647,-0.141039997,-0.891756654,-1.267503262,0.812700987,-0.098997250,-0.102257006,0.565031111,-0.223002762,-0.928960323,-1.117444158,0.799922943,-0.037826370,-0.063841492,0.595497072
113,643388,13743,viewpoint,front,-0.270780683,1.421076894,-1.594637990,-0.180761248,0.240224600,0.126249209,0.945345819,-0.280346215,-0.869320571,-1.256809235,0.792397022,-0.022271834,-0.015392672,0.609404683,-0.142270803,-0.890093446,-1.262611389,0.814867198,-0.096701130,-0.097450189,0.563155234,-0.223936915,-0.932096779,-1.119488239,0.802828252,-0.037297376,-0.055891868,0.592411876
114,643500,13855,viewpoint,front,-0.270557523,1.420988679,-1.595038295,-0.181048200,0.240546092,0.126514211,0.945173681,-0.281191260,-0.870304108,-1.259859324,0.795840800,-0.022290805,-0.015683040,0.604892194,-0.142268211,-0.889079988,-1.262848973,0.813016474,-0.102208659,-0.099790864,0.564446211,-0.225725278,-0.937109470,-1.126728296,0.804500639,-0.040219672,-0.058820598,0.589661956
115,643625,13980,viewpoint,front,-0.271010876,1.421135783,-1.595182300,-0.180409059,0.241340905,0.127267718,0.944992125,-0.280609041,-0.870460510,-1.257916331,0.793326557,-0.024421168,-0.016998181,0.608068824,-0.141607687,-0.886481643,-1.256474733,0.808184087,-0.100257911,-0.101220623,0.571437836,-0.225858852,-0.939341664,-1.127442956,0.809068143,-0.040714655,-0.051612783,0.584026754
116,643736,14091,viewpoint,front,-0.271671057,1.421238422,-1.595536590,-0.179998785,0.242181659,0.127790302,0.944784701,-0.279421091,-0.869115233,-1.253972292,0.793266118,-0.023032334,-0.016483676,0.608215988,-0.142277285,-0.902009308,-1.275702000,0.819339454,-0.105138130,-0.101604313,0.554351270,-0.223343343,-0.931143880,-1.116271138,0.799292564,-0.040229369,-0.060364351,0.596547663
117,643862,14217,viewpoint,front,-0.272474408,1.421177387,-1.595774055,-0.180013508,0.242869824,0.128070623,0.944567263,-0.277249694,-0.868767798,-1.253637314,0.793021381,-0.024870683,-0.013323903,0.608540118,-0.139162242,-0.890933335,-1.260253668,0.813486278,-0.104334898,-0.100522272,0.563249230,-0.213432565,-0.897237241,-1.072919607,0.994571328,-0.087597713,-0.042471487,0.036752723
118,643972,14327,viewpoint,front,-0.273384809,1.421318769,-1.595853209,-0.179680869,0.243527308,0.127957240,0.944476664,-0.274644077,-0.865864396,-1.246885180,0.788375080,-0.028231002,-0.016583143,0.614323020,-0.137437388,-0.894226611,-1.261917710,0.811164021,-0.102647394,-0.101727523,0.566681623,-0.220478177,-0.932727635,-1.115668654,0.800829172,-0.041706175,-0.060399383,0.594377935
119,644098,14453,viewpoint,front,-0.273982286,1.421266794,-1.595924497,-0.179786891,0.243227988,0.127547190,0.944589078,-0.273260415,-0.865559936,-1.245985746,0.787470639,-0.027834471,-0.016156206,0.615511417,-0.135821074,-0.890120566,-1.255266070,0.811963916,-0.104486205,-0.101291478,0.565276325,-0.219335347,-0.929507256,-1.110924482,0.795745969,-0.039068632,-0.062360674,0.601143241
120,644208,14563,viewpoint,front,-0.274550676,1.421309829,-1.595891833,-0.179790527,0.242245540,0.127047747,0.944908142,-0.274294198,-0.866893053,-1.246003985,0.789557636,-0.022665065,-0.018770592,0.612970412,-0.137178808,-0.895403266,-1.261728644,0.815146685,-0.102383390,-0.103967011,0.560575128,-0.221240133,-0.942409575,-1.123775601,0.810379446,-0.034623355,-0.061225243,0.581668198
121,644334,14689,viewpoint,front,-0.275247335,1.421309352,-1.595622182,-0.179912955,0.242086962,0.126655206,0.944978118,-0.273096830,-0.866112709,-1.244747996,0.788962901,-0.023930455,-0.015724715,0.613773286,-0.136228800,-0.893540204,-1.258510113,0.811896443,-0.099323772,-0.094033524,0.567553222,-0.219756514,-0.933777869,-1.114117861,0.799934268,-0.037386689,-0.062543996,0.595647335
122,644443,14798,viewpoint,front,-0.275923610,1.421275139,-1.595405459,-0.180115640,0.241854832,0.126007333,0.945085585,-0.273467243,-0.873222649,-1.253904939,0.794040620,-0.022911275,-0.015098866,0.607245147,-0.134132177,-0.887183905,-1.249768734,0.805837452,-0.095279045,-0.101605214,0.575520813,-0.217198521,-0.933401465,-1.113448024,0.799813151,-0.037596505,-0.059902117,0.596068144
123,644570,14925,viewpoint,front,-0.276583076,1.421210051,-1.595076442,-0.180087239,0.241956502,0.125677496,0.945108891,-0.268303156,-0.865507841,-1.242621422,0.785240173,-0.021149710,-0.021909572,0.618441999,-0.133019060,-0.895757318,-1.260560274,0.814351261,-0.097598225,-0.093101136,0.564481080,-0.213854119,-0.927511334,-1.105467081,0.791871786,-0.033304647,-0.062539399,0.606563091
124,644679,15034,viewpoint,front,-0.277196884,1.421234846,-1.594810843,-0.180117190,0.242125034,0.125495940,0.945084155,-0.275855958,-0.901136220,-1.290920019,0.807396650,-0.014017619,-0.010598669,0.589747250,-0.130740970,-0.887819171,-1.248644471,0.804346502,-0.098355442,-0.106095023,0.576278389,-0.214541957,-0.936334729,-1.114832640,0.802400291,-0.035818201,-0.057652481,0.592914045
125,644806,15161,viewpoint,front,-0.277739048,1.421198130,-1.594831109,-0.180529639,0.241832212,0.124818474,0.945170164,-0.263094068,-0.854894519,-1.227805138,0.776477337,-0.020403184,-0.023527060,0.629375219,-0.129957527,-0.893947303,-1.258144855,0.813956976,-0.096440889,-0.090107761,0.565732956,-0.211574674,-0.930574775,-1.108580112,0.797366679,-0.031471454,-0.062127423,0.599463224
126,644931,15286,viewpoint,front,-0.278146029,1.421278000,-1.594756246,-0.180508420,0.241628021,0.124450475,0.945274949,-0.268704265,-0.877280891,-1.256548882,0.795188665,-0.020433482,-0.008540429,0.605957508,-0.128808081,-0.889876604,-1.251841903,0.806753039,-0.099412836,-0.095807500,0.574532509,-0.211843967,-0.936593652,-1.115557194,0.800430000,-0.038316026,-0.053811971,0.595775187
127,645041,15396,viewpoint,front,-0.278226376,1.421186924,-1.595214486,-0.181056246,0.241125137,0.123981141,0.945360243,-0.265680313,-0.867840469,-1.244726539,0.788053155,-0.015674578,-0.015834950,0.615203857,-0.129186273,-0.892585754,-1.256588578,0.812653840,-0.097366013,-0.095557660,0.566553116,-0.211459383,-0.933836102,-1.113050103,0.799632013,-0.035781160,-0.052434355,0.597125649
128,645167,15522,viewpoint,front,-0.277907848,1.421071172,-1.595603347,-0.181290731,0.240977183,0.123724163,0.945386708,-0.269173265,-0.877710760,-1.259622931,0.796326399,-0.022895020,-0.009771905,0.604354739,-0.129881620,-0.896672726,-1.262993217,0.814062655,-0.098409377,-0.091893949,0.564953983,-0.212158784,-0.936792850,-1.117261648,0.802972376,-0.036042374,-0.052300163,0.592622101
129,645278,15633,viewpoint,front,-0.277158499,1.421017408,-1.595960021,-0.181066334,0.241040766,0.123597428,0.945430100,-0.264241099,-0.861106992,-1.234883428,0.783910751,-0.015564040,-0.020569762,0.620337486,-0.129803300,-0.895015240,-1.259626627,0.813820839,-0.096270308,-0.091789521,0.565687537,-0.211876228,-0.935301423,-1.114494085,0.799380064,-0.036253549,-0.055621319,0.597146153
130,645404,15759,viewpoint,front,-0.276455760,1.420947313,-1.596789241,-0.181427076,0.241425306,0.123388313,0.945290089,-0.263347328,-0.856471896,-1.229796648,0.778113604,-0.020088984,-0.022803465,0.627387941,-0.130054832,-0.895931244,-1.261195540,0.816139162,-0.097355269,-0.090713128,0.562325478,-0.211025730,-0.927661121,-1.105731964,0.792273402,-0.032065414,-0.061509583,0.606210649
131,645528,15883,viewpoint,front,-0.275670409,1.420867682,-1.597395778,-0.181289241,0.241774291,0.123577610,0.945202649,-0.262920529,-0.854012012,-1.226243496,0.776476562,-0.019159736,-0.023623614,0.629411638,-0.130030066,-0.894144773,-1.258526087,0.815081775,-0.096628867,-0.089297518,0.564207852,-0.211458132,-0.928948164,-1.106712222,0.794733346,-0.033610798,-0.061807796,0.602867305
132,645639,15994,viewpoint,front,-0.274722815,1.421019554,-1.598116994,-0.180744499,0.242137864,0.123461664,0.945228994,-0.266890347,-0.866508245,-1.240212917,0.787649035,-0.022234725,-0.016284948,0.615507483,-0.130287409,-0.896792054,-1.258892536,0.814069927,-0.101289049,-0.092451386,0.564343393,-0.214119747,-0.938091993,-1.114806175,0.799949110,-0.035446364,-0.061444290,0.595860422
133,645765,16120,viewpoint,front,-0.274353385,1.421079874,-1.598801732,-0.180607677,0.242591873,0.123742148,0.945102096,-0.269108832,-0.872960567,-1.248659015,0.792158186,-0.020903403,-0.016011737,0.609747589,-0.130929366,-0.898482740,-1.260235071,0.814517260,-0.097333610,-0.099949241,0.563114524,-0.214963824,-0.941840053,-1.118048310,0.805395663,-0.035166938,-0.059423167,0.588701963
134,645875,16230,viewpoint,front,-0.274250150,1.421243072,-1.599693179,-0.180303589,0.243432373,0.124328829,0.944867015,-0.270556867,-0.876873851,-1.252869129,0.792882502,-0.023009252,-0.011637605,0.608828783,-0.130943820,-0.891943932,-1.250085592,0.808151126,-0.095110230,-0.100846559,0.572429776,-0.214575008,-0.938333750,-1.113786221,0.800022900,-0.039204080,-0.058974963,0.595775366
135,646000,16355,viewpoint,front,-0.274119496,1.421258211,-1.600451589,-0.180054471,0.244124874,0.125025019,0.944643915,-0.270444155,-0.876279294,-1.251506567,0.791044354,-0.024710849,-0.014387943,0.611090243,-0.131179392,-0.890619636,-1.247361660,0.804662883,-0.099440753,-0.097841948,0.577110231,-0.215561092,-0.942432344,-1.117815375,0.804970980,-0.038710237,-0.053512808,0.589626610
136,646126,16481,viewpoint,front,-0.273656487,1.421122074,-1.601091027,-0.180270970,0.244063139,0.125214010,0.944593608,-0.269606352,-0.867511392,-1.241772413,0.787895083,-0.024898136,-0.012956372,0.615169466,-0.132576972,-0.893640757,-1.253278494,0.811684012,-0.098548427,-0.091898017,0.568341494,-0.207848638,-0.902257502,-1.069990516,0.993966997,-0.087878056,-0.048564542,0.044142567
137,646236,16591,viewpoint,front,-0.272802234,1.421040654,-1.601327300,-0.180383146,0.244408935,0.125308901,0.944470167,-0.269774586,-0.867168903,-1.241809130,0.786239088,-0.025267337,-0.014993438,0.617223561,-0.132802263,-0.895492494,-1.256787300,0.815536201,-0.100952141,-0.092206061,0.562323213,-0.216268465,-0.932364404,-1.108670950,0.799557626,-0.040282868,-0.061769091,0.596044898
138,646361,16716,viewpoint,front,-0.272040367,1.420889497,-1.601464868,-0.180491596,0.244957820,0.125514060,0.944279969,-0.270517528,-0.869538069,-1.246737599,0.788694084,-0.027300334,-0.009182447,0.614110768,-0.132557824,-0.892522454,-1.253789186,0.811648965,-0.103815176,-0.095283814,0.566894531,-0.216686085,-0.933848977,-1.111372113,0.799044132,-0.038797241,-0.061644092,0.596844375
139,646472,16827,viewpoint,front,-0.271517277,1.420960188,-1.601517797,-0.180105209,0.246308327,0.125859812,0.943956375,-0.270514488,-0.875250340,-1.253290534,0.792729974,-0.025211919,-0.010393557,0.608962655,-0.131217614,-0.895553589,-1.257151484,0.813265204,-0.104700975,-0.097070515,0.564105272,-0.215541124,-0.937160909,-1.114448190,0.803404570,-0.041554544,-0.053068586,0.591606319
140,646582,16937,viewpoint,front,-0.271043658,1.420888662,-1.601763368,-0.180379242,0.246226490,0.125862777,0.943925023,-0.270963788,-0.874450088,-1.253767610,0.794126153,-0.027248161,-0.014394385,0.606971204,-0.132494375,-0.894472957,-1.256375194,0.812788248,-0.104359172,-0.099441245,0.564443111,-0.208437905,-0.904728770,-1.075066209,0.993411422,-0.086167105,-0.054581985,0.052247345
141,646708,17063,viewpoint,front,-0.270715237,1.420942664,-1.601799369,-0.180324435,0.246203989,0.125151545,0.944035947,-0.270378023,-0.874766707,-1.252748847,0.793126106,-0.024796594,-0.009567300,0.608477294,-0.130777895,-0.893999815,-1.255116582,0.813390851,-0.103325784,-0.094718173,0.564577281,-0.215860784,-0.940096974,-1.117937326,0.804840326,-0.040575657,-0.050278343,0.589964211
142,646818,17173,viewpoint,front,-0.270692348,1.420977235,-1.601624608,-0.180002138,0.246788293,0.125400469,0.943911791,-0.266719460,-0.866016984,-1.240043283,0.786835194,-0.024129562,-0.014469807,0.616521537,-0.129806608,-0.894378662,-1.254488230,0.812599361,-0.102911189,-0.093893073,0.565929115,-0.215040967,-0.938368559,-1.115293741,0.803488255,-0.041323267,-0.056908071,0.591151953
143,646945,17300,viewpoint,front,-0.270525575,1.421072125,-1.601719260,-0.179839343,0.246463895,0.125412717,0.944025993,-0.271014690,-0.877586484,-1.255437970,0.794852555,-0.025236791,-0.012623124,0.606146157,-0.130569637,-0.892456651,-1.250408769,0.807565331,-0.104117252,-0.089234345,0.573615789,-0.215915546,-0.939729750,-1.116049051,0.801684976,-0.043187931,-0.054543290,0.593684256
144,647054,17409,viewpoint,front,-0.270558596,1.421187997,-1.601832509,-0.179876819,0.246040419,0.125226557,0.944153965,-0.271419674,-0.878061354,-1.255753875,0.796163678,-0.026570639,-0.014262847,0.604329348,-0.132438615,-0.895776749,-1.255045176,0.809670746,-0.100078352,-0.094338380,0.570541859,-0.215698257,-0.933582783,-1.108476996,0.793753445,-0.038586471,-0.057956826,0.604241371
145,647181,17536,viewpoint,front,-0.270479083,1.421322107,-1.601915002,-0.179879278,0.245738566,0.124796465,0.944289088,-0.271166384,-0.878159225,-1.254200459,0.792846859,-0.026428489,-0.012663756,0.608715951,-0.132619500,-0.897258401,-1.255933046,0.811519980,-0.104328468,-0.098240972,0.566480041,-0.216563687,-0.938730419,-1.113273859,0.800160825,-0.037022490,-0.059354786,0.595692039
146,647291,17646,viewpoint,front,-0.270414948,1.421505094,-1.601906896,-0.179457307,0.245455056,0.124391660,0.944496512,-0.270591319,-0.878920317,-1.252445459,0.793530405,-0.024910469,-0.013637468,0.607867599,-0.131067842,-0.891729474,-1.246159792,0.806835651,-0.095671222,-0.097353749,0.574791729,-0.215561092,-0.943697512,-1.116821527,0.807965159,-0.038733836,-0.051550619,0.585691392
147,647403,17758,viewpoint,front,-0.270420074,1.421632767,-1.601804614,-0.179451630,0.244940385,0.123684332,0.944724023,-0.270765603,-0.880690694,-1.252193451,0.794019759,-0.022078779,-0.007559207,0.607443869,-0.130808204,-0.892404914,-1.245000482,0.805984676,-0.100991085,-0.101519793,0.574354649,-0.214727864,-0.941538751,-1.113335371,0.800441861,-0.039501987,-0.054443888,0.595624328
148,647529,17884,viewpoint,front,-0.270631552,1.421676993,-1.601656079,-0.179502770,0.245215029,0.122930385,0.944741488,-0.267979980,-0.880089700,-1.250981927,0.792592704,-0.022822116,-0.010566364,0.609232605,-0.129705817,-0.901460767,-1.257189035,0.810078681,-0.101881616,-0.093293905,0.569814861,-0.212813333,-0.938493550,-1.108889103,0.798449636,-0.035473324,-0.056447152,0.598359048
149,647653,18008,viewpoint,front,-0.270999074,1.421659827,-1.601637959,-0.179494426,0.245320305,0.122415572,0.944782555,-0.265259922,-0.875636578,-1.244096518,0.787185073,-0.024575839,-0.010326132,0.616140485,-0.126671597,-0.896942616,-1.250247836,0.809625566,-0.101765215,-0.092631824,0.570587099,-0.211971104,-0.943346441,-1.114079237,0.802280545,-0.039534286,-0.058955375,0.592711806
150,647763,18118,viewpoint,front,-0.271213412,1.421656370,-1.601133466,-0.179646656,0.245169133,0.122080989,0.944836199,-0.264345199,-0.876880765,-1.246545076,0.791023076,-0.022662148,-0.009637907,0.611290395,-0.126874655,-0.902123451,-1.258101225,0.811647058,-0.102712803,-0.091388479,0.567738771,-0.211204231,-0.943370521,-1.114392519,0.801350653,-0.036084305,-0.059683993,0.594115198
151,647875,18230,viewpoint,front,-0.271002293,1.421668410,-1.600772500,-0.179851174,0.244770467,0.121648476,0.944956422,-0.264363766,-0.875787079,-1.245234489,0.788468897,-0.023057466,-0.012286070,0.614519536,-0.126825690,-0.901978850,-1.258348942,0.810633242,-0.101118334,-0.089802690,0.569723070,-0.211101711,-0.943038166,-1.114280105,0.800392091,-0.034363125,-0.058077976,0.595666528
152,648000,18355,viewpoint,front,-0.270697474,1.421742678,-1.600506663,-0.179457396,0.244755834,0.120863385,0.945135772,-0.261924297,-0.873770833,-1.240141988,0.789575458,-0.015859235,-0.009885744,0.613368809,-0.125012338,-0.892987251,-1.243691683,0.806542575,-0.095302917,-0.094783857,0.575693130,-0.208943143,-0.943024218,-1.112072229,0.800456047,-0.036637578,-0.052959554,0.595922053
153,648112,18467,viewpoint,front,-0.270474195,1.421926498,-1.600076318,-0.178741619,0.244830459,0.120898515,0.945247591,-0.263408840,-0.877615213,-1.241887808,0.787357450,-0.023043344,-0.008868238,0.616002142,-0.126468271,-0.903666496,-1.254670262,0.810505927,-0.100946985,-0.092364110,0.569525003,-0.207746431,-0.934364855,-1.099650621,0.790431082,-0.033404611,-0.056803647,0.608995974
154,648223,18578,viewpoint,front,-0.270271182,1.422103047,-1.599848390,-0.178063229,0.244845942,0.120872907,0.945374906,-0.263897300,-0.879454553,-1.240979910,0.786612034,-0.022658970,-0.010677822,0.616939306,-0.126815751,-0.907585740,-1.256533384,0.809936225,-0.101693302,-0.090369411,0.570521832,-0.211197495,-0.948363781,-1.112929463,0.798732698,-0.036888849,-0.060774930,0.597471178
155,648348,18703,viewpoint,front,-0.270091176,1.422042608,-1.599747062,-0.178035259,0.245289728,0.121119224,0.945233643,-0.264349014,-0.882760584,-1.246143699,0.789961040,-0.021973670,-0.003840255,0.612751186,-0.126621753,-0.905448437,-1.254945755,0.811696470,-0.097364135,-0.090051524,0.568823159,-0.208265886,-0.937894344,-1.101549387,0.791806519,-0.034375820,-0.056362983,0.607193470
156,648459,18814,viewpoint,front,-0.270189643,1.421911836,-1.600157857,-0.178309321,0.245283797,0.121371813,0.945151091,-0.263869107,-0.877586484,-1.241878510,0.787941098,-0.024256472,-0.009189229,0.615204096,-0.126768515,-0.906321764,-1.257795572,0.813367069,-0.102148071,-0.090842165,0.565462291,-0.210571155,-0.943451047,-1.109643340,0.796427011,-0.035109647,-0.058515061,0.600872099
157,648584,18939,viewpoint,front,-0.270448327,1.421749830,-1.600318074,-0.178479671,0.245342597,0.122350030,0.944977522,-0.267020702,-0.882362723,-1.249875546,0.793278694,-0.020556966,-0.007041460,0.608470857,-0.126744151,-0.897632122,-1.247599483,0.806495190,-0.102517456,-0.094287284,0.574600399,-0.211667046,-0.945059657,-1.113144875,0.800210118,-0.038590077,-0.059055451,0.595556021
158,648695,19050,viewpoint,front,-0.270590186,1.421545029,-1.600400090,-0.178521425,0.245531440,0.123174950,0.944813371,-0.267990917,-0.882259011,-1.252225757,0.793745279,-0.025536070,-0.010228669,0.607627869,-0.128905132,-0.898452222,-1.250833392,0.809941947,-0.096685916,-0.093755007,0.570837915,-0.212520793,-0.939402997,-1.108107567,0.792987645,-0.037007518,-0.056551330,0.605477452
159,648820,19175,viewpoint,front,-0.270435095,1.421415091,-1.600593209,-0.178594276,0.245119736,0.123367310,0.944881439,-0.268192232,-0.876169980,-1.243531942,0.787861228,-0.027322672,-0.013491407,0.615098476,-0.130196452,-0.902055264,-1.255699635,0.813518822,-0.098362558,-0.090005353,0.566048503,-0.214161694,-0.941348553,-1.110554695,0.795806587,-0.039862264,-0.060739860,0.601176858
160,648931,19286,viewpoint,front,-0.270401716,1.421410799,-1.600579381,-0.178155392,0.245837420,0.123580784,0.944749951,-0.267538071,-0.878645062,-1.246537328,0.790864468,-0.026821073,-0.008431931,0.611345232,-0.129527152,-0.901792049,-1.253042340,0.809676945,-0.104034305,-0.095842108,0.569573879,-0.205492124,-0.910960555,-1.070733070,0.994235575,-0.086840585,-0.043205347,0.045690615
161,649057,19412,viewpoint,front,-0.270511508,1.421408772,-1.600576997,-0.178292423,0.246463880,0.123837478,0.944527209,-0.265320122,-0.875595629,-1.243394971,0.789455950,-0.023115020,-0.017418819,0.613124490,-0.127800465,-0.895416141,-1.245531440,0.803002954,-0.100355864,-0.097704679,0.579283118,-0.213322684,-0.948612213,-1.118094444,0.805156052,-0.039209239,-0.048387650,0.589783907
162,649168,19523,viewpoint,front,-0.270688653,1.421161175,-1.600495934,-0.178720176,0.246904224,0.124001592,0.944309831,-0.264835000,-0.874032497,-1.243670225,0.788287759,-0.029167876,-0.011138650,0.614514172,-0.126518384,-0.896510482,-1.249993086,0.809076130,-0.104110755,-0.091622829,0.571105957,-0.211280555,-0.939130425,-1.110208035,0.799411535,-0.040566683,-0.059290931,0.596473038
163,649294,19649,viewpoint,front,-0.270865560,1.421010971,-1.600445628,-0.179168329,0.247466400,0.123821422,0.944101334,-0.262843490,-0.873568654,-1.245953679,0.789770186,-0.022879317,-0.015738465,0.612774074,-0.125856936,-0.895998776,-1.251898527,0.809265733,-0.098591514,-0.093666829,0.571485102,-0.210780814,-0.944309771,-1.118121862,0.805415690,-0.042203747,-0.051111810,0.588992298
164,649403,19758,viewpoint,front,-0.270629287,1.420917749,-1.600069404,-0.179220721,0.247394070,0.124256238,0.944053233,-0.265058160,-0.878301978,-1.253145099,0.793744326,-0.025016246,-0.008371283,0.607679248,-0.126674578,-0.899496436,-1.257932186,0.815386891,-0.103116021,-0.095761463,0.561552405,-0.209741086,-0.933651209,-1.106746316,0.794147670,-0.038831335,-0.054058831,0.604068935
165,649529,19884,viewpoint,front,-0.270334601,1.420854926,-1.599924684,-0.179594085,0.246984020,0.124378771,0.944073498,-0.265410364,-0.872775376,-1.247697473,0.789181113,-0.027594000,-0.006061699,0.613510549,-0.126583815,-0.894411802,-1.252483368,0.810269177,-0.104841299,-0.092320688,0.569165289,-0.210919887,-0.933312356,-1.108491898,0.793691099,-0.039920870,-0.058600534,0.604174495
166,649638,19993,viewpoint,front,-0.270050406,1.420750856,-1.599676728,-0.179820240,0.246773794,0.124282323,0.944098115,-0.264334023,-0.869050860,-1.244294524,0.786911190,-0.026242970,-0.013139239,0.616367996,-0.126915053,-0.895273328,-1.255814433,0.812199116,-0.100520387,-0.087872751,0.567896724,-0.211316526,-0.934222698,-1.110657454,0.799824417,-0.040245328,-0.058880415,0.595981896
167,649765,20120,viewpoint,front,-0.269896388,1.420623660,-1.599323630,-0.180217996,0.246801943,0.124136992,0.944034040,-0.265142202,-0.875014782,-1.254877210,0.792785108,-0.027132586,-0.012918783,0.608759940,-0.126436740,-0.893359900,-1.255493760,0.811037779,-0.104331829,-0.095730640,0.567598641,-0.209814221,-0.930683553,-1.108599663,0.794321179,-0.039171383,-0.054946050,0.603738666
168,649887,20242,viewpoint,front,-0.270343065,1.420582533,-1.599084496,-0.180438384,0.247352555,0.123863608,0.943883717,-0.261412233,-0.868535519,-1.247003436,0.788304210,-0.028435353,-0.009255659,0.614558637,-0.123542219,-0.891993701,-1.253911495,0.810612917,-0.104396679,-0.091417424,0.568903327,-0.208136082,-0.930213451,-1.108674765,0.796019137,-0.039192848,-0.056545433,0.601348579
169,650001,20356,viewpoint,front,-0.270800948,1.420284748,-1.599117637,-0.181607932,0.247950733,0.123621464,0.943534195,-0.258744419,-0.865872443,-1.248518348,0.790568292,-0.025281973,-0.009322996,0.611780703,-0.120655850,-0.888495207,-1.254576683,0.808838189,-0.102395080,-0.088914283,0.572180331,-0.206400543,-0.932977915,-1.116244316,0.799885273,-0.039713874,-0.059379060,0.595886290
170,650126,20481,viewpoint,front,-0.270867348,1.419920325,-1.599202037,-0.182573870,0.247236788,0.123917870,0.943496227,-0.261545539,-0.867245555,-1.255867004,0.793310106,-0.025964724,-0.011595208,0.608153343,-0.122861736,-0.885216236,-1.256265998,0.809258580,-0.098309182,-0.093045332,0.571645379,-0.207034454,-0.929534495,-1.117544889,0.800813735,-0.041272175,-0.053728666,0.595069051
171,650250,20605,viewpoint,front,-0.270586491,1.419696212,-1.599371791,-0.183232084,0.245957062,0.123533227,0.943753481,-0.259698629,-0.858592987,-1.246664643,0.785538435,-0.021338789,-0.016786579,0.618216991,-0.123755850,-0.886345148,-1.260525346,0.811890483,-0.100890838,-0.088453323,0.568182170,-0.209897593,-0.939114869,-1.130405426,0.809349716,-0.040606592,-0.048957020,0.583872795
172,650361,20716,viewpoint,front,-0.270577908,1.419757128,-1.599314094,-0.183232069,0.246192768,0.123054624,0.943754554,-0.265890598,-0.890633285,-1.289790988,0.803538322,-0.016060967,-0.008865851,0.594970226,-0.122732960,-0.884780645,-1.257463217,0.810757279,-0.100590147,-0.096049778,0.568619967,-0.206593186,-0.929807305,-1.118048906,0.805578172,-0.037085272,-0.052379683,0.589003384
173,650487,20842,viewpoint,front,-0.270556211,1.419883847,-1.599331975,-0.183211014,0.245749369,0.122833259,0.943903089,-0.260154128,-0.862730742,-1.249826670,0.792174518,-0.022268066,-0.014940134,0.609705210,-0.123811863,-0.888976038,-1.262467027,0.815810442,-0.102356814,-0.092936449,0.561550677,-0.206706062,-0.928324342,-1.116090178,0.803394914,-0.036996525,-0.050923061,0.592110455
174,650598,20953,viewpoint,front,-0.270751357,1.420216203,-1.599443078,-0.182887957,0.246095344,0.122960716,0.943858981,-0.261649132,-0.868968725,-1.256706834,0.794867039,-0.023372199,-0.007737755,0.606284022,-0.122511223,-0.893707275,-1.267077088,0.817142487,-0.099594578,-0.098837852,0.559097707,-0.206423193,-0.929575622,-1.116111517,0.800380588,-0.037184492,-0.051290195,0.596135557
175,650721,21076,viewpoint,front,-0.271065712,1.420365810,-1.599505782,-0.183061361,0.246110603,0.122727409,0.943851709,-0.259246081,-0.865233779,-1.251297116,0.788298905,-0.025522131,-0.008394987,0.614705563,-0.120984390,-0.886829019,-1.257190347,0.810184777,-0.101014137,-0.091963723,0.570034683,-0.206874892,-0.934972703,-1.122143030,0.804357111,-0.036589362,-0.058350500,0.590140700
176,650834,21189,viewpoint,front,-0.271292210,1.420728803,-1.599153399,-0.182256773,0.246898890,0.122481421,0.943833530,-0.258647323,-0.870223284,-1.254593372,0.793081522,-0.023961276,-0.008304929,0.608587444,-0.120340109,-0.889433026,-1.257040024,0.812354326,-0.097789869,-0.088876285,0.567995250,-0.205057234,-0.937951088,-1.122776151,0.805686355,-0.039036371,-0.052125044,0.588751853
177,650959,21314,viewpoint,front,-0.271560073,1.420777678,-1.599063516,-0.182194173,0.246745721,0.122198209,0.943922341,-0.258693397,-0.871335030,-1.255467653,0.794977069,-0.023607591,-0.006593958,0.606144130,-0.119047940,-0.883994222,-1.249408484,0.807873726,-0.096563198,-0.096078075,0.573397398,-0.203959152,-0.933608174,-1.117250919,0.800859332,-0.038211856,-0.054828733,0.595111728
178,651070,21425,viewpoint,front,-0.271960855,1.420573950,-1.599166512,-0.182704255,0.246832088,0.122206226,0.943800151,-0.257907182,-0.868676066,-1.253665686,0.792810202,-0.023088260,-0.006180248,0.608999729,-0.118686184,-0.890305400,-1.260062933,0.813686669,-0.102808751,-0.098754764,0.563552916,-0.203764513,-0.933912992,-1.118836641,0.803869247,-0.035805229,-0.053454615,0.591316283
179,651196,21551,viewpoint,front,-0.272301555,1.420469046,-1.598843694,-0.182708174,0.246912509,0.122393370,0.943754077,-0.264336497,-0.902713537,-1.303056955,0.811699271,-0.013762626,-0.010247120,0.583823621,-0.117916986,-0.887572408,-1.257194281,0.809270442,-0.101663940,-0.089465290,0.571613371,-0.195732608,-0.901943386,-1.080852270,0.993369639,-0.083575964,-0.056042351,0.055597980
180,651306,21661,viewpoint,front,-0.273164392,1.420261741,-1.598889709,-0.183134660,0.246576935,0.122699872,0.943719387,-0.258911788,-0.870010614,-1.258957744,0.796497166,-0.024648299,-0.006610232,0.604103506,-0.119155928,-0.885725260,-1.256696820,0.812187791,-0.096522242,-0.101298451,0.566368341,-0.203748256,-0.929246545,-1.116746187,0.799396217,-0.039185550,-0.056174677,0.596887469
181,651431,21786,viewpoint,front,-0.273780704,1.420263052,-1.598704934,-0.182918251,0.246477336,0.123256788,0.943714797,-0.259128988,-0.868730545,-1.257041216,0.796152711,-0.024184421,-0.006243603,0.604580045,-0.120259613,-0.886483908,-1.257632017,0.812402427,-0.098031051,-0.092603780,0.567289054,-0.205148637,-0.939671576,-1.127502680,0.815499663,-0.034268998,-0.047761757,0.575764418
182,651542,21897,viewpoint,front,-0.274483085,1.420135617,-1.598415017,-0.183096930,0.246155202,0.123491652,0.943733513,-0.259124398,-0.868644655,-1.257373095,0.796582222,-0.024898387,-0.007456685,0.603971243,-0.120611034,-0.887660265,-1.259848475,0.812299848,-0.098765828,-0.090720221,0.567612708,-0.205574244,-0.940296471,-1.128441691,0.815378070,-0.033756707,-0.049644738,0.575807691
183,651668,22023,viewpoint,front,-0.275360107,1.420124173,-1.598252892,-0.183211118,0.246453866,0.123962149,0.943571687,-0.256858021,-0.862182915,-1.249719739,0.789443493,-0.025614649,-0.016080352,0.613077760,-0.119414262,-0.892268300,-1.266984940,0.817915201,-0.103355415,-0.099525765,0.557159781,-0.203774527,-0.929703236,-1.118165851,0.800605953,-0.039960485,-0.057055026,0.595128536
184,651792,22147,viewpoint,front,-0.276255250,1.419984818,-1.597989678,-0.183340326,0.246593639,0.124466650,0.943443716,-0.263955176,-0.897541046,-1.300612926,0.811011434,-0.014977764,-0.013001908,0.584693968,-0.118756354,-0.887847781,-1.261782169,0.814541817,-0.104347982,-0.100211382,0.561774790,-0.203568280,-0.929172873,-1.117976189,0.800547302,-0.037700158,-0.056620464,0.595396459
185,651903,22258,viewpoint,front,-0.277171731,1.419907212,-1.597685456,-0.183432534,0.246522620,0.124840073,0.943394959,-0.256701171,-0.865940392,-1.255892038,0.793433189,-0.026729841,-0.009996758,0.607988000,-0.117849156,-0.885691881,-1.258778930,0.813456953,-0.104265176,-0.092406899,0.564692378,-0.203638539,-0.931771934,-1.121004820,0.801437438,-0.036583208,-0.057181627,0.594213724
186,652027,22382,viewpoint,front,-0.277810216,1.419964910,-1.597452283,-0.183335662,0.246017322,0.124493629,0.943591475,-0.255761236,-0.862568498,-1.249299526,0.790650368,-0.024572894,-0.013870977,0.611617386,-0.118348651,-0.889190912,-1.262524128,0.815508306,-0.102112323,-0.093688443,0.561909080,-0.204072043,-0.935348809,-1.124183893,0.803590417,-0.039007939,-0.061130438,0.590748608
187,652139,22494,viewpoint,front,-0.278764248,1.419981599,-1.597284913,-0.183196619,0.246101364,0.124731682,0.943565130,-0.256681502,-0.869186759,-1.258180857,0.797937989,-0.024395196,-0.004992820,0.602224946,-0.117806144,-0.889575839,-1.261662364,0.813271224,-0.102020964,-0.091376051,0.565536976,-0.201909557,-0.932092488,-1.119875550,0.804073513,-0.040212963,-0.050318528,0.591030240
188,652263,22618,viewpoint,front,-0.279612184,1.420055151,-1.597286105,-0.183132619,0.246416420,0.124834009,0.943481803,-0.253860235,-0.862534165,-1.248673439,0.792497933,-0.023523547,-0.013037095,0.609281242,-0.116295420,-0.884673119,-1.253996849,0.808424652,-0.100484237,-0.097624712,0.571683407,-0.200899467,-0.930181146,-1.116702914,0.802837133,-0.041486241,-0.055715457,0.592137754
189,652390,22745,viewpoint,front,-0.280571938,1.420127511,-1.597173333,-0.183097959,0.246583298,0.125054255,0.943415761,-0.254187942,-0.864712954,-1.251934648,0.792652369,-0.025566394,-0.014295574,0.608969808,-0.115756735,-0.883950412,-1.253093958,0.807800949,-0.098984294,-0.101153232,0.572213054,-0.200697884,-0.930026233,-1.116472721,0.803179920,-0.040668324,-0.056938030,0.591613173
190,652501,22856,viewpoint,front,-0.281021357,1.420107365,-1.596958518,-0.183047801,0.246366948,0.125238225,0.943457603,-0.253772140,-0.862272620,-1.248107672,0.791169465,-0.023677178,-0.014811256,0.610959053,-0.116248414,-0.882745743,-1.251231670,0.806882262,-0.101256758,-0.095656343,0.574054003,-0.201031938,-0.931500316,-1.118021965,0.804451764,-0.042429306,-0.057661809,0.589688301
191,652628,22983,viewpoint,front,-0.281444550,1.420089960,-1.596835256,-0.183088973,0.246267572,0.125073344,0.943497419,-0.253689468,-0.862205505,-1.248215556,0.791946173,-0.023383351,-0.013194114,0.610000432,-0.116088450,-0.885332525,-1.254873991,0.808888555,-0.099411830,-0.100304350,0.570750117,-0.200753540,-0.930091977,-1.116523027,0.802424133,-0.041392475,-0.056578595,0.592622161
192,652737,23092,viewpoint,front,-0.281871319,1.420136452,-1.596287847,-0.182857364,0.245871007,0.125578597,0.943578660,-0.253940225,-0.862218857,-1.247942209,0.789758205,-0.023079468,-0.013681981,0.612831295,-0.117354900,-0.886819839,-1.256707430,0.810011864,-0.102010898,-0.091740727,0.570138812,-0.201451123,-0.930894494,-1.117327452,0.804144502,-0.040447742,-0.053013954,0.590681970
193,652864,23219,viewpoint,front,-0.282081962,1.420237422,-1.596045613,-0.182680205,0.245495737,0.125460058,0.943726420,-0.255367041,-0.864159286,-1.247568488,0.792346179,-0.022994740,-0.006564287,0.609602809,-0.118065611,-0.893724203,-1.264432192,0.816190779,-0.103325717,-0.090812646,0.561167836,-0.200980604,-0.925611258,-1.109522581,0.795945942,-0.037401926,-0.059968684,0.601227880
194,652987,23342,viewpoint,front,-0.282280087,1.420267463,-1.596079469,-0.182822719,0.244943470,0.125402123,0.943850040,-0.256378621,-0.863644719,-1.248555899,0.787310362,-0.025270032,-0.016110431,0.615828097,-0.118775353,-0.888749123,-1.259349823,0.811058581,-0.101536050,-0.100585461,0.567236245,-0.203409046,-0.932689548,-1.118531227,0.801220834,-0.038074344,-0.058617629,0.594272316
195,653098,23453,viewpoint,front,-0.282100320,1.420153737,-1.595774055,-0.182894319,0.244995505,0.125440493,0.943817556,-0.255428135,-0.861100972,-1.245759964,0.787445664,-0.026845939,-0.016057255,0.615589857,-0.118733145,-0.890367568,-1.262002110,0.812677085,-0.101065926,-0.099592105,0.565175235,-0.195247591,-0.900519371,-1.078708291,0.994943202,-0.081005946,-0.040360741,0.043554932
196,653223,23578,viewpoint,front,-0.282050490,1.420090318,-1.595601916,-0.182711557,0.245061994,0.125480145,0.943830431,-0.253221691,-0.858036041,-1.241887093,0.785119236,-0.021516973,-0.017613050,0.618720233,-0.117816694,-0.890009642,-1.261110067,0.811957121,-0.101683371,-0.092025407,0.567377806,-0.201548532,-0.930382371,-1.116860032,0.803491235,-0.040046554,-0.053806119,0.591525972
197,653334,23689,viewpoint,front,-0.282045960,1.419991136,-1.595611930,-0.183152601,0.244341597,0.125026733,0.943991840,-0.256062984,-0.863139153,-1.249657512,0.792103112,-0.025070695,-0.014027457,0.609710872,-0.118950561,-0.891925335,-1.265776634,0.817240477,-0.099266268,-0.096602865,0.559403479,-0.203077361,-0.932130158,-1.119764090,0.802553296,-0.035648577,-0.061828554,0.592296124
198,653460,23815,viewpoint,front,-0.282170057,1.420051813,-1.595288396,-0.183020115,0.244624063,0.124682724,0.943989873,-0.254082382,-0.863267541,-1.248538136,0.788440168,-0.022461290,-0.014849421,0.614521861,-0.117397092,-0.887204409,-1.257426620,0.809305251,-0.101773158,-0.091769688,0.571179211,-0.201019794,-0.930874884,-1.116787553,0.802185237,-0.038710836,-0.053860638,0.593379557
199,653584,23939,viewpoint,front,-0.282861948,1.420119524,-1.595249772,-0.183067575,0.244569808,0.124455005,0.944024801,-0.254576147,-0.865229845,-1.249720454,0.793496192,-0.022288304,-0.006255718,0.608134806,-0.115992293,-0.885054350,-1.254137516,0.807449579,-0.098766632,-0.099190503,0.573089540,-0.201225325,-0.935130119,-1.120790839,0.806309104,-0.034949221,-0.054741178,0.587918043
200,653696,24051,viewpoint,front,-0.283752322,1.420182943,-1.595165372,-0.182952479,0.244728327,0.124626711,0.943983376,-0.254777730,-0.868549228,-1.253987074,0.791053832,-0.026689414,-0.014882314,0.610982776,-0.115860432,-0.890588284,-1.260132790,0.815055072,-0.102143355,-0.099973038,0.561477900,-0.191746801,-0.897991121,-1.073859572,0.995621979,-0.080127724,-0.032940861,0.035090450
201,653820,24175,viewpoint,front,-0.284666181,1.420291662,-1.595168233,-0.182559490,0.244648859,0.124815494,0.944055140,-0.255593181,-0.871677101,-1.256595612,0.795657694,-0.025361039,-0.010598199,0.605122626,-0.115909211,-0.886855483,-1.253298879,0.810924113,-0.095987506,-0.099900536,0.568514287,-0.199668512,-0.930740297,-1.113448501,0.798017800,-0.037174001,-0.064106025,0.598060250
202,653945,24300,viewpoint,front,-0.285782695,1.420371056,-1.595528007,-0.182742476,0.244733796,0.124803998,0.943999231,-0.251513958,-0.861089110,-1.240030646,0.785142958,-0.025733665,-0.016282916,0.618565500,-0.115371980,-0.894807518,-1.262761116,0.813581586,-0.102894612,-0.096100867,0.564147472,-0.199120894,-0.932219625,-1.114007473,0.797920108,-0.037165824,-0.065812513,0.598005831
203,654056,24411,viewpoint,front,-0.286687613,1.420337200,-1.596089482,-0.182911783,0.244433194,0.124832988,0.944040477,-0.251526445,-0.861779094,-1.241372466,0.784048140,-0.024913251,-0.016350029,0.619984388,-0.114947073,-0.893013537,-1.260720730,0.811995029,-0.102299273,-0.091687851,0.567267418,-0.198654220,-0.935208201,-1.117841244,0.803615034,-0.040099017,-0.057709493,0.590986073
204,654167,24522,viewpoint,front,-0.286895156,1.420247197,-1.596440911,-0.183355570,0.243461236,0.124290332,0.944277108,-0.253131151,-0.864819527,-1.246326923,0.789889276,-0.021024132,-0.013420636,0.612742066,-0.115728676,-0.890543699,-1.258246303,0.814217806,-0.094895661,-0.098686390,0.564185381,-0.199155182,-0.933969736,-1.115818739,0.801526368,-0.033453695,-0.065993689,0.593364298
205,654292,24647,viewpoint,front,-0.286934614,1.420163393,-1.596538901,-0.183422774,0.242960691,0.123812787,0.944455743,-0.252900034,-0.864374876,-1.244880915,0.791222215,-0.021074861,-0.012337343,0.611041069,-0.115720265,-0.890549839,-1.258278012,0.815509439,-0.095395848,-0.100100815,0.561982155,-0.198862225,-0.932852447,-1.114377499,0.801007390,-0.033943079,-0.064636789,0.594186068
206,654404,24759,viewpoint,front,-0.286819816,1.420253873,-1.596601605,-0.183243543,0.241927668,0.123896830,0.944744587,-0.256859183,-0.868806243,-1.249083996,0.792171121,-0.022034565,-0.013967113,0.609741271,-0.118711405,-0.891977429,-1.258606315,0.813387156,-0.099068724,-0.102702811,0.563949287,-0.201563478,-0.933022380,-1.113630176,0.799700975,-0.034109328,-0.065436520,0.595846474
207,654530,24885,viewpoint,front,-0.286661148,1.420290828,-1.596745372,-0.183221638,0.241718024,0.123521306,0.944851696,-0.256703764,-0.868482947,-1.247988939,0.793473363,-0.022097042,-0.014482281,0.608031273,-0.119034193,-0.899515390,-1.267538548,0.819832444,-0.099823162,-0.100298800,0.554842591,-0.199597910,-0.923645556,-1.101846218,0.791428447,-0.032456513,-0.058171257,0.607621431
208,654653,25008,viewpoint,front,-0.286692381,1.420128584,-1.596850991,-0.183160543,0.241708517,0.124257870,0.944769382,-0.258371115,-0.870491803,-1.251391649,0.793394923,-0.021735303,-0.008599401,0.608258307,-0.118943706,-0.882750511,-1.246827960,0.806280613,-0.097185314,-0.097757161,0.575247884,-0.203097641,-0.934226274,-1.115406275,0.802440107,-0.036101677,-0.057197481,0.592887044
209,654765,25120,viewpoint,front,-0.286288142,1.420173407,-1.596964240,-0.183240756,0.242239639,0.124296218,0.944612741,-0.257988840,-0.870246887,-1.251491785,0.793039560,-0.022575356,-0.008628224,0.608690619,-0.118883103,-0.887875378,-1.253738523,0.812350810,-0.096091136,-0.102178551,0.566049695,-0.193989903,-0.899159729,-1.071194053,0.995374799,-0.078735575,-0.037806127,0.040006138
210,654890,25245,viewpoint,front,-0.285981894,1.420142770,-1.597184777,-0.183325082,0.242533997,0.124619454,0.944478273,-0.256923050,-0.866195500,-1.248413682,0.791895390,-0.021855157,-0.014432967,0.610094905,-0.118907437,-0.887654245,-1.254375696,0.812228918,-0.095246531,-0.100859456,0.566603661,-0.202086583,-0.930586219,-1.112591982,0.797437429,-0.037279326,-0.067349464,0.598471344
211,655001,25356,viewpoint,front,-0.285727739,1.420082927,-1.597294688,-0.183399215,0.243237495,0.124734461,0.944267750,-0.254625380,-0.860286057,-1.240584850,0.789073110,-0.024453713,-0.013559651,0.613662601,-0.118579246,-0.895224571,-1.264957190,0.818205178,-0.098406225,-0.094620064,0.558483183,-0.201762185,-0.932573855,-1.114538431,0.801556289,-0.031479228,-0.062636599,0.593795657
212,655126,25481,viewpoint,front,-0.285600185,1.420106530,-1.597504735,-0.183221579,0.243731186,0.124753304,0.944172442,-0.253770411,-0.863378048,-1.244741082,0.789264798,-0.019538227,-0.012222076,0.613620400,-0.117408819,-0.890330017,-1.257835627,0.815201283,-0.097710423,-0.090676829,0.563628554,-0.200601906,-0.931680679,-1.113884211,0.800160289,-0.040487234,-0.056090824,0.595783651
213,655236,25591,viewpoint,front,-0.285704136,1.420039654,-1.597851396,-0.183289170,0.244081244,0.125426263,0.943979740,-0.254077643,-0.858447671,-1.238429666,0.788162231,-0.024802536,-0.015978539,0.614759982,-0.117860638,-0.892389297,-1.261351705,0.817655265,-0.099963486,-0.090045556,0.559766948,-0.201234639,-0.927386642,-1.109571815,0.798713565,-0.033892572,-0.062090494,0.597538829
214,655362,25717,viewpoint,front,-0.285700798,1.419961333,-1.597994924,-0.183397695,0.244511798,0.125780135,0.943800092,-0.254601657,-0.859228849,-1.240852833,0.787347198,-0.026145048,-0.016072635,0.615745425,-0.117985882,-0.892039180,-1.261790276,0.816778243,-0.103693202,-0.092212550,0.560015976,-0.194479808,-0.898895264,-1.075502515,0.994765401,-0.079501912,-0.043712318,0.047015838
215,655487,25842,viewpoint,front,-0.285751820,1.419790745,-1.598132491,-0.183479682,0.244938463,0.126287296,0.943605781,-0.255608618,-0.861277759,-1.245555043,0.787559211,-0.027875606,-0.018968878,0.615315914,-0.118353277,-0.889148116,-1.259219170,0.814256489,-0.104649566,-0.100157760,0.562141836,-0.195173010,-0.900827527,-1.077079415,0.994959414,-0.082149513,-0.038481072,0.042737592
216,655598,25953,viewpoint,front,-0.285414457,1.419587255,-1.598085523,-0.183477089,0.244843498,0.126736671,0.943570673,-0.258815825,-0.867683053,-1.255727649,0.797946811,-0.026443794,-0.009244096,0.602076650,-0.119385965,-0.882731915,-1.251633406,0.807405531,-0.099939950,-0.096502781,0.573406994,-0.204343870,-0.934908330,-1.121906042,0.808209658,-0.042986996,-0.057349615,0.584517241
217,655723,26078,viewpoint,front,-0.284797430,1.419596910,-1.598224998,-0.183248281,0.244955882,0.127095625,0.943537712,-0.254839420,-0.851137877,-1.232835293,0.783446670,-0.021531975,-0.020895069,0.620734274,-0.120748326,-0.889190674,-1.259559512,0.813275158,-0.103653610,-0.092895798,0.564986646,-0.204235747,-0.925576687,-1.110426307,0.796017110,-0.038534872,-0.058261044,0.601229906
218,655834,26189,viewpoint,front,-0.284224629,1.419550896,-1.598390698,-0.183506548,0.245100111,0.127143234,0.943443656,-0.258887649,-0.864720941,-1.251971126,0.794770658,-0.025791401,-0.013570132,0.606209755,-0.121023029,-0.890964389,-1.264157057,0.818742335,-0.100716397,-0.092188448,0.557690382,-0.204379484,-0.930272818,-1.117301345,0.805160880,-0.042342577,-0.054466173,0.589030147
219,655960,26315,viewpoint,front,-0.283755302,1.419484258,-1.598370194,-0.183561116,0.245721713,0.127416402,0.943234444,-0.258700252,-0.864040077,-1.252812982,0.797847927,-0.025527366,-0.005417507,0.602293789,-0.120736942,-0.887659907,-1.260787129,0.815724134,-0.104532629,-0.094234511,0.561058760,-0.205943957,-0.936046481,-1.125580430,0.807043195,-0.042755615,-0.052382499,0.586608350
220,656070,26425,viewpoint,front,-0.283445358,1.419439673,-1.598414063,-0.183535725,0.246046767,0.127590001,0.943131208,-0.258969069,-0.866691113,-1.257591963,0.796753645,-0.029880794,-0.012575402,0.603433967,-0.120477438,-0.886331379,-1.259327650,0.814578474,-0.104854316,-0.096423276,0.562290013,-0.203905657,-0.926688373,-1.114988327,0.802137196,-0.041826691,-0.053794578,0.593239069
221,656194,26549,viewpoint,front,-0.283543348,1.419450521,-1.598293900,-0.183382899,0.246454433,0.128016591,0.942996681,-0.256340921,-0.857778668,-1.246313453,0.789123774,-0.025752101,-0.018344184,0.613419890,-0.120531112,-0.885265648,-1.258383512,0.812443435,-0.105114840,-0.095304072,0.565511942,-0.204442963,-0.928613007,-1.117843628,0.802383542,-0.044463463,-0.059263773,0.592192173
222,656320,26675,viewpoint,moving_to_left,-0.283398867,1.419479132,-1.598080516,-0.183208853,0.247012079,0.128540754,0.942813277,-0.256382346,-0.857123137,-1.246043801,0.790547669,-0.024176162,-0.018052975,0.611656725,-0.120493285,-0.883855820,-1.256389380,0.813001215,-0.106608450,-0.096863590,0.564163983,-0.199155793,-0.907124460,-1.090295076,0.993300855,-0.088262014,-0.045425672,0.059159372
223,656429,26784,viewpoint,moving_to_left,-0.282823443,1.419555664,-1.597956777,-0.183298662,0.247240111,0.127916574,0.942820907,-0.256258309,-0.858480215,-1.248038054,0.791484654,-0.024919901,-0.016103938,0.610468447,-0.119081169,-0.887502074,-1.261749268,0.813736439,-0.105665833,-0.101251058,0.562508583,-0.203455552,-0.925691783,-1.115181208,0.802604973,-0.040650506,-0.054202605,0.592650831
224,656556,26911,viewpoint,moving_to_left,-0.281969666,1.419703245,-1.597653031,-0.183024019,0.246927634,0.128019974,0.942942142,-0.256404281,-0.857882500,-1.246279001,0.788076401,-0.025878733,-0.019311279,0.614730000,-0.120697372,-0.886446357,-1.259682417,0.813802361,-0.105924375,-0.095261686,0.563410163,-0.199155837,-0.907240868,-1.090164661,0.993460536,-0.087278694,-0.044973623,0.058275402
225,656667,27022,viewpoint,moving_to_left,-0.281026602,1.419917583,-1.597251773,-0.182694793,0.247188255,0.127622381,0.942991555,-0.259117842,-0.867351413,-1.257371902,0.794592619,-0.028542459,-0.011107124,0.606370091,-0.120836839,-0.888396680,-1.261062503,0.813680708,-0.101391569,-0.091684721,0.565010846,-0.206987187,-0.939498007,-1.129446387,0.809245825,-0.043056410,-0.053122960,0.583476901
226,656792,27147,viewpoint,moving_to_left,-0.280088067,1.420127034,-1.596889853,-0.182295576,0.248003319,0.127164677,0.942916691,-0.255242497,-0.858863115,-1.244841337,0.787459195,-0.029820675,-0.014491097,0.615474463,-0.118919358,-0.891440928,-1.263685107,0.812439859,-0.103709497,-0.098310508,0.565261781,-0.203369334,-0.926452756,-1.113738298,0.796561718,-0.043974951,-0.058888048,0.600073218
227,656917,27272,viewpoint,moving_to_left,-0.278690219,1.420312047,-1.596640229,-0.181968406,0.249584153,0.127603784,0.942503333,-0.255424678,-0.864435792,-1.252405524,0.794191539,-0.027063889,-0.005782014,0.607037067,-0.117422543,-0.886322141,-1.256625056,0.807655096,-0.104363456,-0.090828501,0.573194385,-0.203934744,-0.932742953,-1.121159315,0.801747143,-0.041604649,-0.057103284,0.593472719
228,657030,27385,viewpoint,moving_to_left,-0.276482344,1.420403481,-1.596325517,-0.181321397,0.251953751,0.128369421,0.941893399,-0.258794427,-0.888620079,-1.288672686,0.802179694,-0.027430510,-0.013436994,0.596300960,-0.117014587,-0.893291116,-1.266850352,0.811454535,-0.110589616,-0.093118012,0.566251397,-0.203094825,-0.934393525,-1.124152780,0.805409729,-0.047425706,-0.052708834,0.588462174
229,657153,27508,viewpoint,moving_to_left,-0.273578167,1.420641899,-1.596225858,-0.180552945,0.254429966,0.128905624,0.941301942,-0.259849161,-0.898998499,-1.303324223,0.808287382,-0.029783761,-0.005191374,0.588011563,-0.115771823,-0.890859842,-1.262740731,0.810100019,-0.111159869,-0.086131521,0.569177389,-0.202937469,-0.933087587,-1.122878551,0.805974543,-0.047373757,-0.050433856,0.587892175
230,657264,27619,viewpoint,moving_to_left,-0.269364953,1.420331240,-1.596280694,-0.180225521,0.255720258,0.129103348,0.940987945,-0.255271137,-0.866149724,-1.260344505,0.790459633,-0.039271083,-0.005528568,0.611229002,-0.117375366,-0.891268373,-1.265713573,0.811268449,-0.115172505,-0.094289735,0.565409839,-0.204625443,-0.928292513,-1.120465517,0.795682013,-0.047596015,-0.054333080,0.601392329
231,657390,27745,viewpoint,moving_to_left,-0.265435815,1.419740438,-1.596127868,-0.180671528,0.258051872,0.129501626,0.940210819,-0.257423162,-0.879275620,-1.288945198,0.797658265,-0.036285084,-0.002796081,0.602010727,-0.115984827,-0.894349217,-1.277971387,0.818189144,-0.116024077,-0.083474003,0.556899428,-0.202569559,-0.921347976,-1.119903088,0.797833800,-0.052787859,-0.050149351,0.598464549
232,657500,27855,viewpoint,moving_to_left,-0.261203527,1.418848753,-1.595337033,-0.180370212,0.261912018,0.131970838,0.938856959,-0.259580374,-0.888278127,-1.310880423,0.806811810,-0.039007671,-0.002237774,0.589515150,-0.115799434,-0.886506677,-1.274265766,0.813971162,-0.121430814,-0.087726690,0.561257124,-0.206131935,-0.928439021,-1.136244297,0.806733906,-0.058149777,-0.049220815,0.585983276
233,657625,27980,viewpoint,moving_to_left,-0.257569671,1.418738961,-1.594022155,-0.179665282,0.268128246,0.134064853,0.936938763,-0.250024080,-0.873702526,-1.298183203,0.796822250,-0.042650785,-0.003098782,0.602698624,-0.109729417,-0.884515762,-1.276407361,0.813403726,-0.125673845,-0.083419032,0.561802268,-0.201170415,-0.921926081,-1.135191083,0.801269650,-0.065878071,-0.049723245,0.592583060
234,657750,28105,viewpoint,moving_to_left,-0.255345941,1.419078231,-1.593844056,-0.178946406,0.272953957,0.136681706,0.935303390,-0.248226956,-0.874583483,-1.304330230,0.798683524,-0.049647227,-0.002527173,0.599694490,-0.106898583,-0.877833486,-1.269783020,0.808948696,-0.134287938,-0.082834564,0.566310167,-0.199290231,-0.918880343,-1.135425091,0.801126003,-0.071640082,-0.045102522,0.592478335
235,657862,28217,viewpoint,moving_to_left,-0.254709721,1.418300271,-1.594281793,-0.181411296,0.279379427,0.136964843,0.932886779,-0.230565742,-0.861169457,-1.303456664,0.797733247,-0.057936404,0.005169663,0.600198567,-0.090624571,-0.869041562,-1.272134900,0.811924875,-0.137549326,-0.086419784,0.560704708,-0.185250893,-0.909695506,-1.138855338,0.802533627,-0.074617594,-0.042083312,0.590424418
236,657986,28341,viewpoint,moving_to_left,-0.254833937,1.417308331,-1.593833089,-0.183895618,0.281467140,0.137195691,0.931738198,-0.226883933,-0.869983435,-1.327164292,0.804443359,-0.061087787,0.009584685,0.590802252,-0.087176844,-0.890535712,-1.313917160,0.822348595,-0.138952732,-0.077666774,0.546262503,-0.180183023,-0.907657027,-1.145731926,0.802505136,-0.075090647,-0.042099401,0.590402126
237,658111,28466,viewpoint,moving_to_left,-0.257527113,1.417712688,-1.592187524,-0.182115003,0.285406947,0.136262134,0.931026161,-0.212818131,-0.869047642,-1.317801356,0.801153243,-0.056246944,0.005309997,0.595786452,-0.075479299,-0.901638389,-1.319779396,0.825847983,-0.141241163,-0.083045967,0.539564133,-0.168700457,-0.910065651,-1.141217470,0.801138461,-0.077631585,-0.037574843,0.592231870
238,658236,28591,viewpoint,moving_to_left,-0.263745666,1.418067098,-1.589641452,-0.180877879,0.285969824,0.136361361,0.931080043,-0.207923368,-0.880440354,-1.324412107,0.807484031,-0.061533891,0.009357499,0.586596668,-0.066003367,-0.874465525,-1.270801544,0.811427295,-0.142027840,-0.079755470,0.561295748,-0.162839130,-0.915521145,-1.139479160,0.800507128,-0.079244837,-0.039632570,0.592737615
239,658347,28702,viewpoint,moving_to_left,-0.274409890,1.417842388,-1.584634423,-0.181293249,0.285182118,0.137463614,0.931078792,-0.197699279,-0.878591657,-1.320198059,0.805912912,-0.058774259,0.008762498,0.589044273,-0.057046343,-0.877821445,-1.274139881,0.813637316,-0.140078574,-0.074109152,0.559356987,-0.153619498,-0.913964272,-1.135904074,0.800407887,-0.078947484,-0.038066853,0.593013883
240,658471,28826,viewpoint,moving_to_left,-0.287506580,1.419023395,-1.578210473,-0.179303035,0.286796510,0.138179928,0.930862248,-0.184892610,-0.894030333,-1.326087713,0.808375418,-0.061627503,0.005058794,0.585410595,-0.044180144,-0.888812363,-1.274290681,0.813508272,-0.142268375,-0.076921940,0.558611631,-0.140900090,-0.928416491,-1.140441775,0.803657591,-0.083769612,-0.034047917,0.588181913
241,658583,28938,viewpoint,moving_to_left,-0.303209782,1.419151187,-1.569771886,-0.179308102,0.285019249,0.140372068,0.931079090,-0.175510153,-0.895092249,-1.327533245,0.810355067,-0.058271192,0.007903992,0.582980931,-0.034635913,-0.887594044,-1.272166729,0.811021328,-0.142852321,-0.076286227,0.562154889,-0.130528688,-0.922374129,-1.132331491,0.801491737,-0.079043247,-0.037827458,0.591550767
242,658708,29063,viewpoint,moving_to_left,-0.316297054,1.418979645,-1.561129928,-0.179819569,0.278335810,0.142358318,0.932699442,-0.175153732,-0.871933103,-1.299011230,0.796269596,-0.059652660,0.000623838,0.601993263,-0.036781389,-0.883357942,-1.271952033,0.811601400,-0.135806113,-0.085278913,0.561771691,-0.131371021,-0.923499942,-1.137525320,0.803263962,-0.077583954,-0.039146896,0.589249671
243,658820,29175,viewpoint,moving_to_left,-0.330335140,1.418062687,-1.549678683,-0.181069329,0.272719830,0.144500673,0.933786571,-0.174481809,-0.883879721,-1.327357173,0.811427653,-0.053931650,-0.003173833,0.581950545,-0.034934737,-0.900524855,-1.308249950,0.817366004,-0.137711391,-0.080820568,0.553548992,-0.126612931,-0.912996650,-1.135120153,0.800701201,-0.072128311,-0.048246045,0.592745781
244,658943,29298,viewpoint,moving_to_left,-0.341747522,1.417532206,-1.537914872,-0.181252927,0.266481370,0.144255400,0.935588300,-0.171204925,-0.880741179,-1.324935436,0.808028519,-0.045743424,-0.015019184,0.587172747,-0.032915976,-0.916866302,-1.336596966,0.832092822,-0.132299662,-0.103712484,0.528547049,-0.117737897,-0.889847219,-1.105386376,0.996465266,-0.077227555,0.023413746,0.023338303
245,659070,29425,viewpoint,moving_to_left,-0.352981567,1.416166663,-1.524454951,-0.179641038,0.256830126,0.143551886,0.938701391,-0.174651936,-0.884413362,-1.328545809,0.805879653,-0.038136698,-0.025965219,0.590279043,-0.036154803,-0.914279640,-1.334223270,0.825560153,-0.122569293,-0.107325383,0.540285587,-0.123017356,-0.919538260,-1.145580292,0.801945210,-0.058656652,-0.056773640,0.591793954
246,659196,29551,viewpoint,moving_to_left,-0.362008214,1.414053202,-1.511840224,-0.180251345,0.249676064,0.142144382,0.940726519,-0.170996964,-0.867769837,-1.310081124,0.790096581,-0.017210083,-0.026234223,0.612178922,-0.033868566,-0.908781588,-1.337948322,0.821756601,-0.123421289,-0.105927341,0.546134412,-0.118906923,-0.915723562,-1.148523331,0.799690008,-0.049965203,-0.063098721,0.594994187
247,659306,29661,viewpoint,moving_to_left,-0.368564129,1.412595868,-1.500421643,-0.176324010,0.246866107,0.140167505,0.942507327,-0.166126058,-0.885909021,-1.323608518,0.800951660,-0.029807031,-0.029751571,0.597245991,-0.028416663,-0.915759444,-1.334636331,0.818091869,-0.113680348,-0.106864013,0.553518295,-0.112526760,-0.926520586,-1.150181174,0.803179264,-0.041865829,-0.067002214,0.590475261
248,659431,29786,viewpoint,moving_to_left,-0.372430086,1.411076784,-1.492507815,-0.176453158,0.245997503,0.139348179,0.942831695,-0.158709317,-0.881630659,-1.318902612,0.996704817,-0.047810540,-0.036303353,-0.054550055,-0.019722965,-0.903783321,-1.324613571,0.813779354,-0.108435959,-0.121610753,0.557867050,-0.104564101,-0.918416202,-1.147479653,0.794475019,-0.047446694,-0.059089560,0.602550089
249,659542,29897,viewpoint,moving_to_left,-0.374400854,1.410730958,-1.486681342,-0.175404280,0.244621351,0.139237598,0.943401635,-0.156853437,-0.876514912,-1.318297505,0.796610773,-0.031631805,-0.022015994,0.603262842,-0.017466709,-0.918992281,-1.345957279,0.818151951,-0.117990516,-0.095379874,0.554624498,-0.103158012,-0.929343879,-1.161806345,0.801191092,-0.047977790,-0.065647595,0.592858613
250,659668,30023,viewpoint,moving_to_left,-0.374790549,1.411195278,-1.483888984,-0.175559312,0.245359361,0.138816565,0.943243146,-0.153182819,-0.890055895,-1.338756204,0.804284632,-0.025741134,-0.029423807,0.592956901,-0.013966314,-0.930027008,-1.364194632,0.830125034,-0.115251310,-0.112003990,0.533914506,-0.098420098,-0.920238316,-1.151787043,0.796998620,-0.043585118,-0.059294958,0.599481225
251,659778,30133,viewpoint,moving_to_left,-0.375098109,1.412263155,-1.483510852,-0.172949567,0.252452523,0.139675111,0.941725612,-0.138933420,-0.878284216,-1.306301355,0.780946255,-0.021076217,-0.021152845,0.623884082,-0.001324710,-0.933725238,-1.353027105,0.823562741,-0.122789189,-0.102187902,0.544265389,-0.089026123,-0.934605837,-1.158468843,0.799989522,-0.054958005,-0.064936183,0.593952537
252,659903,30258,viewpoint,moving_to_left,-0.374132156,1.412632704,-1.485097289,-0.171777546,0.262852967,0.141770706,0.938776791,-0.123612456,-0.904951930,-1.342270017,0.804774582,-0.043170460,-0.023233978,0.591552496,0.015632689,-0.934336305,-1.343928099,0.820689380,-0.129143715,-0.095823489,0.548278093,-0.075797252,-0.940223098,-1.159439921,0.804841876,-0.060818408,-0.050387457,0.588210583
253,660014,30369,viewpoint,moving_to_left,-0.371187806,1.415208101,-1.488987088,-0.170573607,0.275150210,0.142926350,0.935290933,-0.104108594,-0.904310822,-1.330692172,0.801788092,-0.053461283,-0.013593042,0.595057130,0.034889139,-0.938145697,-1.334178686,0.820465684,-0.139266863,-0.093327574,0.546562791,-0.060325421,-0.944305539,-1.155234456,0.799203992,-0.078039840,-0.036055561,0.594880402
254,660139,30494,viewpoint,moving_to_left,-0.367411852,1.417922378,-1.493785262,-0.170823589,0.280551702,0.143529594,0.933546603,-0.099660300,-0.914625704,-1.343536615,0.803725421,-0.058541421,-0.005573396,0.592087269,0.039019540,-0.941657662,-1.335637927,0.819728255,-0.145144880,-0.086973757,0.547187507,-0.057798870,-0.948202431,-1.157745838,0.801188827,-0.083151110,-0.035142019,0.591563523
255,660265,30620,viewpoint,moving_to_left,-0.363615394,1.418952227,-1.499048829,-0.170568213,0.289068371,0.149176776,0.930103362,-0.098059781,-0.898122787,-1.325918794,0.792041957,-0.080611363,0.004872503,0.605101407,0.040667772,-0.943964005,-1.339308023,0.822954595,-0.155734763,-0.083709121,0.539893806,-0.059579786,-0.933099806,-1.143298388,0.793389082,-0.088799976,-0.035281543,0.601168513
256,660388,30743,viewpoint,moving_to_left,-0.358657956,1.416838646,-1.503429770,-0.170794591,0.299135238,0.154901862,0.925933421,-0.091466695,-0.890439272,-1.327639699,0.793785930,-0.085413814,-0.000412104,0.602169633,0.044790953,-0.935835958,-1.335627794,0.821536422,-0.164459169,-0.083890699,0.539438188,-0.057755314,-0.942803144,-1.164198637,0.804909587,-0.103692889,-0.033286758,0.583318532
257,660501,30856,viewpoint,moving_to_left,-0.353890300,1.413776994,-1.507017493,-0.174721450,0.303402573,0.157765940,0.923325121,-0.090564728,-0.889774561,-1.355028629,0.808429122,-0.088421434,0.006354787,0.581879318,0.046555899,-0.913818419,-1.330563426,0.818470180,-0.168870881,-0.086130209,0.542375207,-0.057226457,-0.922087073,-1.161138296,0.801294625,-0.106204897,-0.031286981,0.587935865
258,660625,30980,viewpoint,moving_to_left,-0.352059841,1.412741542,-1.508818269,-0.177694470,0.307221860,0.160226360,0.921068370,-0.088083215,-0.883800149,-1.367220044,0.814811885,-0.089292116,-0.005393345,0.572782159,0.051339284,-0.914427280,-1.348832607,0.825888574,-0.172720626,-0.075981431,0.531321526,-0.054753918,-0.907393098,-1.159072280,0.798932850,-0.112618037,-0.030395435,0.589999676
259,660749,31104,viewpoint,moving_to_left,-0.352459192,1.414503098,-1.509904504,-0.173476681,0.306238204,0.161817327,0.921921432,-0.096080638,-0.882718444,-1.346120119,0.805843771,-0.096278548,0.006797907,0.584208906,0.040948473,-0.911084890,-1.324961543,0.816485405,-0.176532060,-0.080088653,0.543850899,-0.063161246,-0.912910819,-1.151458502,0.795352697,-0.116187088,-0.036251742,0.593801737
260,660875,31230,viewpoint,moving_to_left,-0.355353355,1.414305449,-1.510741591,-0.175569788,0.298621088,0.159960449,0.924344838,-0.106286176,-0.865799308,-1.323293328,0.796183228,-0.088466108,-0.005693992,0.598526239,0.030173734,-0.898556113,-1.312294126,0.814327836,-0.165511221,-0.095054954,0.548124850,-0.071666315,-0.919467568,-1.159898400,0.804191530,-0.104245432,-0.036974937,0.583987713
261,661001,31356,viewpoint,moving_to_left,-0.363664865,1.414980054,-1.509168506,-0.176540643,0.292218179,0.154905155,0.927063286,-0.102079548,-0.885755062,-1.340526342,0.805295050,-0.071400724,-0.011929198,0.588438213,0.034579545,-0.895147800,-1.300848365,0.804583073,-0.155582353,-0.087774605,0.566335559,-0.064632207,-0.921401978,-1.153974771,0.800162017,-0.097518586,-0.036605090,0.590669930
262,661111,31466,viewpoint,moving_to_left,-0.377257824,1.415791750,-1.504917741,-0.176732033,0.288530201,0.151216641,0.928789377,-0.089373127,-0.893497109,-1.336421371,0.805607200,-0.069042362,-0.007757403,0.588362157,0.048105314,-0.923091233,-1.327941179,0.822036445,-0.154846922,-0.098012641,0.539140105,-0.051777739,-0.927956402,-1.149405837,0.800128937,-0.088853076,-0.041010901,0.591791332
263,661236,31591,viewpoint,moving_to_left,-0.390182137,1.416257143,-1.500087142,-0.177942798,0.283439279,0.149385154,0.930420697,-0.083216414,-0.900395036,-1.342725754,0.813688815,-0.065186203,-0.007239059,0.577588975,0.055767313,-0.931041837,-1.337441325,0.827054083,-0.147970140,-0.091027677,0.534602940,-0.043307707,-0.937814057,-1.158691645,0.807531476,-0.086755186,-0.037857778,0.582179785
264,661362,31717,viewpoint,moving_to_left,-0.404286504,1.416467428,-1.493826747,-0.178958803,0.279360801,0.150669292,0.931251884,-0.079251163,-0.899711132,-1.342803478,0.812084913,-0.065238737,-0.004616439,0.579862595,0.060326129,-0.928382039,-1.336090088,0.828521013,-0.146728069,-0.101460502,0.530782044,-0.038000446,-0.927340090,-1.146451831,0.799984455,-0.077792898,-0.037736330,0.593758523
265,661486,31841,viewpoint,moving_to_left,-0.416933060,1.416526675,-1.487459779,-0.179271549,0.274415702,0.151653782,0.932501376,-0.076638177,-0.876532793,-1.308907390,0.791949868,-0.066971570,-0.015574501,0.606702268,0.061146237,-0.925904393,-1.334047556,0.823211193,-0.141489059,-0.094455875,0.541647792,-0.035246972,-0.932627916,-1.153230071,0.801678538,-0.074284114,-0.050304756,0.590984583
266,661611,31966,viewpoint,moving_to_left,-0.428707600,1.416490436,-1.481265187,-0.178853318,0.268099904,0.152607322,0.934261680,-0.079953909,-0.893220723,-1.330162168,0.808241069,-0.051585957,-0.027229454,0.585955560,0.058801353,-0.923750043,-1.330549955,0.818241179,-0.143339753,-0.102002881,0.547293901,-0.035545621,-0.942918599,-1.162998915,0.811703503,-0.075222850,-0.050484847,0.577001035
267,661723,32078,viewpoint,moving_to_left,-0.439836979,1.416240811,-1.475961804,-0.179084852,0.262404889,0.152694404,0.935818732,-0.080101065,-0.895314872,-1.331005335,0.806094170,-0.048887644,-0.024532236,0.589254200,0.057991736,-0.926763535,-1.334352493,0.823437810,-0.135638878,-0.112549715,0.539337516,-0.034891501,-0.936216712,-1.154446959,0.804233849,-0.070664160,-0.057114281,0.587326586
268,661847,32202,viewpoint,moving_to_left,-0.448939443,1.415625453,-1.471949220,-0.179752663,0.257947773,0.152726069,0.936924040,-0.079975419,-0.898077965,-1.336913109,0.811534345,-0.047061205,-0.034198135,0.581401587,0.058580898,-0.924835682,-1.334555864,0.823579192,-0.128569186,-0.114437923,0.540454686,-0.033052258,-0.927740335,-1.145630836,0.797920942,-0.062421247,-0.057020739,0.596803486
269,661971,32326,viewpoint,moving_to_left,-0.456862211,1.414514184,-1.468808770,-0.181653261,0.253100812,0.152721077,0.937879741,-0.080246218,-0.888841867,-1.332223296,0.809754848,-0.040326945,-0.036281377,0.584255517,0.058223002,-0.916701317,-1.334383965,0.823313415,-0.126148626,-0.117764264,0.540715396,-0.032011684,-0.930759788,-1.156414986,0.807166696,-0.057511751,-0.057157822,0.584728420
270,662098,32453,viewpoint,moving_to_left,-0.462165713,1.413817763,-1.466089129,-0.183185279,0.248983756,0.152016893,0.938797712,-0.080742404,-0.888835907,-1.338140130,0.811996102,-0.039389476,-0.036567919,0.581183016,0.058471546,-0.922783494,-1.351390243,0.829568028,-0.126405075,-0.131453738,0.527786493,-0.030756155,-0.927459538,-1.158970952,0.807153106,-0.058273431,-0.061948054,0.584183693
271,662223,32578,viewpoint,moving_to_left,-0.467514277,1.413818836,-1.463051438,-0.182904109,0.247679353,0.152159661,0.939174354,-0.078106418,-0.894833684,-1.345273376,0.815272689,-0.035826389,-0.043994933,0.576291084,0.060284026,-0.916373730,-1.340107679,0.823675871,-0.121962413,-0.126684368,0.539105177,-0.027664118,-0.933699131,-1.164165616,0.810814857,-0.057496764,-0.062261615,0.579134643
272,662332,32687,viewpoint,moving_to_left,-0.475269794,1.413442373,-1.459815383,-0.182768896,0.247640967,0.151543692,0.939310372,-0.067523599,-0.892192841,-1.337025762,0.813114226,-0.037710257,-0.035683412,0.579784334,0.072146036,-0.924429893,-1.347986221,0.828573942,-0.123498723,-0.119248286,0.532910109,-0.018149555,-0.928694606,-1.154874325,0.803318620,-0.051355097,-0.066873066,0.589550555
273,662460,32815,viewpoint,moving_to_left,-0.484689236,1.411836147,-1.455835223,-0.185135618,0.246693701,0.151019692,0.939180553,-0.055330124,-0.891754508,-1.346110821,0.816738367,-0.035510443,-0.039944731,0.574527562,0.083654158,-0.917572379,-1.347496986,0.827748418,-0.117614448,-0.117690615,0.535862207,-0.006469060,-0.923422158,-1.156800389,0.802701890,-0.056150496,-0.065088443,0.590152800
274,662582,32937,viewpoint,moving_to_left,-0.495445251,1.409153104,-1.451692462,-0.187109932,0.242538556,0.149265870,0.940151393,-0.048113413,-0.880228698,-1.338863015,0.813563704,-0.028849686,-0.036970202,0.579581797,0.090827987,-0.911755443,-1.350707889,0.826565266,-0.115729295,-0.118342817,0.537951291,0.002464652,-0.924923897,-1.166137815,0.811084569,-0.049761731,-0.064522989,0.579225659
275,662709,33064,viewpoint,moving_to_left,-0.501339436,1.406412601,-1.450321555,-0.194136560,0.237705365,0.150402322,0.939779937,-0.049880609,-0.846181989,-1.327422857,0.807232082,-0.027449496,-0.029398834,0.588862240,0.090069503,-0.892069638,-1.363984585,0.833679914,-0.113220878,-0.128242940,0.525083423,0.002674751,-0.907362223,-1.176779032,0.817365289,-0.044867489,-0.062788829,0.570927799
276,662820,33175,viewpoint,moving_to_left,-0.501644135,1.406646967,-1.450953364,-0.196481496,0.229124337,0.145879582,0.942133844,-0.057536747,-0.863465667,-1.360727668,0.825453103,-0.018510703,-0.042440273,0.562568545,0.082400896,-0.878707170,-1.354755044,0.825236261,-0.105208315,-0.115749940,0.542695403,-0.002710143,-0.893656790,-1.168197155,0.804426730,-0.037441980,-0.066578813,0.589120448
277,662959,33314,viewpoint,moving_to_left,-0.501612186,1.406257987,-1.451780915,-0.196181193,0.230343044,0.145474672,0.941961884,-0.054069154,-0.860220969,-1.351988554,0.819497168,-0.016018275,-0.038983803,0.571531475,0.084750354,-0.876516879,-1.346942425,0.820552349,-0.107525587,-0.113613002,0.549749136,0.000284791,-0.897193015,-1.168692470,0.807817876,-0.038690794,-0.065765485,0.584472656
278,663084,33439,viewpoint,moving_to_left,-0.499961019,1.406138659,-1.454455972,-0.197483405,0.233415067,0.144573033,0.941071928,-0.047194920,-0.860666752,-1.354617476,0.820473254,-0.018172996,-0.039650019,0.570018768,0.091929570,-0.882362485,-1.358484864,0.832095623,-0.102068558,-0.120985374,0.531565011,0.006092921,-0.898142815,-1.171453238,0.812814593,-0.038576756,-0.063225411,0.577794850
279,663195,33550,viewpoint,moving_to_left,-0.497714400,1.407805204,-1.456991553,-0.195409700,0.232512593,0.144217864,0.941782475,-0.053088617,-0.848424315,-1.323876500,0.807578743,-0.019599734,-0.025818961,0.588868201,0.086014718,-0.889862418,-1.357454777,0.833101571,-0.100324519,-0.128305718,0.528596759,0.000432096,-0.901903510,-1.165443778,0.807793021,-0.037565857,-0.063824102,0.584795475
280,663333,33688,viewpoint,moving_to_left,-0.495484233,1.409004211,-1.460588574,-0.194953606,0.232474834,0.147030875,0.941451252,-0.064196505,-0.872175813,-1.357259274,0.823133051,-0.019454543,-0.045387037,0.565697372,0.075759299,-0.901262283,-1.371178389,0.837827027,-0.109139100,-0.118452795,0.521635294,-0.010779249,-0.900461793,-1.160444736,0.806394219,-0.035275709,-0.066881590,0.586524367
281,663445,33800,viewpoint,moving_to_left,-0.491514683,1.410947680,-1.466016173,-0.195155919,0.235889927,0.147842348,0.940432250,-0.064797230,-0.854157984,-1.326276302,0.811406136,-0.024579849,-0.028555626,0.583267093,0.075148806,-0.898600638,-1.361048222,0.836800218,-0.109485723,-0.124575153,0.521784723,-0.011722341,-0.911716223,-1.170348406,0.815954506,-0.044646382,-0.069050126,0.572238684
282,663570,33925,viewpoint,moving_to_left,-0.488204241,1.412411451,-1.470127463,-0.194416568,0.241458148,0.149692059,0.938878298,-0.062040713,-0.876475096,-1.350657701,0.823429585,-0.032209344,-0.036526885,0.565324783,0.077819914,-0.901495695,-1.354735851,0.835061550,-0.114888512,-0.122551173,0.523883641,-0.010629175,-0.913387537,-1.165133357,0.811184108,-0.048923589,-0.060450912,0.579596937
283,663694,34049,viewpoint,moving_to_left,-0.484429121,1.413638234,-1.474975944,-0.193532795,0.249798402,0.151805297,0.936536729,-0.053979717,-0.850900114,-1.306728244,0.800608635,-0.039382264,-0.023889951,0.597414494,0.085509785,-0.902761102,-1.344044685,0.828261197,-0.127639264,-0.100348219,0.536303937,-0.006299632,-0.913206816,-1.157647729,0.808536768,-0.054558583,-0.059593868,0.582872391
284,663820,34175,viewpoint,moving_to_left,-0.479324698,1.413483858,-1.479988456,-0.192121834,0.258519530,0.152618796,0.934325635,-0.043975674,-0.878280163,-1.336933136,0.817619741,-0.044229563,-0.020070815,0.573706269,0.094838038,-0.904904008,-1.335689664,0.830861092,-0.126956835,-0.114112832,0.529650986,0.000629690,-0.918977201,-1.156149507,0.811684847,-0.066024818,-0.056359235,0.577608943
285,663943,34298,viewpoint,moving_to_left,-0.474438667,1.412093878,-1.484379649,-0.193017110,0.270569235,0.152457327,0.930748880,-0.021638408,-0.882733345,-1.343557715,0.823188365,-0.057735246,-0.019513657,0.564488173,0.116827637,-0.908744991,-1.337376475,0.832907557,-0.138710111,-0.103719465,0.525610924,0.019163843,-0.924008310,-1.161283016,0.817356229,-0.076149516,-0.038427707,0.569783628
286,664069,34424,viewpoint,moving_to_left,-0.472810030,1.411161184,-1.487972379,-0.195876926,0.282785684,0.152215645,0.926549971,0.002560627,-0.865614295,-1.326890707,0.812641084,-0.062019702,-0.010497527,0.579359829,0.137384400,-0.874693751,-1.292442203,0.823970795,-0.149258435,-0.085373491,0.539912343,0.039162882,-0.917096794,-1.158364534,0.815212667,-0.084047489,-0.035406295,0.571935892
287,664196,34551,viewpoint,moving_to_left,-0.474409461,1.412068486,-1.488846183,-0.196020469,0.287786454,0.152109876,0.924995959,0.016534504,-0.873341918,-1.331138730,0.819042146,-0.067646369,-0.004091951,0.569716811,0.149725273,-0.875553727,-1.284359694,0.821272373,-0.149938524,-0.080898255,0.544505000,0.050189711,-0.918524206,-1.152682662,0.815605998,-0.086397149,-0.030594079,0.571302354
288,664319,34674,viewpoint,moving_to_left,-0.480781317,1.412967443,-1.489127040,-0.193578094,0.284349322,0.151821330,0.926619291,0.012203041,-0.876809359,-1.318889380,0.812790036,-0.063802280,-0.008792467,0.578985572,0.147163719,-0.888694882,-1.288050532,0.823802531,-0.148019254,-0.089226946,0.539887190,0.047722094,-0.918564677,-1.138355374,0.809485197,-0.080538854,-0.033201683,0.580641747
289,664431,34786,viewpoint,moving_to_left,-0.492554426,1.412497163,-1.487674117,-0.194791436,0.276698351,0.150433794,0.928904712,0.009972692,-0.883266330,-1.324195147,0.820931375,-0.057004713,-0.013854824,0.568005502,0.143807933,-0.880399466,-1.276089787,0.818311155,-0.142844379,-0.086645231,0.549959004,0.048797727,-0.929269075,-1.149211645,0.817447662,-0.076006524,-0.037424125,0.569738388
290,664557,34912,viewpoint,moving_to_left,-0.508652449,1.413102269,-1.483977199,-0.193047464,0.270322829,0.147248060,0.931652427,0.017207872,-0.893769979,-1.315187812,0.818576753,-0.050751925,-0.015503516,0.571940601,0.151056230,-0.888149202,-1.267374277,0.820184588,-0.132954612,-0.096970148,0.547920704,0.057985798,-0.935393512,-1.136555672,0.810149610,-0.066516228,-0.035008762,0.581384242
291,664682,35037,viewpoint,moving_to_left,-0.529238701,1.412628174,-1.479479909,-0.195928246,0.262914300,0.142926529,0.933841646,0.029785160,-0.878990889,-1.293939233,0.808454096,-0.047355436,-0.009113849,0.586580276,0.164886490,-0.886544168,-1.268439054,0.820332766,-0.121637829,-0.094644815,0.550727546,0.073268659,-0.928512692,-1.129014850,0.805251062,-0.056369949,-0.042751353,0.588698149
292,664806,35161,viewpoint,moving_to_left,-0.548288226,1.412143469,-1.473964810,-0.198169097,0.252918154,0.143016338,0.936113119,0.032332599,-0.887673676,-1.311128497,0.818495691,-0.028073577,-0.029633252,0.573060691,0.172100201,-0.917123675,-1.319131732,0.835578561,-0.115185440,-0.109346017,0.525912941,0.077202834,-0.930700541,-1.136078715,0.811365664,-0.049530171,-0.047206681,0.580520570
293,664932,35287,viewpoint,moving_to_left,-0.566897392,1.411572695,-1.466223121,-0.197998852,0.246054038,0.142172813,0.938104868,0.039609194,-0.890945673,-1.310351133,0.819250226,-0.024877096,-0.031053780,0.572054207,0.172230586,-0.882330179,-1.269465804,0.820510387,-0.107695743,-0.107695542,0.550968230,0.085805193,-0.926694870,-1.128942013,0.804859638,-0.047068689,-0.049348988,0.589533865
294,665057,35412,viewpoint,moving_to_left,-0.585932970,1.409887195,-1.457252383,-0.196452290,0.242536724,0.141852558,0.939393580,0.046809331,-0.865031302,-1.261198878,0.799887657,-0.029944289,-0.020429187,0.599054039,0.185766399,-0.894628763,-1.276270628,0.820539892,-0.106221214,-0.109448902,0.550865114,0.098906741,-0.935090482,-1.129600048,0.799276829,-0.044024125,-0.049475718,0.597302735
295,665179,35534,viewpoint,moving_to_left,-0.600521564,1.406031728,-1.450521350,-0.199612394,0.240931779,0.142737851,0.939006209,0.058726192,-0.847328842,-1.251518130,0.792849779,-0.025013251,-0.017786378,0.608643770,0.205441222,-0.916932940,-1.321928740,0.837635159,-0.108502060,-0.131997794,0.518817246,0.113119185,-0.937221766,-1.143876433,0.810422957,-0.041280653,-0.051137805,0.582147300
296,665306,35661,viewpoint,moving_to_left,-0.607295752,1.404873848,-1.446371198,-0.204662159,0.235031605,0.143465221,0.939303637,0.065415673,-0.879340768,-1.330896139,0.825702906,-0.015042885,-0.038876984,0.562562883,0.203693047,-0.898485363,-1.331891537,0.835053027,-0.100344256,-0.127536044,0.525691986,0.113315284,-0.919377148,-1.151885509,0.810870945,-0.038698535,-0.052960262,0.581537604
297,665431,35786,viewpoint,moving_to_left,-0.609956503,1.405713677,-1.444205403,-0.202804208,0.233653083,0.143537387,0.940039217,0.060897917,-0.867842972,-1.303644061,0.813775957,-0.022706978,-0.023879306,0.580243766,0.203340933,-0.906218886,-1.332145691,0.836982489,-0.098107554,-0.125710428,0.523480892,0.110560104,-0.905000150,-1.124614477,0.796331704,-0.036127571,-0.025319971,0.603249252
298,665557,35912,viewpoint,moving_to_left,-0.610572219,1.405350566,-1.445043683,-0.200846151,0.237791792,0.149021760,0.938567221,0.059575930,-0.877472520,-1.311624527,0.820386231,-0.024181891,-0.044802248,0.569538772,0.197927251,-0.904707372,-1.323071480,0.824660122,-0.113960803,-0.122118950,0.540403247,0.107728884,-0.929665208,-1.148913383,0.817493856,-0.041707177,-0.059934001,0.571290016
299,665679,36034,viewpoint,moving_to_left,-0.606967092,1.405470729,-1.448231578,-0.202028632,0.247206703,0.152010411,0.935396254,0.068758264,-0.869653583,-1.303110242,0.814943612,-0.037782159,-0.021917105,0.577891946,0.209832028,-0.905798078,-1.320035458,0.831815600,-0.122813709,-0.107974708,0.530416012,0.117101535,-0.936170459,-1.156926870,0.825371385,-0.050443109,-0.065115243,0.558549583
300,665806,36161,viewpoint,moving_to_left,-0.599580288,1.409965754,-1.451570153,-0.196329460,0.252203852,0.150272250,0.935556650,0.064337522,-0.861733735,-1.255757093,0.798074841,-0.040753413,-0.019495562,0.600862443,0.204791471,-0.905142367,-1.283052802,0.825966597,-0.120030463,-0.107795596,0.540140808,0.115218043,-0.953632236,-1.147595048,0.819171488,-0.056794237,-0.049042184,0.568618834
301,665932,36287,viewpoint,moving_to_left,-0.591341257,1.410474420,-1.455779910,-0.195103690,0.258485734,0.154604003,0.933390200,0.065219112,-0.899264634,-1.307436228,0.818280101,-0.048905130,-0.026522122,0.572121203,0.197397336,-0.900825381,-1.272249579,0.818113923,-0.129513875,-0.101795606,0.550956905,0.105839029,-0.945790052,-1.135521650,0.811921835,-0.059547935,-0.044110656,0.579043448
302,666055,36410,viewpoint,moving_to_left,-0.582337856,1.411334991,-1.459680438,-0.194079921,0.270345479,0.156689212,0.929889679,0.067722045,-0.866349578,-1.256166697,0.796113610,-0.062693395,-0.009045159,0.601822972,0.207077682,-0.907742441,-1.271782637,0.820295155,-0.139995188,-0.091007888,0.547023594,0.113033950,-0.955382466,-1.140864372,0.819255888,-0.075286724,-0.044247825,0.566739678
303,666181,36536,viewpoint,moving_to_left,-0.574847221,1.411395907,-1.463306785,-0.192461953,0.280531585,0.156392038,0.927255034,0.080054164,-0.867192209,-1.244868994,0.794387281,-0.067327142,-0.008171272,0.603613436,0.218231812,-0.908357143,-1.256391525,0.815699339,-0.147071317,-0.087942146,0.552513123,0.122032270,-0.953796387,-1.127561450,0.813918471,-0.085414842,-0.040976223,0.573203325
304,666305,36660,viewpoint,moving_to_left,-0.571297646,1.410813928,-1.465269923,-0.196041510,0.285632581,0.158559725,0.924575865,0.093952045,-0.897870362,-1.303608298,0.818413734,-0.067165278,-0.021701824,0.570277810,0.225001290,-0.904063582,-1.263819695,0.821188807,-0.150994971,-0.081840999,0.544198096,0.124460459,-0.940572619,-1.124482512,0.806931734,-0.085943744,-0.029091861,0.583633959
305,666431,36786,viewpoint,moving_to_left,-0.571544647,1.411419034,-1.465254426,-0.194537148,0.287545562,0.159894869,0.924070597,0.087067515,-0.869306386,-1.258471608,0.799042404,-0.076884635,-0.000073005,0.596338868,0.227339521,-0.913568974,-1.270237446,0.823901772,-0.158850834,-0.084023811,0.537486970,0.124032840,-0.941939354,-1.121511340,0.807486296,-0.088834368,-0.030858094,0.582342029
306,666557,36912,viewpoint,moving_to_left,-0.574987411,1.411830544,-1.464780450,-0.194816664,0.282057911,0.158898249,0.925873160,0.079687037,-0.863845825,-1.251310587,0.792719424,-0.071949139,-0.006262089,0.605293334,0.217495248,-0.902662039,-1.258053541,0.818058610,-0.148129269,-0.084699772,0.549239278,0.118973956,-0.942740858,-1.124039412,0.805275381,-0.084135614,-0.032117467,0.586021543
307,666680,37035,viewpoint,moving_to_left,-0.583105326,1.411762238,-1.463710666,-0.197080687,0.274334460,0.155921981,0.928217769,0.086239256,-0.900597274,-1.307137012,0.819192350,-0.064793624,-0.013419075,0.569689035,0.218902156,-0.904895484,-1.269421577,0.823341310,-0.143692881,-0.092169799,0.541263461,0.120367602,-0.940945148,-1.126316309,0.807779789,-0.073482506,-0.033639487,0.583918333
308,666806,37161,viewpoint,moving_to_left,-0.596894860,1.411073089,-1.459559083,-0.201432258,0.267178863,0.151478156,0.930104792,0.090696253,-0.857530236,-1.259621739,0.799454570,-0.055376813,-0.007012335,0.598127544,0.230072990,-0.894120097,-1.272675157,0.825351834,-0.132042825,-0.095353574,0.540617049,0.136749044,-0.942591608,-1.140218616,0.818271995,-0.064518966,-0.037972700,0.569935381
309,666917,37272,viewpoint,moving_to_left,-0.614141464,1.411354303,-1.452504277,-0.201489478,0.255742043,0.145798191,0.934206069,0.095522523,-0.856165767,-1.252213836,0.799531400,-0.038393900,-0.013693281,0.599239469,0.235077247,-0.892582536,-1.271747231,0.821220636,-0.120903775,-0.091941826,0.550023377,0.147076249,-0.948335707,-1.144271493,0.821847856,-0.053946748,-0.047109295,0.565187156
310,667042,37397,viewpoint,moving_to_left,-0.632204890,1.410857916,-1.443641067,-0.203510091,0.242355511,0.140846282,0.938088357,0.100298971,-0.854793429,-1.258523107,0.798083901,-0.020508382,-0.012197061,0.602073729,0.246590778,-0.913572907,-1.314452171,0.833193064,-0.105277143,-0.127178714,0.527761042,0.152836487,-0.931510210,-1.133970261,0.803344607,-0.036613766,-0.039625548,0.593065560
311,667167,37522,viewpoint,moving_to_left,-0.648399711,1.409546018,-1.434887290,-0.205808774,0.236401260,0.140438154,0.939166844,0.118436173,-0.892999589,-1.327615738,0.829332411,-0.015960922,-0.037315767,0.557279706,0.256184101,-0.910079002,-1.326216578,0.838852525,-0.099797115,-0.133215040,0.518286407,0.164436430,-0.932063520,-1.147219896,0.812236726,-0.031185025,-0.044312589,0.580805838
312,667306,37661,viewpoint,moving_to_left,-0.665254116,1.408119798,-1.424525857,-0.206636071,0.231749192,0.143055961,0.939749360,0.123293564,-0.884942412,-1.325110078,0.825428188,-0.011650914,-0.047612641,0.562374949,0.262102425,-0.909982443,-1.336402059,0.838251948,-0.095281005,-0.133781508,0.519959450,0.170679539,-0.931336462,-1.154780865,0.811296821,-0.029496826,-0.050088260,0.581737578
313,667432,37787,viewpoint,moving_to_left,-0.681589603,1.406034946,-1.414301038,-0.205564141,0.226429760,0.143970326,0.941140532,0.123808548,-0.868432283,-1.302306294,0.813521624,-0.011588098,-0.031370770,0.580572307,0.262099683,-0.894393623,-1.316364765,0.826603234,-0.086670876,-0.133077681,0.539912522,0.177354753,-0.934890151,-1.160793304,0.819077551,-0.026691230,-0.058789309,0.570038199
314,667556,37911,viewpoint,moving_to_left,-0.692314029,1.404270411,-1.406589389,-0.207175672,0.220447212,0.146542847,0.941810191,0.124663800,-0.883698344,-1.339697957,0.830231607,-0.006288984,-0.050851274,0.555058718,0.263243794,-0.904233694,-1.348065495,0.838152528,-0.088162765,-0.149656355,0.517040253,0.175759017,-0.929274321,-1.168024659,0.817125022,-0.022688039,-0.061695836,0.572700262
315,667681,38036,viewpoint,moving_to_left,-0.700602531,1.405276179,-1.399726510,-0.202001065,0.213357717,0.145203903,0.944769800,0.119072482,-0.896258354,-1.337881088,0.823541403,0.001365897,-0.058246970,0.564256132,0.258127987,-0.918974638,-1.351676822,0.834555566,-0.087242886,-0.150660709,0.522692204,0.172650248,-0.943418205,-1.170487881,0.816283882,-0.015546842,-0.064870082,0.573786438
316,667805,38160,viewpoint,moving_to_left,-0.707674026,1.404611945,-1.394857526,-0.201357991,0.208819851,0.147165984,0.945616961,0.110579833,-0.886920929,-1.326006770,0.813744009,0.013708002,-0.057833243,0.578176498,0.251376212,-0.918008268,-1.351654768,0.835645616,-0.083746351,-0.153388351,0.520725489,0.167632684,-0.943181992,-1.171476483,0.815378964,-0.013072941,-0.067145430,0.574872017
317,667932,38287,viewpoint,moving_to_left,-0.712732792,1.403721333,-1.392367005,-0.201197326,0.207798913,0.147778168,0.945780575,0.112834811,-0.890907049,-1.331746459,0.824261606,0.002636344,-0.069524236,0.561918378,0.253490567,-0.921945333,-1.358557582,0.833805740,-0.084035464,-0.150960252,0.524325311,0.169840917,-0.946219802,-1.175262213,0.815266848,-0.013255064,-0.068372950,0.574882150
318,668057,38412,viewpoint,moving_to_left,-0.714783430,1.402656436,-1.392226577,-0.203363881,0.206563249,0.151314169,0.945028484,0.104348436,-0.873851538,-1.323679805,0.811186910,-0.005279094,-0.059567187,0.581721306,0.241956487,-0.896239519,-1.335074663,0.818494856,-0.088533252,-0.136493549,0.550996900,0.162116557,-0.934680521,-1.175149441,0.815166235,-0.019251946,-0.077242114,0.573730826
319,668181,38536,viewpoint,moving_to_left,-0.712845564,1.403692245,-1.394460559,-0.201202139,0.206554726,0.151714519,0.945428789,0.103030533,-0.894673586,-1.341589570,0.824828923,-0.000960124,-0.069543444,0.561088324,0.240416840,-0.918648362,-1.357338071,0.834893942,-0.082134344,-0.168916747,0.517371416,0.158466235,-0.943911314,-1.176164389,0.815528691,-0.014152884,-0.068074115,0.574524701
320,668305,38660,viewpoint,moving_to_left,-0.708338261,1.403607130,-1.398314357,-0.200904369,0.210507408,0.151263073,0.944692314,0.105333582,-0.888743758,-1.324148893,0.819791615,-0.000388595,-0.067658462,0.568650961,0.244403914,-0.918064952,-1.346134305,0.833261132,-0.087480173,-0.159588143,0.522067666,0.159562528,-0.931066453,-1.152150154,0.806866825,-0.015922032,-0.039098412,0.589222968
321,668431,38786,viewpoint,moving_to_left,-0.702399373,1.407058716,-1.402486444,-0.198018417,0.217643946,0.148939952,0.944053352,0.114734039,-0.902819932,-1.315718889,0.818117917,-0.008502492,-0.061212841,0.571720123,0.257676661,-0.942555845,-1.349416137,0.828240812,-0.102749936,-0.125212744,0.536452532,0.167062193,-0.952389121,-1.154091358,0.805938363,-0.022544647,-0.058412384,0.588679135
322,668557,38912,viewpoint,moving_to_left,-0.697623491,1.409717798,-1.406156182,-0.193475038,0.221195579,0.151989669,0.943683743,0.104887217,-0.912037015,-1.303189039,0.814523458,-0.008583295,-0.059991848,0.576956570,0.246061489,-0.948806047,-1.330019712,0.830163360,-0.098060712,-0.141053095,0.530393302,0.157830104,-0.964255571,-1.145685911,0.806144714,-0.026886854,-0.063603289,0.587675452
323,668668,39023,viewpoint,moving_to_left,-0.693419099,1.411607146,-1.409828067,-0.191121504,0.225861952,0.154261231,0.942688942,0.102838874,-0.916710258,-1.294650793,0.805242479,-0.023214811,-0.044715606,0.590801299,0.241060987,-0.943229556,-1.301881671,0.810476542,-0.104506470,-0.122343473,0.563239098,0.154695183,-0.967017472,-1.132828593,0.800206065,-0.037818342,-0.029529672,0.597802639
324,668793,39148,viewpoint,moving_to_left,-0.690613627,1.412349343,-1.412999511,-0.190532938,0.231602848,0.154731020,0.941337168,0.103521645,-0.895569921,-1.255597115,0.794893563,-0.025456928,-0.036599148,0.605108857,0.241757140,-0.930003881,-1.275562882,0.815879107,-0.111425444,-0.124334611,0.553594291,0.159082681,-0.978382468,-1.138278723,0.804893255,-0.041550994,-0.055550814,0.589350998
325,668916,39271,viewpoint,moving_to_left,-0.688244820,1.412091374,-1.416366935,-0.191126272,0.235006586,0.154781029,0.940364540,0.111757368,-0.912053227,-1.277172089,0.801170886,-0.021474693,-0.044127133,0.596420050,0.256956577,-0.969256759,-1.325803757,0.833458066,-0.112190783,-0.134329349,0.524134159,0.162676439,-0.979598761,-1.138481855,0.809262514,-0.041107282,-0.057199746,0.583208919
326,669029,39384,viewpoint,moving_to_left,-0.686136246,1.411569118,-1.419311643,-0.192728221,0.237669110,0.154285118,0.939449489,0.112571731,-0.895599544,-1.259021163,0.800318003,-0.034085080,-0.027651222,0.597967207,0.251746595,-0.930711865,-1.277639508,0.821182251,-0.111784473,-0.118411921,0.546939254,0.165855363,-0.973229468,-1.133705020,0.806741059,-0.042512245,-0.055412952,0.586763203
327,669151,39506,viewpoint,moving_to_left,-0.683713794,1.411435246,-1.421714425,-0.192677438,0.241090193,0.154192492,0.938602984,0.115730405,-0.890708506,-1.248453975,0.796537519,-0.033673685,-0.029726688,0.602918267,0.265463114,-0.965799630,-1.319467425,0.835804760,-0.114627272,-0.128542140,0.521313608,0.169389740,-0.977635622,-1.134904742,0.812437296,-0.046392020,-0.058726896,0.578225374
328,669277,39632,viewpoint,moving_to_left,-0.679786682,1.411464572,-1.425290227,-0.192941040,0.244804814,0.155250520,0.937412202,0.117463887,-0.892414689,-1.249804020,0.797740221,-0.036118545,-0.023373779,0.601464570,0.257843196,-0.935330033,-1.275064468,0.819129467,-0.113862135,-0.109504141,0.551426530,0.169665799,-0.979068279,-1.133885980,0.811829269,-0.046407357,-0.049004376,0.579981148
329,669403,39758,viewpoint,moving_to_left,-0.674316883,1.410693884,-1.428606868,-0.193059921,0.252427697,0.156091124,0.935223877,0.123158261,-0.886198759,-1.238014102,0.789295137,-0.039039768,-0.019254664,0.612469137,0.263366640,-0.929604769,-1.261850357,0.812868893,-0.124080159,-0.100860670,0.560067296,0.173782632,-0.973973572,-1.125144362,0.804726541,-0.062216308,-0.049292672,0.588315010
330,669515,39870,viewpoint,moving_to_left,-0.668686509,1.409767985,-1.430988669,-0.189273879,0.260384291,0.158993319,0.933325529,0.124856487,-0.896685600,-1.235531569,0.793156087,-0.049705043,-0.018674165,0.606699407,0.265530407,-0.943702936,-1.260729074,0.818526626,-0.131167814,-0.103125982,0.549703777,0.173185930,-0.983943939,-1.120341659,0.811228216,-0.064216599,-0.047283765,0.579266131
331,669639,39994,viewpoint,moving_to_left,-0.666527748,1.408506393,-1.432654023,-0.192194715,0.268567592,0.162859961,0.929736137,0.133366495,-0.887216926,-1.234129190,0.792148650,-0.059219237,-0.017288156,0.607202411,0.273396432,-0.934274912,-1.254603505,0.816484451,-0.139642537,-0.091418386,0.552716792,0.178959310,-0.980134010,-1.123036027,0.810086071,-0.070871994,-0.038535450,0.580734730
332,669764,40119,viewpoint,moving_to_left,-0.666978359,1.408972740,-1.432985663,-0.192803621,0.269560218,0.162952557,0.929306448,0.136256397,-0.887482941,-1.235987425,0.791428566,-0.063154995,-0.017796669,0.607729793,0.275209785,-0.930782795,-1.251203537,0.814898133,-0.141913190,-0.091083236,0.554531872,0.180738658,-0.977904320,-1.121736765,0.806904078,-0.069059610,-0.032672599,0.585721016
333,669875,40230,viewpoint,moving_to_left,-0.672064900,1.410068035,-1.431916833,-0.191380858,0.259606987,0.160349369,0.932880342,0.124512896,-0.892063975,-1.235769987,0.793984473,-0.054159686,-0.019617649,0.605202913,0.263896346,-0.935182214,-1.256029367,0.817249835,-0.134790495,-0.104855962,0.550399363,0.173839480,-0.986707032,-1.128289342,0.813212037,-0.066083968,-0.048122719,0.576197386
334,670001,40356,viewpoint,moving_to_left,-0.683157444,1.410219312,-1.430001616,-0.193969056,0.248525217,0.157336861,0.935872018,0.120194986,-0.886386871,-1.237363338,0.792907774,-0.035517782,-0.022335077,0.607895494,0.261684656,-0.934998333,-1.268967271,0.815939367,-0.121663392,-0.103082761,0.555711091,0.172712207,-0.981598020,-1.131843090,0.811832964,-0.052443936,-0.050170958,0.579361558
335,670129,40484,viewpoint,moving_to_left,-0.699649811,1.410259604,-1.424764514,-0.196906552,0.237738267,0.155147865,0.938422859,0.121727213,-0.884094238,-1.247889280,0.798656225,-0.032148484,-0.031360243,0.600109339,0.263263166,-0.928519249,-1.280409098,0.821204603,-0.110761747,-0.106626011,0.549532294,0.176537573,-0.971175313,-1.134940028,0.811470330,-0.046031065,-0.059662223,0.579514861
336,670251,40606,viewpoint,moving_to_left,-0.717841268,1.409835696,-1.417113900,-0.197181076,0.226975739,0.157326624,0.940664649,0.122200966,-0.913206458,-1.294603109,0.817442060,-0.019579284,-0.058560930,0.572691679,0.255668759,-0.924403787,-1.284020066,0.820371687,-0.106102765,-0.124185428,0.548006058,0.171978027,-0.968759656,-1.139380813,0.805047214,-0.037677325,-0.059222348,0.589043438
337,670376,40731,viewpoint,moving_to_left,-0.734625101,1.409413457,-1.408681989,-0.198524892,0.219456345,0.156504110,0.942302108,0.121245950,-0.887596309,-1.267642379,0.800736010,-0.014297935,-0.042625647,0.597327769,0.266167521,-0.943345666,-1.321180820,0.833320081,-0.098177716,-0.162922710,0.519032717,0.179138169,-0.967881978,-1.146682024,0.809218407,-0.026937518,-0.066021554,0.583164752
338,670499,40854,viewpoint,moving_to_left,-0.748346925,1.408772945,-1.401435971,-0.199696332,0.211967245,0.155612439,0.943915308,0.132123157,-0.919410348,-1.318813562,0.983900964,0.093983129,0.149996325,0.024642315,0.270711601,-0.941269398,-1.329735637,0.823909998,-0.092388563,-0.130741745,0.543638945,0.186600089,-0.971734464,-1.160783410,0.816404939,-0.019273086,-0.065700538,0.573406518
339,670626,40981,viewpoint,moving_to_left,-0.760395288,1.407559395,-1.394831777,-0.201402321,0.207294539,0.156102240,0.944509506,0.135115772,-0.903942108,-1.311547279,0.816915154,-0.004381040,-0.070924111,0.572363853,0.272844970,-0.933297753,-1.333818913,0.832576156,-0.089569941,-0.164330110,0.521334708,0.191053197,-0.967004776,-1.166247725,0.818844616,-0.019337384,-0.077189974,0.568472803
340,670750,41105,viewpoint,moving_to_left,-0.770941734,1.407097578,-1.389046550,-0.200768724,0.204314694,0.157121822,0.945124447,0.138961568,-0.911233902,-1.322731137,0.819364429,0.005375545,-0.070841476,0.568853736,0.279865146,-0.944570899,-1.348917007,0.833292544,-0.093238451,-0.148829505,0.524194539,0.193708122,-0.963042140,-1.162479281,0.813930690,-0.015654752,-0.080773354,0.575106382
341,670875,41230,viewpoint,moving_to_left,-0.781186581,1.406512260,-1.383785367,-0.200366169,0.201740623,0.158452705,0.945540547,0.139412120,-0.907683134,-1.313524723,0.982516170,0.110007524,0.149984777,0.008054887,0.278873444,-0.937081337,-1.338845730,0.824718237,-0.090789989,-0.157130986,0.535636842,0.197081625,-0.965196371,-1.165745974,0.809592962,-0.014559432,-0.074093148,0.582114816
342,671001,41356,viewpoint,moving_to_left,-0.790699959,1.405569792,-1.379050851,-0.200862840,0.200411022,0.159373343,0.945563138,0.146061167,-0.900857449,-1.311227202,0.809733093,0.010591647,-0.063671179,0.583237708,0.285054803,-0.933321536,-1.337571621,0.825531542,-0.078644276,-0.161150247,0.535110652,0.203921393,-0.957652390,-1.158391714,0.802899718,-0.020146590,-0.051954992,0.593503952
343,671110,41465,viewpoint,moving_to_left,-0.799308538,1.404380560,-1.373561978,-0.199849427,0.201832563,0.160527796,0.945280194,0.158588722,-0.912909269,-1.322736144,0.820078611,0.000752537,-0.076366350,0.567132115,0.296666563,-0.946804047,-1.348533869,0.925616086,0.138626233,0.349510640,0.043127310,0.216346815,-0.976856589,-1.177799582,0.817792952,-0.019542595,-0.082181849,0.569279313
344,671237,41592,viewpoint,moving_to_left,-0.804230928,1.402844071,-1.369762301,-0.199721187,0.201579273,0.162031770,0.945104718,0.159583047,-0.910327017,-1.321696877,0.822001100,-0.005159213,-0.088373519,0.562563539,0.303540587,-0.955345273,-1.363767028,0.824239373,-0.100437157,-0.140775189,0.539188445,0.214262590,-0.957486033,-1.156283259,0.792199433,-0.021895535,-0.041111074,0.608482242
345,671363,41718,viewpoint,moving_to_left,-0.804829359,1.402308226,-1.368016839,-0.200713918,0.201286703,0.163033590,0.944784462,0.162498191,-0.915580750,-1.337774515,0.827417374,-0.002659498,-0.084568791,0.555177152,0.298681796,-0.943316579,-1.356392026,0.926852226,0.127562344,0.351811230,0.030027974,0.216640204,-0.967495024,-1.176150203,0.812016249,-0.016023943,-0.079224356,0.578010798
346,671487,41842,viewpoint,moving_to_left,-0.803303003,1.402337670,-1.369482875,-0.200303555,0.202287003,0.162676468,0.944719434,0.158816978,-0.899929941,-1.310551524,0.810440421,0.004364137,-0.072317980,0.581323862,0.297221124,-0.928666353,-1.332411170,0.823161423,-0.087904498,-0.148887932,0.540842414,0.218140796,-0.972614706,-1.178640008,0.816378713,-0.017689178,-0.081260726,0.571497679
347,671611,41966,viewpoint,moving_to_left,-0.800443172,1.402411222,-1.372651458,-0.198829681,0.206282988,0.163781181,0.943975508,0.164332286,-0.919037104,-1.324674010,0.823188603,-0.013684401,-0.082036063,0.561643481,0.304441988,-0.955417871,-1.352155209,0.823494911,-0.099692494,-0.145459130,0.539220929,0.216345668,-0.966046453,-1.156213760,0.796565950,-0.029936243,-0.037517767,0.602643311
348,671737,42092,viewpoint,moving_to_left,-0.797220230,1.404472351,-1.377853513,-0.197684869,0.213633657,0.164949581,0.942376256,0.167687073,-0.922015548,-1.313213110,0.819419205,-0.022467908,-0.056554940,0.569955289,0.302069902,-0.940190732,-1.314352751,0.820615590,-0.095438145,-0.153113186,0.542252660,0.220684245,-0.980724335,-1.161384821,0.810259521,-0.031392649,-0.073804043,0.580557466
349,671862,42217,viewpoint,moving_to_left,-0.793741941,1.406122446,-1.383202672,-0.196591064,0.217786402,0.166582376,0.941366732,0.165991768,-0.923265100,-1.299185514,0.816665709,-0.020498088,-0.074546523,0.571908832,0.299791932,-0.944454789,-1.302229047,0.822767198,-0.099727347,-0.163121730,0.535256922,0.218988523,-0.993122578,-1.160318613,0.813904583,-0.032917060,-0.067881688,0.576079726
350,671972,42327,viewpoint,moving_to_left,-0.790147543,1.406428456,-1.387746215,-0.197332427,0.224035159,0.171081156,0.938935280,0.167079568,-0.934387028,-1.314319372,0.824218392,-0.027695915,-0.073881440,0.560748160,0.306035161,-0.967593074,-1.330367327,0.836589992,-0.112401508,-0.168193504,0.509111106,0.213870972,-0.985463023,-1.149905205,0.810550094,-0.041863259,-0.070924230,0.579849780
351,672096,42451,viewpoint,moving_to_left,-0.785826921,1.406684518,-1.390805840,-0.197098628,0.231251299,0.172861457,0.936906576,0.162726790,-0.898681402,-1.258185744,0.800281644,-0.036789462,-0.041632701,0.597044885,0.312648535,-0.973596096,-1.326355815,0.834450424,-0.118562669,-0.148119926,0.517393351,0.218196943,-0.992155790,-1.149121284,0.815256655,-0.048938889,-0.062763281,0.573604703
352,672223,42578,viewpoint,moving_to_left,-0.779484749,1.407188177,-1.393591762,-0.195638195,0.237719312,0.172391772,0.935679615,0.168010384,-0.903448582,-1.253615618,0.799607694,-0.042814557,-0.038978666,0.597724915,0.307134569,-0.945045590,-1.276786685,0.817458928,-0.126361832,-0.122627690,0.548412323,0.222021267,-0.997358441,-1.143593550,0.813168466,-0.047666859,-0.058926720,0.577072442
353,672348,42703,viewpoint,moving_to_left,-0.772201180,1.407353759,-1.395844817,-0.195289105,0.241918057,0.170969889,0.934936941,0.171758503,-0.899010181,-1.242861629,0.796101511,-0.044359274,-0.038724445,0.602291524,0.314900637,-0.953489900,-1.281837821,0.821840405,-0.127660334,-0.121759705,0.541715562,0.225446030,-0.995665431,-1.137746096,0.808852017,-0.053920887,-0.056569595,0.582795680
354,672459,42814,viewpoint,moving_to_left,-0.764032602,1.408189774,-1.397221446,-0.193969309,0.244957566,0.168667868,0.934838414,0.175726369,-0.912064672,-1.252637386,0.799708784,-0.043973442,-0.031468928,0.597948134,0.315281212,-0.950639486,-1.269777656,0.819385111,-0.126508951,-0.117361143,0.546653330,0.228637978,-1.004479051,-1.141288519,0.816949368,-0.055589814,-0.053900104,0.571487784
355,672584,42939,viewpoint,moving_to_left,-0.757093430,1.409104824,-1.398470521,-0.192063391,0.247147337,0.166864574,0.934979141,0.174635053,-0.911398649,-1.243383884,0.797088623,-0.041407634,-0.028772363,0.601753533,0.315760553,-0.956434011,-1.268403888,0.817109168,-0.127066880,-0.109484121,0.551543117,0.227477267,-1.002642632,-1.132247925,0.810025632,-0.057029549,-0.064820774,0.580003858
356,672707,43062,viewpoint,moving_to_left,-0.749607325,1.409134984,-1.400325418,-0.191045210,0.249558255,0.166953564,0.934531391,0.171681136,-0.915743113,-1.246785402,0.799153566,-0.049175557,-0.029476121,0.598386586,0.311272740,-0.954102993,-1.262205243,0.817811430,-0.131496906,-0.115412742,0.548245430,0.222196802,-1.002766371,-1.129768729,0.805738866,-0.056474268,-0.048153605,0.587602496
357,672820,43175,viewpoint,moving_to_left,-0.742067814,1.409282923,-1.402277589,-0.189297184,0.252957672,0.167316914,0.933907926,0.169210792,-0.920160532,-1.243752718,0.796198308,-0.053795777,-0.023205303,0.602192521,0.310040772,-0.965435565,-1.266347408,0.815180063,-0.129408419,-0.106104918,0.554505706,0.220672354,-1.011480331,-1.129818439,0.815377057,-0.059427604,-0.073186629,0.571202636
358,672945,43300,viewpoint,moving_to_left,-0.736640453,1.409339547,-1.404301286,-0.187453136,0.259157717,0.167740315,0.932502985,0.173629880,-0.922697961,-1.237835407,0.794071972,-0.054203846,-0.024154976,0.604920030,0.314178646,-0.967862129,-1.257274628,0.816091955,-0.136419058,-0.107651517,0.551175952,0.222613290,-1.014199615,-1.124994993,0.809481442,-0.068209283,-0.045659393,0.581379831
359,673068,43423,viewpoint,moving_to_left,-0.733876944,1.408727288,-1.405921102,-0.189759001,0.266241342,0.170163333,0.929597497,0.180469051,-0.910162210,-1.228714466,0.790671051,-0.063890763,-0.018475421,0.608618140,0.322220087,-0.962233782,-1.253977060,0.818473816,-0.141925767,-0.105573095,0.546636999,0.228956386,-1.010416627,-1.126339912,0.814453125,-0.076292917,-0.045839407,0.573362291
360,673181,43536,viewpoint,moving_to_left,-0.733204842,1.408160567,-1.406403661,-0.191411868,0.271137238,0.171907023,0.927520394,0.189395040,-0.913293004,-1.238382578,0.798731387,-0.072005413,-0.020195989,0.597022235,0.329508483,-0.959838986,-1.254822612,0.819997966,-0.148762628,-0.101601690,0.543277204,0.228890315,-0.987208605,-1.101118684,0.973409832,0.056022514,0.209236935,0.074530020
361,673306,43661,viewpoint,moving_to_left,-0.734415412,1.408363104,-1.406501889,-0.191264927,0.270071805,0.171066925,0.928016722,0.189945936,-0.916458249,-1.240546703,0.798160911,-0.067302473,-0.016939523,0.598433435,0.331059635,-0.964067817,-1.259136915,0.821285486,-0.148126870,-0.103010327,0.541236937,0.234950647,-1.008722782,-1.126203418,0.807457268,-0.074462995,-0.030975752,0.584387422
362,673429,43784,viewpoint,moving_to_left,-0.738564730,1.408654928,-1.404495597,-0.190487683,0.265149266,0.168108717,0.930134296,0.189938650,-0.919890404,-1.241153955,0.798400402,-0.064595766,-0.017612286,0.598392963,0.333820283,-0.972442150,-1.268451214,0.820915520,-0.141259208,-0.097508840,0.544642687,0.236549422,-1.008985758,-1.124946356,0.811478078,-0.073711418,-0.044791780,0.577982426
363,673542,43897,viewpoint,moving_to_left,-0.747123003,1.410214424,-1.400965571,-0.189310178,0.259308368,0.164764583,0.932616472,0.190670535,-0.916352153,-1.228622437,0.789372265,-0.050111786,-0.020894093,0.611509383,0.333820462,-0.968408406,-1.258551002,0.813218296,-0.134543121,-0.098826230,0.557501256,0.242584214,-1.017498493,-1.127720594,0.807068586,-0.065564200,-0.040098481,0.585434735
364,673668,44023,viewpoint,moving_to_left,-0.758086205,1.411190748,-1.396011233,-0.189613894,0.249961019,0.161160871,0.935731411,0.192510769,-0.922289014,-1.237495661,0.794062257,-0.044078913,-0.027511407,0.605611622,0.331642985,-0.959667385,-1.253744841,0.813347161,-0.127907798,-0.108200319,0.557134390,0.243699566,-1.007118106,-1.121512413,0.795026124,-0.061302386,-0.044034917,0.601860762
365,673793,44148,viewpoint,moving_to_left,-0.769291759,1.411062002,-1.390243888,-0.189136714,0.243851170,0.155449226,0.938402653,0.202290848,-0.923228800,-1.235362291,0.792580009,-0.034291007,-0.027225243,0.608193934,0.347625196,-0.975429296,-1.272939682,0.817937136,-0.116802908,-0.108033754,0.552869439,0.255895138,-1.007865310,-1.120402575,0.790597737,-0.053675182,-0.046706818,0.608188033
366,673903,44258,viewpoint,moving_to_left,-0.782573938,1.411484241,-1.383864284,-0.190981522,0.237074733,0.155806184,0.939705312,0.205637321,-0.918392897,-1.240152121,0.788878322,-0.028409272,-0.022074981,0.613495350,0.349708259,-0.968038797,-1.277299285,0.816731811,-0.108978249,-0.108037047,0.556238115,0.263762593,-1.013719678,-1.137042761,0.805497646,-0.040518403,-0.045553230,0.589454591
367,674028,44383,viewpoint,moving_to_left,-0.794680953,1.411236286,-1.377688289,-0.192015916,0.234997034,0.155940279,0.939994097,0.213863358,-0.919316292,-1.245407581,0.792016089,-0.027907126,-0.027118808,0.609258831,0.360154748,-0.971815407,-1.287741065,0.817294896,-0.116274796,-0.110532783,0.553436399,0.271785319,-1.010686159,-1.137698174,0.805106759,-0.040153466,-0.050306283,0.589627087
368,674154,44509,viewpoint,moving_to_left,-0.807797194,1.410625935,-1.370192409,-0.193801120,0.228451431,0.155552864,0.941304624,0.227223054,-0.938705206,-1.287890196,0.804749310,-0.024983412,-0.039467521,0.591774285,0.361219704,-0.957517505,-1.288118362,0.814482272,-0.106599651,-0.117006674,0.558179855,0.279429913,-1.008399725,-1.150700569,0.808259308,-0.033635966,-0.053408429,0.585434139
369,674265,44620,viewpoint,moving_to_left,-0.821591139,1.409967303,-1.361711621,-0.194333613,0.221512958,0.154580340,0.943011880,0.224591747,-0.920035362,-1.270239472,0.796583474,-0.012703063,-0.034902051,0.603386521,0.378767014,-0.988482356,-1.336823106,0.826457679,-0.105037563,-0.133671343,0.536718547,0.284256399,-1.004623890,-1.154655933,0.810554445,-0.025825869,-0.057818860,0.582229733
370,674389,44744,viewpoint,moving_to_left,-0.833674431,1.408582330,-1.353638291,-0.194849014,0.215125695,0.153695673,0.944527626,0.228149846,-0.915987015,-1.274516463,0.800473928,-0.011061613,-0.036859043,0.598130941,0.379063904,-0.980863452,-1.339734793,0.912410736,0.153906360,0.375643879,0.052069314,0.292466283,-1.005941510,-1.166534662,0.810379982,-0.019667242,-0.056325238,0.582859278
371,674501,44856,viewpoint,moving_to_left,-0.846297026,1.407594204,-1.345984817,-0.194016531,0.212144196,0.151787534,0.945681214,0.240084276,-0.915668845,-1.271086097,0.793838918,-0.005311362,-0.034936946,0.607100427,0.393548071,-0.980147541,-1.337906003,0.827901006,-0.092998736,-0.137892231,0.535646260,0.303005159,-0.996915877,-1.152692914,0.790954173,-0.018817561,-0.023342611,0.611140370
372,674625,44980,viewpoint,moving_to_left,-0.854822397,1.406534195,-1.341740489,-0.195671365,0.212046549,0.151899114,0.945344210,0.260007143,-0.937845290,-1.310855508,0.814115226,-0.001226969,-0.064965710,0.577056706,0.400903761,-0.967354298,-1.329583287,0.816487491,-0.094484262,-0.139178172,0.552313566,0.316158295,-1.004660726,-1.171913862,0.810788095,-0.018328717,-0.067398228,0.581157684
373,674750,45105,viewpoint,moving_to_left,-0.860290766,1.405862093,-1.340069175,-0.198678970,0.206380069,0.150688320,0.946164310,0.257444620,-0.927181363,-1.314821005,0.815925717,0.003353924,-0.068660952,0.574055433,0.395307958,-0.951227963,-1.331819415,0.826803505,-0.082626358,-0.160100803,0.532857060,0.317872345,-1.001994014,-1.185594201,0.818197250,-0.010472490,-0.063165307,0.571361303
374,674875,45230,viewpoint,moving_to_left,-0.865594387,1.405759692,-1.339993119,-0.197189122,0.206166372,0.151966617,0.946318150,0.256965220,-0.935268641,-1.309817076,0.967405319,0.153183952,0.201252893,0.012603911,0.401530623,-0.972529650,-1.346627355,0.829591393,-0.082770593,-0.161312580,0.528114974,0.315219223,-0.999557257,-1.171767950,0.810080707,-0.012854464,-0.064250529,0.582645655
375,675001,45356,viewpoint,moving_to_left,-0.870423555,1.405241847,-1.341979623,-0.197802454,0.209234446,0.154548362,0.945097864,0.264065385,-0.936275780,-1.310449481,0.817492604,-0.002651283,-0.088512853,0.569090784,0.405937850,-0.973455250,-1.342360377,0.830236673,-0.087136514,-0.166569024,0.524756193,0.322345734,-1.010278702,-1.179352283,0.815695465,-0.015750311,-0.062418852,0.574888468
376,675112,45467,viewpoint,moving_to_left,-0.873435497,1.405628204,-1.344492316,-0.195909709,0.208871245,0.155664012,0.945389271,0.259581864,-0.939840734,-1.300408721,0.812353730,-0.003427340,-0.075844884,0.578201830,0.403345346,-0.985699296,-1.340873599,0.915541291,0.146548271,0.373678595,0.025923913,0.318537533,-1.017000914,-1.173855543,0.819419682,-0.018253701,-0.067720093,0.568886936
377,675236,45591,viewpoint,moving_to_left,-0.875042677,1.405363321,-1.347341418,-0.196075633,0.209774047,0.158359244,0.944707155,0.246745005,-0.920029759,-1.271298647,0.797516763,-0.008380866,-0.047303606,0.601381123,0.396010041,-0.977130413,-1.328495026,0.829061329,-0.093431629,-0.171925813,0.523802936,0.311495006,-1.011312246,-1.164301753,0.812175870,-0.015946101,-0.065599211,0.579493701
378,675364,45719,viewpoint,moving_to_left,-0.874417543,1.405254960,-1.350962758,-0.196149677,0.212126970,0.160107508,0.943871319,0.246990874,-0.922495842,-1.269008398,0.798829615,-0.008382570,-0.041959658,0.600033700,0.403001726,-0.994550109,-1.342517376,0.831984043,-0.101547286,-0.151320696,0.524015963,0.311369598,-1.017408729,-1.165041804,0.810638487,-0.017555099,-0.060695816,0.582128108
379,675486,45841,viewpoint,moving_to_left,-0.871688843,1.405526400,-1.355085015,-0.196189374,0.215652466,0.161209866,0.942875981,0.247116342,-0.924442887,-1.264570236,0.800339520,-0.015389471,-0.041700825,0.597897112,0.399737775,-0.987875998,-1.325366139,0.825623274,-0.104578719,-0.144496292,0.535285354,0.315072775,-1.025098443,-1.166397095,0.820836663,-0.026811669,-0.092475228,0.562989116
380,675611,45966,viewpoint,moving_to_left,-0.866321325,1.405700088,-1.359564424,-0.197836325,0.219816372,0.161493480,0.941520751,0.249539897,-0.920318365,-1.262466192,0.799965560,-0.015978275,-0.041806258,0.598374426,0.399365127,-0.983969927,-1.322644591,0.908970237,0.143839344,0.388342351,0.047682110,0.313076138,-1.017859578,-1.159986258,0.813472688,-0.026166916,-0.060794879,0.577824771
381,675722,46077,viewpoint,moving_to_left,-0.857869148,1.406336069,-1.363023639,-0.197485030,0.223107129,0.162018895,0.940729916,0.244450733,-0.919654012,-1.257879972,0.796906531,-0.018255401,-0.034201145,0.602857411,0.387824655,-0.963590264,-1.292029619,0.822349012,-0.101314552,-0.123873927,0.546015203,0.306291997,-1.014928699,-1.153193355,0.815606773,-0.033321541,-0.063707180,0.574122548
382,675848,46203,viewpoint,moving_to_left,-0.847614527,1.407738566,-1.365670562,-0.193905234,0.225892067,0.164081365,0.940452456,0.233467951,-0.929724157,-1.255649209,0.799293101,-0.026207874,-0.037858017,0.599174857,0.375525475,-0.972569287,-1.286194801,0.818681121,-0.108722560,-0.123271085,0.550222576,0.293741286,-1.023600221,-1.148416877,0.811992705,-0.034004875,-0.061540172,0.579417229
383,675971,46326,viewpoint,moving_to_left,-0.838788033,1.408437610,-1.368107200,-0.190017208,0.230704412,0.164974004,0.939921558,0.229387984,-0.939283729,-1.248321414,0.798852801,-0.030297697,-0.037628680,0.599583447,0.373361170,-0.987788677,-1.283761144,0.818494916,-0.114376120,-0.122778311,0.549462974,0.288029850,-1.032982230,-1.140316844,0.807826757,-0.036634188,-0.051430464,0.586028039
384,676083,46438,viewpoint,moving_to_left,-0.829946518,1.407355785,-1.369761825,-0.187787488,0.236270502,0.166345939,0.938744426,0.228362843,-0.943331957,-1.244283199,0.797401190,-0.033632983,-0.038464390,0.601282537,0.371326506,-0.990919352,-1.275088549,0.817655563,-0.121924154,-0.119439401,0.549825549,0.286340415,-1.041486502,-1.140657425,0.810257614,-0.046210982,-0.055153683,0.581640065
385,676209,46564,viewpoint,moving_to_left,-0.824926376,1.406640172,-1.371070504,-0.188113213,0.240748435,0.168064773,0.937234163,0.227911368,-0.937615037,-1.237979650,0.792669535,-0.039684393,-0.031829465,0.607525349,0.373450518,-0.992065787,-1.276253462,0.821417451,-0.126551539,-0.120127253,0.542980313,0.285159528,-1.038388371,-1.137887478,0.805590153,-0.052811339,-0.048323493,0.588132858
386,676320,46675,viewpoint,moving_to_left,-0.822423220,1.405760407,-1.372227550,-0.191370487,0.243737862,0.168813810,0.935666144,0.233479634,-0.931903958,-1.246714354,0.795443237,-0.042953767,-0.028675126,0.603823423,0.376327276,-0.979582310,-1.275630832,0.817765653,-0.127083942,-0.114236675,0.549598932,0.288646817,-1.028436899,-1.139952540,0.810869455,-0.053298954,-0.050366417,0.580614448
387,676444,46799,viewpoint,moving_to_left,-0.822403908,1.406284332,-1.371156812,-0.191570893,0.242031872,0.167957142,0.936221957,0.231337115,-0.927406371,-1.242522836,0.796363950,-0.040158320,-0.029784527,0.602747679,0.374416292,-0.976322174,-1.274696350,0.818466008,-0.120162331,-0.118568122,0.549195766,0.286730587,-1.022942305,-1.137151003,0.810792804,-0.053353991,-0.052931800,0.580488205
388,676569,46924,viewpoint,moving_to_left,-0.827445030,1.407161713,-1.369971871,-0.193313211,0.237025410,0.164440453,0.937767744,0.235471502,-0.924062252,-1.247786641,0.793929696,-0.033483926,-0.026921073,0.606489658,0.379562557,-0.971801996,-1.280072689,0.820851564,-0.110158496,-0.126072064,0.546052814,0.292651594,-1.018362284,-1.140844703,0.810977995,-0.044724338,-0.055368122,0.580731213
389,676696,47051,viewpoint,moving_to_left,-0.838320732,1.407538891,-1.366885781,-0.199077845,0.229966760,0.160840601,0.938942790,0.244732037,-0.916423082,-1.264046431,0.800909221,-0.025364881,-0.034863722,0.597231686,0.396971285,-0.980214357,-1.321246982,0.825025022,-0.109158181,-0.130183652,0.538953125,0.306518257,-1.013374925,-1.159108400,0.820368469,-0.036255114,-0.081543066,0.564829111
390,676820,47175,viewpoint,moving_to_left,-0.853438854,1.408740759,-1.361375451,-0.199226588,0.223847926,0.158787087,0.940737784,0.252220631,-0.915471017,-1.264390230,0.802582204,-0.021812888,-0.043849993,0.594527781,0.403209627,-0.974841833,-1.317782521,0.826562524,-0.107627675,-0.143046662,0.533618331,0.315035164,-1.012772202,-1.162031889,0.812826514,-0.031032568,-0.055711281,0.579004586
391,676931,47286,viewpoint,moving_to_left,-0.871135235,1.408078432,-1.354265809,-0.202498227,0.217452288,0.155788749,0.942039728,0.265944004,-0.910956502,-1.272696853,0.802067697,-0.011686983,-0.036700975,0.595989823,0.413535118,-0.960017383,-1.315893531,0.820885539,-0.089558743,-0.138509259,0.546755254,0.329820096,-1.005576849,-1.168173075,0.815627992,-0.026009731,-0.062452257,0.574607849
392,677057,47412,viewpoint,moving_to_left,-0.888107300,1.407211065,-1.345709682,-0.205619186,0.209936678,0.154631793,0.943258345,0.286973238,-0.929356575,-1.322497606,0.822535217,-0.001233551,-0.059938252,0.565545559,0.426710188,-0.956394196,-1.342289448,0.823120117,-0.095949121,-0.126380265,0.545247734,0.340661705,-0.989633679,-1.171496749,0.801109552,-0.022215592,-0.025341099,0.597568274
393,677179,47534,viewpoint,moving_to_left,-0.906865120,1.405751109,-1.334833264,-0.206439301,0.201869279,0.153063014,0.945094347,0.293839693,-0.924062014,-1.326560736,0.813953400,0.013861030,-0.068226106,0.576743484,0.436839640,-0.958552718,-1.358900785,0.836126745,-0.080962792,-0.159855589,0.518443167,0.350299716,-0.986036301,-1.179379582,0.799038768,-0.017746940,-0.032818027,0.600120842
394,677306,47661,viewpoint,moving_to_left,-0.922030210,1.402612805,-1.325493217,-0.208455265,0.196329117,0.153194398,0.945797443,0.300211787,-0.909504890,-1.328851819,0.812758625,0.022397516,-0.059900474,0.579080105,0.435910285,-0.929105997,-1.343220711,0.827183127,-0.071200885,-0.167626902,0.531601250,0.365330935,-0.992271304,-1.209302068,0.825169027,-0.003478714,-0.070923179,0.560405076
395,677432,47787,viewpoint,moving_to_left,-0.932072878,1.401887417,-1.319436431,-0.209860161,0.194035172,0.153326407,0.945938706,0.307721972,-0.906299710,-1.335368872,0.815130651,0.022369085,-0.063272007,0.575376630,0.450477660,-0.941053867,-1.372718692,0.835931897,-0.072569400,-0.175390780,0.514965773,0.373274446,-0.988664687,-1.215236306,0.824027419,-0.004126150,-0.075525448,0.561478138
396,677542,47897,viewpoint,moving_to_left,-0.938757658,1.401908278,-1.316073775,-0.209952086,0.189275682,0.152602643,0.946999133,0.309259593,-0.910474360,-1.347554088,0.824785113,0.016471853,-0.085665546,0.558676600,0.447878003,-0.937114477,-1.374295950,0.831720710,-0.064984165,-0.175528750,0.522692442,0.374972880,-0.992239177,-1.224923253,0.824316263,0.009447661,-0.066648319,0.562113345
397,677667,48022,viewpoint,moving_to_left,-0.942525864,1.401985407,-1.314392686,-0.208299503,0.187706307,0.154920399,0.947300017,0.302290142,-0.912527740,-1.343890667,0.821819663,0.017919468,-0.082742289,0.563422620,0.434149206,-0.924867153,-1.349938393,0.823718429,-0.061960876,-0.186277792,0.531929851,0.367354274,-0.990804970,-1.218273997,0.824576139,0.002054203,-0.079543665,0.560127556
398,677792,48147,viewpoint,moving_to_left,-0.944057465,1.401952744,-1.313702703,-0.207057983,0.187617868,0.156455159,0.947337508,0.299249768,-0.916404545,-1.340798974,0.820951641,0.014445677,-0.085418038,0.564387739,0.406371415,-0.879671693,-1.273427367,0.888223052,0.200418472,0.413390338,-0.000797310,0.364465058,-0.994751215,-1.216540337,0.822020769,-0.001741268,-0.077607363,0.564141750
399,677916,48271,viewpoint,moving_to_left,-0.943585396,1.403807521,-1.314390302,-0.204038039,0.187615305,0.156021908,0.948064446,0.296630085,-0.928998351,-1.339027762,0.955217123,0.189445421,0.227116331,0.009426662,0.439141631,-0.962226391,-1.376796722,0.832666337,-0.070943914,-0.179895744,0.518913507,0.363051653,-1.007117510,-1.216598392,0.817402124,-0.000737503,-0.075418867,0.571108699
400,678042,48397,viewpoint,moving_to_left,-0.942480803,1.404160380,-1.315462708,-0.203829080,0.186497301,0.157970116,0.948007345,0.289573789,-0.928695023,-1.341883540,0.820295691,0.014410059,-0.091907896,0.564322829,0.428772867,-0.960745931,-1.374398708,0.830880582,-0.071328834,-0.187624320,0.518986225,0.353929818,-1.002423882,-1.209872127,0.813959956,0.001224555,-0.042406276,0.579369903
401,678153,48508,viewpoint,moving_to_left,-0.940162182,1.403939962,-1.316262603,-0.204262972,0.187868923,0.158535868,0.947548568,0.289036751,-0.926543474,-1.340919137,0.822280705,0.012740768,-0.095072612,0.560939610,0.428539157,-0.958073616,-1.372874022,0.832739770,-0.078123517,-0.185549110,0.515764296,0.353529334,-1.000690579,-1.209835768,0.823462903,-0.005499945,-0.126740649,0.553005874
402,678277,48632,viewpoint,moving_to_left,-0.936446190,1.404388666,-1.316476464,-0.203866199,0.188186452,0.158372208,0.947598398,0.285651088,-0.925473452,-1.338448286,0.819064379,0.014425327,-0.089566216,0.566483319,0.427259564,-0.963180542,-1.376239896,0.894718230,0.191219941,0.401947618,0.036774512,0.351245224,-1.006142020,-1.215811729,0.819559634,0.001641059,-0.075892694,0.567943275
403,678403,48758,viewpoint,moving_to_left,-0.932010651,1.405272603,-1.316747069,-0.202489153,0.188386396,0.157023430,0.948078275,0.280832171,-0.920807600,-1.326153398,0.813441753,0.016105151,-0.080855668,0.575773895,0.424400032,-0.962384224,-1.371333003,0.829751611,-0.071633056,-0.181362614,0.522961378,0.349506438,-1.008308291,-1.213303089,0.821195424,-0.000055999,-0.076305635,0.565522373
404,678529,48884,viewpoint,moving_to_left,-0.927767515,1.406326175,-1.317482591,-0.200726226,0.189744592,0.155982226,0.948354125,0.282265723,-0.931273997,-1.329793215,0.807041943,0.024564466,-0.067699052,0.586085916,0.427576303,-0.974511325,-1.377919316,0.831765652,-0.070482783,-0.183235615,0.519252121,0.349003375,-1.012979150,-1.210647345,0.819534302,-0.002046482,-0.080684930,0.567317605
405,678640,48995,viewpoint,moving_to_left,-0.924301624,1.407770395,-1.317728162,-0.197897241,0.193062767,0.154927745,0.948451817,0.287791729,-0.944814861,-1.328993082,0.817099869,0.009004736,-0.090698242,0.569245577,0.427496672,-0.972670972,-1.354092598,0.826801360,-0.071057782,-0.163259774,0.533569753,0.349302590,-1.014690638,-1.195140243,0.813606858,-0.003821754,-0.073703088,0.576712430
406,678765,49120,viewpoint,moving_to_left,-0.921741962,1.407986760,-1.318567872,-0.196383491,0.195988253,0.154918537,0.948167920,0.289036393,-0.947646379,-1.323450685,0.817499459,0.007620146,-0.084889866,0.569587886,0.433378816,-0.987367511,-1.361755729,0.823809743,-0.083267927,-0.169602036,0.534452200,0.353403687,-1.022494435,-1.194548607,0.820525944,-0.003214760,-0.098841615,0.562989593
407,678889,49244,viewpoint,moving_to_left,-0.918923378,1.408236027,-1.320665002,-0.196500480,0.199138492,0.154622152,0.947535455,0.292128980,-0.945270061,-1.314226389,0.809728682,0.010162083,-0.074380934,0.581982553,0.438897192,-0.995915651,-1.364725351,0.895196021,0.188185960,0.400885105,0.050013393,0.353351176,-1.018522859,-1.179696798,0.958842874,0.155920774,0.224725246,0.076207399
408,679001,49356,viewpoint,moving_to_left,-0.915603399,1.408241034,-1.323361993,-0.196347505,0.203078791,0.154894903,0.946685910,0.285665929,-0.925347686,-1.280271173,0.798178554,-0.000306179,-0.042101286,0.600947917,0.439040601,-0.987072110,-1.347006083,0.826868355,-0.081371374,-0.158629626,0.533389211,0.357838869,-1.026731014,-1.187284708,0.813592255,-0.010873727,-0.065539576,0.577627897
409,679126,49481,viewpoint,moving_to_left,-0.910796642,1.408264399,-1.326728702,-0.196080819,0.204424649,0.155086100,0.946420193,0.293494284,-0.951547742,-1.311650634,0.816011786,-0.001710040,-0.075821333,0.573038459,0.429212689,-0.972401500,-1.324156642,0.821551919,-0.079670936,-0.170949176,0.538034856,0.352962732,-1.024469018,-1.180787683,0.811873853,-0.011163806,-0.065350145,0.580056548
410,679236,49591,viewpoint,moving_to_left,-0.904108524,1.408696175,-1.331208587,-0.194823116,0.208538055,0.155644968,0.945690513,0.281256616,-0.931497812,-1.273116350,0.797136128,-0.004548714,-0.042393897,0.602292359,0.436741292,-0.997540116,-1.341298223,0.825797737,-0.091757476,-0.144838393,0.537271380,0.350829899,-1.030781031,-1.175885916,0.816002667,-0.013445979,-0.063977435,0.574339330
411,679362,49717,viewpoint,moving_to_left,-0.896615744,1.407918453,-1.335898995,-0.194477007,0.212169915,0.156546891,0.944804609,0.278429210,-0.934009910,-1.272696614,0.801882684,-0.010216199,-0.046041530,0.595617294,0.431873381,-0.996879697,-1.336187243,0.831054449,-0.094243154,-0.164600641,0.522851229,0.345990360,-1.031585336,-1.172782898,0.816188872,-0.018149279,-0.063016415,0.574051678
412,679485,49840,viewpoint,moving_to_left,-0.888839722,1.406770468,-1.339756131,-0.191775963,0.218258008,0.158287734,0.943679214,0.277075469,-0.940031588,-1.263252497,0.797804475,-0.015795534,-0.037754770,0.601525724,0.418039143,-0.976422668,-1.290199518,0.817893267,-0.098808400,-0.128948018,0.551960170,0.342086732,-1.035767317,-1.160667419,0.811014056,-0.025223916,-0.061527703,0.581235170
413,679598,49953,viewpoint,moving_to_left,-0.884206295,1.405441761,-1.341367126,-0.194414392,0.222810820,0.160258338,0.941740751,0.277754307,-0.928983331,-1.257427692,0.794302285,-0.017859494,-0.035281643,0.606234372,0.429022908,-0.989717662,-1.313855886,0.828177929,-0.103074603,-0.154680759,0.528744638,0.342503250,-1.029210687,-1.160219312,0.811485887,-0.028287109,-0.054191384,0.581165910
414,679722,50077,viewpoint,moving_to_left,-0.883860350,1.407467842,-1.342865348,-0.191630974,0.222011134,0.159917429,0.942557693,0.276946545,-0.942119837,-1.260469079,0.795682430,-0.017989239,-0.037391420,0.604291141,0.420772672,-0.986526012,-1.294468999,0.815387905,-0.099348210,-0.119673446,0.557629704,0.341607273,-1.042074203,-1.161046982,0.810045838,-0.029435435,-0.054010168,0.583131433
415,679834,50189,viewpoint,moving_to_left,-0.888867855,1.409147501,-1.343618989,-0.192667708,0.219614148,0.156317353,0.943511367,0.280664623,-0.938087523,-1.255255222,0.791042209,-0.014028271,-0.036403693,0.610516429,0.425504923,-0.982378006,-1.292893648,0.819362879,-0.098624170,-0.127309665,0.550190866,0.349226415,-1.043021083,-1.162918925,0.810950994,-0.020860096,-0.049873561,0.582611382
416,679945,50300,viewpoint,moving_to_left,-0.899108171,1.410597205,-1.343509793,-0.190443188,0.213335305,0.155963093,0.945460200,0.278040648,-0.949495196,-1.257444978,0.796897054,-0.007120650,-0.040770520,0.602695763,0.429946363,-1.010278702,-1.316541195,0.825692117,-0.092103116,-0.161608413,0.532571435,0.347691715,-1.052924991,-1.163570285,0.813096344,-0.019443091,-0.063093469,0.578373194
417,680069,50424,viewpoint,moving_to_left,-0.914031029,1.412129641,-1.343461156,-0.192696199,0.212176695,0.155657306,0.945314765,0.291802406,-0.954359770,-1.261446834,0.794959426,-0.004226965,-0.037337527,0.605497718,0.433814704,-0.991475105,-1.291845918,0.816457808,-0.091168649,-0.130878881,0.554937541,0.360081255,-1.052739382,-1.162413001,0.808451474,-0.018047839,-0.055989843,0.585615575
418,680181,50536,viewpoint,moving_to_left,-0.929549456,1.412413359,-1.342785954,-0.194337577,0.210484058,0.154061601,0.945618570,0.306812644,-0.953976035,-1.260917306,0.797400594,-0.001660024,-0.035710771,0.602390528,0.452078700,-0.995750248,-1.298824191,0.819460809,-0.085663304,-0.124004871,0.552963436,0.378703296,-1.054438114,-1.163600445,0.819748878,-0.012654620,-0.087563142,0.565848410
419,680307,50662,viewpoint,moving_to_left,-0.941389561,1.411485791,-1.340856194,-0.196933106,0.206469551,0.153260633,0.946096659,0.312994361,-0.944678903,-1.259512544,0.801066279,-0.001280364,-0.043718770,0.596975565,0.459560394,-0.989435554,-1.303529501,0.818364263,-0.086802639,-0.127274111,0.553666472,0.387185693,-1.053442717,-1.172473431,0.815683126,-0.008628728,-0.050973892,0.576184213
420,680416,50771,viewpoint,moving_to_left,-0.954040766,1.411157489,-1.336483359,-0.196680412,0.207103625,0.152507767,0.946132302,0.330350459,-0.952561438,-1.262948036,0.796758592,0.000706311,-0.036825716,0.603174210,0.476582646,-0.995383859,-1.303670645,0.820342600,-0.084278561,-0.127887085,0.550980985,0.405539513,-1.061941266,-1.176122904,0.816733420,-0.007378634,-0.055961814,0.574247718
421,680541,50896,viewpoint,moving_to_left,-0.965193033,1.411052108,-1.331462502,-0.195833236,0.204782233,0.151016906,0.947052002,0.341976166,-0.960970163,-1.269767165,0.803031206,0.005604540,-0.042204961,0.594414175,0.496508002,-1.017439246,-1.327932715,0.825655222,-0.089993261,-0.156159461,0.534611046,0.417914629,-1.068476915,-1.180197597,0.815413833,-0.000520386,-0.052800905,0.576465249
422,680666,51021,viewpoint,moving_to_left,-0.978221655,1.410223722,-1.324840903,-0.196196184,0.199191749,0.148662820,0.948540509,0.350383162,-0.960963964,-1.276130676,0.800258160,0.009537863,-0.042808902,0.598049641,0.502689242,-1.011968017,-1.330294132,0.828682840,-0.076124333,-0.163267434,0.529937387,0.427935481,-1.063488364,-1.181440473,0.820129871,-0.001053216,-0.092374727,0.564670503
423,680777,51132,viewpoint,moving_to_left,-0.991521835,1.408289313,-1.317294717,-0.198801920,0.192260101,0.146736979,0.949727416,0.367588818,-0.970430017,-1.310081124,0.944160402,0.202771112,0.256121099,0.042977024,0.512905061,-1.003735065,-1.348246694,0.831870675,-0.072266087,-0.170558468,0.523143113,0.436821938,-1.052726746,-1.194314122,0.816348135,0.007633810,-0.060672052,0.574313879
424,680902,51257,viewpoint,moving_to_left,-1.002934933,1.405821562,-1.309220910,-0.198610574,0.188530147,0.145799696,0.950659096,0.364072025,-0.945124745,-1.286974669,0.798908532,0.021286733,-0.042780038,0.599551499,0.518277466,-0.995429277,-1.345858216,0.821792722,-0.064317793,-0.157639042,0.543755412,0.444445491,-1.047462106,-1.197027445,0.812073529,0.012005405,-0.057906736,0.580550849
425,681013,51368,viewpoint,moving_to_left,-1.012156963,1.403861403,-1.301403880,-0.201931134,0.185244545,0.147751451,0.950304031,0.376197517,-0.948966503,-1.322764277,0.809151888,0.018881029,-0.070409939,0.583060205,0.517679513,-0.975360751,-1.350342393,0.823390365,-0.057654798,-0.169111311,0.538614571,0.415473282,-0.967451215,-1.127415419,0.910101295,0.227695659,0.330860496,0.101988845
426,681138,51493,viewpoint,moving_to_left,-1.017148733,1.404867053,-1.296065450,-0.201179922,0.182813734,0.147623450,0.950953782,0.377161860,-0.950036049,-1.324715257,0.814912736,0.025387786,-0.081210412,0.573304057,0.528071880,-0.999405384,-1.384749293,0.874934494,0.223239601,0.428193331,0.036113948,0.452921152,-1.043032646,-1.221071482,0.822498381,0.012305734,-0.073532365,0.563859820
427,681250,51605,viewpoint,moving_to_left,-1.020790100,1.405381441,-1.292336345,-0.197505727,0.187149331,0.152420729,0.950123429,0.382471979,-0.972265363,-1.330633163,0.816801667,0.017674634,-0.096420094,0.568529427,0.520928919,-0.997407436,-1.354702830,0.822068214,-0.062454693,-0.172937632,0.538883865,0.451701999,-1.056793332,-1.214205265,0.816570342,0.004257367,-0.069763854,0.572999060
428,681375,51730,viewpoint,moving_to_left,-1.020868063,1.404905677,-1.292373538,-0.197101161,0.192033157,0.155672163,0.948704660,0.371824682,-0.951667428,-1.294759870,0.797663093,0.013047180,-0.045511719,0.601242125,0.516571939,-0.989480615,-1.334712982,0.822149217,-0.074714489,-0.184253171,0.533422232,0.452134192,-1.059788108,-1.209355354,0.818739831,0.001056057,-0.066205405,0.570333958
429,681501,51856,viewpoint,moving_to_left,-1.016591549,1.405203462,-1.294813275,-0.197599098,0.197478712,0.155952156,0.947436392,0.381569624,-0.958729267,-1.297466040,0.805414438,0.007264688,-0.042821236,0.591118574,0.526585817,-0.996205866,-1.334758043,0.821948826,-0.074209936,-0.178481236,0.535758734,0.458344340,-1.060181618,-1.201790571,0.821433604,0.001132396,-0.088249311,0.563433886
430,681611,51966,viewpoint,moving_to_left,-1.009090185,1.406250477,-1.298595309,-0.198034570,0.199672177,0.154934436,0.947052598,0.377267540,-0.950761795,-1.287730455,0.797667980,0.002840262,-0.041478623,0.601662099,0.526378095,-0.996368647,-1.334464550,0.823498726,-0.075194493,-0.171663299,0.535469234,0.458314002,-1.065907121,-1.208399296,0.820367575,-0.002489084,-0.058502916,0.568830609
431,681737,52092,viewpoint,moving_to_left,-1.001246691,1.406493068,-1.302914023,-0.199661478,0.202122867,0.156130522,0.945994139,0.372724533,-0.949567139,-1.291384459,0.806199133,-0.000746829,-0.049005825,0.589610755,0.526217461,-1.004126668,-1.348829985,0.830418169,-0.080198638,-0.168969214,0.524807870,0.450003445,-1.058388829,-1.204489350,0.817918777,-0.007981154,-0.061556596,0.571975529
432,681847,52202,viewpoint,moving_to_left,-0.990898848,1.406732917,-1.307086349,-0.200700864,0.202648774,0.156909958,0.945532620,0.360611796,-0.940185606,-1.287784696,0.804679751,-0.001662876,-0.046104465,0.591913998,0.510687947,-0.990449429,-1.339364886,0.829266787,-0.082822815,-0.175074682,0.524219215,0.438059270,-1.049897909,-1.200522900,0.826565802,-0.006106356,-0.087900676,0.555900335
433,681972,52327,viewpoint,moving_to_left,-0.980902433,1.407328129,-1.309716344,-0.199567467,0.203089043,0.156025410,0.945824385,0.352494657,-0.942273617,-1.286941648,0.802965879,0.001145636,-0.048182763,0.594073176,0.505903780,-0.998260498,-1.346170187,0.830979407,-0.083840929,-0.177823260,0.520406365,0.426351905,-1.043204665,-1.190328717,0.800824165,-0.013831292,-0.022569517,0.598314285
434,682083,52438,viewpoint,moving_to_left,-0.970373631,1.408338547,-1.312690616,-0.197553053,0.205946758,0.154983282,0.945800662,0.348197043,-0.946587086,-1.281189799,0.800172031,0.002225082,-0.037954845,0.598564327,0.476120114,-0.952611148,-1.274260402,0.810323477,-0.091333687,-0.136169970,0.562575996,0.421747148,-1.051064014,-1.189817071,0.812588871,-0.013558827,-0.058506250,0.579734981
435,682208,52563,viewpoint,moving_to_left,-0.963506460,1.408473969,-1.316141725,-0.198234141,0.210205778,0.154670507,0.944771826,0.350488961,-0.944106102,-1.278152466,0.799148321,0.000076727,-0.033123411,0.600220680,0.503237128,-0.998270273,-1.331463337,0.823940635,-0.078173049,-0.154521719,0.539568186,0.423417866,-1.049476981,-1.187307358,0.813895345,-0.015989399,-0.054333977,0.578244388
436,682335,52690,viewpoint,moving_to_left,-0.958468676,1.406389594,-1.319510341,-0.204671949,0.214414403,0.155042604,0.942389309,0.359678447,-0.929883420,-1.288282871,0.807651103,-0.006021183,-0.035006128,0.588589847,0.515375137,-0.991178811,-1.351024628,0.884222806,0.179519340,0.428981245,0.043565743,0.430030465,-1.033301711,-1.192494512,0.819367588,-0.016255420,-0.053212613,0.570561886
437,682459,52814,viewpoint,moving_to_left,-0.954770565,1.405581594,-1.320843339,-0.209147632,0.214578286,0.152999178,0.941703081,0.363312542,-0.914089918,-1.289188504,0.804482698,-0.003112273,-0.027059592,0.593351185,0.517173111,-0.969063878,-1.345721960,0.837811291,-0.086723447,-0.159111604,0.515009522,0.435372710,-1.022430897,-1.199193597,0.825166583,-0.010219495,-0.051117301,0.562479198
438,682582,52937,viewpoint,moving_to_left,-0.954130888,1.405643940,-1.320327163,-0.209466755,0.211523905,0.150530607,0.942720473,0.373430848,-0.933708549,-1.323693275,0.828329980,-0.002934338,-0.075293317,0.555150270,0.511679292,-0.953986406,-1.335282087,0.831540227,-0.076743796,-0.147498325,0.529995680,0.433548033,-1.014104128,-1.197957039,0.825741112,-0.009499787,-0.050252371,0.561725974
439,682695,53050,viewpoint,moving_to_left,-0.957615376,1.406652093,-1.319550633,-0.208880439,0.204403877,0.149009362,0.944660962,0.361576378,-0.926058173,-1.318414927,0.814854205,0.003184418,-0.055486605,0.576995492,0.498700678,-0.946212888,-1.330341339,0.829639196,-0.075414181,-0.157782152,0.530203938,0.428251684,-1.016485095,-1.205596685,0.821259975,-0.003812582,-0.053012446,0.568073332
440,682819,53174,viewpoint,moving_to_left,-0.963870049,1.406983256,-1.318174958,-0.211185813,0.193141147,0.147746876,0.946714282,0.348603487,-0.917948961,-1.333327293,0.814421833,0.014627593,-0.053179625,0.577646196,0.488258600,-0.941046834,-1.354140639,0.831081033,-0.065935291,-0.163652852,0.527422607,0.414789021,-1.000126600,-1.211891055,0.820236206,0.004671612,-0.059668738,0.568885207
441,682945,53300,viewpoint,moving_to_left,-0.976165295,1.407045841,-1.313394427,-0.214213237,0.180873275,0.143695623,0.949078023,0.344986439,-0.907213986,-1.344424725,0.817815602,0.028455775,-0.073648624,0.570038378,0.488855183,-0.936481595,-1.378453851,0.827618659,-0.059093192,-0.165401444,0.533101976,0.419215322,-0.996970534,-1.233945727,0.824042678,0.021443954,-0.065574780,0.562311113
442,683057,53412,viewpoint,moving_to_left,-0.994096279,1.408159375,-1.306119084,-0.213853166,0.170782954,0.139858603,0.951598465,0.353785515,-0.910743356,-1.358910799,0.824892640,0.040369540,-0.090873815,0.556474924,0.484810591,-0.916051030,-1.367343664,0.827238679,-0.041139759,-0.183915108,0.529300392,0.427002847,-0.991624117,-1.240687609,0.823040426,0.029847907,-0.069237262,0.562956214
443,683181,53536,viewpoint,moving_to_left,-1.012344360,1.407693505,-1.298529029,-0.215807825,0.160144851,0.137237504,0.953386843,0.356560707,-0.902514160,-1.367339849,0.819177151,0.056522433,-0.089688458,0.563657701,0.490620136,-0.912904739,-1.387210488,0.825523198,-0.031712197,-0.189655960,0.530600131,0.432394385,-0.983054578,-1.251008391,0.823206604,0.038111567,-0.074419990,0.561551452
444,683304,53659,viewpoint,moving_to_left,-1.035288334,1.407076240,-1.287383437,-0.217512414,0.147327870,0.135182709,0.955357790,0.359740496,-0.893738508,-1.385555506,0.821431160,0.064666092,-0.096020140,0.558434784,0.507830799,-0.928595185,-1.449755192,0.889404416,0.224305943,0.395151645,0.050018810,0.440296650,-0.973990023,-1.271915197,0.825167418,0.048341207,-0.086367674,0.556149662
445,683429,53784,viewpoint,moving_to_left,-1.060797215,1.405577660,-1.274538398,-0.217567101,0.143002227,0.136272132,0.955847681,0.375407934,-0.889857411,-1.390889764,0.819775522,0.066842303,-0.103395008,0.559293926,0.523376226,-0.919612169,-1.446159244,0.835498035,-0.015121844,-0.151913553,0.527860522,0.460249126,-0.977878749,-1.288597822,0.823479414,0.049496554,-0.085490748,0.558679879
446,683554,53909,viewpoint,moving_to_left,-1.082634211,1.403550148,-1.261206269,-0.216320217,0.139613912,0.137884066,0.956400335,0.390150070,-0.898458183,-1.406074762,0.808096945,0.072655722,-0.072567575,0.580029607,0.529241621,-0.913916707,-1.441673636,0.824327409,-0.012415961,-0.192351460,0.532288492,0.472885191,-0.977831006,-1.292830706,0.821557581,0.046322599,-0.093499206,0.560495555
447,683680,54035,viewpoint,moving_to_left,-1.096358299,1.401424766,-1.253029466,-0.220582768,0.138151422,0.139476448,0.955407619,0.401272833,-0.883261144,-1.415988088,0.823192656,0.068525143,-0.109149441,0.552941859,0.503548443,-0.845588386,-1.364182949,0.858396292,0.273926884,0.432520717,-0.032338437,0.484161139,-0.966504812,-1.306364417,0.827369869,0.051365923,-0.094576299,0.551249504
448,683805,54160,viewpoint,moving_to_left,-1.102357864,1.402568221,-1.248790145,-0.219441563,0.132148504,0.139236256,0.956553936,0.397820592,-0.893833816,-1.435343266,0.818779767,0.086426951,-0.093189768,0.559862256,0.536604464,-0.910017014,-1.474528193,0.831505418,-0.013672031,-0.198289737,0.518741667,0.479651630,-0.969130039,-1.315390587,0.831085563,0.056149106,-0.107988216,0.542662561
449,683931,54286,viewpoint,moving_to_left,-1.104457140,1.403109074,-1.247065902,-0.216521814,0.132811442,0.142124340,0.956702709,0.388428330,-0.893130600,-1.416358829,0.818226337,0.075406954,-0.106978081,0.559799135,0.533318818,-0.920895755,-1.470487714,0.826269269,-0.018681707,-0.184481934,0.531880200,0.478413880,-0.983377457,-1.316366673,0.826090217,0.058117609,-0.128781274,0.545538843
450,684042,54397,viewpoint,moving_to_left,-1.102122545,1.404267430,-1.247972131,-0.215377733,0.136838451,0.143510327,0.956186414,0.393010497,-0.903391600,-1.418433666,0.815945029,0.073529966,-0.106040306,0.563544750,0.495247781,-0.863124073,-1.364042044,0.860625744,0.273416847,0.428526044,-0.030528581,0.476665318,-0.985935330,-1.308550119,0.826406062,0.052635036,-0.096301906,0.552275717
451,684168,54523,viewpoint,moving_to_left,-1.097400665,1.405861735,-1.249140143,-0.213739470,0.133287579,0.143363819,0.957077146,0.377481580,-0.902869225,-1.413097978,0.817110777,0.069863632,-0.114348195,0.560690284,0.518184543,-0.927296937,-1.461357713,0.823017061,-0.011850793,-0.211996615,0.526839614,0.464079380,-0.990602553,-1.310584426,0.828102529,0.052998684,-0.105370872,0.548027813
452,684290,54645,viewpoint,moving_to_left,-1.090872288,1.406887889,-1.250064254,-0.212601781,0.133331478,0.144988686,0.957079709,0.367596686,-0.905633867,-1.413523078,0.816588819,0.072018370,-0.114452772,0.561156571,0.510695517,-0.932853580,-1.464622021,0.822688103,-0.019509468,-0.189049616,0.535783529,0.450518847,-0.987063706,-1.303117633,0.825503945,0.049098108,-0.111641839,0.551061392
453,684415,54770,viewpoint,moving_to_left,-1.082735538,1.407922626,-1.251055121,-0.210951552,0.138028622,0.144863620,0.956797838,0.364856720,-0.906135201,-1.400594831,0.806819916,0.059382308,-0.096316837,0.579860806,0.509538531,-0.939778268,-1.455623150,0.819539189,-0.023017248,-0.192299679,0.539302051,0.451824009,-0.997169137,-1.298746228,0.906905293,0.275615633,0.307682306,0.083008394
454,684542,54897,viewpoint,moving_to_left,-1.072562695,1.408576250,-1.252161622,-0.208819553,0.139908507,0.146081775,0.956807256,0.356776953,-0.913499534,-1.400293827,0.807257473,0.059136942,-0.085637800,0.580951273,0.504229426,-0.951225996,-1.462189078,0.824200034,-0.027971234,-0.189255551,0.533004940,0.445516288,-1.009523630,-1.306300521,0.821735859,0.051559348,-0.092619441,0.559922695
455,684668,55023,viewpoint,moving_to_left,-1.060937405,1.408333659,-1.253253818,-0.208836794,0.145259768,0.146613896,0.955924273,0.358159661,-0.915982723,-1.402090430,0.815456569,0.059082750,-0.101590142,0.566762030,0.480755866,-0.908596933,-1.395677209,0.811601996,-0.020018931,-0.202702627,0.547551990,0.440172911,-1.002256155,-1.295104027,0.822790623,0.039701466,-0.100684538,0.557944417
456,684792,55147,viewpoint,moving_to_left,-1.048318624,1.408977389,-1.253131747,-0.205680132,0.149222970,0.145564735,0.956158519,0.355135441,-0.923968315,-1.399381995,0.811019123,0.051107869,-0.086905994,0.576266766,0.501527309,-0.958220720,-1.452192783,0.822018504,-0.018682294,-0.177975059,0.540612042,0.437900066,-1.007983327,-1.285569429,0.811636746,0.036422834,-0.050812762,0.580807447
457,684903,55258,viewpoint,moving_to_left,-1.037171602,1.408747554,-1.252181649,-0.203020811,0.151408002,0.145269260,0.956428230,0.350244284,-0.928480029,-1.394548655,0.810622394,0.057959780,-0.098052084,0.574384809,0.493255734,-0.957850277,-1.441290975,0.822094560,-0.033099689,-0.189565763,0.535844982,0.428176641,-1.003357530,-1.273927927,0.818582475,0.031844068,-0.127455041,0.559163630
458,685029,55384,viewpoint,moving_to_left,-1.030595303,1.410277724,-1.250470519,-0.200366616,0.152424440,0.146072090,0.956704199,0.343068480,-0.935383856,-1.394284368,0.808892608,0.044532407,-0.102453880,0.577245951,0.479469478,-0.955011129,-1.423175097,0.817758918,-0.034808133,-0.203194290,0.537374079,0.418971419,-1.011607766,-1.272612453,0.814746141,0.035020396,-0.093048222,0.571230590
459,685153,55508,viewpoint,moving_to_left,-1.027151108,1.412208200,-1.249101996,-0.197459608,0.156668693,0.144835755,0.956811011,0.348488212,-0.943024755,-1.384815693,0.809398293,0.051790390,-0.107586555,0.574993312,0.487200916,-0.966205359,-1.419501305,0.816407979,-0.032258723,-0.185593545,0.545886815,0.428473890,-1.028731346,-1.277042031,0.816811323,0.033698354,-0.087525398,0.569230199
460,685264,55619,viewpoint,moving_to_left,-1.026268959,1.412635565,-1.248488307,-0.197680995,0.151734814,0.142353117,0.957932353,0.343393564,-0.941247225,-1.390466452,0.806073189,0.059741233,-0.097104333,0.580730438,0.485004544,-0.967240453,-1.433172226,0.817251027,-0.024714025,-0.182940081,0.545914710,0.423262417,-1.019800544,-1.275845051,0.814704180,0.040460031,-0.090506203,0.571339428
461,685390,55745,viewpoint,moving_to_left,-1.029022932,1.413082123,-1.247906089,-0.199153155,0.145873770,0.138543203,0.959095776,0.344270885,-0.941738367,-1.403383613,0.940816998,0.243896201,0.235306069,0.003001946,0.480883300,-0.955308557,-1.432863832,0.812789023,-0.023464803,-0.184736893,0.551992476,0.423835933,-1.014602900,-1.284155130,0.813323200,0.040912624,-0.096404336,0.572309136
462,685511,55866,viewpoint,moving_to_left,-1.036008596,1.413562775,-1.245657802,-0.200271934,0.145132080,0.137437314,0.959134400,0.351258457,-0.932313204,-1.398037672,0.811300159,0.062767528,-0.099303104,0.572705209,0.491077483,-0.954952240,-1.438687325,0.819244385,-0.024080846,-0.196404770,0.538223028,0.436884582,-1.014767766,-1.286312222,0.803488016,0.039811876,-0.076643921,0.589022696
463,685636,55991,viewpoint,moving_to_left,-1.044190168,1.413424850,-1.243035913,-0.201138943,0.147042468,0.138060793,0.958572328,0.364805758,-0.933253527,-1.401426077,0.812344670,0.061261464,-0.105902359,0.570199907,0.501574516,-0.950889826,-1.433445811,0.815981030,-0.021630460,-0.203241631,0.540740132,0.447410047,-1.013092399,-1.287025809,0.819368422,0.047765031,-0.118173122,0.558917820
464,685748,56103,viewpoint,moving_to_left,-1.051692963,1.413004875,-1.239847064,-0.202802017,0.146568686,0.139109746,0.958142698,0.368714094,-0.927008033,-1.401395559,0.810345352,0.063181348,-0.095513783,0.574652672,0.514845014,-0.960482121,-1.456698656,0.817128539,-0.018524460,-0.184228390,0.545909941,0.453842402,-1.014890075,-1.298352599,0.817819118,0.046123624,-0.091676608,0.566250801
465,685875,56230,viewpoint,moving_to_left,-1.058309555,1.412938118,-1.236243129,-0.203116596,0.145976424,0.140839279,0.957913816,0.374247253,-0.933304429,-1.413725019,0.813155830,0.061775927,-0.104161523,0.569308221,0.514409363,-0.956768036,-1.454746962,0.821916759,-0.023644779,-0.189972341,0.536473930,0.453125358,-1.009389877,-1.295056343,0.818989038,0.041175269,-0.098036557,0.563870966
466,686000,56355,viewpoint,moving_to_left,-1.066948891,1.412864923,-1.232209325,-0.203126878,0.144676834,0.142191812,0.957908988,0.376196980,-0.933273435,-1.413553476,0.938074470,0.248570457,0.241253942,-0.005060141,0.519292533,-0.959242880,-1.462079287,0.817314327,-0.013358396,-0.190600827,0.543590188,0.457219899,-1.010284305,-1.299500585,0.820889354,0.043900203,-0.096307881,0.561193585
467,686111,56466,viewpoint,moving_to_left,-1.076457500,1.412142038,-1.227196097,-0.205011755,0.140168369,0.141536042,0.958274782,0.378243506,-0.921868265,-1.419179440,0.807381213,0.056949537,-0.081422731,0.581603527,0.523101807,-0.954615533,-1.477203727,0.823209524,-0.019415298,-0.199133754,0.531314373,0.460536063,-0.999319077,-1.304770350,0.822540164,0.046722073,-0.131468982,0.551326156
468,686236,56591,viewpoint,moving_to_left,-1.085260868,1.411269307,-1.221461415,-0.206312954,0.133835092,0.140018776,0.959123552,0.379509211,-0.916163802,-1.432742000,0.813999355,0.071404435,-0.111044057,0.565664053,0.520791531,-0.942257762,-1.483127832,0.822316825,-0.012517295,-0.197270870,0.533594131,0.460657954,-0.990790606,-1.314599276,0.817532539,0.050952062,-0.106568269,0.563637793
469,686360,56715,viewpoint,moving_to_left,-1.094604254,1.408756614,-1.214170337,-0.206185952,0.127196372,0.137448162,0.960425138,0.380341709,-0.910299301,-1.439525843,0.812120795,0.080284245,-0.113906041,0.566603661,0.517685592,-0.927881002,-1.480468869,0.819276154,-0.007589060,-0.206179962,0.534994364,0.469930470,-0.991135120,-1.331271768,0.830670357,0.044726834,-0.150279447,0.534230590
470,686472,56827,viewpoint,moving_to_left,-1.101211548,1.406316161,-1.209563136,-0.207863316,0.124181606,0.137066260,0.960512698,0.382634759,-0.902601182,-1.444548965,0.809602439,0.086323865,-0.104109578,0.571185887,0.522188544,-0.923827052,-1.493832111,0.819787204,-0.002624135,-0.202678293,0.535596490,0.474887967,-0.989236832,-1.344424963,0.828632891,0.048439927,-0.150536537,0.536991477
471,686598,56953,viewpoint,moving_to_left,-1.103381157,1.406281829,-1.207468152,-0.210063159,0.118603230,0.134025380,0.961168051,0.379810035,-0.890896320,-1.455037117,0.810750782,0.089514934,-0.110218063,0.567910373,0.521345556,-0.914596200,-1.510125875,0.818738282,0.007801764,-0.213072181,0.533110797,0.474399984,-0.978157818,-1.357437372,0.819820940,0.051314980,-0.124968588,0.556456029
472,686723,57078,viewpoint,moving_to_left,-1.104125261,1.406317592,-1.205946803,-0.208343357,0.118620105,0.134695232,0.961446583,0.379019141,-0.895693660,-1.454851627,0.814774573,0.085233584,-0.108324692,0.563154817,0.520171165,-0.918538451,-1.508919835,0.820803761,0.005823335,-0.198281795,0.535659969,0.465840816,-0.967553437,-1.336191893,0.820720851,0.054879971,-0.154489279,0.547301233
473,686847,57202,viewpoint,moving_to_left,-1.102516890,1.407743812,-1.207071662,-0.206175625,0.122211821,0.135768011,0.961313128,0.381114364,-0.906405926,-1.448373795,0.813480377,0.082058065,-0.104530990,0.566206098,0.522867858,-0.933109283,-1.503654838,0.861475050,0.274349064,0.427234024,-0.008029779,0.468123078,-0.979142666,-1.331269145,0.822139919,0.051962849,-0.156359032,0.544919848
474,686971,57326,viewpoint,moving_to_left,-1.098760843,1.408806920,-1.210941195,-0.207101956,0.119445957,0.136774391,0.961319029,0.367651343,-0.903558254,-1.448939204,0.811954439,0.085186720,-0.106196940,0.567622662,0.516255379,-0.937035799,-1.516826630,0.817661405,-0.006303371,-0.193462148,0.542183101,0.453065634,-0.971915960,-1.326418519,0.820560038,0.052821163,-0.160348475,0.546058178
475,687096,57451,viewpoint,moving_to_left,-1.094487190,1.408864141,-1.215592980,-0.208759785,0.121830449,0.139008343,0.960340261,0.364757717,-0.901653767,-1.449214578,0.810900629,0.086988106,-0.120037936,0.566095591,0.507108092,-0.927733243,-1.505036235,0.825159788,-0.005417895,-0.211652964,0.523722172,0.456000984,-0.986016333,-1.345018506,0.829217374,0.045702808,-0.163473785,0.532528102
476,687223,57578,viewpoint,moving_to_left,-1.088537216,1.409837008,-1.219263196,-0.208259508,0.126731247,0.140517309,0.959594727,0.367096663,-0.908520937,-1.445666671,0.818049192,0.074247979,-0.121506467,0.557242274,0.508921921,-0.934628546,-1.498382330,0.824116766,-0.010018370,-0.214696214,0.524058104,0.453305423,-0.986158788,-1.330502272,0.825342238,0.045208588,-0.151859164,0.541945755
477,687345,57700,viewpoint,moving_to_left,-1.081382275,1.411404133,-1.222594619,-0.206332952,0.129503444,0.139595494,0.959775329,0.365373075,-0.912477612,-1.435092092,0.814403594,0.075008132,-0.106518552,0.565485895,0.511946857,-0.945258975,-1.496652365,0.819057465,-0.011064128,-0.179476798,0.544803262,0.450575054,-0.991290629,-1.323073626,0.819014966,0.059148617,-0.101908110,0.561543167
478,687470,57825,viewpoint,moving_to_left,-1.075073719,1.412055492,-1.225930333,-0.204771817,0.131348789,0.138793483,0.959975183,0.364120305,-0.919977427,-1.431379080,0.813833773,0.073672697,-0.102857329,0.567157269,0.501025975,-0.937692404,-1.470409870,0.817836881,-0.008212665,-0.210912123,0.535342336,0.455093086,-1.008206964,-1.329810500,0.829725921,0.041219015,-0.140452817,0.538636208
479,687583,57938,viewpoint,moving_to_left,-1.069490433,1.410870314,-1.228638768,-0.205181554,0.132649988,0.139570624,0.959596038,0.361231446,-0.919864774,-1.433208942,0.816581726,0.069155470,-0.107711986,0.562858760,0.500787616,-0.941860974,-1.477332473,0.820254922,-0.009282172,-0.200871497,0.535487115,0.442274988,-0.993117809,-1.313092470,0.815775931,0.050393201,-0.104237124,0.566661119
480,687708,58063,viewpoint,moving_to_left,-1.065700531,1.410634518,-1.229744077,-0.203096271,0.133979648,0.140988126,0.959647715,0.352162123,-0.919087648,-1.417563796,0.808230639,0.074127711,-0.114450648,0.572860718,0.494814634,-0.947149992,-1.469394922,0.817520976,-0.020788074,-0.178002894,0.547304630,0.435760856,-0.998134136,-1.306167841,0.815653801,0.052069407,-0.103638694,0.566795111
481,687833,58188,viewpoint,moving_to_left,-1.065429211,1.411126375,-1.232277751,-0.202985510,0.137404069,0.143205360,0.958858311,0.354391396,-0.925724089,-1.418278098,0.812723994,0.064565487,-0.109433725,0.568625748,0.492516756,-0.945742846,-1.457603335,0.815079272,-0.016014112,-0.202939093,0.542406738,0.438381910,-1.004216790,-1.304032445,0.815268457,0.045623310,-0.135124967,0.561246037
482,687944,58299,viewpoint,moving_to_left,-1.067166090,1.412339568,-1.235272050,-0.201059878,0.136088908,0.142191678,0.959602118,0.353864491,-0.933979034,-1.415263295,0.813328862,0.067404017,-0.110584296,0.567207217,0.478170395,-0.927553892,-1.414673328,0.807056665,-0.010580550,-0.197743163,0.556278050,0.438672960,-1.015898228,-1.305922747,0.818268359,0.054004423,-0.100201152,0.563453794
483,688070,58425,viewpoint,moving_to_left,-1.070976496,1.412233233,-1.237985015,-0.203903913,0.130832538,0.139194816,0.960172296,0.351626456,-0.923305631,-1.414702415,0.808399200,0.076379336,-0.113679342,0.572480559,0.496872604,-0.953680158,-1.471560121,0.817511380,-0.014673671,-0.188582763,0.543963492,0.439231455,-1.007819533,-1.311102867,0.817793906,0.055191338,-0.100564107,0.563962758
484,688181,58536,viewpoint,moving_to_left,-1.076719761,1.413166881,-1.239720464,-0.203256771,0.128163040,0.136238992,0.961093068,0.357887149,-0.928506017,-1.415722013,0.810349703,0.078755461,-0.102884807,0.571441770,0.501778126,-0.957389534,-1.473152637,0.818741322,0.000700892,-0.188924044,0.542189956,0.443347692,-1.005162477,-1.302770138,0.814965308,0.059741236,-0.104144327,0.566936135
485,688304,58659,viewpoint,moving_to_left,-1.081932306,1.413360953,-1.240904450,-0.202509537,0.128743067,0.136260971,0.961170137,0.362888753,-0.933880329,-1.414655089,0.807177186,0.083488770,-0.104639024,0.574930668,0.506000817,-0.960999012,-1.468566775,0.819711804,-0.013940697,-0.201721117,0.535898209,0.451703608,-1.016725183,-1.309552193,0.815091550,0.057921100,-0.103165627,0.567122459
486,688429,58784,viewpoint,moving_to_left,-1.085929632,1.413164616,-1.240941644,-0.203605101,0.130012602,0.135582253,0.960863769,0.373401403,-0.933777452,-1.412229180,0.934370518,0.267170042,0.235730380,-0.001771397,0.517048240,-0.957866549,-1.464920878,0.817928791,-0.009324024,-0.177446947,0.547191203,0.461214423,-1.013883591,-1.305975318,0.816252351,0.060215026,-0.096856095,0.566326022
487,688541,58896,viewpoint,moving_to_left,-1.089121342,1.414012432,-1.239848256,-0.200751022,0.131855354,0.134939060,0.961303651,0.382308125,-0.944519043,-1.411180258,0.814129233,0.072173513,-0.106330663,0.566284657,0.528937638,-0.982157052,-1.476768851,0.865761220,0.266590208,0.422985971,0.021681072,0.470813811,-1.029366612,-1.307041407,0.812695742,0.059398904,-0.093241811,0.572104394
488,688668,59023,viewpoint,moving_to_left,-1.091919899,1.414506435,-1.239707351,-0.198919892,0.132627815,0.133904636,0.961722553,0.385205209,-0.948332429,-1.399746299,0.934939146,0.264472604,0.236479566,0.004526582,0.529460371,-0.975694597,-1.455635905,0.818896949,-0.010136123,-0.203416362,0.536588192,0.472253919,-1.026985168,-1.292581558,0.813045084,0.059542377,-0.098181672,0.570765078
489,688791,59146,viewpoint,moving_to_left,-1.095319510,1.414509296,-1.239726424,-0.198825657,0.132244557,0.134379297,0.961728632,0.388816953,-0.952240705,-1.406056285,0.811340094,0.072012275,-0.108786017,0.569830716,0.487403274,-0.899336457,-1.339182496,0.787292421,-0.015759291,-0.189172849,0.586631060,0.474529624,-1.028418422,-1.291084886,0.816599488,0.059083436,-0.132931709,0.558572888
490,688903,59258,viewpoint,moving_to_left,-1.097873688,1.414582729,-1.239803433,-0.198397800,0.131301582,0.135203198,0.961830735,0.383164763,-0.946221888,-1.394563794,0.805070519,0.076574787,-0.116884522,0.576485753,0.530741453,-0.981248021,-1.458458424,0.816868305,-0.010990279,-0.176941365,0.548905373,0.472285390,-1.031525970,-1.294052124,0.813027978,0.058666263,-0.101195849,0.570353568
491,689029,59384,viewpoint,moving_to_left,-1.099079609,1.414807320,-1.239690423,-0.197859526,0.131355256,0.135593638,0.961879313,0.382855356,-0.949977815,-1.395125270,0.805600822,0.077214256,-0.104636833,0.578010738,0.530295908,-0.984180689,-1.457340121,0.815631628,-0.013725273,-0.174220368,0.551546931,0.472681999,-1.036107302,-1.295361400,0.813486397,0.055667575,-0.101800323,0.569892764
492,689139,59494,viewpoint,moving_to_left,-1.100143433,1.415021896,-1.240147948,-0.197825834,0.131380454,0.135744020,0.961861551,0.385212243,-0.955037355,-1.399895906,0.805833578,0.081916958,-0.100905143,0.577702343,0.528949320,-0.981243134,-1.451429129,0.816718340,-0.013075254,-0.190180063,0.544639111,0.469984710,-1.029619098,-1.285986662,0.812268734,0.058224734,-0.099330634,0.571806669
493,689265,59620,viewpoint,moving_to_left,-1.101261377,1.414951921,-1.240552783,-0.197843164,0.132521078,0.135402963,0.961749613,0.391541064,-0.957916498,-1.403395176,0.809972286,0.072083570,-0.106222108,0.572246253,0.489547253,-0.906853437,-1.340134382,0.872474611,0.275604904,0.402128071,-0.033511534,0.478291929,-1.039235950,-1.294818163,0.817014217,0.057053246,-0.102875672,0.564490318
494,689375,59730,viewpoint,moving_to_left,-1.102855206,1.414680719,-1.240670800,-0.197941020,0.132436275,0.136496693,0.961586535,0.389787495,-0.956357241,-1.399356842,0.808078885,0.074255884,-0.106205143,0.574643314,0.534158826,-0.987893462,-1.456738949,0.818507135,-0.011081694,-0.202164158,0.537636578,0.476480663,-1.038103342,-1.292610049,0.813774705,0.056594472,-0.098375127,0.569991350
495,689501,59856,viewpoint,left,-1.104442358,1.414655328,-1.241051793,-0.197905988,0.132853881,0.137412116,0.961405754,0.390516043,-0.958341479,-1.400229216,0.811255276,0.072612286,-0.108890943,0.569855273,0.504517257,-0.933778584,-1.376680970,0.803035736,-0.014495791,-0.204976395,0.559381902,0.478256106,-1.042523623,-1.295646429,0.815181911,0.053844910,-0.100550063,0.567863464
496,689626,59981,viewpoint,left,-1.105673313,1.414405465,-1.241753936,-0.198340431,0.133358762,0.137507409,0.961232662,0.389126599,-0.952106178,-1.391634941,0.806512773,0.076847948,-0.101888634,0.577278316,0.537157834,-0.988644660,-1.456662774,0.820906103,-0.016593758,-0.208562657,0.531356156,0.476277292,-1.033151269,-1.285197854,0.814564049,0.057079513,-0.100301236,0.568477869
497,689737,60092,viewpoint,left,-1.106618643,1.414165497,-1.242522120,-0.199147210,0.132658228,0.137367517,0.961182773,0.391055882,-0.952651739,-1.396645546,0.807106912,0.077870488,-0.116487518,0.573537648,0.497498333,-0.914758205,-1.355636716,0.792623699,-0.013730629,-0.176971629,0.583301067,0.479379952,-1.037587881,-1.293644428,0.813124657,0.059685931,-0.096712850,0.570887506
498,689862,60217,viewpoint,left,-1.107321978,1.413905978,-1.243096948,-0.199418694,0.131926492,0.137634322,0.961189032,0.390083492,-0.952924967,-1.398910642,0.810344517,0.072829969,-0.106675304,0.571540058,0.528079927,-0.971439779,-1.438994884,0.814680398,-0.009692180,-0.203044325,0.543115854,0.476584136,-1.033901811,-1.291351914,0.816829562,0.054826889,-0.103942104,0.564782798
499,689972,60327,viewpoint,left,-1.108019114,1.413615942,-1.244045377,-0.200031355,0.131748036,0.137619406,0.961088359,0.391351044,-0.954064548,-1.403331041,0.811331153,0.072279751,-0.108165912,0.569927573,0.534381270,-0.983260989,-1.457293391,0.820483804,-0.009462206,-0.200137407,0.535408080,0.479111910,-1.037953496,-1.297445297,0.819588721,0.057094496,-0.103505656,0.560625672
500,690096,60451,viewpoint,left,-1.108849049,1.413581848,-1.244911551,-0.200111851,0.132031277,0.138297170,0.960935414,0.390193462,-0.952719331,-1.398985386,0.810691178,0.072105907,-0.107118808,0.571057022,0.504032016,-0.931328773,-1.377663612,0.865469933,0.278359503,0.416454524,-0.006594811,0.476271510,-1.032967567,-1.290123940,0.819075167,0.054916941,-0.104543924,0.561400592
501,690221,60576,viewpoint,left,-1.109534025,1.413551927,-1.246027112,-0.200309142,0.131897211,0.138182819,0.960929215,0.387652934,-0.946961403,-1.391693592,0.800873041,0.070102371,-0.089270480,0.587978601,,,,,,,,0.475025415,-1.028270483,-1.283941865,0.815781116,0.056833409,-0.104559436,0.565984547
502,690335,60690,viewpoint,left,-1.110650301,1.413381696,-1.247235179,-0.200934500,0.132035643,0.137853444,0.960826933,0.393415451,-0.950914621,-1.397799611,0.811828136,0.069596589,-0.110538155,0.569098175,0.497850657,-0.910345018,-1.351007938,0.801132739,-0.015138542,-0.203940436,0.562463760,0.480876029,-1.034978271,-1.292995930,0.819127142,0.054275319,-0.103527747,0.561575413
503,690459,60814,viewpoint,left,-1.111487389,1.413242936,-1.247909665,-0.201112747,0.131718129,0.137431651,0.960893631,0.393625975,-0.948852301,-1.394779086,0.808813512,0.073756844,-0.119517118,0.571048498,0.542715430,-0.984518349,-1.457479596,0.826816559,-0.017955743,-0.149317920,0.541992664,0.479933500,-1.030614376,-1.287557006,0.815617383,0.058705527,-0.097632065,0.567265213
504,690568,60923,viewpoint,left,-1.112314224,1.413159370,-1.247990012,-0.201147527,0.131182522,0.137213841,0.960990727,0.393166661,-0.948863029,-1.395206451,0.810337007,0.073941045,-0.110611089,0.570659161,0.535957575,-0.978603125,-1.451438904,0.823612869,-0.015644561,-0.209009260,0.527002990,0.479669869,-1.029937625,-1.287069559,0.816528082,0.059911065,-0.099869810,0.565436661
505,690694,61049,viewpoint,left,-1.112725735,1.413291216,-1.247833371,-0.201000705,0.130849063,0.136695415,0.961140752,0.393158138,-0.948093534,-1.393793464,0.808751285,0.074255899,-0.116956681,0.571601748,0.530877948,-0.968050122,-1.437039852,0.817480564,-0.009339780,-0.204319298,0.538416088,0.480974674,-1.032116890,-1.290106773,0.815603256,0.059987728,-0.097449310,0.567182958
506,690804,61159,viewpoint,left,-1.113398552,1.413343430,-1.247157931,-0.200940326,0.130460769,0.136823237,0.961188018,0.394327998,-0.951311469,-1.398809552,0.810593426,0.074559428,-0.108982041,0.570528030,0.531046331,-0.968458116,-1.437956929,0.817153096,-0.009699935,-0.202149272,0.539724410,0.480819166,-1.031538129,-1.289951921,0.814493597,0.058782753,-0.098988272,0.568635166
507,690932,61287,viewpoint,left,-1.113569498,1.413708448,-1.245966077,-0.200247690,0.130297109,0.136663973,0.961377382,0.393758237,-0.950970531,-1.395022869,0.809319437,0.077703454,-0.116039760,0.570525229,0.508214831,-0.932567477,-1.380432367,0.869000793,0.270654470,0.414098322,-0.010313245,0.484042048,-1.039309502,-1.296191692,0.816535711,0.063844025,-0.094731964,0.565879107
508,691056,61411,viewpoint,left,-1.113694191,1.413822055,-1.244992852,-0.200075462,0.130224094,0.136316389,0.961472511,0.393952250,-0.950864673,-1.394857526,0.808863580,0.078198455,-0.111633152,0.571981430,0.540104628,-0.981905699,-1.452900887,0.817355990,-0.013414023,-0.188772932,0.544163644,0.483489394,-1.036376357,-1.293743134,0.817366660,0.058340572,-0.101068109,0.564175069
509,691167,61522,viewpoint,left,-1.113656282,1.414115906,-1.243909478,-0.199327782,0.130341113,0.136162952,0.961633682,0.392237127,-0.948980212,-1.389180779,0.804942131,0.076368257,-0.116666302,0.576736450,0.532809794,-0.973895431,-1.439510107,0.815623105,-0.010280273,-0.216595396,0.536413789,0.485194325,-1.041009188,-1.296749353,0.818262339,0.059806377,-0.104526788,0.562089145
510,691292,61647,viewpoint,left,-1.113320589,1.414329886,-1.242961049,-0.198884085,0.130322859,0.135907486,0.961764157,0.397933304,-0.964652181,-1.406943798,0.932986319,0.271664441,0.235803157,0.011481645,0.547675014,-0.999518812,-1.473131657,0.821730912,-0.017386664,-0.187809765,0.537757874,0.482656538,-1.036396861,-1.290390968,0.815023005,0.058820911,-0.105116755,0.566769898
511,691404,61759,viewpoint,left,-1.112744570,1.414652228,-1.242122769,-0.198070392,0.129659772,0.135515794,0.962076902,0.394130647,-0.955602765,-1.395855546,0.809194982,0.075552911,-0.118800312,0.570422411,0.532825232,-0.976933241,-1.440761566,0.815353215,-0.009897665,-0.202086255,0.542459428,0.484272301,-1.042754054,-1.296308517,0.813878775,0.063807003,-0.093376160,0.569921911
512,691529,61884,viewpoint,left,-1.112214565,1.415027857,-1.241196036,-0.197511286,0.129887119,0.135326490,0.962187827,0.394474089,-0.958232224,-1.397468925,0.805067718,0.077477522,-0.116684400,0.576409578,0.535304785,-0.982796550,-1.446531177,0.816142678,-0.006129301,-0.200767159,0.541817427,0.482151091,-1.040277839,-1.291333675,0.813517392,0.062759757,-0.099536136,0.569511354
513,691653,62008,viewpoint,left,-1.111418724,1.415217638,-1.240840077,-0.197093651,0.129924312,0.135502890,0.962243617,0.392598927,-0.961252213,-1.398107529,0.804658353,0.082754739,-0.087356016,0.581416845,0.506730318,-0.937765360,-1.376385450,0.866318762,0.279830992,0.413697988,-0.006360708,0.478203356,-1.035197377,-1.284054875,0.813364387,0.058579221,-0.106679775,0.568881631
514,691765,62120,viewpoint,left,-1.110629559,1.415230989,-1.240877271,-0.197240874,0.130817249,0.135444164,0.962100685,0.392788768,-0.956215978,-1.392498970,0.806280434,0.077917449,-0.104410641,0.577008843,0.534654438,-0.982601166,-1.444322586,0.816324472,-0.011971759,-0.204563603,0.540023029,0.483184934,-1.042145371,-1.292410970,0.813469768,0.061597414,-0.097291343,0.570093870
515,691888,62243,viewpoint,left,-1.109840393,1.415186286,-1.241012931,-0.197347656,0.130844489,0.135312393,0.962093651,0.392442822,-0.953916788,-1.390342116,0.804254711,0.075808622,-0.117737614,0.577551067,0.538588703,-0.986445367,-1.450276971,0.814597547,-0.016950637,-0.177608505,0.551904619,0.481600404,-1.039173961,-1.289603353,0.813198626,0.060785919,-0.098288268,0.570396721
516,692001,62356,viewpoint,left,-1.108985424,1.414971352,-1.241335750,-0.197911769,0.129992440,0.134833962,0.962160408,0.394636214,-0.962385237,-1.404308558,0.937028825,0.266167432,0.226010948,0.007141790,0.542841017,-0.993405521,-1.467326164,0.826243281,-0.018204670,-0.210114628,0.522343218,0.481329441,-1.037656903,-1.292853355,0.814533949,0.058872040,-0.103489734,0.567766190
517,692126,62481,viewpoint,left,-1.108786583,1.414817691,-1.241484284,-0.197991580,0.129847676,0.135152742,0.962118804,0.390345514,-0.952479362,-1.394577861,0.804262519,0.079265684,-0.113144621,0.577994049,0.493315578,-0.911520720,-1.349244714,0.872170091,0.277386755,0.401831418,-0.030123984,0.479973972,-1.038229823,-1.293528795,0.816228211,0.063620865,-0.102296598,0.565030456
518,692236,62591,viewpoint,left,-1.108582258,1.414569378,-1.241814494,-0.198267967,0.129803404,0.135375679,0.962036550,0.390443444,-0.953530073,-1.398061037,0.810072422,0.076898761,-0.105407231,0.571628094,0.540481091,-0.988216579,-1.460352063,0.818460584,-0.015995668,-0.142107546,0.556481779,0.480291784,-1.038802505,-1.295927644,0.814878047,0.064436480,-0.097604364,0.567710340
519,692362,62717,viewpoint,left,-1.108735561,1.414407969,-1.242308736,-0.198701262,0.130118683,0.135411069,0.961899579,0.392771900,-0.956094742,-1.401416183,0.806307733,0.083340906,-0.107272573,0.575686395,0.535915494,-0.980610609,-1.450814962,0.816190004,-0.013619596,-0.191528648,0.544945180,0.479883790,-1.035607219,-1.292883754,0.817662954,0.058884654,-0.103181496,0.563305795
520,692484,62839,viewpoint,left,-1.109203100,1.414147377,-1.242465377,-0.198740348,0.130723983,0.135566503,0.961787522,0.393372595,-0.953430295,-1.397067547,0.809875131,0.073042199,-0.107837424,0.571960032,0.534556270,-0.977944314,-1.445904732,0.815566421,-0.006435950,-0.199532673,0.543136060,0.481435537,-1.036086679,-1.291722417,0.812743068,0.059605233,-0.097883143,0.571239710
521,692599,62954,viewpoint,left,-1.110020161,1.414068103,-1.242845654,-0.198500216,0.130958378,0.135878295,0.961761236,0.392365754,-0.950678706,-1.389920712,0.805907428,0.076159991,-0.117507085,0.575243473,0.532144845,-0.975317478,-1.438982129,0.815700710,-0.010904993,-0.208049789,0.539656043,0.480512142,-1.034658909,-1.287839174,0.814220071,0.058414150,-0.100088134,0.568872452
522,692721,63076,viewpoint,left,-1.110713482,1.414040208,-1.243362069,-0.198947504,0.130380154,0.136091799,0.961717188,0.394838929,-0.957608461,-1.402677059,0.811765552,0.072620481,-0.108474813,0.569206595,0.515521526,-0.945672274,-1.397871256,0.867256820,0.267481625,0.419824779,-0.008149101,0.482932866,-1.041239619,-1.297689438,0.813580513,0.055240873,-0.098804265,0.570327103
523,692834,63189,viewpoint,left,-1.111641884,1.413891077,-1.243686795,-0.198952392,0.130263969,0.136421308,0.961685240,0.396155119,-0.966273606,-1.409677863,0.937492430,0.265213311,0.225078583,0.010467961,0.535663128,-0.983989120,-1.452543855,0.819709361,-0.009585658,-0.200643077,0.536401868,0.480472028,-1.037870884,-1.292338610,0.816785097,0.057989087,-0.107691079,0.563828051
524,692957,63312,viewpoint,left,-1.112400770,1.413947344,-1.244035125,-0.199001074,0.129954576,0.136626348,0.961687922,0.390014410,-0.951632857,-1.392872930,0.804182112,0.079415336,-0.112494506,0.578212202,0.528686285,-0.972721279,-1.438030958,0.814931571,-0.008660653,-0.213392004,0.538772285,0.479725957,-1.037518382,-1.292123079,0.815335929,0.060220487,-0.104462296,0.566293597
525,693070,63425,viewpoint,left,-1.112694740,1.413826942,-1.244322658,-0.199330196,0.129704148,0.136806637,0.961627901,0.390765488,-0.952586532,-1.395463943,0.806323171,0.080468185,-0.111711577,0.575228989,0.497750640,-0.915260553,-1.356279254,0.792548418,-0.013155908,-0.176364809,0.583600402,0.481866777,-1.041078568,-1.297279596,0.818175673,0.062311254,-0.102979481,0.562228680
526,693195,63550,viewpoint,left,-1.112715244,1.413802028,-1.244281650,-0.199361846,0.129566327,0.136589885,0.961670756,0.391885102,-0.954821229,-1.398904204,0.806539237,0.082202315,-0.110075973,0.574996114,0.532326102,-0.976634622,-1.444562554,0.813429654,-0.011976817,-0.202654541,0.545087039,0.481533825,-1.039499760,-1.296265483,0.818968058,0.060418595,-0.104003154,0.561092138
527,693318,63673,viewpoint,left,-1.112684488,1.413814783,-1.244264483,-0.199443907,0.129867420,0.135808930,0.961723745,0.394078374,-0.952073872,-1.396587849,0.810110569,0.076912172,-0.116920717,0.569328487,0.501782715,-0.920280755,-1.361931443,0.863358378,0.281456560,0.418637335,-0.011715778,0.483702898,-1.038829803,-1.296050668,0.814071357,0.062788472,-0.092573218,0.569890857
528,693431,63786,viewpoint,left,-1.112692118,1.413756013,-1.243947864,-0.199330688,0.130251184,0.136030868,0.961663961,0.393434823,-0.951345801,-1.393582106,0.806843042,0.079239435,-0.114228465,0.574175298,0.497985005,-0.913465023,-1.352364659,0.871623993,0.276740998,0.403725743,-0.026297679,0.485304892,-1.041656494,-1.297842622,0.817525029,0.061979238,-0.098406509,0.564027965
529,693542,63897,viewpoint,left,-1.112462282,1.414059162,-1.243598580,-0.198727563,0.130331025,0.135893896,0.961797297,0.393982649,-0.954327106,-1.393953562,0.806598544,0.079305261,-0.111007571,0.575140774,0.540274858,-0.985989690,-1.452916861,0.817735434,-0.014639543,-0.187396750,0.544037580,0.485842168,-1.043742061,-1.297916174,0.817673981,0.059369050,-0.100541905,0.563716292
530,693667,64022,viewpoint,left,-1.112251997,1.414158106,-1.243314385,-0.198531747,0.130874515,0.135580584,0.961808145,0.398135900,-0.959749579,-1.400973678,0.810591698,0.074019037,-0.106915355,0.570991576,0.541149020,-0.986817002,-1.453303576,0.816026807,-0.003088016,-0.191278726,0.545438588,0.484947920,-1.039909005,-1.291268587,0.814900041,0.061108105,-0.097631454,0.568042159
531,693778,64133,viewpoint,left,-1.111973047,1.414477110,-1.243167758,-0.197931558,0.131399140,0.135285169,0.961901903,0.396358013,-0.955731273,-1.391158223,0.806846857,0.077103645,-0.113476217,0.574609637,0.542521596,-0.986876130,-1.448892117,0.815225899,-0.014300778,-0.188169822,0.547534764,0.487396240,-1.041603923,-1.290051341,0.815939426,0.058683470,-0.130164936,0.560228825
532,693904,64259,viewpoint,left,-1.111470699,1.414710522,-1.243088841,-0.197518125,0.131430030,0.135041490,0.962016940,0.395771503,-0.955699146,-1.388758540,0.805652022,0.076797545,-0.114514530,0.576119244,0.538267434,-0.982838392,-1.441263676,0.816349149,-0.014219292,-0.204308018,0.540027916,0.487164497,-1.045039654,-1.292653799,0.815406621,0.060184706,-0.099440739,0.567099094
533,694027,64382,viewpoint,left,-1.110941172,1.414945602,-1.242997527,-0.197396472,0.131488681,0.134625688,0.962092161,0.396486580,-0.957528412,-1.390087843,0.804629028,0.078111619,-0.110958174,0.578064859,0.537544787,-0.981749535,-1.439279079,0.816961348,-0.011918316,-0.202012300,0.540021479,0.484944105,-1.039573789,-1.285719275,0.813923717,0.058043886,-0.104121424,0.568610489
534,694139,64494,viewpoint,left,-1.110428572,1.415261865,-1.242749333,-0.196804240,0.131975308,0.134322166,0.962189257,0.396534562,-0.957107425,-1.387140989,0.807108045,0.074344486,-0.107252665,0.575800598,0.539072216,-0.984226465,-1.439270973,0.814230144,-0.006883692,-0.195638224,0.546541452,0.487526059,-1.045426488,-1.289122462,0.813312232,0.060241401,-0.095594786,0.570750296
535,694252,64607,viewpoint,left,-1.109986067,1.415610433,-1.242502570,-0.195822522,0.132002503,0.134353131,0.962381482,0.396660388,-0.962741375,-1.389184833,0.804200828,0.080491796,-0.105714224,0.579315722,0.507415473,-0.930594504,-1.357117534,0.795965910,-0.007536319,-0.194930851,0.573047578,0.487237751,-1.048026681,-1.288940430,0.808301389,0.058120545,-0.091336958,0.578730047
536,694375,64730,viewpoint,left,-1.109302044,1.415893197,-1.242263198,-0.195293590,0.132087737,0.134153545,0.962505102,0.395862758,-0.962928176,-1.387111425,0.803328276,0.076622404,-0.112685077,0.579736829,0.539303124,-0.990135849,-1.439995527,0.812890708,-0.004037025,-0.191977069,0.549852073,0.483987212,-1.043512344,-1.281606317,0.810326219,0.057222426,-0.100574583,0.574440420
537,694499,64854,viewpoint,left,-1.108681440,1.416119337,-1.241746783,-0.194617718,0.132380858,0.134201005,0.962595105,0.396260440,-0.966022253,-1.387695312,0.803953111,0.078059226,-0.111845188,0.578840911,0.513433695,-0.948883057,-1.376444459,0.869237125,0.274841130,0.410740376,-0.013474732,0.486566067,-1.050970912,-1.286814094,0.813189805,0.060025986,-0.097268865,0.570664525
538,694610,64965,viewpoint,left,-1.108260393,1.416128635,-1.241631389,-0.194695860,0.133090824,0.133796543,0.962537706,0.398632228,-0.965498805,-1.388208866,0.807333350,0.073002733,-0.106461369,0.575803280,0.547752619,-1.008448005,-1.461724520,0.870368421,0.259230286,0.418081582,0.021593696,0.487325132,-1.049887061,-1.285289884,0.813482523,0.060215488,-0.097661130,0.570160151
539,694723,65078,viewpoint,left,-1.107957125,1.416099548,-1.241547704,-0.194895402,0.133072227,0.133858651,0.962491274,0.399581134,-0.965228677,-1.389445305,0.805296302,0.074797131,-0.117311858,0.576316953,0.547354221,-1.000731468,-1.452131987,0.816968083,-0.016552914,-0.176394746,0.548793256,0.492419839,-1.058601499,-1.296832323,0.815769494,0.063400328,-0.093292326,0.567271590
540,694847,65202,viewpoint,left,-1.107504129,1.416070104,-1.241194367,-0.195083320,0.132841408,0.133766815,0.962497830,0.401457012,-0.969923258,-1.399042130,0.808446944,0.074333429,-0.105371147,0.574269116,0.542878330,-0.994383395,-1.446633697,0.815186203,-0.004952374,-0.191817269,0.546491563,0.485632956,-1.044740796,-1.283405781,0.811005414,0.057697773,-0.098818012,0.573738873
541,694959,65314,viewpoint,left,-1.107172251,1.415810704,-1.240996242,-0.195644662,0.133060932,0.133823618,0.962345660,0.398690343,-0.962093472,-1.390619040,0.806053042,0.075671598,-0.101545684,0.578135610,0.541321993,-0.989822030,-1.443183661,0.815057576,-0.007501798,-0.195450261,0.545365989,0.486309648,-1.043856978,-1.285431504,0.812160075,0.056882251,-0.096905075,0.572511911
542,695082,65437,viewpoint,left,-1.106593132,1.415625572,-1.241064429,-0.196125239,0.132861882,0.133728668,0.962288558,0.395392239,-0.953798652,-1.382731199,0.805051506,0.074437879,-0.104126856,0.579231143,0.502172828,-0.916057765,-1.342018127,0.793455839,-0.007829203,-0.196327999,0.576039851,0.489611208,-1.049114466,-1.293872952,0.815099239,0.061586522,-0.093772978,0.568354666
543,695209,65564,viewpoint,left,-1.106325388,1.415455222,-1.241166711,-0.196434945,0.132136524,0.133806676,0.962314427,0.396250308,-0.959021449,-1.391738176,0.806522012,0.078121975,-0.101549819,0.577154160,0.544219792,-0.993676066,-1.453475952,0.816213489,-0.017365174,-0.186036676,0.546703219,0.484546721,-1.040877342,-1.286664009,0.815455079,0.058490086,-0.100331634,0.567049861
544,695334,65689,viewpoint,left,-1.106128931,1.415207863,-1.241746783,-0.196896881,0.132121980,0.133743510,0.962230802,0.395770848,-0.955422163,-1.389215350,0.808019698,0.073900051,-0.118833527,0.572295010,0.546682894,-1.000554681,-1.466804385,0.879032791,0.249424800,0.405923724,0.017736383,0.485622883,-1.043106556,-1.290458202,0.814264297,0.062196966,-0.096390299,0.569046676
545,695445,65800,viewpoint,left,-1.106032848,1.415045738,-1.242184043,-0.197195843,0.132407039,0.133977115,0.962097883,0.394900918,-0.953883410,-1.387316942,0.807137609,0.074917398,-0.111180916,0.574939251,0.539620101,-0.984797716,-1.444466114,0.815623283,-0.015937444,-0.206200019,0.540357530,0.486985803,-1.044563055,-1.292398810,0.815458298,0.061938960,-0.096830152,0.567287624
546,695568,65923,viewpoint,left,-1.105915546,1.414946318,-1.242809892,-0.197016284,0.132687762,0.134194195,0.962065756,0.395861566,-0.956552386,-1.389180183,0.804498374,0.076941364,-0.113719851,0.577866912,0.536139369,-0.980810404,-1.437521458,0.815462530,-0.009050817,-0.211103737,0.538863778,0.482570589,-1.037175536,-1.282241225,0.813602984,0.059018150,-0.100078590,0.569694042
547,695681,66036,viewpoint,left,-1.106084824,1.414838910,-1.243440032,-0.197181553,0.133342192,0.134435877,0.961907625,0.396497488,-0.957432330,-1.388774395,0.807534277,0.075128242,-0.092756517,0.577616155,0.538308859,-0.982409477,-1.437751651,0.813775539,-0.007184815,-0.195306867,0.547332585,0.482888460,-1.035873652,-1.280395985,0.811461210,0.055680066,-0.097080812,0.573590279
548,695805,66160,viewpoint,left,-1.106007576,1.414679289,-1.243958116,-0.197537437,0.133689940,0.134302601,0.961804986,0.399331212,-0.958008111,-1.391960382,0.809911132,0.070206612,-0.107806027,0.572269917,0.537424445,-0.977760613,-1.434155464,0.815735340,-0.011581117,-0.201376006,0.542115748,0.483515143,-1.031054854,-1.274538636,0.814365566,0.056113023,-0.133292720,0.562043667
549,695915,66270,viewpoint,left,-1.105983257,1.414577723,-1.244221330,-0.197922155,0.134215444,0.133781478,0.961725295,0.403238058,-0.960896611,-1.396748304,0.807048976,0.079051517,-0.096249908,0.577199042,0.543929219,-0.983129501,-1.441790104,0.817680001,-0.008329633,-0.197464198,0.540682852,0.491044581,-1.043117523,-1.289975286,0.816422343,0.060069140,-0.096448690,0.566166043
550,696042,66397,viewpoint,left,-1.106051445,1.414689302,-1.244106412,-0.197979406,0.133834645,0.133690849,0.961779177,0.402788460,-0.960556984,-1.396209478,0.804140866,0.083762489,-0.090033852,0.581579983,0.505702734,-0.913558006,-1.343376517,0.794999003,-0.007213818,-0.192390636,0.575248063,0.490146816,-1.041125298,-1.288479686,0.814816415,0.059377789,-0.095416032,0.568721533
551,696152,66507,viewpoint,left,-1.106271744,1.414806962,-1.243432641,-0.197669983,0.133081436,0.133427471,0.961983919,0.398741066,-0.954515219,-1.387801766,0.806654692,0.076155432,-0.112997338,0.575100064,0.547069728,-0.991795242,-1.454994082,0.823166311,-0.015188502,-0.206934378,0.528530777,0.489315212,-1.042070150,-1.289534569,0.814119101,0.061181247,-0.096854828,0.569285691
552,696278,66633,viewpoint,left,-1.106597424,1.414982677,-1.243057132,-0.197205931,0.133251205,0.133275867,0.962076664,0.398250759,-0.955746770,-1.387019157,0.806579411,0.077761255,-0.099126250,0.577543855,0.542838633,-0.983574092,-1.441237569,0.813870788,-0.003872470,-0.191381842,0.548609436,0.485646605,-1.034518123,-1.278949976,0.813162029,0.058950145,-0.099957280,0.570351601
553,696388,66743,viewpoint,left,-1.106820583,1.415173292,-1.242883563,-0.197136015,0.132852882,0.133252874,0.962149262,0.399168730,-0.956678867,-1.388365507,0.805086851,0.077253602,-0.112550281,0.577234328,0.548504710,-0.994217992,-1.454608798,0.815675795,-0.015043312,-0.184065834,0.548239529,0.485565782,-1.035201669,-1.280153751,0.808825016,0.059363134,-0.091423735,0.577857912
554,696514,66869,viewpoint,left,-1.106909513,1.415406585,-1.242512822,-0.196964219,0.132937476,0.132907525,0.962220550,0.401062548,-0.960688889,-1.392193913,0.802010238,0.083615668,-0.079745978,0.586027801,0.512966692,-0.930410504,-1.360827804,0.865737021,0.283522010,0.412370324,-0.008088049,0.487943649,-1.038332343,-1.283085585,0.812501192,0.056386087,-0.096722528,0.572107673
555,696624,66979,viewpoint,left,-1.106926441,1.415518522,-1.242265105,-0.196664438,0.133118078,0.132191285,0.962355494,0.402395546,-0.958523810,-1.389841080,0.807958782,0.075625740,-0.103566043,0.575115263,0.550525963,-0.992064953,-1.450757980,0.816685021,-0.014650130,-0.184859842,0.546477675,0.491454601,-1.041413307,-1.285941243,0.812614501,0.060528044,-0.094598852,0.571878552
556,696752,67107,viewpoint,left,-1.106991053,1.415489674,-1.241930604,-0.196689308,0.133153513,0.132275179,0.962333977,0.403743207,-0.960020185,-1.391890287,0.807717144,0.076112472,-0.110396087,0.574119031,0.545868158,-0.984989285,-1.441412210,0.816904843,-0.010192681,-0.198939696,0.541281521,0.492121458,-1.041774392,-1.286458969,0.813001931,0.060373541,-0.093248650,0.571565986
557,696875,67230,viewpoint,left,-1.106889486,1.415621877,-1.241523623,-0.196301267,0.133396864,0.132112786,0.962401867,0.402839303,-0.959692717,-1.389069915,0.804974318,0.077198453,-0.112718165,0.577365935,0.505594850,-0.912887692,-1.336503983,0.791697979,-0.003560633,-0.187708154,0.581349611,0.491853058,-1.042003393,-1.284965754,0.811849713,0.058203831,-0.094011202,0.573301196
558,696986,67341,viewpoint,left,-1.106847763,1.415771484,-1.241444230,-0.195981964,0.133565202,0.131984517,0.962461174,0.402569294,-0.960042715,-1.386965752,0.804977477,0.078085497,-0.108514965,0.578047156,0.517298043,-0.935301483,-1.362772226,0.865553916,0.283951133,0.412470430,-0.007508052,0.491052508,-1.041249633,-1.282567143,0.811833739,0.056145143,-0.097321823,0.572976530
559,697110,67465,viewpoint,left,-1.106725216,1.415825248,-1.241346955,-0.195663095,0.133748218,0.132014066,0.962496579,0.403147459,-0.962795973,-1.388618469,0.802781284,0.080105118,-0.109229498,0.580684304,0.542253256,-0.981589973,-1.429743052,0.813597679,-0.009465657,-0.196285039,0.547212422,0.492776334,-1.046425939,-1.285705686,0.814072490,0.059081517,-0.094020709,0.570048630
560,697223,67578,viewpoint,left,-1.106432915,1.415972233,-1.241599441,-0.195378393,0.133760437,0.132171437,0.962531090,0.402587175,-0.962843299,-1.386876345,0.803336442,0.076656036,-0.111525223,0.579945266,0.546829045,-0.990645409,-1.440523028,0.814080536,-0.003191724,-0.189208865,0.549056232,0.491041183,-1.044237375,-1.282132387,0.811811149,0.056581017,-0.095793255,0.573223233
561,697346,67701,viewpoint,left,-1.105977058,1.415919423,-1.242011905,-0.195750192,0.134205267,0.131786898,0.962446392,0.405848861,-0.964408517,-1.390498757,0.809154332,0.070476100,-0.106357589,0.573576927,0.546867013,-0.988662601,-1.438314199,0.816645443,-0.011123616,-0.210001722,0.537462294,0.493435919,-1.046688199,-1.285249233,0.812444568,0.058300700,-0.092372507,0.572714806
562,697458,67813,viewpoint,left,-1.105754137,1.415897250,-1.242277980,-0.195831865,0.134399831,0.131783128,0.962403119,0.405014396,-0.961960554,-1.387934923,0.808695674,0.072002232,-0.103435047,0.574567735,0.553709745,-0.999209166,-1.453685045,0.820468128,-0.018397605,-0.203131229,0.534070432,0.492454648,-1.043286085,-1.281828165,0.810635030,0.061415076,-0.093538776,0.574760497
563,697570,67925,viewpoint,left,-1.105410576,1.415856004,-1.242184758,-0.195839137,0.134618372,0.131831422,0.962364495,0.405401051,-0.962097049,-1.388129711,0.808762789,0.072737485,-0.106766231,0.573770940,0.554554760,-1.000426531,-1.455247760,0.820922136,-0.017771261,-0.205007449,0.532675326,0.492761433,-1.043699384,-1.282224655,0.809380770,0.060165156,-0.094555229,0.576491356
564,697696,68051,viewpoint,left,-1.105160475,1.415697575,-1.242090106,-0.195825949,0.134711593,0.131931037,0.962340474,0.405122101,-0.962156653,-1.388781667,0.807753980,0.073438235,-0.100807823,0.576175570,0.552618682,-0.997864962,-1.453345418,0.814838946,-0.022606716,-0.178332195,0.551111639,0.492754221,-1.044172883,-1.283198714,0.810200214,0.061568536,-0.089872435,0.575940907
565,697806,68161,viewpoint,left,-1.104747057,1.415652275,-1.241965413,-0.195922017,0.134918571,0.131906182,0.962295353,0.405508518,-0.961867094,-1.388615847,0.808403075,0.074774347,-0.101515613,0.574967623,0.553593218,-0.995941520,-1.449388862,0.820183098,-0.017157899,-0.188563555,0.539860249,0.494652689,-1.046680808,-1.286178827,0.811483562,0.061251756,-0.091209844,0.573954284
566,697932,68287,viewpoint,left,-1.104482889,1.415637851,-1.241872668,-0.195749253,0.135139421,0.131882831,0.962302685,0.406915843,-0.963190198,-1.390124083,0.808032453,0.074196227,-0.111498021,0.573713064,0.546907663,-0.983877063,-1.433014989,0.814544976,-0.008184847,-0.194249943,0.546549618,0.494931161,-1.045302153,-1.284469008,0.812292993,0.056830607,-0.094470732,0.572735190
567,698054,68409,viewpoint,left,-1.104367256,1.415463209,-1.241803288,-0.196182355,0.134749815,0.132074252,0.962242901,0.404594541,-0.959896088,-1.387758017,0.807217658,0.073649123,-0.102601372,0.576583564,0.552750826,-0.993617177,-1.447703242,0.816188693,-0.017342048,-0.184821442,0.547152996,0.495823264,-1.049125075,-1.290956020,0.812334657,0.062633798,-0.091056839,0.572623849
568,698167,68522,viewpoint,left,-1.104189873,1.415084839,-1.241715550,-0.196219072,0.134825110,0.132083684,0.962223530,0.406059980,-0.964114726,-1.393399119,0.804118633,0.079310864,-0.094007917,0.581606090,0.554042339,-0.996958256,-1.452893496,0.817689359,-0.018443141,-0.172715023,0.548829257,0.496098518,-1.052595019,-1.293792248,0.914560914,0.276495785,0.278686881,0.097273104
569,698292,68647,viewpoint,left,-1.104100227,1.415067673,-1.241685033,-0.196425900,0.135262772,0.131945044,0.962138951,0.406247795,-0.959661603,-1.389081120,0.807136774,0.071981065,-0.114805296,0.574603081,0.546412647,-0.981249392,-1.433463097,0.814216912,-0.006833426,-0.191941917,0.547870815,0.492489278,-1.039473891,-1.281329632,0.809809804,0.058981583,-0.090357035,0.576684356
570,698401,68756,viewpoint,left,-1.103852272,1.415239811,-1.241268039,-0.196137801,0.135384917,0.132023126,0.962169826,0.405310929,-0.959124982,-1.385921836,0.806873977,0.074747890,-0.111207537,0.575326085,0.546768606,-0.982797503,-1.432912707,0.812513232,-0.008558893,-0.193896547,0.549684584,0.496031106,-1.046862245,-1.287354589,0.815581620,0.060915489,-0.096835971,0.567220271
571,698529,68884,viewpoint,left,-1.103538990,1.415384054,-1.240959048,-0.196042448,0.135643661,0.131876454,0.962172925,0.404682040,-0.957176507,-1.382774472,0.804518163,0.076600417,-0.106434986,0.579270720,0.547403216,-0.983680248,-1.433721542,0.813630819,-0.009272365,-0.193556160,0.548137724,0.497496009,-1.048980117,-1.289573908,0.816104770,0.061220512,-0.092295192,0.567191899
572,698638,68993,viewpoint,left,-1.103279114,1.415320754,-1.240997434,-0.196579471,0.135265470,0.131391823,0.962182939,0.406013727,-0.957201362,-1.388162017,0.806336105,0.076958105,-0.106330387,0.576709151,0.548278332,-0.981446266,-1.436740279,0.813315094,-0.006590753,-0.190282166,0.549788892,0.498317838,-1.047315955,-1.292995214,0.813245893,0.059859600,-0.087880112,0.572123349
573,698765,69120,viewpoint,left,-1.103160858,1.415233374,-1.240473390,-0.196731791,0.135286629,0.131481394,0.962136567,0.407003224,-0.958736658,-1.391455173,0.804653883,0.076759703,-0.108828060,0.578616023,0.508174658,-0.912884831,-1.336653233,0.865925848,0.286385626,0.409577906,-0.020041090,0.493469536,-1.036648035,-1.281804562,0.813574970,0.056991845,-0.095796883,0.570675611
574,698888,69243,viewpoint,left,-1.102859020,1.415324688,-1.239698529,-0.196580902,0.135152087,0.131345585,0.962204874,0.405661225,-0.956039727,-1.388153076,0.803981721,0.075426288,-0.112103879,0.579100251,0.506072581,-0.909376860,-1.332092285,0.866205454,0.285248458,0.409774065,-0.020167543,0.493840277,-1.037863374,-1.283493519,0.813152313,0.058401145,-0.096233979,0.571061909
575,699000,69355,viewpoint,left,-1.102502108,1.415472865,-1.238989472,-0.196292102,0.135178909,0.131146535,0.962287188,0.405343711,-0.957020640,-1.388661146,0.806269705,0.077121563,-0.100318529,0.577856004,0.507343352,-0.911555350,-1.334757805,0.865838408,0.286122531,0.409887105,-0.021220038,0.492916167,-1.036041737,-1.280915141,0.813168287,0.057659559,-0.098790482,0.570677876
576,699110,69465,viewpoint,left,-1.102385521,1.415597558,-1.238435388,-0.196148649,0.135467470,0.130938426,0.962304235,0.409565330,-0.965197921,-1.396605611,0.934243083,0.268835485,0.234021693,0.012297802,0.550215364,-0.984306693,-1.440484047,0.814295292,-0.007524317,-0.192436054,0.547571838,0.499107003,-1.047193885,-1.293361664,0.813764274,0.060263123,-0.088374995,0.571266949
577,699236,69591,viewpoint,left,-1.102300644,1.415715575,-1.237831950,-0.196004048,0.135381415,0.130892202,0.962352097,0.407347560,-0.960322261,-1.392341852,0.803077579,0.082280904,-0.082960002,0.584306479,0.521108389,-0.932700038,-1.364019990,0.865040481,0.283623457,0.413739920,-0.009053220,0.499296486,-1.048117161,-1.294190645,0.814409494,0.060602061,-0.088434130,0.570301652
578,699346,69701,viewpoint,left,-1.102120161,1.415833116,-1.237239957,-0.195731819,0.135506764,0.130525202,0.962439716,0.408327997,-0.961826921,-1.393380761,0.799665570,0.082889356,-0.075314842,0.589908481,0.512089133,-0.919489503,-1.344916105,0.865585387,0.288044214,0.409118980,-0.020351175,0.499559164,-1.048222184,-1.293567657,0.813900888,0.060617890,-0.089957580,0.570787549
579,699459,69814,viewpoint,left,-1.101953268,1.415970802,-1.236846328,-0.195410430,0.135466710,0.130482122,0.962516487,0.405834436,-0.954904795,-1.384130120,0.805247188,0.073351413,-0.101383500,0.579584241,0.512486577,-0.918046236,-1.344330668,0.792493999,-0.004765642,-0.190421060,0.579370677,0.498413324,-1.046969056,-1.291227102,0.814195275,0.059751138,-0.092539646,0.570045829
580,699581,69936,viewpoint,left,-1.101640463,1.416223049,-1.236327052,-0.194797501,0.135397613,0.130382195,0.962663949,0.408338487,-0.966281772,-1.394325256,0.940424263,0.260408401,0.218364954,-0.010314755,0.550439656,-0.987870216,-1.440732002,0.813591599,-0.005689961,-0.190397322,0.549349844,0.494404137,-1.040496945,-1.282171965,0.811985910,0.056152154,-0.093246892,0.573437691
581,699709,70064,viewpoint,left,-1.101271868,1.416408420,-1.235851169,-0.194408178,0.135388643,0.130233064,0.962764144,0.407699704,-0.963286877,-1.390360355,0.802999198,0.081292704,-0.092405222,0.583133817,0.560274839,-1.000670195,-1.455661058,0.815239787,-0.016470363,-0.131196097,0.563826680,0.498483300,-1.049789906,-1.291530967,0.810926259,0.058868926,-0.088428162,0.575424671
582,699818,70173,viewpoint,left,-1.101038218,1.416620493,-1.235666633,-0.193903670,0.135925055,0.130152553,0.962801158,0.409984350,-0.967234135,-1.393327951,0.806066871,0.073912077,-0.099096365,0.578768671,0.559491694,-1.003680110,-1.456765413,0.816869617,-0.017018890,-0.171393588,0.550507724,0.494154751,-1.038626909,-1.274941087,0.809705257,0.059649710,-0.122092746,0.570887625
583,699943,70298,viewpoint,left,-1.100992203,1.416497588,-1.235787034,-0.193876699,0.136335924,0.130515844,0.962699354,0.410343766,-0.965984583,-1.390938401,0.804868281,0.074330732,-0.113190293,0.577797592,0.557880402,-0.999158740,-1.450152516,0.814687073,-0.016056899,-0.181395590,0.550565958,0.498907387,-1.047149301,-1.284329295,0.812455356,0.059053972,-0.119655669,0.567548692
584,700056,70411,viewpoint,left,-1.100808144,1.416321874,-1.236351371,-0.194463834,0.136695832,0.130578145,0.962521374,0.409696281,-0.962835014,-1.389284849,0.806429088,0.071972363,-0.114518203,0.575654209,,,,,,,,0.498123527,-1.046621799,-1.286128283,0.810793400,0.059022918,-0.091325469,0.575143576
585,700181,70536,viewpoint,left,-1.100507498,1.415925264,-1.236799598,-0.195256785,0.136626437,0.130821079,0.962337732,0.409801841,-0.961727619,-1.392212033,0.808356285,0.069766760,-0.102035463,0.575570583,0.551541746,-0.986927032,-1.440852165,0.815576375,-0.010612773,-0.211691201,0.538432300,0.457921147,-0.969516397,-1.192445636,0.900013983,0.283033788,0.323090613,0.074021488
586,700291,70646,viewpoint,left,-1.100145578,1.415617824,-1.237091184,-0.195691288,0.136213258,0.130737439,0.962319374,0.408212125,-0.962056458,-1.394699812,0.804192901,0.080979928,-0.081735238,0.583125532,0.509676278,-0.915504813,-1.339779139,0.866031647,0.286885887,0.408952385,-0.021061208,0.494719088,-1.039167285,-1.284595013,0.811627865,0.055051696,-0.093754306,0.573968410
587,700414,70769,viewpoint,left,-1.099988461,1.415563822,-1.237261891,-0.195655495,0.136051938,0.130952582,0.962320268,0.406425655,-0.958325088,-1.390157104,0.805358827,0.076272525,-0.110223733,0.577434361,0.547028303,-0.979576230,-1.434093714,0.812622428,-0.008709188,-0.192936093,0.549858809,0.495501935,-1.042142868,-1.287707567,0.812198460,0.058709938,-0.090457082,0.573327422
588,700529,70884,viewpoint,left,-1.100084543,1.415433526,-1.237637877,-0.195840240,0.136092141,0.131046101,0.962264240,0.405775547,-0.956693292,-1.388136506,0.805141985,0.075111412,-0.112105466,0.577526748,0.546438158,-0.978605330,-1.432843566,0.812892616,-0.008316868,-0.193234786,0.549360275,0.493287027,-1.038270831,-1.283432603,0.811263263,0.057725254,-0.090074025,0.574809909
589,700651,71006,viewpoint,left,-1.100375652,1.415383935,-1.238181710,-0.195918128,0.136585280,0.130987972,0.962186396,0.408384383,-0.961560607,-1.393133163,0.799787343,0.082417354,-0.073406555,0.590050161,0.550503254,-0.984555960,-1.440633178,0.815569401,-0.012030116,-0.198734477,0.543329120,0.499569476,-1.048609734,-1.293992996,0.812326849,0.058804292,-0.088065647,0.573508263
590,700765,71120,viewpoint,left,-1.100790977,1.415305138,-1.238638759,-0.196200833,0.136777267,0.131406441,0.962044477,0.409443855,-0.961472929,-1.393259645,0.802366376,0.082626693,-0.088445760,0.584429920,0.558255970,-1.001334786,-1.463593602,0.865410030,0.262484163,0.426168770,0.023404006,0.501107335,-1.051441431,-1.296703458,0.816673100,0.062888011,-0.088786051,0.566751420
591,700889,71244,viewpoint,left,-1.101075411,1.415304065,-1.238991618,-0.196238011,0.136892468,0.131442845,0.962015569,0.408782899,-0.958623469,-1.389133930,0.808696866,0.073421292,-0.099927582,0.575007141,0.556919217,-0.997479796,-1.456909180,0.872278273,0.256990492,0.415738016,0.015760677,0.498813629,-1.045675635,-1.288923144,0.812340796,0.062817685,-0.089524321,0.572836578
592,701001,71356,viewpoint,left,-1.101409435,1.415124416,-1.239589572,-0.196631312,0.137138501,0.131490827,0.961893618,0.409211814,-0.957142591,-1.387863994,0.807304084,0.075064480,-0.107365482,0.575411320,0.552038074,-0.982332468,-1.437284470,0.814583242,-0.008683129,-0.191857532,0.547329366,0.499686241,-1.045042872,-1.289541245,0.811803222,0.057816826,-0.090070479,0.574038446
593,701126,71481,viewpoint,left,-1.101686478,1.414868116,-1.240036368,-0.196923390,0.137222394,0.131638974,0.961801648,0.409493327,-0.956349432,-1.386837006,0.806029499,0.076477014,-0.097561516,0.578748286,0.557985246,-0.986951113,-1.442913413,0.819279253,-0.025283322,-0.140474185,0.555346012,0.496454597,-1.037867904,-1.281117439,0.816178858,0.055778705,-0.097953983,0.566697419
594,701249,71604,viewpoint,left,-1.101840734,1.414923549,-1.240446687,-0.196808308,0.137638047,0.131670162,0.961761534,0.411127090,-0.959171236,-1.387888312,0.805024326,0.074342735,-0.094693854,0.580897689,0.519828439,-0.922613621,-1.347140789,0.792761147,-0.019991225,-0.184871882,0.580476105,0.498692036,-1.042357087,-1.283890843,0.814283252,0.056064967,-0.091161251,0.570516527
595,701362,71717,viewpoint,left,-1.102210283,1.414856195,-1.241134048,-0.197403282,0.137671173,0.131441683,0.961666107,0.411392152,-0.956180274,-1.386440277,0.808907092,0.073772348,-0.101040050,0.574471891,,,,,,,,0.502155066,-1.045668721,-1.289413214,0.811635137,0.062103245,-0.084861450,0.574621797
596,701474,71829,viewpoint,left,-1.102886200,1.415136099,-1.241394877,-0.196816146,0.138350338,0.131432578,0.961690247,0.413883924,-0.961066484,-1.388797283,0.805840850,0.076491803,-0.083830178,0.581155777,0.565614879,-1.002386212,-1.458719730,0.820132792,-0.017570311,-0.188772038,0.539850533,0.502850115,-1.046479583,-1.286630392,0.815428853,0.057405442,-0.091384552,0.568708479
597,701599,71954,viewpoint,left,-1.103348970,1.415269256,-1.241554141,-0.196930096,0.137982100,0.131229058,0.961747587,0.414109409,-0.961057246,-1.389194727,0.804973125,0.076772042,-0.094330557,0.580711782,0.557366371,-0.987590313,-1.440053701,0.814991593,-0.008859720,-0.194102734,0.545925319,0.500692070,-1.041443229,-1.281898379,0.816067994,0.056043752,-0.095041402,0.567326427
598,701723,72078,viewpoint,left,-1.103618145,1.415391088,-1.241297841,-0.196550474,0.137430027,0.131030425,0.961931348,0.412259877,-0.959091902,-1.385594249,0.805722415,0.076157905,-0.104947999,0.577924967,0.517289937,-0.918344021,-1.340369940,0.792901158,-0.005750518,-0.189301699,0.579171479,0.502910495,-1.047304392,-1.287300944,0.817023337,0.059382658,-0.091900103,0.566128016
599,701832,72187,viewpoint,left,-1.103636265,1.415668726,-1.240718722,-0.195628896,0.136933193,0.130594298,0.962249339,0.411675215,-0.962526202,-1.386541724,0.806835890,0.074115850,-0.099360667,0.577624619,0.550349355,-0.979536057,-1.424584508,0.812427223,-0.010464173,-0.191212729,0.550717950,0.499814630,-1.044075727,-1.281335354,0.813978076,0.056993183,-0.094268970,0.570354998
600,701945,72300,viewpoint,left,-1.103598356,1.415977955,-1.240353703,-0.194976106,0.136605993,0.130657926,0.962419689,0.411640108,-0.966211498,-1.388598561,0.801727355,0.082422279,-0.087114446,0.585534811,0.560310364,-1.002153516,-1.454221606,0.815300643,-0.023861788,-0.177017987,0.550799549,0.499148667,-1.046160340,-1.281425714,0.807894051,0.060127351,-0.088372670,0.579553485
601,702068,72423,viewpoint,left,-1.103553772,1.416074753,-1.240170121,-0.195020378,0.136117429,0.130491987,0.962502480,0.410876632,-0.965209067,-1.387987256,0.801177144,0.082100645,-0.087658755,0.586251378,0.548512101,-0.982450187,-1.428864241,0.812882602,-0.020744938,-0.189698070,0.550278306,0.503145397,-1.052043915,-1.287948251,0.805466831,0.060308501,-0.046609018,0.587719142
602,702180,72535,viewpoint,left,-1.103621960,1.416167259,-1.239542365,-0.195140883,0.136576638,0.130472124,0.962415636,0.411947727,-0.964084327,-1.388299346,0.804849505,0.073317505,-0.098461121,0.580643833,0.515714169,-0.921093106,-1.334643722,0.873930693,0.258080602,0.411640763,-0.013837551,0.503271580,-1.052361369,-1.290060401,0.811881542,0.060789850,-0.090406030,0.573567569
603,702304,72659,viewpoint,left,-1.103561878,1.416325927,-1.238677144,-0.194689244,0.136728659,0.130402699,0.962494910,0.412290990,-0.964905083,-1.387214780,0.807608545,0.071919844,-0.107787140,0.575306773,0.552755773,-0.985880196,-1.430435419,0.814623892,-0.010640053,-0.193252608,0.546743155,0.501121044,-1.048159003,-1.283389330,0.812495887,0.058238722,-0.092343986,0.572652876
604,702417,72772,viewpoint,left,-1.103490353,1.416604877,-1.238043427,-0.194049880,0.136761874,0.130389482,0.962621152,0.411738157,-0.965141654,-1.384277105,0.804883838,0.073870383,-0.113143779,0.577844083,0.552794158,-0.988107681,-1.429941535,0.812332630,-0.010142799,-0.192116827,0.550548851,0.501802981,-1.051075935,-1.284308434,0.815842509,0.060237627,-0.094308533,0.567343235
605,702540,72895,viewpoint,left,-1.103308678,1.416705489,-1.237883687,-0.193885714,0.136665955,0.130430624,0.962662220,0.411122620,-0.965618491,-1.385113358,0.803762913,0.072834998,-0.098991148,0.582117677,0.559773564,-0.995680451,-1.440480351,0.820103168,-0.016435815,-0.149468705,0.552104831,0.502853870,-1.053900123,-1.288158655,0.811008811,0.058351159,-0.088850550,0.575295985
606,702668,73023,viewpoint,left,-1.102946997,1.416466355,-1.237965703,-0.194662750,0.136264861,0.130247742,0.962587059,0.413720548,-0.972022474,-1.395828962,0.935689628,0.268349409,0.228807107,0.010994470,0.560995698,-1.000157118,-1.451541781,0.816714644,-0.016877130,-0.172287479,0.550462842,0.503316462,-1.053310037,-1.291471124,0.811260045,0.065517470,-0.085178301,0.574725449
607,702776,73131,viewpoint,left,-1.102526426,1.416416883,-1.237572789,-0.194447905,0.136654735,0.130064607,0.962599993,0.412774146,-0.965762794,-1.389800310,0.807293952,0.074213788,-0.100770488,0.576727033,0.514285624,-0.916884243,-1.333400607,0.790225029,-0.007147423,-0.188762769,0.582976818,0.502807319,-1.051476359,-1.288191319,0.812606752,0.060578037,-0.092089735,0.572293580
608,702903,73258,viewpoint,left,-1.102105141,1.416357875,-1.237680793,-0.194315210,0.136648312,0.129855305,0.962655902,0.412475228,-0.964886010,-1.388541698,0.806606293,0.074682914,-0.101623118,0.577478588,0.554103315,-0.986955166,-1.433528900,0.812922239,-0.008971160,-0.190745980,0.550175369,0.502956629,-1.051305771,-1.288216233,0.814887285,0.060835909,-0.094158567,0.568675637
609,703028,73383,viewpoint,left,-1.101751566,1.416222692,-1.238006711,-0.194593176,0.136646003,0.129794836,0.962608278,0.412793934,-0.963824391,-1.387917280,0.805580080,0.074091755,-0.113327011,0.576808631,0.553602517,-0.985300541,-1.432057738,0.811869919,-0.007893539,-0.187966794,0.552696586,0.502147615,-1.048528075,-1.286394238,0.814112067,0.058019888,-0.091846101,0.570455551
610,703139,73494,viewpoint,left,-1.101517439,1.416165948,-1.238094687,-0.194399774,0.137107328,0.129709199,0.962593317,0.413078845,-0.964684367,-1.387718678,0.807074904,0.074260361,-0.108882196,0.575552106,0.555267751,-0.988745868,-1.435290217,0.813884318,-0.008269770,-0.190233216,0.548940182,0.502883792,-1.050447702,-1.286892891,0.813600361,0.057159059,-0.090558641,0.571477413
611,703266,73621,viewpoint,left,-1.101216078,1.416160941,-1.238324523,-0.194213584,0.137149870,0.129501015,0.962652802,0.412131310,-0.964031219,-1.385068655,0.805644512,0.073182106,-0.116067223,0.576289594,0.556404293,-0.993417025,-1.439909458,0.819884598,-0.015050095,-0.199226961,0.536536455,0.501405895,-1.048128128,-1.282667994,0.813818395,0.056911629,-0.094054140,0.570626378
612,703388,73743,viewpoint,left,-1.100965023,1.416299224,-1.238320708,-0.194040105,0.137581915,0.129744053,0.962593436,0.412955821,-0.965668917,-1.385347724,0.804119527,0.074683689,-0.100432090,0.581143320,0.556040406,-0.992583752,-1.436395526,0.814123213,-0.008080553,-0.189928934,0.548694015,0.500643134,-1.047919869,-1.281039953,0.814395547,0.056325242,-0.092769638,0.570071280
613,703500,73855,viewpoint,left,-1.100853443,1.416461825,-1.238196015,-0.193366006,0.138004482,0.129933909,0.962642968,0.412932336,-0.966643512,-1.381433964,0.794517159,0.070398629,-0.080946274,0.597690701,0.565310359,-1.009170532,-1.453403115,0.814670384,-0.015833143,-0.164022595,0.556019902,0.500396490,-1.049127460,-1.278380871,0.813686907,0.057572123,-0.095373765,0.570528626
614,703625,73981,viewpoint,left,-1.100777149,1.416330814,-1.238011241,-0.193624288,0.138816535,0.129886568,0.962480664,0.416615427,-0.971091986,-1.389561653,0.808640897,0.068958305,-0.104791909,0.574772358,0.521280706,-0.927284837,-1.340875626,0.790022016,-0.005144980,-0.182252437,0.585339844,0.502788424,-1.049958348,-1.279943705,0.812414050,0.055310410,-0.092569783,0.573022723
615,703735,74090,viewpoint,left,-1.100699902,1.416413307,-1.237496018,-0.193263844,0.139255822,0.130042568,0.962468624,0.415748119,-0.969298601,-1.384063601,0.804382205,0.075088665,-0.089272626,0.582547307,0.559671462,-0.997404337,-1.435781598,0.814290881,-0.011611503,-0.195902050,0.546276331,0.506234646,-1.057277799,-1.285769820,0.812874734,0.054117080,-0.091325112,0.572682917
616,703862,74217,viewpoint,left,-1.100490093,1.416494846,-1.237208724,-0.193088979,0.139209867,0.130094707,0.962503314,0.415383637,-0.968737841,-1.382973194,0.804329932,0.074358441,-0.103337556,0.580383956,0.556854904,-0.993181825,-1.429850698,0.813184559,-0.012432362,-0.195065707,0.548202217,0.505441904,-1.056199908,-1.283958077,0.814909756,0.055874527,-0.092282452,0.569459498
617,703971,74326,viewpoint,left,-1.100493193,1.416446924,-1.237156510,-0.193478063,0.138843283,0.129775032,0.962521255,0.416723728,-0.969735861,-1.388300776,0.806858182,0.070809767,-0.113106355,0.575476229,0.554251313,-0.986644745,-1.424510956,0.814800084,-0.015076048,-0.192927644,0.546491146,0.503851235,-1.050987601,-1.281633019,0.812260211,0.054614566,-0.092825502,0.573266149
618,704098,74453,viewpoint,left,-1.100466251,1.416415334,-1.236604810,-0.193426654,0.138760850,0.129573256,0.962570667,0.415926993,-0.967805624,-1.386466026,0.805822730,0.073587969,-0.107556641,0.577638447,0.557119489,-0.990420520,-1.431157827,0.814585924,-0.010147774,-0.190186456,0.547883213,0.504475534,-1.051906824,-1.283271670,0.813581407,0.056552418,-0.092114285,0.571316123
619,704207,74562,viewpoint,left,-1.100172520,1.416683912,-1.235634685,-0.192602113,0.138545856,0.129238054,0.962812066,0.415617943,-0.970525742,-1.386179566,0.805134833,0.074749343,-0.095522553,0.580556571,0.559393942,-0.996276617,-1.435526013,0.812220514,-0.008604934,-0.191615328,0.550915122,0.507457674,-1.059000015,-1.288541198,0.811410308,0.056925584,-0.087901682,0.575018346
620,704320,74675,viewpoint,left,-1.100136042,1.416934490,-1.235041976,-0.191922277,0.138354629,0.129165247,0.962985039,0.417572141,-0.974757195,-1.389453769,0.805790901,0.070016436,-0.115828663,0.576526165,0.516435802,-0.923356593,-1.329135656,0.791866183,-0.010858835,-0.187744081,0.581018269,0.503309906,-1.053535104,-1.279505134,0.813064992,0.057598356,-0.088994704,0.572440028
621,704443,74798,viewpoint,left,-1.100117445,1.417266965,-1.234441400,-0.191157728,0.138761759,0.128917083,0.963111758,0.414773822,-0.971849978,-1.380146027,0.802064776,0.075722896,-0.107724242,0.582540810,0.573109567,-1.019893646,-1.458011627,0.820203304,-0.018137326,-0.133792296,0.555911064,0.502987564,-1.052909255,-1.275713086,0.807404220,0.057448748,-0.089188553,0.580382168
622,704555,74910,viewpoint,left,-1.099987507,1.417452455,-1.233872533,-0.190641806,0.138688892,0.128323585,0.963303804,0.417698503,-0.976627707,-1.384741783,0.800784349,0.077204376,-0.092122838,0.586768508,0.523551226,-0.933242142,-1.335962892,0.784328997,-0.012554770,-0.175419480,0.594893634,0.509903431,-1.065966606,-1.288384199,0.810109973,0.063550927,-0.084618270,0.576647878
623,704667,75022,viewpoint,left,-1.099966049,1.417569160,-1.233260751,-0.190294236,0.138505146,0.128588662,0.963363588,0.416051567,-0.975482941,-1.382891178,0.801612794,0.076336421,-0.100395367,0.584388912,0.562322199,-1.007436514,-1.440216064,0.812671304,-0.009315585,-0.190728888,0.550546110,0.503939509,-1.053892493,-1.273420572,0.809786022,0.060212221,-0.120069340,0.571143150
624,704793,75148,viewpoint,left,-1.099861145,1.417700291,-1.232845902,-0.190221354,0.138504148,0.128333837,0.963412106,0.414961040,-0.974408865,-1.381487489,0.800552428,0.076731816,-0.093701072,0.586897075,0.562363327,-1.007255435,-1.440093398,0.812724113,-0.008973561,-0.191343158,0.550260663,0.507394791,-1.062694788,-1.284547448,0.808272719,0.062110506,-0.086634971,0.579078496
625,704917,75272,viewpoint,left,-1.099679470,1.417864919,-1.232502818,-0.189988986,0.138683021,0.128168732,0.963454187,0.417480171,-0.980096161,-1.384615421,0.935345173,0.268310547,0.230206370,0.011998354,0.511945128,-0.917969465,-1.316886544,0.783972621,-0.016327027,-0.180528402,0.593742311,0.506594121,-1.060778618,-1.281318784,0.807930350,0.058300354,-0.091237575,0.579245508
626,705029,75384,viewpoint,left,-1.099585056,1.418123484,-1.232327104,-0.189729810,0.138977781,0.127851307,0.963504970,0.420284033,-0.980197072,-1.386765718,0.803581059,0.071295738,-0.114542350,0.579702079,0.558661819,-0.998519063,-1.424978256,0.812774718,-0.014978764,-0.192674309,0.549590349,0.507805467,-1.061404228,-1.280546546,0.812616944,0.057236601,-0.089795999,0.572987258
627,705138,75493,viewpoint,left,-1.099411011,1.418143988,-1.232438445,-0.189575195,0.138961479,0.127705529,0.963557065,0.419549584,-0.980614185,-1.386614323,0.805118084,0.071925461,-0.098089181,0.580508411,0.559574485,-1.000145674,-1.426911712,0.812950492,-0.013522189,-0.190604970,0.550089478,0.507606268,-1.060968995,-1.279513597,0.812626302,0.057618458,-0.091295049,0.572698712
628,705264,75619,viewpoint,left,-1.099215031,1.418202162,-1.232923627,-0.189850241,0.138552085,0.127394408,0.963603079,0.414820969,-0.969610214,-1.373090982,0.800239801,0.071635112,-0.110755123,0.584994078,0.560009181,-0.999899983,-1.428595662,0.812004089,-0.010774401,-0.191147327,0.551358402,0.510364115,-1.063317180,-1.282168388,0.799890637,0.051872980,-0.046802420,0.596065223
629,705375,75730,viewpoint,left,-1.098682404,1.418093920,-1.233282447,-0.189831883,0.138862312,0.127414122,0.963559449,0.413842022,-0.968796968,-1.370323777,0.791458786,0.064222284,-0.090155631,0.601116002,0.563183904,-1.006895185,-1.439743042,0.809759557,-0.015580824,-0.165157020,0.562823117,0.506925166,-1.060745001,-1.280354738,0.809932947,0.057667043,-0.087852418,0.577031374
630,705498,75853,viewpoint,left,-1.097855806,1.418143511,-1.233659863,-0.189420998,0.138987184,0.127517089,0.963608682,0.418634653,-0.984968424,-1.387288451,0.936215639,0.268528074,0.226300016,0.013460351,0.565233231,-1.010182500,-1.438380003,0.809170425,-0.013943472,-0.174069047,0.561024725,0.508730352,-1.066580892,-1.284259439,0.809340179,0.062452532,-0.086724728,0.577535272
631,705610,75965,viewpoint,left,-1.097088099,1.418024540,-1.234365821,-0.189751729,0.139217257,0.127389655,0.963527203,0.412750304,-0.968935668,-1.372029781,0.795928240,0.062767863,-0.090887509,0.595229387,0.517320454,-0.926345050,-1.323485732,0.789802074,-0.011331715,-0.187376827,0.583929956,0.510720491,-1.069299102,-1.288500071,0.809988379,0.063224435,-0.079593465,0.577569425
632,705734,76089,viewpoint,left,-1.096091032,1.417917252,-1.234918714,-0.189803660,0.139407843,0.127283350,0.963503480,0.420618236,-0.988240719,-1.391858578,0.935677350,0.269051820,0.227712184,0.016317001,0.559464991,-1.000698447,-1.426636696,0.810658634,-0.009390589,-0.187904596,0.554469347,0.508976936,-1.065947056,-1.284137011,0.810734332,0.059687641,-0.085353643,0.576074660
633,705846,76201,viewpoint,left,-1.095474720,1.417872071,-1.235476375,-0.189975113,0.139647990,0.127061456,0.963464200,0.419259131,-0.980555892,-1.386418104,0.806379378,0.069919392,-0.100486360,0.578589737,0.557121575,-0.996041656,-1.421238899,0.812013865,-0.012564107,-0.190653473,0.551477015,0.508747101,-1.064366579,-1.282641292,0.813051105,0.060795378,-0.084795274,0.572766602
634,705972,76327,viewpoint,left,-1.095145226,1.417700529,-1.235875726,-0.189940974,0.140607625,0.127176911,0.963316143,0.417747200,-0.974412203,-1.376076460,0.800167739,0.075626448,-0.091697149,0.587880969,0.527826726,-0.944231749,-1.340912461,0.886286199,0.247545674,0.390128851,-0.031896770,0.508544803,-1.058932662,-1.273274541,0.794364035,0.051584776,-0.035561588,0.604202092
635,706084,76439,viewpoint,left,-1.094462872,1.417517781,-1.236337543,-0.190418512,0.141038910,0.126968130,0.963186324,0.418398798,-0.973581910,-1.375395298,0.799015701,0.076169938,-0.091265909,0.589442670,0.560496151,-0.996326327,-1.420931339,0.812113047,-0.013868225,-0.189213336,0.551795542,0.510941386,-1.063555717,-1.280778050,0.812749565,0.059003610,-0.088000134,0.572898448
636,706194,76549,viewpoint,left,-1.094081879,1.417277813,-1.237092853,-0.190703765,0.141096234,0.127010301,0.963115931,0.418309331,-0.972793341,-1.375966311,0.798619688,0.078163140,-0.086844608,0.590385616,0.560430110,-0.995444477,-1.421127319,0.814553916,-0.014611941,-0.193886474,0.546531260,0.509595573,-1.060408354,-1.278520107,0.812125683,0.059042238,-0.085954145,0.574088633
637,706318,76673,viewpoint,left,-1.093543768,1.416811585,-1.237952590,-0.191275686,0.140687063,0.127052337,0.963056862,0.419171393,-0.976181507,-1.384343863,0.804869235,0.073502555,-0.108673684,0.578768432,0.562551498,-1.002838254,-1.434060335,0.815565825,-0.013277063,-0.192339972,0.545601904,0.505966187,-1.055902958,-1.276075244,0.808417201,0.058948077,-0.085445806,0.579384029
638,706443,76798,viewpoint,left,-1.093211651,1.416722298,-1.239087224,-0.191361293,0.140600294,0.127215311,0.963030994,0.417152464,-0.973658442,-1.380400419,0.804073393,0.074476473,-0.098956861,0.581486762,0.560807467,-0.999483824,-1.429716587,0.813781798,-0.011355205,-0.190003499,0.549116552,0.504843712,-1.054231524,-1.274279833,0.806044936,0.057998478,-0.083914846,0.582997501
639,706557,76912,viewpoint,left,-1.092780590,1.416422963,-1.240764737,-0.192235991,0.140095651,0.127307177,0.962918162,0.416661024,-0.973225653,-1.382922649,0.799785733,0.080766097,-0.084206559,0.588836968,0.567637742,-1.005355716,-1.441322565,0.822240710,-0.011847209,-0.143766463,0.550555289,0.501833439,-1.049636126,-1.271389604,0.811468184,0.058414802,-0.085782588,0.575107336
640,706667,77022,viewpoint,left,-1.092648983,1.416253924,-1.242206931,-0.192660958,0.140225112,0.127124310,0.962838590,0.417398334,-0.976064801,-1.384350419,0.936450958,0.267252952,0.226785332,0.014276863,0.558569789,-0.993577003,-1.425659060,0.814083159,-0.012204092,-0.190599993,0.548444450,0.504097819,-1.052639246,-1.275257349,0.808008313,0.056599118,-0.083379380,0.580488682
641,706778,77133,viewpoint,left,-1.092883348,1.416090846,-1.243629098,-0.192889780,0.140643597,0.127128869,0.962731063,0.417631328,-0.972114205,-1.381248474,0.808083773,0.072165318,-0.099845372,0.576041400,0.558353186,-0.993403792,-1.424154639,0.815380216,-0.012594777,-0.191295519,0.546262324,0.501783490,-1.046545386,-1.266855240,0.810000181,0.057790793,-0.087562494,0.576968610
642,706903,77258,viewpoint,left,-1.093026638,1.415937781,-1.244955420,-0.193199143,0.140722319,0.127148464,0.962654948,0.417028308,-0.968048215,-1.375635862,0.805917680,0.073574319,-0.099182501,0.579004586,0.510591149,-0.914417982,-1.308603287,0.854923725,0.280996412,0.436045378,-0.003301982,0.502132654,-1.046237826,-1.265992999,0.812394202,0.057810891,-0.089119621,0.573350966
643,707012,77367,viewpoint,left,-1.092992067,1.415779591,-1.246180415,-0.193732068,0.140761420,0.126977205,0.962564766,0.416653037,-0.966152906,-1.374332190,0.803020298,0.075789809,-0.093751960,0.583630741,0.566157281,-1.001453996,-1.437537909,0.810418427,-0.020440852,-0.153131485,0.565114975,0.503888786,-1.048014998,-1.269227147,0.811619282,0.058377068,-0.086711660,0.574758649
644,707126,77481,viewpoint,left,-1.092967272,1.415606380,-1.247131944,-0.194201723,0.140736327,0.126487449,0.962538302,0.415959716,-0.963178635,-1.371231079,0.801867068,0.076601043,-0.089847893,0.585720897,0.558778822,-0.986692190,-1.418367147,0.814636409,-0.011566324,-0.192416400,0.547000706,0.506674886,-1.051194072,-1.274106622,0.809312642,0.058240850,-0.082365140,0.578651071
645,707250,77605,viewpoint,left,-1.092850685,1.415524960,-1.247745872,-0.194415599,0.140484273,0.126418263,0.962540984,0.416175485,-0.963103533,-1.372216582,0.803350151,0.075788684,-0.093239494,0.583258927,0.557144463,-0.983754039,-1.415007114,0.815823555,-0.014084634,-0.194250345,0.544518530,0.506624758,-1.051027060,-1.274349451,0.810358405,0.057834800,-0.083750412,0.577027082
646,707361,77716,viewpoint,left,-1.092576265,1.415677309,-1.248265862,-0.194298998,0.140082881,0.126121029,0.962662041,0.415568709,-0.962887883,-1.370682955,0.802484453,0.076358937,-0.092015035,0.584569335,0.569436729,-1.001389384,-1.437110662,0.816734970,-0.013926470,-0.144887507,0.558352590,0.508345306,-1.051917791,-1.272998810,0.797376335,0.052034944,-0.039707962,0.599922180
647,707487,77842,viewpoint,left,-1.092222691,1.415852547,-1.248576760,-0.194423646,0.140002489,0.125523731,0.962726653,0.416820586,-0.964745581,-1.373352289,0.801854908,0.078682102,-0.088535242,0.585661530,0.556998670,-0.983507633,-1.414485216,0.815862119,-0.013041735,-0.193349212,0.544807196,0.506294906,-1.048500657,-1.271081805,0.810093880,0.063240409,-0.083535537,0.576862574
648,707599,77954,viewpoint,left,-1.092041731,1.416138530,-1.248545766,-0.193839252,0.140691862,0.125119865,0.962796509,0.419206500,-0.966254234,-1.372496009,0.807256460,0.073881015,-0.086633205,0.579114139,0.563358307,-0.992145419,-1.422797203,0.816133976,-0.008887324,-0.178606719,0.549496174,0.509691536,-1.053239226,-1.273498058,0.812392712,0.061771281,-0.082023911,0.573998690
649,707722,78077,viewpoint,left,-1.091861725,1.416293025,-1.248311400,-0.193515584,0.140916228,0.125059366,0.962836683,0.419146419,-0.966453254,-1.369718671,0.801448882,0.076631688,-0.088356920,0.586515367,0.565202713,-0.996223748,-1.424710274,0.816601455,-0.013373078,-0.190358087,0.544744968,0.505937040,-1.045975804,-1.262909651,0.808565080,0.060894251,-0.082626544,0.579385161
650,707834,78189,viewpoint,left,-1.091549635,1.416456819,-1.248061299,-0.193680882,0.141050965,0.124697812,0.962830663,0.418919742,-0.965018630,-1.368435979,0.801919341,0.076758862,-0.090595260,0.585513413,0.562510073,-0.989994049,-1.418133736,0.817128420,-0.013062648,-0.191818312,0.543448448,0.509805560,-1.051813602,-1.270296097,0.812878668,0.062363718,-0.082809977,0.573133171
651,707959,78314,viewpoint,left,-1.091212749,1.416693568,-1.247419238,-0.192992076,0.141190678,0.124739513,0.962943077,0.419051588,-0.967560351,-1.369263053,0.802895308,0.075973459,-0.092607565,0.583961546,0.566838503,-0.998743653,-1.426113605,0.815319955,-0.013958295,-0.176665127,0.551224053,0.510622859,-1.056062937,-1.272379160,0.807787180,0.064643882,-0.075748935,0.581001937
652,708068,78423,viewpoint,left,-1.090791702,1.417080641,-1.246813416,-0.192571133,0.141331881,0.125010610,0.962971449,0.421222389,-0.975049973,-1.378431559,0.807014823,0.071938232,-0.111810677,0.575369716,0.566868961,-1.006660700,-1.434273720,0.876055360,0.269673824,0.399324745,0.018514441,0.507937968,-1.055513024,-1.270365477,0.811620951,0.059262048,-0.088217773,0.574436367
653,708195,78550,viewpoint,left,-1.090187788,1.417363524,-1.246093392,-0.192284897,0.141328290,0.125145152,0.963011682,0.421826065,-0.982741773,-1.384092569,0.934381962,0.270378858,0.231124103,0.020181764,0.567648590,-1.006442308,-1.433043599,0.815472245,-0.021019911,-0.169171840,0.553122163,0.507119358,-1.055338860,-1.270113349,0.810870826,0.058895960,-0.086410411,0.575806439
654,708304,78659,viewpoint,left,-1.089241982,1.417750716,-1.245240092,-0.191318870,0.141162649,0.125154406,0.963227153,0.415773332,-0.970971346,-1.368552089,0.801280439,0.074597128,-0.093128018,0.586269617,0.557935417,-0.994813323,-1.415084124,0.814638674,-0.014641484,-0.194940552,0.546028912,0.505847514,-1.054717422,-1.265972972,0.807565033,0.063141003,-0.102749273,0.577316642
655,708429,78784,viewpoint,left,-1.088607311,1.417822003,-1.244598269,-0.191440836,0.141083121,0.124826171,0.963257194,0.415835679,-0.970344484,-1.369766116,0.800787270,0.076331474,-0.089954369,0.587215126,0.561696529,-0.999857724,-1.424076319,0.813916206,-0.011598594,-0.189592704,0.549054265,0.505213976,-1.054903388,-1.268753529,0.810800374,0.059603028,-0.085612297,0.575952113
656,708542,78897,viewpoint,left,-1.088280678,1.417980671,-1.243830800,-0.190952614,0.141683310,0.124792755,0.963270307,0.415615797,-0.969373703,-1.366512418,0.805469632,0.071426697,-0.098207876,0.580062211,0.562303841,-0.999016047,-1.420810938,0.810823023,-0.008967011,-0.174516961,0.558595955,0.507437348,-1.058268785,-1.270516634,0.808142066,0.058767844,-0.082882732,0.580157936
657,708667,79022,viewpoint,left,-1.088198185,1.417881727,-1.243385196,-0.190911546,0.141690716,0.124764808,0.963280976,0.419056892,-0.976454496,-1.375455737,0.802936018,0.078050002,-0.089044034,0.584185839,0.564391255,-1.001319885,-1.424476147,0.813704431,-0.007625781,-0.165872291,0.557057798,0.509123802,-1.061063170,-1.274208903,0.808672547,0.060263071,-0.080312885,0.579626620
658,708778,79133,viewpoint,left,-1.088027000,1.417758346,-1.242888093,-0.190938890,0.141694099,0.124721982,0.963280618,0.418032646,-0.976457953,-1.374081731,0.934906721,0.267619848,0.232440978,0.017327586,0.521571815,-0.927359939,-1.322786450,0.787536740,-0.002976363,-0.180774853,0.589149833,0.505647242,-1.053080797,-1.266470313,0.811083496,0.058708481,-0.084553964,0.575801611
659,708890,79245,viewpoint,left,-1.087935686,1.417725921,-1.242587924,-0.190749004,0.141602010,0.124699444,0.963334680,0.417757571,-0.974302888,-1.372811675,0.800255299,0.079562552,-0.087391578,0.587898016,0.565742254,-1.005693078,-1.430116057,0.813939869,-0.013781992,-0.176964939,0.553168356,0.507444024,-1.054594874,-1.266622543,0.810005009,0.059875820,-0.117761999,0.571348369
660,709014,79369,viewpoint,left,-1.087929010,1.417675972,-1.242549539,-0.190631956,0.141981825,0.124275878,0.963356674,0.419132710,-0.972434878,-1.372320175,0.796655715,0.067999408,-0.087053157,0.594253778,0.563679516,-0.998475432,-1.420690656,0.814289212,-0.010784924,-0.186346948,0.549628735,0.509326160,-1.057799220,-1.270449162,0.805135727,0.062395606,-0.079743102,0.584383726
661,709138,79493,viewpoint,left,-1.087851048,1.417618275,-1.242372394,-0.190867424,0.141793653,0.124252886,0.963340759,0.420529366,-0.973693728,-1.374281883,0.801465213,0.076548196,-0.090179995,0.586226463,0.556077659,-0.985257864,-1.404307127,0.812040925,-0.016491707,-0.192223027,0.550788462,0.507065833,-1.053192258,-1.266638994,0.809700429,0.058400899,-0.086196512,0.577533185
662,709250,79605,viewpoint,left,-1.087649584,1.417788863,-1.242048144,-0.190520912,0.142218515,0.124140911,0.963361204,0.418941021,-0.972751260,-1.370030642,0.800037742,0.074782945,-0.079492375,0.589939058,0.562263370,-0.996604621,-1.416837692,0.814488471,-0.013600227,-0.191990599,0.547323644,0.508701622,-1.056943774,-1.269153237,0.802117407,0.058621146,-0.074659936,0.589573741
663,709361,79716,viewpoint,left,-1.087436199,1.417736888,-1.241680503,-0.190520018,0.141885996,0.124285683,0.963391662,0.419574440,-0.974169850,-1.374031544,0.803577006,0.073319830,-0.107629463,0.580778778,0.520682156,-0.925927460,-1.318505168,0.787911177,-0.012757527,-0.176347867,0.589859903,0.504410565,-1.047836900,-1.259514689,0.811040044,0.057454895,-0.119147182,0.569839418
664,709473,79828,viewpoint,left,-1.086950541,1.417740583,-1.241264701,-0.190495983,0.141620934,0.124464341,0.963412404,0.417769074,-0.974390626,-1.373999476,0.799067795,0.079311110,-0.085370064,0.589841008,0.562521636,-1.001555562,-1.425827742,0.814644575,-0.012963999,-0.191161543,0.547397017,0.509491384,-1.061899781,-1.276467919,0.810951233,0.063282095,-0.080762103,0.576047778
665,709599,79954,viewpoint,left,-1.086313963,1.417772293,-1.240909696,-0.190402195,0.141410127,0.124396957,0.963470578,0.417416036,-0.974149168,-1.375337005,0.800567746,0.077155523,-0.090653725,0.587299109,0.561168134,-0.999412060,-1.423327684,0.810854435,-0.007009467,-0.185449362,0.555044591,0.505556405,-1.055936217,-1.270862103,0.808896005,0.058120850,-0.085946873,0.578724861
666,709721,80076,viewpoint,left,-1.085798979,1.417654991,-1.240825534,-0.190919340,0.140335932,0.124185212,0.963552594,0.413680494,-0.969159603,-1.373501897,0.800090671,0.077172123,-0.090542838,0.587963820,0.558300436,-0.995719314,-1.424552202,0.811005831,-0.008826351,-0.190825358,0.552971303,0.503688633,-1.054167271,-1.273437381,0.807650268,0.060377851,-0.083878919,0.580534160
667,709834,80189,viewpoint,left,-1.085550785,1.417708874,-1.240297914,-0.190891698,0.140269399,0.124416091,0.963537991,0.414338946,-0.971163630,-1.377347708,0.800732791,0.077526681,-0.094929859,0.586348891,0.516790211,-0.927417994,-1.327374458,0.866245151,0.292178810,0.405045807,-0.013741176,0.503059566,-1.054175019,-1.274174809,0.809117258,0.061142650,-0.086046219,0.578088999
668,709958,80313,viewpoint,left,-1.085094929,1.417704821,-1.239804626,-0.190951332,0.139547467,0.124190621,0.963660121,0.412591279,-0.970752597,-1.378808618,0.799083173,0.082559004,-0.086092666,0.589269280,0.559661984,-1.000221610,-1.434136629,0.812403977,-0.014258220,-0.177793905,0.555144846,0.499468148,-1.047483683,-1.269279718,0.807921052,0.062793463,-0.084604301,0.579795420
669,710071,80426,viewpoint,left,-1.085039139,1.417637348,-1.239369035,-0.191448972,0.139307529,0.124043636,0.963615000,0.413521945,-0.969676852,-1.381237030,0.802951396,0.076788224,-0.093549892,0.583627522,0.554701686,-0.990312934,-1.425012350,0.814321578,-0.009559182,-0.190687224,0.548112690,0.501583755,-1.049771309,-1.275146246,0.809226394,0.059739225,-0.084754534,0.578273773
670,710194,80549,viewpoint,left,-1.085427999,1.417504430,-1.239142299,-0.191626921,0.139531508,0.123888217,0.963567197,0.414700806,-0.967476606,-1.380414486,0.803494871,0.077198878,-0.101960093,0.581412494,0.563287616,-0.998620629,-1.437898517,0.814463973,-0.010539015,-0.163180441,0.556695223,0.502105594,-1.046924233,-1.273133636,0.807384670,0.059966709,-0.086135954,0.580615699
671,710318,80673,viewpoint,left,-1.085602522,1.417258501,-1.238900304,-0.192018345,0.139931932,0.122886896,0.963559449,0.418922484,-0.968912601,-1.383389711,0.803757668,0.078272857,-0.098242998,0.581545651,0.565653920,-0.997922659,-1.438032150,0.807450354,-0.013922747,-0.146403581,0.571310937,0.505663157,-1.046828032,-1.273913383,0.807364464,0.059824001,-0.083665729,0.581019640
672,710432,80787,viewpoint,left,-1.086030960,1.417134404,-1.239094377,-0.192404136,0.140265271,0.122872822,0.963435829,0.421658337,-0.968061328,-1.383422494,0.801060438,0.078974485,-0.104233705,0.584123790,0.562534988,-0.989015222,-1.427753329,0.816720128,-0.012060712,-0.192693606,0.543775618,0.509893894,-1.049177766,-1.278005958,0.812785029,0.063728690,-0.082435817,0.573169708
673,710557,80912,viewpoint,left,-1.086440086,1.417029142,-1.239051461,-0.192478195,0.140487850,0.122632243,0.963419259,0.421103477,-0.964833021,-1.378677249,0.802912295,0.077994771,-0.090232216,0.584043622,0.561632812,-0.986036301,-1.422556639,0.812472999,-0.003751751,-0.190366372,0.551030099,0.511415243,-1.050480962,-1.278980017,0.810968339,0.063136540,-0.078264222,0.576384366
674,710679,81034,viewpoint,left,-1.086680889,1.417227745,-1.239409804,-0.192052662,0.140807614,0.122301094,0.963499606,0.417264640,-0.956415474,-1.364318609,0.786861122,0.058738101,-0.076990910,0.609484911,0.567189395,-0.993813515,-1.430289507,0.817432344,-0.012431226,-0.188539162,0.544153392,0.508983076,-1.044270635,-1.268780589,0.810791552,0.060396466,-0.088068426,0.575511396
675,710793,81148,viewpoint,left,-1.086608887,1.417293310,-1.240100741,-0.192121282,0.140860736,0.121783987,0.963543594,0.422478795,-0.964869976,-1.373619080,0.801515222,0.078054585,-0.101508945,0.584103346,0.568105280,-0.991890311,-1.425687790,0.813762426,-0.003418089,-0.182050958,0.551938891,0.512635887,-1.048542023,-1.272331834,0.807841480,0.067085713,-0.077330433,0.580440998
676,710917,81272,viewpoint,left,-1.086864471,1.417216182,-1.240780473,-0.192079380,0.141036436,0.121853359,0.963517487,0.423700452,-0.965973914,-1.374277711,0.800348938,0.079203025,-0.084770948,0.588202655,0.569380522,-0.993158579,-1.426892281,0.814654291,-0.006321459,-0.183280066,0.550187945,0.513153613,-1.048804045,-1.272084236,0.806881666,0.061988700,-0.079325363,0.582071245
677,711027,81382,viewpoint,left,-1.086829662,1.417191982,-1.241561294,-0.192473635,0.140766263,0.121511087,0.963521540,0.422181189,-0.962836266,-1.371700644,0.801393032,0.078201659,-0.078838646,0.587740004,0.567408919,-0.988777518,-1.423077941,0.815302372,-0.009759996,-0.187476844,0.547758341,0.515465736,-1.051925778,-1.277518868,0.807132185,0.062263802,-0.076827355,0.582029581
678,711140,81495,viewpoint,left,-1.086727619,1.417247891,-1.241580844,-0.192226499,0.141029596,0.121368118,0.963550389,0.423816025,-0.966350794,-1.374134660,0.800370336,0.079790153,-0.083885208,0.588221192,0.569788456,-0.994132638,-1.427481890,0.814704299,-0.008811798,-0.185795888,0.549235046,0.512773752,-1.048203111,-1.270831108,0.807740867,0.059300311,-0.082054801,0.580779850
679,711264,81619,viewpoint,left,-1.086223602,1.417524338,-1.242103934,-0.192044899,0.141236320,0.121158399,0.963582754,0.427901328,-0.973070621,-1.382062435,0.809483826,0.074427798,-0.096192151,0.574407101,0.519624829,-0.906686544,-1.303926587,0.784700215,-0.001827431,-0.178437427,0.593634844,0.514131069,-1.049700618,-1.270899415,0.811641932,0.060874093,-0.081110410,0.575285017
680,711375,81730,viewpoint,left,-1.085564375,1.417610884,-1.242501855,-0.192182392,0.141850129,0.120783336,0.963512242,0.427598774,-0.969262242,-1.377079487,0.805853844,0.076036565,-0.097413614,0.579075694,0.570768058,-0.992426157,-1.423359871,0.814359248,-0.007621812,-0.182312354,0.550929368,0.519862771,-1.058210373,-1.280194163,0.807972312,0.067490667,-0.069667540,0.581181824
681,711499,81854,viewpoint,left,-1.085085869,1.417498350,-1.242880225,-0.192512676,0.142052636,0.120810717,0.963413060,0.426970422,-0.966326952,-1.374009132,0.801953375,0.078263991,-0.084522709,0.586175263,0.572685599,-0.994286776,-1.427189589,0.815809071,-0.010979753,-0.186801329,0.547211349,0.513481915,-1.044572353,-1.265337348,0.810294986,0.063824460,-0.081138566,0.576857924
682,711610,81965,viewpoint,left,-1.084401369,1.417282462,-1.243350148,-0.193066388,0.141644284,0.120636165,0.963384211,0.426423788,-0.966450155,-1.377245545,0.805024922,0.078929380,-0.091163389,0.580856442,0.573118806,-0.992873251,-1.428456068,0.815757990,-0.007814409,-0.160358250,0.555664659,0.515145481,-1.047337413,-1.271659136,0.807632446,0.065044850,-0.075664625,0.581183136
683,711737,82092,viewpoint,left,-1.084143162,1.417236447,-1.243205667,-0.192905575,0.141878694,0.120792992,0.963362336,0.427101970,-0.968105793,-1.378624320,0.804424286,0.076840140,-0.101725459,0.580214620,0.566629887,-0.985140562,-1.416898966,0.813568175,-0.012134263,-0.175308555,0.554280102,0.516950190,-1.052415252,-1.276824951,0.811000168,0.062094174,-0.076954260,0.576629102
684,711846,82201,viewpoint,left,-1.084003210,1.417175531,-1.242787480,-0.192475364,0.142184407,0.121288829,0.963340998,0.425601840,-0.969297647,-1.377780437,0.799243152,0.081860848,-0.079199292,0.590115726,0.567676842,-0.988848329,-1.420474887,0.811101794,-0.006664262,-0.180844337,0.556205750,0.512360930,-1.046848893,-1.268830299,0.810734749,0.058081768,-0.084885836,0.576307297
685,711972,82327,viewpoint,left,-1.083651066,1.417138815,-1.242476344,-0.192600802,0.142075121,0.121405050,0.963317394,0.422873139,-0.963599563,-1.371859074,0.801432371,0.077244721,-0.087855995,0.586532891,0.566572309,-0.987818480,-1.420547366,0.816550910,-0.011541053,-0.186924934,0.546050012,0.514149666,-1.050680280,-1.274467945,0.806525350,0.062665038,-0.076502904,0.582869887
686,712084,82439,viewpoint,left,-1.083405018,1.417333245,-1.241982341,-0.192272872,0.142245024,0.121345721,0.963365316,0.424948275,-0.968495011,-1.376785040,0.799947083,0.081300907,-0.080452204,0.589069068,0.573389709,-0.999780297,-1.433943629,0.813622475,-0.017479217,-0.178178728,0.553141356,0.511793435,-1.046395421,-1.268414378,0.808223367,0.058647133,-0.082313091,0.580138087
687,712209,82564,viewpoint,left,-1.083492279,1.417444468,-1.241555333,-0.192221701,0.142628565,0.121185891,0.963338912,0.427453399,-0.970490992,-1.379637599,0.799206913,0.083054379,-0.089959167,0.588453591,0.574011564,-0.997177362,-1.430760145,0.810995281,-0.011623202,-0.157770842,0.563258410,0.513889730,-1.048025966,-1.270194888,0.811233461,0.058262374,-0.083399951,0.575803995
688,712321,82676,viewpoint,left,-1.083723545,1.417457104,-1.240889192,-0.192109153,0.142603442,0.121749386,0.963294029,0.425264060,-0.968894362,-1.377468348,0.798850238,0.081254534,-0.079127789,0.590740919,0.570011437,-0.994774818,-1.428047180,0.816240966,-0.013163105,-0.191426545,0.544915974,0.512540579,-1.047695041,-1.270136356,0.808155119,0.058588967,-0.081988811,0.580284834
689,712443,82798,viewpoint,left,-1.083708763,1.417522192,-1.240588546,-0.192074746,0.142257914,0.121814065,0.963343799,0.422600448,-0.964050770,-1.371748090,0.800775349,0.076990657,-0.087388836,0.587532520,0.568865955,-0.993017375,-1.425983191,0.813557327,-0.008859924,-0.184708819,0.551297247,0.479427755,-0.986470819,-1.194737554,0.906780660,0.290216029,0.296897203,0.073318496
690,712570,82925,viewpoint,left,-1.083492279,1.417469621,-1.240512013,-0.192254931,0.142133132,0.121638082,0.963348508,0.423811555,-0.964660764,-1.375099421,0.803633153,0.075704440,-0.092518769,0.582994819,0.566652596,-0.987340689,-1.421123743,0.813907266,-0.009383520,-0.187677413,0.549767256,0.516291499,-1.054756999,-1.278385162,0.905314744,0.294193894,0.290708393,0.096663512
691,712681,83036,viewpoint,left,-1.083391666,1.417447448,-1.240323424,-0.192168802,0.141834304,0.121330552,0.963448524,0.423954189,-0.965294242,-1.375766158,0.804419041,0.076829195,-0.092604503,0.581748784,0.566293657,-0.986889362,-1.420509100,0.814385235,-0.009113954,-0.186743289,0.549382091,0.516929746,-1.055558085,-1.281120539,0.810192287,0.067683041,-0.073989905,0.577523232
692,712806,83161,viewpoint,left,-1.083305359,1.417260170,-1.240712047,-0.192696437,0.141691312,0.120548621,0.963462353,0.425281465,-0.964843571,-1.377790689,0.799883902,0.082436375,-0.080357991,0.589009762,0.568517327,-0.986109376,-1.423949003,0.812029243,-0.002715335,-0.179426834,0.555344224,0.515361965,-1.044977903,-1.271811247,0.812353551,0.063099958,-0.110116027,0.569187641
693,712918,83273,viewpoint,left,-1.083208323,1.417079329,-1.240925193,-0.192996338,0.141444251,0.120432161,0.963453174,0.422531188,-0.958931148,-1.372959733,0.790771663,0.075338975,-0.070982352,0.603295684,0.569842398,-0.989133835,-1.429374576,0.817897201,-0.010531601,-0.189653978,0.543106496,0.513256848,-1.042818904,-1.271512032,0.811470449,0.061641101,-0.082835220,0.575199425
694,713043,83398,viewpoint,left,-1.083360672,1.417073250,-1.241129756,-0.193102509,0.141124785,0.120005108,0.963532031,0.424279690,-0.960819960,-1.375284314,0.801042974,0.082000248,-0.083674878,0.587030411,0.574752629,-0.995335400,-1.438348293,0.815213621,-0.014185454,-0.173539072,0.552367389,0.511837184,-1.039312720,-1.268394828,0.809762597,0.059442773,-0.085427880,0.577453971
695,713167,83522,viewpoint,left,-1.083994389,1.416932225,-1.241761804,-0.193560928,0.140954584,0.120038964,0.963460743,0.425598502,-0.962194562,-1.378402948,0.800622582,0.083697103,-0.082508408,0.587529242,0.569297493,-0.983900070,-1.425798059,0.812131763,-0.001080288,-0.180161431,0.554961801,0.515079737,-1.043879390,-1.275055647,0.810169399,0.061162367,-0.084119365,0.576895654
696,713278,83633,viewpoint,left,-1.084520102,1.416975379,-1.242326617,-0.193228468,0.141149029,0.119893678,0.963517129,0.426275790,-0.960026264,-1.371548533,0.794994473,0.072608992,-0.072902881,0.597826838,0.573506057,-0.990823150,-1.430458069,0.814487576,-0.003284838,-0.183526859,0.550379038,0.519156933,-1.050109029,-1.279012203,0.809468806,0.065604568,-0.073496230,0.578839004
697,713389,83744,viewpoint,left,-1.085098505,1.416905046,-1.243066430,-0.193317905,0.141365051,0.119714461,0.963489771,0.428349614,-0.964046836,-1.376081705,0.799318731,0.083650731,-0.079777710,0.589684308,0.573710382,-0.990260661,-1.428874850,0.817697227,-0.008916389,-0.187692717,0.544116795,0.517331421,-1.042780757,-1.268779755,0.810976684,0.061188240,-0.110482104,0.571285069
698,713514,83869,viewpoint,left,-1.085741997,1.416757464,-1.243906140,-0.193604395,0.140952319,0.119164623,0.963560939,0.429528356,-0.963140130,-1.375613093,0.801906288,0.081850901,-0.092263207,0.584580421,0.573886395,-0.986942470,-1.423896313,0.813078344,-0.007153798,-0.184032068,0.552254200,0.517657816,-1.042515755,-1.269279718,0.808285415,0.065891653,-0.076698326,0.580043435
699,713624,83979,viewpoint,left,-1.086535454,1.416828990,-1.244645000,-0.193484202,0.141241863,0.119056411,0.963556051,0.430370092,-0.963485301,-1.373446107,0.803140938,0.079620019,-0.085913077,0.584161103,0.577007532,-0.991625190,-1.428861380,0.818264961,-0.011380371,-0.187169001,0.543397367,0.517642736,-1.041066051,-1.265452862,0.810751557,0.060587987,-0.087103777,0.575694323
700,713751,84106,viewpoint,left,-1.087372303,1.416670561,-1.245785117,-0.193768784,0.141096473,0.118785106,0.963553607,0.432882428,-0.966472983,-1.378184319,0.802218139,0.085912481,-0.078047305,0.585639536,0.581437767,-0.994951367,-1.434394121,0.807729125,-0.014745885,-0.141913787,0.572028518,0.522681892,-1.048321247,-1.273633957,0.808889270,0.067499824,-0.072778426,0.579521596
701,713860,84215,viewpoint,left,-1.088309526,1.416507006,-1.246708512,-0.193994448,0.141505122,0.118767016,0.963450491,0.432719648,-0.962288320,-1.371605635,0.803120732,0.080693163,-0.084299609,0.584276676,0.584589720,-0.998133481,-1.436481357,0.817644119,-0.013352280,-0.171611026,0.549390137,0.519987106,-1.040346384,-1.263992190,0.811868489,0.059452083,-0.089618847,0.573849678
702,713984,84339,viewpoint,left,-1.089122772,1.416328907,-1.247472167,-0.194114760,0.141576841,0.118887037,0.963400960,0.432171762,-0.961132169,-1.368165016,0.800090492,0.081543460,-0.081668757,0.588673174,0.573860347,-0.980582833,-1.412003636,0.813164294,-0.005444839,-0.183920264,0.552184403,0.521726012,-1.042834878,-1.265286088,0.809744716,0.065307960,-0.077305213,0.577989876
703,714098,84453,viewpoint,left,-1.090035439,1.416235566,-1.248476148,-0.194474787,0.141453177,0.118963547,0.963337004,0.435791135,-0.968922496,-1.376224875,0.929193676,0.280437499,0.240122527,0.017179763,0.572553456,-0.978648007,-1.408767700,0.814660847,-0.010116084,-0.190881163,0.547530651,0.522106171,-1.042620063,-1.265194178,0.809685290,0.064020678,-0.077886768,0.578139126
704,714209,84564,viewpoint,left,-1.090771914,1.416142821,-1.249288678,-0.194716722,0.141368330,0.119026937,0.963292778,0.431776464,-0.959307551,-1.366541505,0.801591098,0.082991578,-0.085231118,0.585917830,0.576172054,-0.983430386,-1.416543722,0.813942075,-0.005702103,-0.179752365,0.552408397,0.522592783,-1.043485999,-1.266400218,0.810583472,0.065378457,-0.076089628,0.576966643
705,714332,84687,viewpoint,left,-1.091362000,1.415988326,-1.250257611,-0.194838151,0.141078159,0.119241841,0.963284194,0.432003856,-0.960224271,-1.365904689,0.792249918,0.075615190,-0.071191452,0.601293802,0.578718662,-0.987018347,-1.420913339,0.812118113,-0.008416469,-0.168501094,0.558570325,0.522149444,-1.043134093,-1.265902877,0.810068965,0.066073246,-0.075611450,0.577672601
706,714445,84800,viewpoint,left,-1.091774225,1.415645957,-1.251155734,-0.195564181,0.140505880,0.119377948,0.963203847,0.432164371,-0.959727645,-1.370608807,0.805197120,0.078702010,-0.086452693,0.581368625,0.578585744,-0.987572372,-1.425047040,0.817877889,-0.006319438,-0.182980105,0.545485258,0.522029698,-1.043199897,-1.268554449,0.813213944,0.062227689,-0.087636687,0.571953356
707,714557,84912,viewpoint,left,-1.091930628,1.415655971,-1.251805902,-0.195599660,0.140271485,0.119344532,0.963234961,0.431887209,-0.960589290,-1.371840119,0.805813789,0.077953249,-0.097930320,0.578789473,0.576836526,-0.985527635,-1.422016621,0.816471398,-0.004096397,-0.181067318,0.548244774,0.520593166,-1.042107821,-1.267150402,0.812378407,0.063429892,-0.081474133,0.573916256
708,714668,85023,viewpoint,left,-1.091861248,1.415758729,-1.252491117,-0.195769086,0.139814451,0.119015455,0.963307679,0.432024300,-0.962000430,-1.373471856,0.799930573,0.086788267,-0.087669030,0.587275863,0.578723550,-0.986686587,-1.424870133,0.816262662,-0.007147104,-0.168185979,0.552609921,0.521081567,-1.042405963,-1.268958330,0.806178153,0.063452378,-0.073033370,0.583709419
709,714793,85148,viewpoint,left,-1.092031240,1.415735602,-1.253035903,-0.196067452,0.139660895,0.119484410,0.963211238,0.431158662,-0.960905254,-1.372815847,0.799981534,0.087091297,-0.087344170,0.587210000,0.582700253,-0.992125034,-1.431836963,0.815768778,-0.013980188,-0.126040488,0.564304590,0.519234896,-1.039950252,-1.265537977,0.813532650,0.068734653,-0.080424167,0.571814775
710,714902,85257,viewpoint,left,-1.092333555,1.415621042,-1.253584981,-0.196320310,0.139780492,0.119646013,0.963122308,0.430043578,-0.957467914,-1.369277716,0.803683162,0.083408698,-0.092302591,0.581907749,0.583772004,-0.992919087,-1.433049679,0.815295815,-0.014004295,-0.134240687,0.563095152,0.520800471,-1.042424917,-1.268933773,0.814077854,0.070117794,-0.078641385,0.571118474
711,715014,85369,viewpoint,left,-1.092465401,1.415395975,-1.254142165,-0.196856901,0.139756873,0.119670570,0.963013172,0.430462003,-0.956694186,-1.370552421,0.800935030,0.085564472,-0.088971615,0.585888982,0.573310971,-0.982456982,-1.422565818,0.867007136,0.277923971,0.413358629,0.013838806,0.524488926,-1.047905326,-1.277178288,0.813061059,0.071303681,-0.071993783,0.573292613
712,715138,85493,viewpoint,moving_to_right,-1.092496157,1.415266871,-1.254583955,-0.197261021,0.139402807,0.119668670,0.962981999,0.427815497,-0.952468276,-1.366645217,0.803765178,0.080415942,-0.083789155,0.583501637,0.570477605,-0.973709047,-1.413862228,0.815071166,-0.003599518,-0.183049113,0.549671888,0.519260108,-1.037476301,-1.267989039,0.810131133,0.066723496,-0.076243773,0.577427447
713,715251,85606,viewpoint,moving_to_right,-1.092485428,1.415139556,-1.255095124,-0.197400108,0.138988733,0.119682476,0.963011682,0.428467095,-0.954423308,-1.370589018,0.806872249,0.080171540,-0.087683491,0.578654706,0.574904978,-0.982154727,-1.425886273,0.820877612,-0.008620160,-0.185084358,0.540212393,0.519633591,-1.038071752,-1.268264532,0.814334929,0.065141469,-0.109198235,0.566295743
714,715375,85730,viewpoint,moving_to_right,-1.092374802,1.414940834,-1.255803943,-0.198122174,0.138726011,0.119197525,0.962961376,0.429227889,-0.953205228,-1.372104168,0.804936826,0.082093768,-0.084435739,0.581556559,,,,,,,,0.519109726,-1.034930587,-1.269084096,0.809629321,0.066065960,-0.076230668,0.578208089
715,715485,85840,viewpoint,moving_to_right,-1.092379332,1.414896607,-1.256285071,-0.198370948,0.138683677,0.119212717,0.962914407,0.427931130,-0.949909806,-1.368871450,0.806545436,0.081771515,-0.087011561,0.578987837,0.572319925,-0.972675443,-1.418812037,0.816550970,-0.002039819,-0.179054812,0.548798442,0.521401227,-1.038562655,-1.273630619,0.815146804,0.068771578,-0.078608222,0.569760323
716,715598,85953,viewpoint,moving_to_right,-1.092635632,1.414713740,-1.256747603,-0.198753625,0.138272852,0.119149312,0.962902427,0.427463174,-0.948464334,-1.370824695,0.800326347,0.074386269,-0.079502746,0.589596391,0.575694203,-0.978471816,-1.428530574,0.821905017,-0.005864818,-0.185005575,0.538712084,0.517297983,-1.031075120,-1.267340541,0.811646044,0.060366064,-0.085824631,0.574648380
717,715723,86078,viewpoint,moving_to_right,-1.093129396,1.414450049,-1.257458568,-0.199923798,0.136465013,0.119254969,0.962904990,0.426048577,-0.948130310,-1.377899766,0.808509290,0.085059911,-0.093685903,0.574717820,0.567969918,-0.971741557,-1.428343415,0.868721724,0.275147200,0.411718309,0.010231530,0.517727911,-1.034024596,-1.277779460,0.813345730,0.073661745,-0.073247187,0.572431326
718,715834,86189,viewpoint,moving_to_right,-1.093976021,1.413963556,-1.258690476,-0.202078149,0.132910475,0.119083621,0.962973714,0.419241786,-0.938911319,-1.378740549,0.808127642,0.083512664,-0.099646181,0.574478984,0.559190452,-0.954843402,-1.421076655,0.812797129,0.002874834,-0.192293242,0.549887121,0.512438715,-1.025955558,-1.282184958,0.814165533,0.070101298,-0.082649648,0.570429146
719,715960,86315,viewpoint,moving_to_right,-1.095457554,1.413369179,-1.259607673,-0.204582438,0.128660023,0.118484728,0.963096082,0.417031944,-0.935991526,-1.396196365,0.812760890,0.087478891,-0.098563515,0.567496598,0.515512884,-0.882141352,-1.337051511,0.797453642,0.007589209,-0.194384977,0.571160734,0.502702355,-1.008413911,-1.280496597,0.815456331,0.072681874,-0.089216426,0.567264378
720,716070,86425,viewpoint,moving_to_right,-1.098577023,1.412963510,-1.260552049,-0.206567600,0.122610211,0.117443517,0.963588953,0.405062914,-0.920558572,-1.389773607,0.806940377,0.096755825,-0.099378556,0.574116170,0.517000973,-0.886554837,-1.361156583,0.797530055,0.008843777,-0.166923419,0.579658687,0.501402259,-1.008210897,-1.296277642,0.818738282,0.078756034,-0.090629458,0.561472535
721,716196,86551,viewpoint,moving_to_right,-1.102269173,1.412584066,-1.261494994,-0.208019137,0.117103748,0.115973741,0.964139402,0.399997056,-0.915529966,-1.398829937,0.809883595,0.100974277,-0.096940674,0.569644868,0.534791589,-0.921201825,-1.435272336,0.816782594,0.014304632,-0.197137550,0.542031825,0.492874503,-0.993571937,-1.294803023,0.817236602,0.081287287,-0.101339594,0.561468720
722,716306,86661,viewpoint,moving_to_right,-1.105674267,1.411158323,-1.262949586,-0.210947856,0.107749291,0.111829631,0.965083063,0.395656228,-0.906608284,-1.413003683,0.813639224,0.105346985,-0.105596758,0.561909795,0.533755481,-0.917614698,-1.459975243,0.818870544,0.028998202,-0.190125197,0.540798247,0.486907005,-0.977634490,-1.300118327,0.818435490,0.090226233,-0.103962533,0.557865918
723,716431,86786,viewpoint,moving_to_right,-1.107523203,1.407813072,-1.263863444,-0.214864105,0.096569158,0.108707853,0.965758979,0.377131045,-0.880851030,-1.417746544,0.807798147,0.124402098,-0.094480686,0.568383455,0.476468205,-0.829763055,-1.366499782,0.859109163,0.300862581,0.412391633,-0.036691967,0.475708306,-0.958190203,-1.317268610,0.821062267,0.108947463,-0.105339475,0.550355077
724,716555,86910,viewpoint,moving_to_right,-1.107540846,1.405540705,-1.264099956,-0.215759173,0.088966310,0.104150891,0.966791391,0.370403826,-0.871417522,-1.422176123,0.808551729,0.131309479,-0.101729050,0.564493656,0.517978668,-0.895212591,-1.499552011,0.818822265,0.039390668,-0.185722321,0.541743159,0.471068084,-0.947520792,-1.323370934,0.816285372,0.109945230,-0.107551999,0.556796908
725,716681,87036,viewpoint,moving_to_right,-1.104169846,1.403877258,-1.263865113,-0.218928918,0.078969806,0.100172542,0.967367232,0.354588151,-0.856262505,-1.438618541,0.811476171,0.138902977,-0.115794569,0.555701435,0.493311286,-0.866502047,-1.501223207,0.819147170,0.059811458,-0.206115946,0.531917989,0.456785500,-0.926061511,-1.332822323,0.821121097,0.108692773,-0.152187482,0.539244890
726,716804,87159,viewpoint,moving_to_right,-1.096673489,1.405614972,-1.264681935,-0.217025295,0.068931662,0.095986798,0.968986571,0.330840528,-0.858502805,-1.444111466,0.805198252,0.153518826,-0.111147635,0.561902106,0.465884805,-0.861681700,-1.501912355,0.812761486,0.071150541,-0.208219334,0.539445281,0.435089588,-0.924167514,-1.336470485,0.813237369,0.118175559,-0.148736581,0.550051808
727,716932,87287,viewpoint,moving_to_right,-1.086103201,1.405830145,-1.268555760,-0.218505532,0.063002929,0.095676236,0.969088256,0.308940709,-0.854091763,-1.455404282,0.811644733,0.151618809,-0.116139598,0.552047312,0.410963595,-0.792564988,-1.404875994,0.781549931,0.071460277,-0.182189748,0.592351317,0.408111811,-0.908404589,-1.332132816,0.818968832,0.117694959,-0.175747082,0.533433139
728,717041,87396,viewpoint,moving_to_right,-1.070486784,1.404345989,-1.272865415,-0.221838519,0.062235475,0.099300787,0.968015373,0.280731976,-0.838962436,-1.448598623,0.809276223,0.153356045,-0.114422470,0.555392981,0.413492084,-0.839543462,-1.502697587,0.813501358,0.072277740,-0.225573510,0.531138480,0.387496054,-0.910513520,-1.348291278,0.817950964,0.116912447,-0.156600937,0.541076601
729,717167,87522,viewpoint,moving_to_right,-1.051570892,1.406053901,-1.276350856,-0.220997468,0.070668571,0.109185576,0.966563284,0.258226693,-0.845386505,-1.442980886,0.813398898,0.141783491,-0.123564214,0.550464869,0.393759668,-0.854284227,-1.504520297,0.816042364,0.061338674,-0.213070989,0.533772647,0.361119449,-0.915610313,-1.337715149,0.823013723,0.110466272,-0.160646558,0.533515036
730,717293,87648,viewpoint,moving_to_right,-1.026153564,1.408083558,-1.281080604,-0.217489973,0.072441548,0.115344234,0.966512322,0.223394409,-0.858504891,-1.437963963,0.953004181,0.263413459,0.145703033,-0.034161288,0.358381867,-0.866278827,-1.497389793,0.816936970,0.051297631,-0.218492419,0.531266034,0.327326715,-0.934274077,-1.340868711,0.829990327,0.102729946,-0.165386215,0.522694945
731,717417,87772,viewpoint,moving_to_right,-0.998753548,1.407692432,-1.287205100,-0.215293467,0.081738874,0.120525569,0.965629935,0.207620993,-0.865528524,-1.435560226,0.817682445,0.122526377,-0.129956275,0.547260463,0.340012491,-0.870395303,-1.480226278,0.815842509,0.042394351,-0.228099674,0.529692650,0.307483375,-0.940122485,-1.328701377,0.823574126,0.102868140,-0.153992116,0.536125302
732,717542,87897,viewpoint,moving_to_right,-0.969187260,1.406884313,-1.294023633,-0.215664670,0.090358622,0.125936329,0.964087188,0.181208193,-0.862295389,-1.428555608,0.815646887,0.113390632,-0.121886186,0.554081738,0.322441339,-0.886470377,-1.498782396,0.823171914,0.018346583,-0.211178362,0.526740015,0.277032495,-0.936893702,-1.316967010,0.823093235,0.079970658,-0.173909873,0.534675241
733,717667,88022,viewpoint,moving_to_right,-0.941375971,1.407302260,-1.301255584,-0.215670586,0.103041932,0.131210193,0.962108374,0.168544009,-0.850318193,-1.400936484,0.806005359,0.096192792,-0.102056719,0.575053751,0.306245685,-0.873826981,-1.465466022,0.820925891,0.019419389,-0.209425047,0.530890524,0.258916616,-0.922713399,-1.288894415,0.819285154,0.082492664,-0.149274334,0.547434032
734,717793,88148,viewpoint,moving_to_right,-0.916460037,1.406454444,-1.308279872,-0.219658136,0.111941643,0.131338105,0.960192561,0.166078016,-0.844488144,-1.417163849,0.820482969,0.094620690,-0.117150225,0.551480234,0.303992808,-0.861763954,-1.466077924,0.824562848,0.003281992,-0.182775348,0.535423756,0.252029896,-0.913592219,-1.293189526,0.822849274,0.078586027,-0.109525092,0.552039504
735,717915,88270,viewpoint,moving_to_right,-0.898723364,1.406548262,-1.316160798,-0.225745723,0.106562786,0.124864332,0.960256279,0.150952861,-0.829878688,-1.428601146,0.816595435,0.114074819,-0.097140804,0.557424903,0.285397530,-0.832699537,-1.462364316,0.824435949,0.022211684,-0.198726997,0.529452264,0.242099836,-0.900726616,-1.309855223,0.837844431,0.073229730,-0.159650892,0.516880810
736,718042,88397,viewpoint,moving_to_right,-0.890885830,1.407370329,-1.325214028,-0.225636780,0.099212646,0.119589590,0.961739659,0.135726660,-0.824595690,-1.419211626,0.821687579,0.111163311,-0.116565116,0.546703637,0.270367742,-0.832220078,-1.464304209,0.823429048,0.033861686,-0.212462366,0.525050342,0.224077210,-0.884769142,-1.287767291,0.822043002,0.095499851,-0.108351588,0.550804019
737,718168,88523,viewpoint,moving_to_right,-0.890952826,1.407667875,-1.335579515,-0.228272110,0.084757484,0.114122331,0.963163614,0.110721901,-0.820917249,-1.418919206,0.819617689,0.129445210,-0.123385087,0.544285715,0.244944140,-0.823104978,-1.463295698,0.822707534,0.048821449,-0.207882568,0.526833653,0.205016032,-0.881151199,-1.291065454,0.826566100,0.112799294,-0.114656791,0.539368808
738,718293,88648,viewpoint,moving_to_right,-0.895089865,1.408865929,-1.348173499,-0.227722064,0.063597828,0.105985247,0.965849459,0.085174590,-0.826145828,-1.416435838,0.818864286,0.145874292,-0.124609664,0.540975451,0.216914698,-0.824267149,-1.462432504,0.820811510,0.063707687,-0.210911661,0.526997149,0.184123516,-0.884137630,-1.291021347,0.821388543,0.129401952,-0.118294448,0.542754352
739,718418,88773,viewpoint,moving_to_right,-0.902415514,1.406465769,-1.359424472,-0.231790781,0.038701642,0.095306836,0.967311680,0.054713525,-0.809635520,-1.408020973,0.813860953,0.174769178,-0.127721757,0.539233983,0.191041589,-0.823250532,-1.497228980,0.821923792,0.082310349,-0.213078350,0.521789074,0.164816082,-0.873295724,-1.301866174,0.817853391,0.143705413,-0.161531374,0.533265710
740,718543,88898,viewpoint,moving_to_right,-0.909457445,1.401213884,-1.367468715,-0.239434853,0.011289270,0.092761852,0.966405034,0.006219637,-0.777152419,-1.408364654,0.811259568,0.198384002,-0.136177763,0.532876492,0.132739604,-0.774938941,-1.482869506,0.813128412,0.118191049,-0.241675809,0.516183972,0.123289123,-0.846700430,-1.319291353,0.816921413,0.165886149,-0.172980130,0.524594188
741,718667,89022,viewpoint,moving_to_right,-0.914616346,1.396115541,-1.372680783,-0.250552148,-0.007163809,0.090631016,0.963824868,-0.023868721,-0.737610817,-1.413930416,0.813360393,0.213852301,-0.138653249,0.522960246,0.097148359,-0.702229917,-1.430593252,0.798475385,0.124023214,-0.231626600,0.541668177,0.097567931,-0.816176534,-1.343991399,0.817231536,0.185853153,-0.173291564,0.517263293
742,718791,89146,viewpoint,moving_to_right,-0.917040586,1.394429326,-1.375117421,-0.256534070,-0.016126094,0.087618016,0.962420523,-0.036164895,-0.722624063,-1.430307388,0.813351989,0.225666866,-0.138137236,0.518122733,0.087338068,-0.714842260,-1.512099147,0.820992053,0.139440671,-0.244179726,0.496894956,0.084739752,-0.787362099,-1.342199445,0.825187683,0.194078624,-0.206884310,0.488464653
743,718931,89286,viewpoint,moving_to_right,-0.916507244,1.392695785,-1.377906919,-0.264538825,-0.030091958,0.085237511,0.960129321,-0.063145459,-0.696281672,-1.438682199,0.816135466,0.238462582,-0.134923831,0.508777022,0.059115365,-0.689754426,-1.532613397,0.822728336,0.152316421,-0.237370208,0.493531346,0.061221823,-0.766291738,-1.363860011,0.829632998,0.202943072,-0.217522651,0.472448051
744,719070,89425,viewpoint,moving_to_right,-0.912925243,1.390069246,-1.381867051,-0.273109138,-0.041646186,0.084240794,0.957382083,-0.091626078,-0.668205261,-1.445385575,0.820585012,0.240620792,-0.157006964,0.494055420,0.031193480,-0.671257973,-1.569909692,0.818766773,0.144453779,-0.237270147,0.502451003,0.039374441,-0.749637187,-1.394314170,0.843022466,0.206692442,-0.162434265,0.469261616
745,719209,89564,viewpoint,moving_to_right,-0.904197216,1.388389349,-1.385744929,-0.275220543,-0.049980059,0.084876776,0.956321895,-0.118520647,-0.654184341,-1.426964879,0.809157848,0.245012343,-0.142006084,0.514846325,-0.001445044,-0.617228448,-1.463661194,0.806203008,0.173580363,-0.269244254,0.497407377,0.008900173,-0.726479888,-1.364674568,0.824910820,0.217399001,-0.197939917,0.482783198
746,719362,89717,viewpoint,moving_to_right,-0.890485048,1.388127804,-1.391223311,-0.273437560,-0.046490718,0.083931401,0.957092524,-0.122917108,-0.666250825,-1.429322124,0.818040907,0.248475850,-0.146591395,0.497573912,-0.003297176,-0.655097127,-1.521511197,0.822950363,0.164923638,-0.244365469,0.485632032,0.004988365,-0.734305739,-1.353752375,0.821321309,0.213269114,-0.198390901,0.490498453
747,719500,89855,viewpoint,moving_to_right,-0.867484331,1.388060093,-1.398565650,-0.267730951,-0.031315286,0.086243786,0.959114969,-0.116168581,-0.682800591,-1.413138032,0.820586503,0.235663414,-0.149087787,0.498872131,0.005567532,-0.677540898,-1.507786393,0.817865968,0.148840576,-0.239309773,0.501670003,0.009293467,-0.749741435,-1.330731750,0.817864060,0.207614481,-0.184511676,0.503934562
748,719639,89994,viewpoint,moving_to_right,-0.837600708,1.390149713,-1.407817006,-0.263166130,-0.009039119,0.092677057,0.960246265,-0.108781926,-0.704518318,-1.399172664,0.822237730,0.214982137,-0.144440725,0.506798327,0.015284613,-0.696493864,-1.476408362,0.824604154,0.134229228,-0.242546976,0.493134379,0.010680445,-0.752379060,-1.275724530,0.813991725,0.187481850,-0.106968597,0.539282501
749,719779,90134,viewpoint,moving_to_right,-0.802296996,1.394823551,-1.419269204,-0.259037584,0.006169023,0.097936913,0.960869312,-0.122231662,-0.718270779,-1.381921649,0.824924111,0.197507620,-0.134485811,0.512254417,0.003132746,-0.720347404,-1.468507648,0.829410911,0.116528064,-0.241327137,0.490163207,-0.007953940,-0.786215782,-1.286678195,0.825920761,0.181519777,-0.143050373,0.514239252
750,719917,90272,viewpoint,moving_to_right,-0.766799450,1.398052454,-1.430594087,-0.258672386,0.027223930,0.106198952,0.959723532,-0.130510211,-0.727235675,-1.383931279,0.829623580,0.178848520,-0.136173427,0.511072159,-0.002706883,-0.722729862,-1.445944786,0.828551292,0.101506941,-0.237673998,0.496699303,-0.020600572,-0.788561404,-1.268000245,0.832912982,0.163572758,-0.131828815,0.511977673
751,720040,90395,viewpoint,moving_to_right,-0.729758739,1.399449468,-1.438440442,-0.257240683,0.049775016,0.119262606,0.957666993,-0.146553278,-0.722316027,-1.372601390,0.829994917,0.155805513,-0.120981880,0.521724582,-0.016449356,-0.728450596,-1.439555526,0.839346111,0.067899525,-0.221080855,0.491946220,-0.043185454,-0.787949443,-1.256325603,0.830754161,0.132983565,-0.132302821,0.524079144
752,720181,90536,viewpoint,moving_to_right,-0.698183775,1.398779988,-1.443278670,-0.256120592,0.065960273,0.128273636,0.955822885,-0.162027344,-0.722494662,-1.381743431,0.838067174,0.132985249,-0.123871461,0.514406621,-0.029954586,-0.725542188,-1.433392048,0.837858260,0.056398138,-0.219354466,0.496685475,-0.061309367,-0.779782772,-1.242934823,0.834269464,0.117701478,-0.130441383,0.522614539
753,720320,90675,viewpoint,moving_to_right,-0.674479485,1.397916436,-1.446355462,-0.258472592,0.076486357,0.128319681,0.954398155,-0.161382273,-0.716703653,-1.392698765,0.842480183,0.124202229,-0.116243452,0.511163771,-0.028105462,-0.724053442,-1.447425842,0.846688926,0.041684940,-0.223586798,0.481029302,-0.062804237,-0.776861787,-1.253007293,0.839376748,0.109863855,-0.127006769,0.516958356
754,720444,90799,viewpoint,moving_to_right,-0.662988305,1.400163531,-1.447897553,-0.253566742,0.085787937,0.126993507,0.955100536,-0.150910243,-0.714629948,-1.355865121,0.822443128,0.118240297,-0.096894130,0.547921538,-0.018225767,-0.736191154,-1.433650017,0.843324006,0.035767294,-0.215742707,0.490897626,-0.056166630,-0.792722046,-1.249685526,0.836782634,0.097069606,-0.128946170,0.523206651
755,720582,90937,viewpoint,moving_to_right,-0.660392284,1.400387526,-1.448792815,-0.251531303,0.086018398,0.123515770,0.956073582,-0.147414565,-0.722111344,-1.351738811,0.821518242,0.117940530,-0.096675396,0.549410462,-0.015192358,-0.752723098,-1.445945740,0.847907960,0.036428031,-0.213742554,0.483776033,-0.052162915,-0.794576108,-1.237466455,0.839082122,0.106729776,-0.120020770,0.519754767
756,720723,91078,viewpoint,moving_to_right,-0.661320448,1.402455807,-1.449715257,-0.248454303,0.072066516,0.119729906,0.958510101,-0.170961425,-0.744450212,-1.363831162,0.832079828,0.133278534,-0.110553794,0.526932478,-0.039082345,-0.753085494,-1.424982190,0.840364516,0.050736379,-0.214159966,0.495326996,-0.070833996,-0.805709779,-1.236008406,0.830742419,0.110874653,-0.134283409,0.528717220
757,720848,91203,viewpoint,moving_to_right,-0.663169265,1.399781704,-1.449816585,-0.247944787,0.060582101,0.111930579,0.960377395,-0.179344043,-0.743551910,-1.359314084,0.828919649,0.148559436,-0.115166277,0.526838779,-0.047746006,-0.744084477,-1.413218260,0.830896676,0.067085616,-0.214742631,0.508916378,-0.075820968,-0.800705314,-1.230716467,0.823905110,0.127949938,-0.126156360,0.537488461
758,720986,91341,viewpoint,moving_to_right,-0.663564682,1.399496317,-1.446082711,-0.249266177,0.051646963,0.109076306,0.960885704,-0.189880192,-0.737756610,-1.359810591,0.823586881,0.161225364,-0.114335150,0.531637549,-0.060192157,-0.748941064,-1.436931491,0.837175667,0.077625945,-0.215242609,0.496771306,-0.081101641,-0.782816708,-1.210440278,0.989310801,0.141823590,-0.024883335,-0.023045409
759,721110,91465,viewpoint,moving_to_right,-0.666136861,1.400263309,-1.441508651,-0.247665271,0.043297328,0.109167755,0.961701453,-0.207837105,-0.736947775,-1.350024939,0.820521533,0.158475384,-0.116093710,0.536798060,-0.079054907,-0.743650019,-1.423346043,0.827415586,0.084089577,-0.226355344,0.507026196,-0.099662624,-0.808641970,-1.250101447,0.826972425,0.141767889,-0.166263238,0.518049359
760,721250,91605,viewpoint,moving_to_right,-0.667150497,1.398816705,-1.440910697,-0.253705651,0.032048028,0.110545538,0.960409343,-0.232971683,-0.721760213,-1.367007494,0.826564431,0.174229279,-0.134415492,0.518042445,-0.104637906,-0.723930240,-1.437228203,0.831284344,0.090392411,-0.231013045,0.497421920,-0.121595144,-0.780935585,-1.247090936,0.833770037,0.152740270,-0.141396374,0.511375487
761,721390,91745,viewpoint,moving_to_right,-0.662625551,1.397207975,-1.439693809,-0.253124505,0.027469188,0.110381261,0.960723400,-0.245987505,-0.721303582,-1.367601037,0.828902543,0.174089476,-0.135920465,0.513944566,-0.117618009,-0.720432043,-1.431977153,0.828886509,0.089272030,-0.207916886,0.511613488,-0.133166492,-0.785080314,-1.255649328,0.829295516,0.155330971,-0.168565795,0.509634078
762,721530,91885,viewpoint,moving_to_right,-0.650691867,1.397073627,-1.443488002,-0.250852108,0.025829846,0.105911843,0.961867332,-0.255094171,-0.731379509,-1.362069964,0.824417531,0.179422691,-0.138726696,0.518553853,-0.126458064,-0.725433052,-1.420877099,0.824522018,0.100781374,-0.229312330,0.507368088,-0.140856534,-0.791810513,-1.247601271,0.827718914,0.161139920,-0.160338074,0.513037145
763,721667,92022,viewpoint,moving_to_right,-0.631274700,1.397211671,-1.451048493,-0.252340734,0.022145385,0.103585780,0.961823165,-0.277623355,-0.725665212,-1.350278854,0.823603332,0.182554170,-0.134955183,0.519748509,-0.150897652,-0.724324644,-1.421770334,0.827172339,0.106949620,-0.218502566,0.506561399,-0.162322298,-0.780335188,-1.229096413,0.827195227,0.166900694,-0.139551386,0.518090427
764,721807,92162,viewpoint,moving_to_right,-0.603262663,1.396331310,-1.461453557,-0.252290308,0.032074645,0.109076373,0.960949123,-0.293302476,-0.715283513,-1.334276080,0.821764946,0.175007746,-0.125865728,0.527477562,-0.168072894,-0.726414144,-1.421043634,0.830092728,0.089498855,-0.243996784,0.493357539,-0.181836605,-0.775740027,-1.219970942,0.820805907,0.152464941,-0.147476107,0.530361235
765,721945,92300,viewpoint,moving_to_right,-0.564246416,1.396518111,-1.473088145,-0.254561722,0.043344647,0.110006101,0.959801137,-0.309129894,-0.711803317,-1.341930270,0.829775572,0.162836313,-0.121567599,0.519786716,-0.180596426,-0.713888645,-1.408032179,0.834059715,0.085573547,-0.219063088,0.499031991,-0.199404106,-0.778052151,-1.230986118,0.831016958,0.145677730,-0.159166738,0.512693763
766,722082,92437,viewpoint,moving_to_right,-0.522744417,1.397449970,-1.482753396,-0.253356338,0.057526782,0.115991697,0.958669484,-0.334054828,-0.699839711,-1.327714562,0.821222007,0.156418577,-0.108937606,0.537829280,-0.209583700,-0.715565443,-1.412691593,0.838405609,0.064191230,-0.223216504,0.493082076,-0.229906067,-0.772422075,-1.224633932,0.830333769,0.129182294,-0.157149658,0.518808007
767,722222,92577,viewpoint,moving_to_right,-0.485076547,1.396574497,-1.491128325,-0.257607281,0.077050462,0.125288785,0.954989254,-0.347381771,-0.678077459,-1.346817255,0.829301536,0.125802457,-0.106395431,0.533959448,-0.217674017,-0.686972380,-1.407153964,0.839541733,0.052234259,-0.203619897,0.500979245,-0.249418184,-0.755724907,-1.239643812,0.838329315,0.106884249,-0.151952997,0.512532949
768,722362,92717,viewpoint,moving_to_right,-0.453769684,1.394569755,-1.495646834,-0.261096150,0.095316365,0.130059391,0.951750040,-0.348234177,-0.659981012,-1.365078926,0.838464856,0.110767461,-0.099985801,0.524127841,-0.217258736,-0.672977209,-1.425965667,0.849821866,0.022700738,-0.192634717,0.490080982,-0.249888062,-0.725526452,-1.231585622,0.839782596,0.088775590,-0.135251626,0.518257797
769,722499,92854,viewpoint,moving_to_right,-0.430033207,1.394572020,-1.497669101,-0.260220200,0.100105889,0.128783390,0.951671720,-0.359650135,-0.660770416,-1.375085950,0.844149411,0.104297519,-0.092016555,0.517751634,-0.228805512,-0.675451159,-1.437070370,0.854316473,0.020361839,-0.189676031,0.483478814,-0.261177987,-0.725109935,-1.236373425,0.844245076,0.086750887,-0.126926407,0.513433814
770,722639,92994,viewpoint,moving_to_right,-0.414793611,1.396019936,-1.501532912,-0.262692273,0.103760555,0.122120999,0.951479375,-0.358454585,-0.669472575,-1.400326729,0.852340221,0.103148602,-0.073099874,0.507476985,-0.221957773,-0.671015382,-1.436406612,0.854995847,0.023044478,-0.181529760,0.485281408,-0.256219745,-0.724259615,-1.242154956,0.842908800,0.087246716,-0.128323674,0.515195012
771,722778,93133,viewpoint,moving_to_right,-0.405407667,1.394409776,-1.508644223,-0.269426376,0.096215777,0.111056328,0.951744974,-0.353448868,-0.643058300,-1.360296965,0.839796305,0.117220983,-0.071476549,0.525254786,-0.226779148,-0.661668837,-1.441344261,0.853698850,0.045368634,-0.180276349,0.486457020,-0.258010596,-0.721263587,-1.251073122,0.853314757,0.107476197,-0.124511115,0.494772434
772,722917,93272,viewpoint,moving_to_right,-0.401361704,1.393315673,-1.514656901,-0.273802996,0.076016612,0.102441043,0.953288615,-0.390151441,-0.649946749,-1.361622334,0.840141594,0.144789457,-0.089619122,0.514943182,-0.258267790,-0.647159100,-1.413571835,0.847167075,0.071735635,-0.180189967,0.494665086,-0.285093248,-0.717266560,-1.241260409,0.843180180,0.120124757,-0.137353599,0.505718589
773,723070,93425,viewpoint,moving_to_right,-0.402271390,1.397801638,-1.519248605,-0.268310398,0.055784594,0.102701575,0.956216514,-0.432306707,-0.668047905,-1.332495093,0.832017601,0.156590000,-0.104416944,0.521846116,-0.308124423,-0.675933897,-1.410216451,0.847399771,0.080978967,-0.201191291,0.484642267,-0.326576114,-0.746011794,-1.235716701,0.852098703,0.143161207,-0.155631498,0.478760421
774,723209,93564,viewpoint,moving_to_right,-0.406281352,1.399096966,-1.523119330,-0.266902685,0.047184709,0.095961116,0.957772434,-0.434615791,-0.678751945,-1.312156796,0.825323403,0.177623913,-0.100397535,0.526508570,-0.306890666,-0.672467649,-1.372131109,0.831161559,0.102174751,-0.166117504,0.520707011,-0.325449705,-0.749623775,-1.211130857,0.842424035,0.155370444,-0.140488684,0.496431977
775,723348,93703,viewpoint,moving_to_right,-0.411865234,1.399216413,-1.525455356,-0.267081678,0.035154790,0.093598612,0.958473206,-0.440909326,-0.667783976,-1.273763299,0.817944884,0.173389226,-0.103582121,0.538677216,-0.329655766,-0.690858006,-1.392027140,0.842139482,0.102257214,-0.209966227,0.486064523,-0.326039016,-0.733044684,-1.170688152,0.980763137,0.085348509,-0.174196690,-0.021790244
776,723487,93842,viewpoint,moving_to_right,-0.418630123,1.398153305,-1.527064443,-0.267513901,0.027204271,0.092927426,0.958676517,-0.451419771,-0.670615494,-1.269360900,0.822039366,0.175648242,-0.108984038,0.530586004,-0.337831557,-0.686331749,-1.377311230,0.838713646,0.104868129,-0.210258096,0.491277575,-0.343721271,-0.748301804,-1.193470955,0.823780358,0.161180317,-0.161282644,0.519032538
777,723626,93981,viewpoint,moving_to_right,-0.422030926,1.392325878,-1.527967334,-0.274880320,0.012299116,0.093240894,0.956867635,-0.474735320,-0.646441579,-1.261352301,0.820227742,0.191455588,-0.113467023,0.526969194,-0.363784254,-0.657844782,-1.369562745,0.837489903,0.117238604,-0.218782902,0.486826271,-0.355496585,-0.709335029,-1.162901998,0.979648769,0.085378975,-0.170657650,-0.062247340
778,723777,94132,viewpoint,moving_to_right,-0.421789408,1.391056538,-1.528961062,-0.280308872,-0.004807848,0.091963820,0.955482304,-0.506577373,-0.634627223,-1.254261494,0.822674334,0.202297285,-0.124942638,0.516403079,-0.400046647,-0.645534575,-1.369146705,0.837648869,0.131811932,-0.228862897,0.478112698,-0.397957683,-0.723208427,-1.202136517,0.841505051,0.195100516,-0.178308725,0.471180499
779,723915,94270,viewpoint,moving_to_right,-0.418094039,1.389520288,-1.529855371,-0.282722414,-0.016328562,0.091121010,0.954724252,-0.528204381,-0.629112184,-1.244770646,0.822885871,0.214225233,-0.123067774,0.511684358,-0.423243523,-0.636824906,-1.360356569,0.837663531,0.141326576,-0.228068098,0.475743204,-0.421203732,-0.723148644,-1.205935478,0.843116283,0.202941790,-0.191628128,0.459617525
780,724070,94425,viewpoint,moving_to_right,-0.412140012,1.389271140,-1.529642463,-0.283274144,-0.019742161,0.089034565,0.954693079,-0.540428340,-0.630859613,-1.243777752,0.819871843,0.216626465,-0.128244311,0.514234006,-0.437154889,-0.639497936,-1.363539696,0.837967515,0.148306072,-0.231401578,0.471454233,-0.431228518,-0.721945167,-1.202432156,0.843577564,0.202687651,-0.194648325,0.457609713
781,724209,94564,viewpoint,moving_to_right,-0.400085568,1.388841510,-1.530206323,-0.283735543,-0.021553107,0.090809099,0.954349697,-0.561308384,-0.628080964,-1.246274829,0.824611545,0.212121531,-0.136481822,0.506352723,-0.454706669,-0.630200267,-1.353491306,0.833622396,0.146040916,-0.243853763,0.473583281,-0.447902799,-0.712442875,-1.192352295,0.840864360,0.204281256,-0.189295039,0.464094549
782,724362,94717,viewpoint,moving_to_right,-0.382956862,1.389744759,-1.531530023,-0.279674470,-0.011126668,0.093661860,0.955450594,-0.559453666,-0.628914952,-1.241149902,0.821252167,0.206449106,-0.131507084,0.515392601,-0.450161397,-0.630279899,-1.340234995,0.830453396,0.143177971,-0.222620755,0.490191072,-0.450527608,-0.715912700,-1.189029932,0.839212000,0.197989255,-0.183656991,0.472010195
783,724501,94856,viewpoint,moving_to_right,-0.359722853,1.392958164,-1.533978581,-0.276918411,-0.000123411,0.096303321,0.956055403,-0.567903221,-0.635528684,-1.251291871,0.824516416,0.193210587,-0.126242146,0.516628742,-0.459610343,-0.642664552,-1.354190946,0.835228920,0.124906711,-0.224121720,0.486374825,-0.461924732,-0.725855947,-1.198902369,0.841884732,0.185057402,-0.185780540,0.471666694
784,724654,95009,viewpoint,moving_to_right,-0.336616039,1.394877791,-1.537700534,-0.271676630,0.019621460,0.103090353,0.956649959,-0.570373237,-0.643637896,-1.268562436,0.829955637,0.173062161,-0.123755261,0.515662551,-0.456824183,-0.652647257,-1.364496231,0.839717805,0.104233444,-0.216907859,0.486785769,-0.461435616,-0.723054230,-1.190862298,0.834596157,0.162264571,-0.169319883,0.498447806
785,724793,95148,viewpoint,moving_to_right,-0.308882713,1.394126534,-1.543487668,-0.268824100,0.042097703,0.112342268,0.955688536,-0.564725280,-0.628982306,-1.267012358,0.828198314,0.153391510,-0.115173057,0.526586950,-0.456406236,-0.652069211,-1.378962517,0.846621275,0.081651814,-0.215651244,0.479645699,-0.472616017,-0.728618562,-1.213939309,0.852749109,0.139305815,-0.168626517,0.474318445
786,724932,95287,viewpoint,moving_to_right,-0.291810036,1.393377304,-1.548514247,-0.267053246,0.058693867,0.115863226,0.954889178,-0.556780100,-0.626434445,-1.277454019,0.831098974,0.135675818,-0.105427481,0.528915524,-0.442900062,-0.644251704,-1.371541142,0.843998790,0.065295383,-0.202023625,0.492533267,-0.466238916,-0.723954320,-1.216265321,0.853859365,0.127272859,-0.160277173,0.478578210
787,725084,95439,viewpoint,moving_to_right,-0.287161469,1.394488454,-1.553684592,-0.265790015,0.074513502,0.118259996,0.953843772,-0.533052623,-0.628753185,-1.287497997,0.835991502,0.122608662,-0.093754403,0.526588678,-0.415101826,-0.647777557,-1.376140237,0.847825885,0.050405499,-0.196374044,0.489987522,-0.444968581,-0.726748765,-1.222059608,0.854122043,0.117521338,-0.154197559,0.482584029
788,725221,95576,viewpoint,moving_to_right,-0.291176319,1.394610763,-1.557186246,-0.263021648,0.074850522,0.112329416,0.955300570,-0.518241346,-0.644202948,-1.276083112,0.832438946,0.127044395,-0.086953998,0.532300711,-0.399068892,-0.659970999,-1.359301925,0.840466917,0.058627747,-0.187709600,0.504919052,-0.430987775,-0.742451191,-1.211934566,0.851436079,0.122157574,-0.144432127,0.489155918
789,725365,95720,viewpoint,moving_to_right,-0.299079776,1.393123627,-1.559754729,-0.258783370,0.068180457,0.111829720,0.957014501,-0.525763869,-0.657158196,-1.265466809,0.829536557,0.131779328,-0.097319916,0.533884108,-0.403716266,-0.669690847,-1.341802835,0.836983025,0.054929465,-0.186912850,0.511376202,-0.414928019,-0.718205214,-1.145121336,0.977507412,0.008053452,-0.209010258,-0.027002562
790,725502,95857,viewpoint,moving_to_right,-0.304333806,1.389047861,-1.560926318,-0.267097265,0.062952258,0.108264983,0.955497146,-0.522048056,-0.640755057,-1.267604828,0.834458053,0.138817236,-0.092384130,0.525237739,-0.409316242,-0.663107216,-1.370713115,0.846730590,0.068240702,-0.194933936,0.490297139,-0.431406975,-0.738779664,-1.208216190,0.853614688,0.130034551,-0.158027202,0.479020238
791,725653,96008,viewpoint,moving_to_right,-0.305958509,1.391996622,-1.562391162,-0.269031018,0.054059412,0.103388742,0.956039011,-0.533753693,-0.650215507,-1.275267243,0.833106220,0.144551650,-0.098211206,0.524779379,-0.416903436,-0.665367723,-1.368142724,0.848404765,0.073789842,-0.192584574,0.487519890,-0.432203412,-0.733532369,-1.191755414,0.853245497,0.138602570,-0.144190997,0.481633067
792,725791,96146,viewpoint,moving_to_right,-0.305676460,1.390151024,-1.564913869,-0.278666675,0.038975831,0.096748203,0.954707026,-0.547855973,-0.629692912,-1.264688492,0.829748690,0.167840302,-0.102877758,0.522267103,-0.432215750,-0.637523472,-1.355912209,0.844101250,0.094503880,-0.203559726,0.486955404,-0.448335588,-0.720865965,-1.201983452,0.846829832,0.162087306,-0.159958601,0.480645627
793,725932,96287,viewpoint,moving_to_right,-0.302407622,1.384011507,-1.566283822,-0.291681439,0.012553603,0.096764423,0.951525629,-0.602627695,-0.595833778,-1.256679654,0.833759129,0.183275282,-0.118634529,0.507130921,-0.480138361,-0.585112572,-1.323895216,0.844315529,0.114622362,-0.214638323,0.477413237,-0.498038590,-0.686755002,-1.199492216,0.855573833,0.177048802,-0.170988128,0.455423087
794,726084,96439,viewpoint,moving_to_right,-0.296386719,1.379879951,-1.566798329,-0.300332159,-0.010292306,0.097215056,0.948811829,-0.654258132,-0.576237082,-1.241600871,0.840051413,0.198897630,-0.129783899,0.487759739,-0.533440948,-0.560327291,-1.311021447,0.841605186,0.133934647,-0.225398257,0.472184151,-0.547540128,-0.668901622,-1.194960117,0.858855963,0.193183631,-0.188831851,0.435188532
795,726236,96591,viewpoint,moving_to_right,-0.288974166,1.379389763,-1.569053769,-0.301070869,-0.028075187,0.094079413,0.948534250,-0.694394946,-0.586132050,-1.228864074,0.838029385,0.214621976,-0.141891882,0.481155783,-0.573685825,-0.565841198,-1.296946287,0.839898705,0.148600101,-0.237489775,0.464851350,-0.580950201,-0.673137963,-1.177145720,0.853339076,0.206534266,-0.195529863,0.436948687
796,726388,96743,viewpoint,moving_to_right,-0.278726459,1.379673839,-1.573966861,-0.296667367,-0.034232855,0.093768239,0.949749470,-0.722633362,-0.606128752,-1.222149253,0.838266671,0.217750669,-0.146240249,0.478024542,-0.595608413,-0.579763770,-1.279479027,0.837395966,0.153699353,-0.239703938,0.466568977,-0.602282286,-0.687378168,-1.161265135,0.852868557,0.207787290,-0.198313147,0.436017871
797,726530,96885,viewpoint,moving_to_right,-0.261665463,1.378054023,-1.580387712,-0.293246418,-0.036894139,0.090759449,0.951003730,-0.736049950,-0.618434906,-1.203777075,0.835327148,0.221022308,-0.144697472,0.482120693,-0.614471138,-0.596629083,-1.271323562,0.838554144,0.153204262,-0.245560482,0.461579353,-0.617701113,-0.701040566,-1.147136688,0.848495483,0.210491419,-0.204261079,0.440484107
798,726680,97035,viewpoint,moving_to_right,-0.239980102,1.376021266,-1.590489984,-0.288260430,-0.022894844,0.092464440,0.952802241,-0.737056017,-0.628770351,-1.206744671,0.838404655,0.213900268,-0.140034646,0.481367499,-0.608939290,-0.603662610,-1.261753201,0.834665060,0.142922550,-0.235136107,0.477093756,-0.619278908,-0.709608912,-1.143097997,0.850115597,0.199557722,-0.190889865,0.448376268
799,726834,97189,viewpoint,moving_to_right,-0.207703948,1.376502752,-1.605605721,-0.286148489,0.001869635,0.101516567,0.952790618,-0.742567539,-0.620222747,-1.218272686,0.842685223,0.188398167,-0.131939992,0.486805469,-0.607960284,-0.596610069,-1.262642503,0.838638365,0.117150396,-0.231233254,0.479053944,-0.630452394,-0.705015540,-1.150828600,0.854162276,0.174560636,-0.192494825,0.450423330
800,726972,97327,viewpoint,moving_to_right,-0.173809767,1.380694866,-1.621801019,-0.278593153,0.030908162,0.110429846,0.953538597,-0.730471194,-0.617426097,-1.218102932,0.835953653,0.155512661,-0.118719362,0.512740672,-0.598208725,-0.605417073,-1.265595794,0.840304375,0.093289025,-0.209460273,0.491235346,-0.636183739,-0.716084599,-1.161530733,0.862243772,0.143127561,-0.175342947,0.453106016
801,727111,97466,viewpoint,moving_to_right,-0.146865010,1.384401679,-1.635730863,-0.275635540,0.059758849,0.118253902,0.952087164,-0.714810371,-0.608657360,-1.232755542,0.842487991,0.129670218,-0.100437015,0.513139427,-0.582846165,-0.604359865,-1.281395435,0.841190815,0.061985072,-0.200025618,0.498543441,-0.622826040,-0.701462746,-1.160799384,0.853239715,0.114002690,-0.162279755,0.482338786
802,727265,97620,viewpoint,moving_to_right,-0.122381568,1.388324261,-1.648664594,-0.273987353,0.090772457,0.126258254,0.949078560,-0.698590457,-0.599148750,-1.265929937,0.839357138,0.097820304,-0.099657297,0.525337279,-0.561839283,-0.598290861,-1.302113771,0.847695053,0.031968161,-0.181946784,0.497279167,-0.602635980,-0.682152569,-1.164839149,0.848430812,0.090023056,-0.143949032,0.501338005
803,727402,97757,viewpoint,moving_to_right,-0.094887137,1.390273571,-1.659348369,-0.273406476,0.116965011,0.130715236,0.945770383,-0.684431732,-0.590875506,-1.295783043,0.842644930,0.075752564,-0.085033730,0.526289225,-0.543164611,-0.590103447,-1.319389462,0.846410215,0.010077091,-0.175521091,0.502673447,-0.598182857,-0.679415643,-1.195828319,0.861363411,0.067214526,-0.122558944,0.488379627
804,727541,97896,viewpoint,moving_to_right,-0.070763826,1.391145945,-1.667456985,-0.271827549,0.137708202,0.132790253,0.943139970,-0.668938875,-0.583131909,-1.309567094,0.845505953,0.059543911,-0.070889570,0.525879145,-0.524979293,-0.581915796,-1.323904037,0.849979341,-0.002393485,-0.154015288,0.503794432,-0.593436360,-0.679850221,-1.219418406,0.875138938,0.054156195,-0.103002273,0.469669580
805,727680,98035,viewpoint,moving_to_right,-0.047585726,1.389169455,-1.674730659,-0.271791875,0.156415939,0.137259543,0.939586699,-0.651216567,-0.558499753,-1.315687537,0.846358180,0.043973502,-0.053667720,0.528075755,-0.534231186,-0.588308096,-1.388611317,0.861440659,-0.025896600,-0.143915400,0.486351520,-0.592052698,-0.666220665,-1.244530439,0.874756992,0.035172299,-0.096640557,0.473522633
806,727834,98189,viewpoint,moving_to_right,-0.026766539,1.386410594,-1.679718614,-0.271668613,0.171537593,0.143088758,0.936107159,-0.668050051,-0.559038222,-1.376867414,0.852646947,0.028022191,-0.055916928,0.518730521,-0.519520998,-0.561581492,-1.375112653,0.852076888,-0.045633167,-0.141155958,0.501953840,-0.570187986,-0.625148416,-1.214004755,0.947147846,-0.140378758,-0.285799116,-0.039033704
807,727973,98328,viewpoint,moving_to_right,-0.013146877,1.386963367,-1.683020711,-0.271880239,0.177008137,0.140357062,0.935440660,-0.669597030,-0.563992858,-1.396167994,0.857025981,0.026221825,-0.044437245,0.512683451,-0.525370896,-0.570827842,-1.404503703,0.864978552,-0.047276173,-0.126117885,0.483395666,-0.584756613,-0.639453292,-1.248765945,0.860582173,0.013799418,-0.099549845,0.499297291
808,728112,98467,viewpoint,moving_to_right,-0.009681940,1.387492418,-1.685604692,-0.268421501,0.180191770,0.136941686,0.936337471,-0.647797227,-0.564394832,-1.362464905,0.845722139,0.031905841,-0.039792430,0.531180382,-0.507512808,-0.574285507,-1.375601888,0.844552338,-0.048025846,-0.133919805,0.516227186,-0.552892327,-0.627582669,-1.196463227,0.949051559,-0.154165208,-0.266498685,-0.067176878
809,728250,98605,viewpoint,moving_to_right,-0.011423826,1.385971427,-1.683991790,-0.272031814,0.174823001,0.135690257,0.936495483,-0.663995802,-0.569562674,-1.388329506,0.850697160,0.033755545,-0.051160548,0.522070408,-0.523943841,-0.579900503,-1.409697413,0.868323267,-0.045699615,-0.120064378,0.479072839,-0.578566492,-0.643378735,-1.241288900,0.855994165,0.022436341,-0.096543491,0.507395387
810,728404,98759,viewpoint,moving_to_right,-0.015850782,1.389009953,-1.680131793,-0.265182406,0.170348927,0.136087239,0.939222991,-0.667460561,-0.583258212,-1.359272242,0.840141058,0.043892507,-0.047757413,0.538475335,-0.538226902,-0.603025973,-1.403199315,0.863888502,-0.036510523,-0.129940152,0.485262007,-0.595807910,-0.676132560,-1.250019550,0.953044534,-0.120342150,-0.277827054,-0.006007822
811,728541,98896,viewpoint,moving_to_right,-0.025049090,1.392063856,-1.677616715,-0.262172788,0.163941324,0.129911423,0.942078412,-0.663274586,-0.604880273,-1.347901106,0.837330461,0.039044570,-0.054170247,0.542603850,-0.529878259,-0.619974256,-1.382235527,0.855742693,-0.030814871,-0.134980083,0.498533100,-0.585302234,-0.688958049,-1.228330851,0.859004200,0.028693683,-0.098459713,0.501591563
812,728681,99036,viewpoint,moving_to_right,-0.033505321,1.393393397,-1.678573489,-0.261147976,0.161670819,0.125965551,0.943290532,-0.644947112,-0.608546376,-1.320250750,0.834110320,0.041891277,-0.059667569,0.546758533,-0.516637683,-0.628783584,-1.367667198,0.852295041,-0.026757861,-0.133150414,0.505121946,-0.571655810,-0.696867704,-1.214149594,0.848561227,0.036586408,-0.101535134,0.517972767
813,728818,99173,viewpoint,moving_to_right,-0.032757521,1.390651226,-1.679071069,-0.263594449,0.162933201,0.123378851,0.942734540,-0.654368699,-0.625597596,-1.363515019,0.850008130,0.053873200,-0.045821544,0.522000372,-0.512241364,-0.629992962,-1.379895329,0.859692454,-0.024697756,-0.131793946,0.492898822,-0.563966513,-0.695122063,-1.217273116,0.854403675,0.040353287,-0.092305824,0.509750545
814,728958,99313,viewpoint,moving_to_right,-0.023307562,1.388071179,-1.680932403,-0.260076344,0.169466302,0.118110791,0.943234503,-0.636597633,-0.629597425,-1.349861979,0.837551475,0.043554924,-0.045579888,0.542708933,-0.503450274,-0.643146992,-1.386876106,0.856947422,-0.028826054,-0.123436533,0.499573410,-0.551564813,-0.701570690,-1.213829398,0.851783276,0.034757581,-0.082375951,0.516208708
815,729098,99453,viewpoint,moving_to_right,-0.004853249,1.386604786,-1.683923602,-0.252434552,0.182946086,0.119344682,0.942636907,-0.628131032,-0.636526704,-1.353533626,0.836682439,0.035130236,-0.031071674,0.545676649,-0.489913821,-0.647297561,-1.372887254,0.847904503,-0.038942475,-0.120735563,0.514747024,-0.534929514,-0.695117474,-1.189556956,0.955380261,-0.146828800,-0.253395587,-0.038477827
816,729222,99577,viewpoint,moving_to_right,0.026081562,1.389121890,-1.693402410,-0.239354834,0.204844534,0.132423297,0.939793646,-0.648378372,-0.643500686,-1.372403622,0.835121751,0.004025664,-0.021065526,0.549646854,-0.501008928,-0.649514318,-1.365989327,0.836682200,-0.072283991,-0.113979332,0.530798256,-0.583343863,-0.728853464,-1.247632504,0.952975452,-0.154331669,-0.260729283,0.006309382
817,729346,99701,viewpoint,moving_to_right,0.066268921,1.390353799,-1.709487557,-0.232438341,0.221211657,0.145113304,0.935938001,-0.676520467,-0.628440022,-1.379025936,0.822411299,-0.017041139,-0.039252419,0.567281663,-0.534255505,-0.646055400,-1.381506205,0.834596932,-0.094529875,-0.112070434,0.530991912,-0.613567531,-0.707997262,-1.245219588,0.842427492,-0.027411444,-0.082432389,0.531760693
818,729472,99827,viewpoint,moving_to_right,0.110085726,1.395024538,-1.730045199,-0.234293073,0.235218883,0.148006335,0.931596994,-0.701505721,-0.608021259,-1.408135891,0.831285357,-0.027308736,-0.022293063,0.554726958,-0.560997009,-0.630683303,-1.413510203,0.840633333,-0.113873206,-0.095699780,0.520778358,-0.640295446,-0.684760213,-1.264848232,0.842733204,-0.045020413,-0.076405182,0.530976534
819,729611,99966,viewpoint,moving_to_right,0.147595406,1.396076679,-1.749356389,-0.233643010,0.256194264,0.156318277,0.924845994,-0.709725380,-0.583631814,-1.436842680,0.831476450,-0.054676041,-0.007657561,0.552809954,-0.567824244,-0.609594703,-1.435713291,0.842871606,-0.134915158,-0.081762254,0.514470875,-0.661355078,-0.672265649,-1.305612087,0.927181244,-0.230761141,-0.294635713,-0.016554346
820,729735,100090,viewpoint,moving_to_right,0.182586312,1.393909097,-1.770733476,-0.235244960,0.276991874,0.165255800,0.916856468,-0.719311774,-0.557691753,-1.482674837,0.823325217,-0.076360241,-0.030109340,0.561603248,-0.563825488,-0.573498726,-1.439286828,0.838306725,-0.145454332,-0.090654477,0.517558336,-0.662138581,-0.631756723,-1.315041661,0.845445931,-0.083471589,-0.058496818,0.524244070
821,729876,100231,viewpoint,moving_to_right,0.211429596,1.391089201,-1.786272407,-0.242646709,0.288666517,0.167507529,0.910898209,-0.705303252,-0.510925531,-1.482212186,0.834285557,-0.080610111,0.000965619,0.545406878,-0.563318491,-0.538326681,-1.464361548,0.845784605,-0.157203868,-0.082900606,0.503053665,-0.703176498,-0.631944060,-1.419982672,0.840463877,-0.099034563,-0.049195845,0.530464351
822,730029,100384,viewpoint,moving_to_right,0.237639964,1.391081691,-1.797759891,-0.240899622,0.299136996,0.165083453,0.908422768,-0.706553459,-0.513344824,-1.505334616,0.832282662,-0.086854063,0.009496950,0.547422886,-0.561032891,-0.537627339,-1.474637866,0.843752384,-0.165316582,-0.070977069,0.505682230,-0.649486423,-0.582980692,-1.320735335,0.905302942,-0.278499931,-0.313635141,-0.067062356
823,730168,100523,viewpoint,moving_to_right,0.257309616,1.390745401,-1.806321979,-0.242299989,0.305969983,0.158637717,0.906921804,-0.691500902,-0.511901438,-1.501912236,0.824080408,-0.077622391,0.004832402,0.561108708,-0.552191854,-0.540208578,-1.486080170,0.845215559,-0.161025614,-0.064383931,0.505505860,-0.655258238,-0.597946763,-1.360159397,0.909699917,-0.275617033,-0.303514689,-0.066031329
824,730306,100661,viewpoint,moving_to_right,0.265927315,1.392267942,-1.811856151,-0.243499637,0.312824905,0.155988097,0.904718876,-0.680484891,-0.512361705,-1.513791800,0.825067043,-0.083403975,0.015669759,0.558625638,-0.543323934,-0.542884231,-1.502496362,0.849152327,-0.165692940,-0.055855379,0.498363674,-0.643563271,-0.593994021,-1.366559863,0.849493802,-0.101118185,-0.011981918,0.517679274
825,730444,100799,viewpoint,moving_to_right,0.266919017,1.390932202,-1.816563010,-0.246502727,0.315915376,0.147532046,0.904250085,-0.664115071,-0.529703736,-1.532027245,0.833280742,-0.085751146,0.030754481,0.545292735,-0.518199384,-0.550009370,-1.494791985,0.846615493,-0.163122311,-0.051025469,0.504013598,-0.644415140,-0.626108170,-1.416272283,0.861307085,-0.106293246,0.015750706,0.496592164
826,730582,100937,viewpoint,moving_to_right,0.260424376,1.386662006,-1.820386529,-0.254127294,0.307053745,0.149297431,0.904901981,-0.679839790,-0.505114734,-1.521389246,0.836524606,-0.083525404,0.028689723,0.540765166,-0.539490700,-0.530936897,-1.501447916,0.854248703,-0.156583488,-0.052019034,0.492985606,-0.696933150,-0.644411564,-1.496743202,0.914955914,-0.278043061,-0.286990643,-0.056427665
827,730723,101078,viewpoint,moving_to_right,0.251365781,1.385782480,-1.826738238,-0.255901963,0.302827418,0.159726694,0.904044867,-0.700620472,-0.483251929,-1.504947543,0.840425134,-0.087805361,0.018804956,0.534436285,-0.558277905,-0.509229243,-1.482621193,0.854277849,-0.163771898,-0.061339483,0.489515662,-0.636436999,-0.552128434,-1.310551047,0.910013795,-0.298914075,-0.262106478,-0.117581859
828,730862,101217,viewpoint,moving_to_right,0.242882431,1.386615515,-1.835079789,-0.259925634,0.298679501,0.158777311,0.904444039,-0.719054878,-0.492641747,-1.528392196,0.841128707,-0.093845710,0.006368607,0.532592654,-0.561919034,-0.507692516,-1.472353816,0.855047464,-0.157691866,-0.055033423,0.490915924,-0.635621607,-0.549148560,-1.297298312,0.898717821,-0.277371734,-0.329337865,-0.083113194
829,731014,101369,viewpoint,moving_to_right,0.233643353,1.384966373,-1.838905454,-0.262332588,0.285471708,0.154275045,0.908783078,-0.725830734,-0.497694910,-1.473095059,0.841592371,-0.064875714,0.007032143,0.536156774,-0.582851291,-0.520553410,-1.455695629,0.859156072,-0.142533615,-0.070440158,0.486387968,-0.677191854,-0.584453702,-1.324436784,0.906924486,-0.260403812,-0.326875985,-0.053196784
830,731154,101509,viewpoint,moving_to_right,0.222906291,1.380921602,-1.836505771,-0.264626473,0.272320092,0.147605166,0.913250923,-0.749290884,-0.518160760,-1.482685924,0.840358615,-0.059800327,-0.013379410,0.538555682,-0.590573132,-0.527733922,-1.436767220,0.857236683,-0.130146772,-0.077598661,0.492123544,-0.738386571,-0.643434405,-1.414527893,0.862759888,-0.083810754,-0.046660922,0.496431202
831,731293,101648,viewpoint,moving_to_right,0.215817273,1.381224394,-1.831779361,-0.264901906,0.275502861,0.152237892,0.911454201,-0.724245191,-0.499966502,-1.454032183,0.838060141,-0.050151203,0.007668364,0.543213904,-0.583466768,-0.523012877,-1.445856333,0.860388398,-0.134851396,-0.064767919,0.487187862,-0.679186046,-0.589047968,-1.320518494,0.865006864,-0.072872691,-0.037518445,0.495020270
832,731432,101787,viewpoint,moving_to_right,0.214248657,1.383614898,-1.830725074,-0.252855480,0.287437737,0.155582741,0.910624862,-0.707020819,-0.518505454,-1.454163551,0.836598217,-0.072483711,0.011935937,0.542869329,-0.565596342,-0.543243825,-1.438416958,0.852935553,-0.145847380,-0.072774626,0.495916724,-0.667924941,-0.606638372,-1.319082260,0.856898248,-0.081991859,-0.033842701,0.507796586
833,731570,101925,viewpoint,moving_to_right,0.222458363,1.383297086,-1.836396098,-0.246095464,0.294051677,0.159637377,0.909662902,-0.711434186,-0.523610473,-1.454367280,0.835171223,-0.081870511,0.013640880,0.543691397,-0.568237305,-0.548038602,-1.431895137,0.846434414,-0.156857282,-0.075269558,0.503268361,-0.672445953,-0.608904839,-1.314842701,0.852179468,-0.091717072,-0.036334716,0.513865709
834,731709,102064,viewpoint,moving_to_right,0.243584514,1.384070158,-1.848990798,-0.235035896,0.305549949,0.167863473,0.907314301,-0.735610604,-0.528576970,-1.469395876,0.832642615,-0.097684726,0.021890596,0.544687808,-0.591633320,-0.555655956,-1.441537857,0.844169438,-0.170068949,-0.067262091,0.503915012,-0.700813115,-0.616027713,-1.326936245,0.902023017,-0.289925665,-0.318020731,-0.034064941
835,731848,102203,viewpoint,moving_to_right,0.278919458,1.385918021,-1.868549466,-0.230629534,0.331109881,0.177971303,0.897497892,-0.727140963,-0.501415193,-1.502796412,0.828309655,-0.124694154,0.023932409,0.545693874,-0.582452774,-0.531929255,-1.462581158,0.836098969,-0.198439166,-0.069374055,0.506702781,-0.744908929,-0.623975873,-1.443770885,0.899119437,-0.328174591,-0.283975571,-0.056952477
836,731986,102341,viewpoint,moving_to_right,0.317953229,1.386411428,-1.887797952,-0.228676334,0.351805836,0.182597369,0.889155805,-0.719510972,-0.477492630,-1.535931826,0.822685659,-0.144486532,0.036684204,0.548603892,-0.581379890,-0.514734507,-1.501316905,0.839332879,-0.214410216,-0.047334518,0.497300804,-0.706873596,-0.566466570,-1.401362419,0.847404540,-0.159392565,0.003123414,0.506448328
837,732126,102481,viewpoint,moving_to_right,0.353995323,1.385970473,-1.901673675,-0.222678006,0.371602476,0.190770149,0.880870521,-0.718970478,-0.456962645,-1.568656087,0.812668443,-0.147352785,0.021547737,0.563376307,-0.576263666,-0.492925733,-1.516261816,0.835713685,-0.234748289,-0.043438904,0.494559377,-0.757266164,-0.582668066,-1.526524186,0.880355775,-0.361798912,-0.287444919,-0.107008100
838,732265,102620,viewpoint,moving_to_right,0.383630633,1.385205388,-1.912638307,-0.219798103,0.394813389,0.197610974,0.869920135,-0.686900139,-0.427158952,-1.614018679,0.806711614,-0.169599563,0.026721066,0.565454185,-0.550134063,-0.469615638,-1.561995983,0.831269085,-0.258195043,-0.031585749,0.491252899,,,,,,,
839,732403,102758,viewpoint,moving_to_right,0.406603932,1.384886980,-1.922204614,-0.219523564,0.416108429,0.197566450,0.860017836,-0.642590165,-0.413841903,-1.649340749,0.807995975,-0.196299851,0.058011282,0.552488625,-0.509416223,-0.458252639,-1.589641452,0.827011704,-0.273006767,-0.014672215,0.491226703,,,,,,,
840,732542,102897,viewpoint,moving_to_right,0.424617171,1.386201501,-1.933341861,-0.218400195,0.415724516,0.195826173,0.860887110,-0.662162662,-0.415500522,-1.655996919,0.811158121,-0.202779278,0.063890986,0.544812799,-0.527244270,-0.458185732,-1.590448380,0.827229798,-0.270862132,-0.010474975,0.492153287,,,,,,,
841,732695,103050,viewpoint,moving_to_right,0.434758067,1.387159705,-1.942930579,-0.219507381,0.415319175,0.190656990,0.861960828,-0.668328702,-0.421434373,-1.651423335,0.811305881,-0.197412699,0.069062419,0.545931637,-0.538628697,-0.467840940,-1.603332162,0.831784666,-0.269645274,-0.016967122,0.484910160,,,,,,,
842,732834,103189,viewpoint,moving_to_right,0.439801335,1.388205886,-1.951971650,-0.222129822,0.412284851,0.185797229,0.863804936,-0.681324422,-0.432197869,-1.650913358,0.806977034,-0.185453370,0.064033516,0.557041109,-0.543278813,-0.470404863,-1.584678292,0.830503821,-0.264874429,-0.015049480,0.489773870,-0.626812577,-0.475918800,-1.385876656,0.853507578,-0.389189303,-0.291810811,-0.186823219
843,732985,103340,viewpoint,moving_to_right,0.438410759,1.389794707,-1.957969785,-0.221881181,0.412316710,0.180548772,0.864965796,-0.676724076,-0.448051155,-1.639738679,0.805955470,-0.177579820,0.062863611,0.561203480,-0.544252932,-0.489267200,-1.589445233,0.831030369,-0.259005964,-0.001996405,0.492240250,,,,,,,
844,733126,103481,viewpoint,moving_to_right,0.429008126,1.390396357,-1.962190747,-0.225081280,0.411045164,0.178842217,0.865098715,-0.627231121,-0.419503510,-1.518199086,0.798078775,-0.181991056,0.081736691,0.568567216,-0.539620042,-0.492987514,-1.582942009,0.834495008,-0.257213593,-0.002658302,0.487290680,,,,,,,
845,733265,103620,viewpoint,moving_to_right,0.420404315,1.392198205,-1.962992311,-0.221561000,0.414418578,0.176004857,0.864979923,-0.660942554,-0.475833267,-1.634127021,0.810598135,-0.186479017,0.078679197,0.549514234,-0.526206315,-0.514202893,-1.574848652,0.831906676,-0.259107798,-0.000680049,0.490707606,,,,,,,
846,733403,103758,viewpoint,moving_to_right,0.413568020,1.392191887,-1.961550355,-0.218334839,0.413512558,0.172534823,0.866930783,-0.657562971,-0.497354746,-1.628845811,0.810914636,-0.186419681,0.082340553,0.548530042,-0.518828988,-0.530885160,-1.554486871,0.818900287,-0.242733806,-0.008079779,0.520016789,-0.665337265,-0.581807792,-1.490061045,0.839122176,-0.198248625,0.064915366,0.502352118
847,733542,103897,viewpoint,moving_to_right,0.406737685,1.392151594,-1.959050536,-0.215812311,0.420838147,0.171970680,0.864144921,-0.588643789,-0.470966399,-1.514886618,0.797309101,-0.179558471,0.106862493,0.566248536,-0.497423708,-0.543735027,-1.568578243,0.828446329,-0.259334952,0.010255860,0.496303231,,,,,,,
848,733680,104035,viewpoint,moving_to_right,0.402544379,1.390961051,-1.956603646,-0.216122493,0.422024757,0.172207981,0.863441169,-0.621798635,-0.503651261,-1.628751278,0.805135548,-0.194457248,0.090083264,0.553017318,-0.489584923,-0.542654157,-1.570368290,0.828519166,-0.265027076,0.004657040,0.493249387,,,,,,,
849,733820,104175,viewpoint,moving_to_right,0.400661588,1.390626669,-1.951470971,-0.213798970,0.420162737,0.172559232,0.864856422,-0.625971973,-0.508854806,-1.626228809,0.805151641,-0.187249050,0.077589273,0.557358503,-0.490991652,-0.545394361,-1.560087681,0.828238189,-0.261881500,0.003542722,0.495406002,,,,,,,
850,733959,104314,viewpoint,moving_to_right,0.399993658,1.392204642,-1.946828961,-0.208388686,0.418268979,0.170800105,0.867440224,-0.630848885,-0.525549293,-1.613722086,0.789634943,-0.170309439,0.062381107,0.586156964,-0.497953653,-0.564335465,-1.556863904,0.824763834,-0.261531651,0.003104102,0.501354396,,,,,,,
851,734098,104453,viewpoint,moving_to_right,0.399525881,1.392880082,-1.944322944,-0.204180881,0.415021986,0.168781295,0.870390594,-0.640402377,-0.542647243,-1.604332447,0.800997496,-0.186063766,0.084749080,0.562673032,-0.507362783,-0.579658866,-1.547565103,0.822875202,-0.258041352,0.003661660,0.506238818,-0.652034998,-0.628852606,-1.473293543,0.878630996,-0.386790782,-0.272609115,-0.063912190
852,734223,104578,viewpoint,moving_to_right,0.397133470,1.391432881,-1.943524480,-0.201687321,0.414228261,0.170170113,0.871079385,-0.646314263,-0.546623945,-1.602843523,0.795486391,-0.180689931,0.078451470,0.573060274,-0.510944545,-0.581875682,-1.541668534,0.821508288,-0.256599426,-0.001067600,0.509195268,,,,,,,
853,734362,104717,viewpoint,moving_to_right,0.394234300,1.390583038,-1.944479108,-0.201643094,0.415802777,0.166453004,0.871057689,-0.629109323,-0.550127447,-1.583453417,0.789044976,-0.172166646,0.071786322,0.585331917,-0.497071624,-0.586893916,-1.529662967,0.818703473,-0.255511105,0.006645712,0.514193118,-0.594323993,-0.588719487,-1.355737448,0.806832790,-0.188050672,0.073661193,0.555186391
854,734486,104841,viewpoint,moving_to_right,0.391698360,1.389542460,-1.945143104,-0.200791270,0.432549983,0.167474747,0.862864792,-0.583224595,-0.555472493,-1.621926785,0.795614779,-0.200412020,0.102399558,0.562446952,-0.452478170,-0.594119132,-1.560013890,0.820686579,-0.270988941,0.015051560,0.502804160,-0.571176052,-0.608251214,-1.416760087,0.798366725,-0.202626139,0.064397737,0.563388169
855,734624,104979,viewpoint,moving_to_right,0.392425537,1.391380668,-1.946956992,-0.193896621,0.459696054,0.165788904,0.850645483,-0.503721595,-0.570650101,-1.633588672,0.777644396,-0.207295880,0.090843782,0.586553454,-0.377729893,-0.611434102,-1.568535924,0.811223567,-0.289041609,0.036527727,0.506988168,-0.508405209,-0.629963338,-1.449220061,0.888996661,-0.384942800,-0.202876329,-0.142636657
856,734765,105120,viewpoint,moving_to_right,0.400088191,1.392230272,-1.953314662,-0.183392182,0.490296215,0.172881559,0.834319413,-0.439201057,-0.575585961,-1.662225842,0.770095825,-0.238108903,0.107549943,0.581970394,-0.316079676,-0.615315199,-1.577426910,0.798966646,-0.318163127,0.050987232,0.507764518,,,,,,,
857,734890,105245,viewpoint,moving_to_right,0.417354941,1.392734170,-1.968066812,-0.172546417,0.505255640,0.188768387,0.824203253,-0.442565441,-0.556493640,-1.677313685,0.760250270,-0.277928352,0.159579992,0.565074801,-0.327246904,-0.603274822,-1.594489574,0.792061806,-0.339818358,0.038421724,0.505653381,,,,,,,
858,735029,105384,viewpoint,moving_to_right,0.436871290,1.394211531,-1.986042142,-0.167146668,0.508338928,0.194545880,0.822073877,-0.469501555,-0.544982076,-1.680778503,0.753393590,-0.284272462,0.146037579,0.574682832,-0.358599842,-0.599791646,-1.613839626,0.790413618,-0.344670981,0.036321308,0.505102873,-0.503171325,-0.606803238,-1.517110586,0.863042414,-0.456510693,-0.182909563,-0.115325451
859,735166,105521,viewpoint,moving_to_right,0.457445979,1.394760370,-2.003341675,-0.169544354,0.512896001,0.191072613,0.819563091,-0.478112757,-0.546103358,-1.717755198,0.765987396,-0.284369737,0.131743819,0.561284900,-0.358474672,-0.590417743,-1.619256496,0.790109575,-0.345176369,0.045515396,0.504488409,,,,,,,
860,735306,105661,viewpoint,moving_to_right,0.477160215,1.394038081,-2.013581753,-0.168384150,0.522498488,0.191885278,0.813524544,-0.461960375,-0.537460208,-1.733677268,0.758328855,-0.293607205,0.143081814,0.564145267,-0.348113656,-0.585958362,-1.642603278,0.789821208,-0.357166916,0.058610912,0.495155573,,,,,,,
861,735444,105799,viewpoint,moving_to_right,0.497173667,1.393149018,-2.021747112,-0.164459750,0.529643178,0.194268122,0.809129775,-0.455534041,-0.528337002,-1.738414288,0.747446060,-0.302244723,0.161720321,0.569051087,-0.347462475,-0.580671430,-1.656237364,0.784248412,-0.363438368,0.066538550,0.498437196,-0.486496091,-0.577045202,-1.538592100,0.862134635,-0.456678241,-0.176169202,-0.130894020
862,735584,105939,viewpoint,moving_to_right,0.518308163,1.391307950,-2.030603886,-0.161338374,0.529172778,0.199138999,0.808881819,-0.491117477,-0.512028992,-1.765027285,0.753920972,-0.304855973,0.138527140,0.565222323,-0.378344357,-0.563264549,-1.670673966,0.784454465,-0.366809428,0.062683910,0.496137798,-0.520985603,-0.561679661,-1.562054276,0.839727998,-0.483658075,-0.192394763,-0.154648229
863,735722,106077,viewpoint,moving_to_right,0.538233519,1.390783906,-2.039088249,-0.160065114,0.529786587,0.201926768,0.808041453,-0.500967383,-0.489285052,-1.751620770,0.737514138,-0.308675110,0.170698628,0.575894535,-0.397082746,-0.552288055,-1.693447113,0.783111334,-0.369551748,0.062300954,0.496272862,,,,,,,
864,735847,106202,viewpoint,moving_to_right,0.557216883,1.389955759,-2.046447754,-0.157577515,0.535927474,0.208600059,0.802768409,-0.469979703,-0.433389843,-1.648591399,0.734479070,-0.311786205,0.129595429,0.588672161,-0.399095535,-0.531031370,-1.711298108,0.779544234,-0.379624248,0.059232548,0.494659215,,,,,,,
865,735987,106342,viewpoint,moving_to_right,0.573822856,1.388447881,-2.053341866,-0.157841071,0.544754207,0.214472368,0.795192242,-0.488142550,-0.446809292,-1.805719972,0.738965333,-0.328387022,0.160096437,0.566093087,-0.386992812,-0.509291112,-1.732637167,0.778915167,-0.386745304,0.067650065,0.489022195,-0.526693761,-0.500500858,-1.610525250,0.833847642,-0.495914012,-0.182782680,-0.159241691
866,736139,106494,viewpoint,moving_to_right,0.590908408,1.386553407,-2.061864853,-0.163162172,0.553088546,0.217849344,0.787408948,-0.464882672,-0.413409203,-1.848886371,0.752296150,-0.331308961,0.133917183,0.553489923,-0.364055932,-0.475563407,-1.767323494,0.772957802,-0.396319032,0.089578591,0.487281471,,,,,,,
867,736278,106633,viewpoint,moving_to_right,0.600973248,1.386833191,-2.068592072,-0.167280346,0.561226726,0.219418064,0.780318916,-0.439511299,-0.396064371,-1.881354928,0.749151886,-0.340332627,0.140650660,0.550602078,-0.331585765,-0.451687843,-1.761523366,0.780198634,-0.399944663,0.065145515,0.476540148,,,,,,,
868,736431,106786,viewpoint,moving_to_right,0.604272366,1.387305379,-2.073328018,-0.170609832,0.570111454,0.214718387,0.774442554,-0.394811630,-0.395385027,-1.868011594,0.732765079,-0.350228846,0.194928721,0.549907207,-0.298340082,-0.461655706,-1.794039369,0.781138480,-0.407336950,0.087415658,0.465035260,,,,,,,
869,736584,106939,viewpoint,moving_to_right,0.604788303,1.388179898,-2.075960159,-0.172586590,0.574477851,0.216344640,0.770314217,-0.381326199,-0.391173303,-1.897848368,0.750559509,-0.350260586,0.151671812,0.539419651,-0.281077325,-0.452895492,-1.794749141,0.781304955,-0.410601616,0.088719591,0.461625129,-0.432289839,-0.447059453,-1.700875401,0.777803361,-0.381856680,0.090212546,0.490987867
870,736723,107078,viewpoint,moving_to_right,0.606217980,1.392371535,-2.076631546,-0.171085745,0.576971233,0.210155830,0.770498812,-0.369999826,-0.417398572,-1.900862217,0.748094022,-0.351486504,0.162289366,0.538957059,-0.269406140,-0.472356319,-1.783907175,0.770362794,-0.407702714,0.108421698,0.478084147,-0.412378252,-0.459616452,-1.656807542,0.821558774,-0.488937914,-0.202059507,-0.212492049
871,736875,107230,viewpoint,moving_to_right,0.606263161,1.395316601,-2.074168205,-0.170138210,0.576020658,0.202816412,0.773381293,-0.365222216,-0.438145131,-1.882301211,0.741687417,-0.339935124,0.175977901,0.550795496,-0.265969455,-0.496029019,-1.784165740,0.777946830,-0.402571231,0.093898900,0.473199874,,,,,,,
872,737015,107370,viewpoint,moving_to_right,0.605456591,1.394504547,-2.070067406,-0.171638146,0.569513798,0.196868628,0.779382527,-0.377881765,-0.452327609,-1.868191838,0.735615849,-0.339407533,0.193288803,0.553453982,-0.278841019,-0.510568559,-1.781014919,0.782999992,-0.394239813,0.091684997,0.472313285,-0.427155972,-0.506863415,-1.676701188,0.764313281,-0.347732425,0.113747813,0.531007230
873,737167,107522,viewpoint,moving_to_right,0.608455420,1.393136740,-2.067525864,-0.174151585,0.566637933,0.198439643,0.780521870,-0.385843277,-0.437131375,-1.870641470,0.751361310,-0.332328737,0.170407102,0.544036090,-0.285823107,-0.495990843,-1.784987330,0.783335924,-0.391527355,0.088942498,0.474531800,-0.428463876,-0.488125861,-1.661620498,0.844259977,-0.463975847,-0.179301888,-0.199505299
874,737320,107675,viewpoint,moving_to_right,0.619215250,1.394671559,-2.070556164,-0.170740545,0.571969569,0.198395327,0.777391672,-0.377576768,-0.445222735,-1.895100594,0.740177453,-0.339291930,0.184751302,0.550350249,-0.276084542,-0.500304699,-1.791878104,0.779747427,-0.395122379,0.100258268,0.475205749,,,,,,,
875,737460,107815,viewpoint,moving_to_right,0.637651682,1.395489335,-2.080606461,-0.159747571,0.586622298,0.205307230,0.766944587,-0.352908850,-0.442950904,-1.905586839,0.732317209,-0.354148507,0.171552956,0.555751801,-0.256149769,-0.503419876,-1.810229301,0.773050606,-0.411392540,0.097998418,0.472805738,,,,,,,
876,737599,107954,viewpoint,moving_to_right,0.658907294,1.394741535,-2.095830917,-0.154727012,0.603279054,0.217609063,0.751505315,-0.318874300,-0.412955970,-1.944991469,0.721017778,-0.379655242,0.186182022,0.548936725,-0.229430199,-0.476385713,-1.845684409,0.766874492,-0.432608545,0.106047429,0.462068468,,,,,,,
877,737751,108106,viewpoint,moving_to_right,0.679816484,1.391337752,-2.110264778,-0.150517434,0.613797426,0.229570612,0.740199029,,,,,,,,-0.216697797,-0.442926526,-1.879614711,0.757853925,-0.451932281,0.110366642,0.457420856,-0.376463473,-0.424378961,-1.789388299,0.793539464,-0.523110449,-0.176869676,-0.255671144
878,737888,108243,viewpoint,moving_to_right,0.698602438,1.386305213,-2.120740891,-0.145452455,0.628678203,0.242809981,0.724327683,-0.245407954,-0.306421220,-1.822311878,0.754651010,-0.498585999,-0.184144929,-0.384713501,-0.182565287,-0.407659531,-1.893843651,0.752301157,-0.466077119,0.089904912,0.456872165,-0.339946628,-0.384994984,-1.799031496,0.796968281,-0.527253807,-0.160694540,-0.247027010
879,738057,108412,viewpoint,moving_to_right,0.711554527,1.380643725,-2.127365589,-0.141694471,0.640072167,0.252439827,0.711691260,-0.227779329,-0.309981287,-2.028687954,0.699733436,-0.431472212,0.194265500,0.535225093,-0.150682837,-0.382065356,-1.911132455,0.740216613,-0.490791351,0.123369768,0.442699850,,,,,,,
880,738207,108562,viewpoint,moving_to_right,0.720212221,1.375990510,-2.130367279,-0.139655620,0.644199193,0.257942080,0.706377804,-0.193691939,-0.259087384,-1.831674218,0.731387019,-0.510212719,-0.177958831,-0.416036993,-0.136713207,-0.361481786,-1.921506166,0.735544920,-0.496910155,0.142565608,0.437868774,-0.295866549,-0.332266748,-1.830238819,0.763525188,-0.548965812,-0.168273225,-0.295550287
881,738375,108730,viewpoint,moving_to_right,0.723295450,1.373241782,-2.129548550,-0.144677192,0.647882402,0.262679279,0.700226068,,,,,,,,-0.108462408,-0.331292957,-1.927955627,0.739395320,-0.505170941,0.120942280,0.428333819,,,,,,,
882,738528,108883,viewpoint,moving_to_right,0.722157478,1.376803160,-2.125463963,-0.147984296,0.647852182,0.262303978,0.699703395,,,,,,,,-0.099341854,-0.325375617,-1.938508987,0.740060329,-0.503703177,0.133590162,0.425144136,,,,,,,
883,738679,109034,viewpoint,moving_to_right,0.715261936,1.382863283,-2.120434284,-0.149155319,0.631608665,0.256876141,0.716126978,-0.245902047,-0.269348502,-2.028573275,0.704299510,-0.433009624,0.194253206,0.527949333,-0.168851018,-0.345322430,-1.925446987,0.744335711,-0.489789963,0.119334191,0.437983423,-0.345278978,-0.334379792,-1.926156759,0.770938993,-0.537412345,-0.211548269,-0.268492848
884,738833,109188,viewpoint,moving_to_right,0.706792116,1.386774421,-2.117455006,-0.153298780,0.613692224,0.250626624,0.732849061,,,,,,,,-0.235998914,-0.355396211,-1.905246854,0.759498060,-0.465053320,0.104007579,0.442798585,-0.386310279,-0.331222832,-1.787812471,0.755441308,-0.425379187,0.131991908,0.480561197
885,738987,109342,viewpoint,moving_to_right,0.706440449,1.384983301,-2.117609024,-0.159799591,0.598627150,0.246151567,0.745331526,-0.376580119,-0.274849713,-1.998693466,0.738776863,-0.390369952,0.154083967,0.527331114,-0.286054492,-0.345650375,-1.890431046,0.764342487,-0.450319469,0.099768065,0.450598866,-0.430459201,-0.324075580,-1.757004023,0.767222226,-0.408737987,0.126646399,0.477769911
886,739140,109495,viewpoint,moving_to_right,0.707937002,1.385838866,-2.118660927,-0.161390364,0.595469296,0.239627644,0.749631941,-0.382867098,-0.286814213,-1.968996763,0.725965798,-0.389358133,0.175935805,0.538906753,-0.296540856,-0.361081272,-1.896014333,0.771317422,-0.443160266,0.090365112,0.447786272,,,,,,,
887,739292,109647,viewpoint,moving_to_right,0.711146832,1.387330294,-2.121327877,-0.161082208,0.596655011,0.236689240,0.749688983,-0.382812798,-0.298367262,-1.983901262,0.730244935,-0.380333394,0.162987098,0.543621242,-0.293715119,-0.370008498,-1.898663998,0.769531727,-0.442991316,0.092830576,0.450513124,-0.442109823,-0.351904213,-1.776834488,0.766674697,-0.406542361,0.118162856,0.482670516
888,739445,109800,viewpoint,moving_to_right,0.716099501,1.387077808,-2.125064373,-0.156677023,0.604613125,0.242792800,0.742258012,,,,,,,,-0.272776425,-0.359654725,-1.900705457,0.758804679,-0.456642836,0.109178372,0.451412052,-0.424434423,-0.341832072,-1.798695922,0.758256912,-0.412110955,0.107681789,0.493574411
889,739599,109954,viewpoint,moving_to_right,0.723016739,1.387479305,-2.130407810,-0.154371992,0.615656376,0.250861347,0.730893373,-0.322211325,-0.265839756,-2.017243147,0.722668350,-0.415647686,0.177794158,0.522854507,-0.239499271,-0.342563063,-1.927462459,0.759665966,-0.467301637,0.109263666,0.438860089,-0.385771871,-0.313213319,-1.786965966,0.741237462,-0.418888628,0.143549457,0.504472971
890,739764,110119,viewpoint,moving_to_right,0.731402874,1.386941195,-2.133829594,-0.150215328,0.626837552,0.256287128,0.720296443,-0.280358434,-0.257458299,-2.030209303,0.714841247,-0.424266070,0.177391753,0.526813507,-0.200281590,-0.334485710,-1.920022607,0.799716413,-0.528603494,-0.057936870,-0.278702915,-0.359160542,-0.312589258,-1.842141032,0.782881200,-0.532328427,-0.161326617,-0.278742164
891,739917,110272,viewpoint,moving_to_right,0.737949133,1.386026859,-2.135052204,-0.146167293,0.635245383,0.261296540,0.711914718,-0.246152848,-0.251081258,-2.034222364,0.696656585,-0.442359447,0.197633654,0.529082954,-0.174502999,-0.331314802,-1.958006501,0.746673465,-0.491754085,0.120795131,0.431352854,,,,,,,
892,740083,110438,viewpoint,moving_to_right,0.740491867,1.384533882,-2.133117676,-0.145288497,0.638866246,0.266065150,0.707071781,-0.232770681,-0.238065407,-2.062175751,0.710321069,-0.441161960,0.170088857,0.521430671,-0.158085436,-0.320488513,-1.972262144,0.742913067,-0.502790868,0.099242494,0.430618703,,,,,,,
893,740237,110592,viewpoint,moving_to_right,0.742807150,1.382841945,-2.131011963,-0.144380599,0.640791893,0.268504977,0.704588592,-0.220363572,-0.230632037,-2.061386824,0.696096659,-0.450969994,0.194255576,0.523775101,-0.147204921,-0.308565944,-1.946727276,0.739674211,-0.504034758,0.108667292,0.432461023,-0.292210937,-0.264791876,-1.776478291,0.720786333,-0.459034801,0.124037877,0.504349887
894,740403,110758,viewpoint,moving_to_right,0.748308182,1.380557775,-2.130367279,-0.143034205,0.642976284,0.272981822,0.701144516,-0.211194873,-0.213500619,-2.066781282,0.701602161,-0.451747566,0.171041116,0.523854434,-0.139713824,-0.295061678,-1.966049552,0.738395154,-0.506194949,0.130281955,0.426105499,-0.289504230,-0.254790574,-1.813105941,0.704544544,-0.453788966,0.159127042,0.521892011
895,740569,110924,viewpoint,moving_to_right,0.762428522,1.378311634,-2.135491371,-0.141251400,0.653294206,0.274292171,0.691388845,,,,,,,,-0.098175898,-0.287962794,-1.968975902,0.726542830,-0.520313799,0.142946362,0.425412089,,,,,,,
896,740723,111078,viewpoint,moving_to_right,0.769468307,1.375264883,-2.139833450,-0.146396741,0.660307944,0.279027879,0.681692660,,,,,,,,-0.059264861,-0.258851320,-1.983929038,0.729190469,-0.528007448,0.137728527,0.412941009,-0.219138250,-0.223988086,-1.873583555,0.741667271,-0.547879457,-0.170602053,-0.347351044
897,740875,111230,viewpoint,moving_to_right,0.761967421,1.378859639,-2.133747101,-0.144867465,0.655807793,0.268036008,0.690714359,,,,,,,,-0.080623910,-0.301669836,-1.987120390,0.740033865,-0.511138082,0.125963047,0.418594182,-0.242470503,-0.267612219,-1.880677700,0.754526556,-0.540216148,-0.163946509,-0.334630817
898,741029,111384,viewpoint,moving_to_right,0.750442266,1.376300097,-2.124629974,-0.140706092,0.640492618,0.260807097,0.708484769,-0.222715840,-0.257205129,-2.072968960,0.707239926,-0.443862408,0.178905323,0.520375550,-0.147166207,-0.333060980,-1.952308059,0.733681202,-0.499012023,0.138384894,0.439941466,-0.310612559,-0.310898244,-1.889082670,0.755817413,-0.542752862,-0.189208820,-0.313623071
899,741180,111535,viewpoint,moving_to_right,0.747409344,1.375383973,-2.115759850,-0.140918866,0.638655841,0.258334905,0.711001873,-0.221601382,-0.269025862,-2.071672201,0.702559769,-0.438385367,0.180589601,0.530674517,-0.144739255,-0.343097597,-1.946273208,0.741125584,-0.495202601,0.103800163,0.441285372,-0.307501554,-0.316760749,-1.870149851,0.759055674,-0.542957425,-0.161314309,-0.320950925
900,741348,111703,viewpoint,moving_to_right,0.742811441,1.380157590,-2.110101700,-0.139143273,0.637839496,0.242670685,0.717572927,,,,,,,,-0.142627597,-0.396944463,-1.936934233,0.743703425,-0.474879563,0.084690772,0.462841362,-0.304903626,-0.374239683,-1.859385610,0.792923272,-0.529965758,-0.136534616,-0.267894238
901,741501,111856,viewpoint,moving_to_right,0.740622044,1.377537727,-2.106123447,-0.142226130,0.637076378,0.242888033,0.717572868,-0.213921845,-0.317462027,-2.045937538,0.701957047,-0.428029567,0.193851769,0.535227537,-0.135486498,-0.388452500,-1.930374026,0.741490722,-0.481709659,0.131949946,0.448036343,,,,,,,
902,741654,112009,viewpoint,moving_to_right,0.739090204,1.378962874,-2.103251934,-0.135695964,0.639698863,0.243024394,0.716457367,-0.195124701,-0.301011920,-1.839473248,0.690216780,-0.423848093,0.171543196,0.560826719,-0.135285765,-0.414559036,-1.967946410,0.743311822,-0.485586047,0.141896769,0.437674493,,,,,,,
903,741806,112161,viewpoint,moving_to_right,0.736759186,1.380895138,-2.102194786,-0.135082439,0.637530267,0.242333159,0.718736768,,,,,,,,-0.141925067,-0.414831430,-1.932149529,0.742872119,-0.479693502,0.116482176,0.452180326,-0.303414464,-0.384938985,-1.839169741,0.774908960,-0.536756277,-0.159709245,-0.293090075
904,741959,112314,viewpoint,moving_to_right,0.734010458,1.380587220,-2.100146770,-0.133754134,0.637925267,0.243567556,0.718217313,-0.218277007,-0.344007134,-2.035886526,0.700025022,-0.428165108,0.188740209,0.539459646,-0.144868553,-0.425054342,-1.958965421,0.804525912,-0.534911454,-0.034689225,-0.255742997,-0.294961035,-0.380151719,-1.801625371,0.773039639,-0.532885253,-0.180028915,-0.293313265
905,742126,112481,viewpoint,moving_to_right,0.731538534,1.380020499,-2.098880768,-0.133935302,0.636704862,0.245061591,0.718757987,-0.205566868,-0.303863883,-1.827131867,0.685868025,-0.423226416,0.173410058,0.566033006,-0.144177586,-0.410786122,-1.919094086,0.742409229,-0.482381701,0.105149567,0.452857673,,,,,,,
906,742278,112633,viewpoint,moving_to_right,0.729861259,1.380812764,-2.097530842,-0.132696256,0.638989031,0.243563682,0.717468798,-0.212598220,-0.347891241,-2.029148579,0.694935083,-0.429944992,0.196199775,0.541957676,-0.135224700,-0.420295000,-1.916953206,0.738136292,-0.483269691,0.118950531,0.455473393,-0.291162848,-0.386235237,-1.805629134,0.775306940,-0.532200992,-0.157966763,-0.301177263
907,742431,112786,viewpoint,moving_to_right,0.728141785,1.381402493,-2.097735405,-0.133456722,0.638505101,0.241662756,0.718400776,,,,,,,,-0.136774272,-0.428432137,-1.930885673,0.738154888,-0.481711417,0.145354971,0.449392289,,,,,,,
908,742584,112939,viewpoint,moving_to_right,0.726817846,1.381832957,-2.097681046,-0.133510575,0.638284206,0.241740897,0.718560755,,,,,,,,-0.137636304,-0.428923339,-1.932483792,0.737918139,-0.483240932,0.147520453,0.447429031,,,,,,,
909,742750,113105,viewpoint,moving_to_right,0.726314068,1.381906509,-2.097606182,-0.133617401,0.638984382,0.241683602,0.717937589,-0.212899610,-0.358771294,-2.049284697,0.706613004,-0.427562624,0.182585567,0.533433080,-0.134571895,-0.427231431,-1.926035881,0.733750403,-0.485829502,0.149856195,0.450691849,,,,,,,
910,742903,113258,viewpoint,moving_to_right,0.726466179,1.381872535,-2.097332478,-0.132851303,0.640486062,0.241595611,0.716770351,-0.205184296,-0.358421206,-2.036155224,0.697215259,-0.425024182,0.191027403,0.544751167,-0.127404869,-0.430856496,-1.922747016,0.739450753,-0.481287211,0.131821394,0.451883107,-0.289151013,-0.398169369,-1.826153636,0.765036821,-0.545921743,-0.175196916,-0.293247640
911,743055,113410,viewpoint,moving_to_right,0.726721764,1.382067204,-2.097939491,-0.132259563,0.640667140,0.241893828,0.716617346,,,,,,,,-0.129813045,-0.437684953,-1.953322887,0.743679762,-0.481435299,0.132454738,0.444540441,-0.290440083,-0.400714248,-1.834712029,0.776173890,-0.537803590,-0.157025471,-0.289248049
912,743223,113578,viewpoint,moving_to_right,0.725901365,1.381715417,-2.098371983,-0.132702425,0.639481783,0.242008299,0.717554986,-0.194823414,-0.321267396,-1.832397819,0.687921464,-0.425139308,0.163850874,0.564954519,-0.132242888,-0.429080278,-1.921159506,0.741580009,-0.482639998,0.111432672,0.452438414,-0.306279123,-0.413812757,-1.909718752,0.777757764,-0.530683756,-0.213249862,-0.260753006
913,743375,113730,viewpoint,moving_to_right,0.724715948,1.380940914,-2.097752571,-0.133370623,0.639765918,0.243258297,0.716754675,-0.206861451,-0.351125449,-2.028387308,0.700373292,-0.431243360,0.194616526,0.534444451,-0.130104795,-0.422535300,-1.916565180,0.734846413,-0.488862038,0.128213048,0.452300936,-0.284284174,-0.388153732,-1.798568606,0.738133311,-0.439527810,0.154238880,0.488041908
914,743529,113884,viewpoint,moving_to_right,0.723696709,1.380247593,-2.096903324,-0.133388370,0.640505791,0.244179294,0.715776742,-0.201950282,-0.349331856,-2.029603958,0.706919849,-0.430784404,0.177399635,0.532182753,-0.126711369,-0.421563983,-1.922307014,0.736474931,-0.486366481,0.130178630,0.451780707,-0.282670856,-0.386232764,-1.805355906,0.774479628,-0.532882392,-0.161066025,-0.300458670
915,743695,114050,viewpoint,moving_to_right,0.722606421,1.379969001,-2.096652508,-0.133741543,0.640302479,0.244557902,0.715763509,-0.203643844,-0.347619057,-2.033701897,0.705769837,-0.429355025,0.183896914,0.532658517,-0.125821874,-0.418406218,-1.911798239,0.740086138,-0.485772848,0.111210115,0.451585591,,,,,,,
916,743863,114218,viewpoint,moving_to_right,0.720803738,1.379761219,-2.097695827,-0.134821132,0.640043736,0.243725240,0.716076314,-0.202719271,-0.347155780,-2.027380228,0.706878304,-0.427242011,0.176536903,0.535371065,-0.125888973,-0.418106914,-1.909784675,0.740409434,-0.484320760,0.113198780,0.452120930,,,,,,,
917,744014,114369,viewpoint,moving_to_right,0.718510151,1.378704309,-2.097860813,-0.136956379,0.640029907,0.246052235,0.714886665,-0.199251428,-0.335285187,-2.027752638,0.706209183,-0.434123486,0.189527944,0.526198149,-0.122682311,-0.408724308,-1.906362057,0.801847994,-0.532203019,-0.042091802,-0.268380493,-0.276824296,-0.366521090,-1.774319410,0.761272967,-0.541690648,-0.184504092,-0.304947436
918,744167,114522,viewpoint,moving_to_right,0.716531992,1.378104568,-2.098193169,-0.138472304,0.639679432,0.247412816,0.714438677,,,,,,,,-0.121257536,-0.399372518,-1.913000107,0.737060130,-0.489765227,0.131605297,0.446712941,-0.272602379,-0.357863694,-1.759519696,0.736578107,-0.448141694,0.145423815,0.485256284
919,744320,114675,viewpoint,moving_to_right,0.714629650,1.377220988,-2.098994255,-0.140028909,0.640218496,0.248686403,0.713209093,-0.194808438,-0.319478512,-2.033330679,0.711651325,-0.427785426,0.173358470,0.529621482,-0.117109753,-0.392197520,-1.913350701,0.742707908,-0.488915563,0.113601618,0.443216920,,,,,,,
920,744487,114842,viewpoint,moving_to_right,0.712797642,1.376918554,-2.100830555,-0.141451076,0.640641451,0.249346882,0.712317526,-0.190551907,-0.313689947,-2.022062540,0.698833227,-0.433746725,0.199971095,0.532454133,-0.113894813,-0.387912929,-1.916681767,0.744406939,-0.486661851,0.112011515,0.443251550,-0.271842331,-0.356199324,-1.809332371,0.726348162,-0.456976831,0.133685991,0.495700091
921,744640,114995,viewpoint,moving_to_right,0.710459232,1.376556158,-2.103330612,-0.141912743,0.640771031,0.250156045,0.711825311,-0.181068525,-0.283951640,-1.852799177,0.692125380,-0.431123883,0.160056874,0.556306183,-0.118504472,-0.389185518,-1.921453118,0.799722731,-0.534448564,-0.038746357,-0.270752668,-0.273021340,-0.350021273,-1.789529085,0.765422404,-0.539647579,-0.179040611,-0.301419199
922,744806,115161,viewpoint,moving_to_right,0.706340075,1.376559138,-2.106122017,-0.142354786,0.639631510,0.250457674,0.712655365,-0.187177196,-0.284612656,-1.843645453,0.751720667,-0.494721115,-0.173870131,-0.399920315,-0.125902742,-0.388737351,-1.936008453,0.743338525,-0.487678587,0.151264161,0.432130277,-0.281732857,-0.352532715,-1.802741528,0.771135390,-0.531908154,-0.164718494,-0.308693767
923,744972,115327,viewpoint,moving_to_right,0.701023936,1.373862028,-2.108425617,-0.147086844,0.636857986,0.254580915,0.712717295,,,,,,,,-0.130319819,-0.360535949,-1.906956434,0.746491075,-0.489057302,0.111531571,0.437189639,-0.291687071,-0.332525522,-1.809162021,0.770213246,-0.535948038,-0.171280682,-0.300323635
924,745139,115494,viewpoint,moving_to_right,0.697656512,1.372223496,-2.109713554,-0.148791373,0.635099471,0.257524461,0.712875128,,,,,,,,-0.136870980,-0.345485926,-1.899868727,0.747639298,-0.489021480,0.121046059,0.432713896,-0.302114606,-0.326228708,-1.854872942,0.711792052,-0.470701367,0.134697050,0.503635764
925,745306,115661,viewpoint,moving_to_right,0.697112203,1.372065663,-2.110463619,-0.149030909,0.634666204,0.257132441,0.713352323,-0.215064853,-0.271596640,-2.006770134,0.707724929,-0.429592729,0.185368359,0.529352605,-0.139517665,-0.347782850,-1.906869531,0.747739434,-0.489190608,0.114357024,0.434166819,-0.296778381,-0.317159206,-1.791248322,0.757441580,-0.543692291,-0.192939892,-0.305704415
926,745472,115827,viewpoint,moving_to_right,0.698256612,1.372634053,-2.110923767,-0.147687942,0.635434091,0.256855726,0.713047683,-0.215727642,-0.275705814,-2.010820627,0.717342794,-0.426667899,0.166811481,0.524926484,-0.139087886,-0.352737665,-1.907645226,0.748717666,-0.486193329,0.107701182,0.437536716,-0.298396528,-0.325102210,-1.811205745,0.769017458,-0.533790171,-0.169769272,-0.307991236
927,745625,115980,viewpoint,right,0.699987769,1.373664021,-2.110409260,-0.145285875,0.637458146,0.255827874,0.712103426,-0.208519787,-0.287719339,-2.019189119,0.705839872,-0.439237535,0.184619769,0.524190903,-0.132348806,-0.360993236,-1.897633791,0.738738894,-0.491638869,0.136280909,0.440435678,-0.288156450,-0.329108506,-1.786053061,0.762645781,-0.539228022,-0.183604464,-0.306421310
928,745792,116147,viewpoint,right,0.701672554,1.375311852,-2.109379292,-0.142578304,0.638825119,0.254815012,0.711788774,,,,,,,,-0.130835310,-0.375230670,-1.914283633,0.746642232,-0.489012033,0.110478498,0.437249511,-0.288455963,-0.344807595,-1.814040303,0.728380024,-0.456215858,0.128405422,0.494814843
929,745959,116314,viewpoint,right,0.702276587,1.375752330,-2.108104229,-0.141409770,0.638202906,0.254599035,0.712656796,-0.210178509,-0.300900549,-2.012661457,0.708332896,-0.439093202,0.182042703,0.521844923,-0.133731276,-0.377236158,-1.906292200,0.745877802,-0.489824593,0.107791804,0.438313901,-0.288621187,-0.344656467,-1.792787194,0.792109966,-0.517440975,-0.136712238,-0.293473065
930,746110,116465,viewpoint,right,0.702341914,1.376482010,-2.106306553,-0.140219927,0.638724923,0.253409833,0.712848008,-0.208657667,-0.310461789,-2.021396399,0.712750971,-0.434154391,0.167785048,0.524732590,-0.131695613,-0.381958842,-1.882651925,0.795729041,-0.537001789,-0.062503137,-0.273016065,-0.288046479,-0.347083837,-1.779246807,0.755338550,-0.546400607,-0.194001079,-0.305407345
931,746278,116633,viewpoint,right,0.701621532,1.376337528,-2.104879379,-0.141016379,0.637421310,0.252827525,0.714063525,-0.199317962,-0.284333974,-1.845503926,0.754504323,-0.493843019,-0.173671514,-0.395828843,-0.134439915,-0.382228166,-1.895135403,0.739346802,-0.486712039,0.120554321,0.449382186,-0.294305563,-0.353397787,-1.807420492,0.770960867,-0.534353912,-0.168190539,-0.302980512
932,746432,116787,viewpoint,right,0.701642632,1.376598239,-2.103335381,-0.140595600,0.637784421,0.251923978,0.714141607,-0.206875905,-0.312956154,-2.006436110,0.704730213,-0.434174508,0.181985706,0.530781567,-0.131946146,-0.386403471,-1.885783315,0.796970606,-0.535719454,-0.056104966,-0.273303449,-0.288542330,-0.352269858,-1.782974243,0.760284305,-0.544911623,-0.188373566,-0.299256682
933,746599,116954,viewpoint,right,0.701887727,1.377379894,-2.102456570,-0.140347347,0.638642073,0.250634342,0.713877738,,,,,,,,-0.126603842,-0.391873449,-1.895737767,0.739584506,-0.489997268,0.124405332,0.444343060,-0.287229180,-0.363223255,-1.805531025,0.740887880,-0.458327442,0.148852319,0.467829138
934,746764,117119,viewpoint,right,0.702286363,1.377343655,-2.101596355,-0.140337691,0.638942182,0.250515670,0.713652670,-0.202006444,-0.320693254,-2.023468018,0.708302796,-0.430491030,0.173209012,0.531961739,-0.125083834,-0.392221361,-1.899671316,0.737920940,-0.489909798,0.126723871,0.446544647,-0.281472206,-0.362522483,-1.800475001,0.792000592,-0.520679653,-0.133905128,-0.289304584
935,746917,117272,viewpoint,right,0.703250289,1.377590656,-2.099788189,-0.139350250,0.639548838,0.250531703,0.713297069,-0.199753493,-0.323308855,-2.026979446,0.708053887,-0.432379007,0.185380861,0.526632786,-0.122898623,-0.397871166,-1.918053269,0.746197581,-0.485652655,0.112949155,0.441104501,-0.284596682,-0.367660820,-1.818858504,0.772750258,-0.537847877,-0.168920651,-0.291620582
936,747084,117439,viewpoint,right,0.704900742,1.378071308,-2.097568989,-0.137627095,0.639606059,0.251387835,0.713279128,-0.198597714,-0.323401868,-2.013538599,0.703422666,-0.436521083,0.182751551,0.530327916,-0.123139851,-0.393584967,-1.877627492,0.796573460,-0.535709858,-0.057121646,-0.274267852,-0.284007311,-0.371409565,-1.825223923,0.793105364,-0.526291609,-0.136117265,-0.274723709
937,747251,117606,viewpoint,right,0.706729531,1.378557086,-2.095297813,-0.135779351,0.640044093,0.251227438,0.713296831,-0.199785352,-0.330248982,-2.024619818,0.708982289,-0.435981780,0.173288405,0.526531041,-0.121614851,-0.402901590,-1.904114962,0.739065468,-0.487868607,0.112496614,0.450678378,-0.275580347,-0.361997098,-1.767539024,0.771513522,-0.530702710,-0.168876171,-0.307574958
938,747404,117759,viewpoint,right,0.708964586,1.378840208,-2.093012810,-0.134206280,0.640582442,0.251408160,0.713047504,-0.197641522,-0.333397955,-2.028712511,0.704172552,-0.436690331,0.178737462,0.530561447,-0.120875970,-0.404912144,-1.902025104,0.733603358,-0.493657261,0.119948551,0.451376706,,,,,,,
939,747556,117911,viewpoint,right,0.711255431,1.379472733,-2.090854645,-0.132537693,0.641500175,0.250693828,0.712786019,-0.194000378,-0.340387851,-2.031416893,0.708744824,-0.434258014,0.167752802,0.530056417,-0.117094129,-0.413107485,-1.910548329,0.739148736,-0.490287513,0.113635808,0.447620541,-0.273540556,-0.374359965,-1.788983583,0.769686639,-0.538622499,-0.169675335,-0.297789395
940,747725,118080,viewpoint,right,0.713402748,1.379917502,-2.088387489,-0.131045401,0.641764998,0.250042200,0.713052392,-0.193334386,-0.346114457,-2.032372475,0.703834116,-0.433408022,0.182173774,0.532529593,-0.117360875,-0.420221686,-1.921302438,0.739931464,-0.490334749,0.108923219,0.447447300,-0.275042176,-0.382411450,-1.807392716,0.775665104,-0.530450881,-0.155284271,-0.304716766
941,747875,118230,viewpoint,right,0.715125084,1.380330801,-2.086136818,-0.129670843,0.641398013,0.249691084,0.713756621,-0.193919674,-0.348899990,-2.018395901,0.690310121,-0.433493406,0.191409186,0.546733975,-0.118435167,-0.424366802,-1.922257543,0.739423513,-0.487311095,0.111380301,0.450971454,-0.273628533,-0.381986141,-1.786555409,0.771676898,-0.537411034,-0.165632620,-0.297102630
942,748029,118384,viewpoint,right,0.716296673,1.380406141,-2.084119797,-0.128544763,0.640818536,0.249520898,0.714539886,,,,,,,,-0.120973781,-0.421907783,-1.897983670,0.727755666,-0.494675547,0.129086986,0.457169980,-0.285154521,-0.396780908,-1.839972734,0.777119219,-0.542641282,-0.141051307,-0.285885841
943,748196,118551,viewpoint,right,0.716727257,1.380549788,-2.082694530,-0.128309250,0.639961779,0.249342978,0.715411603,-0.202110454,-0.355198115,-2.037826538,0.705801129,-0.435345173,0.168180078,0.532949269,-0.124291487,-0.424065411,-1.905767322,0.727372944,-0.493169993,0.142579362,0.455393314,-0.284404457,-0.393711537,-1.822743058,0.774156332,-0.539101243,-0.158460975,-0.291448027
944,748362,118717,viewpoint,right,0.716379881,1.380127072,-2.081824303,-0.128461227,0.638879418,0.249867588,0.716168284,-0.201223806,-0.347522438,-2.000998497,0.687664449,-0.434496701,0.204692066,0.544455171,-0.129000634,-0.425855368,-1.925141573,0.738595188,-0.490808874,0.112706602,0.448197603,-0.282420754,-0.382214189,-1.783320308,0.780606747,-0.530828655,-0.154554263,-0.291525275
945,748515,118870,viewpoint,right,0.715628266,1.379579782,-2.081041813,-0.129292458,0.638143182,0.250622451,0.716411293,-0.206062838,-0.346853614,-2.030582428,0.702129185,-0.432672411,0.183522686,0.534909904,-0.129828930,-0.422958463,-1.932157040,0.739155650,-0.492789209,0.115146503,0.444464892,-0.279761016,-0.374540091,-1.766347170,0.704254627,-0.437194139,0.169557258,0.533045113
946,748681,119036,viewpoint,right,0.715453029,1.379558682,-2.079859257,-0.128906086,0.638753474,0.250970989,0.715814829,-0.202534407,-0.346828878,-2.029681683,0.701403022,-0.434651464,0.184376508,0.533963740,-0.125960961,-0.418704271,-1.910254836,0.734867275,-0.489536941,0.104313470,0.457648754,,,,,,,
947,748846,119201,viewpoint,right,0.716371298,1.379603863,-2.078949928,-0.128291309,0.639128208,0.251305133,0.715473473,,,,,,,,-0.125219598,-0.420166373,-1.912498116,0.729776621,-0.494834036,0.128100857,0.454043567,-0.301038206,-0.405223161,-1.922775745,0.737816870,-0.436180264,0.170388564,0.486148953
948,749001,119356,viewpoint,right,0.717707992,1.380021691,-2.079382420,-0.126837432,0.639467895,0.251355261,0.715411544,-0.202276021,-0.349872977,-2.018136501,0.693299234,-0.431582421,0.186799452,0.546057463,-0.128912523,-0.431560159,-1.950999379,0.740190327,-0.489239544,0.124866158,0.444039881,-0.283066988,-0.383313358,-1.793347239,0.770260990,-0.539027154,-0.170017540,-0.295367271
949,749168,119523,viewpoint,right,0.719410419,1.380185723,-2.080923557,-0.126196906,0.639600039,0.250858516,0.715581000,-0.206209302,-0.356338918,-2.045481443,0.700457633,-0.436502486,0.170752659,0.538208365,-0.129276603,-0.425935864,-1.915374994,0.727757871,-0.494854987,0.137475580,0.454519033,-0.288297415,-0.392846882,-1.820350647,0.729120433,-0.460882545,0.122500427,0.490881175
950,749319,119674,viewpoint,right,0.721490622,1.380061746,-2.082879066,-0.125976309,0.639089227,0.251063347,0.716004312,-0.209118813,-0.350600690,-2.021782875,0.695369720,-0.434132278,0.187939703,0.540988684,-0.135416567,-0.425012946,-1.922272444,0.736265779,-0.486551553,0.102598749,0.458970457,-0.285005510,-0.379605591,-1.774146795,0.773974597,-0.531279683,-0.162950635,-0.303566158
951,749487,119842,viewpoint,right,0.723773241,1.380197883,-2.084499836,-0.125900030,0.639373124,0.251094937,0.715753138,-0.195358843,-0.316096038,-1.837418318,0.675405860,-0.433160543,0.172904596,0.571229219,-0.134465903,-0.422343045,-1.916832685,0.731936932,-0.493581593,0.127981618,0.451958150,,,,,,,
952,749640,119995,viewpoint,right,0.727601528,1.380285740,-2.085761070,-0.125531375,0.640695989,0.249648541,0.715140700,,,,,,,,-0.131104663,-0.429574847,-1.926392317,0.797879398,-0.541104198,-0.030623484,-0.263925880,,,,,,,
953,749806,120161,viewpoint,right,0.730092049,1.380701423,-2.086480618,-0.125045031,0.640948296,0.248949349,0.715243459,-0.203841880,-0.353659987,-2.015663385,0.684274435,-0.439794213,0.204242110,0.544641793,-0.131081909,-0.427477956,-1.919476628,0.731455564,-0.490808934,0.124827184,0.456615329,-0.291414022,-0.398277342,-1.847954035,0.724408984,-0.470577210,0.108749405,0.491896659
954,749960,120315,viewpoint,right,0.731098890,1.380190015,-2.087375641,-0.125719652,0.640042841,0.249506846,0.715741634,-0.210486919,-0.354530603,-2.052573919,0.700245678,-0.432218969,0.171226963,0.541778564,-0.135058761,-0.424353153,-1.926586270,0.732048392,-0.493697375,0.129681036,0.451166153,,,,,,,
955,750126,120481,viewpoint,right,0.731541157,1.379797339,-2.087399960,-0.125944495,0.639310002,0.250313938,0.716075182,-0.215737462,-0.349261820,-2.049023628,0.703007519,-0.432490230,0.180087626,0.535071075,-0.138417929,-0.419686735,-1.924509525,0.728397250,-0.494452506,0.131688073,0.455645114,-0.296270251,-0.385159820,-1.823043942,0.769655466,-0.545909941,-0.158792481,-0.290512979
956,750290,120645,viewpoint,right,0.732274532,1.379832745,-2.086971283,-0.124734901,0.639915049,0.250511855,0.715677142,-0.213865623,-0.351922840,-2.050976753,0.700737655,-0.435855478,0.176209867,0.536606848,-0.134918869,-0.419505060,-1.895911336,0.801369607,-0.531121016,-0.031049144,-0.273410290,-0.288129032,-0.375215888,-1.777125478,0.689204395,-0.445285380,0.194327295,0.537545502
957,750445,120800,viewpoint,right,0.732409954,1.379829645,-2.086554050,-0.124600232,0.641464353,0.250672162,0.714256108,,,,,,,,-0.129988790,-0.423570484,-1.927545905,0.729848504,-0.497247398,0.123391367,0.452593356,-0.281202883,-0.378297031,-1.784903407,0.764737427,-0.539463818,-0.173874050,-0.306469113
958,750598,120953,viewpoint,right,0.732697010,1.379787683,-2.086500645,-0.124115936,0.641961992,0.251409739,0.713633776,-0.203891948,-0.350593746,-2.044270277,0.697474420,-0.438860446,0.181791380,0.536547184,-0.126458660,-0.418189079,-1.897102356,0.722877860,-0.502399862,0.111350693,0.461132407,-0.282161117,-0.380512506,-1.798182487,0.699138999,-0.444841534,0.179850861,0.530070245
959,750765,121120,viewpoint,right,0.733014107,1.379829764,-2.086642742,-0.123884283,0.641953170,0.251132548,0.713779569,-0.202026799,-0.348431736,-2.023213148,0.677681506,-0.440472692,0.207347199,0.551124930,-0.130039781,-0.425920784,-1.933617473,0.727944076,-0.496176422,0.134668022,0.453619748,-0.286853790,-0.384998232,-1.813233018,0.754442155,-0.554492712,-0.170672610,-0.306962222
960,750917,121272,viewpoint,right,0.733245134,1.379908919,-2.087073326,-0.124128319,0.641522050,0.250595987,0.714313149,-0.202694044,-0.348821789,-2.012414455,0.683757186,-0.439974666,0.204748794,0.544955432,-0.132052064,-0.426809818,-1.936603427,0.732889116,-0.490951955,0.121112704,0.455160886,,,,,,,
961,751084,121439,viewpoint,right,0.733127117,1.379754424,-2.087096214,-0.124304771,0.641677737,0.250250101,0.714263916,-0.202478334,-0.349551558,-2.017123461,0.683470726,-0.440508604,0.207104638,0.543992281,-0.131739229,-0.427045673,-1.937337399,0.730566800,-0.490861446,0.117440678,0.459929258,,,,,,,
962,751236,121591,viewpoint,right,0.732761860,1.379390240,-2.086360455,-0.123747155,0.641512156,0.251586169,0.714040101,,,,,,,,-0.130129695,-0.420640767,-1.914980888,0.729929984,-0.494932652,0.116808027,0.456727147,,,,,,,
963,751389,121744,viewpoint,right,0.732583046,1.379167318,-2.085514545,-0.123383112,0.641966760,0.252575517,0.713344872,,,,,,,,-0.130417794,-0.422464788,-1.936372161,0.727796376,-0.495238483,0.131680757,0.455753773,-0.286706984,-0.381360561,-1.814159155,0.754989326,-0.554735065,-0.169819623,-0.305649251
964,751555,121910,viewpoint,right,0.732552767,1.379346609,-2.085246563,-0.122576974,0.642184079,0.252694249,0.713246167,,,,,,,,-0.129752159,-0.423661739,-1.927756429,0.726102531,-0.500581086,0.130511582,0.452946484,-0.275759578,-0.369851410,-1.753803849,0.710261703,-0.439149559,0.159730032,0.526462078
965,751709,122064,viewpoint,right,0.732018232,1.379407406,-2.085546017,-0.122738771,0.641882479,0.252337217,0.713616192,-0.189937428,-0.314344496,-1.827630401,0.673327565,-0.431428432,0.171858743,0.575294852,-0.130935177,-0.424775749,-1.928825378,0.729976892,-0.496397972,0.129970789,0.451475799,,,,,,,
966,751862,122217,viewpoint,right,0.731667757,1.379358530,-2.085754395,-0.122405395,0.641236365,0.252639800,0.714147091,-0.209873512,-0.352949023,-2.045337439,0.688870430,-0.434765041,0.178612620,0.551846504,-0.134384617,-0.423368722,-1.922291398,0.727544546,-0.497837991,0.130032703,0.453792691,-0.308129787,-0.404192716,-1.919065714,0.776198626,-0.534516811,-0.186470404,-0.277554244
967,752014,122369,viewpoint,right,0.731756449,1.379467487,-2.085744381,-0.122210570,0.640922189,0.252603114,0.714475334,-0.212798968,-0.357721925,-2.074853182,0.687083781,-0.449865371,0.168661639,0.545059919,-0.136373520,-0.427558988,-1.932680726,0.722476840,-0.491516888,0.144004688,0.464436203,-0.296171844,-0.388218760,-1.826119184,0.756699741,-0.555079699,-0.170861647,-0.300163984
968,752181,122536,viewpoint,right,0.731585979,1.379354954,-2.085644722,-0.122264363,0.640641093,0.252905637,0.714611232,-0.213822767,-0.351949692,-2.049536943,0.698950410,-0.437386096,0.172861218,0.538777053,-0.137321800,-0.423148572,-1.922080755,0.728861630,-0.496173680,0.127609268,0.454189688,,,,,,,
969,752332,122687,viewpoint,right,0.731854916,1.379142880,-2.085229397,-0.122151472,0.640903652,0.253141135,0.714311659,,,,,,,,-0.135002345,-0.422814101,-1.923747420,0.731245816,-0.495418042,0.107232608,0.456444651,-0.285024405,-0.376512945,-1.779421449,0.699344873,-0.436229587,0.164399162,0.541842699
970,752500,122855,viewpoint,right,0.732073307,1.378898263,-2.084926128,-0.122443706,0.640847027,0.253328413,0.714246035,-0.210922927,-0.347435057,-2.039466619,0.693600118,-0.437935948,0.183816388,0.541611135,-0.137456149,-0.428159118,-1.960238099,0.738242984,-0.486664116,0.103733711,0.455406010,-0.291384161,-0.383088499,-1.814971328,0.771810174,-0.545240521,-0.148809686,-0.291337371
971,752654,123009,viewpoint,right,0.732947111,1.378954649,-2.084563255,-0.122045815,0.641700566,0.253113866,0.713623583,,,,,,,,-0.131189585,-0.423424393,-1.926588774,0.732138395,-0.494591862,0.111466646,0.454892784,-0.274310827,-0.365716815,-1.733788490,0.709777057,-0.438103378,0.165613785,0.526169240
972,752820,123175,viewpoint,right,0.733274221,1.379358053,-2.084519863,-0.121771619,0.641836941,0.252681613,0.713700950,-0.204170093,-0.350215912,-2.022439003,0.687410951,-0.441021621,0.197621435,0.542136312,-0.133015186,-0.431394935,-1.954159141,0.736932099,-0.487321287,0.110075533,0.455337733,-0.286481857,-0.384482443,-1.805364370,0.767281771,-0.546581924,-0.153430924,-0.298304945
973,752972,123327,viewpoint,right,0.733270168,1.379673243,-2.084232330,-0.121455498,0.641967356,0.252189547,0.713811576,-0.203792647,-0.355175346,-2.032165527,0.684635639,-0.440677553,0.191149443,0.548214555,-0.130798608,-0.427034169,-1.920552492,0.727908313,-0.496577442,0.127895504,0.455195725,-0.296025693,-0.401283860,-1.866128802,0.764134824,-0.547002017,-0.143801391,-0.310173988
974,753139,123494,viewpoint,right,0.732902765,1.379810333,-2.083965778,-0.121672161,0.641841292,0.252196014,0.713885725,,,,,,,,-0.130534664,-0.427578568,-1.925504088,0.727529645,-0.499946594,0.122757241,0.453524739,-0.282739460,-0.382235706,-1.787828684,0.774989009,-0.533065856,-0.156826913,-0.301061869
975,753293,123648,viewpoint,right,0.732838392,1.379642725,-2.083167076,-0.121289641,0.642426133,0.253014088,0.713134885,-0.203516692,-0.351763070,-2.030700684,0.688793123,-0.437689513,0.185048208,0.547493398,-0.130227208,-0.431355774,-1.936235189,0.797687292,-0.540188670,-0.019550132,-0.267411619,,,,,,,
976,753458,123813,viewpoint,right,0.733200788,1.379737020,-2.082684994,-0.120903976,0.642825484,0.253115505,0.712804437,,,,,,,,-0.126513839,-0.427037954,-1.924031615,0.729936182,-0.496044755,0.114750087,0.456032157,,,,,,,
977,753610,123965,viewpoint,right,0.733593941,1.380112529,-2.083147049,-0.120738931,0.642646253,0.252328932,0.713272810,,,,,,,,-0.129403636,-0.430610776,-1.931223154,0.722454488,-0.497374564,0.144282922,0.458105415,-0.287875533,-0.391527176,-1.823368788,0.757478237,-0.553267837,-0.167381659,-0.303487718
978,753764,124119,viewpoint,right,0.733249903,1.380156994,-2.083929539,-0.121303387,0.642055333,0.252213925,0.713749707,-0.203137502,-0.355400443,-2.030731201,0.681885898,-0.441992015,0.197953165,0.548168957,-0.131015494,-0.427775621,-1.922978759,0.728840470,-0.495170206,0.125005648,0.456039131,-0.296324372,-0.401808649,-1.868465662,0.764281809,-0.547048509,-0.144019604,-0.309628129
979,753932,124287,viewpoint,right,0.732989073,1.379603267,-2.084173203,-0.121846132,0.642355561,0.252548516,0.713268697,,,,,,,,-0.129438683,-0.428035706,-1.937756181,0.727830410,-0.495374978,0.134645253,0.454683602,-0.287441671,-0.387240618,-1.822029948,0.755815268,-0.554636419,-0.170250461,-0.303539932
980,754098,124453,viewpoint,right,0.732637405,1.379413605,-2.084445477,-0.122063622,0.642720401,0.252485961,0.712924838,-0.202014789,-0.353045732,-2.045107365,0.700433254,-0.437544137,0.172188029,0.536935449,-0.128728032,-0.430318177,-1.950770259,0.734706581,-0.489294648,0.115704924,0.455422133,-0.282843471,-0.385220498,-1.812269926,0.765528262,-0.542670965,-0.149623573,-0.311588705
981,754248,124603,viewpoint,right,0.731938601,1.378838897,-2.084445953,-0.122126400,0.643609524,0.253613800,0.711710572,,,,,,,,-0.121632136,-0.420852631,-1.910834789,0.724807143,-0.503692687,0.094520770,0.460449874,-0.271982640,-0.372235864,-1.768575311,0.708942175,-0.449591190,0.150566131,0.522109687
982,754402,124757,viewpoint,right,0.731351137,1.378491402,-2.084483147,-0.122475922,0.644683242,0.254029065,0.710529685,-0.178824306,-0.315341711,-1.855090976,0.672469139,-0.440732390,0.168823168,0.570121944,-0.116797604,-0.424786031,-1.940953851,0.722341895,-0.499647886,0.156543419,0.451739252,-0.274296820,-0.382149130,-1.816927671,0.760494411,-0.548159540,-0.156727940,-0.310814708
983,754569,124924,viewpoint,right,0.731180668,1.378590345,-2.084703922,-0.122012362,0.645763636,0.254217565,0.709560275,-0.188570246,-0.353210509,-2.060936451,0.693966269,-0.444497645,0.185725182,0.535106421,-0.112884097,-0.422490180,-1.923490524,0.729824543,-0.500364780,0.116642892,0.450983047,-0.270615101,-0.383387059,-1.815997958,0.768754959,-0.545784652,-0.150367707,-0.297530621
984,754723,125078,viewpoint,right,0.730564594,1.379082799,-2.085799694,-0.121542841,0.645886719,0.253777057,0.709686458,-0.174119860,-0.314771265,-1.827133894,0.673624754,-0.439207554,0.174692348,0.568162799,-0.116611324,-0.432215422,-1.956245780,0.734879375,-0.496450454,0.129409492,0.443556547,-0.277038068,-0.389090359,-1.835811973,0.757945359,-0.553607166,-0.162497148,-0.304355979
985,754888,125243,viewpoint,right,0.729716063,1.378804207,-2.086856842,-0.122130573,0.645752490,0.254146188,0.709575653,,,,,,,,-0.115281984,-0.422314525,-1.922276735,0.727326035,-0.501391888,0.129715234,0.450307667,-0.269536436,-0.379163116,-1.795527339,0.770420253,-0.541726112,-0.152313620,-0.299643159
986,755042,125397,viewpoint,right,0.728619099,1.378579259,-2.088069439,-0.123092517,0.645887077,0.254277259,0.709239900,-0.177204102,-0.319201201,-1.879923820,0.675892651,-0.441734076,0.172094449,0.564290524,-0.116363421,-0.425852567,-1.953430414,0.735658646,-0.494788110,0.124320723,0.445573211,-0.290462613,-0.403517604,-1.934243560,0.772457778,-0.546270430,-0.183351278,-0.266983032
987,755210,125565,viewpoint,right,0.728043318,1.378540516,-2.088566303,-0.123145446,0.646192551,0.254414231,0.708903313,-0.184682876,-0.346059084,-2.033518076,0.685859680,-0.445428759,0.197794139,0.540432394,-0.114156902,-0.423547775,-1.942172647,0.732801795,-0.497810125,0.134757057,0.443877399,-0.277550399,-0.390495181,-1.859433532,0.765870631,-0.548541129,-0.143495411,-0.303238988
988,755375,125730,viewpoint,right,0.727205038,1.378353596,-2.088587284,-0.123327903,0.646886766,0.255005360,0.708025396,,,,,,,,-0.108909689,-0.418747276,-1.925494790,0.730063856,-0.500515640,0.116507411,0.450463086,,,,,,,
989,755530,125885,viewpoint,right,0.726922750,1.378371477,-2.088396072,-0.123233058,0.647647679,0.255117804,0.707305491,,,,,,,,-0.106801003,-0.418729097,-1.926913381,0.724099517,-0.503735423,0.141680747,0.449285060,,,,,,,
990,755696,126051,viewpoint,right,0.726617336,1.378620982,-2.088137150,-0.122978143,0.648038507,0.254855245,0.707086504,-0.177053586,-0.346441001,-2.032234907,0.683837593,-0.444228619,0.190720946,0.546491206,-0.103523262,-0.421251684,-1.920605659,0.729532540,-0.501463354,0.112873271,0.451194376,-0.261334807,-0.380669713,-1.810202360,0.761244655,-0.545853019,-0.154263645,-0.314251095
991,755862,126217,viewpoint,right,0.726396561,1.379032850,-2.088416576,-0.122693859,0.647789598,0.254621178,0.707448184,,,,,,,,-0.106169134,-0.422763228,-1.922804952,0.729857743,-0.502387702,0.121360943,0.447421283,,,,,,,
992,756028,126383,viewpoint,right,0.726741791,1.379268408,-2.088670254,-0.122632951,0.647979796,0.254713774,0.707251191,,,,,,,,-0.106264785,-0.422969818,-1.924453259,0.729726434,-0.501774788,0.124816753,0.447372586,-0.261024892,-0.378733039,-1.794880271,0.771372497,-0.541144192,-0.148612738,-0.300102979
993,756181,126536,viewpoint,right,0.728109598,1.379845977,-2.088952541,-0.121772423,0.647657633,0.254670441,0.707710445,-0.182207987,-0.352144599,-2.041112423,0.686337352,-0.440635353,0.183228686,0.548824966,-0.112230740,-0.432456553,-1.961331248,0.733992934,-0.496188104,0.124137580,0.446812660,-0.275631964,-0.397210628,-1.875728488,0.761881232,-0.554847717,-0.112392023,-0.314720541
994,756334,126689,viewpoint,right,0.729672432,1.380304098,-2.089374542,-0.120136119,0.646881044,0.254872501,0.708627045,,,,,,,,-0.117195912,-0.428705156,-1.928813338,0.723888159,-0.504453063,0.136246160,0.450499743,,,,,,,
995,756500,126855,viewpoint,right,0.731081963,1.380764723,-2.089637756,-0.120041549,0.645872653,0.254284829,0.709773064,-0.192662328,-0.353619188,-2.025016785,0.683277547,-0.443219870,0.194666818,0.546619415,-0.122450151,-0.430648178,-1.937305212,0.727592826,-0.501222670,0.135011181,0.448504806,,,,,,,
996,756652,127007,viewpoint,right,0.732985258,1.380876541,-2.089508533,-0.119889796,0.645812452,0.253841549,0.710012138,-0.192273945,-0.355227083,-2.026674271,0.678582072,-0.445859641,0.204052493,0.546898663,-0.122684538,-0.431937754,-1.934962153,0.726280391,-0.503858328,0.119304828,0.452117234,-0.286165476,-0.399416655,-1.861331224,0.765231669,-0.551520228,-0.143330157,-0.299503684
997,756821,127176,viewpoint,right,0.734161615,1.381015778,-2.088985920,-0.119619168,0.645636678,0.253200769,0.710446298,,,,,,,,-0.121758819,-0.430875599,-1.912098169,0.799797773,-0.534759045,-0.018827878,-0.272032797,-0.278684020,-0.390983433,-1.813312054,0.768892825,-0.545858383,-0.149827212,-0.297311693
998,756972,127327,viewpoint,right,0.734580517,1.380669951,-2.088298798,-0.119935475,0.645113528,0.253427207,0.710787356,-0.195947945,-0.353402287,-2.026385546,0.680790424,-0.445145488,0.200598925,0.546012878,-0.124467865,-0.426818281,-1.922300577,0.719371557,-0.502598047,0.145033315,0.457017630,,,,,,,
999,757139,127494,viewpoint,right,0.735034227,1.379962564,-2.087735176,-0.119955070,0.644821227,0.254394740,0.710703671,-0.197485551,-0.352069020,-2.040722370,0.685268283,-0.442367941,0.192120731,0.545717537,-0.125995964,-0.426843375,-1.937433362,0.727061749,-0.498785168,0.132739365,0.452741504,-0.296926200,-0.397360474,-1.907357097,0.710923791,-0.456977129,0.167936891,0.507500172
1000,757305,127660,viewpoint,right,0.734792948,1.379726291,-2.086606026,-0.119498499,0.645379245,0.254843682,0.710112989,-0.196611568,-0.352991700,-2.049898624,0.700909019,-0.434708387,0.154140905,0.544054985,-0.122677386,-0.429163933,-1.941893220,0.724245369,-0.504848897,0.119966246,0.454097301,-0.285309672,-0.394406617,-1.856296062,0.757094443,-0.559282959,-0.151463479,-0.301777095
1001,757460,127815,viewpoint,right,0.734104156,1.379168987,-2.085559368,-0.119769774,0.645398974,0.255546063,0.709796846,,,,,,,,-0.120214231,-0.424330711,-1.930380583,0.724721611,-0.504953563,0.125977799,0.451586157,-0.278842270,-0.381656557,-1.817591786,0.750860155,-0.556956649,-0.175126702,-0.308770090
1002,757626,127981,viewpoint,right,0.732867479,1.378858089,-2.084455013,-0.119581014,0.646541238,0.255846620,0.708680034,-0.188087061,-0.353911102,-2.063652515,0.694883406,-0.445623189,0.183338776,0.533801377,-0.113330916,-0.425207049,-1.933692694,0.728701591,-0.502485871,0.117712170,0.450162023,-0.270729125,-0.382907212,-1.816089630,0.764926255,-0.548002541,-0.154988483,-0.300931245
1003,757778,128133,viewpoint,right,0.731302738,1.378328085,-2.083524227,-0.120300643,0.646596909,0.256290883,0.708346784,-0.170204282,-0.310672939,-1.827427626,0.672716916,-0.441390872,0.176567584,0.566965580,-0.111327298,-0.420760989,-1.923831344,0.718967795,-0.504601955,0.141235024,0.456634313,-0.275672495,-0.393109500,-1.876699805,0.761507690,-0.554783583,-0.113064416,-0.315495938
1004,757945,128300,viewpoint,right,0.730130434,1.377773166,-2.082695961,-0.120632388,0.646644771,0.256656080,0.708114386,,,,,,,,-0.111426026,-0.420079112,-1.933781981,0.723231912,-0.503758013,0.140302688,0.451086044,,,,,,,
1005,758110,128465,viewpoint,right,0.728912592,1.377715349,-2.081882000,-0.120145530,0.645793140,0.257234663,0.708764136,-0.183577135,-0.344980925,-2.025735140,0.676890612,-0.448908299,0.206922308,0.545420647,-0.115983970,-0.425379872,-1.954559088,0.733800232,-0.499858111,0.126206934,0.442437500,-0.256276965,-0.359011620,-1.724248409,0.705337524,-0.447337508,0.159304440,0.526317596
1006,758265,128620,viewpoint,right,0.727640867,1.377004385,-2.081350803,-0.121121407,0.645658731,0.258520782,0.708252370,,,,,,,,-0.111896791,-0.413709581,-1.922000289,0.725260377,-0.506472051,0.125256598,0.449215204,-0.270536721,-0.374866307,-1.821991444,0.759759367,-0.548318863,-0.158590615,-0.311385930
1007,758430,128785,viewpoint,right,0.727187157,1.376789093,-2.081276417,-0.121637262,0.646105468,0.258963495,0.707594573,-0.179978684,-0.336715966,-2.033098936,0.684507370,-0.448816091,0.196876958,0.539678812,-0.109260008,-0.409471095,-1.902447939,0.799998343,-0.525286794,0.003541706,-0.289937764,-0.267637581,-0.371318817,-1.818842769,0.772652507,-0.542188048,-0.144511625,-0.296911776
1008,758583,128938,viewpoint,right,0.728026390,1.376873255,-2.081357956,-0.121061347,0.646914303,0.259130269,0.706892848,-0.178980008,-0.339722455,-2.049845457,0.695919216,-0.449205726,0.173560277,0.532717109,-0.105031781,-0.414693534,-1.931450009,0.729175925,-0.498266876,0.104890354,0.457198679,-0.268068731,-0.377657622,-1.838886738,0.757315218,-0.553308189,-0.144352481,-0.315414250
1009,758750,129105,viewpoint,right,0.728542566,1.377421618,-2.081344128,-0.120206751,0.647151768,0.259101838,0.706831753,,,,,,,,-0.108364470,-0.416749686,-1.934901357,0.724922419,-0.505763769,0.131960943,0.448638797,-0.267426968,-0.376737058,-1.831036806,0.760731399,-0.548355222,-0.158748314,-0.308858007
1010,758917,129272,viewpoint,right,0.729134560,1.377890825,-2.081703186,-0.119532935,0.647319436,0.259529412,0.706635654,-0.181014419,-0.342167497,-2.048311949,0.692994058,-0.447111100,0.184196711,0.534717262,-0.109553084,-0.418227166,-1.936934471,0.724932671,-0.509342313,0.113517277,0.449618518,-0.267018229,-0.376108140,-1.823964953,0.765085101,-0.548252165,-0.154209509,-0.300472677
1011,759070,129425,viewpoint,right,0.729744911,1.378335834,-2.082122326,-0.118854798,0.648065031,0.259591609,0.706043482,-0.162863493,-0.302012861,-1.793719649,0.729461849,-0.517200887,-0.144868508,-0.423558444,-0.106217057,-0.418184429,-1.924283385,0.725009143,-0.506914914,0.122969463,0.449752718,,,,,,,
1012,759237,129592,viewpoint,right,0.730202198,1.378673434,-2.082398415,-0.118462034,0.649054766,0.259331107,0.705295682,,,,,,,,-0.104595870,-0.423055857,-1.939995527,0.722768486,-0.513184726,0.117812090,0.447624266,,,,,,,
1013,759403,129758,viewpoint,right,0.730719566,1.379189730,-2.082853317,-0.117951177,0.649424613,0.258666992,0.705284715,-0.174892277,-0.349559098,-2.048086643,0.682216108,-0.453284025,0.192074552,0.540575743,-0.102651082,-0.424491704,-1.931200624,0.721094728,-0.510165930,0.140382722,0.447264850,-0.275712967,-0.397003710,-1.914989233,0.764836371,-0.545563400,-0.197893694,-0.279685587
1014,759557,129912,viewpoint,right,0.731064081,1.379653573,-2.082955360,-0.117178366,0.649092197,0.258203238,0.705889285,-0.178620577,-0.354556203,-2.048991919,0.687026680,-0.449802548,0.178314507,0.542103231,-0.106122315,-0.427971005,-1.928842187,0.726595104,-0.506230295,0.121025011,0.448490202,-0.281197697,-0.405928880,-1.930326462,0.778788984,-0.544252753,-0.151313007,-0.272728950
1015,759709,130064,viewpoint,right,0.731122255,1.379872084,-2.083139896,-0.116915040,0.648679197,0.257925570,0.706413925,,,,,,,,-0.109005399,-0.430156320,-1.931943893,0.723001897,-0.511056304,0.108928591,0.451911777,-0.265308261,-0.384594202,-1.811126828,0.759938538,-0.550541878,-0.149607822,-0.311471730
1016,759863,130218,viewpoint,right,0.731408119,1.379892111,-2.082997322,-0.116495654,0.648865998,0.258003533,0.706283212,-0.179239318,-0.354932487,-2.035215855,0.678861022,-0.447543591,0.197748959,0.547492325,-0.108759619,-0.429122090,-1.913697481,0.791351497,-0.545245290,-0.019994870,-0.275809228,-0.252941370,-0.368443191,-1.737122893,0.693475068,-0.448489517,0.172673687,0.536780477
1017,760029,130384,viewpoint,right,0.732125759,1.380086184,-2.082607269,-0.115478419,0.649411559,0.257658303,0.706074774,,,,,,,,-0.108136080,-0.435320914,-1.938827515,0.722303689,-0.506662130,0.133114859,0.451499015,-0.268629611,-0.394052386,-1.838790774,0.764560997,-0.553154111,-0.139462233,-0.300028890
1018,760179,130534,viewpoint,right,0.732539892,1.380120516,-2.082204342,-0.115148440,0.649459839,0.257695466,0.706070662,,,,,,,,-0.108521692,-0.435290694,-1.938562393,0.723412752,-0.505945563,0.131618664,0.450965315,,,,,,,
1019,760347,130702,viewpoint,right,0.732447147,1.379601002,-2.082213402,-0.115789287,0.649064660,0.258157879,0.706160367,-0.178730562,-0.356224775,-2.037113428,0.680137157,-0.450296819,0.189302564,0.546635926,-0.107539013,-0.430660307,-1.924708009,0.718899965,-0.506466269,0.132736981,0.457226008,,,,,,,
1020,760500,130855,viewpoint,right,0.732098818,1.378976226,-2.081677914,-0.116078787,0.648828983,0.259007454,0.706018329,-0.179602996,-0.352459311,-2.047940493,0.688892663,-0.449062675,0.181165859,0.539396346,-0.107725419,-0.426158577,-1.925272822,0.718298793,-0.507669628,0.134914786,0.456197768,-0.254195213,-0.368239462,-1.751355052,0.703079045,-0.450912952,0.162116781,0.525428772
1021,760652,131007,viewpoint,right,0.732063532,1.378640652,-2.081039429,-0.116137102,0.648932278,0.259173483,0.705852807,-0.178361326,-0.353121638,-2.050457954,0.681428790,-0.444738984,0.188808680,0.549739361,-0.106982738,-0.424789995,-1.925481200,0.715819538,-0.510675490,0.132158339,0.457544774,-0.261777461,-0.379617989,-1.804410934,0.756578088,-0.552912593,-0.165982053,-0.307127327
1022,760820,131175,viewpoint,right,0.731845856,1.378420234,-2.080484390,-0.116190828,0.649043620,0.259353936,0.705675304,-0.177720338,-0.353017211,-2.058713913,0.693190277,-0.448861271,0.182303131,0.533644378,-0.104811899,-0.422284067,-1.904441833,0.791531563,-0.545063257,-0.017922783,-0.275794655,-0.261095583,-0.379929543,-1.808878422,0.760021091,-0.548879266,-0.147222549,-0.315317303
1023,760972,131327,viewpoint,right,0.731326103,1.378128290,-2.080112934,-0.116691485,0.649549067,0.259401828,0.705109775,-0.173597589,-0.350691468,-2.051260471,0.686984718,-0.455332905,0.187748954,0.534297943,-0.102408037,-0.426223993,-1.938757539,0.723132968,-0.510164857,0.136586562,0.445145607,-0.264887631,-0.387087017,-1.848114371,0.766055763,-0.552211702,-0.131099641,-0.301717997
1024,761140,131495,viewpoint,right,0.730407476,1.377644062,-2.079835892,-0.117048129,0.649762511,0.260186374,0.704564750,-0.168310478,-0.342489928,-2.016756773,0.674110830,-0.453659415,0.203613892,0.546176791,-0.099355854,-0.419483006,-1.919548035,0.718303561,-0.510159135,0.130564421,0.454676390,,,,,,,
1025,761293,131648,viewpoint,right,0.729414701,1.377218008,-2.079654217,-0.117391184,0.649832070,0.260825723,0.704207063,-0.167984888,-0.343423486,-2.035555840,0.679760993,-0.456542671,0.195905119,0.539550781,-0.098406598,-0.419456542,-1.929858208,0.723332226,-0.509574175,0.127330527,0.448231697,,,,,,,
1026,761445,131800,viewpoint,right,0.728593588,1.376928449,-2.079107285,-0.117764749,0.650378883,0.261454016,0.703406394,-0.165566295,-0.342671633,-2.045828819,0.678423643,-0.450608134,0.198217183,0.545347214,-0.094466895,-0.414767683,-1.916334987,0.717130482,-0.511222363,0.131255150,0.455134809,-0.250087649,-0.371013075,-1.803307176,0.761894822,-0.545190513,-0.160474569,-0.310695291
1027,761612,131967,viewpoint,right,0.727880001,1.376895308,-2.078627586,-0.118086539,0.651212692,0.261374682,0.702610016,-0.160486475,-0.344192028,-2.051946402,0.681367993,-0.449548006,0.192203179,0.544703722,-0.089719251,-0.415025175,-1.916651607,0.716733932,-0.512152314,0.132218316,0.454434663,-0.244481415,-0.366905421,-1.791860461,0.688543856,-0.464199483,0.189790174,0.523837686
1028,761764,132119,viewpoint,right,0.726984739,1.376939058,-2.077960491,-0.118169703,0.651784062,0.261701763,0.701944113,,,,,,,,-0.086075440,-0.414762169,-1.917677522,0.717104554,-0.513233602,0.128528267,0.453687966,-0.250217497,-0.378788948,-1.862163305,0.690226555,-0.487667263,0.151933178,0.512527347
1029,761932,132287,viewpoint,right,0.726233482,1.376951575,-2.077599525,-0.118050762,0.652387917,0.262206763,0.701214433,-0.153479308,-0.339006484,-2.034425735,0.688713133,-0.452518046,0.176226243,0.538373530,-0.083713919,-0.412591875,-1.901841521,0.784088612,-0.549408495,-0.035045691,-0.286578387,-0.240553036,-0.370292157,-1.806051850,0.762810588,-0.546174943,-0.134782329,-0.318820834
1030,762097,132452,viewpoint,right,0.725499153,1.376789451,-2.077574253,-0.118294567,0.652631760,0.262969196,0.700660706,-0.151625484,-0.338350475,-2.041472673,0.681048036,-0.456262708,0.190637335,0.540051401,-0.081603229,-0.414280683,-1.927496195,0.724189639,-0.510538876,0.127159283,0.445791334,-0.244259730,-0.375748158,-1.846103907,0.763278961,-0.544604540,-0.157373935,-0.309910655
1031,762265,132620,viewpoint,right,0.725050211,1.377078772,-2.077942848,-0.117871575,0.652963758,0.262812257,0.700481534,-0.151024520,-0.339350760,-2.038640499,0.684152007,-0.458558351,0.188413367,0.534940004,-0.081222296,-0.413435936,-1.912890315,0.715625286,-0.515332282,0.131081805,0.452913582,-0.242155269,-0.374990910,-1.825819492,0.758267283,-0.551088452,-0.143197626,-0.317532122
1032,762417,132772,viewpoint,right,0.724175215,1.377203941,-2.078407764,-0.117832966,0.652592897,0.263090283,0.700729191,-0.144983634,-0.305852264,-1.844692588,0.670836985,-0.450007379,0.168065354,0.565000176,-0.083998218,-0.409898341,-1.897415280,0.711029708,-0.518017292,0.105087832,0.463736475,-0.240906000,-0.369723260,-1.803971767,0.763705671,-0.549799860,-0.137031287,-0.309348106
1033,762583,132938,viewpoint,right,0.723971605,1.377382040,-2.078484535,-0.117793605,0.652855039,0.263281286,0.700419784,-0.144348979,-0.304829985,-1.838445663,0.670269012,-0.448734552,0.167305127,0.566908956,-0.083623797,-0.412990689,-1.917355537,0.714163005,-0.515675545,0.137660563,0.452879101,-0.241372421,-0.370782286,-1.809337616,0.765457928,-0.548988044,-0.133693844,-0.307916135
1034,762736,133091,viewpoint,right,0.723479271,1.377587438,-2.078645229,-0.117566459,0.653266370,0.263297349,0.700068414,-0.149123460,-0.339054406,-2.022953510,0.672327161,-0.462091058,0.205604956,0.540531814,-0.081029445,-0.415656924,-1.917823553,0.719913721,-0.511941731,0.122614086,0.452333629,-0.238909408,-0.368271053,-1.810945749,0.688089788,-0.482880116,0.160478428,0.517306507
1035,762903,133258,viewpoint,right,0.722930908,1.377620220,-2.078695297,-0.117527641,0.653385222,0.263326705,0.699952900,-0.151669592,-0.342543483,-2.050349474,0.689250231,-0.456405401,0.181365058,0.532667875,-0.081123658,-0.415386856,-1.916933417,0.718431115,-0.513595700,0.129209951,0.450977802,-0.236046299,-0.365767658,-1.783308983,0.762427628,-0.545793295,-0.142493993,-0.317031890
1036,763070,133425,viewpoint,right,0.722339153,1.377361298,-2.078408241,-0.117713526,0.653454542,0.263716310,0.699710250,-0.140880957,-0.306416541,-1.846342921,0.672479689,-0.451211810,0.164260551,0.563202918,-0.080234729,-0.415325165,-1.922079444,0.714391887,-0.517199397,0.134277672,0.451794833,-0.243806586,-0.378555089,-1.844760776,0.758601665,-0.552032113,-0.137393773,-0.317658722
1037,763223,133578,viewpoint,right,0.722394228,1.377140880,-2.077658176,-0.116944715,0.654024839,0.264135569,0.699147940,-0.148311779,-0.340758651,-2.044033289,0.688487589,-0.453667283,0.170346588,0.539585948,-0.077073939,-0.417404681,-1.925324798,0.722406387,-0.511849642,0.114516705,0.450582892,-0.237525865,-0.371981204,-1.815001130,0.762906849,-0.550329745,-0.136912972,-0.310427427
1038,763390,133745,viewpoint,right,0.722684383,1.377221465,-2.076924801,-0.116362855,0.654468298,0.264622867,0.698645651,-0.144091725,-0.340901136,-2.031836033,0.676577628,-0.462369680,0.197066650,0.538165152,-0.076585919,-0.420329154,-1.936471462,0.724558771,-0.514036059,0.127953395,0.440918863,-0.232126310,-0.363932014,-1.785247803,0.689830363,-0.470345080,0.168060184,0.524085104
1039,763555,133910,viewpoint,right,0.723557472,1.377201080,-2.076388359,-0.115756266,0.655720592,0.264869511,0.697477698,-0.138939232,-0.343977094,-2.044728518,0.681855500,-0.460452139,0.190633908,0.535458446,-0.073092915,-0.422910213,-1.933483839,0.787300050,-0.552749276,-0.012293589,-0.272902548,-0.215861335,-0.349433541,-1.707594752,0.688148618,-0.463134050,0.179605454,0.528867006
1040,763708,134063,viewpoint,right,0.724699497,1.377295852,-2.076407909,-0.115430675,0.655327976,0.264890283,0.697892666,,,,,,,,-0.074073419,-0.416312814,-1.901231766,0.788063109,-0.547411859,-0.013946758,-0.281251252,-0.237337828,-0.379636616,-1.845528126,0.758695543,-0.556778312,-0.118262373,-0.316848636
1041,763875,134230,viewpoint,right,0.725571394,1.377327919,-2.076542377,-0.114676654,0.654739916,0.265172511,0.698461533,-0.148618907,-0.345613867,-2.058851719,0.690009475,-0.456438929,0.174004555,0.534109354,-0.081209570,-0.426495194,-1.949485779,0.787679553,-0.554134786,-0.005519181,-0.269193441,,,,,,,
1042,764042,134397,viewpoint,right,0.725831270,1.377271295,-2.077025890,-0.115040228,0.653882027,0.265332133,0.699144423,-0.151325017,-0.340581685,-2.043237925,0.685855567,-0.460562497,0.181745321,0.533341408,-0.082387306,-0.417050242,-1.927444100,0.716644824,-0.515245080,0.133721054,0.450623333,-0.242463127,-0.375773102,-1.829125404,0.759129286,-0.550780237,-0.142772466,-0.316196024
1043,764196,134551,viewpoint,right,0.725822687,1.376477957,-2.076873302,-0.116432101,0.654153347,0.265920937,0.698436141,-0.147278368,-0.335190117,-2.045828819,0.684216142,-0.460518003,0.185982078,0.534024358,-0.077990934,-0.407262444,-1.904090047,0.714415610,-0.523543298,0.099952124,0.453345746,-0.242007464,-0.375184417,-1.861455441,0.750041068,-0.572779894,-0.077051215,-0.321597159
1044,764375,134730,viewpoint,right,0.726189613,1.376379132,-2.076339722,-0.116901457,0.654614568,0.265130252,0.698226154,-0.145855114,-0.335520476,-2.050806284,0.694280863,-0.454024047,0.160510778,0.534857512,-0.075223923,-0.412521839,-1.932927847,0.716312230,-0.517429948,0.135456666,0.448123336,-0.252101183,-0.393657655,-1.958433390,0.779469788,-0.544025660,-0.147640541,-0.273249328
1045,764529,134884,viewpoint,right,0.726685047,1.376315594,-2.074664116,-0.116451889,0.655496597,0.265522182,0.697324276,,,,,,,,-0.068409622,-0.412751347,-1.927587748,0.718745828,-0.514003336,0.120077617,0.452533305,-0.241706401,-0.386558920,-1.922809958,0.779017806,-0.537947416,-0.150546297,-0.284745008
1046,764695,135050,viewpoint,right,0.727108955,1.376215696,-2.073285103,-0.115905680,0.656232059,0.266254365,0.696443796,-0.133048862,-0.333923578,-2.037305593,0.680141807,-0.464367092,0.188181534,0.535124362,-0.064859897,-0.413272083,-1.931887150,0.717665374,-0.517604768,0.129754305,0.447443366,-0.226038098,-0.369693786,-1.832984567,0.759571552,-0.549591720,-0.134196788,-0.320922524
1047,764862,135217,viewpoint,right,0.727877140,1.376167059,-2.072348595,-0.115436360,0.656855404,0.267024189,0.695638955,-0.129118517,-0.335585952,-2.045140266,0.675173223,-0.465873241,0.199392512,0.536046505,-0.063819274,-0.411040068,-1.928447485,0.718581080,-0.518967032,0.116832674,0.447956026,-0.224199057,-0.369455427,-1.836944938,0.757068574,-0.554123938,-0.115385503,-0.326312840
1048,765014,135369,viewpoint,right,0.728603363,1.376543641,-2.072882652,-0.115309402,0.656687081,0.266225040,0.696125090,,,,,,,,-0.064355768,-0.416154444,-1.942369938,0.721274793,-0.514322460,0.120702840,0.447957546,-0.238154784,-0.387948513,-1.931822181,0.777987480,-0.540281296,-0.146987721,-0.285002202
1049,765179,135534,viewpoint,right,0.728689909,1.376449466,-2.073912621,-0.115705647,0.655437768,0.266678333,0.697062671,,,,,,,,-0.070788741,-0.412023336,-1.939904332,0.721390307,-0.516896009,0.123735994,0.443963945,,,,,,,
1050,765348,135703,viewpoint,right,0.728406668,1.376179218,-2.075160980,-0.116681449,0.654439688,0.266805053,0.697788775,-0.142449021,-0.331859082,-2.051482677,0.678074837,-0.463124901,0.195857853,0.536068618,-0.076943301,-0.413540006,-1.950642943,0.790036619,-0.548858821,0.001090215,-0.273120880,-0.226160213,-0.347986907,-1.761054277,0.689910948,-0.468304098,0.174487889,0.523706198
1051,765513,135868,viewpoint,right,0.727887630,1.376010656,-2.075888634,-0.117253490,0.654273212,0.266787201,0.697855830,-0.141524911,-0.325708836,-2.022194862,0.670395136,-0.465025157,0.204621002,0.540788531,-0.075164340,-0.408043474,-1.943284512,0.722939849,-0.517660022,0.122376658,0.440919548,-0.233489931,-0.359867394,-1.815499425,0.762566924,-0.548636198,-0.138574988,-0.313507706
1052,765679,136034,viewpoint,right,0.727209330,1.376134396,-2.076159954,-0.117335349,0.655119419,0.266425729,0.697185993,-0.139080793,-0.331502616,-2.053753853,0.687850654,-0.460692465,0.179080635,0.531558156,-0.071623132,-0.406095028,-1.928248644,0.715174675,-0.520487309,0.135859713,0.446273804,-0.222608492,-0.350788563,-1.766997814,0.759063363,-0.540530503,-0.145547256,-0.332363695
1053,765848,136203,viewpoint,right,0.726248980,1.376109600,-2.076432228,-0.117651634,0.655533314,0.266305655,0.696789443,-0.137523636,-0.331390738,-2.050019979,0.685506880,-0.460377127,0.181665033,0.533976614,-0.068649776,-0.405738145,-1.922386050,0.721522510,-0.517112076,0.117996484,0.445058674,-0.231616393,-0.365539581,-1.838669658,0.740060925,-0.581168771,-0.098293535,-0.323869050
1054,766014,136369,viewpoint,right,0.725159168,1.376026988,-2.076523304,-0.117954426,0.655594170,0.266458273,0.696622670,,,,,,,,-0.068719238,-0.408897728,-1.928493619,0.788194299,-0.548403919,-0.008891702,-0.279148430,-0.210982814,-0.333719105,-1.690229058,0.681089044,-0.462361157,0.192300186,0.534191549
1055,766167,136522,viewpoint,right,0.724324942,1.375807643,-2.076620579,-0.118401185,0.655524433,0.266892284,0.696446240,-0.128715187,-0.294187963,-1.847828627,0.672667205,-0.455118060,0.165757522,0.559384286,-0.067724057,-0.403625518,-1.927750349,0.715095699,-0.521127224,0.130644813,0.447209746,-0.231950939,-0.366679639,-1.855470300,0.771431208,-0.545529306,-0.114877835,-0.306748748
1056,766334,136689,viewpoint,right,0.723700523,1.375714779,-2.077060223,-0.118757658,0.655331016,0.266577691,0.696687996,-0.137399644,-0.326917559,-2.045655251,0.687656939,-0.461257368,0.182715058,0.530080020,-0.068056621,-0.403798789,-1.925474286,0.720762253,-0.515214801,0.119839996,0.447988719,,,,,,,
1057,766500,136855,viewpoint,right,0.723723412,1.375767708,-2.076701164,-0.118399248,0.655476570,0.266663969,0.696579099,,,,,,,,-0.068677545,-0.408506870,-1.939128041,0.721997082,-0.521558523,0.114612132,0.439955771,-0.217659071,-0.344255209,-1.742165804,0.696039081,-0.463500619,0.166051418,0.522612453
1058,766667,137022,viewpoint,right,0.723596573,1.376052380,-2.076434612,-0.117583983,0.655885637,0.266547263,0.696376801,-0.128394738,-0.302896559,-1.859105229,0.738305509,-0.506204605,-0.152700529,-0.418741494,-0.067725815,-0.409225464,-1.934376001,0.715081453,-0.521859586,0.133642167,0.445489407,,,,,,,
1059,766820,137175,viewpoint,right,0.723378658,1.375889778,-2.076116562,-0.117465243,0.656132758,0.267002314,0.695989609,-0.132821947,-0.332254887,-2.052498817,0.682326972,-0.459556192,0.185223088,0.537522435,-0.066327311,-0.407827854,-1.931995630,0.712215424,-0.521143019,0.149226800,0.445971459,-0.231007740,-0.370810837,-1.863402843,0.759226382,-0.553189874,-0.116642579,-0.322414011
1060,766986,137341,viewpoint,right,0.723489285,1.375917673,-2.075837135,-0.117594786,0.656370640,0.267168581,0.695679545,-0.133226767,-0.331853271,-2.057120800,0.691629589,-0.462384582,0.176914334,0.525880516,-0.064900413,-0.405000806,-1.919679284,0.718983173,-0.519189239,0.126939669,0.444288254,-0.230046377,-0.369537324,-1.859048963,0.758187294,-0.557313681,-0.117209174,-0.317514598
1061,767154,137509,viewpoint,right,0.723802805,1.375685811,-2.075299263,-0.116796464,0.656448424,0.267518967,0.695605993,-0.132980049,-0.329683572,-2.041609764,0.680648029,-0.465594858,0.193095565,0.531651974,-0.065240435,-0.407609344,-1.928656816,0.716840684,-0.519750297,0.135518447,0.444560319,-0.227254584,-0.367375731,-1.851611376,0.756218195,-0.561758399,-0.105314195,-0.318544328
1062,767320,137675,viewpoint,right,0.724002838,1.375337839,-2.074304104,-0.116163135,0.656587541,0.268860042,0.695063412,-0.132770211,-0.328705221,-2.044909477,0.676315308,-0.461853951,0.183744103,0.543623626,-0.064431913,-0.403171241,-1.902866364,0.787987888,-0.543879807,-0.000444139,-0.288564801,-0.227045521,-0.366035432,-1.845221281,0.759606183,-0.548847198,-0.134755671,-0.321879089
1063,767486,137841,viewpoint,right,0.724701881,1.375024080,-2.073643684,-0.115648687,0.656627893,0.270004660,0.694667339,-0.133239880,-0.326535046,-2.052659750,0.690634370,-0.463740736,0.174841970,0.526686847,-0.064928889,-0.403288543,-1.928007483,0.716419101,-0.521328270,0.132539138,0.444290280,-0.230019137,-0.365264148,-1.859185100,0.758525550,-0.556821108,-0.117706932,-0.317386687
1064,767651,138006,viewpoint,right,0.725457668,1.375093699,-2.073506832,-0.115400590,0.657008350,0.269635558,0.694492221,-0.130594596,-0.325831801,-2.038270950,0.684379399,-0.466756016,0.177673429,0.531221032,-0.064277381,-0.406621188,-1.937307715,0.714785397,-0.527425706,0.115798071,0.444403797,-0.224749282,-0.357601821,-1.821796894,0.748754859,-0.561207652,-0.138006851,-0.324601591
1065,767806,138161,viewpoint,right,0.726112366,1.374761105,-2.073122501,-0.115904845,0.656533062,0.270012319,0.694711328,,,,,,,,-0.064248614,-0.402712554,-1.920055389,0.788300335,-0.546211958,-0.005540090,-0.283203840,-0.221160352,-0.357811213,-1.819603324,0.772718251,-0.530916691,-0.107251577,-0.330954731
1066,767971,138326,viewpoint,right,0.726584673,1.374554396,-2.072425842,-0.115754530,0.657092869,0.270504624,0.694015265,,,,,,,,-0.060675137,-0.398714423,-1.920893788,0.711492300,-0.526474237,0.123402007,0.448748827,-0.220467374,-0.353912055,-1.821689725,0.756685555,-0.553857684,-0.123806573,-0.324562073
1067,768137,138492,viewpoint,right,0.727655172,1.374760389,-2.071789742,-0.115237318,0.657823563,0.270188987,0.693531871,-0.125191987,-0.327058047,-2.057958603,0.679154098,-0.465560198,0.191363007,0.534213126,-0.058335982,-0.402447224,-1.929373264,0.714066386,-0.525110960,0.131410420,0.443958253,,,,,,,
1068,768306,138661,viewpoint,right,0.728404284,1.374985933,-2.071391582,-0.114904240,0.657794654,0.270239443,0.693594933,-0.125273883,-0.326957345,-2.054775238,0.689618647,-0.464108050,0.174472779,0.527815461,-0.058776818,-0.404588491,-1.935655951,0.713709891,-0.525671482,0.128910065,0.444600791,-0.220750242,-0.362364531,-1.843003750,0.756768107,-0.558021724,-0.120159984,-0.318551928
1069,768473,138828,viewpoint,right,0.728915930,1.375279546,-2.071250916,-0.113657445,0.657526612,0.270638525,0.693898797,-0.129075572,-0.328928322,-2.048451900,0.673252344,-0.467288315,0.187301859,0.541563511,-0.062172160,-0.405050039,-1.927255034,0.705342412,-0.527685940,0.145441443,0.450429201,-0.230134025,-0.374146670,-1.904966950,0.761439085,-0.566102147,-0.093610011,-0.301622301
1070,768640,138995,viewpoint,right,0.729202271,1.375287414,-2.071367264,-0.113165468,0.657224238,0.271076441,0.694094718,-0.129996419,-0.327074409,-2.034434795,0.664651632,-0.474642605,0.206685886,0.538733363,-0.064603448,-0.401999205,-1.901240945,0.782032728,-0.549979210,-0.008422500,-0.293047339,-0.224556327,-0.356024384,-1.815602303,0.746211350,-0.562909484,-0.141400769,-0.326048225
1071,768793,139148,viewpoint,right,0.729559898,1.375407219,-2.071496010,-0.113193817,0.657375753,0.270834833,0.694040895,-0.130771324,-0.331087500,-2.060005903,0.675537467,-0.470367551,0.185323328,0.536711097,-0.063040182,-0.404156506,-1.919598818,0.715198934,-0.523165882,0.118723869,0.447987318,-0.225449011,-0.358904809,-1.828617692,0.749171734,-0.560831368,-0.137259245,-0.324607104
1072,768960,139315,viewpoint,right,0.729640007,1.375513196,-2.071280003,-0.113310359,0.657794356,0.270130634,0.693899691,-0.128079563,-0.332456887,-2.056226730,0.685747981,-0.461280942,0.175843641,0.534835219,-0.061761729,-0.407432377,-1.932619095,0.706540644,-0.523405433,0.154768080,0.450437486,-0.216534153,-0.354506284,-1.796007395,0.698883772,-0.473771334,0.157820240,0.512049854
1073,769126,139481,viewpoint,right,0.729495525,1.375536680,-2.070282459,-0.113060564,0.658031702,0.270434439,0.693596959,-0.127221525,-0.334210843,-2.069374084,0.685644567,-0.458518475,0.169537872,0.539360106,-0.059930600,-0.408502340,-1.933821559,0.714929819,-0.522715926,0.133474797,0.444778532,,,,,,,
1074,769291,139646,viewpoint,right,0.728650093,1.375193000,-2.069388866,-0.113048755,0.658649921,0.270926028,0.692819893,-0.121404223,-0.328490615,-2.046073914,0.684324920,-0.466137260,0.169773787,0.534408391,-0.055290394,-0.406499207,-1.927354693,0.719060481,-0.521732092,0.112425715,0.445093364,-0.211227030,-0.351308703,-1.784536123,0.747646928,-0.555839360,-0.145849854,-0.332858175
1075,769460,139815,viewpoint,right,0.727888584,1.374395251,-2.068798065,-0.114060968,0.658922374,0.271818131,0.692045033,,,,,,,,-0.051081154,-0.402942449,-1.931958675,0.720456719,-0.520288408,0.115505978,0.443734735,-0.213149458,-0.354180634,-1.826061368,0.748464286,-0.559248507,-0.137214854,-0.328959674
1076,769625,139980,viewpoint,right,0.727328062,1.374490499,-2.069208145,-0.115026064,0.659531951,0.270831645,0.691691279,,,,,,,,-0.047802247,-0.403292507,-1.931253314,0.716916561,-0.523602188,0.132174447,0.440909654,-0.198981360,-0.341838449,-1.754152656,0.700442433,-0.470481962,0.159416512,0.512458265
1077,769791,140146,viewpoint,right,0.726705790,1.374312043,-2.069615364,-0.115538187,0.658750474,0.271289080,0.692171216,-0.117908426,-0.321624726,-2.044750929,0.684155464,-0.465381265,0.176540360,0.533090115,-0.051557582,-0.401498467,-1.941149235,0.717551112,-0.522233844,0.135876969,0.440374464,-0.211619928,-0.352545321,-1.818137527,0.744503558,-0.562671125,-0.140165970,-0.330861241
1078,769944,140299,viewpoint,right,0.725885153,1.373909116,-2.069368839,-0.115073703,0.658744037,0.272660404,0.691715777,,,,,,,,-0.051227119,-0.394103795,-1.902177811,0.785128474,-0.544093072,-0.000402949,-0.295864582,-0.212690651,-0.350915462,-1.827855587,0.756465137,-0.553860903,-0.123094961,-0.325340360
1079,770125,140480,viewpoint,right,0.725485325,1.373625755,-2.069603443,-0.114897966,0.658882380,0.273789674,0.691166937,-0.118487559,-0.316151977,-2.048392773,0.691208541,-0.465679437,0.161713019,0.528414845,-0.052850567,-0.396115005,-1.941993356,0.708908200,-0.525060833,0.156499356,0.444148898,,,,,,,
1080,770279,140634,viewpoint,right,0.725638628,1.373688102,-2.070229053,-0.115207396,0.659266531,0.273599088,0.690824449,-0.114438228,-0.317410529,-2.047196865,0.678809881,-0.470179290,0.196059063,0.528875589,-0.049843181,-0.397578716,-1.943418384,0.714094281,-0.528460324,0.134509593,0.438983232,,,,,,,
1081,770445,140800,viewpoint,right,0.725622892,1.373826742,-2.070508480,-0.115012594,0.659494579,0.273604125,0.690637290,-0.115229338,-0.316910088,-2.048407078,0.680900693,-0.468411803,0.188605115,0.530464590,-0.049691260,-0.397975415,-1.944326520,0.712529123,-0.529085040,0.139165044,0.439322650,-0.209865689,-0.350443870,-1.830858946,0.761960447,-0.547115922,-0.140254870,-0.316873878
1082,770611,140966,viewpoint,right,0.726006269,1.374025226,-2.070875645,-0.114879161,0.659776092,0.273629725,0.690380394,-0.114787810,-0.316868007,-2.045336008,0.680411994,-0.469852895,0.183585137,0.531577170,-0.049219497,-0.397272497,-1.939689040,0.710132122,-0.529333234,0.143873364,0.441383243,-0.213818818,-0.357631773,-1.863750219,0.758481979,-0.558248818,-0.118147232,-0.314808846
1083,770776,141131,viewpoint,right,0.726484537,1.374193072,-2.071471691,-0.114849426,0.660017967,0.273368746,0.690257549,-0.114290737,-0.316994548,-2.044451237,0.679443657,-0.471292347,0.178367019,0.533315182,-0.048482873,-0.391829669,-1.897962451,0.773707867,-0.556585371,-0.027968774,-0.301341414,-0.208241478,-0.349665940,-1.822356820,0.754328847,-0.557267547,-0.127123773,-0.322924852
1084,770944,141299,viewpoint,right,0.726948261,1.374419928,-2.071906090,-0.114989929,0.660658538,0.272447944,0.689985335,-0.104837812,-0.289823234,-1.850017905,0.723744273,-0.516940355,-0.135409147,-0.436613351,-0.045656238,-0.399638295,-1.935722947,0.713313758,-0.529765189,0.134350270,0.438728154,-0.205904037,-0.350510538,-1.834581852,0.669240654,-0.500446677,0.171159089,0.521895230
1085,771111,141466,viewpoint,right,0.727181673,1.374373198,-2.071770191,-0.114913359,0.660218537,0.272869438,0.690252602,-0.110437989,-0.316898763,-2.024971724,0.663352489,-0.478208899,0.207915783,0.536703587,-0.046820231,-0.394824713,-1.906372309,0.785192132,-0.543292761,0.004486762,-0.297129959,-0.207921788,-0.347219616,-1.813537955,0.743928969,-0.562615097,-0.143936709,-0.330629915
1086,771278,141633,viewpoint,right,0.727252007,1.374461412,-2.071346283,-0.114318877,0.660152912,0.272860438,0.690417647,-0.113474019,-0.321947664,-2.048481941,0.672368765,-0.470592767,0.205227450,0.533239484,-0.049603298,-0.400025189,-1.936236501,0.711203992,-0.529460251,0.138870850,0.441107333,-0.212994471,-0.359836549,-1.861163139,0.771780193,-0.541434169,-0.119564034,-0.311301827
1087,771445,141800,viewpoint,right,0.726934671,1.374543309,-2.071103573,-0.113707662,0.659803748,0.273309380,0.690674663,-0.116402768,-0.324119449,-2.060153961,0.683121622,-0.471000910,0.181474492,0.527797341,-0.051582366,-0.403393537,-1.951013565,0.716752291,-0.525133431,0.140571296,0.436738729,-0.218471676,-0.366792142,-1.889127016,0.755829096,-0.562776387,-0.117575511,-0.313338697
1088,771610,141965,viewpoint,right,0.726941347,1.374652505,-2.070689678,-0.113679364,0.660351813,0.273046613,0.690259397,,,,,,,,-0.048966341,-0.400752902,-1.930683851,0.707445383,-0.531514764,0.137630552,0.445051610,-0.220302179,-0.371265888,-1.927501559,0.762251139,-0.549545228,-0.175640434,-0.293468386
1089,771765,142120,viewpoint,right,0.727197409,1.374564052,-2.070706367,-0.113592654,0.659216046,0.273259282,0.691274405,-0.118545450,-0.322267473,-2.046627522,0.670780838,-0.473555773,0.204534456,0.532882512,-0.054060400,-0.401757956,-1.941836953,0.710739255,-0.528596103,0.140342772,0.442424983,-0.228638411,-0.377722204,-1.958182693,0.767209411,-0.554283619,-0.147985712,-0.286809325
1090,771933,142288,viewpoint,right,0.727591753,1.374601126,-2.070241451,-0.113220192,0.659780681,0.273129553,0.690847933,-0.114935346,-0.322462082,-2.037955523,0.666422904,-0.475515634,0.202467248,0.537375450,-0.049514964,-0.400622576,-1.926892161,0.714041829,-0.527311981,0.113829821,0.446238905,-0.212265074,-0.358217180,-1.843822837,0.756673157,-0.552496552,-0.115508221,-0.329926044
1091,772096,142451,viewpoint,right,0.728096724,1.374706984,-2.069657803,-0.112955734,0.660347223,0.273129880,0.690349698,,,,,,,,-0.046892703,-0.402440876,-1.932317376,0.717276156,-0.521625876,0.106792562,0.449462712,-0.207463816,-0.351373136,-1.812024236,0.740829349,-0.564327717,-0.147001818,-0.333311528
1092,772265,142620,viewpoint,right,0.728485346,1.374789596,-2.069434643,-0.113266595,0.659816325,0.272965401,0.690871239,-0.113931015,-0.321813911,-2.031057596,0.663820207,-0.476924479,0.208488747,0.537045836,-0.049266044,-0.401555598,-1.929131627,0.715806663,-0.528116345,0.109276742,0.443590462,-0.212598681,-0.359413594,-1.849219441,0.756184101,-0.553323507,-0.118060224,-0.328756064
1093,772431,142786,viewpoint,right,0.728825808,1.374740601,-2.069065094,-0.112796895,0.660178125,0.273258418,0.690486491,-0.113559715,-0.322777063,-2.039300203,0.667444408,-0.475670874,0.202297673,0.536032557,-0.049344525,-0.401244938,-1.930264592,0.707594395,-0.531846225,0.132600591,0.445944905,-0.223365024,-0.375376433,-1.944874883,0.763508499,-0.554227173,-0.154689804,-0.293186158
1094,772598,142953,viewpoint,right,0.728418350,1.374380350,-2.069430828,-0.113642871,0.659617245,0.273778200,0.690677881,-0.115689173,-0.319445610,-2.047926664,0.673246264,-0.471286327,0.186789155,0.538273573,-0.050053835,-0.397280961,-1.930899501,0.712908268,-0.529375732,0.121300928,0.443631858,-0.212509245,-0.354409158,-1.846104741,0.757018745,-0.551813245,-0.114772946,-0.330532908
1095,772765,143120,viewpoint,right,0.728108883,1.373824716,-2.070201874,-0.114476666,0.659081936,0.273729086,0.691070557,-0.118382469,-0.315905154,-2.045430183,0.680030704,-0.466719627,0.173579559,0.538146138,-0.052866090,-0.394277155,-1.932979941,0.707032144,-0.526186705,0.153655559,0.446792066,-0.213263854,-0.347745746,-1.831107497,0.683099985,-0.483874530,0.161919922,0.522514939
1096,772932,143287,viewpoint,right,0.727750301,1.373535752,-2.070843697,-0.115462869,0.659276664,0.273706228,0.690729737,,,,,,,,-0.050966013,-0.395786762,-1.950498939,0.716407418,-0.531448305,0.113729447,0.437479943,-0.212434292,-0.349256545,-1.840835452,0.753262460,-0.558442175,-0.126263142,-0.323721528
1097,773098,143453,viewpoint,right,0.727807522,1.373394847,-2.071733475,-0.115444601,0.658256114,0.273957729,0.691605866,-0.123525567,-0.317899734,-2.085994005,0.687933803,-0.461244196,0.168550611,0.534407675,-0.055795297,-0.392619848,-1.943466902,0.720254183,-0.521630764,0.121619888,0.440844536,-0.205797985,-0.326757401,-1.745223165,0.690221369,-0.470867813,0.157377690,0.526412666
1098,773265,143620,viewpoint,right,0.727408171,1.372861743,-2.072933674,-0.116735995,0.657297194,0.274500251,0.692085803,-0.126204923,-0.306584686,-2.059885979,0.688802421,-0.467058629,0.163831756,0.529685438,-0.058305379,-0.385019273,-1.933494806,0.717800736,-0.526882887,0.112228438,0.441091001,-0.221117780,-0.339474946,-1.835158348,0.746492267,-0.561375737,-0.141440079,-0.328026414
1099,773417,143772,viewpoint,right,0.727231979,1.372466445,-2.072814941,-0.117261007,0.658464551,0.275099397,0.690648019,-0.117497265,-0.304673910,-2.057906151,0.688297272,-0.469317913,0.183602571,0.521802366,-0.052019291,-0.383384913,-1.940357804,0.718517482,-0.524993956,0.133978754,0.436077654,,,,,,,
1100,773581,143936,viewpoint,right,0.727504969,1.372543573,-2.072373390,-0.117173105,0.659290731,0.274950653,0.689933598,-0.114996910,-0.303793848,-2.047918558,0.682693422,-0.472467601,0.179578826,0.527688920,-0.050450694,-0.388126463,-1.944097638,0.774952471,-0.559339762,-0.014905161,-0.293880224,-0.213353112,-0.344637930,-1.861503482,0.756834626,-0.553635240,-0.119759537,-0.326108962
1101,773750,144105,viewpoint,right,0.728027582,1.373333693,-2.071557522,-0.115190104,0.659626663,0.274757087,0.690023541,-0.115116417,-0.313756198,-2.060703516,0.679659367,-0.470326662,0.191820368,0.529207766,-0.050050668,-0.391118824,-1.935920000,0.715860844,-0.527498126,0.127886444,0.439242542,-0.204986110,-0.337481618,-1.808881402,0.687520266,-0.487068325,0.132484585,0.522042453
1102,773903,144258,viewpoint,right,0.727990150,1.374001384,-2.071269035,-0.113734655,0.659718037,0.274443567,0.690302372,-0.116521873,-0.315145731,-2.035037994,0.680128336,-0.471238017,0.182252139,0.531172812,-0.053126156,-0.399097174,-1.955629110,0.710909486,-0.526917219,0.154876754,0.439293951,,,,,,,
1103,774070,144425,viewpoint,right,0.727624416,1.373984456,-2.071035385,-0.113692164,0.659783483,0.274906218,0.690062642,-0.114481747,-0.314720184,-2.034881353,0.672077179,-0.473419189,0.191983938,0.536030531,-0.051328979,-0.396555603,-1.940248489,0.717168450,-0.525300324,0.130225971,0.439056069,-0.196446031,-0.320152402,-1.695780277,0.682091177,-0.473221630,0.173783988,0.529728293
1104,774236,144591,viewpoint,right,0.727058887,1.374124765,-2.070955753,-0.113525480,0.659555852,0.274603903,0.690427959,-0.119195893,-0.319108427,-2.060307980,0.679930866,-0.469855338,0.178569749,0.533894062,-0.054407071,-0.400178790,-1.940698385,0.773374259,-0.562993169,-0.017069720,-0.290928900,,,,,,,
1105,774404,144759,viewpoint,moving_to_far_front,0.726045132,1.374057651,-2.070437908,-0.112955287,0.659137130,0.275107503,0.690720797,-0.120772034,-0.318087131,-2.042113781,0.669858932,-0.473306209,0.190386862,0.539465606,-0.054412048,-0.396630973,-1.926529408,0.716005743,-0.526577473,0.113020882,0.444160163,-0.216193214,-0.353518844,-1.841381073,0.755562544,-0.552857518,-0.115470603,-0.331874043
1106,774557,144912,viewpoint,moving_to_far_front,0.723701119,1.373930097,-2.069977760,-0.112934820,0.659073591,0.275422037,0.690659463,-0.119033068,-0.317520350,-2.034230232,0.669072509,-0.476589322,0.197030261,0.535148323,-0.054520775,-0.397872627,-1.930222392,0.717837811,-0.526983202,0.115620531,0.440033555,-0.216389194,-0.353560686,-1.842209101,0.756869793,-0.551984668,-0.113296308,-0.331096709
1107,774737,145092,viewpoint,moving_to_far_front,0.721239567,1.373304725,-2.069259644,-0.113414243,0.659357965,0.275832772,0.690145373,-0.117796741,-0.316639572,-2.045361519,0.678308964,-0.469220251,0.176698118,0.537128568,-0.051661409,-0.393409729,-1.903713703,0.780281067,-0.551684320,-0.005298033,-0.294580877,-0.214353815,-0.354000509,-1.838405132,0.751888692,-0.566271484,-0.087200627,-0.326184094
1108,774903,145258,viewpoint,moving_to_far_front,0.718679786,1.372843981,-2.068909168,-0.114415430,0.659609437,0.276127815,0.689621627,-0.111756220,-0.314180017,-2.038004160,0.677202642,-0.472994238,0.181128845,0.533727765,-0.048229016,-0.391287327,-1.914456844,0.704121888,-0.532824397,0.135226995,0.449471086,-0.208210751,-0.345843166,-1.822683215,0.755440593,-0.552422762,-0.123059228,-0.330143988
1109,775057,145412,viewpoint,moving_to_far_front,0.716384053,1.372395754,-2.067844868,-0.114560887,0.660093665,0.276841938,0.688847423,,,,,,,,-0.045133382,-0.394000709,-1.933738351,0.715059698,-0.529190421,0.130041853,0.437876910,-0.203004614,-0.342869103,-1.806792378,0.755669355,-0.549327374,-0.123486824,-0.334595680
1110,775221,145576,viewpoint,moving_to_far_front,0.714383006,1.372132659,-2.067302704,-0.114217639,0.659714043,0.277369857,0.689055681,-0.112548359,-0.314763308,-2.052022934,0.686235547,-0.471106917,0.166069508,0.528734326,-0.047124535,-0.394968092,-1.935602307,0.717982233,-0.527479291,0.127389148,0.435934693,-0.207525074,-0.345951825,-1.822554588,0.750871301,-0.557549894,-0.129020378,-0.329672873
1111,775388,145743,viewpoint,moving_to_far_front,0.712262154,1.371919155,-2.067553520,-0.114107043,0.658403516,0.277900159,0.690112948,,,,,,,,-0.054417022,-0.392483562,-1.924579859,0.715478420,-0.530555487,0.122622304,0.437681794,-0.216054156,-0.347409189,-1.831290722,0.750538468,-0.561971009,-0.131205052,-0.321971744
1112,775557,145912,viewpoint,moving_to_far_front,0.709740520,1.371712089,-2.068512917,-0.114249542,0.655893922,0.278229028,0.692342937,-0.131623536,-0.311583638,-2.032584190,0.672715068,-0.474491656,0.194779873,0.533266306,-0.065752804,-0.389697999,-1.913832664,0.712719142,-0.530143678,0.126657888,0.441516638,-0.228059053,-0.345819175,-1.826308370,0.744317055,-0.566722691,-0.142141551,-0.323439807
1113,775723,146078,viewpoint,moving_to_far_front,0.707533717,1.371371984,-2.068788528,-0.114226744,0.654888988,0.278954595,0.693005800,-0.135522157,-0.309225589,-2.024439096,0.676824093,-0.471403211,0.184156790,0.534578860,-0.072258249,-0.393892348,-1.929249287,0.777448475,-0.560225844,-0.008528811,-0.285741359,,,,,,,
1114,775875,146230,viewpoint,moving_to_far_front,0.704854727,1.370739341,-2.069531918,-0.115580052,0.654778183,0.279458672,0.692682922,-0.130225837,-0.276058078,-1.855574250,0.671466887,-0.466222018,0.154670402,0.554839015,-0.068565570,-0.381102562,-1.891045213,0.709437549,-0.533045292,0.094934396,0.451163620,,,,,,,
1115,776042,146397,viewpoint,moving_to_far_front,0.702099562,1.370220423,-2.070306778,-0.117751695,0.655099452,0.279705912,0.691913247,-0.129905164,-0.297510624,-2.015439749,0.675893545,-0.474075973,0.193678632,0.530008137,-0.064139701,-0.379149377,-1.895838737,0.784550130,-0.546960890,0.005929827,-0.292026818,-0.230251417,-0.342342973,-1.853180051,0.762822747,-0.549127281,-0.104621664,-0.324984610
1116,776209,146564,viewpoint,moving_to_far_front,0.698108792,1.370477796,-2.072909832,-0.120410420,0.655025184,0.277572781,0.692384779,-0.129290611,-0.299715102,-2.023355722,0.692490041,-0.466207176,0.172042802,0.522981524,-0.062457658,-0.378808230,-1.904323220,0.717897654,-0.526114047,0.132763639,0.436120242,-0.227565899,-0.344857126,-1.861838222,0.763348699,-0.560419202,-0.098157547,-0.305931777
1117,776375,146730,viewpoint,moving_to_far_front,0.693759918,1.369223833,-2.076467514,-0.124676235,0.653543174,0.277743518,0.692961514,-0.133078098,-0.289110243,-2.030061722,0.695923388,-0.466107100,0.159693167,0.522429824,-0.065167591,-0.371658474,-1.923203945,0.727503896,-0.521180212,0.115920216,0.430896461,-0.226667494,-0.325425923,-1.804451704,0.740231812,-0.566184640,-0.155236796,-0.327709317
1118,776542,146897,viewpoint,moving_to_far_front,0.688988686,1.369002104,-2.080441475,-0.124555603,0.656624496,0.277673632,0.690092385,-0.121122323,-0.291650593,-2.011327744,0.695852578,-0.466314614,0.163542882,0.521146476,-0.055661615,-0.374287903,-1.895394683,0.786847711,-0.543450654,0.016238345,-0.292007536,-0.222909480,-0.337690502,-1.859758019,0.757076204,-0.551873446,-0.169117734,-0.306056380
1119,776696,147051,viewpoint,moving_to_far_front,0.685441971,1.368305922,-2.086829662,-0.124195486,0.664212227,0.278419316,0.682554245,-0.089097239,-0.296447068,-2.020336628,0.690029502,-0.469015837,0.164580241,0.526114941,-0.024610635,-0.375321835,-1.891539931,0.720474839,-0.530213952,0.111923449,0.432738185,-0.189699560,-0.335655034,-1.823378325,0.759886920,-0.553037465,-0.095141679,-0.328130394
1120,776863,147218,viewpoint,moving_to_far_front,0.680940509,1.370651126,-2.092898846,-0.121632211,0.679301739,0.273998797,0.669835389,-0.024442280,-0.326258034,-2.014520884,0.677394748,-0.486333817,0.191778138,0.517529547,0.033793807,-0.403248042,-1.880676866,0.709641397,-0.541840374,0.144762963,0.426452607,,,,,,,
1121,777013,147368,viewpoint,moving_to_far_front,0.667976141,1.370926142,-2.092343330,-0.117740311,0.696195960,0.273340702,0.653248250,0.055047169,-0.359262437,-2.014302254,0.670715094,-0.500087202,0.204863295,0.508020699,0.107298672,-0.436544657,-1.878394961,0.702427089,-0.554560840,0.159970343,0.416494757,-0.062981442,-0.383521825,-1.791376591,0.747005880,-0.564387083,-0.090167411,-0.339586884
1122,777180,147535,viewpoint,moving_to_far_front,0.638642430,1.371108532,-2.078876019,-0.114265926,0.697480857,0.269187540,0.654218554,0.065474860,-0.396324366,-1.957126021,0.657038629,-0.502950847,0.221193373,0.516153216,0.117186189,-0.476161420,-1.848399997,0.700291514,-0.555260718,0.166856676,0.416456670,-0.053147316,-0.419521391,-1.754971981,0.761550665,-0.557504952,-0.070468768,-0.322897792
1123,777306,147661,viewpoint,moving_to_far_front,0.582290888,1.368847609,-2.048002720,-0.113814108,0.687040031,0.258329213,0.669543445,,,,,,,,0.094063371,-0.533853233,-1.763138056,0.805266857,-0.530053735,0.067752250,-0.256900847,-0.067818314,-0.453767180,-1.597211599,0.670678616,-0.485598981,0.209145248,0.520232797
1124,777445,147800,viewpoint,moving_to_far_front,0.527249813,1.374798536,-2.015109062,-0.114287235,0.679705977,0.231720731,0.686471999,0.044855922,-0.557005882,-1.834103107,0.676577508,-0.457125366,0.206438169,0.539131284,0.106262848,-0.617864132,-1.692283988,0.705105543,-0.523767531,0.111910827,0.464725435,-0.062264685,-0.573134780,-1.624392033,0.813216209,-0.521810591,-0.039652526,-0.254599333
1125,777598,147953,viewpoint,moving_to_far_front,0.469458938,1.389543295,-1.978931308,-0.118659176,0.673039854,0.221751645,0.695531189,0.063317031,-0.610646248,-1.794208407,0.684906960,-0.444432437,0.210613832,0.537609637,0.129291952,-0.671853781,-1.665234923,0.718100011,-0.500925422,0.156828180,0.456958443,-0.040860590,-0.620367706,-1.570394158,0.833383620,-0.504085660,-0.006675093,-0.226549849
1126,777737,148092,viewpoint,moving_to_far_front,0.430987597,1.394270778,-1.952022433,-0.121316776,0.666149735,0.215136647,0.703734994,0.062802784,-0.594412625,-1.620071530,0.668979466,-0.434621632,0.207279533,0.566220582,0.140806213,-0.699728251,-1.616088629,0.720774233,-0.492225587,0.149643436,0.464548498,-0.028525651,-0.670911968,-1.565984011,0.844292939,-0.493457139,0.004154958,-0.208931059
1127,777902,148257,viewpoint,moving_to_far_front,0.413628936,1.396755934,-1.939900279,-0.120856784,0.663814008,0.215029657,0.706050217,0.073747754,-0.649827242,-1.707427979,0.683975279,-0.432709634,0.209642977,0.548625529,0.142714709,-0.710662305,-1.591395378,0.718667984,-0.491980016,0.153914213,0.466671675,-0.024250867,-0.681817532,-1.547459245,0.852412045,-0.484876901,0.039245702,-0.191697448
1128,778043,148398,viewpoint,moving_to_far_front,0.411222935,1.397955179,-1.931214213,-0.121837340,0.682476521,0.224610761,0.684785664,0.159302384,-0.639656305,-1.722229004,0.668674827,-0.454498738,0.230704322,0.541369021,0.218942717,-0.701825440,-1.600181818,0.714807153,-0.509989738,0.155472040,0.452536970,0.046166427,-0.650879979,-1.521589637,0.843549788,-0.481291533,0.042052656,-0.234550282
1129,778179,148534,viewpoint,moving_to_far_front,0.415526986,1.397493005,-1.922520995,-0.125281364,0.709143817,0.232958943,0.653566957,0.284982502,-0.627364695,-1.729398012,0.666594982,-0.486063689,0.228422940,0.516929448,0.331418097,-0.687088847,-1.585882545,0.701714993,-0.538209021,0.175077081,0.432753086,0.155064344,-0.639175117,-1.534723401,0.829933941,-0.487346619,0.079709552,-0.259517491
1130,778334,148689,viewpoint,moving_to_far_front,0.423196673,1.385246515,-1.906107068,-0.125160292,0.732712507,0.259174854,0.616681159,0.402529299,-0.577993631,-1.729917765,0.646220386,-0.528651237,0.249742046,0.490465134,0.432679296,-0.642996430,-1.582008600,0.684229136,-0.578106046,0.188500077,0.402606100,0.253299832,-0.585156739,-1.533808589,0.802185595,-0.485452354,0.140131533,-0.318115443
1131,778514,148869,viewpoint,moving_to_far_front,0.438514471,1.379832268,-1.881771922,-0.121668629,0.752704799,0.269841641,0.588062763,0.505146980,-0.558615744,-1.681052446,0.622139037,-0.564606726,0.244016364,0.484374076,0.536812425,-0.641857803,-1.573748231,0.666403949,-0.605978072,0.203575879,0.383735925,0.374539793,-0.604890585,-1.613606930,0.804745376,-0.491711706,0.146582931,-0.298526317
1132,778695,149050,viewpoint,moving_to_far_front,0.454216719,1.380849004,-1.848915219,-0.115653582,0.765030205,0.276179254,0.570156157,0.591834128,-0.582610130,-1.686021924,0.623503566,-0.570007026,0.241495013,0.477509677,0.615577161,-0.663773537,-1.568668723,0.655617297,-0.619843900,0.217338577,0.372456014,0.459839106,-0.625864089,-1.624830008,0.803667068,-0.486665994,0.146325737,-0.309619546
1133,778875,149230,viewpoint,moving_to_far_front,0.460599780,1.382255197,-1.808574557,-0.110650986,0.772885442,0.275091410,0.561007202,0.663091660,-0.618713379,-1.673011065,0.615937054,-0.579421937,0.251106739,0.470995992,0.664552748,-0.682751417,-1.514797807,0.642039776,-0.633308053,0.209768027,0.377760738,0.524662614,-0.656457901,-1.607214808,0.793714762,-0.477638632,0.195662126,-0.321861118
1134,779056,149411,viewpoint,moving_to_far_front,0.452417135,1.382731557,-1.748984218,-0.110740870,0.769241571,0.273748249,0.566626668,0.702852368,-0.638973176,-1.657695055,0.606307805,-0.579714477,0.271373928,0.471887916,0.716127098,-0.712521374,-1.525446057,0.652587950,-0.625168979,0.206789628,0.374874383,0.568235576,-0.679117620,-1.597492099,0.805756986,-0.460876495,0.191859841,-0.318650752
1135,779235,149590,viewpoint,moving_to_far_front,0.431291699,1.378544331,-1.672901511,-0.118073367,0.764798701,0.274767160,0.570652902,0.772976100,-0.644064546,-1.641247034,0.612496853,-0.578175843,0.265972197,0.468848795,0.786920846,-0.717490673,-1.510507703,0.659592271,-0.621753335,0.198142081,0.372961968,0.596650064,-0.645549119,-1.477758646,0.794187009,-0.418576360,0.247349143,-0.364526123
1136,779431,149786,viewpoint,moving_to_far_front,0.415313840,1.372062325,-1.598990798,-0.123624243,0.771452010,0.270299911,0.562598228,0.881597698,-0.662283182,-1.590696454,0.628340304,-0.571880937,0.247649863,0.465628803,0.900493383,-0.742247462,-1.470814347,0.660678744,-0.623288512,0.208856001,0.362483472,0.749381542,-0.705240726,-1.527117133,0.661308765,-0.572023749,0.253190458,0.413949430
1137,779598,149953,viewpoint,moving_to_far_front,0.409619570,1.370640278,-1.554311633,-0.131634206,0.757600904,0.269754350,0.579608440,0.875776947,-0.634867311,-1.610184431,0.639433265,-0.559485018,0.244560525,0.467217088,0.893895686,-0.710515320,-1.483129621,0.672532320,-0.608714819,0.191261232,0.374947697,0.752488911,-0.685565352,-1.554019570,0.667245328,-0.566136062,0.255185157,0.411283702
1138,779778,150133,viewpoint,moving_to_far_front,0.408879995,1.373255014,-1.543368459,-0.125094637,0.733997345,0.268152505,0.611304760,0.781742573,-0.646832585,-1.687308192,0.646575809,-0.540561497,0.238207102,0.482690781,0.802588761,-0.714406967,-1.541767955,0.675775409,-0.592946887,0.187270805,0.395817250,0.633281767,-0.670940340,-1.556690454,0.670594633,-0.550051212,0.221806332,0.445587695
1139,779958,150313,viewpoint,moving_to_far_front,0.403102040,1.375543356,-1.547292590,-0.124133147,0.715079308,0.267874509,0.633636951,0.667538166,-0.617306530,-1.682266116,0.646738172,-0.526299894,0.225476190,0.503883600,0.716783762,-0.700443029,-1.578633308,0.696320713,-0.565337420,0.150451779,0.415806830,0.520782769,-0.635130763,-1.512088060,0.820618212,-0.373725116,0.262752950,-0.343331039
1140,780126,150481,viewpoint,moving_to_far_front,0.399109423,1.379050136,-1.553104043,-0.117237292,0.703459680,0.267990828,0.647750556,0.605315387,-0.640417159,-1.719335318,0.663236141,-0.506129682,0.198118076,0.514489949,0.641953886,-0.706177413,-1.579916000,0.693740010,-0.554535329,0.132944137,0.439933270,,,,,,,
1141,780306,150661,viewpoint,moving_to_far_front,0.390327096,1.380589604,-1.548348546,-0.114490129,0.698150694,0.268467635,0.653760493,0.583902061,-0.651422739,-1.724602699,0.657054007,-0.507001758,0.207928911,0.517682314,0.619822919,-0.714824438,-1.581481576,0.690926611,-0.558126807,0.136487216,0.438732445,0.436486363,-0.660143852,-1.530120134,0.819477201,-0.389656603,0.256676614,-0.332779109
1142,780459,150814,viewpoint,moving_to_far_front,0.363230824,1.384299159,-1.528893352,-0.112964280,0.684369087,0.262113392,0.670950532,0.535780549,-0.673935890,-1.713513613,0.672999561,-0.486015856,0.178875521,0.528075457,0.577722132,-0.733056664,-1.567242980,0.695658565,-0.539362490,0.129111141,0.456593424,0.403256834,-0.689152956,-1.530523300,0.842188835,-0.383232534,0.226549760,-0.304180950
1143,780612,150967,viewpoint,moving_to_far_front,0.327075899,1.386569142,-1.499754310,-0.115121357,0.662277639,0.235962227,0.701753020,0.498116553,-0.719401956,-1.698260784,0.676901519,-0.453545094,0.196857527,0.545296490,0.544521332,-0.766161919,-1.543802023,0.694379389,-0.493476838,0.124268919,0.508797705,0.377212107,-0.733114541,-1.506305933,0.860991299,-0.344206005,0.251959503,-0.277006596
1144,780765,151120,viewpoint,moving_to_far_front,0.285648823,1.389333367,-1.471435905,-0.125093147,0.642134726,0.225453183,0.721931815,0.473462641,-0.707625389,-1.671003699,0.694159687,-0.423776567,0.179405659,0.553506553,0.542248964,-0.765903950,-1.552708149,0.723698616,-0.481738061,0.119285204,0.479541242,,,,,,,
1145,780931,151286,viewpoint,moving_to_far_front,0.251452267,1.388643265,-1.458668113,-0.142555967,0.624617279,0.225450084,0.733964086,0.453693211,-0.661826134,-1.667247176,0.706598461,-0.409518689,0.161973596,0.553875089,0.524153292,-0.719392180,-1.548293710,0.723446012,-0.453226060,0.104981527,0.510089219,0.366741896,-0.719840407,-1.543059826,0.731702745,-0.403525680,0.146524042,0.529442132
1146,781098,151453,viewpoint,moving_to_far_front,0.222489357,1.386443615,-1.457086921,-0.150876522,0.612943292,0.229392499,0.740888536,0.428839028,-0.636609018,-1.674404860,0.721699834,-0.399323285,0.160427883,0.542174518,0.504654706,-0.694610596,-1.559251189,0.745518267,-0.452446848,0.096114643,0.479850322,0.343731523,-0.692619324,-1.530898213,0.891655028,-0.294087797,0.220307142,-0.264439791
1147,781251,151606,viewpoint,moving_to_far_front,0.207876444,1.390319467,-1.460666060,-0.145993948,0.612913787,0.228230849,0.742248714,0.419903100,-0.666712046,-1.658012986,0.713645816,-0.401106298,0.171210647,0.548188210,0.497380793,-0.726402640,-1.548361063,0.742941916,-0.459526509,0.094788611,0.477376014,0.340164542,-0.731350720,-1.542999744,0.751964748,-0.406368047,0.138549343,0.500218153
1148,781404,151759,viewpoint,moving_to_far_front,0.194396138,1.390410185,-1.459368348,-0.138875723,0.620036125,0.234113023,0.735839546,0.427047074,-0.680220246,-1.621546388,0.701988876,-0.415850788,0.158753440,0.555946946,0.520399392,-0.770442188,-1.564909816,0.862969935,-0.285939425,0.354089677,-0.219412968,0.331021905,-0.722543359,-1.457567930,0.885514975,-0.302014977,0.235489815,-0.263048977
1149,781570,151925,viewpoint,moving_to_far_front,0.180752993,1.393142223,-1.451249719,-0.136467442,0.624972165,0.238648161,0.730639100,0.449110746,-0.702959061,-1.625133395,0.706996620,-0.417243421,0.154101491,0.549833119,0.521601737,-0.764850616,-1.513530016,0.733302355,-0.472261816,0.101293117,0.478514552,0.358412802,-0.749043584,-1.482957125,0.728945136,-0.413169265,0.131246567,0.529815674
1150,781723,152078,viewpoint,moving_to_far_front,0.163950324,1.396610022,-1.436084867,-0.131361917,0.618617833,0.233408391,0.738631546,0.429624856,-0.722881317,-1.590715408,0.706303716,-0.406225592,0.149377912,0.560180485,0.512551606,-0.794549942,-1.504921317,0.734369159,-0.468261302,0.097674154,0.481552780,0.354253888,-0.792843997,-1.493204236,0.742100298,-0.412809104,0.139443457,0.509344041
1151,781876,152231,viewpoint,moving_to_far_front,0.138302445,1.398251653,-1.413717389,-0.132738277,0.592735827,0.222767651,0.762508571,0.387192309,-0.745969415,-1.619126558,0.713817418,-0.378601730,0.153096989,0.568934679,0.469208539,-0.799508333,-1.509438634,0.742854476,-0.438102901,0.083364256,0.499282897,0.316072881,-0.811107516,-1.502911568,0.755881131,-0.384496182,0.125100300,0.514933348
1152,782012,152367,viewpoint,moving_to_far_front,0.099550962,1.396030903,-1.372514367,-0.145816386,0.548680127,0.200779632,0.798357844,0.333053768,-0.722452998,-1.622276783,0.731455147,-0.331443250,0.124200605,0.582831860,0.433843255,-0.777861774,-1.539695859,0.762366474,-0.388705134,0.064695790,0.513342261,0.266767204,-0.755467772,-1.426332831,0.924180448,-0.229231670,0.209217265,-0.222646669
1153,782152,152507,viewpoint,moving_to_far_front,0.060078740,1.393011212,-1.316394448,-0.167603597,0.498875737,0.176805958,0.831728160,0.304150224,-0.683998883,-1.670884252,0.757132113,-0.270253450,0.116318472,0.583253026,0.416425407,-0.729664803,-1.596047521,0.783207774,-0.335939199,0.049299002,0.520864785,0.259519398,-0.734713674,-1.484722137,0.936514258,-0.193989769,0.200297073,-0.212579519
1154,782292,152647,viewpoint,moving_to_far_front,0.031091332,1.392144203,-1.261020064,-0.183623984,0.451514661,0.160247177,0.858334184,0.254365504,-0.635828793,-1.705611110,0.769897699,-0.215301827,0.096202739,0.592998981,0.377924263,-0.680240750,-1.655218720,0.796761453,-0.289297611,0.029157547,0.529743254,0.242067859,-0.724278033,-1.597357273,0.810533285,-0.230489597,0.070613161,0.533782840
1155,782445,152800,viewpoint,moving_to_far_front,0.016141415,1.393326759,-1.219926238,-0.197064251,0.413090646,0.158231005,0.874919891,0.190276146,-0.590371549,-1.766516328,0.784471095,-0.187488526,0.082826093,0.585314512,0.316964865,-0.625484586,-1.712036133,0.811087728,-0.257819772,0.004798532,0.525016785,0.187507480,-0.671804190,-1.635580420,0.816110849,-0.199799404,0.052000623,0.539758444
1156,782598,152953,viewpoint,moving_to_far_front,0.011446595,1.395065665,-1.190880895,-0.200475335,0.376664490,0.148777127,0.892075598,0.109347075,-0.574616909,-1.797677755,0.791824698,-0.150589868,0.058044322,0.589039147,0.239971623,-0.603149056,-1.746823192,0.806299567,-0.226868108,-0.018366726,0.545962036,0.121995538,-0.670004129,-1.701573133,0.828849256,-0.160425067,0.025527880,0.535369992
1157,782751,153106,viewpoint,moving_to_far_front,0.008060217,1.395379543,-1.170117974,-0.206839606,0.343664676,0.149352282,0.903773129,0.020248309,-0.539525151,-1.813804269,0.795554876,-0.116122529,0.037275765,0.593480110,0.154898152,-0.574191511,-1.793959141,0.815278828,-0.190605432,-0.035083085,0.545673251,0.038473219,-0.616485119,-1.664277196,0.810566008,-0.128444970,0.017313210,0.571125925
1158,782903,153258,viewpoint,moving_to_far_front,0.000968456,1.398889780,-1.152956128,-0.200146481,0.337194026,0.157986909,0.906245947,-0.004960775,-0.558129430,-1.845079780,0.799285948,-0.116784848,0.028813334,0.588789582,0.127985388,-0.582872987,-1.792076468,0.807567060,-0.204020888,-0.053531904,0.550767899,0.015893087,-0.645808816,-1.724522591,0.825360596,-0.145510688,-0.000810255,0.545532703
1159,783055,153410,viewpoint,moving_to_far_front,-0.002276659,1.399741650,-1.142734647,-0.198420554,0.345891953,0.165315121,0.902030468,0.020793702,-0.545832336,-1.815808296,0.790349960,-0.130703881,0.024384046,0.598054171,0.154572412,-0.586621702,-1.801489592,0.809447944,-0.208727852,-0.044159260,0.547061801,0.040647298,-0.657104909,-1.765721560,0.838374317,-0.149127528,-0.009892412,0.524205863
1160,783209,153564,viewpoint,moving_to_far_front,0.001491904,1.399041295,-1.138815999,-0.203641787,0.359379351,0.168183610,0.895036757,,,,,,,,0.199373260,-0.571917117,-1.817245364,0.816543162,-0.223288596,-0.037312314,0.531043708,0.082071945,-0.631559968,-1.750444174,0.829663932,-0.168517828,0.007146490,0.532173276
1161,783346,153701,viewpoint,moving_to_far_front,0.012302279,1.398808956,-1.135776877,-0.212559119,0.369858712,0.170047656,0.888316929,0.108682051,-0.505571425,-1.867235184,0.800696731,-0.149560660,0.042430259,0.578546524,0.239677593,-0.540858269,-1.822961092,0.817779005,-0.227187246,-0.032072682,0.527820766,0.119587749,-0.596566439,-1.752219796,0.824446857,-0.178373918,0.020806877,0.536691010
1162,783514,153869,viewpoint,moving_to_far_front,0.021455169,1.399329901,-1.134228349,-0.218047142,0.372321844,0.174224347,0.885142803,,,,,,,,0.247101143,-0.506603479,-1.844992638,0.824603796,-0.232070774,-0.032030053,0.514923096,0.124084309,-0.560410023,-1.762573004,0.832067609,-0.182986632,0.015079446,0.523404241
1163,783681,154036,viewpoint,moving_to_far_front,0.028708935,1.392577529,-1.124609113,-0.227630869,0.370876729,0.176244795,0.882933974,0.119999111,-0.414517224,-1.870411396,0.806905389,-0.155617505,0.040247645,0.568389893,0.250030041,-0.453521490,-1.835319519,0.821617782,-0.236864224,-0.031727422,0.517525852,0.130895659,-0.510628343,-1.768649101,0.841256917,-0.165595606,0.003158602,0.514640749
1164,783832,154187,viewpoint,moving_to_far_front,0.033029675,1.392562509,-1.102981448,-0.230057284,0.340612501,0.166183531,0.896348059,,,,,,,,0.180961013,-0.440585315,-1.876082420,0.840399683,-0.219092473,-0.059265804,0.492152870,0.068440571,-0.504097700,-1.816950321,0.842438161,-0.153611392,0.009229596,0.516349077
1165,783987,154342,viewpoint,moving_to_far_front,0.032029033,1.387568712,-1.066306949,-0.243449241,0.297812849,0.153990433,0.910124660,,,,,,,,0.088093042,-0.380624056,-1.940107942,0.834553599,-0.171721280,-0.074290536,0.518182516,-0.018633176,-0.459503412,-1.898081064,0.861843765,-0.100078344,-0.030223597,0.496282369
1166,784152,154507,viewpoint,moving_to_far_front,0.032388806,1.381042123,-1.019871354,-0.252347171,0.259318054,0.144712180,0.920941591,,,,,,,,-0.005288731,-0.322609663,-1.973982096,0.841810942,-0.130785927,-0.079878546,0.517560482,-0.104039162,-0.407308012,-1.938385606,0.866634846,-0.058976021,-0.051045388,0.492808491
1167,784320,154675,viewpoint,moving_to_far_front,0.039143562,1.380208611,-0.980506778,-0.264475554,0.230685636,0.135199293,0.926584005,,,,,,,,-0.076068111,-0.258984625,-2.039568901,0.854260385,-0.085107967,-0.090786144,0.504731476,-0.160346344,-0.329522580,-1.894590378,0.859019041,-0.033559907,-0.043758057,0.508964956
1168,784487,154842,viewpoint,moving_to_far_front,0.050341606,1.380479574,-0.953684688,-0.270731837,0.202543646,0.132589981,0.931718946,-0.314577222,-0.195489362,-2.009656906,0.833792329,0.017489994,-0.029151943,0.551030576,-0.180205002,-0.214793354,-2.086628437,0.860953093,-0.058769651,-0.118737005,0.491128713,-0.261484563,-0.299228489,-1.985170841,0.875794709,0.002075027,-0.067664161,0.477913022
1169,784654,155009,viewpoint,moving_to_far_front,0.064256668,1.376155853,-0.942293763,-0.291673154,0.175293773,0.126381949,0.931786716,-0.408166289,-0.113147333,-2.046791553,0.847556591,0.053380877,-0.038220979,0.526628375,-0.271318138,-0.125227675,-2.109423637,0.901256025,-0.067581721,0.036881991,-0.426391900,-0.340971649,-0.209079295,-1.966448545,0.871475816,0.025663322,-0.084197849,0.482474953
1170,784833,155188,viewpoint,moving_to_far_front,0.080844522,1.372402191,-0.938581347,-0.302620053,0.155664608,0.120062083,0.932617128,-0.478795171,-0.066584870,-2.023976803,0.850779533,0.072645895,-0.042434748,0.518744707,-0.349710763,-0.075217202,-2.117920160,0.893170893,-0.071004011,-0.006150927,-0.444034219,-0.404444396,-0.160988569,-1.937408209,0.871931434,0.045178056,-0.089488775,0.479255974
1171,784987,155342,viewpoint,moving_to_far_front,0.106983900,1.367176175,-0.933793187,-0.322498083,0.134920850,0.112206012,0.930161893,,,,,,,,-0.423231602,0.015008438,-2.055709839,0.869013488,0.020598382,-0.133186325,0.476080507,,,,,,,
1172,785166,155521,viewpoint,moving_to_far_front,0.134986758,1.360833287,-0.928859830,-0.345647693,0.108212106,0.111117318,0.925457060,,,,,,,,-0.534980416,0.120760396,-2.031072140,0.876920760,0.046922088,-0.145955354,0.455527574,-0.596594214,0.017399419,-1.951849818,0.890325844,0.097021103,-0.111074910,0.430777371
1173,785334,155689,viewpoint,moving_to_far_front,0.168972373,1.356202245,-0.919663548,-0.360863298,0.087582119,0.107072391,0.922302842,,,,,,,,,,,,,,,-0.662651956,0.083196506,-1.859096408,0.875382483,0.108725727,-0.119120240,0.455735177
1174,785529,155884,viewpoint,moving_to_far_front,0.202126205,1.349413514,-0.905710101,-0.377030075,0.064449936,0.100943841,0.918425202,-0.885095835,0.254660279,-1.977715969,0.886011660,0.152908206,-0.054165404,0.434359938,-0.728939474,0.263215631,-1.965318918,0.881871045,0.098025471,-0.156786725,0.433719337,-0.764178455,0.149868116,-1.852928042,0.892833531,0.141771898,-0.113563806,0.412131399
1175,785750,156105,viewpoint,moving_to_far_front,0.232478023,1.347421885,-0.890584826,-0.385046005,0.042312577,0.087992504,0.917718112,,,,,,,,-0.822752118,0.283076912,-1.941149354,0.878664970,0.133297354,-0.149406955,0.433425009,-0.824928641,0.159706250,-1.780366898,-0.802850962,0.049619447,0.257475674,0.535420001
1176,785959,156314,viewpoint,moving_to_far_front,0.248775184,1.348593116,-0.878480315,-0.383874655,0.019686794,0.071452543,0.920405984,-1.076178670,0.229875013,-1.958975077,0.882460475,0.202617198,-0.051403146,0.421387643,-0.907972336,0.247706518,-1.930275321,0.875443459,0.154704407,-0.152151242,0.431874156,-0.965112865,0.136740193,-1.889867306,0.897887528,0.185761556,-0.108389668,0.384112358
1177,786153,156508,viewpoint,moving_to_far_front,0.241447091,1.353481889,-0.866919875,-0.370565653,0.014557588,0.066527434,0.926306248,-1.058551788,0.156292245,-1.917406321,0.861165524,0.229280263,-0.069967695,0.448251098,,,,,,,,-0.933084130,0.069721118,-1.825878382,0.869772673,0.197416604,-0.125224814,0.434558302
1178,786320,156675,viewpoint,moving_to_far_front,0.206329405,1.367109895,-0.841811061,-0.336823255,0.036389191,0.075390652,0.937839091,-0.957405210,0.052733351,-1.976554871,0.836346686,0.191037342,-0.085205555,0.506723881,-0.825610638,0.072422192,-2.025151014,0.855686188,0.126966178,-0.165864229,0.473465741,-0.837821364,-0.033486735,-1.879279017,0.860320687,0.164380491,-0.124457844,0.466194838
1179,786501,156856,viewpoint,moving_to_far_front,0.165814757,1.375363946,-0.809039950,-0.311320484,0.072925217,0.088501036,0.943360507,-0.793754935,-0.008470785,-2.042516708,0.839554250,0.166650817,-0.065523274,0.512916207,-0.671263278,0.006701667,-2.126686335,0.850701272,0.081215970,-0.149080560,0.497479916,-0.690327227,-0.091849670,-1.947589517,0.851842999,0.136869133,-0.125447333,0.489789099
1180,786667,157022,viewpoint,moving_to_far_front,0.130261183,1.377148867,-0.776076436,-0.302299529,0.108769022,0.102178022,0.941458404,,,,,,,,-0.496132851,-0.000161808,-2.153026342,0.848519623,0.042503640,-0.141667768,0.508072913,-0.566661358,-0.094738111,-2.112287760,0.876257062,0.096972957,-0.111946888,0.458516896
1181,786848,157203,viewpoint,moving_to_far_front,0.113140821,1.378839612,-0.754844546,-0.302414954,0.135418296,0.111108258,0.936942935,,,,,,,,-0.374503136,0.020255048,-2.183317423,0.852468431,0.019858671,-0.126102149,0.506953239,-0.442633569,-0.069352016,-2.124404430,0.873574376,0.066204324,-0.099163860,0.471859455
1182,787029,157384,viewpoint,moving_to_far_front,0.107257009,1.383067369,-0.746302962,-0.294004470,0.154713109,0.118353903,0.935744405,,,,,,,,-0.311687768,-0.005528461,-2.246173859,0.861563742,-0.001860931,-0.125878051,0.491791785,-0.372157514,-0.092721745,-2.116448641,0.868357241,0.073125675,-0.097459860,0.480738938
1183,787181,157536,viewpoint,moving_to_far_front,0.109651804,1.391983509,-0.742795587,-0.275663793,0.171785086,0.125169933,0.937460303,,,,,,,,-0.254146278,-0.085753098,-2.238804579,0.849124730,-0.032432973,-0.127159089,0.511630714,-0.349623561,-0.181758836,-2.300827742,0.883700490,0.025710836,-0.082850032,0.459943831
1184,787362,157717,viewpoint,moving_to_far_front,0.115529537,1.396618366,-0.741900325,-0.259055585,0.179187521,0.128965706,0.940292478,,,,,,,,-0.243963003,-0.153780594,-2.220860004,0.839219093,-0.047833718,-0.129069895,0.526083887,,,,,,,
1185,787541,157896,viewpoint,moving_to_far_front,0.122575998,1.397329926,-0.743481517,-0.256646723,0.183905676,0.128721356,0.940075517,,,,,,,,-0.237368017,-0.170645967,-2.269825220,0.842371106,-0.033601046,-0.117983803,0.524749219,-0.310311615,-0.246177509,-2.143319845,0.845885456,0.031775612,-0.089831606,0.524784207
1186,787708,158063,viewpoint,moving_to_far_front,0.125644684,1.399421573,-0.741414428,-0.250192076,0.198493928,0.128978536,0.938812375,,,,,,,,-0.179801822,-0.198641211,-2.236910105,0.835169077,-0.060699221,-0.113781437,0.534660637,-0.258621633,-0.272922039,-2.150072098,0.846270263,0.003927746,-0.086276591,0.525706708
1187,787862,158217,viewpoint,moving_to_far_front,0.128018260,1.404447079,-0.739294171,-0.234041512,0.206304669,0.125931129,0.941702902,,,,,,,,,,,,,,,,,,,,,
1188,788029,158384,viewpoint,moving_to_far_front,0.127734184,1.408803701,-0.740242124,-0.215301499,0.210831940,0.118639328,0.946107745,,,,,,,,-0.148527637,-0.385482728,-2.301340342,0.821417332,-0.070609264,-0.101122789,0.556832194,,,,,,,
1189,788195,158550,viewpoint,moving_to_far_front,0.125429988,1.410234928,-0.742394567,-0.208061814,0.212951869,0.115922354,0.947588444,-0.271203399,-0.389424562,-2.176552773,0.783498824,0.013036631,-0.026494863,0.620691299,-0.136467949,-0.417230338,-2.260314465,0.810677409,-0.082914330,-0.109702758,0.569115758,-0.202098727,-0.457035214,-2.009170771,0.910005212,-0.055034645,-0.020558704,-0.410413295
1190,788347,158702,viewpoint,moving_to_far_front,0.121753931,1.410511851,-0.742575049,-0.205654606,0.218812585,0.117294177,0.946609378,-0.252158344,-0.404989690,-2.206941366,0.790916920,0.020843506,-0.023785904,0.611105680,-0.114520758,-0.442313969,-2.319938421,0.917662084,-0.062687181,0.098348036,-0.379860938,-0.194092751,-0.487451822,-2.123401642,0.821522057,-0.018829275,-0.069035791,0.565668643
1191,788514,158869,viewpoint,moving_to_far_front,0.119787335,1.411027193,-0.742772698,-0.202412799,0.219793379,0.118800484,0.946892977,,,,,,,,-0.109450944,-0.431445658,-2.198936224,0.806053698,-0.068808682,-0.099058896,0.579422295,-0.195172757,-0.507641315,-2.148475885,0.824752331,-0.015520794,-0.072397940,0.560625792
1192,788681,159036,viewpoint,moving_to_far_front,0.118653655,1.411569238,-0.743998885,-0.200132295,0.223402649,0.119682476,0.946421921,,,,,,,,-0.097234279,-0.450456351,-2.228820801,0.807877600,-0.101160765,-0.100733742,0.571798086,,,,,,,
1193,788833,159188,viewpoint,moving_to_far_front,0.119025230,1.411257267,-0.745582223,-0.200616643,0.228270099,0.120472603,0.945056677,-0.219089001,-0.425927281,-2.205418825,0.789350212,0.001604319,-0.024259366,0.613461614,,,,,,,,-0.166706964,-0.522056401,-2.167018652,0.833100617,-0.012521675,-0.069535933,0.548590302
1194,789001,159356,viewpoint,moving_to_far_front,0.120528102,1.411249161,-0.747064948,-0.200152934,0.231246665,0.119933717,0.944499731,-0.206441820,-0.427058488,-2.187783718,0.783042312,0.007254695,-0.016494624,0.621707320,-0.067478612,-0.446306199,-2.198665142,0.802144587,-0.088094771,-0.091684267,0.583435893,-0.154938221,-0.529347777,-2.172317982,0.830254495,-0.027874626,-0.061265647,0.553305507
1195,789153,159508,viewpoint,moving_to_far_front,0.122043610,1.411922932,-0.748760104,-0.196582779,0.232964888,0.117690198,0.945109308,-0.202237695,-0.448610932,-2.193457365,0.783920050,0.008663948,-0.017582968,0.620552361,-0.063344270,-0.474179387,-2.227462292,0.910282552,-0.080296613,0.093418762,-0.395235509,-0.152187169,-0.553826809,-2.191861868,0.835791111,-0.016429277,-0.063919522,0.545066595
1196,789319,159674,viewpoint,moving_to_far_front,0.122253299,1.413928032,-0.749128461,-0.191305891,0.234007597,0.115779534,0.946169972,,,,,,,,-0.061079819,-0.518625140,-2.300518513,0.924687684,-0.060128894,0.115256079,-0.357845217,-0.143203378,-0.551899910,-2.080746889,0.815491855,-0.031032031,-0.045360845,0.576153159
1197,789471,159826,viewpoint,moving_to_far_front,0.120859504,1.414595604,-0.749141335,-0.190453425,0.233249679,0.115149699,0.946605861,,,,,,,,-0.064086467,-0.512027264,-2.254746199,0.811510801,-0.097409025,-0.096753232,0.567979217,,,,,,,
1198,789626,159981,viewpoint,moving_to_far_front,0.118626952,1.414249539,-0.748622537,-0.193703309,0.231243223,0.115871854,0.946350515,,,,,,,,-0.069763795,-0.499514282,-2.273569584,0.816260040,-0.093219690,-0.093773946,0.562348723,,,,,,,
1199,789792,160147,viewpoint,moving_to_far_front,0.115866899,1.413908482,-0.746553302,-0.194642663,0.230017319,0.117295913,0.946281135,,,,,,,,-0.071673140,-0.480884194,-2.214878082,0.805496871,-0.092013717,-0.100642391,0.576696873,-0.155782044,-0.546555221,-2.119200468,0.823877215,-0.021167688,-0.057152677,0.563482046
1200,789944,160299,viewpoint,moving_to_far_front,0.113214135,1.414191484,-0.743049502,-0.192578062,0.230377868,0.119108491,0.946389377,,,,,,,,-0.073084503,-0.500584841,-2.272857904,0.812379360,-0.072557278,-0.103480861,0.569268763,-0.154902995,-0.546538591,-2.094892979,0.804944754,-0.009498198,-0.056119770,0.590613544
1201,790111,160466,viewpoint,moving_to_far_front,0.112092376,1.415083647,-0.740558267,-0.190781042,0.230328515,0.119599231,0.946703434,-0.210052744,-0.476237774,-2.204407215,0.785351813,0.002777912,-0.022878166,0.618620574,-0.069465891,-0.496926904,-2.215495110,0.799829483,-0.078901008,-0.091772072,0.587899089,-0.156592473,-0.566616237,-2.149245977,0.821406603,-0.024828516,-0.067931049,0.565738559
1202,790265,160620,viewpoint,moving_to_far_front,0.110970616,1.415535450,-0.739045501,-0.189561740,0.231046245,0.119873665,0.946738780,,,,,,,,-0.067318358,-0.500276327,-2.208076715,0.799549341,-0.078075178,-0.084452637,0.589485288,-0.147542045,-0.556223392,-2.084296942,0.812413573,-0.030645080,-0.058931146,0.579285979
1203,790417,160772,viewpoint,moving_to_far_front,0.110033989,1.415822864,-0.738679051,-0.189328372,0.230944544,0.119842745,0.946814179,-0.209166437,-0.485781550,-2.214906216,0.792534947,-0.010979303,-0.021700107,0.609341443,-0.069820419,-0.516114235,-2.277404308,0.814696908,-0.092798524,-0.095981017,0.564309478,-0.147788197,-0.555268466,-2.076519251,0.814999580,-0.029432753,-0.048751090,0.576656699
1204,790569,160924,viewpoint,moving_to_far_front,0.109550714,1.415854573,-0.738713861,-0.189230382,0.229978114,0.120173611,0.947027028,,,,,,,,-0.070600376,-0.496860325,-2.197380543,0.797670841,-0.070777275,-0.092138015,0.591796041,-0.156061441,-0.566771984,-2.125970840,0.818241537,-0.024305200,-0.068312392,0.570283711
1205,790723,161078,viewpoint,far_front,0.109108686,1.415754795,-0.739032626,-0.189257443,0.229016706,0.120419808,0.947223365,,,,,,,,-0.077228755,-0.508302808,-2.243074179,0.810875535,-0.083201095,-0.098066062,0.570913017,-0.160926446,-0.568743050,-2.132531404,0.818988979,-0.026439991,-0.066081740,0.569377840
1206,790890,161245,viewpoint,far_front,0.108854651,1.415860534,-0.739508748,-0.188797519,0.228266791,0.120641932,0.947467864,,,,,,,,-0.082756206,-0.533733249,-2.349176884,0.829970837,-0.073020577,-0.129426435,0.537647903,-0.165337428,-0.569976926,-2.133624792,0.817912638,-0.024842486,-0.067674898,0.570808232
1207,791042,161397,viewpoint,far_front,0.109158754,1.415909648,-0.740033031,-0.188699856,0.228327408,0.119940877,0.947561681,-0.217818871,-0.483302772,-2.192103624,0.778359771,0.011450681,-0.022092020,0.627325237,,,,,,,,-0.163321972,-0.577980042,-2.144049406,0.819977462,-0.027688464,-0.062958032,0.568248808
1208,791209,161564,viewpoint,far_front,0.109269857,1.416065931,-0.739875197,-0.188315123,0.229466528,0.120330550,0.947313607,-0.215203717,-0.488915145,-2.212011099,0.785122514,0.002881292,-0.025786193,0.618796766,-0.075846575,-0.516454935,-2.257657528,0.811567605,-0.088903643,-0.102383666,0.568306088,-0.161103666,-0.579829395,-2.155028343,0.819988191,-0.026975490,-0.063356072,0.568223357
1209,791362,161717,viewpoint,far_front,0.109654069,1.415901303,-0.739756465,-0.188152298,0.229807332,0.119873755,0.947321296,,,,,,,,-0.073225066,-0.511419177,-2.233256102,0.808309317,-0.091083512,-0.101733960,0.572704196,-0.153116792,-0.560327768,-2.076661348,0.813565135,-0.030112207,-0.046076450,0.578862667
1210,791514,161869,viewpoint,far_front,0.109981179,1.415497899,-0.739707589,-0.189235777,0.229619637,0.119978830,0.947137654,,,,,,,,-0.074928313,-0.513352036,-2.263302326,0.812422633,-0.093001314,-0.101056755,0.566663802,,,,,,,
1211,791668,162023,viewpoint,far_front,0.110499859,1.415177107,-0.739621997,-0.189345062,0.230375648,0.120278798,0.946894169,,,,,,,,-0.070569545,-0.499467880,-2.203366518,0.798819959,-0.076915883,-0.085108519,0.590531230,-0.156761736,-0.572246909,-2.148236513,0.826315403,-0.019279586,-0.067263730,0.558844209
1212,791818,162173,viewpoint,far_front,0.110473156,1.414636135,-0.739459395,-0.190037072,0.231487095,0.120480128,0.946458757,,,,,,,,-0.065833583,-0.491072744,-2.195862770,0.795217335,-0.074190281,-0.091525294,0.594767451,-0.150955677,-0.560701609,-2.118247032,0.824586928,-0.019344682,-0.059281912,0.562288046
1213,791987,162342,viewpoint,far_front,0.110796809,1.414513946,-0.739152312,-0.190785259,0.231373042,0.120307170,0.946358085,,,,,,,,-0.064909495,-0.501153231,-2.252525806,0.810812473,-0.096685246,-0.103848882,0.567847252,-0.150400355,-0.559037030,-2.127569199,0.816344500,-0.038035754,-0.053112607,0.573859036
1214,792139,162494,viewpoint,far_front,0.110544682,1.413348794,-0.739483953,-0.193779290,0.232890114,0.120179340,0.945393443,,,,,,,,-0.056439791,-0.484542340,-2.230260134,0.810287654,-0.082771286,-0.090522014,0.573052108,-0.141092211,-0.546424627,-2.126082420,0.819655120,-0.027535651,-0.065062247,0.568484187
1215,792304,162659,viewpoint,far_front,0.110223174,1.412639618,-0.740037084,-0.195650116,0.232285604,0.120954841,0.945057869,-0.197075427,-0.448902905,-2.193680525,0.786355436,0.004002841,-0.020143891,0.617432892,,,,,,,,,,,,,,
1216,792459,162814,viewpoint,far_front,0.110500932,1.412225008,-0.741167188,-0.198029220,0.228599042,0.120379910,0.945534527,-0.208108589,-0.433298200,-2.168905020,0.781410158,-0.001744060,-0.020799652,0.623668671,-0.069725163,-0.456098109,-2.196460485,0.801695526,-0.083851427,-0.096281469,0.583937585,-0.156148210,-0.531046510,-2.146281242,0.824641943,-0.022966143,-0.066143684,0.561304927
1217,792626,162981,viewpoint,far_front,0.110168219,1.411480308,-0.742308021,-0.199603096,0.223335519,0.121355653,0.946336448,,,,,,,,-0.091564998,-0.447487116,-2.203285217,0.806231618,-0.079815976,-0.095345549,0.578384995,-0.170967281,-0.507088840,-2.078475475,0.819154441,-0.025318008,-0.055609122,0.570309281
1218,792778,163133,viewpoint,far_front,0.109364390,1.408686161,-0.742049813,-0.201855153,0.218193784,0.120844036,0.947123349,-0.251487792,-0.418452710,-2.195470095,0.789349556,0.019721532,-0.024309702,0.613145411,-0.114804819,-0.444539309,-2.254392624,0.816555262,-0.067843094,-0.107655197,0.563067675,-0.191133261,-0.500681579,-2.104374170,0.826665282,-0.023379168,-0.062707774,0.558700025
1219,792945,163300,viewpoint,far_front,0.106346965,1.407101989,-0.740592599,-0.201755255,0.214512244,0.119409934,0.948166966,,,,,,,,-0.120572731,-0.440138638,-2.218313694,0.812102079,-0.069262862,-0.101140454,0.570494115,-0.205330804,-0.513614178,-2.154694796,0.828720689,-0.011337966,-0.075485937,0.554432511
1220,793111,163466,viewpoint,far_front,0.101049542,1.405920506,-0.740061879,-0.202685684,0.202879369,0.116196193,0.950924277,,,,,,,,-0.161005229,-0.441006333,-2.238892078,0.809168875,-0.054076873,-0.110756099,0.574503720,,,,,,,
1221,793264,163619,viewpoint,far_front,0.093792558,1.403723359,-0.737568021,-0.202005669,0.190405384,0.114503533,0.953849316,-0.341559291,-0.429283202,-2.204363346,0.886001885,-0.022829788,-0.080532938,-0.456063479,-0.198273554,-0.435486436,-2.192684650,0.807266891,-0.053630076,-0.119234778,0.575523317,-0.267960310,-0.495186120,-2.057906151,0.812264681,0.003407451,-0.073691204,0.578605294
1222,793432,163787,viewpoint,far_front,0.088292122,1.401677966,-0.734756827,-0.202238247,0.186053336,0.118587814,0.954159737,-0.361946404,-0.423014969,-2.215568304,0.803751171,0.039944228,-0.052182868,0.591325223,-0.221473202,-0.437639266,-2.242358208,0.810575962,-0.050033472,-0.124045447,0.570154428,-0.285615802,-0.491351217,-2.069460630,0.812946677,0.001071625,-0.096216179,0.574333608
1223,793583,163938,viewpoint,far_front,0.087270141,1.402175784,-0.732787013,-0.202639163,0.182270050,0.115942948,0.955129445,,,,,,,,-0.231424913,-0.438714027,-2.240821123,0.815546870,-0.042496487,-0.128340825,0.562677503,-0.302687705,-0.505391657,-2.123482943,0.826711059,0.022138881,-0.093943805,0.554286301
1224,793750,164105,viewpoint,far_front,0.088724136,1.402186036,-0.731158853,-0.200782657,0.184281856,0.115372472,0.955204546,,,,,,,,-0.219397634,-0.440588832,-2.214517832,0.807322562,-0.055186775,-0.123690553,0.574356496,,,,,,,
1225,793915,164270,viewpoint,far_front,0.090574622,1.402553916,-0.727739215,-0.199520633,0.184655085,0.115288660,0.955407023,,,,,,,,-0.215450272,-0.438178629,-2.181994915,0.801801860,-0.044773921,-0.131703287,0.581174195,-0.292715669,-0.512858808,-2.113699913,0.819370210,0.012856453,-0.090091728,0.565995276
1226,794070,164425,viewpoint,far_front,0.090631723,1.402357101,-0.724557757,-0.201330408,0.180703059,0.113916643,0.955947459,,,,,,,,-0.232108742,-0.439466327,-2.226598263,0.804591238,-0.043972939,-0.118988626,0.580121577,,,,,,,
1227,794236,164591,viewpoint,far_front,0.089410067,1.401294470,-0.721964002,-0.202717349,0.178309456,0.113490924,0.956154406,,,,,,,,-0.237270862,-0.426910102,-2.209833860,0.807485342,-0.034655217,-0.122067302,0.576078176,-0.317215383,-0.509228885,-2.165191650,0.831740916,0.024080217,-0.096775569,0.546133339
1228,794403,164758,viewpoint,far_front,0.088458300,1.399189711,-0.720311284,-0.205657855,0.175182045,0.116641082,0.955725372,,,,,,,,-0.256970525,-0.416467607,-2.257357836,0.813649356,-0.033782318,-0.126282007,0.566468298,-0.314984739,-0.468449861,-2.067616463,0.816038311,0.014734114,-0.084160432,0.571648002
1229,794569,164924,viewpoint,far_front,0.087403297,1.398264527,-0.720226407,-0.206483766,0.169700235,0.117424302,0.956440151,,,,,,,,-0.271693170,-0.400538504,-2.202355146,0.803528666,-0.016116917,-0.124190561,0.581943870,-0.349909484,-0.484209597,-2.160260677,0.837856233,0.031512428,-0.099006958,0.535911858
1230,794723,165078,viewpoint,far_front,0.085266352,1.397438645,-0.722035050,-0.208242998,0.167937741,0.116291501,0.956508279,,,,,,,,-0.279062659,-0.400758386,-2.229815006,0.811551511,-0.032545436,-0.130459949,0.568599343,-0.347916603,-0.468431056,-2.119105101,0.820420921,0.036651444,-0.112529054,0.559377730
1231,794889,165244,viewpoint,far_front,0.083304286,1.396224737,-0.724127412,-0.210339889,0.165806115,0.116093598,0.956445396,-0.421462595,-0.376712322,-2.185434103,0.795430303,0.062379535,-0.056916244,0.600133359,,,,,,,,,,,,,,
1232,795054,165409,viewpoint,far_front,0.081752539,1.395431757,-0.726268411,-0.211118475,0.165444687,0.115088411,0.956457913,,,,,,,,-0.282775760,-0.390842974,-2.220779657,0.902405500,-0.073872581,0.030138960,-0.423436910,-0.332337439,-0.435864568,-2.002339602,0.801455438,0.033295676,-0.098163284,0.589003026
1233,795221,165576,viewpoint,far_front,0.079909444,1.394932508,-0.729226232,-0.212079540,0.164226905,0.114681341,0.956504047,,,,,,,,-0.285637438,-0.386020422,-2.217806816,0.809990883,-0.026801893,-0.132027432,0.570758522,-0.361275375,-0.465496212,-2.149777174,0.835657537,0.024416868,-0.095479503,0.540336967
1234,795374,165729,viewpoint,far_front,0.079053283,1.394617558,-0.731471419,-0.212447599,0.163093463,0.114923798,0.956587195,,,,,,,,-0.287281871,-0.383963823,-2.193298101,0.808561385,-0.020447999,-0.124121964,0.574807882,-0.352747321,-0.449518949,-2.074418783,0.819320738,0.035564043,-0.104987815,0.562517822
1235,795542,165897,viewpoint,far_front,0.078311443,1.394521356,-0.733723521,-0.213014454,0.160049468,0.115289755,0.956931174,-0.439543068,-0.368419349,-2.171555519,0.792593718,0.068296835,-0.056787752,0.603246152,-0.304854095,-0.385102302,-2.222424269,0.811067700,-0.020062204,-0.132385686,0.569421411,,,,,,,
1236,795708,166063,viewpoint,far_front,0.076514125,1.394149184,-0.734871745,-0.214316323,0.160131276,0.115559019,0.956594288,,,,,,,,-0.302284956,-0.379167020,-2.217513800,0.816804349,-0.028061252,-0.144528672,0.557812393,,,,,,,
1237,795875,166230,viewpoint,far_front,0.076086640,1.393223286,-0.734743953,-0.214484230,0.157708734,0.117084347,0.956773639,,,,,,,,,,,,,,,,,,,,,
1238,796041,166396,viewpoint,far_front,0.076914072,1.391432047,-0.733577609,-0.217075527,0.153227866,0.117195219,0.956903696,-0.495767057,-0.368653983,-2.316634893,0.823487461,0.036875289,-0.043723021,0.564443886,-0.326676905,-0.353887260,-2.185189009,0.806059599,-0.011469622,-0.135352120,0.576034963,,,,,,,
1239,796195,166550,viewpoint,far_front,0.076821208,1.390536547,-0.732116342,-0.218936831,0.147027284,0.114140600,0.957821250,-0.484161973,-0.339894056,-2.160645485,0.799722791,0.082938880,-0.065497957,0.590994716,-0.342204094,-0.344908386,-2.167708874,0.809864938,-0.011987587,-0.138462752,0.569915116,,,,,,,
1240,796375,166730,viewpoint,far_front,0.074389100,1.389373064,-0.730578065,-0.218302310,0.142942443,0.110978417,0.958955348,,,,,,,,-0.355446994,-0.357512534,-2.192410707,0.818562090,-0.000891520,-0.145513520,0.555680811,-0.417091608,-0.431099087,-2.085045576,0.829065084,0.068384565,-0.116018362,0.542691827
1241,796542,166897,viewpoint,far_front,0.070178270,1.386990309,-0.726880193,-0.216232017,0.141830310,0.109215192,0.959791601,,,,,,,,-0.354051292,-0.365596712,-2.197255611,0.805925846,0.005536767,-0.135685429,0.576231182,-0.429460645,-0.456400126,-2.162394047,0.843858242,0.056257181,-0.115358144,0.520990431
1242,796696,167051,viewpoint,far_front,0.064974427,1.384221077,-0.721591592,-0.208092645,0.144843489,0.107289955,0.961356699,-0.490278125,-0.406006575,-2.248185635,0.804633260,0.072969422,-0.046983495,0.587395430,,,,,,,,-0.398733437,-0.472604305,-2.089180470,0.821301699,0.047193963,-0.109382041,0.557917356
1243,796862,167217,viewpoint,far_front,0.059909701,1.381008625,-0.716126800,-0.201180652,0.148455724,0.108050302,0.962191463,,,,,,,,-0.330335438,-0.441678226,-2.264457226,0.811973929,0.004626955,-0.144968867,0.565385759,-0.381555557,-0.497848213,-2.086699486,0.823383689,0.063876167,-0.115466647,0.551929891
1244,797028,167383,viewpoint,far_front,0.053275943,1.378609776,-0.712111115,-0.193827376,0.149232045,0.110570528,0.963293791,,,,,,,,-0.317671001,-0.455456614,-2.200495958,0.800324798,-0.003443010,-0.139010936,0.583218932,-0.372341990,-0.514804482,-2.051375866,0.813762128,0.045484658,-0.103849553,0.570033014
1245,797179,167534,viewpoint,far_front,0.048723459,1.376890659,-0.709530234,-0.189516172,0.153805658,0.115660943,0.962834358,,,,,,,,-0.306400657,-0.466424435,-2.202542782,0.801089108,-0.020864403,-0.150312141,0.578988075,,,,,,,
1246,797334,167689,viewpoint,far_front,0.049238801,1.377282619,-0.709875464,-0.187678456,0.153401762,0.115213543,0.963312268,-0.441492140,-0.454786390,-2.133551836,0.777185023,0.073230542,-0.057677180,0.622329533,-0.304233074,-0.469407558,-2.167206049,0.791315734,-0.009533189,-0.134876609,0.596269071,-0.368119121,-0.532946885,-2.055046558,0.809773862,0.041320708,-0.117115907,0.573448122
1247,797500,167855,viewpoint,far_front,0.051236510,1.377002716,-0.709175229,-0.187229067,0.153270945,0.115059271,0.963438988,-0.465165794,-0.480970711,-2.256664276,0.789729953,0.062640838,-0.053251866,0.607920170,-0.311867058,-0.476260096,-2.202091694,0.799648643,-0.019865822,-0.146020040,0.582104445,-0.369329631,-0.535524607,-2.055041075,0.813034356,0.035706911,-0.102103703,0.572079539
1248,797652,168007,viewpoint,far_front,0.053940177,1.377294302,-0.707780957,-0.185231909,0.155614659,0.115155131,0.963437855,,,,,,,,-0.302771509,-0.478573948,-2.174172878,0.790412843,-0.024429312,-0.139835849,0.595899880,,,,,,,
1249,797806,168161,viewpoint,far_front,0.057153225,1.378867507,-0.706252456,-0.185539767,0.155749321,0.114579655,0.963425517,,,,,,,,-0.316721201,-0.503383696,-2.285211086,0.925220251,-0.047455918,0.051327243,-0.372935653,,,,,,,
1250,797971,168326,viewpoint,far_front,0.059005260,1.381026506,-0.704707503,-0.185628608,0.160214096,0.115271978,0.962593317,-0.442441761,-0.485795766,-2.247479439,0.796908319,0.036757924,-0.056506414,0.600327373,-0.283825278,-0.475141466,-2.164841652,0.792883575,-0.033921774,-0.146039471,0.590641558,,,,,,,
1251,798126,168481,viewpoint,far_front,0.058978558,1.384290814,-0.704373717,-0.184868410,0.165556267,0.116324298,0.961708605,,,,,,,,-0.270039469,-0.487211823,-2.198891878,0.799298465,-0.040815610,-0.136638999,0.583768666,-0.338177562,-0.552697182,-2.093668461,0.814055443,0.029428808,-0.108846895,0.569736779
1252,798293,168648,viewpoint,far_front,0.057983756,1.385665655,-0.705597281,-0.187992930,0.166754231,0.116447911,0.960880637,,,,,,,,-0.267722666,-0.485521466,-2.244248152,0.807331204,-0.031366404,-0.138699889,0.572708428,-0.329091191,-0.538291037,-2.083110809,0.807430804,0.033112269,-0.114360318,0.577824295
1253,798443,168798,viewpoint,far_front,0.056398153,1.387483478,-0.706750512,-0.190439954,0.163977727,0.118342601,0.960645080,,,,,,,,-0.272138327,-0.463679165,-2.190934658,0.794144511,-0.013656510,-0.127022281,0.594149351,-0.345449865,-0.539150059,-2.122038126,0.822832227,0.037104562,-0.105026349,0.557261109
1254,798599,168954,viewpoint,far_front,0.055297494,1.389579058,-0.708480716,-0.193237111,0.160359249,0.118516214,0.960675955,-0.435020924,-0.449466884,-2.213152647,0.898594201,-0.049604017,-0.084667981,-0.427667230,-0.287901342,-0.453575820,-2.206915379,0.804300368,-0.033086479,-0.152638525,0.573330343,-0.351636112,-0.515023112,-2.070440531,0.806703389,0.049737439,-0.105007634,0.579421520
1255,798766,169121,viewpoint,far_front,0.053675890,1.389939666,-0.712023616,-0.202387959,0.157943204,0.121388860,0.958831489,-0.436432719,-0.401546448,-2.184721470,0.794051707,0.064677104,-0.067433380,0.600625932,-0.301192343,-0.421523422,-2.245579004,0.820152342,-0.029569428,-0.151053637,0.551052272,-0.364613831,-0.484746635,-2.101846457,0.820801258,0.060755972,-0.115251049,0.556157529
1256,798915,169270,viewpoint,far_front,0.052808523,1.388675690,-0.718060374,-0.213795811,0.151634648,0.121198364,0.957397103,,,,,,,,-0.310912192,-0.366674721,-2.199527979,0.814186811,-0.025604239,-0.154986322,0.558948696,-0.375362694,-0.438918173,-2.093764544,0.829701126,0.043895952,-0.106345370,0.546223223
1257,799083,169438,viewpoint,far_front,0.052988768,1.385709643,-0.724908471,-0.225154907,0.139428750,0.120093025,0.956787646,,,,,,,,-0.355181634,-0.313436061,-2.184407473,0.807427227,0.002746025,-0.138716057,0.573420882,,,,,,,
1258,799250,169605,viewpoint,far_front,0.052565932,1.382496715,-0.733177066,-0.234346434,0.124337360,0.117613666,0.956968665,-0.548527658,-0.274473250,-2.163828373,0.817028463,0.098842598,-0.083080485,0.561954021,-0.410243511,-0.285603106,-2.214076996,0.896452367,-0.052218858,0.011653098,-0.439898252,-0.486215353,-0.373839974,-2.171620131,0.858242869,0.064584829,-0.125753105,0.493390501
1259,799417,169772,viewpoint,far_front,0.051379323,1.380177498,-0.740021110,-0.240956008,0.114568643,0.113414757,0.957053483,-0.570081532,-0.248399779,-2.121726274,0.805648983,0.120184496,-0.070441835,0.575780630,,,,,,,,-0.471992612,-0.323315382,-1.979573846,0.823494613,0.085656933,-0.113429382,0.549229741
1260,799598,169953,viewpoint,far_front,0.049826264,1.380312681,-0.748076797,-0.241912395,0.103594311,0.112950213,0.958117366,,,,,,,,-0.477665663,-0.252052069,-2.133614063,0.816716909,0.026876966,-0.159659117,0.553859234,-0.516556919,-0.324933618,-1.976572037,0.820370495,0.075464986,-0.127294168,0.552352726
1261,799765,170120,viewpoint,far_front,0.047157884,1.379183054,-0.757240891,-0.243959740,0.103075802,0.113804661,0.957552910,-0.623822331,-0.245255470,-2.117364168,0.816391587,0.123576961,-0.084302135,0.557787359,-0.486064255,-0.247062281,-2.151571751,0.826637566,0.032371834,-0.170654178,0.535256624,,,,,,,
1262,799931,170286,viewpoint,far_front,0.047400832,1.377705574,-0.764104724,-0.250685811,0.091611445,0.112457879,0.957140088,-0.655212641,-0.218187973,-2.065010309,0.812930644,0.125349432,-0.088542916,0.561775208,-0.522289574,-0.219610557,-2.112810612,0.820318818,0.054564372,-0.164774641,0.544930398,,,,,,,
1263,800098,170453,viewpoint,far_front,0.049907327,1.377594590,-0.768687129,-0.255777985,0.074568413,0.111660421,0.957365751,,,,,,,,-0.586788535,-0.200135574,-2.086932421,0.811897576,0.077894837,-0.154377729,0.557603955,-0.611863315,-0.276224166,-1.916979551,0.823274314,0.102322206,-0.143358856,0.539627433
1264,800278,170633,viewpoint,far_front,0.055368900,1.378430843,-0.770389199,-0.256583124,0.055620838,0.109246679,0.958716094,-0.785037935,-0.200626805,-1.989169478,0.813861787,0.161982343,-0.097934008,0.549363017,-0.667890072,-0.201549008,-2.080293655,0.820727587,0.081843428,-0.185446426,0.534151316,-0.688564062,-0.279782861,-1.916914821,0.829446614,0.119092807,-0.149764553,0.524791121
1265,800445,170800,viewpoint,far_front,0.062990904,1.378425598,-0.771786571,-0.257364601,0.035726339,0.108622566,0.959525049,-0.891924858,-0.209477171,-2.034357071,0.845636010,-0.051495358,-0.238817871,-0.474567175,-0.733609319,-0.195943728,-2.025346994,0.808173299,0.097364083,-0.191547439,0.548348188,-0.794134021,-0.291123211,-1.975459814,0.846043885,0.130674705,-0.164931938,0.489827901
1266,800626,170981,viewpoint,far_front,0.068200231,1.380065203,-0.775444388,-0.261918187,0.022210302,0.102359347,0.959389448,,,,,,,,-0.781226993,-0.190825626,-1.999611616,0.810242414,0.106213927,-0.195067719,0.542378485,-0.785935819,-0.270225734,-1.830448270,0.818309307,0.157799169,-0.162396654,0.528296053
1267,800806,171161,viewpoint,far_front,0.069759130,1.381155252,-0.779929996,-0.264275640,0.017448114,0.104544371,0.958605468,-0.932280838,-0.189343095,-1.936534762,0.813667417,0.193305790,-0.116996080,0.535621285,-0.802220702,-0.180431262,-1.987170219,0.807932258,0.112303488,-0.199855834,0.542854548,-0.811069131,-0.262404621,-1.832358241,0.805218816,0.145280376,-0.185583830,0.544127703
1268,800987,171342,viewpoint,far_front,0.068605423,1.379078865,-0.783173680,-0.271192908,0.026175544,0.105325729,0.956386805,,,,,,,,-0.779774785,-0.151375920,-2.028916121,0.817443550,0.114026487,-0.198037729,0.528739095,-0.779802561,-0.234385252,-1.843070745,0.820399463,0.154106259,-0.163383275,0.525834501
1269,801167,171522,viewpoint,far_front,0.066209078,1.378536701,-0.786299586,-0.272106081,0.024692535,0.100220427,0.956715405,-0.928091168,-0.171815410,-2.028074026,0.833031654,0.176800847,-0.107035905,0.513169706,-0.775869548,-0.159102947,-2.029812574,0.821945667,0.118978456,-0.190331459,0.523472428,-0.804409385,-0.248637840,-1.912338018,0.839964032,0.159797609,-0.168707103,0.490370333
1270,801362,171717,viewpoint,far_front,0.060478806,1.376270056,-0.789858460,-0.272667468,0.029369168,0.105525918,0.955852628,,,,,,,,-0.743819654,-0.144824252,-1.988808751,0.815809131,0.094029613,-0.199917123,0.534459591,-0.783800125,-0.235609397,-1.897097230,0.835269392,0.160698771,-0.173356831,0.496435642
1271,801529,171884,viewpoint,far_front,0.056418896,1.373179436,-0.795514703,-0.273586184,0.043814689,0.105650939,0.955022931,-0.824100375,-0.150056884,-1.970729351,0.823434353,0.176188588,-0.108651884,0.528306961,-0.705597997,-0.146985129,-2.060623407,0.829100907,0.098291077,-0.194886610,0.514732718,-0.736498952,-0.236556709,-1.934551716,0.843996227,0.144336104,-0.164469734,0.489680707
1272,801709,172064,viewpoint,far_front,0.055840135,1.374198556,-0.800487876,-0.269664645,0.045515034,0.104257762,0.956211090,,,,,,,,-0.692851424,-0.166756034,-2.034257412,0.822843134,0.089388631,-0.185679913,0.529586375,-0.711723506,-0.251201898,-1.881501436,0.837503970,0.143339634,-0.154443011,0.504170895
1273,801902,172257,viewpoint,far_front,0.056277275,1.372915983,-0.804854274,-0.272389501,0.040841777,0.104655936,0.955606103,-0.856353223,-0.170341298,-2.004441977,0.830973685,0.164062098,-0.111673966,0.519707084,,,,,,,,-0.744754195,-0.249777660,-1.911339283,0.845430017,0.154479191,-0.161598355,0.485046595
1274,802082,172437,viewpoint,far_front,0.056559324,1.375270605,-0.802104115,-0.264805436,0.037316855,0.102657624,0.958095491,-0.858791947,-0.198670998,-1.973592877,0.822538793,0.179618955,-0.109455056,0.528381109,,,,,,,,-0.737210989,-0.272372156,-1.854632616,0.828036904,0.140686303,-0.160567105,0.518440425
1275,802264,172619,viewpoint,far_front,0.057675958,1.375623822,-0.798381686,-0.262439460,0.027022945,0.103941172,0.958953381,,,,,,,,-0.781802058,-0.203287959,-2.049639225,0.822368383,0.117217980,-0.201345444,0.519066751,-0.768132269,-0.276138276,-1.824965835,0.818230808,0.145830408,-0.168772355,0.529856384
1276,802444,172799,viewpoint,far_front,0.060343027,1.376850724,-0.796507239,-0.262880355,0.015011641,0.102861308,0.959212244,,,,,,,,-0.807253778,-0.196611777,-1.982027292,0.811249077,0.113499939,-0.205501467,0.535501540,-0.816298962,-0.279591262,-1.827164888,0.823729336,0.167020574,-0.173278153,0.513370097
1277,802626,172981,viewpoint,far_front,0.061617017,1.376559258,-0.796473861,-0.269344121,0.002764971,0.102858856,0.957531273,-0.982706189,-0.182793915,-1.917094469,0.819160044,0.205187067,-0.128103465,0.520062149,-0.868752539,-0.173025355,-2.009832859,0.819898486,0.114669368,-0.213457808,0.518703520,-0.850205958,-0.255685925,-1.802149892,0.824757576,0.166886389,-0.175905332,0.510863245
1278,802806,173161,viewpoint,far_front,0.061817169,1.374255538,-0.795204043,-0.275761008,0.006069981,0.104942948,0.955461144,-0.978624046,-0.151229292,-1.938540697,0.823134184,0.209989443,-0.127050772,0.512067080,-0.853287518,-0.142677888,-2.009093523,0.821434140,0.133611605,-0.207677767,0.514065921,-0.844744742,-0.225600898,-1.818516731,0.825659394,0.168867588,-0.179669172,0.507434070
1279,803001,173356,viewpoint,far_front,0.065005660,1.373091102,-0.794518828,-0.278159738,0.008095981,0.101554140,0.955116928,,,,,,,,-0.836209178,-0.133665368,-1.995418549,0.821530759,0.129464358,-0.208424747,0.514670134,-0.888468325,-0.232577264,-1.940276146,0.850821197,0.156011507,-0.160436928,0.475419521
1280,803179,173534,viewpoint,far_front,0.066856503,1.370333195,-0.795316815,-0.284454495,0.005079518,0.102050230,0.953229070,-0.956428230,-0.114500836,-1.893109798,0.823278368,0.202544451,-0.116134107,0.517398715,-0.837780178,-0.104491219,-1.968984962,0.824927926,0.115705475,-0.219420776,0.507898331,-0.851407647,-0.198258147,-1.835734725,0.870540142,-0.037687693,-0.198742494,-0.448598891
1281,803375,173730,viewpoint,far_front,0.065256000,1.370193005,-0.795134187,-0.283189714,0.010679325,0.105321161,0.953203559,-0.951482356,-0.114887431,-1.926136255,0.826646507,0.191984355,-0.126022533,0.513727427,-0.828594446,-0.105259910,-1.992823482,0.828884184,0.111120768,-0.212990716,0.505211174,-0.820024133,-0.191780806,-1.807803750,0.865126789,-0.064017467,-0.219185650,-0.446559131
1282,803542,173897,viewpoint,far_front,0.059399724,1.366936445,-0.795258403,-0.285640299,0.029740574,0.104375124,0.952171743,-0.866181731,-0.100954637,-1.939199328,0.819505572,0.178288147,-0.113285676,0.532719851,-0.749497712,-0.094217613,-2.026412010,0.826625943,0.111261986,-0.185813010,0.519407392,-0.752458513,-0.181597441,-1.845935583,0.834993005,0.152360559,-0.158336356,0.504482687
1283,803722,174077,viewpoint,far_front,0.052815795,1.368241906,-0.795115352,-0.275390416,0.044597235,0.107522205,0.954258978,,,,,,,,-0.689535081,-0.128143325,-2.025430918,0.826363206,0.094331153,-0.188001856,0.522379875,-0.735627651,-0.220053002,-1.937165022,0.845356286,0.135417879,-0.159886613,0.491397053
1284,803902,174257,viewpoint,far_front,0.048367143,1.369896412,-0.795785308,-0.272271335,0.041833371,0.106231965,0.955422997,-0.826941252,-0.154328421,-1.967661619,0.822131515,0.178698063,-0.109069012,0.529405951,-0.699059188,-0.148024127,-2.027527809,0.823175013,0.091148391,-0.188709423,0.527696490,-0.719065905,-0.233951166,-1.881628752,0.837966502,0.144096240,-0.155939862,0.502723753
1285,804069,174424,viewpoint,far_front,0.043760777,1.372825384,-0.795521855,-0.270753622,0.029905679,0.108291440,0.956070662,,,,,,,,,,,,,,,-0.749063492,-0.238145009,-1.836227894,0.822124362,0.149194852,-0.159619898,0.525712848
1286,804250,174605,viewpoint,far_front,0.040552616,1.371961832,-0.799271226,-0.270828098,0.021847604,0.113501430,0.955663264,-0.908487201,-0.158254787,-1.952127576,0.823371351,0.188128993,-0.121692725,0.521400154,-0.769500196,-0.151274696,-1.987626314,0.820567310,0.103908241,-0.200899914,0.524891973,-0.798066854,-0.237966135,-1.869603515,0.835813522,0.154107645,-0.177969068,0.495977432
1287,804431,174786,viewpoint,far_front,0.044092894,1.371628165,-0.797870040,-0.275303096,0.005559841,0.109195881,0.955119669,-0.951970100,-0.146716714,-1.901421547,0.819238782,0.197370946,-0.131926462,0.522003770,-0.826162934,-0.137497544,-1.962351680,0.816984594,0.115948424,-0.215597168,0.522120774,-0.844690204,-0.227105021,-1.836743712,0.832747161,0.164502934,-0.185957462,0.494864374
1288,804611,174966,viewpoint,far_front,0.044550896,1.374314547,-0.794756055,-0.271395177,0.000933961,0.109575182,0.956209719,,,,,,,,-0.853960276,-0.150591180,-1.974596977,0.820363224,0.107209280,-0.227928594,0.513379872,-0.846108854,-0.234781027,-1.791192532,0.823412120,0.171186537,-0.180779293,0.509908319
1289,804805,175160,viewpoint,far_front,0.046923161,1.371155739,-0.796110272,-0.278823078,0.002502381,0.114672467,0.953468204,-0.977689981,-0.122273102,-1.907618642,0.824062705,0.192561939,-0.133289546,0.515823960,-0.851231277,-0.112536535,-1.967885733,0.816620529,0.122688890,-0.216842920,0.520631969,-0.871643901,-0.203994989,-1.843910694,0.837356031,0.171555027,-0.190128848,0.482964575
1290,804986,175341,viewpoint,far_front,0.052984476,1.371180654,-0.794446826,-0.286041349,-0.004150105,0.108591072,0.952035248,-1.030430675,-0.104528591,-1.972098947,0.837622225,0.193050310,-0.124502800,0.495600343,-0.864829421,-0.090135381,-1.951670051,0.821117938,0.127377108,-0.219421238,0.511267900,-0.881818414,-0.183470726,-1.826765776,0.834147155,0.168978766,-0.187862441,0.490257502
1291,805181,175536,viewpoint,far_front,0.056741357,1.369887710,-0.793624997,-0.288613766,-0.010179405,0.112783574,0.950725138,-1.051593542,-0.087441579,-1.935179830,0.816479802,-0.058645032,-0.291603863,-0.494862348,-0.911356390,-0.074149087,-1.974024177,0.829927266,0.122971095,-0.228349879,0.493918240,-0.899399340,-0.164355472,-1.795975924,0.834179580,0.174160838,-0.183251709,0.490133971
1292,805375,175730,viewpoint,far_front,0.062047839,1.369739771,-0.792322993,-0.289739758,-0.016681926,0.115552291,0.949958026,-1.052648664,-0.072568372,-1.870783329,0.825081468,0.206651360,-0.147431567,0.504776955,-0.940107346,-0.061155420,-1.956776142,0.825634241,0.134884194,-0.231937245,0.496326059,-0.942619801,-0.153909162,-1.809678435,0.833117545,0.175920233,-0.200087696,0.484697998
1293,805557,175912,viewpoint,far_front,0.067017078,1.369584084,-0.791311145,-0.289035469,-0.018250339,0.115446992,0.950156569,,,,,,,,,,,,,,,-0.950302303,-0.156261131,-1.800856233,0.838865459,0.185957730,-0.188130647,0.475742936
1294,805764,176119,viewpoint,far_front,0.068279624,1.369427443,-0.794304490,-0.288385063,-0.014431717,0.112358227,0.950789928,-1.065687060,-0.086225048,-1.903952122,0.831565976,0.197545558,-0.146730691,0.497939676,-0.927269757,-0.072467729,-1.943861842,0.821963429,0.144579336,-0.214500159,0.507407904,-0.942347765,-0.166912004,-1.818555236,0.832665801,0.170113564,-0.194636166,0.489740610
1295,805943,176298,viewpoint,far_front,0.064486504,1.370009542,-0.799834132,-0.284227461,-0.009136247,0.112856857,0.952047586,,,,,,,,-0.911365449,-0.092053041,-1.959894061,0.823339283,0.138477743,-0.222959876,0.503214955,-0.902833819,-0.181391805,-1.783742070,0.821827888,0.175237015,-0.188285664,0.508369565
1296,806139,176494,viewpoint,far_front,0.062603474,1.370182276,-0.806200624,-0.285521030,-0.007909373,0.112512149,0.951712251,-1.018173337,-0.100698069,-1.868159413,0.822227776,0.206345469,-0.139060989,0.511883974,-0.894141078,-0.089510217,-1.931513667,0.820134342,0.130553886,-0.222204044,0.510843217,-0.899238706,-0.179388717,-1.786479712,0.831078231,0.174170092,-0.186489508,0.494161338
1297,806333,176688,viewpoint,far_front,0.063466668,1.368980408,-0.811396480,-0.288349241,-0.004131631,0.116067238,0.950455725,-1.009677410,-0.084441260,-1.871832252,0.823416829,0.207437843,-0.136196688,0.510298789,-0.888728917,-0.073227093,-1.942775965,0.824379385,0.127411231,-0.221467182,0.505091429,-0.886301875,-0.163288653,-1.777522326,0.832014322,0.172019333,-0.180709034,0.495485395
1298,806513,176868,viewpoint,far_front,0.065791130,1.366659284,-0.814496636,-0.292893142,0.007913649,0.115794674,0.949074626,-1.059024453,-0.066943750,-2.073197126,0.860340238,0.170409948,-0.127291381,0.463219225,-0.844719172,-0.053021502,-1.959937096,0.828115463,0.116118975,-0.211651057,0.505910039,-0.855718255,-0.145718962,-1.816908598,0.844789863,0.158854634,-0.172749519,0.480887622
1299,806695,177050,viewpoint,far_front,0.064838648,1.365027428,-0.814214826,-0.295750409,0.023004213,0.112965263,0.948283374,,,,,,,,-0.783490598,-0.044171076,-1.972712517,0.833055079,0.107889764,-0.193998292,0.506698787,-0.805063248,-0.137406737,-1.842480302,0.840102971,0.148952678,-0.173865661,0.491742700
1300,806891,177246,viewpoint,far_front,0.061171055,1.366366148,-0.814675450,-0.293550700,0.027744101,0.113666900,0.948756099,,,,,,,,-0.774379671,-0.054452192,-2.016690969,0.840503395,0.089985602,-0.214929149,0.489144295,-0.780451298,-0.145987540,-1.842251539,0.841556609,0.150425911,-0.169298172,0.490400493
1301,807082,177437,viewpoint,far_front,0.056808233,1.365805387,-0.814468503,-0.293487549,0.031198863,0.115455322,0.948452294,,,,,,,,-0.746649206,-0.052774858,-1.988723874,0.835661292,0.102266535,-0.190968052,0.504720747,-0.796857059,-0.149090245,-1.921120167,0.860339701,0.155796751,-0.177581310,0.451672286
1302,807277,177632,viewpoint,far_front,0.057825208,1.367156267,-0.810977578,-0.291435927,0.025765905,0.114362732,0.949379981,-0.900351465,-0.068796977,-1.935570955,0.832908630,0.183373451,-0.111443676,0.510115385,,,,,,,,-0.791135430,-0.153708726,-1.854657292,0.843759239,0.140303314,-0.173264429,0.488226146
1303,807459,177814,viewpoint,far_front,0.061220407,1.368583679,-0.807828546,-0.289427757,0.014766393,0.115329266,0.950111926,-0.945421338,-0.076605484,-1.921201229,0.831738830,0.189639568,-0.128029287,0.505821943,,,,,,,,-0.846388817,-0.159975782,-1.865719318,0.846414745,0.156677902,-0.178458214,0.476641208
1304,807652,178007,viewpoint,far_front,0.065157533,1.368269324,-0.806854606,-0.287104785,0.012582230,0.116975144,0.950646818,-0.960201323,-0.081332400,-1.917256117,0.830019534,0.192476541,-0.125452206,0.508214831,-0.830925405,-0.073940709,-1.972897172,0.828510821,0.115386568,-0.211821005,0.505358934,-0.840433478,-0.162333831,-1.819245338,0.838090837,0.158607677,-0.178587273,0.490462959
1305,807847,178202,viewpoint,far_front,0.071082830,1.368992329,-0.802509189,-0.287281603,0.008783727,0.115428604,0.950825095,-0.987276375,-0.081595793,-1.936851144,0.832525253,0.190931812,-0.134540066,0.502340376,,,,,,,,-0.861318707,-0.162191123,-1.829916239,0.842205107,0.160297722,-0.177480966,0.483213931
1306,808029,178384,viewpoint,far_front,0.072686195,1.372382164,-0.794049621,-0.278991789,0.016322151,0.113910884,0.953373730,-0.962958157,-0.111995354,-1.948075175,0.827704370,0.192486748,-0.127527744,0.511459589,-0.825695813,-0.104733184,-1.985863447,0.826788843,0.106469147,-0.213903874,0.509244263,-0.850405514,-0.194931313,-1.867055655,0.840633512,0.171257392,-0.178870574,0.481675684
1307,808223,178578,viewpoint,far_front,0.070564747,1.373885393,-0.789373994,-0.275119752,0.028715553,0.115037173,0.954070747,-0.907797575,-0.124835208,-1.958229184,0.822174370,0.179029405,-0.121660843,0.526475489,-0.775894761,-0.118536547,-2.005972624,0.822887540,0.101934515,-0.206975162,0.519255877,-0.787385225,-0.203085512,-1.845667124,0.823947370,0.138768122,-0.178772241,0.519513786
1308,808403,178758,viewpoint,far_front,0.065473199,1.375352979,-0.787391782,-0.271974683,0.041195661,0.119440250,0.953974187,-0.879096210,-0.130434021,-2.012535810,0.834657431,0.153164998,-0.125470251,0.513950050,,,,,,,,-0.727797031,-0.203494191,-1.816641331,0.870182633,-0.074027933,-0.165762603,-0.458066434
1309,808598,178953,viewpoint,far_front,0.060362697,1.376136541,-0.784987092,-0.271940798,0.053171482,0.122403376,0.953015447,,,,,,,,,,,,,,,-0.726877034,-0.208854243,-1.928431273,0.847004712,0.123866007,-0.160971686,0.491251826
1310,808764,179119,viewpoint,far_front,0.057849169,1.378296137,-0.781623721,-0.265847534,0.065942131,0.124665290,0.953643143,,,,,,,,-0.646479666,-0.142452553,-2.080073833,0.827942252,0.069226198,-0.191340208,0.522597551,,,,,,,
1311,808945,179300,viewpoint,far_front,0.058659077,1.379333258,-0.780411601,-0.263488144,0.073615536,0.125243455,0.953660727,,,,,,,,-0.613117158,-0.150943711,-2.068319798,0.823907554,0.046775740,-0.189002976,0.532227457,-0.641075790,-0.228482842,-1.907689810,0.831819177,0.096615449,-0.147692069,0.526240826
1312,809126,179481,viewpoint,far_front,0.060387492,1.381483316,-0.778818965,-0.260058135,0.080923468,0.127189472,0.953752577,,,,,,,,-0.610238492,-0.167380348,-2.132849455,0.832464933,0.038022578,-0.185918346,0.520567656,-0.622928321,-0.239489645,-1.915060997,0.825807452,0.085829303,-0.154409528,0.535567999
1313,809292,179647,viewpoint,far_front,0.064078331,1.382719874,-0.778369069,-0.257014453,0.093288317,0.130180404,0.953044593,-0.689804077,-0.166991293,-2.055835009,0.819080591,0.117870122,-0.097662464,0.552879453,-0.568893433,-0.176391065,-2.145527601,0.834440529,0.039534625,-0.173914999,0.521439850,-0.597355306,-0.249191791,-1.954229712,0.834623456,0.095388114,-0.147191688,0.522148788
1314,809472,179827,viewpoint,far_front,0.069897056,1.383985639,-0.780857205,-0.255327553,0.100992814,0.132253364,0.952427089,-0.679403484,-0.173553169,-2.093534231,0.825552583,0.114596851,-0.097325109,0.543928623,-0.536273479,-0.179813966,-2.106883049,0.827045619,0.020413503,-0.176653206,0.533266008,-0.591873288,-0.258646995,-2.003593922,0.840834081,0.076637208,-0.149753198,0.514488876
1315,809652,180007,viewpoint,far_front,0.075013638,1.385850787,-0.784310460,-0.252516955,0.109885141,0.136140361,0.951644003,,,,,,,,-0.529924572,-0.193478689,-2.181721926,0.893157244,-0.071366861,-0.012478456,-0.443870723,,,,,,,
1316,809819,180174,viewpoint,far_front,0.080393672,1.386396170,-0.789310098,-0.250807643,0.122039065,0.140616238,0.949962676,,,,,,,,-0.481433511,-0.189255267,-2.123339653,0.823670030,0.001348029,-0.172447979,0.540210605,-0.540689766,-0.266113162,-2.005978584,0.837796271,0.059879947,-0.145129293,0.522923887
1317,810001,180356,viewpoint,far_front,0.087192655,1.385478377,-0.793742061,-0.249851838,0.132896081,0.140894920,0.948715627,,,,,,,,,,,,,,,-0.515043259,-0.274272501,-2.032768011,0.845679998,0.037692495,-0.139415607,0.513778090
1318,810167,180522,viewpoint,far_front,0.093891859,1.384169221,-0.796565890,-0.246496499,0.142830387,0.141771957,0.948018849,,,,,,,,-0.419706106,-0.206726030,-2.134738684,0.823210418,-0.025128718,-0.161600098,0.543671370,-0.490089297,-0.285751283,-2.055633783,0.851684451,0.049425710,-0.126585916,0.506129086
1319,810348,180703,viewpoint,far_front,0.098188281,1.383143902,-0.798903108,-0.243021458,0.150107354,0.143762872,0.947491765,,,,,,,,-0.399810135,-0.217141598,-2.136459351,0.830452442,-0.031014968,-0.162643746,0.531915188,-0.477560639,-0.298536211,-2.075766087,0.854487896,0.037066307,-0.124966741,0.502851665
1320,810513,180868,viewpoint,far_front,0.102108240,1.380198956,-0.802240729,-0.244365782,0.152934194,0.146005601,0.946350276,,,,,,,,-0.397032082,-0.206936330,-2.142110825,0.825028896,-0.042890508,-0.157540783,0.540988624,-0.465443194,-0.281414539,-2.035858393,0.842619598,0.002720558,-0.116251536,0.525804579
1321,810695,181050,viewpoint,far_front,0.106657028,1.378165841,-0.806437850,-0.245759517,0.154928505,0.145681381,0.945714772,-0.524863183,-0.182137296,-2.089057207,0.817731977,0.033756819,-0.081776537,0.568759680,-0.396508157,-0.200532049,-2.166756630,0.833433986,-0.044067297,-0.159579068,0.527238429,-0.462430298,-0.275145441,-2.040215015,0.847137928,0.020344887,-0.118588835,0.517571390
1322,810862,181217,viewpoint,far_front,0.110455751,1.376668930,-0.810769439,-0.244721383,0.164892182,0.146164805,0.944223404,,,,,,,,-0.362466991,-0.208534017,-2.157500505,0.883948863,-0.124733314,0.016697144,-0.450330138,-0.447307169,-0.289880782,-2.115740776,0.857962251,0.022181729,-0.120145999,0.498972654
1323,811042,181397,viewpoint,far_front,0.114202499,1.374674439,-0.814641118,-0.246924788,0.169369102,0.144481301,0.943115830,,,,,,,,-0.341998279,-0.197558254,-2.144583225,0.829965949,-0.052906442,-0.144825369,0.536081254,-0.431211948,-0.282463968,-2.116956711,0.862584949,0.007928357,-0.103603832,0.495126903
1324,811209,181564,viewpoint,far_front,0.117754459,1.374544263,-0.816314340,-0.248383716,0.169984221,0.143544734,0.942764997,,,,,,,,-0.343609095,-0.198110104,-2.175819397,0.887815773,-0.099177755,0.021293089,-0.448880374,-0.424214005,-0.274441928,-2.092942238,0.860799551,0.011346741,-0.104023948,0.498070747
1325,811389,181744,viewpoint,far_front,0.120481849,1.374570370,-0.815977216,-0.248986959,0.173044503,0.142181039,0.942255616,-0.468694508,-0.175975353,-2.132844448,0.823438942,0.036971837,-0.058741089,0.563143730,-0.327070594,-0.190818682,-2.133080006,0.822481751,-0.055070244,-0.143912300,0.547521889,-0.408740342,-0.271009147,-2.076236486,0.856943011,0.018864511,-0.104611114,0.504330695
1326,811557,181912,viewpoint,far_front,0.122251034,1.375318170,-0.814297557,-0.246069938,0.175244778,0.141244262,0.942756057,-0.454402268,-0.185357571,-2.095643044,0.816909254,0.039116979,-0.055927627,0.572713971,-0.325326204,-0.206259146,-2.177994251,0.837856591,-0.044614080,-0.145081162,0.524363875,,,,,,,
1327,811737,182092,viewpoint,far_front,0.121840954,1.376020670,-0.811952949,-0.243092135,0.177961797,0.144909546,0.942463279,-0.452718437,-0.192878351,-2.109051228,0.818006635,0.025153784,-0.061862875,0.571319044,-0.317798734,-0.210822865,-2.148621082,0.821510851,-0.066527948,-0.142204612,0.548153043,,,,,,,
1328,811903,182258,viewpoint,far_front,0.121424675,1.376155734,-0.810748696,-0.240685910,0.180459946,0.146523818,0.942356229,,,,,,,,-0.311169803,-0.220893741,-2.163546801,0.831203640,-0.065871894,-0.139821619,0.534051836,-0.381120324,-0.288634211,-2.026332617,0.843024373,-0.005321317,-0.098527454,0.528747618
1329,812082,182437,viewpoint,far_front,0.120813847,1.376560569,-0.810075879,-0.239278778,0.180913985,0.147600755,0.942459464,,,,,,,,-0.310933948,-0.225062832,-2.157167196,0.829545557,-0.070208654,-0.143999830,0.534966350,-0.389179349,-0.298082232,-2.067389488,0.848347008,0.000934363,-0.111237772,0.517622173
1330,812249,182604,viewpoint,far_front,0.119924784,1.376868248,-0.810045838,-0.237651050,0.182949588,0.148223758,0.942380548,-0.442172527,-0.212899566,-2.131184816,0.818173826,0.015406220,-0.064836189,0.571095943,-0.311442554,-0.239931405,-2.219080448,0.902114570,-0.103602722,0.042317208,-0.416731447,,,,,,,
1331,812417,182772,viewpoint,far_front,0.118962526,1.376305103,-0.811857581,-0.237539604,0.183591768,0.148430035,0.942251325,-0.432649434,-0.209826857,-2.098934174,0.808883190,0.029762363,-0.057086360,0.584434152,-0.309699416,-0.237060368,-2.208006859,0.832052410,-0.044288792,-0.150973514,0.531915665,-0.383373976,-0.307646751,-2.083640099,0.844927847,-0.007107340,-0.102461100,0.524926841
1332,812584,182939,viewpoint,far_front,0.116835594,1.375893354,-0.813750148,-0.237808868,0.186173528,0.148447245,0.941673934,,,,,,,,-0.288803101,-0.233611852,-2.151261091,0.887291431,-0.126106754,0.043681778,-0.441478103,-0.378337204,-0.313325465,-2.112943411,0.854689300,-0.011056766,-0.100216873,0.509254992
1333,812763,183118,viewpoint,far_front,0.115065694,1.375759721,-0.814961314,-0.237157881,0.186259717,0.148218036,0.941857159,-0.425409436,-0.217984483,-2.125858784,0.815467894,0.023791559,-0.062102195,0.574969053,-0.289949179,-0.237597704,-2.165735960,0.828401208,-0.060672518,-0.141879678,0.538461149,-0.357876658,-0.302468508,-2.009624958,0.834163666,-0.022408416,-0.098842420,0.542124569
1334,812932,183287,viewpoint,far_front,0.114495993,1.375949740,-0.815384746,-0.236592367,0.187165603,0.149182633,0.941667497,,,,,,,,-0.286268532,-0.239402294,-2.156749725,0.827666163,-0.078585841,-0.145320252,0.536353409,,,,,,,
1335,813111,183466,viewpoint,far_front,0.116081476,1.376927972,-0.814639211,-0.234814018,0.187339172,0.147603363,0.942326725,,,,,,,,-0.285557687,-0.248576298,-2.145961046,0.819982111,-0.069127671,-0.140936196,0.550443172,-0.366188526,-0.322964638,-2.058595896,0.835690320,0.008773184,-0.094981618,0.540854216
1336,813277,183632,viewpoint,far_front,0.118991494,1.378475428,-0.813529134,-0.231771320,0.187872380,0.146520004,0.943142593,,,,,,,,-0.285767913,-0.262667567,-2.143520594,0.818392277,-0.070358515,-0.138873488,0.553170800,-0.359492421,-0.329618394,-2.026694536,0.838465452,-0.011086439,-0.094581068,0.536569774
1337,813443,183798,viewpoint,far_front,0.123400331,1.379177809,-0.812213063,-0.230878487,0.191464707,0.145043701,0.942867279,-0.410821915,-0.248140380,-2.120557785,0.808162630,0.016037652,-0.053745385,0.586282670,-0.276474774,-0.269663841,-2.166450977,0.826058030,-0.069674231,-0.132873043,0.543248117,-0.361121595,-0.344627619,-2.093856812,0.846602023,-0.004614925,-0.104483776,0.521849453
1338,813612,183967,viewpoint,far_front,0.126906872,1.380313754,-0.810279012,-0.228839248,0.195523903,0.144189417,0.942662418,,,,,,,,-0.265038311,-0.282801509,-2.198083639,0.831103384,-0.087388746,-0.128447548,0.533977211,-0.348356485,-0.352696896,-2.095836639,0.839672029,-0.020007327,-0.099716462,0.533485889
1339,813778,184133,viewpoint,far_front,0.128630877,1.380688787,-0.809524655,-0.229117468,0.196841046,0.143760458,0.942386210,,,,,,,,-0.257280767,-0.278224111,-2.170516491,0.822955251,-0.084171988,-0.130734578,0.546414077,,,,,,,
1340,813945,184300,viewpoint,far_front,0.127709270,1.379103184,-0.810101151,-0.230426207,0.196634904,0.143350407,0.942172587,-0.388423741,-0.247269884,-2.106118441,0.806655765,0.004906000,-0.056552686,0.588289142,-0.260094821,-0.277226597,-2.203284502,0.830958962,-0.048300736,-0.125799060,0.539767385,-0.330464542,-0.338028133,-2.039513111,0.832874537,-0.024398405,-0.088506587,0.545794189
1341,814111,184466,viewpoint,far_front,0.125212789,1.378746629,-0.811424613,-0.230246440,0.196013778,0.144878343,0.942112207,,,,,,,,-0.258914471,-0.276316643,-2.181337595,0.895319402,-0.108070903,0.057291482,-0.428300798,-0.339643598,-0.341785729,-2.061547995,0.833643794,0.004825793,-0.089015588,0.545060575
1342,814278,184633,viewpoint,far_front,0.124083519,1.378837585,-0.812743068,-0.230206162,0.193894714,0.144210637,0.942662895,-0.403792679,-0.254457563,-2.139001608,0.811387241,0.011688659,-0.051691402,0.582101464,-0.268274844,-0.276936173,-2.179887056,0.829428911,-0.068813339,-0.124686874,0.540153503,-0.349467158,-0.347619593,-2.083904266,0.845560849,-0.004915681,-0.103848614,0.523658574
1343,814459,184814,viewpoint,far_front,0.122163057,1.378804445,-0.813830256,-0.229396090,0.193094477,0.144034624,0.943051457,,,,,,,,-0.266821802,-0.276591867,-2.141946077,0.818711877,-0.071607538,-0.134477749,0.553623617,-0.341882408,-0.343478084,-2.029070616,0.837421954,-0.012670929,-0.090989210,0.538780987
1344,814626,184981,viewpoint,far_front,0.120334625,1.379197836,-0.813262343,-0.228620350,0.194302604,0.143594727,0.943058729,,,,,,,,-0.259726286,-0.283354223,-2.151402473,0.823073387,-0.063977040,-0.126894608,0.549867988,-0.349183023,-0.362909228,-2.117009878,0.847843170,-0.006849609,-0.102324829,0.520235240
1345,814792,185147,viewpoint,far_front,0.118189335,1.379772186,-0.810218930,-0.226801008,0.196245953,0.143202335,0.943155289,-0.387730300,-0.270120323,-2.135053635,0.806995451,0.021150835,-0.049635135,0.588087976,-0.245912448,-0.286947966,-2.130943060,0.813862681,-0.068453215,-0.129810244,0.562219739,-0.327988029,-0.359859258,-2.050289869,0.834296942,-0.026097223,-0.085500136,0.544019639
1346,814943,185298,viewpoint,far_front,0.115511894,1.380656719,-0.804843783,-0.223888367,0.198040143,0.144153520,0.943331242,-0.382292688,-0.280730665,-2.142957449,0.808172345,0.013313824,-0.051728677,0.586518764,-0.244346499,-0.304847896,-2.179186583,0.827579677,-0.085800268,-0.135478482,0.537955225,-0.329292774,-0.375388771,-2.091272593,0.836941540,-0.023588218,-0.097882316,0.537951231
1347,815112,185467,viewpoint,moving_to_far_left,0.112910509,1.381484389,-0.798886895,-0.221076056,0.202361569,0.145670250,0.942844272,,,,,,,,-0.226776242,-0.317553461,-2.189991713,0.823730350,-0.074493155,-0.125833154,0.547800183,-0.317787945,-0.395824581,-2.149996281,0.846684575,-0.028553000,-0.088790298,0.523857057
1348,815266,185621,viewpoint,moving_to_far_left,0.110655546,1.382222652,-0.793694377,-0.217481807,0.206049696,0.146861553,0.942696571,-0.351675272,-0.306254983,-2.169281006,0.806533098,0.007700003,-0.050463125,0.588981032,-0.213469133,-0.333843052,-2.205591679,0.903470814,-0.102083139,0.073268071,-0.409818709,,,,,,,
1349,815431,185786,viewpoint,moving_to_far_left,0.109519839,1.382570982,-0.789999127,-0.215779617,0.207838863,0.146927565,0.942684710,-0.337149143,-0.305596918,-2.124563217,0.800014973,-0.003694575,-0.054420374,0.597495437,-0.203207910,-0.335924178,-2.196073294,0.822178185,-0.091631986,-0.133869931,0.545623958,,,,,,,
1350,815598,185953,viewpoint,moving_to_far_left,0.107373834,1.383374214,-0.786339402,-0.212833449,0.210243493,0.146472141,0.942892075,-0.330383539,-0.327201188,-2.171075821,0.809640944,-0.005756810,-0.043571245,0.585277796,-0.193402290,-0.355795383,-2.223038435,0.830653310,-0.091836162,-0.124790058,0.534797728,-0.267865419,-0.406841248,-2.039517641,0.826085627,-0.036954146,-0.078865938,0.556773841
1351,815764,186119,viewpoint,moving_to_far_left,0.104619861,1.383494258,-0.785081029,-0.212562218,0.209405705,0.146869615,0.943077862,,,,,,,,-0.193418711,-0.350897491,-2.188627243,0.817420602,-0.082286224,-0.129772678,0.555168092,,,,,,,
1352,815917,186272,viewpoint,moving_to_far_left,0.101974130,1.383705020,-0.784788966,-0.213330984,0.208816752,0.146548271,0.943084896,,,,,,,,-0.193782598,-0.359098583,-2.241736412,0.907575965,-0.099610150,0.082115009,-0.399550766,-0.264024436,-0.400402725,-2.003777266,0.805467844,-0.020581847,-0.076478139,0.587323546
1353,816084,186439,viewpoint,moving_to_far_left,0.099793077,1.384011269,-0.785546899,-0.214567289,0.210045964,0.147421390,0.942395091,,,,,,,,-0.185325950,-0.349687517,-2.213244200,0.905260146,-0.096366115,0.084816054,-0.404998630,-0.261294246,-0.400913745,-2.041297674,0.817957461,-0.040756468,-0.094866663,0.565937102
1354,816250,186605,viewpoint,moving_to_far_left,0.099820256,1.383890033,-0.787931085,-0.216107845,0.211874887,0.146630064,0.941756904,-0.311703682,-0.312196732,-2.144204378,0.798549831,-0.005169368,-0.043170683,0.600356400,-0.175755054,-0.340901047,-2.197323799,0.825108349,-0.094479561,-0.129114032,0.541848183,-0.259432137,-0.406640470,-2.090416908,0.836039543,-0.026452830,-0.090995058,0.540424049
1355,816417,186772,viewpoint,moving_to_far_left,0.101100206,1.382731915,-0.791705489,-0.218214527,0.215552509,0.146829128,0.940404594,-0.294931054,-0.301346481,-2.121700048,0.796211898,-0.004856221,-0.041176151,0.603595614,-0.159601405,-0.330088228,-2.166376591,0.816480637,-0.092790723,-0.115317576,0.558078051,-0.237781122,-0.385496199,-2.011660576,0.822575510,-0.024692748,-0.069654047,0.563833475
1356,816597,186952,viewpoint,moving_to_far_left,0.102299690,1.380688548,-0.795002341,-0.219460487,0.221412137,0.149131730,0.938388765,-0.277827084,-0.294162631,-2.134930611,0.802381396,-0.012646746,-0.040480044,0.595302939,-0.143600568,-0.333865523,-2.241301060,0.907800317,-0.096009836,0.100521863,-0.395696998,,,,,,,
1357,816765,187120,viewpoint,moving_to_far_left,0.102205515,1.378558278,-0.797658086,-0.219594821,0.224526897,0.154137447,0.936807036,-0.274677277,-0.289105713,-2.158669472,0.806039214,-0.017388809,-0.039860539,0.590262294,-0.135903656,-0.314406991,-2.157216072,0.817965150,-0.105632089,-0.115010858,0.553667367,-0.227789640,-0.387658805,-2.114010811,0.846136332,-0.045115605,-0.081844449,0.524708927
1358,816932,187287,viewpoint,moving_to_far_left,0.101320624,1.376108408,-0.800767541,-0.223383620,0.230927840,0.158380315,0.933642209,-0.252190799,-0.270006299,-2.175518513,0.813231289,-0.021643167,-0.037922449,0.580300272,-0.110972658,-0.291892827,-2.153660297,0.822116971,-0.116663933,-0.118980169,0.544386744,-0.205800354,-0.368023992,-2.129044771,0.847450912,-0.053026531,-0.079053193,0.522269905
1359,817084,187439,viewpoint,moving_to_far_left,0.102494001,1.375995994,-0.803068042,-0.225925580,0.230515271,0.154580235,0.933769405,-0.246983141,-0.263178796,-2.160277843,0.812012970,-0.020348677,-0.034926724,0.582238019,-0.106592692,-0.285846233,-2.147398710,0.820224583,-0.114659384,-0.114872493,0.548533678,-0.197965920,-0.359011173,-2.097515345,0.839597344,-0.063795999,-0.064587198,0.535569787
1360,817251,187606,viewpoint,moving_to_far_left,0.101256609,1.378273726,-0.801954389,-0.224399582,0.234673008,0.151192904,0.933656335,-0.227266282,-0.277501881,-2.168052197,0.810498118,-0.017718133,-0.028014045,0.584802747,-0.088922821,-0.314133406,-2.243033171,0.903284967,-0.087357424,0.113091417,-0.404543310,-0.169876575,-0.360843033,-2.028174400,0.845754802,-0.035201278,-0.101758964,0.522594273
1361,817418,187773,viewpoint,moving_to_far_left,0.092941165,1.381851196,-0.800567508,-0.219601303,0.240107328,0.149455279,0.933695257,,,,,,,,-0.062533125,-0.343756318,-2.239761114,0.907289267,-0.089257985,0.120795786,-0.392769158,-0.148171335,-0.387639046,-2.010915756,0.912107468,-0.070024617,0.019101139,-0.403474450
1362,817584,187939,viewpoint,moving_to_far_left,0.076678514,1.385235190,-0.794817090,-0.216159269,0.238336116,0.151994020,0.934542120,-0.199936226,-0.329105705,-2.195243359,0.801567793,-0.009609259,-0.038964722,0.596555591,-0.057320125,-0.352386504,-2.181357622,0.823619187,-0.105374746,-0.114586331,0.545360088,-0.143259466,-0.408052027,-2.033744812,0.827524781,-0.062145658,-0.065981224,0.554064155
1363,817737,188092,viewpoint,moving_to_far_left,0.046516538,1.387198329,-0.779107690,-0.215920940,0.228402808,0.148116067,0.937695026,-0.199131027,-0.345300019,-2.202087402,0.815826297,-0.011559526,-0.045504056,0.576388061,-0.057106756,-0.366749287,-2.199974537,0.828012943,-0.102407299,-0.116876557,0.538745940,-0.147158280,-0.440854222,-2.133319378,0.851263404,-0.040368114,-0.074805722,0.517808020
1364,817890,188245,viewpoint,moving_to_far_left,0.001906157,1.387610555,-0.755508542,-0.217228636,0.216868609,0.139610037,0.941429079,-0.175976649,-0.345267415,-2.134912729,0.801063001,0.008308356,-0.031147499,0.597711444,-0.037073530,-0.371521741,-2.172921896,0.824265361,-0.093995199,-0.114749648,0.546428442,-0.118060522,-0.439863443,-2.083837986,0.836062729,-0.028444828,-0.084123150,0.541399479
1365,818042,188397,viewpoint,moving_to_far_left,-0.050031424,1.383537054,-0.724543929,-0.224749416,0.203803539,0.125158608,0.944609523,,,,,,,,-0.003610019,-0.361171603,-2.227089643,0.830295622,-0.060817130,-0.122597545,0.540259600,-0.078880444,-0.429724187,-2.102690220,0.841151536,0.004927558,-0.083829828,0.534240067
1366,818196,188551,viewpoint,moving_to_far_left,-0.097350597,1.378745198,-0.689763904,-0.231999591,0.196577713,0.116576195,0.945485771,-0.095287874,-0.311670482,-2.180559158,0.809534192,0.035647511,-0.026937567,0.585370064,0.048226446,-0.323049247,-2.206558228,0.829692662,-0.046492487,-0.111064591,0.545080960,-0.024963316,-0.399746478,-2.116970539,0.839414895,0.008753480,-0.072487041,0.538564503
1367,818347,188702,viewpoint,moving_to_far_left,-0.126964092,1.372154951,-0.663759112,-0.247842371,0.189697310,0.119233839,0.942535102,,,,,,,,0.071601830,-0.257979155,-2.267641783,0.833791792,-0.028071439,-0.096436165,0.542865872,-0.000182454,-0.326950610,-2.110014915,0.845558822,0.020301934,-0.079729915,0.527504683
1368,818513,188868,viewpoint,moving_to_far_left,-0.139629483,1.373542547,-0.645182490,-0.250828624,0.179901674,0.118649177,0.943738699,,,,,,,,0.053642705,-0.223720774,-2.232772827,0.824631035,-0.019682787,-0.094350703,0.557399571,-0.014936613,-0.296496391,-2.101696014,0.844196737,0.038576838,-0.084944993,0.527852237
1369,818680,189035,viewpoint,moving_to_far_left,-0.144808531,1.374830723,-0.634247661,-0.247087941,0.180955291,0.128808662,0.943191946,,,,,,,,0.049122840,-0.226814106,-2.231023788,0.826998234,-0.035237286,-0.111857809,0.549836397,,,,,,,
1370,818834,189189,viewpoint,moving_to_far_left,-0.140942216,1.376910686,-0.638764977,-0.232961044,0.193704188,0.135112986,0.943372846,-0.066200241,-0.275627911,-2.209705114,0.807262421,0.041397266,-0.030580888,0.587944388,0.077039659,-0.301503986,-2.285635471,0.829010606,-0.032544632,-0.118069515,0.545657218,0.003644828,-0.357123226,-2.077906132,0.828889132,-0.013502117,-0.081057891,0.553344548
1371,819001,189356,viewpoint,moving_to_far_left,-0.134627223,1.380858183,-0.654184222,-0.222374886,0.203448281,0.134578809,0.943952739,,,,,,,,,,,,,,,0.020912163,-0.419884682,-2.134661436,0.839730442,-0.001592529,-0.091907777,0.535166562
1372,819167,189522,viewpoint,moving_to_far_left,-0.131262660,1.379463553,-0.669846892,-0.223476380,0.202133387,0.143257082,0.942697108,,,,,,,,0.069061927,-0.351499826,-2.255952358,0.826335967,-0.066726886,-0.110880911,0.548107445,-0.005817750,-0.405839652,-2.072633743,0.837729692,-0.015902387,-0.082737729,0.539546728
1373,819335,189690,viewpoint,moving_to_far_left,-0.131748557,1.381579995,-0.676738381,-0.224147528,0.209247470,0.147826105,0.940276980,,,,,,,,0.089892425,-0.350140005,-2.249384165,0.821456313,-0.057365619,-0.117490523,0.555080831,0.012125161,-0.404544592,-2.057659149,0.830316246,-0.026955001,-0.087488703,0.549721897
1374,819487,189842,viewpoint,moving_to_far_left,-0.136178970,1.384648323,-0.679022431,-0.223235711,0.219012693,0.147951141,0.938248217,,,,,,,,0.131462112,-0.361866742,-2.236248016,0.828541398,-0.073869802,-0.116173089,0.542739630,0.048428111,-0.413595587,-2.046233177,0.832356513,-0.037426829,-0.070941173,0.548406065
1375,819668,190023,viewpoint,moving_to_far_left,-0.144174576,1.383658648,-0.681054950,-0.227042735,0.223084956,0.149409354,0.936141849,,,,,,,,0.155775845,-0.347793698,-2.215463877,0.836178541,-0.091492288,-0.116471753,0.528080523,0.071847469,-0.407730758,-2.067646027,0.841845155,-0.017417463,-0.092646644,0.531422675
1376,819834,190189,viewpoint,moving_to_far_left,-0.160496712,1.383896708,-0.677589059,-0.228570372,0.224838823,0.147250801,0.935692430,0.040767379,-0.320418954,-2.173552513,0.808957398,0.003843919,-0.022681694,0.587417006,0.185776308,-0.349788308,-2.228861809,0.838843942,-0.090544738,-0.125022173,0.522026837,0.101902723,-0.410984606,-2.077748060,0.842604518,-0.034766641,-0.066841714,0.533236384
1377,820000,190355,viewpoint,moving_to_far_left,-0.182661533,1.383448005,-0.671159387,-0.232020751,0.213073343,0.145242319,0.937907696,,,,,,,,0.172052741,-0.346973747,-2.283685923,0.889929950,0.013929057,0.201918498,-0.408729255,0.083819970,-0.390263557,-2.029850960,0.832299769,-0.030365597,-0.073182568,0.548634112
1378,820165,190520,viewpoint,moving_to_far_left,-0.212144613,1.384381175,-0.659041524,-0.236650512,0.197318852,0.135624558,0.941630363,,,,,,,,0.153973177,-0.326931566,-2.265964031,0.828993499,-0.034679901,-0.102378123,0.548712850,,,,,,,
1379,820318,190673,viewpoint,moving_to_far_left,-0.244145870,1.384071589,-0.642880082,-0.239035308,0.186878771,0.126649857,0.944403648,,,,,,,,0.163840294,-0.320123613,-2.261097908,0.828813493,-0.025157699,-0.104947299,0.549018502,0.093950510,-0.396303505,-2.146447897,0.852225661,0.013797815,-0.088101953,0.515518188
1380,820486,190841,viewpoint,moving_to_far_left,-0.267090082,1.380588651,-0.627991080,-0.241330594,0.179058969,0.121647581,0.945991158,,,,,,,,0.170682564,-0.310015470,-2.266288519,0.836405158,-0.017787537,-0.111956380,0.536261022,0.101694569,-0.379798949,-2.120024204,0.847045243,0.022152599,-0.080778897,0.524879515
1381,820654,191009,viewpoint,moving_to_far_left,-0.281775594,1.380132437,-0.616499305,-0.243641689,0.175643817,0.121964917,0.945998192,,,,,,,,,,,,,,,0.108455241,-0.365374267,-2.113365173,0.845289290,0.029059667,-0.090509340,0.525784791
1382,820818,191173,viewpoint,moving_to_far_left,-0.290668368,1.380867124,-0.609648108,-0.238133848,0.181020409,0.128940076,0.945461988,,,,,,,,0.191428900,-0.314432979,-2.253287077,0.825394869,-0.032997224,-0.108097665,0.553126931,,,,,,,
1383,820987,191342,viewpoint,moving_to_far_left,-0.292112350,1.382230639,-0.607038379,-0.235430077,0.186383680,0.134521440,0.944318712,,,,,,,,0.208904892,-0.335140347,-2.279288769,0.883284628,0.032711133,0.217585102,-0.413998753,0.130643725,-0.388018966,-2.050519466,0.822875500,0.013173830,-0.069643788,0.563783765
1384,821151,191506,viewpoint,moving_to_far_left,-0.287676096,1.385406375,-0.605538487,-0.230562627,0.185711458,0.141902909,0.944571733,,,,,,,,0.189338505,-0.352751523,-2.305089951,0.833471894,-0.043138504,-0.136373132,0.533728540,0.114319250,-0.412794054,-2.115612507,0.839451313,0.006129279,-0.104714274,0.533215523
1385,821318,191673,viewpoint,moving_to_far_left,-0.280431271,1.385932803,-0.604728341,-0.227721885,0.187799066,0.142918333,0.944694996,,,,,,,,0.180354759,-0.354948729,-2.249647141,0.830936134,-0.050600782,-0.146886081,0.534237087,0.111821935,-0.428880841,-2.144577742,0.850142002,0.006166394,-0.117142282,0.513320744
1386,821485,191840,viewpoint,moving_to_far_left,-0.272232533,1.386334181,-0.603696465,-0.226063550,0.182675362,0.142955527,0.946091235,0.008326814,-0.332493484,-2.182973862,0.803629339,0.045201685,-0.043394990,0.591822207,0.156636059,-0.368821025,-2.298152208,0.885608613,0.034969170,0.196288377,-0.419458568,0.079266451,-0.414393216,-2.064924955,0.831224322,0.010842632,-0.106331758,0.545565903
1387,821651,192006,viewpoint,moving_to_far_left,-0.265061378,1.386454105,-0.605241895,-0.224839643,0.184810489,0.140000299,0.946410120,,,,,,,,0.159763202,-0.372669041,-2.286408663,0.887359560,0.032916166,0.216794223,-0.405598074,,,,,,,
1388,821803,192158,viewpoint,moving_to_far_left,-0.257738233,1.384715438,-0.609432101,-0.232338876,0.181077838,0.138157874,0.945590734,-0.001866026,-0.306089342,-2.210132599,0.811098635,0.048200212,-0.047190700,0.581006706,0.140385464,-0.325118065,-2.251618385,0.835643113,-0.045308925,-0.147503644,0.527153075,0.071554936,-0.392812639,-2.108176947,0.840527892,0.025077701,-0.111870766,0.529498756
1389,821972,192328,viewpoint,moving_to_far_left,-0.251145005,1.382208109,-0.615265727,-0.240412235,0.180001587,0.136634842,0.943998039,-0.006242879,-0.269989729,-2.209014893,0.808358729,0.056944173,-0.031738035,0.585069418,0.140346199,-0.297504783,-2.310237885,0.887679219,0.001295115,0.197830841,-0.415796727,0.066125110,-0.353937149,-2.069666147,0.826235116,0.021076174,-0.078410916,0.557443380
1390,822139,192494,viewpoint,moving_to_far_left,-0.247719526,1.382228732,-0.620544076,-0.240358710,0.180520371,0.135691658,0.944048643,,,,,,,,0.138355941,-0.298411518,-2.271363497,0.876206815,0.024607213,0.190768510,-0.441886276,0.066710509,-0.360965610,-2.106739759,0.842206180,0.010201204,-0.095015347,0.530619204
1391,822303,192658,viewpoint,moving_to_far_left,-0.252765894,1.382387877,-0.626054406,-0.240389585,0.182931215,0.135080904,0.943664253,0.004842784,-0.277953297,-2.196302176,0.809329867,0.047047649,-0.034114182,0.584472418,0.153672770,-0.306720257,-2.320438385,0.831235528,-0.020480467,-0.107280768,0.545086145,,,,,,,
1392,822472,192827,viewpoint,moving_to_far_left,-0.265541434,1.382189035,-0.632515311,-0.242051303,0.178312391,0.134169757,0.944253325,0.000851110,-0.278676122,-2.200082302,0.807242572,0.047811944,-0.043222219,0.586690128,0.142884672,-0.297287583,-2.220932961,0.888564646,-0.000622437,0.171945557,-0.425308466,0.076364405,-0.372694403,-2.130953550,0.850921750,0.005736966,-0.104833663,0.514693141
1393,822637,192992,viewpoint,moving_to_far_left,-0.286169291,1.382922769,-0.637104869,-0.247764140,0.167457476,0.126678556,0.945792496,,,,,,,,,,,,,,,0.066348232,-0.355588049,-2.101910353,0.850050509,0.042133953,-0.103815861,0.514646769
1394,822792,193147,viewpoint,moving_to_far_left,-0.311033010,1.384549499,-0.637067437,-0.249275997,0.153930575,0.116346978,0.949015439,-0.027575137,-0.271737933,-2.170932770,0.815190911,0.084528863,-0.035005413,0.571920633,0.116849914,-0.290263951,-2.277389765,0.842103243,0.000359065,-0.138658032,0.521187186,0.056739077,-0.361667454,-2.095846176,0.834273696,0.041804962,-0.072062925,0.545019984
1395,822959,193314,viewpoint,moving_to_far_left,-0.334379911,1.384908915,-0.632734895,-0.251564920,0.143717572,0.111276612,0.950619757,-0.034508854,-0.270803809,-2.191377878,0.820758939,0.098889098,-0.042897590,0.561012983,0.111215487,-0.284992039,-2.293386221,0.834768236,0.026386045,-0.131487787,0.534019291,0.049087666,-0.344640195,-2.023151636,0.824867249,0.056931723,-0.088143595,0.555502951
1396,823136,193491,viewpoint,moving_to_far_left,-0.358082175,1.383232117,-0.625592589,-0.254830301,0.136239141,0.108264610,0.951198816,,,,,,,,0.108806893,-0.263373822,-2.242866039,0.836848378,0.019519528,-0.140819475,0.528652668,0.053221405,-0.330476105,-2.018428326,0.830857635,0.057393253,-0.091247395,0.545944512
1397,823303,193658,viewpoint,moving_to_far_left,-0.379791260,1.380370021,-0.615142941,-0.256690145,0.128859252,0.104860947,0.952108026,-0.031368308,-0.249693349,-2.198217630,0.816244841,0.116946653,-0.041146267,0.564247191,0.111385643,-0.256600440,-2.269767761,0.835621715,0.007199728,-0.127220199,0.534321487,0.060699932,-0.334192336,-2.110748529,0.850286126,0.096525088,-0.121619768,0.502896726
1398,823471,193826,viewpoint,moving_to_far_left,-0.393220663,1.378552318,-0.605239034,-0.259201467,0.118365668,0.101057522,0.953200698,,,,,,,,0.091682784,-0.238315418,-2.272829294,0.839396060,0.028850554,-0.135444418,0.525582135,0.042474613,-0.308704466,-2.047610760,0.827518642,0.081104979,-0.085197240,0.548977494
1399,823637,193992,viewpoint,moving_to_far_left,-0.400302410,1.378052592,-0.597878575,-0.262503952,0.113186337,0.104742169,0.952528059,-0.064944483,-0.213642925,-2.199245453,0.823165059,0.123725913,-0.047163647,0.552147388,0.079514317,-0.222128302,-2.330308199,0.849476337,0.021174463,-0.160806417,0.502078772,0.030972004,-0.297540724,-2.088776112,0.899366856,0.124066420,0.114938095,-0.403157562
1400,823805,194160,viewpoint,moving_to_far_left,-0.401896000,1.378643513,-0.590515018,-0.257722765,0.117461897,0.111776121,0.952516556,,,,,,,,0.085500218,-0.239491194,-2.310360432,0.836502671,0.034097899,-0.136313230,0.529640734,0.034923159,-0.313379765,-2.116617203,0.840512037,0.073164448,-0.121111058,0.522989988
1401,823970,194325,viewpoint,moving_to_far_left,-0.397545099,1.381416798,-0.583339572,-0.253609121,0.118665174,0.115704365,0.953002334,-0.062940687,-0.246082976,-2.236276865,0.876037955,0.116491966,0.045200683,-0.465772539,0.078655146,-0.253417045,-2.307811975,0.827743530,0.026331110,-0.126698285,0.545980752,,,,,,,
1402,824126,194481,viewpoint,moving_to_far_left,-0.392231941,1.383773208,-0.577312112,-0.250735939,0.120480053,0.120768093,0.952906668,-0.070772946,-0.251095146,-2.244174242,0.822786033,0.111674994,-0.065505646,0.553408504,0.072537512,-0.261427373,-2.312524557,0.834923565,0.034599654,-0.160016984,0.525452316,0.023415133,-0.335928053,-2.139908552,0.850759029,0.080380194,-0.124329381,0.504272103
1403,824292,194647,viewpoint,moving_to_far_left,-0.389964581,1.382173181,-0.571159244,-0.255112767,0.122075230,0.123518206,0.951187909,,,,,,,,,,,,,,,0.025243618,-0.303178668,-2.088887215,0.837648153,0.060341369,-0.106863894,0.532244861
1404,824472,194827,viewpoint,moving_to_far_left,-0.399495721,1.382499218,-0.567074895,-0.255164474,0.119228318,0.124489143,0.951408505,,,,,,,,0.070915848,-0.233133554,-2.297071695,0.833974242,0.024408989,-0.154736564,0.529100895,,,,,,,
1405,824626,194981,viewpoint,moving_to_far_left,-0.423303485,1.381032109,-0.572669864,-0.257834733,0.093618520,0.116702139,0.954535186,-0.139686018,-0.222856611,-2.267638922,0.824378848,0.139497459,-0.078704916,0.542904735,-0.000010937,-0.224920765,-2.302682877,0.841488063,0.034681790,-0.182746679,0.507246196,-0.039470736,-0.306811452,-2.153551102,0.846401274,0.103588186,-0.142081559,0.502680123
1406,824792,195147,viewpoint,moving_to_far_left,-0.454251170,1.379293680,-0.579819322,-0.258938789,0.072265819,0.099469565,0.958036602,,,,,,,,-0.030368462,-0.228549451,-2.307555914,0.840609610,0.061015669,-0.185605437,0.505176544,-0.061417386,-0.306825101,-2.108721018,0.837240040,0.130593389,-0.139759451,0.512290657
1407,824959,195314,viewpoint,moving_to_far_left,-0.479980230,1.377467513,-0.583773494,-0.260549724,0.062896997,0.092277117,0.958980083,,,,,,,,-0.028844476,-0.230940297,-2.276739836,0.879588246,0.096199848,0.132231802,-0.446749240,-0.057076015,-0.287734687,-1.947192788,0.815276325,0.128362492,-0.149434030,0.544533730
1408,825139,195494,viewpoint,moving_to_far_left,-0.497646451,1.376295090,-0.584538579,-0.266390175,0.046637457,0.086539432,0.958838940,,,,,,,,-0.073491350,-0.207726270,-2.316418409,0.832927644,0.103150249,-0.173543319,0.515242100,-0.093293518,-0.284629613,-2.086172104,0.828630805,0.135845438,-0.131792560,0.526827991
1409,825290,195645,viewpoint,moving_to_far_left,-0.514081001,1.379365206,-0.581015706,-0.261507332,0.045102850,0.092681699,0.959682107,-0.207832322,-0.226157382,-2.183934689,0.810069799,0.172894776,-0.095874056,0.551998615,-0.074830562,-0.226009279,-2.301492214,0.831536353,0.103037409,-0.186797798,0.512871563,-0.093868688,-0.303564489,-2.083552837,0.830667138,0.146436691,-0.142824784,0.517831683
1410,825458,195813,viewpoint,moving_to_far_left,-0.522047997,1.379387498,-0.577286601,-0.260627151,0.053544585,0.098941281,0.958862424,-0.173309833,-0.233877510,-2.210623264,0.818350077,0.171677038,-0.091982305,0.540711880,,,,,,,,-0.061959185,-0.305297494,-2.065397978,0.827974200,0.132862046,-0.127125919,0.529759884
1411,825626,195981,viewpoint,moving_to_far_left,-0.521785021,1.378574371,-0.569846988,-0.258104563,0.058284651,0.098618388,0.959301472,,,,,,,,-0.017994232,-0.241257384,-2.309633017,0.826117992,0.083497562,-0.167710602,0.531441808,-0.043104324,-0.317022979,-2.087754488,0.830122054,0.134459972,-0.133984879,0.524276674
1412,825791,196146,viewpoint,moving_to_far_left,-0.520780563,1.383456945,-0.563741088,-0.246166512,0.058421686,0.097264878,0.962563515,,,,,,,,-0.020843618,-0.303429216,-2.346752882,0.825176418,0.091314815,-0.183151275,0.526498854,-0.046528645,-0.371865124,-2.104079008,0.826061487,0.132499844,-0.140775621,0.529384911
1413,825959,196314,viewpoint,moving_to_far_left,-0.518837452,1.385328531,-0.563160300,-0.243065879,0.060302090,0.097741105,0.963187039,,,,,,,,-0.018803038,-0.315082461,-2.321155548,0.817858636,0.080549896,-0.163865209,0.545680404,-0.044295147,-0.388030201,-2.112954378,0.827137709,0.129594028,-0.168382406,0.520284534
1414,826109,196464,viewpoint,moving_to_far_left,-0.513410687,1.385233641,-0.559162259,-0.244530663,0.066651903,0.099622868,0.962204516,-0.135232359,-0.302834868,-2.212559223,0.809525788,0.158982128,-0.083040364,0.559014380,0.001338758,-0.315455556,-2.370303154,0.826736569,0.074275613,-0.174462676,0.529672146,-0.027193587,-0.377997398,-2.111204624,0.825014949,0.126969829,-0.141610354,0.532142520
1415,826278,196633,viewpoint,moving_to_far_left,-0.505355120,1.388361812,-0.555692315,-0.239386737,0.077087529,0.103753708,0.962282002,-0.109431982,-0.323922217,-2.219766617,0.805947363,0.148490503,-0.069389403,0.568845034,0.028730579,-0.335192144,-2.352221489,0.821557343,0.062118914,-0.158616692,0.544082403,-0.005779780,-0.395154119,-2.090470552,0.815380991,0.099809036,-0.130585670,0.555103123
1416,826429,196784,viewpoint,moving_to_far_left,-0.493526220,1.388751507,-0.551659942,-0.238943949,0.088819355,0.108416855,0.960865617,-0.080695599,-0.324517399,-2.239933729,0.809289336,0.142256185,-0.084081270,0.563688099,0.060204081,-0.337110221,-2.354603291,0.829946995,0.049050450,-0.170519084,0.528871596,0.020199805,-0.393410593,-2.082473040,0.820869982,0.094651021,-0.120843031,0.550100625
1417,826598,196953,viewpoint,moving_to_far_left,-0.485148549,1.386341095,-0.543932557,-0.245237619,0.096086308,0.104139693,0.959052086,-0.047524296,-0.294529736,-2.249305010,0.815049231,0.135661304,-0.075984642,0.558137298,0.098021448,-0.310249329,-2.413359880,0.828994155,0.065401942,-0.139221177,0.537688315,0.051855318,-0.366670698,-2.115366936,0.827339053,0.096292406,-0.125480756,0.538973451
1418,826750,197105,viewpoint,moving_to_far_left,-0.485375404,1.390619874,-0.535835385,-0.237394303,0.099525504,0.102559909,0.960843444,-0.032079123,-0.332227468,-2.267809153,0.810863614,0.140482157,-0.073746122,0.563317418,0.112981781,-0.343279541,-2.380345583,0.824387014,0.058702938,-0.142942563,0.544525087,0.065664023,-0.397987813,-2.105835915,0.820122302,0.090983331,-0.114516698,0.553179264
1419,826917,197272,viewpoint,moving_to_far_left,-0.490623355,1.392898321,-0.535232186,-0.232385784,0.098660395,0.096109621,0.962821841,-0.022804305,-0.368340522,-2.289578438,0.893283188,0.141116440,0.060608476,-0.422442824,,,,,,,,0.075265460,-0.425477892,-2.101118565,0.814145029,0.091776140,-0.113594778,0.561997533
1420,827070,197425,viewpoint,moving_to_far_left,-0.498008132,1.395722151,-0.536792874,-0.227638140,0.099198245,0.093046889,0.964200616,-0.010803759,-0.387894839,-2.244573116,0.800699294,0.142133355,-0.057239007,0.579139411,0.133983016,-0.400480509,-2.365672112,0.818624616,0.065537162,-0.148324877,0.550961316,,,,,,,
1421,827221,197576,viewpoint,moving_to_far_left,-0.504301310,1.395621181,-0.537782311,-0.228750914,0.097469285,0.091010354,0.964308023,,,,,,,,0.134906992,-0.395817429,-2.343161106,0.816591322,0.047509879,-0.146085411,0.556399584,0.092707410,-0.454938889,-2.119323969,0.820159733,0.102975450,-0.119945124,0.549861133
1422,827375,197730,viewpoint,moving_to_far_left,-0.509862781,1.396413922,-0.539234996,-0.226178691,0.092943415,0.094193831,0.965055585,,,,,,,,0.115311280,-0.408667088,-2.352808475,0.816851437,0.061891589,-0.147488639,0.554229438,0.073284060,-0.464809150,-2.110712767,0.820325553,0.113893457,-0.116133146,0.548276782
1423,827529,197884,viewpoint,moving_to_far_left,-0.513499498,1.396511674,-0.541156888,-0.226390868,0.091429614,0.094749831,0.965095997,-0.032042455,-0.394687563,-2.223430157,0.800221264,0.142576784,-0.065838873,0.578777254,0.111322269,-0.410360187,-2.360740900,0.817640901,0.065602913,-0.148868516,0.552266121,,,,,,,
1424,827694,198049,viewpoint,moving_to_far_left,-0.516075373,1.396562338,-0.542811751,-0.226184890,0.090355411,0.095466845,0.965174794,-0.035213303,-0.392767519,-2.197643995,0.794490755,0.125351250,-0.086183548,0.587914884,0.105622068,-0.406786829,-2.327237844,0.824451506,0.048802860,-0.183909431,0.532987237,0.068815127,-0.472329199,-2.130217552,0.822315395,0.106897421,-0.126412228,0.544417441
1425,827863,198218,viewpoint,moving_to_far_left,-0.518174887,1.396428823,-0.544281363,-0.227157414,0.089086369,0.094839938,0.965126157,,,,,,,,0.105004266,-0.407042652,-2.348784924,0.812568545,0.061135508,-0.142530844,0.561853945,0.064518176,-0.464007884,-2.113134146,0.807912588,0.110450484,-0.126377940,0.564895272
1426,828015,198370,viewpoint,moving_to_far_left,-0.519494295,1.396039724,-0.545244813,-0.227933869,0.087013811,0.093888745,0.965225220,-0.042226441,-0.390755177,-2.227813482,0.801234424,0.145186588,-0.067402720,0.576542497,0.098997459,-0.399804771,-2.330174446,0.814425349,0.062695183,-0.148563728,0.557413280,,,,,,,
1427,828167,198522,viewpoint,moving_to_far_left,-0.521264911,1.395843506,-0.545614839,-0.228160545,0.085328788,0.093957543,0.965315342,-0.047410578,-0.390563339,-2.229866982,0.802818418,0.147889420,-0.070126891,0.573318005,0.093835548,-0.399171323,-2.328447104,0.816480994,0.065961689,-0.160373747,0.550716043,0.057938151,-0.468721449,-2.145425081,0.818587124,0.132673517,-0.120261356,0.545756400
1428,828319,198674,viewpoint,moving_to_far_left,-0.522747755,1.395811558,-0.545353770,-0.228236794,0.082678378,0.094608612,0.965464354,,,,,,,,0.079741791,-0.387878686,-2.273945808,0.820540190,0.054642461,-0.188256502,0.536924183,0.046798512,-0.466015548,-2.142561674,0.824985564,0.138050005,-0.145282656,0.528425872
1429,828485,198840,viewpoint,moving_to_far_left,-0.523464680,1.395325065,-0.545290112,-0.229161367,0.078303695,0.094546333,0.965616226,,,,,,,,0.067302197,-0.401303768,-2.392079830,0.820687890,0.086279720,-0.165540144,0.540022016,0.030155651,-0.451267898,-2.101300240,0.813884795,0.110135786,-0.133938208,0.554546893
1430,828636,198991,viewpoint,moving_to_far_left,-0.524218440,1.395403743,-0.544493556,-0.229089618,0.076953664,0.094909690,0.965706050,,,,,,,,0.060632803,-0.395938426,-2.365581751,0.818129838,0.079896331,-0.167361915,0.544307113,0.024972841,-0.449467748,-2.102739334,0.819078028,0.112533525,-0.121661961,0.549222887
1431,828806,199161,viewpoint,moving_to_far_left,-0.524676561,1.395521879,-0.544017434,-0.229220837,0.077115260,0.094949327,0.965658128,-0.081101768,-0.398242831,-2.317779064,0.823773742,0.144345328,-0.106762819,0.537738800,0.063781768,-0.398069084,-2.377525568,0.820482671,0.077831030,-0.166961625,0.541178644,0.026790634,-0.454157263,-2.126237869,0.820357800,0.112091906,-0.124858178,0.546679854
1432,828958,199313,viewpoint,moving_to_far_left,-0.525240183,1.395812273,-0.543185353,-0.228389651,0.077098519,0.095371380,0.965814829,-0.079094470,-0.389289737,-2.250222921,0.804188669,0.157938257,-0.081810810,0.567135990,,,,,,,,0.025853235,-0.453908682,-2.103327990,0.816424012,0.123051725,-0.123733774,0.550454438
1433,829110,199465,viewpoint,moving_to_far_left,-0.526289225,1.395886660,-0.542687058,-0.228565082,0.077185370,0.095830768,0.965720892,-0.077410340,-0.384285361,-2.223950148,0.801614702,0.150551632,-0.077577233,0.573349714,0.061967738,-0.395930558,-2.346915722,0.813301861,0.068645366,-0.153902858,0.556903839,0.027274556,-0.457150698,-2.127597809,0.809743941,0.112914592,-0.134508267,0.559886217
1434,829265,199620,viewpoint,moving_to_far_left,-0.527562618,1.395627141,-0.542002082,-0.228975728,0.077938944,0.096567549,0.965489686,-0.074608564,-0.389025629,-2.269646883,0.807716668,0.160910562,-0.093971416,0.559348762,0.065141752,-0.395922363,-2.367175817,0.816671968,0.078494363,-0.162513569,0.548155904,,,,,,,
1435,829430,199785,viewpoint,moving_to_far_left,-0.529224277,1.395591497,-0.540963054,-0.229169562,0.077551708,0.097921468,0.965338528,,,,,,,,0.062735543,-0.389286399,-2.333155394,0.814366043,0.068074889,-0.159897134,0.553720772,0.029121328,-0.449147612,-2.105767250,0.820068419,0.116993606,-0.119476937,0.547289312
1436,829584,199939,viewpoint,moving_to_far_left,-0.530264735,1.395387411,-0.540006995,-0.229219228,0.077603273,0.098549798,0.965258658,,,,,,,,,,,,,,,0.028237469,-0.445886403,-2.099408865,0.811938167,0.102659263,-0.122490853,0.561438799
1437,829736,200091,viewpoint,moving_to_far_left,-0.531150579,1.395478129,-0.538690209,-0.229109943,0.077164263,0.098782897,0.965295911,,,,,,,,,,,,,,,0.027226981,-0.451616943,-2.125853539,0.810887158,0.111702405,-0.136977211,0.557872593
1438,829889,200244,viewpoint,moving_to_far_left,-0.532039285,1.395317554,-0.537659287,-0.228913546,0.077509232,0.099919192,0.965197921,,,,,,,,0.062065072,-0.388597757,-2.329751253,0.814869225,0.065090880,-0.162881479,0.552468061,0.028214708,-0.447197646,-2.105561018,0.812478423,0.102582790,-0.121308818,0.560927629
1439,830057,200412,viewpoint,moving_to_far_left,-0.532511592,1.395399809,-0.536976218,-0.228891373,0.077208735,0.099879481,0.965231419,,,,,,,,,,,,,,,0.027190059,-0.452532798,-2.129644632,0.811494648,0.111298129,-0.136714831,0.557133973
1440,830209,200564,viewpoint,moving_to_far_left,-0.532665849,1.395539284,-0.536423326,-0.228319138,0.077220209,0.100043930,0.965348959,-0.078724965,-0.384483874,-2.251755714,0.804943979,0.154955700,-0.081403591,0.566945672,0.061837837,-0.394253761,-2.359606743,0.816527784,0.066406369,-0.159415677,0.550871253,0.027195148,-0.461420685,-2.157236576,0.824930251,0.136896163,-0.149978563,0.527499795
1441,830363,200718,viewpoint,moving_to_far_left,-0.531957984,1.395677447,-0.536508441,-0.228529945,0.075876765,0.099553198,0.965456307,,,,,,,,0.056060031,-0.393175483,-2.355188370,0.816592515,0.062816299,-0.165212095,0.549486935,0.022897035,-0.456408173,-2.136924982,0.820980966,0.129847288,-0.137747273,0.538661063
1442,830529,200884,viewpoint,moving_to_far_left,-0.530756354,1.395929813,-0.536699414,-0.228381172,0.075424783,0.099390849,0.965543687,-0.086787194,-0.380783975,-2.229821920,0.800558984,0.151013657,-0.078022346,0.574641466,0.049239404,-0.367765874,-2.196790218,0.804982007,0.075056590,-0.176049709,0.561584413,0.017935786,-0.451799870,-2.117997169,0.818657339,0.119521685,-0.132030904,0.545969427
1443,830681,201036,viewpoint,moving_to_far_left,-0.528216839,1.396139622,-0.537755132,-0.227483943,0.072234251,0.097632788,0.966178596,,,,,,,,,,,,,,,0.008382551,-0.460993767,-2.136784554,0.818629205,0.132274017,-0.140210465,0.541009128
1444,830833,201188,viewpoint,moving_to_far_left,-0.526957512,1.395999193,-0.538664222,-0.228589535,0.073030315,0.097125098,0.965908945,-0.095835164,-0.380411178,-2.225260973,0.800621688,0.156118631,-0.077760041,0.573223591,0.042160653,-0.389773190,-2.334230661,0.813614190,0.071035638,-0.166471109,0.552515388,0.011307601,-0.451941520,-2.119212151,0.818281591,0.121730879,-0.130715102,0.546361089
1445,831001,201356,viewpoint,moving_to_far_left,-0.526323676,1.396098495,-0.539420724,-0.228406101,0.073926620,0.097622283,0.965834022,-0.094667204,-0.390197039,-2.274986982,0.808592021,0.162863776,-0.096433140,0.557095230,0.046335384,-0.398989677,-2.383710861,0.820095420,0.078627333,-0.169526741,0.540852845,0.011374597,-0.451916814,-2.111528158,0.820247710,0.120478481,-0.124193147,0.545210838
1446,831167,201522,viewpoint,moving_to_far_left,-0.526509404,1.396274567,-0.540047765,-0.228015453,0.074538186,0.097222082,0.965919733,,,,,,,,,,,,,,,0.014479659,-0.450779647,-2.098766088,0.809580505,0.105872869,-0.123033457,0.564121544
1447,831317,201672,viewpoint,moving_to_far_left,-0.526475668,1.396585822,-0.540813804,-0.227139890,0.074774362,0.097479679,0.966081738,,,,,,,,,,,,,,,0.014700368,-0.455472678,-2.100907087,0.811103463,0.102052659,-0.128413618,0.561432600
1448,831484,201839,viewpoint,moving_to_far_left,-0.525978208,1.396394730,-0.541810870,-0.227205858,0.075044945,0.097559117,0.966037273,,,,,,,,0.047610432,-0.395939916,-2.324401140,0.821060836,0.053997356,-0.193311661,0.534391344,0.014782831,-0.455233693,-2.099844217,0.810822666,0.102311328,-0.128370434,0.561800778
1449,831653,202008,viewpoint,moving_to_far_left,-0.525459647,1.396699429,-0.541875720,-0.226448372,0.075779073,0.097398601,0.966174006,,,,,,,,0.053752609,-0.416349798,-2.415664434,0.822962046,0.092050120,-0.177708670,0.531676471,0.014972579,-0.465203673,-2.126970768,0.816011906,0.119578898,-0.140857503,0.547708452
1450,831806,202161,viewpoint,moving_to_far_left,-0.524860382,1.396915317,-0.541588187,-0.226058111,0.075944833,0.097707190,0.966221213,,,,,,,,,,,,,,,0.017943561,-0.470185369,-2.134168386,0.819066107,0.129002601,-0.142486513,0.540543020
1451,831959,202314,viewpoint,moving_to_far_left,-0.524384260,1.397107124,-0.541356921,-0.225579113,0.076598197,0.097682901,0.966284037,-0.086780459,-0.397584856,-2.231373310,0.800408244,0.150215015,-0.080390848,0.574734271,0.052019201,-0.407288998,-2.336987972,0.814422667,0.066802450,-0.162905872,0.552914917,0.017803188,-0.467629582,-2.119440317,0.820137680,0.116139553,-0.131276846,0.544658005
1452,832109,202464,viewpoint,moving_to_far_left,-0.524592280,1.397207379,-0.540733933,-0.225344658,0.077921651,0.098235413,0.966176927,,,,,,,,,,,,,,,0.021710906,-0.468619466,-2.113669634,0.806658208,0.113156423,-0.137297317,0.563602388
1453,832265,202620,viewpoint,moving_to_far_left,-0.524941087,1.397092938,-0.540301204,-0.225041717,0.078275815,0.099013261,0.966139495,,,,,,,,0.059617333,-0.412136078,-2.348777533,0.815420806,0.072007142,-0.190839648,0.541741669,0.024453267,-0.470837176,-2.111968040,0.909843206,0.161395431,0.114933923,-0.364591718
1454,832430,202785,viewpoint,moving_to_far_left,-0.525648713,1.397270679,-0.539582849,-0.224470735,0.077988312,0.099162988,0.966280162,-0.082591303,-0.402280658,-2.233639717,0.798980236,0.149522960,-0.077727638,0.577262521,0.057175010,-0.415029854,-2.351682663,0.814290345,0.062953219,-0.163714722,0.553322256,0.021996863,-0.477545530,-2.140724659,0.822897077,0.133281827,-0.155627444,0.529959023
1455,832582,202937,viewpoint,moving_to_far_left,-0.526554823,1.397511125,-0.538788199,-0.223709136,0.077529810,0.099455580,0.966463625,,,,,,,,,,,,,,,0.021073561,-0.474835992,-2.116770029,0.818708241,0.111244209,-0.136960477,0.546427906
1456,832737,203092,viewpoint,moving_to_far_left,-0.526713014,1.397772789,-0.538035512,-0.223285809,0.076483414,0.099204041,0.966670752,,,,,,,,0.050112188,-0.418033987,-2.343508959,0.811043680,0.064203374,-0.156143516,0.560094059,0.015457705,-0.471567363,-2.097667933,0.810627460,0.114395760,-0.123961911,0.560740650
1457,832901,203256,viewpoint,moving_to_far_left,-0.526753068,1.397746563,-0.537499785,-0.222853661,0.075708613,0.099125557,0.966839492,-0.091265365,-0.404545277,-2.213795900,0.798205972,0.148039401,-0.087019674,0.577389956,0.048337661,-0.425116479,-2.377547979,0.815046430,0.072468489,-0.162712857,0.551336706,0.013405301,-0.471904665,-2.091876030,0.806396484,0.096054249,-0.125762090,0.569809079
1458,833055,203410,viewpoint,far_left,-0.527305722,1.397724271,-0.537452579,-0.223046303,0.075838387,0.099270359,0.966770053,-0.090574533,-0.406017542,-2.226718903,0.798018634,0.154485986,-0.078519672,0.577178538,0.048298679,-0.418235034,-2.342799425,0.811655402,0.073714636,-0.165819526,0.555234611,0.013152614,-0.479871601,-2.134979963,0.819020867,0.123286597,-0.153918490,0.538808227
1459,833207,203562,viewpoint,far_left,-0.527913809,1.397729397,-0.537220120,-0.222797781,0.076873392,0.099718496,0.966699481,,,,,,,,,,,,,,,0.018078715,-0.473606199,-2.090555668,0.804838538,0.110105701,-0.112980716,0.572142541
1460,833362,203717,viewpoint,far_left,-0.528126359,1.397951961,-0.537012458,-0.221999779,0.077428579,0.099481367,0.966863155,-0.083139338,-0.416474104,-2.252314329,0.801863551,0.152681664,-0.086925961,0.571092963,,,,,,,,0.019606937,-0.481387228,-2.115876675,0.813958108,0.115838811,-0.144236773,0.550680876
1461,833514,203869,viewpoint,far_left,-0.528076649,1.398306608,-0.537062764,-0.220953315,0.078509539,0.099502310,0.967013538,-0.079602435,-0.418448955,-2.233920574,0.798764110,0.156364679,-0.088130139,0.574246645,,,,,,,,0.023914233,-0.480938107,-2.086036205,0.806700349,0.099594541,-0.128626809,0.568129063
1462,833679,204034,viewpoint,far_left,-0.527234077,1.398658633,-0.537353635,-0.220044121,0.079133786,0.099568732,0.967163146,-0.078536645,-0.424254686,-2.243226051,0.799226582,0.152012438,-0.079008527,0.576096117,0.060855798,-0.436007023,-2.351711512,0.809695542,0.063184626,-0.157206789,0.561860144,0.024325322,-0.491979957,-2.120146036,0.813926578,0.117097855,-0.140079498,0.551533639
1463,833832,204187,viewpoint,far_left,-0.526230812,1.398965478,-0.537822127,-0.219897225,0.078916244,0.099134244,0.967258930,-0.080594093,-0.437223405,-2.310488939,0.811114430,0.142164931,-0.091202118,0.559968531,,,,,,,,0.024247825,-0.488657832,-2.096766949,0.809756756,0.102538005,-0.128735989,0.563211441
1464,834001,204356,viewpoint,far_left,-0.525531650,1.399207234,-0.538111329,-0.219529614,0.079360254,0.099470660,0.967271566,,,,,,,,0.059955962,-0.440709829,-2.349564791,0.810713112,0.068514444,-0.162934273,0.558124065,0.025310975,-0.491985440,-2.101949930,0.817238152,0.113228612,-0.129807159,0.549955726
1465,834152,204507,viewpoint,far_left,-0.525298595,1.399474978,-0.538386703,-0.218963072,0.080911472,0.099924542,0.967224717,-0.075070389,-0.431230962,-2.248283148,0.800896108,0.151031822,-0.088898532,0.572583556,,,,,,,,0.030085370,-0.497893393,-2.114643574,0.812725425,0.105710454,-0.133930996,0.557104290
1466,834307,204662,viewpoint,far_left,-0.525463939,1.399323583,-0.538359523,-0.219118744,0.081658170,0.100463077,0.967070878,-0.072015002,-0.426974684,-2.229347467,0.796930075,0.146296039,-0.078615904,0.580792189,,,,,,,,0.029282600,-0.495208889,-2.111621618,0.811344922,0.112289540,-0.136124685,0.557297528
1467,834460,204815,viewpoint,far_left,-0.525683165,1.398831964,-0.538316369,-0.219859108,0.082184970,0.100414358,0.966863275,,,,,,,,0.069274247,-0.431315780,-2.314092159,0.817863286,0.049355842,-0.191969126,0.540195823,0.033786535,-0.489469022,-2.099109173,0.812258005,0.101022452,-0.127946541,0.560054541
1468,834612,204967,viewpoint,far_left,-0.525531530,1.398521662,-0.538001895,-0.220123172,0.081776902,0.100277752,0.966851950,-0.071771741,-0.421189636,-2.227488756,0.796046257,0.146445900,-0.074474111,0.582509756,0.069134556,-0.437458575,-2.355879545,0.811221182,0.062896192,-0.161746129,0.558392763,0.030267373,-0.494162649,-2.128777266,0.812526107,0.120272979,-0.135903716,0.553954780
1469,834778,205133,viewpoint,far_left,-0.525386572,1.398533225,-0.537913680,-0.219941303,0.081364885,0.100369588,0.966918588,-0.074843667,-0.428666472,-2.267002344,0.800110102,0.153696567,-0.083369143,0.573803782,,,,,,,,0.028426699,-0.484291524,-2.080388784,0.804647446,0.097590238,-0.128074363,0.571502984
1470,834931,205286,viewpoint,far_left,-0.525377870,1.398623943,-0.537936568,-0.219805613,0.081411712,0.100823462,0.966898263,,,,,,,,,,,,,,,0.028985217,-0.487445295,-2.092069864,0.809085190,0.101196811,-0.129823595,0.564168572
1471,835082,205437,viewpoint,far_left,-0.525888801,1.398305178,-0.537819505,-0.220092475,0.081913382,0.101347238,0.966735840,-0.072213352,-0.421034276,-2.226469755,0.796477556,0.144514769,-0.074975841,0.582338095,,,,,,,,0.029001005,-0.490642428,-2.114770412,0.814243436,0.114016891,-0.139265969,0.551917374
1472,835251,205606,viewpoint,far_left,-0.526687980,1.398389220,-0.537440896,-0.219947487,0.082564197,0.102252245,0.966618180,-0.071187943,-0.421449304,-2.227978230,0.794639587,0.146822721,-0.074741237,0.584298491,,,,,,,,0.031913072,-0.488316894,-2.094228029,0.802014768,0.099920444,-0.110126145,0.578498483
1473,835402,205757,viewpoint,far_left,-0.527631640,1.398255587,-0.536955237,-0.220135182,0.082604319,0.102909237,0.966502309,,,,,,,,0.069869623,-0.424285501,-2.279450655,0.893398941,0.091975451,0.146512359,-0.414623976,0.034214295,-0.495364249,-2.135605812,0.821635723,0.116344884,-0.148230046,0.537965238
1474,835570,205925,viewpoint,far_left,-0.528103113,1.398213267,-0.536558270,-0.220222846,0.082595699,0.102957964,0.966477871,,,,,,,,0.071609467,-0.437484294,-2.361833334,0.812787056,0.064313516,-0.159850597,0.556496859,0.033756979,-0.484210968,-2.095949888,0.810514867,0.095726766,-0.128430396,0.563389361
1475,835721,206076,viewpoint,far_left,-0.528335571,1.398216128,-0.536352515,-0.220401302,0.082501210,0.101798102,0.966568172,,,,,,,,0.071821578,-0.429947197,-2.323347330,0.807039797,0.051811595,-0.157611489,0.566710651,0.035410255,-0.486674488,-2.104488850,0.815301061,0.107704684,-0.136798114,0.552241087
1476,835875,206230,viewpoint,far_left,-0.528549314,1.397992253,-0.535903573,-0.220515370,0.082727216,0.102010779,0.966500401,-0.066842988,-0.419255912,-2.232137680,0.800542891,0.144492820,-0.086650744,0.575103998,0.072726212,-0.429187477,-2.318858147,0.805450141,0.058520533,-0.153583646,0.569418550,0.036057793,-0.490906537,-2.127235413,0.812341571,0.119882867,-0.138027936,0.553784847
1477,836040,206395,viewpoint,far_left,-0.528843999,1.398327112,-0.535752177,-0.220287964,0.082427323,0.101748019,0.966605544,-0.067555413,-0.418027341,-2.216071129,0.797632575,0.142346784,-0.077853635,0.580911815,0.073518492,-0.429827750,-2.326919079,0.908961415,0.114619285,0.149467856,-0.371901751,,,,,,,
1478,836196,206551,viewpoint,far_left,-0.529263735,1.398577213,-0.535452485,-0.219726652,0.082522869,0.101803727,0.966719270,,,,,,,,,,,,,,,0.036200643,-0.493667066,-2.116237164,0.806121945,0.108196057,-0.137132004,0.565381169
1479,836348,206703,viewpoint,far_left,-0.529685259,1.399153829,-0.535097957,-0.218834132,0.082817703,0.102206878,0.966853976,,,,,,,,,,,,,,,0.037896954,-0.508069754,-2.158460855,0.817221105,0.130376950,-0.148753509,0.541316807
1480,836500,206855,viewpoint,far_left,-0.529874921,1.399371982,-0.534873843,-0.218717083,0.083275162,0.102170169,0.966845036,,,,,,,,,,,,,,,0.038583234,-0.492370576,-2.091881752,0.808831334,0.099744841,-0.127082616,0.565413892
1481,836652,207007,viewpoint,far_left,-0.530065775,1.399533868,-0.534829021,-0.218784600,0.084060766,0.101982437,0.966781616,-0.062650099,-0.448732227,-2.327564478,0.904715419,0.141102493,0.052710276,-0.398499429,0.080852143,-0.441500127,-2.342212439,0.816469431,0.054023992,-0.190233663,0.542466879,0.040389538,-0.464380115,-1.969034076,0.799979985,0.100516528,-0.142221108,0.574196517
1482,836806,207161,viewpoint,far_left,-0.530064702,1.399358511,-0.535065770,-0.218983516,0.084733389,0.102072246,0.966668367,-0.057409070,-0.426681995,-2.229232073,0.796641111,0.143944070,-0.074019477,0.582378030,,,,,,,,0.043702625,-0.496856332,-2.117270231,0.813141525,0.109647810,-0.140989661,0.553985775
1483,836959,207314,viewpoint,far_left,-0.529768944,1.399298191,-0.535380006,-0.218837634,0.084874332,0.102056786,0.966690660,-0.057104416,-0.428795904,-2.234139204,0.800139129,0.143202677,-0.083633490,0.576433718,0.085206807,-0.447610408,-2.362959385,0.819946051,0.058959521,-0.188598022,0.537255228,0.043490976,-0.490843654,-2.085766792,0.806636155,0.099403262,-0.127358332,0.568539321
1484,837124,207479,viewpoint,far_left,-0.528990507,1.399242163,-0.536185145,-0.218902335,0.084192485,0.101715431,0.966771603,,,,,,,,0.081232466,-0.445196569,-2.355485916,0.813964128,0.068315335,-0.182348922,0.547306359,0.041775055,-0.493158728,-2.091627359,0.806008995,0.104599200,-0.110391885,0.572033286
1485,837276,207631,viewpoint,far_left,-0.528212786,1.399115920,-0.537009597,-0.218810767,0.084933162,0.101603925,0.966739297,,,,,,,,0.079214767,-0.431209534,-2.286954403,0.811159194,0.042833533,-0.180328175,0.554678142,0.044175595,-0.494086504,-2.096460104,0.811800420,0.102973603,-0.131805524,0.559467435
1486,837430,207785,viewpoint,far_left,-0.527700186,1.398937464,-0.537988782,-0.219060928,0.085346982,0.101426415,0.966664851,,,,,,,,0.085087776,-0.444871753,-2.355580807,0.813427389,0.061209533,-0.171025440,0.552575469,0.044281282,-0.492805898,-2.092546225,0.804953754,0.102069966,-0.127722472,0.570366681
1487,837584,207939,viewpoint,far_left,-0.527239084,1.398733735,-0.538969874,-0.218947262,0.085810199,0.101385206,0.966653883,,,,,,,,,,,,,,,0.048244126,-0.495488524,-2.105144262,0.810364485,0.093863010,-0.124386780,0.564824820
1488,837737,208092,viewpoint,far_left,-0.526907921,1.398679495,-0.540175080,-0.219158262,0.086414583,0.101295829,0.966561615,-0.051688936,-0.421834767,-2.192695141,0.782191277,0.119306572,-0.077058189,0.606634080,0.087601624,-0.439325720,-2.316244602,0.804901302,0.045464087,-0.144808784,0.573670089,,,,,,,
1489,837890,208245,viewpoint,far_left,-0.526662469,1.398515582,-0.541674733,-0.219315261,0.086992607,0.101324737,0.966471136,-0.051508542,-0.429173708,-2.232557774,0.799183071,0.141041234,-0.080867842,0.578683197,,,,,,,,,,,,,,
1490,838042,208397,viewpoint,far_left,-0.526402831,1.398117065,-0.543189883,-0.219988540,0.087512650,0.101832971,0.966217697,,,,,,,,,,,,,,,0.051402457,-0.491698146,-2.086249590,0.805589080,0.104593128,-0.111108460,0.572487116
1491,838195,208550,viewpoint,far_left,-0.526503325,1.397626996,-0.544783235,-0.220434248,0.088038474,0.102281839,0.966020942,,,,,,,,0.092880502,-0.439585268,-2.343408823,0.809656143,0.052860893,-0.146957681,0.565743804,0.053148858,-0.491163582,-2.096934795,0.820806205,0.103329673,-0.124674305,0.547774076
1492,838362,208717,viewpoint,far_left,-0.526306748,1.397062540,-0.546457887,-0.221440390,0.088491783,0.102028951,0.965776086,-0.047080949,-0.419418991,-2.221855640,0.799209237,0.141670346,-0.074770942,0.579312861,,,,,,,,0.053332314,-0.480027556,-2.061924934,0.804715753,0.091466740,-0.111666091,0.575844765
1493,838512,208867,viewpoint,far_left,-0.525975943,1.396905899,-0.547300696,-0.221647248,0.088849038,0.102191098,0.965678692,,,,,,,,0.095350742,-0.424723446,-2.279718876,0.894470692,0.096206807,0.155364349,-0.408078969,0.056745321,-0.500375092,-2.152064323,0.823875785,0.128127560,-0.156477928,0.529458880
1494,838681,209036,viewpoint,far_left,-0.525650501,1.396682501,-0.547503352,-0.222100616,0.089080259,0.102185354,0.965553820,-0.044309650,-0.427927107,-2.289131403,0.811586142,0.132784128,-0.081823625,0.563028693,,,,,,,,,,,,,,
1495,838834,209189,viewpoint,far_left,-0.525440454,1.396708608,-0.547071338,-0.222201541,0.089469224,0.102154829,0.965497851,,,,,,,,0.096287832,-0.424398035,-2.301898241,0.811371207,0.044716973,-0.161227897,0.560073853,0.058505833,-0.485130131,-2.099184990,0.816477597,0.100640863,-0.131376714,0.553150952
1496,838987,209342,viewpoint,far_left,-0.525730610,1.396620035,-0.546169639,-0.222204909,0.089652926,0.101713397,0.965526640,-0.041754156,-0.414923310,-2.216104031,0.800375462,0.138465822,-0.076585196,0.578239620,,,,,,,,0.058339715,-0.482847631,-2.090084076,0.812488556,0.101301923,-0.130007699,0.559194326
1497,839139,209494,viewpoint,far_left,-0.526346684,1.396982551,-0.544916511,-0.221961156,0.090169087,0.102181077,0.965485275,,,,,,,,,,,,,,,0.062224507,-0.484894156,-2.100629807,0.813247025,0.090523541,-0.125034526,0.561071515
1498,839291,209646,viewpoint,far_left,-0.526901722,1.397420883,-0.543331265,-0.221029863,0.090383291,0.102178536,0.965679169,-0.038008064,-0.422017515,-2.231189966,0.801207840,0.141204953,-0.075055316,0.576622784,0.102999553,-0.434178472,-2.323470116,0.819668174,0.050588477,-0.177716985,0.542219043,0.063035965,-0.488688469,-2.095329523,0.813540936,0.101688005,-0.130547017,0.557465911
1499,839459,209814,viewpoint,far_left,-0.527409673,1.398008108,-0.541995645,-0.220137313,0.090397626,0.102141283,0.965885580,,,,,,,,,,,,,,,0.061545029,-0.489444196,-2.081348181,0.808340073,0.093889676,-0.124250315,0.567743838
1500,839598,209953,viewpoint,far_left,-0.527019620,1.398385644,-0.540969491,-0.219846010,0.089390866,0.101278856,0.966136396,-0.041049890,-0.424891174,-2.217819929,0.797882915,0.140390471,-0.074166916,0.581526101,0.100753754,-0.439924210,-2.327153206,0.816250741,0.063403934,-0.182135016,0.544556320,0.059812680,-0.495758146,-2.102970362,0.809435666,0.107932948,-0.130148098,0.562339604
1501,839764,210119,viewpoint,far_left,-0.526861787,1.398619294,-0.540474296,-0.219703063,0.088945210,0.100987859,0.966240525,-0.042174794,-0.426702619,-2.224842787,0.800388396,0.140465826,-0.078754611,0.577447355,0.100810021,-0.445081800,-2.349411726,0.820439517,0.057240821,-0.182828307,0.538680315,0.057908051,-0.491824836,-2.089223385,0.808529258,0.098917909,-0.124565817,0.566550136
1502,839917,210272,viewpoint,far_left,-0.526561499,1.398912311,-0.540328860,-0.219294578,0.088609464,0.100733750,0.966390669,,,,,,,,0.097495377,-0.443037838,-2.334990978,0.810064554,0.053914730,-0.145044699,0.565553486,,,,,,,
1503,840070,210425,viewpoint,far_left,-0.526528001,1.398815274,-0.540249944,-0.219310969,0.088771820,0.100917935,0.966352820,,,,,,,,0.097730324,-0.440015823,-2.321589231,0.806502998,0.047493871,-0.149655893,0.570000410,,,,,,,
1504,840236,210591,viewpoint,far_left,-0.526556969,1.398973703,-0.540320277,-0.218969479,0.089031436,0.100775920,0.966421247,,,,,,,,,,,,,,,0.057481974,-0.494044513,-2.081747770,0.803346395,0.095479026,-0.127044663,0.573914528
1505,840388,210743,viewpoint,far_left,-0.526552796,1.398845911,-0.540673614,-0.219128966,0.088953011,0.101222306,0.966345668,,,,,,,,0.099415764,-0.447134942,-2.355685711,0.811958432,0.057357430,-0.149279937,0.561381519,0.057434604,-0.493588686,-2.088011265,0.815795481,0.099843569,-0.117864497,0.557330251
1506,840542,210897,viewpoint,far_left,-0.526562929,1.398804665,-0.540811181,-0.219077215,0.089051954,0.101365507,0.966333270,-0.043811157,-0.437142432,-2.271018982,0.808918118,0.141968220,-0.093056902,0.562882721,0.099155948,-0.447949469,-2.360032797,0.813089609,0.058540538,-0.148782194,0.559751928,0.057301536,-0.499839306,-2.114293575,0.815483272,0.105894357,-0.135447249,0.552654922
1507,840693,211048,viewpoint,far_left,-0.526561022,1.398599625,-0.541054130,-0.219334871,0.089295104,0.101461217,0.966242313,-0.041634299,-0.428546220,-2.228020906,0.799425125,0.137993827,-0.081754953,0.578958809,0.099660084,-0.439115852,-2.329233170,0.815280080,0.039891072,-0.170331463,0.552009404,,,,,,,
1508,840845,211200,viewpoint,far_left,-0.526650310,1.397989392,-0.541493773,-0.220818371,0.089417242,0.101289205,0.965911150,,,,,,,,0.098979115,-0.430359721,-2.304587126,0.812676609,0.056377254,-0.173910543,0.553293347,0.062982157,-0.495926082,-2.119209766,0.916430891,0.170818359,0.125826851,-0.339327425
1509,841000,211355,viewpoint,far_left,-0.526517749,1.397433758,-0.541919112,-0.221549913,0.088952594,0.101621099,0.965751648,-0.042674880,-0.418878853,-2.235764742,0.803198159,0.143060073,-0.080039829,0.572712958,0.097136214,-0.426825821,-2.315615416,0.810110867,0.049800210,-0.158614695,0.562211573,0.058452062,-0.484312832,-2.096320629,0.814557612,0.101511285,-0.130445361,0.556035519
1510,841154,211509,viewpoint,far_left,-0.526158810,1.397425056,-0.541987777,-0.221407235,0.088602707,0.101625510,0.965816081,-0.045627527,-0.420711696,-2.240903139,0.801430464,0.141922280,-0.081719123,0.575229645,0.097450912,-0.437247276,-2.361747503,0.812893867,0.062400807,-0.153452426,0.558356643,,,,,,,
1511,841320,211675,viewpoint,far_left,-0.525534272,1.397334456,-0.542075276,-0.221411347,0.088565156,0.101465933,0.965835333,-0.044514827,-0.415385753,-2.205398321,0.789394796,0.132284954,-0.080985829,0.593967795,0.093944415,-0.422999561,-2.294948816,0.816007257,0.043568414,-0.179170027,0.547843099,0.056814432,-0.487662256,-2.111809492,0.811095297,0.099278808,-0.143897235,0.558177114
1512,841472,211827,viewpoint,far_left,-0.524975061,1.397255659,-0.542169452,-0.221369088,0.088912025,0.101532079,0.965806186,-0.044582710,-0.423667789,-2.256035805,0.804973662,0.145408511,-0.083089225,0.569183588,0.099095970,-0.436104536,-2.356582165,0.810732722,0.055275913,-0.148055881,0.563681245,,,,,,,
1513,841637,211992,viewpoint,far_left,-0.524751902,1.397325158,-0.542166114,-0.221596137,0.089312188,0.101574413,0.965712726,,,,,,,,,,,,,,,0.058306679,-0.488586158,-2.118194818,0.819578886,0.111573413,-0.142448321,0.543645382
1514,841792,212147,viewpoint,far_left,-0.524621725,1.397300363,-0.541656137,-0.221506640,0.089767821,0.101449966,0.965704143,-0.041019861,-0.416156024,-2.221670389,0.799070299,0.139677212,-0.078939222,0.579435587,,,,,,,,0.062802993,-0.495356798,-2.136899471,0.814161122,0.123083144,-0.136955589,0.550668180
1515,841943,212298,viewpoint,far_left,-0.524618626,1.397502780,-0.540824533,-0.221166492,0.090296403,0.101576522,0.965719521,-0.039352547,-0.424277902,-2.257352829,0.803882957,0.142099753,-0.082528189,0.571637213,0.104415059,-0.437484235,-2.362535715,0.812662721,0.057221916,-0.144082531,0.561734140,0.063779645,-0.495935142,-2.138801098,0.823664308,0.112023763,-0.145845979,0.536429584
1516,842098,212453,viewpoint,far_left,-0.524436235,1.397830486,-0.540085196,-0.220693260,0.090601377,0.101160198,0.965842903,-0.036986459,-0.421509326,-2.226848364,0.797041416,0.138430148,-0.072410315,0.583368599,0.104718342,-0.433033168,-2.316663265,0.817895651,0.059606865,-0.189739257,0.539900720,0.062225305,-0.485698223,-2.084224224,0.808500290,0.098036446,-0.124309085,0.566801131
1517,842265,212620,viewpoint,far_left,-0.523857355,1.398010015,-0.539925694,-0.221042350,0.090189777,0.100539483,0.965866387,,,,,,,,0.105037153,-0.437415749,-2.360329866,0.811923921,0.054354545,-0.148439705,0.561952710,0.062008031,-0.489470482,-2.112639666,0.819367051,0.106882051,-0.130845010,0.547807872
1518,842415,212770,viewpoint,far_left,-0.523145318,1.398299217,-0.539494157,-0.220674276,0.090176776,0.100262925,0.965980530,-0.039041635,-0.426063061,-2.254993439,0.800428450,0.147488698,-0.076020978,0.576005399,0.101069748,-0.433669090,-2.327638388,0.816541135,0.046707086,-0.168323383,0.550223887,0.061610423,-0.485900998,-2.086928606,0.808445275,0.095408179,-0.120603807,0.568127036
1519,842569,212924,viewpoint,far_left,-0.522744656,1.398587346,-0.539290547,-0.220118225,0.090479575,0.100042194,0.966101944,,,,,,,,0.104556412,-0.440547913,-2.348529577,0.809502423,0.051321175,-0.148450002,0.565716028,0.063307151,-0.492077172,-2.100481272,0.820286393,0.106104635,-0.123831436,0.548213363
1520,842725,213080,viewpoint,far_left,-0.522650123,1.398918033,-0.539258361,-0.219772324,0.090738475,0.100127846,0.966147542,-0.036943715,-0.426422894,-2.228669643,0.796277940,0.140564024,-0.069793522,0.584219158,,,,,,,,0.062407285,-0.495984912,-2.114001036,0.814008296,0.106490508,-0.134515315,0.554937780
1521,842890,213245,viewpoint,far_left,-0.522913814,1.398779511,-0.539710641,-0.219893217,0.091070481,0.100567892,0.966043115,,,,,,,,0.107412562,-0.446049005,-2.377191544,0.815483928,0.063325912,-0.155863255,0.553789258,0.063420743,-0.498247385,-2.124875307,0.818902194,0.113020010,-0.129498154,0.547591031
1522,843042,213397,viewpoint,far_left,-0.522965193,1.398885608,-0.540174603,-0.219482690,0.091191143,0.100774117,0.966103613,,,,,,,,,,,,,,,0.063078500,-0.493250042,-2.093735695,0.810031891,0.100422069,-0.125289112,0.563973784
1523,843197,213552,viewpoint,far_left,-0.522830248,1.398852587,-0.540815473,-0.219525963,0.090966426,0.100921251,0.966099560,-0.038604517,-0.437239170,-2.269656658,0.902413964,0.144497097,0.059369817,-0.401553005,0.104709774,-0.444402993,-2.349163532,0.817725241,0.056488439,-0.171928972,0.546420097,0.062442943,-0.492741525,-2.092873812,0.811873674,0.097543977,-0.124597602,0.561980247
1524,843361,213716,viewpoint,far_left,-0.522955298,1.398809791,-0.541312337,-0.219260350,0.091617435,0.101459652,0.966041982,-0.036053196,-0.430117965,-2.234818220,0.799802363,0.141236141,-0.079550736,0.577962101,0.108161867,-0.450064898,-2.370836020,0.812706888,0.065174490,-0.150744990,0.559048951,,,,,,,
1525,843514,213869,viewpoint,far_left,-0.523626328,1.398848534,-0.541458011,-0.218976110,0.092855752,0.101571180,0.965976477,,,,,,,,,,,,,,,0.068447128,-0.498877704,-2.099261761,0.804162264,0.097863808,-0.124618180,0.572901309
1526,843667,214022,viewpoint,far_left,-0.524339795,1.398968220,-0.541460872,-0.218585208,0.093447670,0.101561919,0.966008902,-0.026781894,-0.437504053,-2.247606277,0.799546838,0.138232827,-0.082702354,0.578599036,0.116259500,-0.450494081,-2.344505548,0.810805261,0.049535487,-0.143271834,0.565344453,0.073796250,-0.508665144,-2.130614758,0.823573470,0.115267023,-0.143064305,0.536631107
1527,843832,214187,viewpoint,far_left,-0.525432825,1.399285436,-0.541455626,-0.218016699,0.094318628,0.102005206,0.966006041,,,,,,,,,,,,,,,0.075959034,-0.500937998,-2.087244511,0.812290967,0.093485482,-0.121038996,0.562844098
1528,843985,214340,viewpoint,far_left,-0.526803017,1.399337411,-0.541438222,-0.217469350,0.095098220,0.102717772,0.965977490,-0.021220703,-0.440298021,-2.234293938,0.799950182,0.136708260,-0.080696657,0.578687012,0.124885082,-0.465214610,-2.391791105,0.815146387,0.060419720,-0.150645241,0.556050241,0.076902345,-0.509306252,-2.112983942,0.816358864,0.106855564,-0.126597762,0.553274870
1529,844139,214494,viewpoint,far_left,-0.527511120,1.399274468,-0.541228414,-0.217873544,0.094292857,0.102855906,0.965950668,,,,,,,,0.119467840,-0.453201085,-2.340309381,0.812842488,0.051284470,-0.158809274,0.558065057,0.076020114,-0.501050591,-2.086607933,0.812125146,0.095107041,-0.120657317,0.562893569
1530,844306,214661,viewpoint,far_left,-0.528146505,1.399062514,-0.540560603,-0.218007550,0.094051629,0.102623016,0.965968668,,,,,,,,0.116740435,-0.448566884,-2.324359894,0.816056192,0.047012612,-0.171894833,0.549812973,0.074824363,-0.497414589,-2.076919079,0.804486752,0.086111709,-0.118022226,0.575722635
1531,844459,214814,viewpoint,far_left,-0.528657556,1.398714304,-0.539249539,-0.218491629,0.093772762,0.102647677,0.965883791,,,,,,,,0.115517497,-0.437814564,-2.293282032,0.812031031,0.038170025,-0.169930890,0.557020724,0.076298349,-0.498027384,-2.095874786,0.810410559,0.090369791,-0.120662019,0.566135049
1532,844611,214966,viewpoint,far_left,-0.528803706,1.398826241,-0.537572265,-0.218142375,0.093345754,0.102433063,0.966026902,-0.024445096,-0.438921481,-2.255964994,0.799789071,0.138539016,-0.084106222,0.577988446,0.119996101,-0.455159575,-2.367332935,0.811243534,0.056149989,-0.146031514,0.563387930,,,,,,,
1533,844765,215120,viewpoint,far_left,-0.529221177,1.398976207,-0.535960317,-0.217812195,0.092844762,0.102427356,0.966150284,,,,,,,,0.117288783,-0.453185737,-2.356373549,0.812677622,0.058830369,-0.156351879,0.558254600,0.074242920,-0.505028009,-2.110560179,0.818650365,0.110098399,-0.120008036,0.550715923
1534,844915,215270,viewpoint,far_left,-0.529865503,1.399319887,-0.534489751,-0.217718154,0.092511073,0.102719545,0.966172457,-0.026434995,-0.435751528,-2.235872984,0.798720539,0.134624198,-0.080807053,0.580854654,0.117634177,-0.455685437,-2.369081259,0.812859416,0.054993752,-0.149688810,0.560203969,0.073860794,-0.508982241,-2.130375385,0.821210980,0.116449110,-0.138983533,0.541050673
1535,845082,215437,viewpoint,far_left,-0.530522823,1.399410486,-0.532990098,-0.217478991,0.092719063,0.102962896,0.966180503,-0.024234414,-0.449301928,-2.311621428,0.810251832,0.123767547,-0.079355955,0.567341447,0.117706031,-0.454243332,-2.362182379,0.812710643,0.058518905,-0.154785454,0.558675587,,,,,,,
1536,845234,215589,viewpoint,far_left,-0.531215310,1.399670124,-0.531746507,-0.217182010,0.092676103,0.102938041,0.966254056,,,,,,,,0.115667060,-0.447212487,-2.313500404,0.811660290,0.049905684,-0.175878718,0.554782510,0.077876471,-0.521136522,-2.171892405,0.818903327,0.125977039,-0.146810770,0.540345967
1537,845390,215745,viewpoint,far_left,-0.531459332,1.399926186,-0.530800223,-0.216731936,0.092501283,0.102908775,0.966374934,,,,,,,,0.116616011,-0.442945153,-2.282234430,0.898372173,0.087677464,0.177359030,-0.392152846,0.073113576,-0.503222048,-2.094986200,0.805630744,0.099096209,-0.123080239,0.570955634
1538,845529,215884,viewpoint,far_left,-0.531997323,1.400366902,-0.529742122,-0.216007337,0.092744090,0.103330612,0.966468930,,,,,,,,,,,,,,,0.076772436,-0.520692229,-2.152611732,0.818616509,0.121371448,-0.150208429,0.540900528
1539,845681,216036,viewpoint,far_left,-0.532059789,1.400547266,-0.529068351,-0.215646774,0.092665650,0.103572570,0.966531038,-0.026364304,-0.443252891,-2.235711336,0.795019925,0.137814060,-0.070529923,0.586494863,0.117133290,-0.461527467,-2.351875067,0.816636503,0.053122308,-0.177963629,0.546453834,0.072299428,-0.506268680,-2.090579033,0.804243326,0.093964614,-0.122969232,0.573796034
1540,845846,216201,viewpoint,far_left,-0.531773329,1.400688410,-0.528363585,-0.215073198,0.092997916,0.103784353,0.966604233,-0.026053553,-0.445231318,-2.236558437,0.795254350,0.135924265,-0.078500517,0.585604668,0.120398730,-0.470790625,-2.391298294,0.810978949,0.058257323,-0.145935878,0.563579559,,,,,,,
1541,846001,216356,viewpoint,far_left,-0.531056523,1.401015043,-0.527826905,-0.214129686,0.092979863,0.103385217,0.966858208,-0.026423026,-0.451037526,-2.243982553,0.795667529,0.137125134,-0.078369491,0.584780455,0.117360294,-0.468333155,-2.356078625,0.809319615,0.053271212,-0.152585194,0.564696133,0.072817229,-0.512033582,-2.091650248,0.806011498,0.096193328,-0.125293300,0.570433080
1542,846154,216509,viewpoint,far_left,-0.530792356,1.400992274,-0.527464271,-0.214006349,0.092993386,0.103486955,0.966873288,-0.026346907,-0.449913323,-2.233108997,0.793613672,0.132517070,-0.078285307,0.588632286,0.117070869,-0.470865816,-2.367827892,0.810568273,0.054542575,-0.150133386,0.563439548,,,,,,,
1543,846304,216659,viewpoint,far_left,-0.530652285,1.401018739,-0.527222037,-0.214024156,0.093677938,0.103712797,0.966779053,,,,,,,,0.120657057,-0.473745823,-2.383474827,0.810824156,0.057942197,-0.151715770,0.562307060,0.078902215,-0.526599050,-2.147914171,0.818163216,0.107847914,-0.150175065,0.544449627
1544,846445,216800,viewpoint,far_left,-0.530560970,1.400995016,-0.526715159,-0.213769346,0.093456425,0.103871398,0.966839850,-0.025904369,-0.447860718,-2.225303173,0.799024999,0.128677502,-0.090980165,0.580279112,,,,,,,,0.074295059,-0.523608446,-2.134766102,0.814671159,0.105090894,-0.138600230,0.553224027
1545,846596,216951,viewpoint,far_left,-0.530617356,1.401035070,-0.526498199,-0.213494688,0.093117155,0.103861257,0.966934323,-0.026421696,-0.451964736,-2.242040634,0.801981986,0.128851101,-0.090764537,0.576180637,,,,,,,,,,,,,,
1546,846762,217117,viewpoint,far_left,-0.531152010,1.401212573,-0.525961280,-0.213140890,0.093096904,0.104212165,0.966976643,-0.027384756,-0.452445269,-2.233390093,0.796353877,0.138391301,-0.071345799,0.584446847,0.113219053,-0.464275330,-2.319134712,0.806916118,0.040912267,-0.159136787,0.567351758,0.071420483,-0.513673186,-2.083291292,0.802898407,0.089522175,-0.122515999,0.576480508
1547,846915,217270,viewpoint,far_left,-0.531581163,1.401447177,-0.525656343,-0.212655559,0.093649313,0.103681535,0.967087150,-0.022744359,-0.465860546,-2.285010338,0.799596190,0.143774807,-0.094702162,0.575331450,0.118942961,-0.465915024,-2.306414604,0.897600710,0.095531046,0.157773167,-0.400367826,,,,,,,
1548,847067,217422,viewpoint,far_left,-0.531761408,1.401594996,-0.525139213,-0.212376967,0.093040906,0.102608226,0.967321515,,,,,,,,0.116826102,-0.471834540,-2.330737829,0.810929894,0.048400708,-0.170358166,0.557699144,0.078570165,-0.529272020,-2.124520063,0.812786758,0.095937327,-0.127915859,0.560188591
1549,847223,217578,viewpoint,far_left,-0.531932712,1.401690960,-0.524680495,-0.212193415,0.092601106,0.101731919,0.967496574,,,,,,,,0.116274744,-0.469993711,-2.320346117,0.807363093,0.050751291,-0.170478612,0.562606692,0.075891271,-0.522828937,-2.101413965,0.804749191,0.084988885,-0.114987515,0.576136708
1550,847375,217730,viewpoint,far_left,-0.532029271,1.401874304,-0.524255157,-0.211925596,0.093009152,0.101919971,0.967496336,-0.023267627,-0.466281205,-2.268341303,0.799396396,0.143164366,-0.091387138,0.576296687,0.116070852,-0.466827124,-2.306060791,0.809584439,0.041301984,-0.185319483,0.555449247,0.076792948,-0.522188246,-2.094473839,0.807593286,0.092688240,-0.118418604,0.570244789
1551,847527,217882,viewpoint,far_left,-0.532053113,1.401940823,-0.524218678,-0.211927935,0.093039662,0.102229349,0.967460275,-0.023939464,-0.470353752,-2.284260988,0.806653678,0.132095307,-0.096739151,0.567892790,0.116061866,-0.467025638,-2.307661295,0.809215784,0.040801171,-0.182740912,0.556876004,0.076693609,-0.523663819,-2.101423502,0.807613552,0.090488419,-0.116291262,0.571006715
1552,847681,218036,viewpoint,far_left,-0.532192469,1.401919842,-0.524175286,-0.211737812,0.093404606,0.102924310,0.967393041,-0.022344340,-0.461695611,-2.244421244,0.796923757,0.135969669,-0.080783457,0.583008528,0.120379642,-0.479283154,-2.358698845,0.806826770,0.048781253,-0.156627864,0.567555070,0.077014402,-0.523099601,-2.096771717,0.809902668,0.093809262,-0.119740263,0.566497743
1553,847848,218203,viewpoint,far_left,-0.532425523,1.401784301,-0.524321198,-0.211647138,0.094318196,0.103667036,0.967244923,-0.019128758,-0.473404646,-2.304837465,0.803356588,0.120636433,-0.075545959,0.578236938,0.125068083,-0.486709177,-2.389011860,0.810656667,0.055737913,-0.149453104,0.563376367,0.078127950,-0.528120756,-2.117326736,0.811615407,0.106911160,-0.137719557,0.557569563
1554,848002,218357,viewpoint,far_left,-0.532610416,1.401651144,-0.524649501,-0.211845413,0.094378613,0.103536405,0.967209578,-0.021290246,-0.476057559,-2.308036566,0.904239476,0.138108730,0.055911079,-0.400188625,0.122026473,-0.472051114,-2.328583956,0.815174937,0.037654690,-0.178237811,0.549821198,0.079160929,-0.526379287,-2.108902454,0.800939083,0.098527618,-0.117231257,0.578831315
1555,848152,218507,viewpoint,far_left,-0.532845259,1.401836157,-0.524737000,-0.211259589,0.094399132,0.103730932,0.967314899,,,,,,,,0.120982543,-0.475209475,-2.320680618,0.808010995,0.046981446,-0.173495486,0.561079562,0.080817789,-0.528719366,-2.103833914,0.810287952,0.087225668,-0.115178309,0.567942858
1556,848305,218660,viewpoint,far_left,-0.533080101,1.401898026,-0.525190473,-0.211371601,0.094653040,0.103628173,0.967276633,-0.017754829,-0.471072108,-2.278042078,0.799907386,0.146670580,-0.088045113,0.575225174,,,,,,,,0.081418619,-0.527766049,-2.101471186,0.806542635,0.084282868,-0.119508237,0.572802961
1557,848460,218815,viewpoint,far_left,-0.533194900,1.401975751,-0.525537610,-0.211119384,0.094051003,0.103575408,0.967396080,-0.021623302,-0.475500405,-2.278614521,0.902986526,0.138475433,0.056565020,-0.402790636,0.123578936,-0.484753698,-2.358709574,0.812763572,0.053268578,-0.169975981,0.554694533,0.077216916,-0.524471343,-2.085643530,0.800552070,0.092255473,-0.123172596,0.579166532
1558,848610,218965,viewpoint,far_left,-0.533288360,1.401687384,-0.526511550,-0.211977303,0.093829490,0.103583016,0.967229128,-0.021469343,-0.458232224,-2.227309942,0.793132544,0.131935880,-0.076823235,0.589603245,0.125665113,-0.488350183,-2.395642996,0.811140597,0.059063632,-0.151004732,0.561925292,0.078113154,-0.523136079,-2.095854044,0.808955789,0.097405329,-0.128208607,0.565389574
1559,848765,219120,viewpoint,far_left,-0.533437252,1.401179314,-0.527650237,-0.213312238,0.094191641,0.103590243,0.966899633,-0.018758692,-0.456912220,-2.251943350,0.799117267,0.141530648,-0.078987271,0.578914285,0.121631533,-0.463104695,-2.314735889,0.811421633,0.043404646,-0.180336773,0.554246843,0.081316873,-0.525013328,-2.126239300,0.811147332,0.095291950,-0.134935245,0.561027646
1560,848917,219272,viewpoint,far_left,-0.533680916,1.400673389,-0.528760552,-0.214155883,0.094732255,0.103730164,0.966645300,-0.016403541,-0.450023532,-2.234287024,0.794870317,0.131164297,-0.078230694,0.587245345,0.127682179,-0.471083671,-2.367849112,0.809633315,0.052774440,-0.148314819,0.565430284,,,,,,,
1561,849070,219425,viewpoint,far_left,-0.533940554,1.400311232,-0.529546618,-0.214474604,0.094591364,0.104066469,0.966552258,-0.018310042,-0.451767147,-2.251575232,0.800118268,0.142011374,-0.083538875,0.576771021,0.124375790,-0.463214099,-2.336966753,0.808573008,0.043870952,-0.156125322,0.565605879,0.081255168,-0.510691166,-2.086340427,0.810709059,0.092333302,-0.121988617,0.565105498
1562,849222,219577,viewpoint,far_left,-0.534233570,1.399896860,-0.530352950,-0.215103731,0.094795093,0.104064196,0.966392696,,,,,,,,0.126034230,-0.462799639,-2.337267399,0.815475941,0.042935595,-0.174521014,0.550179958,0.081446730,-0.509314775,-2.085281372,0.802349210,0.091046788,-0.121387988,0.577244520
1563,849376,219731,viewpoint,far_left,-0.534490585,1.399753213,-0.530635238,-0.215218514,0.094791792,0.104612477,0.966308296,-0.016446076,-0.446125805,-2.237192631,0.797417104,0.131766170,-0.081605569,0.583184540,0.126034424,-0.464703828,-2.351919413,0.815879226,0.038383707,-0.167509869,0.552094400,0.081719145,-0.508670807,-2.087466955,0.805360794,0.083893239,-0.132900402,0.571571052
1564,849528,219883,viewpoint,far_left,-0.534687519,1.400010824,-0.530826688,-0.214439467,0.094353609,0.104706734,0.966514170,,,,,,,,0.123223320,-0.460405052,-2.307423353,0.894680083,0.094661728,0.148304254,-0.410600305,,,,,,,
1565,849681,220036,viewpoint,far_left,-0.534922361,1.400229216,-0.530534148,-0.213946611,0.093808345,0.104951076,0.966649950,,,,,,,,0.117924064,-0.460342288,-2.295343637,0.803206265,0.027291888,-0.156411096,0.574151874,0.076035231,-0.513246655,-2.081888199,0.803064704,0.087478377,-0.122160323,0.576638043
1566,849818,220173,viewpoint,far_left,-0.534758806,1.400310397,-0.531029582,-0.214526489,0.093718946,0.104397394,0.966590047,-0.021757625,-0.449691802,-2.234085083,0.795989752,0.132519826,-0.079461791,0.585256040,0.122188717,-0.470521957,-2.366423845,0.810817540,0.051398240,-0.151070103,0.563126028,,,,,,,
1567,849985,220340,viewpoint,far_left,-0.534704208,1.400214195,-0.530897021,-0.214793757,0.093223833,0.104724988,0.966543138,,,,,,,,,,,,,,,0.075104065,-0.507872045,-2.080346107,0.803935707,0.084249817,-0.117972329,0.576777101
1568,850137,220492,viewpoint,far_left,-0.535018325,1.400324583,-0.530511260,-0.214516357,0.093355998,0.105100460,0.966551244,-0.024245098,-0.456968516,-2.271713972,0.808529973,0.129802614,-0.094772376,0.566081882,0.116591498,-0.458265215,-2.317779541,0.811926484,0.044734333,-0.182881057,0.552565575,0.078446157,-0.517041743,-2.110760450,0.815863073,0.100388214,-0.132909238,0.553737164
1569,850278,220633,viewpoint,far_left,-0.535238504,1.400055647,-0.529897809,-0.214951366,0.093604527,0.105735347,0.966361284,,,,,,,,0.118980527,-0.465373367,-2.356223345,0.816456795,0.046221446,-0.176005483,0.547981858,0.077685207,-0.516021729,-2.115186691,0.813832700,0.084461659,-0.127982110,0.560502589
1570,850431,220786,viewpoint,far_left,-0.535197258,1.400039434,-0.529170632,-0.214873880,0.093780279,0.105855398,0.966348350,-0.021645458,-0.447668195,-2.242203712,0.797374904,0.135198817,-0.080302760,0.582637191,0.119825423,-0.463303924,-2.343249083,0.814419806,0.037978396,-0.172413304,0.552767277,0.076618299,-0.510469973,-2.090006351,0.806370378,0.090006985,-0.123934954,0.571231782
1571,850598,220953,viewpoint,far_left,-0.535420299,1.399873853,-0.528672814,-0.215166569,0.093407467,0.105901793,0.966314256,,,,,,,,0.122408599,-0.468504518,-2.384397745,0.810367465,0.053225901,-0.150366291,0.563792229,0.077141821,-0.508910835,-2.096818447,0.814196467,0.092069305,-0.126013279,0.559220910
1572,850751,221106,viewpoint,far_left,-0.535996437,1.399639010,-0.527943730,-0.215149358,0.094804741,0.106695473,0.966094673,-0.018482912,-0.448863417,-2.262116909,0.801561415,0.142044663,-0.087158360,0.574217796,0.126982555,-0.467860013,-2.381936550,0.809683859,0.051602650,-0.151856437,0.564525247,0.081567556,-0.509412706,-2.099499464,0.814784229,0.089077629,-0.120855339,0.559987426
1573,850903,221258,viewpoint,far_left,-0.536198854,1.399648666,-0.527520776,-0.215155587,0.095338181,0.107017763,0.966005147,-0.016422315,-0.443614244,-2.233363867,0.795657158,0.132444307,-0.076909371,0.586065948,0.130332440,-0.471896142,-2.395442963,0.811294198,0.054194435,-0.148751616,0.562794566,,,,,,,
1574,851057,221412,viewpoint,far_left,-0.536355019,1.400041580,-0.527057052,-0.214411214,0.095702574,0.107241757,0.966109753,,,,,,,,,,,,,,,0.081401691,-0.509918451,-2.085716486,0.804821670,0.090378940,-0.121338584,0.573908329
1575,851223,221578,viewpoint,far_left,-0.536154509,1.400290728,-0.526901126,-0.214222997,0.095821172,0.106981568,0.966168582,-0.015728371,-0.448906422,-2.238766670,0.796264112,0.129593059,-0.071883991,0.586516738,0.128182128,-0.465878844,-2.352455378,0.818002403,0.036531974,-0.174086511,0.547020495,0.082138464,-0.512116194,-2.090584517,0.806999266,0.093970761,-0.120838143,0.570368230
1576,851362,221717,viewpoint,far_left,-0.535959244,1.400393963,-0.526757836,-0.214337245,0.096116371,0.106690310,0.966146111,,,,,,,,0.126710519,-0.456681401,-2.308184862,0.810867608,0.037524480,-0.174677908,0.557290912,0.085523270,-0.518323421,-2.118866682,0.811911643,0.094350323,-0.134855166,0.560099661
1577,851526,221881,viewpoint,far_left,-0.535646558,1.400520086,-0.526574016,-0.214199260,0.096271731,0.106388018,0.966194630,-0.012556411,-0.448869079,-2.235541821,0.798487782,0.132604495,-0.076431461,0.582229853,0.132014826,-0.470625877,-2.370896101,0.809880793,0.049741879,-0.155354574,0.563456953,0.087798849,-0.521694243,-2.128323078,0.815702736,0.103138633,-0.149874851,0.549116671
1578,851681,222036,viewpoint,far_left,-0.535697460,1.400671363,-0.526596189,-0.213789403,0.095961295,0.106493913,0.966304600,,,,,,,,0.126894578,-0.465479344,-2.327520370,0.809721291,0.048591718,-0.172395378,0.558811426,0.087538518,-0.523014486,-2.120523214,0.815971136,0.090417959,-0.129547656,0.556087255
1579,851832,222187,viewpoint,far_left,-0.535813093,1.400528193,-0.527154803,-0.214293942,0.096191622,0.106572948,0.966161251,,,,,,,,0.127320513,-0.457780719,-2.314342737,0.810183704,0.039347436,-0.174144566,0.558326006,0.088128999,-0.523085773,-2.135130644,0.815207779,0.104583636,-0.149784043,0.549602807
1580,851986,222341,viewpoint,far_left,-0.536180973,1.400460720,-0.527393460,-0.214545012,0.096161857,0.106567658,0.966109037,-0.012295209,-0.448370785,-2.249219656,0.804632604,0.120630175,-0.080305286,0.575817645,0.130339041,-0.463029355,-2.336081505,0.811185062,0.043838568,-0.161100507,0.560449481,0.085105218,-0.507960677,-2.079146862,0.806251705,0.083896719,-0.114207089,0.574348569
1581,852138,222493,viewpoint,far_left,-0.536264539,1.400414109,-0.527363896,-0.214263692,0.096244238,0.106581159,0.966161788,-0.012670964,-0.447732925,-2.230995893,0.798302829,0.132210195,-0.076941051,0.582505882,0.126823291,-0.456002533,-2.304719210,0.809814334,0.037206210,-0.174617007,0.558860898,0.087709874,-0.516190708,-2.106274843,0.816040814,0.095829174,-0.130595013,0.554832458
1582,852291,222646,viewpoint,far_left,-0.536110997,1.400475025,-0.527462125,-0.214187831,0.095946677,0.106269598,0.966242492,-0.013760448,-0.455701113,-2.268992662,0.800341785,0.140355110,-0.086235203,0.576469302,0.130926251,-0.472663403,-2.377724886,0.811934233,0.055467915,-0.151638150,0.560974181,,,,,,,
1583,852459,222814,viewpoint,far_left,-0.535872459,1.400364518,-0.527698159,-0.214575633,0.095992297,0.105639338,0.966221035,-0.012313195,-0.444986910,-2.220466852,0.794575632,0.129843280,-0.069990188,0.588975191,0.132364690,-0.467644989,-2.357278109,0.812432230,0.048364569,-0.158742055,0.558941662,0.085633621,-0.509751558,-2.084681034,0.806810319,0.089602746,-0.117775276,0.571976781
1584,852612,222967,viewpoint,far_left,-0.535540581,1.400088549,-0.527929425,-0.214882463,0.095778212,0.105742112,0.966162860,-0.012138022,-0.453428149,-2.274398327,0.799368203,0.137695357,-0.085845709,0.578516245,0.125699356,-0.447026461,-2.258248568,0.896253407,0.090691529,0.173555240,-0.397974253,0.086541504,-0.515049517,-2.110305071,0.812677979,0.085443959,-0.121461488,0.563472271
1585,852764,223119,viewpoint,far_left,-0.535302639,1.399912000,-0.528081775,-0.214957103,0.095772669,0.105753399,0.966145575,,,,,,,,0.126227468,-0.448792577,-2.266426802,0.896800458,0.091384754,0.174596474,-0.396123469,0.088726498,-0.520468712,-2.132972240,0.817040980,0.087831147,-0.132381514,0.554260850
1586,852915,223270,viewpoint,far_left,-0.535292506,1.399899840,-0.528108716,-0.214744911,0.095946491,0.106096707,0.966137886,-0.012361869,-0.458125621,-2.297010422,0.801936626,0.143492684,-0.094862364,0.572108984,,,,,,,,0.087906808,-0.528909266,-2.167193651,0.821309209,0.114049807,-0.158324406,0.536075652
1587,853071,223426,viewpoint,far_left,-0.534782648,1.399910331,-0.528491139,-0.215073168,0.095723115,0.105376795,0.966165781,,,,,,,,0.126512110,-0.450863928,-2.280633211,0.896084189,0.094717823,0.161772132,-0.402357459,,,,,,,
1588,853223,223578,viewpoint,far_left,-0.534297466,1.399791837,-0.528729796,-0.215461493,0.095786989,0.105645664,0.966043591,,,,,,,,0.127028778,-0.456104517,-2.332393408,0.814980328,0.040825412,-0.173867494,0.551280797,0.083834842,-0.511347890,-2.107396603,0.803847373,0.097975306,-0.118429005,0.574634552
1589,853373,223728,viewpoint,far_left,-0.533895969,1.399840474,-0.528562188,-0.215189978,0.095791146,0.105472319,0.966122627,,,,,,,,0.127743483,-0.453517288,-2.293246984,0.896928251,0.095186599,0.160560653,-0.400848508,,,,,,,
1590,853542,223897,viewpoint,far_left,-0.533697367,1.399708629,-0.528527617,-0.215549514,0.095692791,0.105271935,0.966074049,,,,,,,,0.127934888,-0.457357615,-2.332393408,0.809794128,0.054452784,-0.168261558,0.559425116,0.077421114,-0.474373817,-1.950298190,0.795912921,0.091478258,-0.145308688,0.580551267
1591,853694,224049,viewpoint,far_left,-0.533951998,1.399710655,-0.528253675,-0.215540960,0.096069872,0.105357364,0.966029227,-0.012526507,-0.443168700,-2.240016222,0.800573826,0.137310818,-0.073858805,0.578594983,,,,,,,,0.085658833,-0.505369842,-2.087614536,0.808815777,0.089282416,-0.119927026,0.568738222
1592,853846,224201,viewpoint,far_left,-0.534546018,1.399566412,-0.527925849,-0.215767995,0.096221045,0.105601273,0.965936899,-0.011347746,-0.442289263,-2.242230177,0.798929989,0.132504418,-0.080176391,0.581141293,0.131412163,-0.458002687,-2.344575405,0.808796227,0.039370943,-0.179757878,0.558556855,0.086361140,-0.510624349,-2.115957499,0.814558983,0.100435659,-0.130361870,0.556248367
1593,854001,224356,viewpoint,far_left,-0.535323381,1.399548888,-0.527658820,-0.215777457,0.097086996,0.106517062,0.965747535,,,,,,,,,,,,,,,0.094344378,-0.519051552,-2.145375013,0.820299804,0.090230055,-0.130697638,0.549440563
1594,854165,224520,viewpoint,far_left,-0.535686731,1.399503112,-0.527586102,-0.215765551,0.097788714,0.107011415,0.965624750,-0.006190114,-0.441688746,-2.240083933,0.798787773,0.130585119,-0.079327799,0.581887245,0.132748157,-0.449740410,-2.300403595,0.807189584,0.030103905,-0.154956222,0.568794608,0.090693399,-0.505522370,-2.090239763,0.805218816,0.087426081,-0.119226165,0.574251175
1595,854318,224673,viewpoint,far_left,-0.535575986,1.399726391,-0.527805924,-0.215422511,0.097744428,0.106980242,0.965709269,-0.006785899,-0.443875879,-2.234698296,0.798535109,0.131471619,-0.077175610,0.582323730,0.139625594,-0.469842762,-2.386482716,0.811160803,0.049402088,-0.148213610,0.563569307,,,,,,,
1596,854473,224828,viewpoint,far_left,-0.535467148,1.399868727,-0.528320432,-0.215204373,0.097791664,0.106711008,0.965782940,-0.006631918,-0.444449157,-2.233153820,0.795857966,0.129328847,-0.076857656,0.586495578,0.137800142,-0.467906475,-2.367878199,0.818877161,0.038657147,-0.167984575,0.547473371,0.092330568,-0.513826191,-2.105233908,0.813571811,0.079700954,-0.141753510,0.558260322
1597,854624,224979,viewpoint,far_left,-0.535106897,1.400168538,-0.528733611,-0.214700401,0.097529382,0.106473066,0.965947866,-0.008053629,-0.452675670,-2.270579815,0.806791186,0.129635409,-0.085086539,0.570125461,0.135775253,-0.467548966,-2.358234882,0.812046289,0.051402379,-0.165368885,0.557307720,0.089668266,-0.510837615,-2.091394663,0.807610869,0.081350207,-0.115017645,0.572641075
1598,854776,225131,viewpoint,moving_to_far_right,-0.535169601,1.400111318,-0.529552817,-0.214455202,0.097972207,0.106702410,0.965932190,-0.007026380,-0.447910219,-2.228105068,0.795469403,0.129122555,-0.074683316,0.587348580,0.138927996,-0.474285960,-2.385031462,0.811530888,0.050901450,-0.148291603,0.562882185,,,,,,,
1599,854930,225285,viewpoint,moving_to_far_right,-0.535380602,1.399982929,-0.530250907,-0.214672044,0.098579951,0.107187301,0.965768516,,,,,,,,,,,,,,,,,,,,,
1600,855084,225439,viewpoint,moving_to_far_right,-0.535725355,1.399721503,-0.531592727,-0.215485319,0.098087244,0.107209831,0.965635002,-0.006618895,-0.444375098,-2.231122255,0.796240389,0.129437745,-0.079149283,0.585647106,0.133655488,-0.454384625,-2.298919201,0.811181903,0.040298130,-0.169020548,0.558383405,0.091902375,-0.512051523,-2.099926710,0.811092556,0.082325332,-0.131957054,0.563860536
1601,855236,225591,viewpoint,moving_to_far_right,-0.536303520,1.399169087,-0.533494353,-0.216653809,0.097245798,0.107212670,0.965458333,,,,,,,,0.133319631,-0.458156139,-2.344715118,0.812885642,0.055119749,-0.172735542,0.553481042,0.088702105,-0.515310824,-2.134866238,0.813932419,0.107604615,-0.133298874,0.555127740
1602,855401,225756,viewpoint,moving_to_far_right,-0.537263036,1.398473263,-0.536692023,-0.218438506,0.094407357,0.106610127,0.965404689,,,,,,,,0.121383622,-0.445795178,-2.328551054,0.812029600,0.048224755,-0.167503223,0.556978405,0.078880005,-0.501436353,-2.106439114,0.805233657,0.098780595,-0.118135162,0.572612584
1603,855556,225911,viewpoint,moving_to_far_right,-0.539441586,1.397465110,-0.541771293,-0.221375868,0.086553745,0.104878336,0.965661287,-0.044911806,-0.432576030,-2.306821108,0.812583983,0.128924266,-0.084208213,0.562134087,0.095849693,-0.426770359,-2.292387247,0.893954515,0.093349017,0.151314795,-0.411381930,0.056164168,-0.497606426,-2.149487972,0.822078943,0.107135728,-0.146980509,0.539541364
1604,855707,226062,viewpoint,moving_to_far_right,-0.543139577,1.395423412,-0.546896577,-0.225147441,0.076442420,0.101594456,0.965993702,,,,,,,,,,,,,,,0.028585501,-0.470132440,-2.101014614,0.811005771,0.098707095,-0.126511425,0.562602460
1605,855873,226228,viewpoint,moving_to_far_right,-0.547048450,1.391271830,-0.550145507,-0.227751628,0.063557878,0.100584999,0.966422379,-0.122075357,-0.387614489,-2.231231451,0.803978860,0.160050243,-0.086081170,0.566208363,0.014814377,-0.393985778,-2.325536251,0.812343776,0.074291870,-0.172280952,0.552175343,-0.014593575,-0.456907183,-2.110772371,0.819277346,0.128497869,-0.146264747,0.539332509
1606,856028,226383,viewpoint,moving_to_far_right,-0.548145652,1.386700392,-0.551264882,-0.232476681,0.050332226,0.093605876,0.966777742,-0.161078855,-0.361344993,-2.210837126,0.804528534,0.172708660,-0.091310747,0.560863614,,,,,,,,-0.049540803,-0.428549916,-2.094318628,0.815974295,0.136512488,-0.141576022,0.543605149
1607,856180,226535,viewpoint,moving_to_far_right,-0.544778109,1.382453799,-0.552612185,-0.241738617,0.033258319,0.087613992,0.965805411,-0.224546611,-0.325881124,-2.270879984,0.803927183,0.170513526,-0.108359374,0.559360743,-0.086608768,-0.311485857,-2.275035858,0.891465962,0.098673478,0.109356955,-0.428477556,-0.104887463,-0.383609623,-2.086278915,0.809580147,0.151726186,-0.149600103,0.546972513
1608,856334,226689,viewpoint,moving_to_far_right,-0.535056829,1.380967021,-0.556791663,-0.250696301,0.004267319,0.077317506,0.964963794,,,,,,,,-0.206748128,-0.271215081,-2.334742308,0.815733910,0.142328069,-0.196452022,0.525097668,-0.203759253,-0.339004427,-2.070575476,0.804645240,0.172976539,-0.148130059,0.548345387
1609,856470,226825,viewpoint,moving_to_far_right,-0.516780972,1.376866698,-0.566705823,-0.268032819,-0.040011998,0.062371664,0.960555673,-0.503976345,-0.208988845,-2.175320625,0.807017446,0.261091024,-0.126063094,0.514453530,,,,,,,,-0.372826874,-0.274042189,-2.094599485,0.815784514,0.235045657,-0.189068481,0.493459523
1610,856624,226979,viewpoint,moving_to_far_right,-0.493043423,1.373904824,-0.574741006,-0.282806337,-0.088317715,0.047829844,0.953904033,-0.684545815,-0.156963781,-2.088871479,0.804629862,0.300711155,-0.141587377,0.492033213,-0.589729488,-0.129905745,-2.248604536,0.811398804,0.225582540,-0.230997488,0.487221390,-0.545878410,-0.219272807,-2.036382198,0.812265694,0.275099456,-0.195044771,0.475922585
1611,856803,227158,viewpoint,moving_to_far_right,-0.461452007,1.369721174,-0.584395051,-0.294432998,-0.108028665,0.041082300,0.948657632,,,,,,,,-0.681926727,-0.086346939,-2.170132875,0.803331375,0.235813096,-0.224450156,0.498671293,-0.627404213,-0.177850097,-1.961457849,0.807313681,0.282162666,-0.188848019,0.482664824
1612,856972,227327,viewpoint,moving_to_far_right,-0.409375429,1.369427919,-0.599562526,-0.291246116,-0.092590056,0.045859836,0.951051891,-0.777417421,-0.132368550,-2.037384272,0.810560644,0.307024926,-0.135817677,0.479875773,-0.682300746,-0.101416364,-2.176656961,0.814304888,0.231873944,-0.226761997,0.481374145,-0.638110101,-0.193760589,-1.982299447,0.813308656,0.279332012,-0.193536818,0.472277611
1613,857139,227494,viewpoint,moving_to_far_right,-0.348913908,1.372807741,-0.611222386,-0.278961062,-0.057608675,0.061112113,0.956622839,,,,,,,,-0.621903539,-0.146537676,-2.179757595,0.865276515,0.062973224,-0.025195034,-0.496685177,,,,,,,
1614,857320,227675,viewpoint,moving_to_far_right,-0.290347099,1.378368735,-0.623378396,-0.278836787,-0.023171036,0.082394741,0.956516743,,,,,,,,-0.590584278,-0.130597368,-2.224270821,0.823128998,0.169454724,-0.218549013,0.495963842,-0.570311606,-0.219253406,-2.009036541,0.821885288,0.215513796,-0.170323461,0.499047488
1615,857484,227839,viewpoint,moving_to_far_right,-0.249361992,1.380756021,-0.628964782,-0.275250107,0.020905895,0.096014336,0.956337571,,,,,,,,-0.461307943,-0.131413534,-2.227461815,0.828631103,0.116015203,-0.191474557,0.513077438,-0.463461697,-0.217728391,-2.032851696,0.835417986,0.167854756,-0.159923866,0.498323202
1616,857654,228009,viewpoint,moving_to_far_right,-0.225883126,1.380728364,-0.628601670,-0.271759003,0.039207712,0.094845563,0.956877291,,,,,,,,-0.405097663,-0.142080471,-2.227773905,0.832772434,0.096435785,-0.186426520,0.512284398,,,,,,,
1617,857819,228174,viewpoint,moving_to_far_right,-0.213615656,1.382348776,-0.629268050,-0.268857241,0.049717542,0.085650072,0.958075166,-0.489584088,-0.175510630,-2.150239229,0.815838099,0.189137071,-0.079854406,0.540609658,-0.362331390,-0.166461602,-2.235761881,0.832630813,0.095105261,-0.184061527,0.513616800,-0.379041076,-0.249567702,-2.053680182,0.830703259,0.138555020,-0.130645454,0.523131430
1618,857984,228339,viewpoint,moving_to_far_right,-0.207528353,1.381278157,-0.632840753,-0.268372595,0.042902693,0.084513620,0.958641231,-0.521407545,-0.179812685,-2.141051531,0.814541817,0.191304892,-0.087652169,0.540593326,-0.401070774,-0.173317418,-2.259835482,0.836440444,0.099098511,-0.194800735,0.502592981,-0.408127129,-0.252090454,-2.035858631,0.826435804,0.139332369,-0.132893667,0.529083848
1619,858153,228508,viewpoint,moving_to_far_right,-0.204130888,1.383655667,-0.637618423,-0.256837875,0.031110849,0.089335382,0.961813748,-0.583256841,-0.229153499,-2.122318983,0.807361841,0.199328780,-0.097283319,0.546782255,,,,,,,,-0.460922360,-0.296530336,-1.994328737,0.817584693,0.147444129,-0.147243351,0.536782086
1620,858321,228676,viewpoint,moving_to_far_right,-0.202395082,1.381840944,-0.649213672,-0.252510458,0.031140404,0.093096130,0.962601602,,,,,,,,-0.471980095,-0.241427004,-2.199920893,0.817703545,0.106865920,-0.182434499,0.535404682,-0.475303829,-0.314580977,-1.995864153,0.813604176,0.145812169,-0.160537302,0.539458036
1621,858487,228842,viewpoint,moving_to_far_right,-0.197386622,1.380510807,-0.664416671,-0.244205862,0.035906997,0.098222092,0.964067757,,,,,,,,-0.469243348,-0.272416502,-2.175922394,0.810389519,0.101903640,-0.181318179,0.547730148,-0.482691646,-0.350003809,-2.008527040,0.822358072,0.153813556,-0.167435065,0.521568894
1622,858640,228995,viewpoint,moving_to_far_right,-0.186161876,1.379002452,-0.688232780,-0.230559796,0.047414046,0.103241742,0.966403246,,,,,,,,-0.455457211,-0.341291279,-2.178286076,0.805621386,0.091698907,-0.174007908,0.558826208,-0.462896049,-0.403960735,-1.956675053,0.815728545,0.132141426,-0.149336547,0.542977214
1623,858793,229148,viewpoint,moving_to_far_right,-0.174026489,1.376397252,-0.716916919,-0.222092435,0.057198174,0.112221569,0.966855526,-0.572651982,-0.362725347,-2.041913509,0.796266139,0.165369704,-0.111779444,0.571067929,-0.443559408,-0.365644068,-2.108504295,0.802705824,0.069063395,-0.188888595,0.561439931,-0.477331996,-0.442828745,-1.979045630,0.822945297,0.116530776,-0.169868425,0.529458582
1624,858959,229314,viewpoint,moving_to_far_right,-0.161518574,1.374055505,-0.747085690,-0.229536906,0.070263147,0.116484866,0.963746428,,,,,,,,-0.424474955,-0.354385734,-2.139278412,0.818423212,0.059117109,-0.184426501,0.540994942,,,,,,,
1625,859126,229481,viewpoint,moving_to_far_right,-0.145323634,1.372496843,-0.766145110,-0.240688339,0.073496692,0.106354155,0.961954355,,,,,,,,-0.394448996,-0.311177045,-2.068943262,0.810621202,0.063800044,-0.172228590,0.556021750,-0.424232364,-0.384861022,-1.908331633,0.824050963,0.120071948,-0.132308736,0.537603259
1626,859278,229633,viewpoint,moving_to_far_right,-0.125929832,1.375278831,-0.785871387,-0.239017695,0.079414591,0.103025690,0.962262750,,,,,,,,-0.393150866,-0.331795931,-2.063159943,0.810480475,0.064710580,-0.159557328,0.559888721,-0.428155959,-0.406907320,-1.917057037,0.828176856,0.117396355,-0.139794573,0.529904366
1627,859445,229800,viewpoint,moving_to_far_right,-0.092576742,1.367961884,-0.806709409,-0.232921600,0.097080849,0.095648997,0.962898791,-0.507192254,-0.374333322,-2.083114862,0.897590756,0.009359834,-0.134180740,-0.419807941,-0.357456207,-0.362064689,-2.069225073,0.814013302,0.046873741,-0.151473463,0.558785260,-0.388737023,-0.427434862,-1.886334181,0.814820528,0.098513223,-0.122531153,0.557986379
1628,859598,229953,viewpoint,moving_to_far_right,-0.023513317,1.356428504,-0.829266191,-0.235390648,0.132189110,0.101151891,0.957541466,-0.440302968,-0.327863753,-2.041509390,0.809162557,0.103432335,-0.057179749,0.575576425,-0.303016484,-0.333334208,-2.078879833,0.819400787,0.013543215,-0.137989044,0.556199610,,,,,,,
1629,859765,230120,viewpoint,moving_to_far_right,0.065496206,1.355032921,-0.851775050,-0.229138389,0.173435539,0.116376802,0.950721920,-0.402741253,-0.313521564,-2.047862530,0.807957947,0.051037475,-0.047132261,0.585130632,-0.271765262,-0.336447895,-2.146263599,0.833521843,-0.016033832,-0.145684540,0.532691658,-0.334999681,-0.399161905,-1.972059608,0.836576998,0.030631969,-0.093009919,0.539026678
1630,859918,230273,viewpoint,moving_to_far_right,0.158829927,1.357011676,-0.875995278,-0.232062191,0.198568225,0.118281320,0.944842458,,,,,,,,-0.261958659,-0.293320090,-2.077587366,0.812934101,-0.057424400,-0.111927345,0.568606079,-0.348177135,-0.373658836,-2.032469034,0.842422366,0.006372370,-0.076130979,0.533374250
1631,860083,230438,viewpoint,moving_to_far_right,0.234988868,1.361867428,-0.883392930,-0.222745329,0.229075223,0.118622437,0.940126479,,,,,,,,-0.225307614,-0.316695601,-2.113004446,0.815056682,-0.074722856,-0.090818599,0.567319155,,,,,,,
1632,860251,230606,viewpoint,moving_to_far_right,0.307802320,1.366953135,-0.885510564,-0.217518717,0.247149751,0.117802918,0.936869860,-0.365648448,-0.308193386,-2.188191414,0.808106959,0.004140581,-0.001183136,0.589020073,-0.220090523,-0.321410358,-2.140654802,0.887595356,-0.138989151,0.029326897,-0.438173980,-0.328276396,-0.406548411,-2.164739609,0.842241824,-0.040257741,-0.040604543,0.536059082
1633,860417,230772,viewpoint,moving_to_far_right,0.355081975,1.372565031,-0.886314511,-0.221383780,0.252238333,0.127359807,0.933351219,,,,,,,,-0.253318369,-0.282880604,-2.177412033,0.813861489,-0.113759838,-0.094143130,0.561983407,-0.356387317,-0.357530534,-2.140232563,0.838151991,-0.043359824,-0.046367478,0.541729867
1634,860584,230939,viewpoint,moving_to_far_right,0.378861547,1.381612182,-0.893840194,-0.225353718,0.237365454,0.128840938,0.936094761,,,,,,,,-0.344136775,-0.270678222,-2.223696232,0.824764013,-0.095080569,-0.101151891,0.548171759,-0.439110875,-0.340773165,-2.133607626,0.847747564,-0.038100522,-0.026815765,0.528349757
1635,860736,231091,viewpoint,moving_to_far_right,0.389268756,1.385045052,-0.909711242,-0.218426675,0.237694889,0.125398874,0.938118339,-0.504102528,-0.292458981,-2.199665546,0.795282960,-0.012544863,-0.031121433,0.605309129,-0.354284704,-0.302781522,-2.159856081,0.803179622,-0.087236829,-0.102668457,0.580302954,-0.436292946,-0.363779277,-2.020564318,0.892826855,-0.159368202,-0.100398317,-0.409123749
1636,860890,231245,viewpoint,moving_to_far_right,0.396927953,1.378046393,-0.929844141,-0.214315787,0.228654295,0.129085079,0.940809786,-0.563046694,-0.296047270,-2.158149719,0.796491921,-0.005361200,-0.032930981,0.603727996,-0.420166194,-0.313946605,-2.154415607,0.810080767,-0.098724090,-0.115128070,0.566364050,-0.498428166,-0.372486234,-2.009323359,0.894052029,-0.166403517,-0.123427600,-0.397173077
1637,861057,231412,viewpoint,moving_to_far_right,0.409872234,1.372445107,-0.955423594,-0.202899233,0.228525296,0.141313568,0.941614866,-0.619264185,-0.316671669,-2.152600765,0.800180554,-0.029405516,-0.046441797,0.597234964,-0.468715847,-0.333638191,-2.124515295,0.807126999,-0.100922607,-0.121459097,0.568865836,-0.539469600,-0.381546825,-1.944004059,0.890909016,-0.189796254,-0.129313692,-0.391837329
1638,861209,231564,viewpoint,moving_to_far_right,0.432886839,1.370741844,-0.990237236,-0.200432301,0.240308180,0.153090075,0.937359214,,,,,,,,-0.489680767,-0.330812484,-2.154271841,0.810419559,-0.089054078,-0.110168591,0.568464994,-0.592544734,-0.391475588,-2.070747614,0.829773784,-0.060334373,-0.082289234,0.548692822
1639,861374,231729,viewpoint,moving_to_far_right,0.457384944,1.374040484,-1.023164749,-0.201653659,0.237558246,0.155030668,0.937479258,,,,,,,,-0.535197318,-0.324105114,-2.122555733,0.815676928,-0.125113785,-0.123624593,0.551121294,-0.657480955,-0.395092160,-2.091086864,0.835479140,-0.064369038,-0.075702712,0.540463030
1640,861529,231884,viewpoint,moving_to_far_right,0.482509971,1.376026154,-1.048972726,-0.208803669,0.246531010,0.143598452,0.935415924,,,,,,,,-0.511958480,-0.323501706,-2.121924162,0.816355646,-0.121833377,-0.110961549,0.553541005,-0.615322232,-0.385799766,-2.031991720,0.832789421,-0.063902542,-0.051931974,0.547431648
1641,861695,232050,viewpoint,moving_to_far_right,0.500666320,1.382312298,-1.063937783,-0.210267618,0.259005606,0.137481481,0.932632029,-0.608309031,-0.303678632,-2.099642992,0.788736522,-0.027806753,-0.026561521,0.613527477,-0.472169936,-0.329374492,-2.110579014,0.813170791,-0.120697446,-0.101451024,0.560261548,-0.597900510,-0.404867321,-2.097806931,0.834774554,-0.065521844,-0.058483899,0.543542087
1642,861847,232202,viewpoint,moving_to_far_right,0.522696137,1.385689259,-1.072648168,-0.209919915,0.278365910,0.138296232,0.926995218,,,,,,,,-0.420192540,-0.329400778,-2.141284227,0.816252768,-0.141468853,-0.089350507,0.552932560,,,,,,,
1643,862001,232356,viewpoint,moving_to_far_right,0.554251254,1.386927485,-1.074759603,-0.201441422,0.303553790,0.147013545,0.919599652,,,,,,,,-0.362969220,-0.336483032,-2.167792082,0.809255481,-0.163541853,-0.078916557,0.558687627,,,,,,,
1644,862167,232522,viewpoint,moving_to_far_right,0.596472263,1.393817425,-1.078897119,-0.187092334,0.325575322,0.153888121,0.913955986,-0.482691824,-0.347375393,-2.279962301,0.791183174,-0.118769817,0.007017436,0.599894822,-0.331606984,-0.371736646,-2.198075294,0.801431119,-0.183510557,-0.073378496,0.564488888,-0.461705863,-0.428074300,-2.164313078,0.819479108,-0.114586115,-0.027201127,0.560877979
1645,862320,232675,viewpoint,moving_to_far_right,0.639269590,1.390768290,-1.085579515,-0.182771355,0.343004942,0.161854520,0.907053113,,,,,,,,-0.305693507,-0.352671236,-2.210876226,0.798737884,-0.201764807,-0.065117396,0.563088298,-0.409587443,-0.382653743,-2.045522928,0.877503157,-0.244696647,-0.103606604,-0.399221033
1646,862487,232842,viewpoint,moving_to_far_right,0.662574410,1.392050385,-1.089604735,-0.182542831,0.357182831,0.167803258,0.900522411,-0.418834984,-0.309020877,-2.341499329,0.786353350,-0.146358609,0.015260125,0.599995613,,,,,,,,-0.383042514,-0.368118405,-2.092453003,0.791960835,-0.161820561,-0.004217686,0.588722646
1647,862639,232994,viewpoint,moving_to_far_right,0.674556494,1.395677328,-1.096008420,-0.176785514,0.366653413,0.163562015,0.898643255,,,,,,,,,,,,,,,,,,,,,
1648,862793,233148,viewpoint,moving_to_far_right,0.674433947,1.398060918,-1.105047345,-0.173392355,0.358123720,0.153719977,0.904462636,,,,,,,,,,,,,,,-0.394860983,-0.443194687,-2.083092213,0.876544476,-0.267264038,-0.103490524,-0.386690378
1649,862959,233314,viewpoint,moving_to_far_right,0.671367884,1.394782305,-1.116078973,-0.171798125,0.354347944,0.151731282,0.906587362,,,,,,,,,,,,,,,,,,,,,
1650,863112,233467,viewpoint,moving_to_far_right,0.678414464,1.395416141,-1.129632115,-0.181483820,0.348197997,0.144829214,0.908210456,,,,,,,,,,,,,,,,,,,,,
1651,863277,233632,viewpoint,moving_to_far_right,0.694199085,1.395957708,-1.144918084,-0.183788478,0.350347340,0.142171681,0.907339931,,,,,,,,-0.334678888,-0.397095829,-2.228523970,0.801727772,-0.199518606,-0.049940411,0.561187029,,,,,,,
1652,863431,233786,viewpoint,moving_to_far_right,0.721798182,1.393323421,-1.160599351,-0.181272849,0.366518527,0.151140153,0.899978340,,,,,,,,-0.306539059,-0.376194239,-2.233664989,0.798684597,-0.215218127,-0.044303376,0.560197592,-0.409387708,-0.397069454,-2.032885790,0.867507935,-0.259386659,-0.127099141,-0.404962301
1653,863598,233953,viewpoint,moving_to_far_right,0.764043450,1.391204000,-1.179750562,-0.175052151,0.393465549,0.163650826,0.887558460,,,,,,,,,,,,,,,-0.368179798,-0.376630515,-2.070013762,0.855691373,-0.262863278,-0.096230000,-0.435241282
1654,863765,234120,viewpoint,moving_to_far_right,0.805071473,1.386448622,-1.196770787,-0.180859968,0.401700646,0.176647335,0.880182922,,,,,,,,-0.263365686,-0.295701891,-2.338031292,0.805050850,-0.255100250,-0.038995534,0.534131408,,,,,,,
1655,863917,234272,viewpoint,moving_to_far_right,0.824887156,1.390458465,-1.205287576,-0.172203198,0.429875582,0.176735178,0.868514657,,,,,,,,-0.164324895,-0.332725048,-2.349094152,0.800487041,-0.270937413,-0.017040232,0.534343660,-0.303036451,-0.364137232,-2.261244059,0.838014722,-0.335288912,-0.135164276,-0.408709288
1656,864084,234439,viewpoint,moving_to_far_right,0.830641627,1.392303824,-1.214907289,-0.169690862,0.432368428,0.170253664,0.869066358,,,,,,,,-0.161100894,-0.372200310,-2.414463997,0.797214925,-0.286265433,0.036468741,0.530255079,,,,,,,
1657,864236,234591,viewpoint,moving_to_far_right,0.827986360,1.393763781,-1.224477887,-0.160744697,0.421661854,0.170556635,0.875941157,-0.356139898,-0.348396778,-2.364489317,0.766343057,-0.186655447,0.043800928,0.613155425,-0.228438914,-0.399454713,-2.345497131,0.791150451,-0.269260973,0.010483387,0.549062550,,,,,,,
1658,864402,234757,viewpoint,moving_to_far_right,0.825988889,1.390024662,-1.230871558,-0.166036606,0.421194851,0.168985918,0.875483036,,,,,,,,-0.232276753,-0.387577593,-2.355764389,0.864792526,-0.319040030,-0.031757157,-0.386443794,,,,,,,
1659,864568,234923,viewpoint,moving_to_far_right,0.825458646,1.392221570,-1.235276103,-0.157504126,0.418281078,0.163974449,0.879400849,,,,,,,,,,,,,,,,,,,,,
1660,864721,235076,viewpoint,moving_to_far_right,0.826039076,1.392921686,-1.241209149,-0.161310390,0.418065846,0.162610516,0.879066408,-0.380233169,-0.373084694,-2.365507364,0.759161711,-0.160687774,0.042515516,0.629321337,-0.249762923,-0.421873152,-2.344392776,0.796666265,-0.261378080,0.012494935,0.544837952,-0.366779149,-0.424075902,-2.106641054,0.857414186,-0.311281592,-0.119136728,-0.392111063
1661,864890,235245,viewpoint,moving_to_far_right,0.833590031,1.394205689,-1.248941302,-0.160562456,0.428118497,0.161976799,0.874469995,,,,,,,,-0.215767935,-0.427785158,-2.341525316,0.868362427,-0.317505509,-0.025362371,-0.380123228,-0.338066399,-0.427390546,-2.104372263,0.792568982,-0.201807588,0.068969741,0.571271718
1662,865041,235396,viewpoint,moving_to_far_right,0.854071736,1.395014882,-1.260222316,-0.152386546,0.449221730,0.166190505,0.864499211,,,,,,,,,,,,,,,,,,,,,
1663,865195,235550,viewpoint,moving_to_far_right,0.884411931,1.394070983,-1.277712226,-0.147675261,0.473096609,0.182782829,0.849094868,-0.222980052,-0.383347034,-2.543578148,0.735772073,-0.265591264,0.143753082,0.606164813,-0.090792641,-0.411692530,-2.317259789,0.775078475,-0.311863899,0.003331834,0.549529970,,,,,,,
1664,865363,235718,viewpoint,moving_to_far_right,0.917827368,1.391099215,-1.294452310,-0.147777125,0.485499501,0.194082350,0.839514256,,,,,,,,-0.072455585,-0.385414422,-2.437565565,0.841510653,-0.358070493,0.004733649,-0.404503316,-0.210823938,-0.372277409,-2.191806793,0.829616010,-0.352660060,-0.105736420,-0.419747561
1665,865529,235884,viewpoint,moving_to_far_right,0.946243167,1.389138222,-1.303318620,-0.142993644,0.503295660,0.204702765,0.827250302,,,,,,,,-0.018715352,-0.365250975,-2.426687002,0.768533945,-0.357322276,0.002089479,0.530727804,,,,,,,
1666,865695,236050,viewpoint,moving_to_far_right,0.963045955,1.392019272,-1.308587432,-0.138730168,0.509963572,0.203818753,0.824104965,,,,,,,,0.001079656,-0.377648532,-2.423774481,0.762069225,-0.362464398,0.042731285,0.534830987,,,,,,,
1667,865848,236203,viewpoint,moving_to_far_right,0.969282866,1.395379305,-1.313635945,-0.133936450,0.507298648,0.191722214,0.829428554,,,,,,,,-0.020101581,-0.449753821,-2.522012472,0.761029363,-0.377112597,0.046217460,0.525817752,,,,,,,
1668,866001,236356,viewpoint,moving_to_far_right,0.969157696,1.399626255,-1.317917705,-0.131644845,0.494122863,0.186503857,0.838885307,,,,,,,,-0.092331961,-0.455593407,-2.429973841,0.759784341,-0.342604429,0.081750445,0.546504259,-0.229453698,-0.432696790,-2.180732250,0.748028159,-0.293352634,0.115743399,0.583953440
1669,866167,236522,viewpoint,moving_to_far_right,0.967377424,1.400016785,-1.320764184,-0.133343369,0.483475000,0.176761836,0.846892416,-0.257843018,-0.425116181,-2.514138699,0.736560702,-0.250816733,0.108914346,0.618633091,,,,,,,,,,,,,,
1670,866320,236675,viewpoint,moving_to_far_right,0.970827460,1.401441336,-1.325504661,-0.137116134,0.477351040,0.175826922,0.849952936,,,,,,,,-0.164557949,-0.445691258,-2.359284878,0.773389876,-0.309339315,0.025466179,0.552746594,-0.307487786,-0.450148165,-2.226118326,0.838362515,-0.355365872,-0.107225344,-0.399206907
1671,866485,236840,viewpoint,moving_to_far_right,0.980812073,1.401623964,-1.333997607,-0.137590870,0.480881512,0.172865927,0.848492265,-0.286508083,-0.412767887,-2.515380859,0.744830608,-0.243314564,0.100900315,0.613061607,-0.163684234,-0.476928651,-2.509702444,0.772940814,-0.337520838,0.053058781,0.534627795,,,,,,,
1672,866639,236994,viewpoint,moving_to_far_right,1.003622651,1.401402235,-1.349580884,-0.132283613,0.492611051,0.175549150,0.842032015,,,,,,,,-0.132389635,-0.454946697,-2.367198467,0.765454292,-0.321190715,0.024572657,0.557056963,,,,,,,
1673,866806,237161,viewpoint,moving_to_far_right,1.032234550,1.397838116,-1.371544242,-0.131644443,0.509629190,0.189316064,0.828919351,,,,,,,,-0.093166061,-0.422796309,-2.434894085,0.757917345,-0.353491545,0.048942797,0.546085835,-0.248483345,-0.424947679,-2.329913616,0.812828422,-0.395039797,-0.130191594,-0.407803446
1674,866959,237314,viewpoint,moving_to_far_right,1.063835382,1.391061783,-1.395081162,-0.131661981,0.519463778,0.202245474,0.819706857,,,,,,,,-0.082915187,-0.372870713,-2.479196310,0.758514285,-0.373292178,0.071134388,0.529385507,,,,,,,
1675,867127,237482,viewpoint,moving_to_far_right,1.082620621,1.391278744,-1.406927705,-0.130382568,0.538162708,0.209485576,0.805913806,,,,,,,,-0.009468839,-0.359783053,-2.515423059,0.755245090,-0.416052490,0.112925448,0.493713498,,,,,,,
1676,867291,237646,viewpoint,moving_to_far_right,1.093748569,1.395853043,-1.416633725,-0.122968271,0.548157871,0.201789841,0.802298307,,,,,,,,0.026698738,-0.414536089,-2.506088734,0.744794071,-0.400944829,0.102715977,0.523425817,,,,,,,
1677,867445,237800,viewpoint,moving_to_far_right,1.095325470,1.398532629,-1.423198581,-0.118234068,0.539992392,0.196662724,0.809785604,,,,,,,,-0.031060014,-0.434205800,-2.435394287,0.755380392,-0.376379579,0.047112219,0.534340084,,,,,,,
1678,867611,237966,viewpoint,moving_to_far_right,1.096795082,1.394481063,-1.424352765,-0.116603822,0.543257117,0.192201585,0.808909059,,,,,,,,-0.016813032,-0.448479086,-2.443068743,0.752469718,-0.376366913,0.055479899,0.537642300,,,,,,,
1679,867776,238131,viewpoint,moving_to_far_right,1.107671738,1.397760510,-1.430238128,-0.118441276,0.542066336,0.187409967,0.810563564,,,,,,,,,,,,,,,,,,,,,
1680,867931,238286,viewpoint,moving_to_far_right,1.123526335,1.399292827,-1.441251874,-0.113103248,0.550822377,0.188497782,0.805152774,,,,,,,,-0.003441092,-0.470394373,-2.450157881,0.748732388,-0.379118413,0.048169672,0.541616797,,,,,,,
1681,868098,238453,viewpoint,moving_to_far_right,1.139966965,1.395211339,-1.454598546,-0.111604460,0.561518669,0.202734172,0.794443250,,,,,,,,0.022685584,-0.425825119,-2.451641798,0.747417629,-0.383817434,0.043467142,0.540519893,,,,,,,
1682,868264,238619,viewpoint,far_right,1.155534267,1.391433835,-1.464902043,-0.118269868,0.563975036,0.212224230,0.789243519,,,,,,,,0.032241777,-0.371332914,-2.485914707,0.739044785,-0.408161610,0.088029385,0.528647065,,,,,,,
1683,868416,238771,viewpoint,far_right,1.161322832,1.397593737,-1.467178464,-0.106217086,0.573456526,0.205782533,0.785823882,,,,,,,,0.061611734,-0.449950606,-2.538105726,0.735940278,-0.423643887,0.087251902,0.520869374,,,,,,,
1684,868569,238924,viewpoint,far_right,1.161422014,1.403125644,-1.470475793,-0.099005379,0.571042657,0.201402903,0.789648712,,,,,,,,0.035817266,-0.490088820,-2.484296083,0.725813627,-0.418320477,0.109823979,0.534921765,,,,,,,
1685,868736,239091,viewpoint,far_right,1.160265684,1.404614210,-1.473085523,-0.103109308,0.572212994,0.191162109,0.790820956,,,,,,,,0.048871607,-0.501303732,-2.457590342,0.737251520,-0.397376031,0.077097818,0.540932894,,,,,,,
1686,868889,239244,viewpoint,far_right,1.159227848,1.407925844,-1.472459435,-0.097333677,0.570457518,0.183680549,0.794585347,,,,,,,,0.039551020,-0.563969135,-2.527005672,0.732066691,-0.404510707,0.118308894,0.535212696,,,,,,,
1687,869055,239410,viewpoint,far_right,1.156767368,1.408932209,-1.471585393,-0.097090207,0.572506011,0.179709300,0.794049740,,,,,,,,0.050564460,-0.567710698,-2.464293480,0.835354209,-0.394222140,0.016839093,-0.382738441,,,,,,,
1688,869209,239564,viewpoint,far_right,1.155359507,1.409583926,-1.471906543,-0.096306629,0.571815550,0.178660855,0.794878840,,,,,,,,0.045314267,-0.536489069,-2.297609091,0.842388630,-0.370771915,0.002892074,-0.391025901,,,,,,,
1689,869374,239729,viewpoint,far_right,1.156401873,1.410713077,-1.472853780,-0.094604656,0.572341561,0.176920995,0.795093775,,,,,,,,,,,,,,,,,,,,,
1690,869529,239884,viewpoint,far_right,1.158934116,1.410921335,-1.475632787,-0.095699236,0.572933674,0.175522327,0.794846237,,,,,,,,,,,,,,,,,,,,,
1691,869696,240051,viewpoint,far_right,1.162267685,1.411062598,-1.478559613,-0.096501239,0.572571218,0.174454808,0.795245409,,,,,,,,0.050783440,-0.595595241,-2.514232874,0.726195216,-0.405753881,0.120099328,0.541830659,,,,,,,
1692,869847,240202,viewpoint,far_right,1.165834904,1.411085010,-1.481840253,-0.097359575,0.571989477,0.173150375,0.795844316,,,,,,,,,,,,,,,,,,,,,
1693,870000,240355,viewpoint,far_right,1.169166088,1.411180615,-1.484444022,-0.098219432,0.571272373,0.171482876,0.796614349,,,,,,,,0.038766325,-0.580371499,-2.465969324,0.730979621,-0.396539986,0.127950639,0.540419757,,,,,,,
1694,870167,240522,viewpoint,far_right,1.171812057,1.411000371,-1.487008691,-0.099548273,0.571245015,0.170756444,0.796625078,,,,,,,,0.035594359,-0.578701258,-2.479912519,0.839847028,-0.393587172,0.005955491,-0.373778820,,,,,,,
1695,870334,240689,viewpoint,far_right,1.175571918,1.410350084,-1.490672946,-0.100787535,0.571637928,0.171030656,0.796128452,,,,,,,,0.036066577,-0.570878088,-2.482194901,0.738729596,-0.383831590,0.094896734,0.545844853,,,,,,,
1696,870487,240842,viewpoint,far_right,1.181689262,1.409485579,-1.495619893,-0.101830728,0.572967112,0.171185106,0.795006216,,,,,,,,0.039007440,-0.559595823,-2.470312595,0.734662414,-0.387231022,0.082412750,0.550936818,,,,,,,
1697,870654,241009,viewpoint,far_right,1.187873840,1.407576323,-1.499569297,-0.102090627,0.572265565,0.172220930,0.795254469,,,,,,,,0.028851029,-0.553978443,-2.486071825,0.738810718,-0.387235761,0.086428240,0.544736147,,,,,,,
1698,870820,241175,viewpoint,far_right,1.189914942,1.406946659,-1.500762582,-0.103759877,0.570429027,0.173854232,0.796002150,,,,,,,,0.016589805,-0.539794922,-2.493681669,0.835593164,-0.396532655,-0.011152271,-0.380028337,,,,,,,
1699,870972,241327,viewpoint,far_right,1.188285351,1.408121586,-1.497563958,-0.104160294,0.570890129,0.170283437,0.796391010,,,,,,,,0.027348373,-0.553348720,-2.504528284,0.738341987,-0.393236876,0.124071494,0.533687294,,,,,,,
1700,871142,241497,viewpoint,far_right,1.185430527,1.410260439,-1.493169188,-0.102547616,0.567826509,0.171727777,0.798477709,-0.095543057,-0.514894247,-2.643898249,0.807348847,-0.360179573,-0.097191572,-0.457178652,0.010821618,-0.556667149,-2.496680498,0.738059282,-0.388908058,0.099885851,0.542256236,,,,,,,
1701,871306,241661,viewpoint,far_right,1.182575226,1.410082459,-1.489625812,-0.105524369,0.566934586,0.170402765,0.799007356,,,,,,,,,,,,,,,,,,,,,
1702,871459,241814,viewpoint,far_right,1.181155443,1.411003709,-1.485545278,-0.102613032,0.565226257,0.170384467,0.800599158,,,,,,,,0.007181745,-0.561497331,-2.493035316,0.740359068,-0.379748553,0.082384758,0.548518240,,,,,,,
1703,871626,241981,viewpoint,far_right,1.179616213,1.410875201,-1.483035684,-0.104167052,0.565493405,0.171242043,0.800026655,-0.094868153,-0.518621325,-2.685569048,0.682603598,-0.336007953,0.215705499,0.612063825,0.011935145,-0.549415827,-2.477954149,0.839030027,-0.391234785,-0.006477093,-0.378050297,-0.149248540,-0.545724988,-2.404489279,0.811139703,-0.412420511,-0.109481156,-0.399969488
1704,871793,242148,viewpoint,far_right,1.178104162,1.410600543,-1.481577992,-0.106584862,0.564355075,0.171298981,0.800499618,,,,,,,,,,,,,,,,,,,,,
1705,871959,242314,viewpoint,far_right,1.176805258,1.410012722,-1.480925679,-0.109228559,0.562133312,0.171757564,0.801607549,,,,,,,,0.003991593,-0.530981779,-2.505379200,0.837531865,-0.393128365,-0.013914753,-0.379205555,,,,,,,
1706,872125,242480,viewpoint,far_right,1.176188946,1.409905791,-1.480535626,-0.110933445,0.559607089,0.171579942,0.803177476,,,,,,,,-0.005097225,-0.520005524,-2.485517502,0.744885087,-0.378811896,0.085170411,0.542580664,,,,,,,
1707,872291,242646,viewpoint,far_right,1.176686764,1.410061359,-1.479895949,-0.110863842,0.559540451,0.171137646,0.803327858,,,,,,,,-0.003806079,-0.521694779,-2.489430428,0.745697677,-0.377424538,0.081028096,0.543065369,,,,,,,
1708,872443,242798,viewpoint,far_right,1.177041292,1.409954190,-1.479437947,-0.111268796,0.559741855,0.171138436,0.803131342,,,,,,,,-0.001415107,-0.545320511,-2.603050232,0.744198263,-0.399357021,0.089511290,0.527892888,-0.149724156,-0.470739841,-2.194027662,0.823080122,-0.374662012,-0.109011509,-0.412654787
1709,872612,242967,viewpoint,far_right,1.177147627,1.409942389,-1.479920030,-0.111483224,0.561115861,0.170824185,0.802209258,,,,,,,,0.007152617,-0.525064409,-2.508277178,0.744725406,-0.386637092,0.102964655,0.534129381,,,,,,,
1710,872778,243133,viewpoint,far_right,1.176705599,1.409753323,-1.480955720,-0.112948440,0.561235487,0.169909209,0.802114904,,,,,,,,0.009268671,-0.526161015,-2.536706686,0.833566666,-0.390642405,-0.025190646,-0.389782757,-0.139801100,-0.462453663,-2.162987709,0.805801988,-0.386698753,-0.126840621,-0.430184484
1711,872945,243300,viewpoint,far_right,1.175923347,1.409716845,-1.481294751,-0.112868287,0.561764300,0.169499382,0.801842630,,,,,,,,0.011764329,-0.518808305,-2.481535435,0.745379329,-0.376825243,0.083460063,0.543550253,,,,,,,
1712,873111,243466,viewpoint,far_right,1.174538374,1.409738302,-1.481665730,-0.112788975,0.562238455,0.169431686,0.801535666,-0.093307182,-0.492406905,-2.704084873,0.695302308,-0.327675849,0.204031184,0.606262743,0.015706606,-0.526100457,-2.513141155,0.746669471,-0.384226948,0.097213410,0.534232080,,,,,,,
1713,873278,243633,viewpoint,far_right,1.172795296,1.409621239,-1.482475877,-0.113245904,0.562245369,0.169283271,0.801497817,,,,,,,,,,,,,,,,,,,,,
1714,873432,243787,viewpoint,far_right,1.172148943,1.409643412,-1.483260751,-0.112852186,0.560534060,0.169317350,0.802743793,,,,,,,,0.004463762,-0.524611056,-2.499639988,0.741891384,-0.382489622,0.103725553,0.540869534,,,,,,,
1715,873598,243953,viewpoint,far_right,1.171434879,1.409814000,-1.484032750,-0.112531953,0.560674965,0.169028834,0.802751184,,,,,,,,0.005278155,-0.531139314,-2.509011745,0.738286674,-0.390232921,0.127777323,0.535092592,,,,,,,
1716,873765,244120,viewpoint,far_right,1.170644760,1.409963727,-1.485493302,-0.112963840,0.560520172,0.168786123,0.802849650,,,,,,,,0.005227659,-0.530883610,-2.507695436,0.740615666,-0.387293458,0.126660481,0.534274578,,,,,,,
1717,873931,244286,viewpoint,far_right,1.169602156,1.409791112,-1.486668706,-0.113330446,0.560756683,0.168454379,0.802702487,,,,,,,,,,,,,,,-0.144384608,-0.474213511,-2.187016487,0.823252439,-0.375368267,-0.109960653,-0.411415577
1718,874098,244453,viewpoint,far_right,1.169209003,1.409638643,-1.487741113,-0.113586530,0.561221659,0.168491617,0.802333415,,,,,,,,0.009663116,-0.527136624,-2.492960453,0.737109840,-0.388928413,0.120753117,0.539279521,,,,,,,
1719,874251,244606,viewpoint,far_right,1.168740511,1.409670234,-1.488721013,-0.113265470,0.561767876,0.167574763,0.802188575,,,,,,,,0.010636795,-0.525537193,-2.473418236,0.743613005,-0.377921373,0.088606827,0.544393182,,,,,,,
1720,874416,244771,viewpoint,far_right,1.168001652,1.409557581,-1.489593625,-0.113271415,0.561825931,0.167899415,0.802079141,,,,,,,,0.009187415,-0.520501256,-2.451445341,0.747910678,-0.370147407,0.071299434,0.546385407,,,,,,,
1721,874584,244939,viewpoint,far_right,1.166607618,1.409377813,-1.490404248,-0.113572352,0.562658489,0.168523461,0.801321805,,,,,,,,0.011954464,-0.531917036,-2.511181116,0.838781238,-0.393884331,-0.026079766,-0.374994755,,,,,,,
1722,874751,245106,viewpoint,far_right,1.165461779,1.409032822,-1.491006970,-0.113504522,0.562919915,0.169250831,0.800994396,,,,,,,,0.016045235,-0.526367068,-2.486590385,0.739360392,-0.387709707,0.127492949,0.535511851,,,,,,,
1723,874917,245272,viewpoint,far_right,1.164684057,1.408549190,-1.491696000,-0.114041083,0.562899530,0.169482946,0.800883472,,,,,,,,0.013965026,-0.523213923,-2.496728659,0.836657286,-0.387920290,-0.020518558,-0.386136532,,,,,,,
1724,875070,245425,viewpoint,far_right,1.163989544,1.408295035,-1.492293000,-0.114242479,0.562839270,0.169857770,0.800817728,,,,,,,,0.015647188,-0.523489356,-2.500162840,0.740559578,-0.390011013,0.123065613,0.533214569,,,,,,,
1725,875237,245592,viewpoint,far_right,1.163743019,1.408066988,-1.492754579,-0.115065098,0.562821150,0.169977680,0.800687194,,,,,,,,0.015383761,-0.514952838,-2.485054731,0.749146700,-0.378227681,0.089671686,0.536360025,,,,,,,
1726,875403,245758,viewpoint,far_right,1.163680077,1.407802343,-1.492152333,-0.114953965,0.563388407,0.170505613,0.800191820,,,,,,,,0.017870840,-0.512883425,-2.476812363,0.746979237,-0.380171955,0.094046757,0.537258446,,,,,,,
1727,875570,245925,viewpoint,far_right,1.163573980,1.407752275,-1.491037726,-0.114873074,0.564179242,0.170827538,0.799577296,,,,,,,,0.021879602,-0.515466630,-2.487118483,0.837549746,-0.389306426,-0.013376863,-0.383108348,,,,,,,
1728,875737,246092,viewpoint,far_right,1.163232803,1.407995582,-1.489421487,-0.114371061,0.564288378,0.171224028,0.799487472,,,,,,,,0.023606949,-0.512625277,-2.471447945,0.833959401,-0.381508321,-0.009766767,-0.398582220,,,,,,,
1729,875889,246244,viewpoint,far_right,1.163536310,1.408043265,-1.488361716,-0.114078104,0.564284384,0.171851486,0.799397528,-0.083512641,-0.479016781,-2.670671701,0.690317035,-0.339158088,0.207602859,0.604429722,0.024717666,-0.512478769,-2.473199368,0.747706831,-0.377441436,0.087414481,0.539287686,,,,,,,
1730,876055,246410,viewpoint,far_right,1.163977385,1.408473730,-1.487553477,-0.113568641,0.564662397,0.172202617,0.799127519,,,,,,,,0.025093269,-0.516221583,-2.489412308,0.834121048,-0.385047436,-0.011971077,-0.394762278,,,,,,,
1731,876223,246578,viewpoint,far_right,1.164777279,1.408740759,-1.486661077,-0.112847686,0.565079629,0.172610492,0.798846722,,,,,,,,0.029149566,-0.522936106,-2.499676943,0.737344742,-0.391047180,0.109701179,0.539787471,,,,,,,
1732,876376,246731,viewpoint,far_right,1.165374041,1.409119844,-1.486325145,-0.112291373,0.565343797,0.172197014,0.798827410,,,,,,,,0.028208397,-0.526774287,-2.512771368,0.831392825,-0.401509404,-0.027830686,-0.383147031,,,,,,,
1733,876540,246895,viewpoint,far_right,1.166328907,1.409591794,-1.486249328,-0.111510597,0.564899206,0.172220007,0.799246252,-0.081053793,-0.477469802,-2.608460665,0.717585385,-0.323882580,0.144977435,0.599293649,0.023316171,-0.522389650,-2.470542908,0.744557202,-0.379449636,0.083940677,0.542776704,,,,,,,
1734,876708,247063,viewpoint,far_right,1.167359352,1.410213351,-1.485932469,-0.110180184,0.564795852,0.171262130,0.799709499,,,,,,,,0.020738244,-0.534475684,-2.494327307,0.834025383,-0.392957687,-0.015350954,-0.386975825,,,,,,,
1735,876862,247217,viewpoint,far_right,1.167607307,1.410456181,-1.485718369,-0.109751910,0.565136194,0.171078742,0.799567163,,,,,,,,0.024923868,-0.539696217,-2.498277664,0.734610617,-0.386427939,0.102369748,0.548216343,,,,,,,
1736,877029,247384,viewpoint,far_right,1.167400122,1.410385966,-1.485434175,-0.110197254,0.565518320,0.170783982,0.799298704,,,,,,,,0.027576957,-0.531264663,-2.470244408,0.742683232,-0.383477986,0.077364266,0.543489814,,,,,,,
1737,877180,247535,viewpoint,far_right,1.167275190,1.410188675,-1.485164285,-0.110400133,0.565715194,0.171247602,0.799032152,,,,,,,,0.027986206,-0.535480678,-2.504432440,0.737831473,-0.394921839,0.127899453,0.532243669,,,,,,,
1738,877347,247702,viewpoint,far_right,1.167142630,1.410029054,-1.485010982,-0.110315681,0.565558076,0.171302348,0.799143314,,,,,,,,0.028324440,-0.537307858,-2.509124279,0.737264812,-0.394597501,0.128810480,0.533049107,,,,,,,
1739,877514,247869,viewpoint,far_right,1.167223930,1.410014033,-1.484725595,-0.109765716,0.565752208,0.171425119,0.799055278,,,,,,,,0.026877984,-0.528170943,-2.460556507,0.742821217,-0.381885767,0.076389387,0.544559062,,,,,,,
1740,877681,248036,viewpoint,far_right,1.167159081,1.410153866,-1.484886765,-0.109765433,0.566204071,0.170925304,0.798842311,,,,,,,,0.028949305,-0.531870425,-2.462914705,0.743009746,-0.376961291,0.083450474,0.546692491,,,,,,,
1741,877833,248188,viewpoint,far_right,1.167311430,1.410098791,-1.484950662,-0.109709069,0.566945732,0.170873195,0.798335016,,,,,,,,0.033971190,-0.533268809,-2.468686581,0.742731988,-0.381095767,0.084243104,0.544075668,,,,,,,
1742,878000,248355,viewpoint,far_right,1.167704344,1.410037637,-1.485530972,-0.109983318,0.566685140,0.170429051,0.798577249,,,,,,,,0.032956652,-0.534887254,-2.478835821,0.741522133,-0.386608243,0.090628326,0.540800810,,,,,,,
1743,878154,248509,viewpoint,far_right,1.168354511,1.409854770,-1.485303521,-0.109784327,0.566728652,0.170497179,0.798559189,,,,,,,,,,,,,,,,,,,,,
1744,878320,248675,viewpoint,far_right,1.168301105,1.410025239,-1.485263944,-0.109715387,0.567282259,0.169886157,0.798305750,-0.070539542,-0.507483542,-2.689699411,0.678041339,-0.335651338,0.220808417,0.615501225,0.035183907,-0.533807456,-2.463803768,0.834639549,-0.383902997,-0.005697862,-0.394921333,,,,,,,
1745,878486,248841,viewpoint,far_right,1.168227911,1.409839869,-1.484941125,-0.110018462,0.567979991,0.170458540,0.797645628,,,,,,,,,,,,,,,,,,,,,
1746,878654,249009,viewpoint,far_right,1.168185949,1.409740090,-1.484740853,-0.110009603,0.568256676,0.170290977,0.797485590,-0.063647255,-0.490766436,-2.619057417,0.699748814,-0.324473977,0.165073708,0.614669800,0.044654295,-0.539949119,-2.496000051,0.738486230,-0.391521633,0.128321812,0.533743739,,,,,,,
1747,878805,249160,viewpoint,far_right,1.167988777,1.409752846,-1.484685540,-0.110030860,0.568131924,0.170249358,0.797580421,,,,,,,,0.042154655,-0.536600113,-2.481986761,0.746900618,-0.376552790,0.095053032,0.539733648,,,,,,,
1748,878972,249327,viewpoint,far_right,1.167517900,1.409770012,-1.484736562,-0.110132612,0.568496585,0.170363888,0.797282040,,,,,,,,0.043654464,-0.537806988,-2.491386414,0.742108345,-0.389823794,0.103600331,0.535331428,,,,,,,
1749,879140,249495,viewpoint,far_right,1.166714191,1.409666538,-1.484875321,-0.109614454,0.569087505,0.171391457,0.796711385,,,,,,,,0.044993803,-0.532564342,-2.467036247,0.741937697,-0.385073394,0.087874822,0.541779399,,,,,,,
1750,879306,249661,viewpoint,far_right,1.166212797,1.409698844,-1.484819055,-0.109168455,0.569575846,0.171793193,0.796337068,,,,,,,,0.047387481,-0.536961138,-2.477786779,0.844570696,-0.378491551,0.002928605,-0.378729373,,,,,,,
1751,879472,249827,viewpoint,far_right,1.165944099,1.409598231,-1.485055804,-0.108931847,0.569879055,0.172323465,0.796037912,,,,,,,,0.050521299,-0.539797544,-2.496752024,0.737828851,-0.395740509,0.120795980,0.533297658,,,,,,,
1752,879640,249995,viewpoint,far_right,1.165940285,1.409369469,-1.485449433,-0.109321199,0.569698036,0.172621280,0.796049535,,,,,,,,0.048996925,-0.531263888,-2.470599651,0.741855085,-0.388243347,0.085523978,0.540003538,,,,,,,
1753,879793,250148,viewpoint,far_right,1.165850878,1.408575177,-1.485524774,-0.110897407,0.570123613,0.174167126,0.795189679,,,,,,,,,,,,,,,,,,,,,
1754,879960,250315,viewpoint,far_right,1.165154696,1.406877875,-1.485809445,-0.115390740,0.570145667,0.177032515,0.793900788,,,,,,,,0.056263253,-0.493876308,-2.473833084,0.745878696,-0.386228025,0.085057005,0.535964787,,,,,,,
1755,880126,250481,viewpoint,far_right,1.163865566,1.404931664,-1.486524224,-0.120479777,0.569949627,0.180231392,0.792564631,,,,,,,,0.060588814,-0.461777478,-2.471120596,0.831111252,-0.387759417,-0.003915227,-0.398599267,,,,,,,
1756,880293,250648,viewpoint,far_right,1.162743807,1.403541565,-1.487222552,-0.124241665,0.569462240,0.182052359,0.791917741,,,,,,,,0.066808850,-0.443339974,-2.504401684,0.747932076,-0.398134321,0.116303153,0.518228114,,,,,,,
1757,880460,250815,viewpoint,far_right,1.161729574,1.402735233,-1.487683177,-0.126615912,0.569202185,0.183493525,0.791395903,,,,,,,,0.066816837,-0.424455404,-2.483824730,0.753206789,-0.392834336,0.080563530,0.521411836,,,,,,,
1758,880626,250981,viewpoint,far_right,1.160195589,1.401296973,-1.487642884,-0.130002320,0.569606125,0.186472833,0.789858282,,,,,,,,,,,,,,,,,,,,,
1759,880805,251160,viewpoint,far_right,1.157395363,1.400271177,-1.485950112,-0.130052343,0.573282540,0.190477148,0.786226451,,,,,,,,0.094313696,-0.391919374,-2.478832006,0.752486885,-0.392267942,0.074912257,0.523715138,,,,,,,
1760,880971,251326,viewpoint,far_right,1.153316736,1.398956180,-1.482575536,-0.129664049,0.576836646,0.195770890,0.782381296,,,,,,,,0.115285173,-0.382852256,-2.486222506,0.820275426,-0.387413114,0.009845716,-0.420668989,,,,,,,
1761,881154,251509,viewpoint,far_right,1.149115086,1.397817373,-1.478692651,-0.128501073,0.580620050,0.201350823,0.778348029,,,,,,,,0.136091769,-0.371854305,-2.466165543,0.755290568,-0.405269265,0.076336458,0.509377897,,,,,,,
1762,881320,251675,viewpoint,far_right,1.145023584,1.396687269,-1.474951386,-0.127350122,0.583361804,0.205912530,0.775287688,,,,,,,,0.151288554,-0.363508910,-2.448497057,0.751640558,-0.410648376,0.076463938,0.510448396,,,,,,,
1763,881501,251856,viewpoint,far_right,1.140722275,1.395571947,-1.471697450,-0.125843376,0.584219575,0.210772470,0.773579955,,,,,,,,0.156166434,-0.360183477,-2.457869768,0.747998059,-0.418231457,0.073778495,0.510037303,,,,,,,
1764,881667,252022,viewpoint,far_right,1.136944056,1.394559383,-1.468833089,-0.125290811,0.584779322,0.215971723,0.771810591,,,,,,,,0.163212404,-0.358751565,-2.512279749,0.811481595,-0.399389356,0.016954895,-0.426260889,,,,,,,
1765,881834,252189,viewpoint,far_right,1.135182142,1.394440174,-1.467259526,-0.124737151,0.585103989,0.218103305,0.771054447,,,,,,,,0.164523855,-0.349062800,-2.466748953,0.744765878,-0.429353952,0.077684715,0.504919767,,,,,,,
1766,882014,252369,viewpoint,far_right,1.134874582,1.394447088,-1.467259049,-0.123949595,0.585167527,0.218546778,0.771007657,0.068342119,-0.294759512,-2.660763979,-0.769941688,0.364985943,0.084626094,0.516539931,0.167519227,-0.361959636,-2.535686016,0.741084695,-0.432497233,0.120421246,0.499237776,-0.006482266,-0.338006675,-2.382245302,0.771855235,-0.422846705,-0.109691963,-0.461960912
1767,882181,252536,viewpoint,far_right,1.135224104,1.394794583,-1.469368100,-0.124952674,0.583815694,0.217231408,0.772241294,,,,,,,,,,,,,,,,,,,,,
1768,882362,252717,viewpoint,far_right,1.136274815,1.394664049,-1.472100616,-0.127291009,0.581927538,0.215923697,0.773649991,,,,,,,,0.146613136,-0.342245758,-2.470982075,0.751600802,-0.411680222,0.073075354,0.510172069,,,,,,,
1769,882529,252884,viewpoint,far_right,1.137811661,1.394188285,-1.473235011,-0.129611418,0.581032574,0.214826375,0.774242640,0.051753938,-0.281659603,-2.687849760,0.691582978,-0.387124091,0.200906634,0.575746894,0.144062102,-0.334840149,-2.478508234,0.752668619,-0.420428544,0.086196356,0.499299496,,,,,,,
1770,882695,253050,viewpoint,far_right,1.138991833,1.394356728,-1.473655820,-0.129504681,0.580879211,0.213695213,0.774688482,,,,,,,,0.144393310,-0.341878951,-2.511554003,0.806310534,-0.400366783,0.007492767,-0.435331702,,,,,,,
1771,882875,253230,viewpoint,far_right,1.139489889,1.394530296,-1.472274661,-0.128809497,0.581858277,0.213617533,0.774090827,0.054290488,-0.288481534,-2.683851957,0.694485009,-0.374295801,0.187728405,0.585107923,0.146098897,-0.340379357,-2.467940569,0.749130487,-0.415378064,0.076596469,0.510291636,-0.017625086,-0.327668309,-2.355762005,0.792249560,-0.402431488,-0.099157974,-0.447836161
1772,883042,253397,viewpoint,far_right,1.139030933,1.394429564,-1.469923615,-0.127973884,0.582528949,0.215212628,0.773282766,,,,,,,,0.154256135,-0.343906999,-2.489681482,0.739990950,-0.425253034,0.101866126,0.511073947,,,,,,,
1773,883223,253578,viewpoint,far_right,1.139132738,1.394289851,-1.468682885,-0.128010437,0.581626058,0.215652660,0.773833573,0.053655483,-0.277924746,-2.612694979,0.705719650,-0.354114622,0.150370747,0.594938099,0.149324849,-0.338426113,-2.475511074,0.752022982,-0.421174139,0.073524311,0.501665235,,,,,,,
1774,883390,253745,viewpoint,far_right,1.140419722,1.394636035,-1.467851996,-0.127647579,0.580863416,0.214816868,0.774698377,,,,,,,,0.143796623,-0.344799697,-2.493042469,0.740634859,-0.423773527,0.099737674,0.511789441,,,,,,,
1775,883571,253926,viewpoint,far_right,1.142049074,1.395068645,-1.467688203,-0.127977386,0.580250859,0.213899791,0.775356472,,,,,,,,0.141917542,-0.343511343,-2.485659122,0.749645293,-0.416227162,0.074712664,0.509121895,-0.025085205,-0.323254883,-2.329435825,0.801596522,-0.387114882,-0.073680982,-0.449617893
1776,883750,254105,viewpoint,far_right,1.144075155,1.395881891,-1.466248155,-0.126623377,0.580902696,0.213393539,0.775230110,0.049204528,-0.291852564,-2.653831244,0.707279682,-0.369846493,0.162046820,0.580267131,0.145540580,-0.353833437,-2.515872955,0.806736052,-0.402704298,0.009989944,-0.432326674,,,,,,,
1777,883918,254273,viewpoint,far_right,1.145847321,1.396165848,-1.464292645,-0.125616103,0.581509054,0.213477820,0.774916172,,,,,,,,0.146639541,-0.353406727,-2.481181622,0.747784555,-0.416455656,0.071329273,0.512147665,,,,,,,
1778,884084,254439,viewpoint,far_right,1.146990299,1.396325469,-1.462502599,-0.125188291,0.581795514,0.213696301,0.774710178,,,,,,,,0.149093285,-0.355364531,-2.491340637,0.743470907,-0.426428586,0.089822851,0.507288337,,,,,,,
1779,884265,254620,viewpoint,far_right,1.148753166,1.396888375,-1.461002469,-0.124356113,0.581250012,0.213338777,0.775351882,,,,,,,,0.145406932,-0.360152066,-2.496211529,0.751075447,-0.422666192,0.090717800,0.499008238,,,,,,,
1780,884432,254787,viewpoint,far_right,1.150369167,1.397424221,-1.459211946,-0.122889377,0.581806123,0.213442028,0.775140226,,,,,,,,0.150136799,-0.368374407,-2.505975723,0.737054825,-0.426430553,0.097057477,0.515254438,,,,,,,
1781,884611,254966,viewpoint,far_right,1.151972055,1.397954106,-1.457861781,-0.121410638,0.582379460,0.212884903,0.775095880,,,,,,,,0.148438931,-0.371382326,-2.484531164,0.744929612,-0.418327779,0.076889910,0.513974369,,,,,,,
1782,884779,255134,viewpoint,far_right,1.153623819,1.398448944,-1.456241250,-0.120489731,0.583330989,0.212527841,0.774621904,,,,,,,,0.153096735,-0.375238895,-2.479404211,0.741877496,-0.420287728,0.080278009,0.516266763,,,,,,,
1783,884960,255315,viewpoint,far_right,1.154528618,1.398341417,-1.454899192,-0.120667130,0.583596289,0.212864652,0.774301887,,,,,,,,0.159447566,-0.377102941,-2.509211779,0.743554711,-0.423458904,0.078202948,0.511559665,,,,,,,
1784,885126,255481,viewpoint,far_right,1.155600071,1.398000360,-1.453388572,-0.120895959,0.583506286,0.213566303,0.774140835,,,,,,,,0.161750793,-0.375620961,-2.517392159,0.735563636,-0.432019711,0.095697939,0.512978613,,,,,,,
1785,885293,255648,viewpoint,far_right,1.156373739,1.398054600,-1.452033639,-0.120859042,0.584320903,0.213192806,0.773634911,,,,,,,,0.168427452,-0.379879594,-2.539615631,0.740523398,-0.431194335,0.105708055,0.504502177,,,,,,,
1786,885473,255828,viewpoint,far_right,1.156945705,1.398219943,-1.451374888,-0.120578907,0.584822476,0.213177547,0.773303807,,,,,,,,0.168092087,-0.377461344,-2.522890568,0.808646381,-0.394513756,0.027118098,-0.435562402,-0.000550687,-0.354239494,-2.347963810,0.804176152,-0.390485466,-0.031754117,-0.447005033
1787,885639,255994,viewpoint,far_right,1.157158852,1.398329496,-1.451415658,-0.120820910,0.584199011,0.212476566,0.773929954,,,,,,,,0.165758133,-0.377167910,-2.514588118,0.748495102,-0.425955117,0.072865024,0.502998948,,,,,,,
1788,885821,256176,viewpoint,far_right,1.157364368,1.398566842,-1.451532960,-0.120601594,0.584241986,0.212006524,0.774060607,,,,,,,,0.169096053,-0.385675907,-2.541502476,0.741083264,-0.427168459,0.110368066,0.506104410,,,,,,,
1789,885987,256342,viewpoint,far_right,1.157955170,1.398602247,-1.451962352,-0.120842502,0.584041119,0.211303174,0.774366856,,,,,,,,0.169713572,-0.390331775,-2.571927309,0.737207770,-0.437308431,0.128187969,0.498852640,,,,,,,
1790,886154,256509,viewpoint,far_right,1.158668518,1.398721814,-1.452575803,-0.121300675,0.583811700,0.210175455,0.774775028,,,,,,,,0.162829965,-0.383697540,-2.525393724,0.814578772,-0.392945230,0.028771158,-0.425708532,,,,,,,
1791,886320,256675,viewpoint,far_right,1.159041166,1.398514271,-1.453216672,-0.121709444,0.583662987,0.210584357,0.774711967,,,,,,,,0.162690356,-0.378827393,-2.531431675,0.811377108,-0.391589999,0.024299880,-0.433282822,,,,,,,
1792,886501,256856,viewpoint,far_right,1.159141064,1.398141146,-1.453374505,-0.122375496,0.584109604,0.210919335,0.774179101,,,,,,,,0.169081569,-0.380096793,-2.562136173,0.750477135,-0.422566742,0.052458528,0.505439937,,,,,,,
1793,886667,257022,viewpoint,far_right,1.159134150,1.397909284,-1.453417897,-0.122307532,0.584315062,0.211021617,0.774006903,,,,,,,,0.163143530,-0.365592718,-2.460708857,0.745305657,-0.415234149,0.066789061,0.517338812,,,,,,,
1794,886847,257202,viewpoint,far_right,1.158575058,1.397526383,-1.453366160,-0.122977883,0.584866405,0.211705789,0.773297131,,,,,,,,0.174082980,-0.372549176,-2.530190945,0.739030004,-0.430347711,0.103112653,0.507940233,,,,,,,
1795,887013,257368,viewpoint,far_right,1.157604456,1.396735549,-1.452733159,-0.123698547,0.585479379,0.213870451,0.772121787,,,,,,,,0.174652934,-0.357930720,-2.500065088,0.748044491,-0.425186962,0.068563268,0.504920363,,,,,,,
1796,887196,257551,viewpoint,far_right,1.156703234,1.395942211,-1.451334596,-0.124124534,0.585970640,0.216819420,0.770857215,,,,,,,,0.180787995,-0.348940432,-2.502794027,0.747770011,-0.427197486,0.065551475,0.504029155,,,,,,,
1797,887362,257717,viewpoint,far_right,1.156346798,1.395650506,-1.449611306,-0.123748668,0.586404800,0.218689278,0.770058870,,,,,,,,0.181043416,-0.343297869,-2.489283323,0.746376872,-0.422202528,0.075321056,0.508913815,,,,,,,
1798,887542,257897,viewpoint,far_right,1.155545950,1.395420551,-1.448263288,-0.123567529,0.587038875,0.220013350,0.769227266,,,,,,,,0.189710021,-0.344706178,-2.522213459,0.744849861,-0.438905329,0.092793971,0.493913054,,,,,,,
1799,887709,258064,viewpoint,far_right,1.154875278,1.394711256,-1.446954608,-0.124732673,0.586621642,0.222391292,0.768673480,,,,,,,,0.185950428,-0.326936901,-2.473546028,0.748416483,-0.422488868,0.053693715,0.508421898,,,,,,,
1800,887876,258231,viewpoint,far_right,1.154475689,1.394614935,-1.446050525,-0.124557741,0.586820126,0.223087743,0.768348515,,,,,,,,0.187843457,-0.329493523,-2.501861572,0.803007185,-0.392706543,0.025644856,-0.447552651,,,,,,,
1801,888057,258412,viewpoint,far_right,1.154689312,1.394821405,-1.445527911,-0.123855188,0.586945653,0.223094732,0.768364131,,,,,,,,0.187419951,-0.332329869,-2.492736340,0.745427132,-0.425219119,0.071412578,0.508357465,,,,,,,
1802,888222,258577,viewpoint,far_right,1.155074835,1.395145416,-1.445692658,-0.123582557,0.586823344,0.222335532,0.768721461,,,,,,,,,,,,,,,,,,,,,
1803,888402,258757,viewpoint,far_right,1.155279160,1.395525098,-1.445910096,-0.122851983,0.586740255,0.221883580,0.769032478,,,,,,,,0.187132299,-0.342573285,-2.509050846,0.747784495,-0.431824625,0.075227439,0.498685002,,,,,,,
1804,888570,258925,viewpoint,far_right,1.154934168,1.395971417,-1.446078897,-0.122357495,0.586545348,0.220942602,0.769530773,,,,,,,,0.181722984,-0.344761670,-2.492230892,0.804294586,-0.393575668,0.026631610,-0.444408894,,,,,,,
1805,888751,259106,viewpoint,far_right,1.154371262,1.396350622,-1.446183562,-0.122051887,0.586569846,0.220183030,0.769778311,,,,,,,,0.182990387,-0.350830376,-2.502870321,0.744468212,-0.425118476,0.081964344,0.508255005,,,,,,,
1806,888917,259272,viewpoint,far_right,1.153918266,1.396878958,-1.445976138,-0.121324837,0.586437464,0.218866870,0.770369232,,,,,,,,0.181387618,-0.353427321,-2.471753120,0.745813012,-0.421675295,0.072150163,0.510634243,,,,,,,
1807,889084,259439,viewpoint,far_right,1.153756380,1.397149682,-1.445339084,-0.120621450,0.586252093,0.218238458,0.770798922,,,,,,,,,,,,,,,,,,,,,
1808,889265,259620,viewpoint,far_right,1.153780699,1.397487044,-1.444163203,-0.120020881,0.586255074,0.218254283,0.770885825,,,,,,,,0.186011404,-0.372627676,-2.538477659,0.732639313,-0.440890759,0.091193758,0.510429919,,,,,,,
1809,889431,259786,viewpoint,far_right,1.154165983,1.397364974,-1.442995191,-0.119720027,0.585754156,0.218552604,0.771228909,,,,,,,,,,,,,,,,,,,,,
1810,889611,259966,viewpoint,far_right,1.155443668,1.397354722,-1.441511512,-0.119420178,0.585261405,0.218283594,0.771725476,,,,,,,,,,,,,,,,,,,,,
1811,889777,260132,viewpoint,far_right,1.157614708,1.397730350,-1.439764857,-0.118189745,0.585263968,0.217437074,0.772151828,,,,,,,,0.178736910,-0.377438486,-2.521861553,0.739894927,-0.429648131,0.092513420,0.509312570,,,,,,,
1812,889945,260300,viewpoint,far_right,1.159441710,1.398048639,-1.437744498,-0.117295206,0.585580111,0.217217386,0.772110343,,,,,,,,,,,,,,,,,,,,,
1813,890126,260481,viewpoint,far_right,1.161046028,1.398531437,-1.435806394,-0.116104573,0.586550176,0.217156589,0.771570921,,,,,,,,,,,,,,,,,,,,,
1814,890293,260648,viewpoint,far_right,1.163239241,1.398960471,-1.433512807,-0.115173087,0.587435663,0.216571376,0.771201253,,,,,,,,0.188259855,-0.386631370,-2.495316029,0.740380883,-0.421367586,0.056232020,0.520695090,,,,,,,
1815,890472,260827,viewpoint,far_right,1.165088654,1.399251580,-1.431501031,-0.113900945,0.588103056,0.216775581,0.770824075,,,,,,,,0.192974016,-0.397042423,-2.534110069,0.809395373,-0.395244896,0.031657066,-0.433195591,,,,,,,
1816,890639,260994,viewpoint,far_right,1.166147470,1.399502397,-1.429449201,-0.112420768,0.588864148,0.217788205,0.770174623,,,,,,,,0.197760582,-0.402164131,-2.540048122,0.734251738,-0.439968228,0.094150782,0.508368015,,,,,,,
1817,890806,261161,viewpoint,far_right,1.167090893,1.399570465,-1.427984834,-0.111844830,0.588963509,0.218272433,0.770045400,,,,,,,,0.197413817,-0.401509404,-2.533882856,0.735400498,-0.437257022,0.094873518,0.508912086,,,,,,,
1818,890985,261340,viewpoint,far_right,1.167844534,1.399240136,-1.426934361,-0.112206757,0.588486552,0.219097927,0.770122945,,,,,,,,0.193530932,-0.395683348,-2.529163837,0.811143458,-0.398461848,0.036441967,-0.426551819,,,,,,,
1819,891152,261507,viewpoint,far_right,1.166681290,1.397721410,-1.425769448,-0.114841059,0.588535488,0.221993595,0.768866956,,,,,,,,0.199183449,-0.376628399,-2.545484066,0.739624202,-0.455727905,0.100578874,0.484924704,,,,,,,
1820,891320,261675,viewpoint,far_right,1.162686586,1.394674778,-1.425332904,-0.121636994,0.588066816,0.227138996,0.766674519,,,,,,,,0.211867377,-0.331741393,-2.532296658,0.743797958,-0.436125875,0.074140757,0.501060963,0.040676877,-0.312614769,-2.421078682,0.775938272,-0.403845847,-0.050622206,-0.481939584
1821,891500,261855,viewpoint,far_right,1.159149885,1.393081427,-1.425706983,-0.125263825,0.586704075,0.228993654,0.766582847,,,,,,,,0.210488707,-0.314355344,-2.555128813,0.749355435,-0.458726317,0.102189064,0.466469705,,,,,,,
1822,891681,262036,viewpoint,far_right,1.157834768,1.392842174,-1.426217675,-0.125526950,0.585256934,0.229158446,0.767596126,,,,,,,,,,,,,,,,,,,,,
1823,891862,262217,viewpoint,moving_to_front_return,1.157294512,1.393293262,-1.426653028,-0.124477714,0.585750222,0.228635773,0.767546535,,,,,,,,0.200813845,-0.313028574,-2.507923365,0.745360851,-0.436368823,0.084735610,0.496829271,,,,,,,
1824,892029,262384,viewpoint,moving_to_front_return,1.157001734,1.393611431,-1.427873731,-0.124146082,0.586472511,0.227777496,0.767303824,,,,,,,,0.191060245,-0.297436118,-2.331695557,0.735629320,-0.424318761,0.103872553,0.517700255,,,,,,,
1825,892209,262564,viewpoint,moving_to_front_return,1.157201052,1.394049048,-1.429210782,-0.123269811,0.587493896,0.226254702,0.767114282,0.118099198,-0.268199921,-2.702855825,-0.763780177,0.365208983,0.076303810,0.526725650,,,,,,,,,,,,,,
1826,892375,262730,viewpoint,moving_to_front_return,1.158198833,1.394617081,-1.431001306,-0.122784249,0.588280141,0.224252775,0.767177463,,,,,,,,0.213102102,-0.338477731,-2.533886671,0.740530431,-0.440695643,0.087556459,0.499735832,,,,,,,
1827,892557,262912,viewpoint,moving_to_front_return,1.159048080,1.395061970,-1.432933927,-0.122073457,0.588530898,0.222836792,0.767511070,,,,,,,,0.205746785,-0.340894759,-2.493026495,0.808360159,-0.383791864,0.056266569,-0.442822486,,,,,,,
1828,892724,263079,viewpoint,moving_to_front_return,1.159645319,1.395285487,-1.434843659,-0.122064032,0.588527441,0.222082466,0.767733812,,,,,,,,0.209240645,-0.348658323,-2.533159256,0.734920681,-0.435619086,0.084508993,0.512821496,,,,,,,
1829,892903,263258,viewpoint,moving_to_front_return,1.159928083,1.395564795,-1.437032342,-0.122100569,0.587928414,0.221185699,0.768445551,,,,,,,,0.200371355,-0.352283269,-2.553886652,0.807426691,-0.417263091,0.005144099,-0.417045742,,,,,,,
1830,893084,263439,viewpoint,moving_to_front_return,1.161052942,1.395807624,-1.439526200,-0.121858828,0.587918997,0.220207840,0.768771887,0.104182333,-0.289312303,-2.674385786,-0.769736886,0.364293218,0.076656386,0.518574357,0.198283479,-0.350104988,-2.516655445,0.744160116,-0.430132687,0.074623227,0.505611539,,,,,,,
1831,893251,263606,viewpoint,moving_to_front_return,1.162717342,1.396545053,-1.443160176,-0.121260963,0.586669803,0.218054846,0.770432591,,,,,,,,,,,,,,,,,,,,,
1832,893417,263772,viewpoint,moving_to_front_return,1.164123297,1.396705270,-1.447130799,-0.120623291,0.586292803,0.217087552,0.771092594,,,,,,,,0.175360531,-0.355337799,-2.471377134,0.747270346,-0.415226877,0.055996213,0.515788794,,,,,,,
1833,893598,263953,viewpoint,moving_to_front_return,1.165684462,1.396913886,-1.451897740,-0.120585345,0.586499333,0.216210455,0.771187901,,,,,,,,0.180258825,-0.372313917,-2.566481352,0.739981353,-0.439485133,0.121752374,0.494425625,,,,,,,
1834,893765,264120,viewpoint,moving_to_front_return,1.168778896,1.397000313,-1.457352757,-0.119151987,0.586731017,0.214376301,0.771746278,,,,,,,,0.171078146,-0.375356346,-2.519465446,0.735117614,-0.435443014,0.108056374,0.508247316,,,,,,,
1835,893931,264286,viewpoint,moving_to_front_return,1.174122334,1.397537231,-1.462402463,-0.115144357,0.586811543,0.212544873,0.772799253,0.063791864,-0.343139738,-2.738199711,0.706339836,-0.368531346,0.157833144,0.583401561,0.157321826,-0.395927131,-2.529917479,0.739031672,-0.429299742,0.089003883,0.511480451,,,,,,,
1836,894113,264468,viewpoint,moving_to_front_return,1.180666924,1.397004128,-1.467731595,-0.109804995,0.585200071,0.209645152,0.775585353,,,,,,,,0.129561409,-0.416036487,-2.512132645,0.740252733,-0.419014126,0.075934842,0.520275831,,,,,,,
1837,894278,264633,viewpoint,moving_to_front_return,1.187518120,1.395176053,-1.471604943,-0.106543697,0.585222602,0.210386172,0.775822580,,,,,,,,0.116599753,-0.418511689,-2.486102819,0.737818420,-0.410377413,0.065664999,0.531885803,,,,,,,
1838,894445,264800,viewpoint,moving_to_front_return,1.190916061,1.394819021,-1.473352551,-0.104933456,0.587093294,0.208312571,0.775187969,,,,,,,,0.121527463,-0.429800779,-2.480657101,0.816706896,-0.383621305,0.047289405,-0.428472012,,,,,,,
1839,894610,264965,viewpoint,moving_to_front_return,1.187584877,1.396509290,-1.472020745,-0.104624681,0.582441092,0.203441173,0.780017793,,,,,,,,0.101816103,-0.450569391,-2.515793085,0.734037459,-0.424452722,0.086081930,0.523086011,,,,,,,
1840,894778,265133,viewpoint,moving_to_front_return,1.171370506,1.398068905,-1.465032697,-0.104555234,0.576742589,0.199367657,0.785295308,,,,,,,,0.083993636,-0.470998228,-2.504682541,0.731783509,-0.409714371,0.101587161,0.535076797,,,,,,,
1841,894932,265287,viewpoint,moving_to_front_return,1.136194706,1.396837711,-1.444988847,-0.110502869,0.566618025,0.196171150,0.792622268,,,,,,,,0.067538925,-0.462675333,-2.474299669,0.742443621,-0.405823082,0.087602638,0.525747836,,,,,,,
1842,895083,265438,viewpoint,moving_to_front_return,1.088307858,1.396475077,-1.412386537,-0.116229169,0.558241248,0.187519237,0.799808741,,,,,,,,0.085484669,-0.477550924,-2.429621935,0.747738540,-0.385096580,0.060156524,0.537558258,,,,,,,
1843,895236,265591,viewpoint,moving_to_front_return,1.039289713,1.394012928,-1.373658776,-0.126082078,0.559928417,0.182020351,0.798406005,0.070329033,-0.432585150,-2.595552444,0.695115447,-0.332992792,0.191365555,0.607708454,0.169705421,-0.469987839,-2.392478466,0.843231857,-0.344245225,0.056426570,-0.408988148,,,,,,,
1844,895404,265759,viewpoint,moving_to_front_return,1.008792639,1.393190622,-1.343587995,-0.137460187,0.554370284,0.175429970,0.801874459,,,,,,,,0.206189439,-0.454690784,-2.410958767,0.769575417,-0.394393533,0.107663065,0.490526378,,,,,,,
1845,895569,265924,viewpoint,moving_to_front_return,0.991444826,1.393212318,-1.322414517,-0.141707510,0.543825507,0.181093782,0.807079852,,,,,,,,,,,,,,,,,,,,,
1846,895737,266092,viewpoint,moving_to_front_return,0.983958840,1.392300844,-1.309982419,-0.135310531,0.553141534,0.193560719,0.798911631,,,,,,,,0.228455678,-0.430496305,-2.414844036,0.754795611,-0.388873309,0.083616741,0.521602869,,,,,,,
1847,895875,266230,viewpoint,moving_to_front_return,0.987268209,1.396496534,-1.304073930,-0.119197741,0.578544676,0.196214736,0.782673478,,,,,,,,0.330161512,-0.501978993,-2.356955767,0.744460821,-0.403351963,0.070703283,0.527338803,,,,,,,
1848,896043,266398,viewpoint,moving_to_front_return,0.992705464,1.399800420,-1.304734826,-0.109832659,0.583559513,0.195394605,0.780522943,,,,,,,,0.338530540,-0.541881382,-2.339412212,0.740987241,-0.405312032,0.085917354,0.528467953,,,,,,,
1849,896209,266564,viewpoint,moving_to_front_return,0.994864106,1.396365523,-1.302602410,-0.109130651,0.593325496,0.201418906,0.771677256,,,,,,,,0.405766487,-0.557099938,-2.437484980,0.729044855,-0.451453447,0.143649727,0.494012326,,,,,,,
1850,896375,266730,viewpoint,moving_to_front_return,0.989968538,1.397624254,-1.292276025,-0.107080050,0.605983615,0.202394962,0.761809707,,,,,,,,0.465615273,-0.556978106,-2.337143898,0.727492929,-0.434750080,0.075524144,0.525397539,0.286132097,-0.524605930,-2.206284046,0.831863165,-0.332240790,0.038613454,-0.442864329
1851,896541,266896,viewpoint,moving_to_front_return,0.975925922,1.399582505,-1.274528384,-0.107008152,0.600441813,0.198540062,0.767203212,,,,,,,,0.457933366,-0.566973388,-2.326290607,0.738607049,-0.419116616,0.122673407,0.513568044,0.279198229,-0.539367557,-2.202460766,0.832930267,-0.342088550,0.027233830,-0.434120953
1852,896708,267063,viewpoint,moving_to_front_return,0.953155279,1.397979498,-1.247071862,-0.112657674,0.586773276,0.196712688,0.777373433,0.311926067,-0.457876384,-2.275157452,0.673373878,-0.373737127,0.177266434,0.612751842,0.438197196,-0.553574860,-2.356940746,0.735508800,-0.417502224,0.067228422,0.529338360,0.263525426,-0.533351958,-2.240350246,0.828837872,-0.332414776,0.039148133,-0.448325306
1853,896862,267217,viewpoint,moving_to_front_return,0.932429075,1.390762448,-1.225685000,-0.127597004,0.596341014,0.209827423,0.764244020,,,,,,,,,,,,,,,0.343474448,-0.458609074,-2.207616091,0.822212279,-0.319373757,0.041693825,-0.469285607
1854,897042,267397,viewpoint,moving_to_front_return,0.918562174,1.389000535,-1.219992280,-0.135817036,0.602916598,0.214796185,0.756245971,,,,,,,,0.588341713,-0.440836608,-2.323884487,0.818366110,-0.311537921,0.163349763,-0.454464376,,,,,,,
1855,897223,267578,viewpoint,moving_to_front_return,0.913265467,1.386770368,-1.224789262,-0.130444139,0.614074707,0.224902943,0.745194793,0.501653433,-0.360870004,-2.241729498,0.674889445,-0.412819535,0.193203777,0.580324590,0.628475130,-0.455325276,-2.297490358,0.739957869,-0.451038808,0.082765676,0.492113978,0.436272085,-0.425972968,-2.156912804,0.810746193,-0.321235210,0.095567442,-0.479963928
1856,897390,267745,viewpoint,moving_to_front_return,0.910034060,1.386088729,-1.235115170,-0.130462825,0.618536830,0.225421295,0.741334558,,,,,,,,0.638077199,-0.452768594,-2.267086267,0.734599769,-0.459216505,0.078412123,0.493289828,,,,,,,
1857,897571,267926,viewpoint,moving_to_front_return,0.902329564,1.387349844,-1.238725781,-0.131860986,0.628329515,0.223692283,0.733332455,0.631857693,-0.406365633,-2.421534777,0.696629822,-0.417195022,0.190940678,0.551540554,0.707439721,-0.473652542,-2.292870283,0.729895651,-0.472391397,0.101220638,0.483583659,0.497333825,-0.431916088,-2.123337746,0.822097659,-0.305892318,0.095873483,-0.470524877
1858,897751,268106,viewpoint,moving_to_front_return,0.883834362,1.385655642,-1.235337377,-0.139196292,0.623865187,0.220014572,0.736892283,,,,,,,,0.686346173,-0.440992951,-2.230547190,0.741450310,-0.455528170,0.093463331,0.483745962,0.495461583,-0.417536020,-2.115804434,0.812294543,-0.313345581,0.095730722,-0.482522309
1859,897917,268272,viewpoint,moving_to_front_return,0.852749586,1.382608294,-1.215734839,-0.150421843,0.601453304,0.214428961,0.754749894,0.544084191,-0.344209850,-2.389436007,0.721442044,-0.380296916,0.169520661,0.553315818,,,,,,,,0.433427095,-0.385452449,-2.115528584,0.828859210,-0.281641036,0.098695211,-0.473212481
1860,898084,268439,viewpoint,moving_to_front_return,0.811705589,1.384357929,-1.179906487,-0.159264058,0.568617582,0.193769053,0.783429980,,,,,,,,0.537367702,-0.410561740,-2.288499117,0.763754785,-0.401774466,0.117411539,0.491396487,0.348771930,-0.397304267,-2.125144243,0.844314039,-0.271467537,0.071039200,-0.456500441
1861,898251,268606,viewpoint,moving_to_front_return,0.778247833,1.381711245,-1.144230008,-0.165111408,0.545708477,0.185296103,0.800378561,,,,,,,,0.470454514,-0.389475346,-2.247533083,0.776207268,-0.365469843,0.067058846,0.509349942,,,,,,,
1862,898417,268772,viewpoint,moving_to_front_return,0.763396621,1.385344267,-1.126843333,-0.172462091,0.519705713,0.178072438,0.817589760,0.285425305,-0.329886436,-2.442058325,0.746827245,-0.291542917,0.146793678,0.579399228,,,,,,,,0.242419526,-0.406428903,-2.317529202,0.777439356,-0.311548829,0.131221935,0.530383110
1863,898584,268939,viewpoint,moving_to_front_return,0.759171844,1.389004588,-1.116840005,-0.163529456,0.511828780,0.181341156,0.823653340,,,,,,,,0.339272380,-0.401068687,-2.283196688,0.783335745,-0.338621557,0.044431325,0.519371152,,,,,,,
1864,898751,269106,viewpoint,moving_to_front_return,0.757698298,1.386165023,-1.112998605,-0.161336094,0.529390812,0.190309957,0.810862601,,,,,,,,0.421887934,-0.405315161,-2.305181980,0.845247030,-0.266851902,0.140802488,-0.441046715,,,,,,,
1865,898917,269272,viewpoint,moving_to_front_return,0.755844235,1.387277246,-1.106308103,-0.161595836,0.530263245,0.196111947,0.808855891,0.340141833,-0.353303462,-2.496520996,0.732352614,-0.321696460,0.170115799,0.575527370,,,,,,,,0.263416648,-0.397198886,-2.168567657,0.851522505,-0.258569479,0.066465087,-0.451257795
1866,899084,269439,viewpoint,moving_to_front_return,0.745734811,1.387883782,-1.090831161,-0.161743253,0.529781938,0.196423173,0.809066176,,,,,,,,,,,,,,,0.280919850,-0.405225039,-2.184758186,0.854230285,-0.255917072,0.067980297,-0.447410077
1867,899252,269607,viewpoint,moving_to_front_return,0.724294305,1.388190985,-1.064533114,-0.163169637,0.515338957,0.191306323,0.819270015,0.304930747,-0.349651992,-2.394679308,0.741230965,-0.296135604,0.142908603,0.585198760,0.420392931,-0.407205403,-2.326939583,0.776090801,-0.364682436,0.067016430,0.510096669,0.254928291,-0.414106369,-2.214164019,0.802265704,-0.294837594,0.065708302,0.514900923
1868,899415,269770,viewpoint,moving_to_front_return,0.687799573,1.388970613,-1.023426414,-0.169129580,0.483909070,0.173727855,0.840860188,,,,,,,,0.348530233,-0.409537256,-2.342115164,0.787097275,-0.327288032,0.052393630,0.520207047,,,,,,,
1869,899584,269939,viewpoint,moving_to_front_return,0.654878914,1.387671113,-0.984011889,-0.174070224,0.470291704,0.173635423,0.847570658,,,,,,,,,,,,,,,0.181463718,-0.403804421,-2.192960739,0.865025043,-0.233633205,0.028671356,-0.443085968
1870,899749,270104,viewpoint,moving_to_front_return,0.637952507,1.390604734,-0.965087891,-0.175390974,0.445475876,0.172871783,0.860758185,,,,,,,,0.241999373,-0.371669829,-2.297087193,0.791896939,-0.289401919,-0.004673890,0.537702620,0.104140237,-0.406009793,-2.259092808,0.796794355,-0.233415246,0.052479349,0.554871261
1871,899917,270272,viewpoint,moving_to_front_return,0.628532410,1.388829589,-0.954208374,-0.173766702,0.449002713,0.180511236,0.857681394,,,,,,,,,,,,,,,,,,,,,
1872,900069,270424,viewpoint,moving_to_front_return,0.620515108,1.388119340,-0.947752118,-0.175243393,0.457215250,0.181966007,0.852720559,,,,,,,,0.311470747,-0.363712013,-2.293779135,0.788605452,-0.302182406,0.005842302,0.535493314,0.171419635,-0.391016990,-2.232639313,0.792928159,-0.243987456,0.054385487,0.555677235
1873,900249,270604,viewpoint,moving_to_front_return,0.605171561,1.385514736,-0.936261058,-0.182249472,0.458900243,0.189425677,0.848712921,,,,,,,,,,,,,,,0.216917574,-0.382232726,-2.386530876,0.798721552,-0.281016082,0.069802806,0.527448118
1874,900416,270771,viewpoint,moving_to_front_return,0.578807294,1.382847667,-0.912864089,-0.186023191,0.442934215,0.190102294,0.856192648,,,,,,,,,,,,,,,0.164428249,-0.340620965,-2.234138489,0.860719204,-0.232697234,0.024070721,-0.452144980
1875,900584,270939,viewpoint,moving_to_front_return,0.537802815,1.380959153,-0.875761747,-0.193235546,0.412725359,0.177762464,0.872191668,,,,,,,,0.239787802,-0.293009341,-2.307347536,0.802498341,-0.263899982,-0.019364968,0.534769416,,,,,,,
1876,900751,271106,viewpoint,moving_to_front_return,0.495885789,1.375591636,-0.839009523,-0.202342123,0.395520538,0.170860887,0.879447401,,,,,,,,,,,,,,,,,,,,,
1877,900918,271273,viewpoint,moving_to_front_return,0.470046163,1.377036929,-0.825482488,-0.209561467,0.385087252,0.164168656,0.883651793,,,,,,,,,,,,,,,0.105238840,-0.291049212,-2.213599682,0.809649110,-0.167370319,0.037136540,0.561316609
1878,901083,271438,viewpoint,moving_to_front_return,0.456135571,1.377006412,-0.823111057,-0.205326438,0.384378403,0.169150412,0.884014964,0.098874167,-0.226442367,-2.381097317,0.794454873,-0.173312709,0.036942195,0.580895483,,,,,,,,0.102859125,-0.309589773,-2.238282919,0.812909245,-0.167326406,0.024501106,0.557297111
1879,901265,271620,viewpoint,moving_to_front_return,0.445057392,1.381744385,-0.828168631,-0.197452009,0.388868392,0.167568475,0.884146452,,,,,,,,,,,,,,,,,,,,,
1880,901431,271786,viewpoint,moving_to_front_return,0.431937635,1.380087376,-0.825952768,-0.204873413,0.401522279,0.177548304,0.874804735,,,,,,,,0.307113469,-0.275617003,-2.250845909,0.803667963,-0.253245920,-0.025188951,0.537912607,,,,,,,
1881,901611,271966,viewpoint,moving_to_front_return,0.417956412,1.381327868,-0.817626476,-0.206546202,0.400401294,0.177485242,0.874937952,,,,,,,,0.322281301,-0.272957712,-2.264775515,0.809594154,-0.257003963,-0.025370372,0.527126849,0.199442565,-0.320602357,-2.241983175,0.826478958,-0.203303531,0.024404373,0.524408877
1882,901778,272133,viewpoint,moving_to_front_return,0.391809344,1.378280640,-0.800851822,-0.220032483,0.385131925,0.169547826,0.880064011,,,,,,,,0.311427772,-0.226931378,-2.256798983,0.810693145,-0.243114203,-0.031125564,0.531698525,0.194042683,-0.279345304,-2.247667313,0.833109498,-0.181545094,0.010425054,0.522361279
1883,901945,272300,viewpoint,moving_to_front_return,0.355428457,1.369504213,-0.771905303,-0.243595377,0.345310420,0.151174262,0.893626511,,,,,,,,0.227261081,-0.129763737,-2.304877758,0.831194639,-0.200770944,-0.042489689,0.516721606,0.113563105,-0.189938799,-2.255117893,0.847679138,-0.126715615,0.002933704,0.515145183
1884,902126,272481,viewpoint,moving_to_front_return,0.316926658,1.365598083,-0.737627506,-0.247103244,0.322455466,0.135599300,0.903645575,,,,,,,,,,,,,,,,,,,,,
1885,902292,272647,viewpoint,moving_to_front_return,0.293149471,1.369743586,-0.716984749,-0.247797132,0.306137294,0.142087579,0.908123136,,,,,,,,0.143274963,-0.116130516,-2.283938885,0.829666138,-0.149800718,-0.052712705,0.535196483,0.039958924,-0.183580205,-2.251822472,0.842632651,-0.077862397,-0.010789691,0.532720566
1886,902459,272814,viewpoint,moving_to_front_return,0.286381602,1.379459500,-0.711979508,-0.216574669,0.320317358,0.151890308,0.909627140,,,,,,,,,,,,,,,,,,,,,
1887,902612,272967,viewpoint,moving_to_front_return,0.290665269,1.374617815,-0.716143250,-0.204902232,0.342720211,0.155120313,0.903601468,,,,,,,,0.249673262,-0.305994183,-2.292044401,0.811811566,-0.204904735,-0.051269270,0.544378102,0.139284298,-0.361731440,-2.245652437,0.825878799,-0.139662504,-0.001979375,0.546273530
1888,902764,273119,viewpoint,moving_to_front_return,0.291805983,1.378309250,-0.713588953,-0.203570440,0.345298618,0.154938534,0.902951837,,,,,,,,0.265920401,-0.318262100,-2.301666021,0.812419236,-0.204241946,-0.050062783,0.543832660,,,,,,,
1889,902945,273300,viewpoint,moving_to_front_return,0.280017018,1.384365082,-0.712574124,-0.197955072,0.349979460,0.157451317,0.901962996,,,,,,,,,,,,,,,0.183223650,-0.436580509,-2.375700951,0.837648571,-0.110539250,-0.008319564,0.534842670
1890,903097,273452,viewpoint,moving_to_front_return,0.248763502,1.388554454,-0.716800928,-0.189501330,0.334753215,0.152747259,0.910328388,,,,,,,,0.254537880,-0.429882437,-2.412630320,0.823655367,-0.163784862,-0.068593539,0.538573384,0.124068841,-0.452997446,-2.179774761,0.801632583,-0.109312564,-0.014213649,0.587566257
1891,903237,273592,viewpoint,moving_to_front_return,0.186174512,1.383274198,-0.724829793,-0.189259395,0.305731565,0.135905027,0.923167884,0.032822095,-0.422879666,-2.290654182,0.782855153,-0.069348499,0.002919967,0.618320346,0.170744985,-0.446672887,-2.254598856,0.805507779,-0.154382318,-0.062330831,0.568716347,0.069667555,-0.517576635,-2.236455917,0.830134749,-0.099459067,-0.018994395,0.548291385
1892,903390,273745,viewpoint,moving_to_front_return,0.101072431,1.377766728,-0.730994105,-0.192984343,0.271532148,0.119813405,0.935239077,,,,,,,,,,,,,,,0.030949786,-0.511773348,-2.095717669,0.817839503,-0.056292694,-0.036274813,0.571536481
1893,903541,273896,viewpoint,moving_to_front_return,0.014895558,1.382692337,-0.733916402,-0.214375705,0.251594454,0.105203196,0.937910259,,,,,,,,0.161640629,-0.424189031,-2.254963160,0.905024529,-0.014668419,0.146875724,-0.398927301,0.071349807,-0.484769493,-2.127659798,0.837119222,-0.023386128,-0.043382119,0.544795930
1894,903695,274050,viewpoint,moving_to_front_return,-0.036194682,1.383700371,-0.731300473,-0.230160594,0.226222903,0.114284918,0.939568162,,,,,,,,0.103488445,-0.360203207,-2.271889210,0.899813592,-0.010410054,0.151835933,-0.408867985,0.017509628,-0.408329248,-2.041331291,0.830791056,-0.021452539,-0.044023551,0.554425716
1895,903874,274229,viewpoint,moving_to_front_return,-0.066373467,1.387600780,-0.729302287,-0.232274771,0.210271463,0.121008001,0.941908419,,,,,,,,0.053715967,-0.340382367,-2.218170166,0.836846411,-0.054391574,-0.109709524,0.533566892,,,,,,,
1896,904029,274384,viewpoint,moving_to_front_return,-0.078415632,1.390278101,-0.726655602,-0.230699971,0.205680907,0.120519474,0.943370521,,,,,,,,0.046075135,-0.350543827,-2.185257673,0.827738881,-0.041445803,-0.109262750,0.548809767,-0.030717343,-0.427843869,-2.099920034,0.839118779,0.016342022,-0.071801566,0.538940787
1897,904196,274551,viewpoint,moving_to_front_return,-0.083702087,1.390617251,-0.728407264,-0.228371814,0.211291656,0.117380768,0.943092763,-0.066677205,-0.347264826,-2.155135870,0.811337650,0.033780824,-0.022909435,0.583151221,0.076949365,-0.373707235,-2.234283447,0.832983851,-0.048173647,-0.101616226,0.541748464,-0.001318499,-0.436162531,-2.079412222,0.841150701,-0.003810867,-0.064980745,0.536869109
1898,904361,274716,viewpoint,moving_to_front_return,-0.083442688,1.390469790,-0.730714917,-0.227769196,0.212953478,0.122041248,0.942272782,,,,,,,,0.076107740,-0.372100264,-2.224043131,0.837951541,-0.069381535,-0.101880804,0.531642437,-0.002439056,-0.439681023,-2.092528105,0.845109940,-0.005551857,-0.072879359,0.529572546
1899,904529,274884,viewpoint,moving_to_front_return,-0.076762915,1.391955495,-0.731241584,-0.223938718,0.222360268,0.126437932,0.940436542,-0.046419617,-0.358628660,-2.153575659,0.802140594,0.019337425,-0.015457841,0.596621871,0.096458986,-0.382426769,-2.200438261,0.829375088,-0.064966932,-0.103957705,0.545077145,0.015646972,-0.446084797,-2.064602852,0.838380039,-0.016667331,-0.071771592,0.540083408
1900,904696,275051,viewpoint,moving_to_front_return,-0.066172600,1.395586014,-0.731010795,-0.219496191,0.225892395,0.127584100,0.940487325,,,,,,,,0.093567461,-0.396703362,-2.181142330,0.828716934,-0.091219902,-0.100000441,0.543053508,0.011775859,-0.462574959,-2.070803404,0.836775124,-0.018608307,-0.072217554,0.542444170
1901,904847,275202,viewpoint,moving_to_front_return,-0.055674076,1.398732305,-0.730263591,-0.210289031,0.236642808,0.131709903,0.939378142,,,,,,,,0.112092033,-0.436562508,-2.178410292,0.900010109,-0.036211330,0.153027520,-0.406513333,0.028943162,-0.504118681,-2.092063189,0.838157475,-0.035696551,-0.062783420,0.540625691
1902,905013,275368,viewpoint,moving_to_front_return,-0.046386600,1.400237918,-0.731060863,-0.205841064,0.245178521,0.133111507,0.937975645,,,,,,,,0.131277412,-0.457829565,-2.182439566,0.901774943,-0.042182952,0.163017765,-0.398055017,0.044917770,-0.517309964,-2.072911978,0.830960095,-0.035094578,-0.079884320,0.549447179
1903,905167,275522,viewpoint,moving_to_front_return,-0.038273454,1.400979638,-0.733041167,-0.202070028,0.255582958,0.133415967,0.935972869,,,,,,,,0.162030801,-0.473517537,-2.171360254,0.813535094,-0.114094503,-0.084859997,0.563863397,0.072119117,-0.524137020,-2.023975134,0.817137241,-0.058503203,-0.041446097,0.571967065
1904,905334,275689,viewpoint,moving_to_front_return,-0.032650471,1.401567459,-0.735327125,-0.198540658,0.261669159,0.132509843,0.935174882,0.038094416,-0.463546395,-2.153231859,0.790910900,-0.024160007,-0.004746911,0.611435831,0.180160195,-0.491387606,-2.168402195,0.814601719,-0.130339906,-0.079830319,0.559520125,,,,,,,
1905,905485,275840,viewpoint,moving_to_front_return,-0.027827740,1.401627541,-0.736988187,-0.196444571,0.265219033,0.131377652,0.934777141,,,,,,,,0.195563510,-0.515963137,-2.210772038,0.908725202,-0.023144895,0.187120631,-0.372382462,0.096971601,-0.549595714,-2.015404463,0.812602222,-0.071149945,-0.049218819,0.576361775
1906,905654,276009,viewpoint,moving_to_front_return,-0.025942087,1.402483821,-0.737855792,-0.193697825,0.265523672,0.131467119,0.935251176,,,,,,,,0.190697342,-0.525498211,-2.208701134,0.814838946,-0.116085194,-0.077118598,0.562685072,0.097056046,-0.585764468,-2.103218317,0.835051119,-0.053842403,-0.050613049,0.545187056
1907,905806,276161,viewpoint,moving_to_front_return,-0.025722146,1.402628183,-0.739645362,-0.192909688,0.266507089,0.131325796,0.935154200,,,,,,,,0.191977650,-0.527033091,-2.199379921,0.820203185,-0.114531010,-0.087559365,0.553608894,0.100082710,-0.599667907,-2.134954214,0.839315295,-0.053079106,-0.051571794,0.538584173
1908,905959,276314,viewpoint,front_return,-0.025665760,1.402094841,-0.741851211,-0.193652913,0.266704828,0.131731600,0.934887111,0.045806564,-0.483157635,-2.130538225,0.783496082,-0.036195830,0.004638926,0.620324373,0.184566751,-0.508158565,-2.124020815,0.796845555,-0.108093962,-0.070431694,0.590247631,0.099186465,-0.585375786,-2.088660479,0.826011360,-0.080831856,-0.017879814,0.557540894
1909,906126,276481,viewpoint,front_return,-0.025794506,1.401837945,-0.744338393,-0.193814099,0.267120123,0.132020220,0.934694409,,,,,,,,0.191405892,-0.524168551,-2.184354067,0.812640846,-0.106777892,-0.071658373,0.568399787,0.099615097,-0.585860491,-2.089688540,0.825763047,-0.077884138,-0.023139898,0.558134437
1910,906278,276633,viewpoint,front_return,-0.025093555,1.401979446,-0.746615052,-0.193360656,0.267967105,0.130891114,0.934704661,,,,,,,,0.190494120,-0.517246544,-2.143537045,0.807459295,-0.121110395,-0.075894020,0.572347701,0.101507321,-0.591502726,-2.094465733,0.831144214,-0.062206063,-0.046272665,0.550625622
1911,906431,276786,viewpoint,front_return,-0.023886323,1.402736068,-0.747908711,-0.191552192,0.269662261,0.129977033,0.934717059,,,,,,,,0.197719783,-0.534552276,-2.170672417,0.810279846,-0.118551083,-0.074681573,0.569047332,0.105455205,-0.598924100,-2.084842920,0.828732550,-0.061744478,-0.047068607,0.554233313
1912,906598,276953,viewpoint,front_return,-0.022246361,1.403425574,-0.748728156,-0.190237701,0.270871341,0.129459336,0.934707761,,,,,,,,0.199751586,-0.537572086,-2.151554585,0.812977314,-0.132653147,-0.068660870,0.562811494,,,,,,,
1913,906751,277106,viewpoint,front_return,-0.020934820,1.404525399,-0.749466300,-0.187585458,0.272077173,0.129358783,0.934907496,,,,,,,,0.202799186,-0.557321370,-2.176185131,0.816656709,-0.115477681,-0.073265940,0.560685992,0.108282313,-0.613137960,-2.065333128,0.822420299,-0.064502932,-0.039109137,0.563857019
1914,906903,277258,viewpoint,front_return,-0.020107508,1.405515552,-0.749926686,-0.185768247,0.271631211,0.128791988,0.935478091,,,,,,,,0.201752320,-0.573153436,-2.196699142,0.917605460,-0.028535975,0.194282010,-0.345601499,0.105377540,-0.628639221,-2.088920355,0.824688435,-0.067646734,-0.044206910,0.559784412
1915,907057,277412,viewpoint,front_return,-0.019867778,1.405911565,-0.749863744,-0.185755610,0.271538883,0.128410444,0.935559869,,,,,,,,0.198517412,-0.565630734,-2.171815872,0.810654819,-0.116935804,-0.075743809,0.568707049,0.104109421,-0.621162653,-2.059340239,0.820612311,-0.061321609,-0.042680942,0.566580474
1916,907209,277564,viewpoint,front_return,-0.020478487,1.406264544,-0.749337554,-0.184774101,0.272393405,0.128222138,0.935531676,,,,,,,,0.202647701,-0.573078990,-2.174298048,0.808638930,-0.106757015,-0.066603221,0.574691296,0.108711749,-0.627784550,-2.065877438,0.821147025,-0.064258225,-0.038910128,0.565751195
1917,907362,277717,viewpoint,front_return,-0.022045612,1.406575203,-0.748659730,-0.184286863,0.273692399,0.128437415,0.935219049,0.064516082,-0.535989404,-2.125852823,0.780854821,-0.031908173,0.001218949,0.623896003,0.219501123,-0.593947709,-2.237687349,0.918846190,-0.035079107,0.212990522,-0.330342531,0.111991718,-0.630221963,-2.059894323,0.810857236,-0.055895638,-0.036928169,0.581397116
1918,907514,277869,viewpoint,front_return,-0.024228215,1.406731725,-0.748630643,-0.184128597,0.274548411,0.128246278,0.935025513,,,,,,,,0.213686019,-0.574773192,-2.167425871,0.809496403,-0.117292315,-0.074080601,0.570499957,0.119533151,-0.635195553,-2.072992325,0.823355258,-0.065442301,-0.041230880,0.562230825
1919,907679,278034,viewpoint,front_return,-0.026354194,1.406803131,-0.748106837,-0.184043899,0.274976701,0.128505349,0.934880733,,,,,,,,0.218357697,-0.580666542,-2.184821367,0.817046106,-0.123042397,-0.079020321,0.557720363,0.121621236,-0.626253843,-2.038749218,0.818808854,-0.067731030,-0.022099428,0.569628239
1920,907834,278189,viewpoint,front_return,-0.028165221,1.407070637,-0.747707486,-0.183661416,0.274254650,0.128384203,0.935184658,0.069798633,-0.535870016,-2.105947733,0.773385167,-0.039477963,0.005483470,0.632682264,0.209584326,-0.563517272,-2.110091686,0.797972977,-0.125803635,-0.062323477,0.586112916,0.122886688,-0.638110638,-2.066421270,0.819364965,-0.082257897,-0.016221611,0.567108095
1921,907987,278342,viewpoint,front_return,-0.028468847,1.406933188,-0.747470737,-0.184871376,0.272611529,0.128032088,0.935474932,,,,,,,,0.208532110,-0.564411640,-2.136389971,0.808118820,-0.135921732,-0.069421083,0.568902433,0.116183653,-0.622706175,-2.033971786,0.813369811,-0.077644780,-0.024958013,0.576001704
1922,908140,278495,viewpoint,front_return,-0.027923584,1.406321406,-0.747296453,-0.187082022,0.269594073,0.127495408,0.935983062,,,,,,,,0.204247057,-0.567598164,-2.195197821,0.819023311,-0.120067574,-0.080176622,0.555298388,,,,,,,
1923,908306,278661,viewpoint,front_return,-0.027249217,1.405632615,-0.747128367,-0.188485831,0.267855257,0.127073616,0.936257958,0.052091673,-0.518953323,-2.135049343,0.783044517,-0.029774118,0.002451707,0.621247828,0.193362549,-0.544491768,-2.136981249,0.808095813,-0.134448797,-0.071424678,0.569037080,0.101519272,-0.602265596,-2.030630589,0.814122677,-0.076014422,-0.029714229,0.574928880
1924,908460,278815,viewpoint,front_return,-0.026471972,1.404770613,-0.747420192,-0.190720975,0.266825169,0.126696050,0.936150610,0.050654881,-0.532157958,-2.228866577,0.800224006,-0.011033437,-0.013200740,0.599454403,0.191808507,-0.540890217,-2.161634445,0.808905542,-0.122129768,-0.072071485,0.570580244,0.100831702,-0.604928553,-2.069739580,0.820959508,-0.070708498,-0.041553706,0.565065682
1925,908626,278981,viewpoint,front_return,-0.025826335,1.404513359,-0.747245908,-0.191378638,0.266233563,0.126719952,0.936181605,,,,,,,,0.189201072,-0.537263393,-2.152482271,0.910803080,-0.031777017,0.179621115,-0.370356947,0.098026127,-0.592506289,-2.046184301,0.820485592,-0.052722316,-0.049137846,0.567106009
1926,908778,279133,viewpoint,front_return,-0.025355101,1.404232025,-0.746950030,-0.191769674,0.265540779,0.126286015,0.936356962,0.045121886,-0.500972450,-2.121730089,0.788193941,-0.025071543,0.005482178,0.614891648,0.190257147,-0.537753046,-2.181266785,0.818007886,-0.112548068,-0.082563013,0.558013797,,,,,,,
1927,908932,279287,viewpoint,front_return,-0.025372505,1.404046655,-0.746641755,-0.192188054,0.266006768,0.126325071,0.936133623,,,,,,,,0.189130217,-0.529918671,-2.149094582,0.805457771,-0.112378635,-0.068073541,0.577905476,0.100130051,-0.598639429,-2.081921339,0.826681435,-0.059159588,-0.044061717,0.557814002
1928,909084,279439,viewpoint,front_return,-0.025425196,1.404087186,-0.746200204,-0.192106366,0.266004741,0.126069069,0.936185479,,,,,,,,0.194347546,-0.539665937,-2.189179182,0.819848418,-0.114747263,-0.075882196,0.555808902,0.099184856,-0.591551244,-2.056211472,0.823617876,-0.055383489,-0.049012527,0.562302470
1929,909251,279606,viewpoint,front_return,-0.025454521,1.404264331,-0.746042848,-0.191944852,0.265959203,0.125741512,0.936275601,0.049726948,-0.507294714,-2.147796392,0.788014889,-0.023283301,0.002053390,0.615212381,0.194511265,-0.539314151,-2.186422586,0.818170726,-0.117953807,-0.082555369,0.556658089,0.098470747,-0.584741235,-2.026422024,0.820173740,-0.063758694,-0.041049547,0.567066848
1930,909402,279757,viewpoint,front_return,-0.025661826,1.404555440,-0.746564984,-0.191826880,0.266370028,0.125153095,0.936261833,,,,,,,,,,,,,,,0.100548372,-0.578937411,-1.998486042,0.811118960,-0.064044565,-0.042970628,0.579773962
1931,909569,279924,viewpoint,front_return,-0.025415897,1.404849410,-0.747008204,-0.191702634,0.266146362,0.125061065,0.936363161,,,,,,,,0.191609949,-0.534299374,-2.152694225,0.810183823,-0.116296999,-0.077002861,0.569339752,0.101548851,-0.602276027,-2.075645924,0.830785155,-0.048205305,-0.046462242,0.552551806
1932,909722,280077,viewpoint,front_return,-0.024778366,1.405328512,-0.747452617,-0.190745592,0.266063750,0.124793097,0.936617792,,,,,,,,0.188630909,-0.538047969,-2.142740250,0.802550316,-0.113393232,-0.065727629,0.582009375,0.098941982,-0.599327803,-2.053283691,0.822570384,-0.052120060,-0.047628962,0.564263284
1933,909874,280229,viewpoint,front_return,-0.024352074,1.405840397,-0.748137355,-0.189838052,0.266256511,0.124611907,0.936771512,,,,,,,,0.193994537,-0.554482758,-2.182495594,0.913303137,-0.026856719,0.191227794,-0.358591735,0.100053549,-0.613585949,-2.084201574,0.826077282,-0.058410540,-0.044225689,0.558774292
1934,910027,280382,viewpoint,front_return,-0.024044514,1.406030178,-0.748844504,-0.189612091,0.266130775,0.124067195,0.936925352,,,,,,,,0.190268755,-0.547692657,-2.158465147,0.813550293,-0.115224227,-0.073919252,0.565150619,,,,,,,
1935,910181,280536,viewpoint,front_return,-0.024165750,1.406113148,-0.749235988,-0.189507335,0.266447157,0.123874806,0.936882019,,,,,,,,0.193403974,-0.553170979,-2.180356503,0.816767216,-0.118391857,-0.074169442,0.559797883,0.098593041,-0.599132121,-2.024984837,0.821097195,-0.061072826,-0.039150428,0.566159606
1936,910347,280702,viewpoint,front_return,-0.024604678,1.406076074,-0.749421716,-0.189553127,0.266858757,0.123712882,0.936776996,0.051137909,-0.519090950,-2.135457993,0.785519481,-0.029975045,0.009181838,0.618042350,0.196457177,-0.554578662,-2.186294079,0.817184091,-0.115805976,-0.078242287,0.559175551,,,,,,,
1937,910500,280855,viewpoint,front_return,-0.025454044,1.405923367,-0.749302745,-0.189780936,0.266608268,0.123608649,0.936815917,0.050010197,-0.513469756,-2.113097191,0.784666598,-0.024734037,0.008041662,0.619372189,0.191101789,-0.541495025,-2.136021376,0.809083521,-0.106442653,-0.077261224,0.572786748,,,,,,,
1938,910654,281009,viewpoint,front_return,-0.026280046,1.405328274,-0.748754144,-0.190122932,0.266956657,0.124231637,0.936564982,,,,,,,,0.200738192,-0.557734191,-2.197092772,0.915426016,-0.028077846,0.193898857,-0.351582259,0.103392676,-0.601948619,-2.044224977,0.820564568,-0.055521373,-0.046501365,0.566946983
1939,910818,281173,viewpoint,front_return,-0.027225614,1.405189037,-0.748222709,-0.190168887,0.267445624,0.124420106,0.936391056,,,,,,,,0.210035309,-0.571451843,-2.258047342,0.824063718,-0.094865799,-0.106277086,0.548292458,0.104454681,-0.590143502,-2.002832174,0.810748935,-0.063200094,-0.036596686,0.580820680
1940,910971,281326,viewpoint,front_return,-0.028654218,1.404819131,-0.747702003,-0.190788150,0.267609805,0.124946922,0.936148047,,,,,,,,0.201736942,-0.546174169,-2.172735214,0.816280007,-0.113755465,-0.071761012,0.561780274,,,,,,,
1941,911126,281481,viewpoint,front_return,-0.029455900,1.404479384,-0.747631907,-0.191152126,0.267087579,0.124141194,0.936330080,,,,,,,,0.201970294,-0.547573924,-2.173232317,0.912473142,-0.026560968,0.175073445,-0.368831366,0.109196588,-0.605143428,-2.069862366,0.825276315,-0.057459369,-0.043328986,0.560124993
1942,911278,281633,viewpoint,front_return,-0.030483246,1.404414654,-0.747475266,-0.191377267,0.266521156,0.124367237,0.936415493,,,,,,,,0.205766916,-0.554711223,-2.206081867,0.914299488,-0.023486402,0.190704584,-0.356562167,0.106302902,-0.587411523,-2.010383844,0.811550081,-0.063705027,-0.040631093,0.579376519
1943,911431,281786,viewpoint,front_return,-0.031043768,1.404322028,-0.747444272,-0.191611022,0.265574992,0.124005899,0.936684430,,,,,,,,0.209280252,-0.565882266,-2.263036489,0.918458343,-0.012231117,0.214924902,-0.331801176,0.107141241,-0.610803008,-2.094377279,0.832627177,-0.060215902,-0.026273161,0.549923301
1944,911584,281939,viewpoint,front_return,-0.031770229,1.404108644,-0.747648358,-0.192107335,0.265318483,0.124144644,0.936637044,,,,,,,,0.197376683,-0.538384914,-2.165534258,0.814324915,-0.111851461,-0.075198859,0.564543486,0.105550617,-0.600557625,-2.069079161,0.829469681,-0.047917843,-0.049356423,0.554299474
1945,911751,282106,viewpoint,front_return,-0.032309294,1.403947830,-0.748299241,-0.192626253,0.265313059,0.123984598,0.936553240,,,,,,,,0.199404359,-0.540850461,-2.184220076,0.813999295,-0.107665583,-0.081316128,0.564978778,0.102785543,-0.573194563,-1.977285028,0.808032691,-0.058748830,-0.040542550,0.584797502
1946,911903,282258,viewpoint,front_return,-0.033111572,1.403646946,-0.749015927,-0.193682715,0.264692545,0.123731002,0.936544418,,,,,,,,0.196532056,-0.528789878,-2.151129246,0.811888039,-0.097079359,-0.081964672,0.569820404,0.103602067,-0.577015817,-2.003310442,0.815766513,-0.060179107,-0.030088753,0.574454665
1947,912070,282425,viewpoint,front_return,-0.033719540,1.403657556,-0.749288917,-0.194107339,0.264404118,0.123096354,0.936621606,,,,,,,,0.198555768,-0.535314441,-2.180420637,0.814670086,-0.108139224,-0.080711856,0.564007223,0.104794353,-0.579715848,-2.011495352,0.819323123,-0.054036878,-0.033118881,0.569818139
1948,912223,282578,viewpoint,front_return,-0.034317136,1.403580666,-0.749791741,-0.194589674,0.264143348,0.122738272,0.936642110,0.054885179,-0.500908256,-2.136726856,0.786573231,-0.015668517,0.005174265,0.617276609,0.201038256,-0.534721911,-2.188494921,0.820288062,-0.112204969,-0.078516111,0.555313230,0.105486587,-0.582241595,-2.029637098,0.822669506,-0.047670320,-0.050466619,0.564265490
1949,912375,282730,viewpoint,front_return,-0.035168648,1.403267384,-0.750605941,-0.195610195,0.264299810,0.122898728,0.936364353,,,,,,,,0.209924459,-0.549202681,-2.253088474,0.918637455,-0.015044581,0.191438794,-0.345297098,0.107000887,-0.576196313,-2.020411491,0.815304101,-0.061999306,-0.041872416,0.574179411
1950,912529,282884,viewpoint,front_return,-0.036677599,1.402623773,-0.751449227,-0.197217703,0.265358865,0.124555953,0.935508251,,,,,,,,0.202479139,-0.516634643,-2.148723602,0.908214271,-0.028066451,0.176266968,-0.378535479,0.112835541,-0.580246329,-2.067862034,0.827596903,-0.058206771,-0.040229473,0.556845486
1951,912695,283050,viewpoint,front_return,-0.038319349,1.401995301,-0.752822995,-0.198645443,0.266621053,0.126017109,0.934651196,,,,,,,,0.211968526,-0.516993940,-2.175544024,0.908382118,-0.023031266,0.198251754,-0.367434025,0.116312996,-0.568832159,-2.046211958,0.826901495,-0.055770643,-0.045342479,0.557734430
1952,912847,283202,viewpoint,front_return,-0.038680315,1.401681423,-0.754549146,-0.199253857,0.266122460,0.125796959,0.934693456,,,,,,,,0.205669746,-0.505024076,-2.151287556,0.818141222,-0.110884808,-0.079559892,0.558587253,,,,,,,
1953,913000,283355,viewpoint,front_return,-0.038445473,1.401510000,-0.756299138,-0.199680880,0.265510917,0.125107273,0.934868813,,,,,,,,0.203751847,-0.507475555,-2.156709671,0.815190136,-0.105575256,-0.062437132,0.566057086,0.112862051,-0.569328725,-2.057776690,0.833276093,-0.053656727,-0.049840331,0.547985196
1954,913167,283522,viewpoint,front_return,-0.038683057,1.400910854,-0.757919431,-0.200984180,0.265607357,0.125309855,0.934534907,,,,,,,,0.205606490,-0.500852525,-2.154712200,0.818803549,-0.109181203,-0.072691321,0.558888376,,,,,,,
1955,913320,283675,viewpoint,front_return,-0.039100766,1.400453687,-0.758667111,-0.201689854,0.266116500,0.125753492,0.934178412,0.063908845,-0.466746449,-2.122076750,0.790615201,-0.029211873,0.008015054,0.611563742,0.210533917,-0.504501641,-2.189628839,0.826082408,-0.117611110,-0.077168100,0.545711160,0.112130448,-0.543220162,-1.987530112,0.815589309,-0.061888222,-0.042824998,0.573715866
1956,913487,283842,viewpoint,front_return,-0.039395213,1.400123477,-0.758788705,-0.202315629,0.266276777,0.126145273,0.933944583,,,,,,,,0.208836824,-0.498138964,-2.159618855,0.909912944,-0.030154256,0.181301281,-0.371858925,0.116744727,-0.556035101,-2.051718473,0.828614950,-0.056331970,-0.043619387,0.555266917
1957,913653,284008,viewpoint,front_return,-0.039601922,1.399824023,-0.758094192,-0.202555925,0.267146409,0.126711696,0.933567405,0.068687096,-0.462899357,-2.127890110,0.794358611,-0.025480099,0.007794554,0.606864452,0.214394033,-0.498087227,-2.181406260,0.826252341,-0.120618731,-0.081176519,0.544213712,0.115931854,-0.536642849,-1.980489373,0.816330075,-0.059576545,-0.038242981,0.573230624
1958,913819,284174,viewpoint,front_return,-0.039960861,1.399615765,-0.757287145,-0.203222826,0.267371714,0.127181813,0.933293998,,,,,,,,,,,,,,,0.121585682,-0.552559555,-2.058150530,0.830669343,-0.056772105,-0.043280434,0.552170336
1959,913971,284326,viewpoint,front_return,-0.039765835,1.399755478,-0.756042838,-0.202804342,0.267188042,0.127357006,0.933413744,,,,,,,,0.209570721,-0.487599462,-2.139580965,0.812849402,-0.113248527,-0.070366636,0.567008853,,,,,,,
1960,914126,284481,viewpoint,front_return,-0.039620996,1.399923921,-0.755322814,-0.202886000,0.267348528,0.127399892,0.933344126,,,,,,,,0.212449983,-0.492567599,-2.153049469,0.906815052,-0.029558202,0.175613970,-0.382063508,0.121851146,-0.555904388,-2.069581985,0.831340551,-0.058406565,-0.042031359,0.551085234
1961,914291,284646,viewpoint,front_return,-0.039540172,1.400089264,-0.754834771,-0.202509940,0.267405331,0.127311245,0.933421671,,,,,,,,0.213704750,-0.493997008,-2.162183762,0.815935910,-0.108937517,-0.061843984,0.564408123,,,,,,,
1962,914445,284800,viewpoint,front_return,-0.039364219,1.400187492,-0.754629254,-0.202804402,0.267063677,0.126962930,0.933502972,,,,,,,,0.213229641,-0.493598938,-2.161737442,0.814910173,-0.109314732,-0.064549066,0.565513253,0.122001201,-0.556972861,-2.071881294,0.831354916,-0.058331933,-0.040405862,0.551192999
1963,914610,284965,viewpoint,front_return,-0.039287686,1.400641203,-0.753746390,-0.202131167,0.267362922,0.126750946,0.933592141,0.069832109,-0.462130994,-2.125114441,0.787439346,-0.035066988,0.009913501,0.615314007,0.217869475,-0.502169430,-2.197232246,0.826623082,-0.124089912,-0.080937661,0.542904437,0.120692208,-0.549038410,-2.024982452,0.823286355,-0.059674140,-0.040374812,0.563035071
1964,914765,285120,viewpoint,front_return,-0.039002895,1.400951982,-0.752892137,-0.201838046,0.267407566,0.126751810,0.933642626,,,,,,,,0.219781533,-0.507609546,-2.202001095,0.910216391,-0.023768971,0.195150942,-0.364495933,0.122205302,-0.557043433,-2.056684256,0.829105258,-0.055941541,-0.046476141,0.554341972
1965,914931,285286,viewpoint,front_return,-0.038948894,1.401397943,-0.751847386,-0.201239794,0.267887175,0.126908958,0.933612943,,,,,,,,0.218219474,-0.501565635,-2.180321932,0.822783351,-0.112295754,-0.079380162,0.551467180,0.123957306,-0.570282817,-2.083224058,0.942153275,0.003354236,0.095512412,-0.321268380
1966,915083,285438,viewpoint,front_return,-0.038501263,1.401829600,-0.751028895,-0.200821012,0.267910480,0.126898780,0.933697820,,,,,,,,0.228441045,-0.523658872,-2.254217148,0.912256002,-0.021343965,0.214176729,-0.348513633,0.125731409,-0.571607471,-2.087416887,0.834131956,-0.061949085,-0.036534894,0.546855927
1967,915251,285606,viewpoint,front_return,-0.037652612,1.402291298,-0.750176072,-0.199931383,0.267961234,0.126579612,0.933917463,0.071216039,-0.473537832,-2.133069754,0.788007796,-0.030163709,0.003530493,0.614915848,0.218875393,-0.512740672,-2.201086521,0.824019909,-0.119516425,-0.074567154,0.548768580,0.121992692,-0.559357822,-2.037125826,0.828618884,-0.061436336,-0.033304598,0.555434167
1968,915402,285757,viewpoint,front_return,-0.036818624,1.402845383,-0.749590516,-0.198905915,0.268333048,0.126006067,0.934107244,,,,,,,,0.218119010,-0.511795044,-2.179850817,0.822072268,-0.113184437,-0.079452999,0.552334845,0.123329386,-0.567551255,-2.048685551,0.830120564,-0.058824841,-0.037254497,0.553219378
1969,915570,285925,viewpoint,front_return,-0.036213398,1.403155208,-0.749308467,-0.198160782,0.268833607,0.125698298,0.934163153,,,,,,,,0.215737641,-0.508988738,-2.147220373,0.815238059,-0.109784901,-0.073476024,0.563857675,0.122013733,-0.558836102,-2.006604671,0.817583263,-0.064989589,-0.026755523,0.571505189
1970,915722,286077,viewpoint,front_return,-0.035849333,1.403210878,-0.749068379,-0.198123455,0.270323277,0.124600090,0.933888257,,,,,,,,0.226381049,-0.516707420,-2.177035332,0.820513189,-0.117229238,-0.075547032,0.554353774,0.130930066,-0.566785514,-2.031505823,0.824541688,-0.060147312,-0.030233968,0.561782241
1971,915875,286230,viewpoint,front_return,-0.035170197,1.403536201,-0.749033093,-0.197368458,0.269907534,0.124634005,0.934163809,,,,,,,,0.223046824,-0.519952059,-2.172124386,0.817166448,-0.111592263,-0.068428114,0.561341107,0.130233735,-0.583754063,-2.080160856,0.831173420,-0.051985577,-0.046802554,0.551595747
1972,916042,286397,viewpoint,front_return,-0.034773469,1.403423190,-0.749289155,-0.197237805,0.270285964,0.125357971,0.933985114,,,,,,,,0.222009674,-0.517437279,-2.160711050,0.814614356,-0.113093041,-0.066469595,0.564973712,0.129241362,-0.580438912,-2.067753077,0.832889497,-0.050345048,-0.043030571,0.549462259
1973,916195,286550,viewpoint,front_return,-0.034287214,1.403150558,-0.749396205,-0.197421551,0.271345913,0.125871137,0.933569789,,,,,,,,0.226014361,-0.517426908,-2.168870926,0.813744247,-0.123005323,-0.066263780,0.564180136,0.137496427,-0.586407542,-2.089267731,0.829684317,-0.056296185,-0.051245056,0.553017855
1974,916347,286702,viewpoint,front_return,-0.033735394,1.402650714,-0.749689698,-0.198400974,0.271410406,0.125951901,0.933332503,,,,,,,,0.231618658,-0.522965610,-2.204624653,0.913319111,-0.024723658,0.196428716,-0.355882972,0.136428475,-0.583895922,-2.095597267,0.834840894,-0.061126683,-0.037722051,0.545785189
1975,916499,286854,viewpoint,front_return,-0.032923818,1.401966929,-0.749651313,-0.199596405,0.271240741,0.125980511,0.933123052,,,,,,,,,,,,,,,0.132626623,-0.566612124,-2.066301107,0.835032225,-0.055662401,-0.050143369,0.545076609
1976,916654,287009,viewpoint,front_return,-0.031844616,1.400698066,-0.750601172,-0.203373566,0.269463956,0.125425652,0.932896972,,,,,,,,0.220232263,-0.485527933,-2.159501314,0.816512048,-0.118420973,-0.070896238,0.560587466,0.130357578,-0.556796908,-2.093607903,0.834396005,-0.050514679,-0.051628195,0.546412051
1977,916820,287175,viewpoint,front_return,-0.030690789,1.399541855,-0.751821160,-0.206683487,0.268073708,0.124746099,0.932661176,,,,,,,,,,,,,,,0.123267323,-0.521313190,-2.011838913,0.819706798,-0.063446634,-0.038666569,0.567943931
1978,916973,287328,viewpoint,front_return,-0.029818416,1.399081826,-0.752826571,-0.208172292,0.266353011,0.123539306,0.932983637,0.068382636,-0.432384044,-2.119509459,0.790100574,-0.025821913,0.014657346,0.612257659,0.213126928,-0.464065373,-2.168563843,0.823810041,-0.115633391,-0.072751336,0.550157487,0.122180104,-0.526936591,-2.060483932,0.836249232,-0.055312492,-0.037445791,0.544266105
1979,917139,287494,viewpoint,front_return,-0.029291868,1.398808837,-0.753305316,-0.208758920,0.266176820,0.122958153,0.932979643,,,,,,,,0.212180883,-0.460667193,-2.153579235,0.821650445,-0.111045167,-0.067744575,0.554950655,0.121348038,-0.524974823,-2.062152147,0.832488954,-0.053435970,-0.042730216,0.549800813
1980,917292,287647,viewpoint,front_return,-0.029092431,1.398541093,-0.753980279,-0.209372237,0.266671807,0.122820467,0.932718933,,,,,,,,0.218768552,-0.464020103,-2.193503141,0.826253772,-0.113216914,-0.077125177,0.546386719,0.124054432,-0.525209069,-2.068156719,0.836482763,-0.051345535,-0.031540520,0.544670045
1981,917459,287814,viewpoint,front_return,-0.028693914,1.398514509,-0.754633069,-0.209438458,0.266715795,0.122600943,0.932720363,,,,,,,,0.219518140,-0.465038300,-2.198282480,0.827777147,-0.113066383,-0.076487422,0.544197321,0.124350518,-0.525880575,-2.070957899,0.836671650,-0.051710226,-0.031902555,0.544324279
1982,917611,287966,viewpoint,front_return,-0.028396964,1.398492336,-0.755287766,-0.209862515,0.266335785,0.122087397,0.932800949,0.070886634,-0.431744248,-2.142521143,0.794662952,-0.024064610,0.011547513,0.606463790,0.213629216,-0.456818521,-2.159226179,0.824300826,-0.106809400,-0.068108372,0.551798105,,,,,,,
1983,917776,288131,viewpoint,front_return,-0.027954221,1.398443699,-0.755423188,-0.210150227,0.266399384,0.121690691,0.932769835,0.070843503,-0.428538024,-2.133074522,0.794422030,-0.027526077,0.009002995,0.606675327,0.215867400,-0.460739076,-2.175123692,0.821473420,-0.101150669,-0.064788453,0.557451785,0.123598412,-0.523240924,-2.071254969,0.835503697,-0.047687504,-0.038129825,0.546082079
1984,917932,288287,viewpoint,front_return,-0.027747989,1.398581624,-0.755091071,-0.210125849,0.267205298,0.121669561,0.932547569,0.074720904,-0.431356847,-2.140910387,0.796843886,-0.029568842,0.014719205,0.603281796,0.217351824,-0.456928343,-2.158545494,0.824772835,-0.112432331,-0.065724902,0.550262570,,,,,,,
1985,918098,288453,viewpoint,front_return,-0.027757049,1.399144530,-0.754581332,-0.209297508,0.267935693,0.121944971,0.932488322,,,,,,,,0.217261836,-0.454310447,-2.126671791,0.816214442,-0.106012851,-0.070448153,0.563553333,0.125716180,-0.523233294,-2.051177263,0.832473338,-0.040549852,-0.045510184,0.550702095
1986,918265,288620,viewpoint,front_return,-0.027613163,1.399281144,-0.754221082,-0.209338993,0.268085241,0.122136466,0.932410955,,,,,,,,0.223313108,-0.466909915,-2.195066690,0.823897123,-0.108523831,-0.074690096,0.551214576,0.123153523,-0.510113716,-1.994588614,0.930148780,-0.000717765,0.099275813,-0.353506804
1987,918417,288772,viewpoint,front_return,-0.026723146,1.399201870,-0.753497720,-0.210768908,0.267964065,0.122136019,0.932123661,,,,,,,,0.222936437,-0.456985176,-2.183655024,0.827702582,-0.111838743,-0.073056497,0.545035064,,,,,,,
1988,918584,288939,viewpoint,front_return,-0.025699615,1.399138808,-0.752826810,-0.211210012,0.267364532,0.121745445,0.932247043,,,,,,,,0.225506678,-0.465027392,-2.221836805,0.907231688,-0.022399813,0.189319789,-0.374949276,0.126888588,-0.516053021,-2.068833351,0.833928108,-0.051995158,-0.039583623,0.547990501
1989,918751,289106,viewpoint,front_return,-0.024747729,1.399444461,-0.752204299,-0.210124612,0.266985059,0.121619150,0.932617486,0.071576096,-0.428939939,-2.141276598,0.795686007,-0.016835151,0.003062920,0.605467618,0.221809432,-0.465168148,-2.220231295,0.830492020,-0.111301489,-0.071253814,0.541126430,0.125672668,-0.524915397,-2.086796284,0.838415921,-0.046850018,-0.027490145,0.542317331
1990,918903,289258,viewpoint,front_return,-0.024449587,1.399612069,-0.752288461,-0.209944889,0.266617835,0.121487275,0.932780206,,,,,,,,0.216062188,-0.465068072,-2.190994501,0.907423913,-0.025407676,0.170371905,-0.383287966,0.123750791,-0.528681159,-2.095971584,0.838045657,-0.057291150,-0.035152856,0.541443944
1991,919071,289426,viewpoint,front_return,-0.024191737,1.399858236,-0.752166152,-0.209205106,0.267163128,0.121306434,0.932813942,0.071478590,-0.433995634,-2.143038034,0.793975949,-0.017150659,0.004960299,0.607686996,0.220301226,-0.466877967,-2.206012011,0.826074243,-0.113203138,-0.071245223,0.547458291,0.123815387,-0.524739206,-2.066082239,0.836937070,-0.051633529,-0.029157441,0.544077337
1992,919236,289591,viewpoint,front_return,-0.023803115,1.399977803,-0.752360225,-0.209156036,0.267211080,0.121157184,0.932830632,,,,,,,,0.218803719,-0.467964560,-2.202412605,0.823580146,-0.105329134,-0.075492531,0.552197814,0.122596711,-0.517511249,-2.031335592,0.824903429,-0.062917680,-0.022635514,0.561305046
1993,919404,289759,viewpoint,front_return,-0.023195148,1.400039196,-0.752487779,-0.208832130,0.266899854,0.120443135,0.933084726,0.072123110,-0.439679652,-2.157840967,0.802472591,-0.035163190,0.004612030,0.595634103,0.214605898,-0.464403898,-2.169358730,0.905907452,-0.028167881,0.182955205,-0.380874872,0.124068424,-0.529767454,-2.078588009,0.836497009,-0.048318986,-0.035112504,0.544706523
1994,919556,289911,viewpoint,front_return,-0.022884727,1.399970651,-0.752239108,-0.208608910,0.267282754,0.120792814,0.932979822,,,,,,,,0.216592833,-0.464716762,-2.175829411,0.824931264,-0.108116396,-0.072793119,0.550000310,,,,,,,
1995,919722,290077,viewpoint,front_return,-0.022450328,1.400023937,-0.751911044,-0.208292469,0.267713696,0.120677628,0.932941854,,,,,,,,0.219761327,-0.468041480,-2.187065601,0.825834155,-0.115143597,-0.070363522,0.547529876,0.136859357,-0.562578499,-2.197257042,0.852439106,-0.029703345,-0.066688806,0.517704487
1996,919890,290245,viewpoint,front_return,-0.021774530,1.400074482,-0.751381516,-0.207822755,0.268073648,0.120473377,0.932969630,,,,,,,,0.216884494,-0.468167812,-2.158511400,0.904603541,-0.025570681,0.171669811,-0.389317453,0.125905588,-0.526774585,-2.052901506,0.829179525,-0.052465178,-0.038918737,0.555152357
1997,920042,290397,viewpoint,front_return,-0.021013856,1.400158644,-0.750913739,-0.207250088,0.268390805,0.120011009,0.933065474,0.077846527,-0.456832141,-2.217752218,0.803521395,-0.008014248,0.002268240,0.595217645,0.220793799,-0.472618341,-2.183704615,0.826695979,-0.115756482,-0.064220876,0.546854615,0.128479779,-0.537747979,-2.086382389,0.834109724,-0.049819920,-0.031835884,0.548420846
1998,920209,290564,viewpoint,front_return,-0.020056486,1.400391698,-0.750360370,-0.206560552,0.268448740,0.120317429,0.933162272,,,,,,,,0.213830575,-0.466546685,-2.138893604,0.809129775,-0.117712706,-0.065934278,0.571931303,0.123940408,-0.528229892,-2.040805578,0.827079535,-0.048152283,-0.044800397,0.558223724
1999,920362,290717,viewpoint,front_return,-0.019161940,1.400508165,-0.750383019,-0.206462070,0.268144369,0.120027609,0.933308840,,,,,,,,0.216760412,-0.474945992,-2.180064201,0.819691837,-0.116046861,-0.069717921,0.556576908,0.125069812,-0.542636514,-2.092208624,0.838150799,-0.045619220,-0.041120820,0.541969776
2000,920529,290884,viewpoint,front_return,-0.018467426,1.400711060,-0.750452399,-0.206154048,0.268332332,0.119710483,0.933363616,,,,,,,,0.217351526,-0.475518376,-2.177502394,0.824170649,-0.109349370,-0.072943829,0.550876319,,,,,,,
2001,920681,291036,viewpoint,front_return,-0.017819881,1.400840759,-0.750760913,-0.206052214,0.268235117,0.118811257,0.933528960,,,,,,,,0.222270206,-0.484379709,-2.216372013,0.827265024,-0.108328521,-0.068847202,0.546953022,0.124904186,-0.540157557,-2.072483778,0.831200600,-0.048529241,-0.026463069,0.553218067
2002,920848,291203,viewpoint,front_return,-0.017742038,1.400919318,-0.751199365,-0.205684796,0.268563628,0.119006582,0.933490634,,,,,,,,0.219708934,-0.484195769,-2.205761433,0.822957575,-0.107703783,-0.075217560,0.552705109,0.123468265,-0.533256412,-2.036783695,0.823848784,-0.062850714,-0.021643750,0.562898397
2003,921001,291356,viewpoint,front_return,-0.017660975,1.401129127,-0.751377940,-0.205139533,0.269089431,0.118685573,0.933500111,,,,,,,,0.221182302,-0.484009326,-2.188563347,0.824627876,-0.116967760,-0.067308836,0.549342275,0.128179163,-0.545234799,-2.073682547,0.830637753,-0.057260565,-0.015161176,0.553653598
2004,921167,291522,viewpoint,front_return,-0.017965794,1.401443839,-0.751618266,-0.204621822,0.269819319,0.118700542,0.933401108,0.077636056,-0.453702301,-2.129171610,0.787749410,-0.019739321,0.015862346,0.615475118,0.220811918,-0.481405020,-2.155885935,0.819175780,-0.111902840,-0.069475085,0.558213234,0.127294019,-0.536709428,-2.023972511,0.812477052,-0.051893707,-0.003463931,0.580668628
2005,921320,291675,viewpoint,front_return,-0.018409252,1.401618481,-0.751961827,-0.203771725,0.270456284,0.118860461,0.933382392,0.078855261,-0.456548244,-2.122493982,0.793290198,-0.031692993,0.017330147,0.607771337,0.222758338,-0.485841036,-2.155243874,0.819794774,-0.114068486,-0.062182859,0.557725847,0.131149858,-0.548199892,-2.059403896,0.828007162,-0.052701861,-0.038297631,0.556920111
2006,921486,291841,viewpoint,front_return,-0.018456340,1.401900053,-0.752166152,-0.202972651,0.270644009,0.118253559,0.933579147,,,,,,,,0.225093827,-0.495852590,-2.169304132,0.904932439,-0.028961608,0.172449112,-0.387968779,0.131519198,-0.552453101,-2.058966398,0.827407241,-0.051100429,-0.040661413,0.557792604
2007,921640,291995,viewpoint,front_return,-0.018426180,1.402093291,-0.752294660,-0.202461123,0.270725071,0.118021682,0.933696091,,,,,,,,0.225238547,-0.499261975,-2.183273315,0.816387177,-0.109049581,-0.058433723,0.564097345,0.133497477,-0.563045561,-2.080860615,0.836704075,-0.045502771,-0.042389251,0.544112980
2008,921806,292161,viewpoint,front_return,-0.018331051,1.402435064,-0.752363801,-0.201946110,0.271098137,0.117444769,0.933772087,,,,,,,,0.226688996,-0.499721587,-2.172651052,0.821437418,-0.111742608,-0.068690702,0.555009663,,,,,,,
2009,921959,292314,viewpoint,front_return,-0.018833160,1.403057098,-0.752304196,-0.200251207,0.270758122,0.117242083,0.934261084,,,,,,,,0.235385790,-0.530507803,-2.259268999,0.913355470,-0.008328058,0.192348242,-0.358768106,0.129119217,-0.556108117,-2.017012119,0.815526843,-0.062996335,-0.033302631,0.574315667
2010,922127,292482,viewpoint,front_return,-0.019882202,1.403066397,-0.752085328,-0.199816570,0.271068007,0.118379563,0.934120834,0.081124082,-0.480761886,-2.144148350,0.788642347,-0.028943166,0.013730413,0.614017069,0.223295763,-0.506315708,-2.154550314,0.816682160,-0.113892347,-0.060819048,0.562458754,0.131447420,-0.567450345,-2.057325840,0.826421261,-0.055905111,-0.036981978,0.559048116
2011,922293,292648,viewpoint,front_return,-0.020689130,1.403182983,-0.751438975,-0.199076384,0.272790790,0.118652575,0.933742642,,,,,,,,0.232007191,-0.513088167,-2.173099041,0.817129433,-0.116527423,-0.070827387,0.560093164,0.139824465,-0.580246449,-2.086084127,0.835221946,-0.049358260,-0.037748624,0.546391010
2012,922445,292800,viewpoint,front_return,-0.020901203,1.403146982,-0.751142621,-0.199046522,0.272770017,0.117913581,0.933848739,,,,,,,,0.227722302,-0.502790034,-2.122456074,0.807549298,-0.118483968,-0.065688029,0.574030399,0.137124434,-0.562754273,-2.025103331,0.820177078,-0.050977789,-0.037789486,0.568579674
2013,922598,292953,viewpoint,front_return,-0.020727634,1.402544379,-0.750944734,-0.201193452,0.271609783,0.117060594,0.933834076,,,,,,,,,,,,,,,0.141846359,-0.580884755,-2.124464750,0.841793537,-0.051315535,-0.032461096,0.536373556
2014,922763,293118,viewpoint,front_return,-0.019763470,1.400769949,-0.751901269,-0.207609385,0.263833225,0.118045740,0.934534967,,,,,,,,0.200176537,-0.464476973,-2.149942160,0.819388747,-0.099397860,-0.075409956,0.559495807,0.111365303,-0.536636174,-2.083567619,0.831205308,-0.040894888,-0.041822031,0.552879930
2015,922916,293271,viewpoint,front_return,-0.016032577,1.400466323,-0.752631545,-0.208863750,0.248895258,0.117188998,0.938452899,-0.004059322,-0.433186144,-2.140522003,0.790661395,0.001590697,-0.000423968,0.612251461,0.138227269,-0.459862441,-2.182359457,0.815148056,-0.085131727,-0.072327569,0.568379343,0.053077549,-0.528391063,-2.090052366,0.835103214,-0.037205718,-0.045733649,0.546924889
2016,923070,293425,viewpoint,front_return,-0.013280869,1.401467681,-0.753092885,-0.206144348,0.235724464,0.113218136,0.942931652,,,,,,,,,,,,,,,,,,,,,
2017,923223,293578,viewpoint,front_return,-0.011983037,1.402300119,-0.754063725,-0.202693596,0.224357352,0.115781926,0.946136177,,,,,,,,0.030644946,-0.491525948,-2.228453398,0.823410213,-0.077264376,-0.105168611,0.552236795,,,,,,,
2018,923390,293745,viewpoint,front_return,-0.011916995,1.402239084,-0.754775643,-0.203706592,0.219168663,0.118362494,0.946815193,,,,,,,,0.004785497,-0.465373307,-2.138568401,0.804085493,-0.064015076,-0.095535338,0.583285153,-0.077563941,-0.558364868,-2.140140057,0.844009638,-0.015360693,-0.060904365,0.532637298
2019,923542,293897,viewpoint,front_return,-0.012155771,1.402054071,-0.756009698,-0.204166710,0.218220919,0.119571567,0.946783125,,,,,,,,-0.000808746,-0.473579556,-2.195454359,0.819461405,-0.067806572,-0.107969820,0.558773518,-0.078554735,-0.520074606,-2.009674549,0.816735625,-0.021754434,-0.063187174,0.573129177
