sample_id,logger_ms,recording_ms,test_type,phase_label,camera_x,camera_y,camera_z,camera_qx,camera_qy,camera_qz,camera_qw,common_x,common_y,common_z,common_qx,common_qy,common_qz,common_qw,chest_x,chest_y,chest_z,chest_qx,chest_qy,chest_qz,chest_qw,navel_x,navel_y,navel_z,navel_qx,navel_qy,navel_qz,navel_qw
0,45911,107,stationary,stationary_front,-0.045412064,1.661030769,-0.352326274,-0.109410733,0.878328323,0.325351924,0.332738429,,,,,,,,0.109818041,-0.390356928,-2.073256731,0.939680219,0.022962170,0.097441711,-0.327076405,0.035015181,-0.485484570,-1.929515481,0.982147276,0.027653027,0.068499759,-0.173002183
1,46091,287,stationary,stationary_front,-0.037886500,1.660084248,-0.347548246,-0.110576354,0.876052260,0.331179172,0.332604378,,,,,,,,0.114977404,-0.369777620,-2.090600967,0.940804064,0.027026108,0.101767361,-0.322181165,0.040449716,-0.467761576,-1.957227588,0.921828449,0.004735523,-0.043542538,0.385115504
2,46273,469,stationary,stationary_front,-0.037917256,1.662461519,-0.349944711,-0.103285342,0.877802491,0.326460987,0.334989846,-0.043304957,-0.387201399,-2.048284531,0.953551888,-0.008953645,0.013169309,-0.300807655,0.097328141,-0.402472496,-2.086822748,0.942562759,0.020419152,0.097826049,-0.318729609,0.021459952,-0.490444541,-1.922481656,0.913888931,-0.001195318,-0.031770445,0.404717535
3,46454,650,stationary,stationary_front,-0.040238023,1.662382960,-0.351231456,-0.104453355,0.878673255,0.326847076,0.331954598,-0.033914376,-0.383867741,-2.045642376,0.955036163,-0.012514531,0.011289734,-0.296009928,,,,,,,,0.027373996,-0.477568895,-1.883555293,0.900316238,-0.006837047,-0.013510473,0.434972912
4,46632,828,stationary,stationary_front,-0.040371537,1.662862420,-0.353312612,-0.102156900,0.880969465,0.324656546,0.328717023,-0.023818566,-0.394410580,-2.040534258,0.956254303,-0.015330028,0.016674889,-0.291658401,0.118011102,-0.417035699,-2.109193087,0.945503354,0.018575214,0.104212493,-0.307925463,0.038912103,-0.499788761,-1.921414256,0.912464678,-0.008586472,-0.025169933,0.408290356
5,46828,1024,stationary,stationary_front,-0.040518522,1.663466454,-0.354157805,-0.101584785,0.882446647,0.322329819,0.327218562,-0.016808938,-0.411166906,-2.072349310,0.958644629,-0.014914592,0.010902002,-0.284005672,0.120057210,-0.407863975,-2.010427237,0.937719643,0.017547693,0.131431058,-0.321091592,0.046127759,-0.509815514,-1.922372937,0.908691227,-0.012297604,-0.022838444,0.416662186
6,47008,1204,stationary,stationary_front,-0.039467335,1.663058758,-0.353729010,-0.102339491,0.882826746,0.322824657,0.325465620,-0.009588312,-0.402635098,-2.050526857,0.960889757,-0.004854414,0.007139283,-0.276796639,0.128975332,-0.405621916,-2.024135113,0.861004829,-0.024008296,-0.042736925,0.506229043,0.055380806,-0.517552793,-1.958947539,0.986298501,0.016369374,0.077760488,-0.144570604
7,47191,1387,stationary,stationary_front,-0.037756681,1.663405299,-0.352714419,-0.102655947,0.882674098,0.320849866,0.327724814,,,,,,,,0.127625212,-0.424137890,-2.074870586,0.944848359,0.016108857,0.121229261,-0.303818315,0.051588073,-0.519701600,-1.943957925,0.913897038,-0.011478749,-0.020065369,0.405287325
8,47384,1580,stationary,stationary_front,-0.036652565,1.663027883,-0.350946546,-0.102420002,0.882290184,0.320714623,0.328962594,-0.015773287,-0.411056310,-2.043583155,0.957374394,-0.008907874,0.015636407,-0.288288891,,,,,,,,0.047784396,-0.515133023,-1.925126672,0.911623061,-0.007303031,-0.023085115,0.410313457
9,47564,1760,stationary,stationary_front,-0.035772324,1.663397074,-0.350972056,-0.103218570,0.881863773,0.318924367,0.331586242,-0.020227851,-0.419099510,-2.046983480,0.956578076,-0.007573770,0.022719897,-0.290490717,0.119306877,-0.431760103,-2.067853689,0.941372871,0.024684731,0.107120521,-0.318956077,0.043722987,-0.523773372,-1.925120592,0.983631253,0.032351483,0.080148928,-0.158111021
10,47744,1940,stationary,stationary_front,-0.035323262,1.664107919,-0.351532698,-0.102752566,0.883331537,0.313993961,0.332528353,-0.018992931,-0.436091661,-2.035409212,0.957888365,-0.009502837,0.012188479,-0.286724716,0.118987918,-0.438029438,-2.017463923,0.856120706,-0.010885526,-0.043264411,0.514846683,0.044983074,-0.534350753,-1.899450898,0.899737716,-0.001127433,-0.019385669,0.435998797
11,47926,2122,stationary,stationary_front,-0.034675002,1.664707184,-0.352747202,-0.103134640,0.884449720,0.309852391,0.333321780,-0.016738322,-0.452843398,-2.036647797,0.959005117,-0.003483286,0.014077611,-0.283017516,0.125048414,-0.468353570,-2.082150459,0.951136649,0.028451351,0.123692177,-0.281478018,0.049569935,-0.560549676,-1.936094880,0.986763000,0.026525762,0.070838079,-0.143447563
12,48120,2316,stationary,stationary_front,-0.034384608,1.664417744,-0.354571819,-0.104163289,0.883496463,0.310587883,0.334842086,-0.022284273,-0.453341186,-2.064346313,0.962076783,-0.005339942,0.011191901,-0.272496879,0.119627610,-0.461709708,-2.082072258,0.873475730,-0.018992970,-0.052489411,0.483657181,0.040659808,-0.533366799,-1.864005446,0.889712393,-0.013536342,-0.015710497,0.456050247
13,48299,2495,stationary,stationary_front,-0.034748316,1.664798737,-0.356170058,-0.103390463,0.883781314,0.310095727,0.334786028,-0.024131820,-0.450704992,-2.037655115,0.958302975,-0.006257559,0.014602808,-0.285312265,0.117372558,-0.468333453,-2.086229563,0.945845664,0.018616194,0.090263031,-0.311258793,0.041330896,-0.557524502,-1.937846184,0.913034379,0.007693544,-0.022785198,0.407173067
14,48480,2676,stationary,stationary_front,-0.035181046,1.664812088,-0.358155370,-0.102703311,0.884088457,0.310247838,0.334044725,-0.023941731,-0.451238006,-2.044465780,0.959780872,-0.009380230,0.020116109,-0.279871613,0.116538346,-0.466450870,-2.077199459,0.943836570,0.017139310,0.093569160,-0.316423088,,,,,,,
15,48661,2857,stationary,stationary_front,-0.035464406,1.665335417,-0.359359980,-0.103224032,0.884796083,0.308789819,0.333361000,-0.020413145,-0.454763085,-2.036918879,0.957382143,-0.004618916,0.018577993,-0.288189054,0.120014250,-0.470078468,-2.077685595,0.946578443,0.022507152,0.103030555,-0.304741651,,,,,,,
16,48857,3053,stationary,stationary_front,-0.035689950,1.665177584,-0.359395504,-0.101826407,0.884528637,0.310043126,0.333337277,-0.025972670,-0.459552020,-2.070504904,0.962454617,-0.010150712,0.002980808,-0.271236449,0.116423935,-0.472685844,-2.098642588,0.950766563,0.030736500,0.102328882,-0.290907353,0.034337789,-0.531981707,-1.837846041,0.905625224,-0.000689601,0.033569727,0.422747642
17,49035,3231,stationary,stationary_front,-0.036283493,1.664689064,-0.359636664,-0.101252422,0.883708954,0.311753839,0.334089875,-0.032348640,-0.443067104,-2.029417753,0.957723916,-0.014625012,0.017388308,-0.286790311,0.106958508,-0.456123352,-2.053887367,0.942562699,0.022383427,0.100101188,-0.317890406,0.032818377,-0.556607902,-1.947781920,0.988837779,0.020652527,0.056852777,-0.136165783
18,49216,3412,stationary,stationary_front,-0.036755323,1.664846897,-0.360289216,-0.100853749,0.884349287,0.309653223,0.334469467,-0.032054871,-0.454350948,-2.036444902,0.959643424,-0.014116119,0.014530661,-0.280489087,0.104964703,-0.453190804,-2.004757643,0.851847172,-0.015110923,-0.047018237,0.521457016,0.032816067,-0.557908893,-1.922459960,0.906067312,-0.001402638,-0.027118817,0.422261387
19,49397,3593,stationary,stationary_front,-0.036866784,1.665081501,-0.360716462,-0.100641839,0.884537160,0.307854146,0.335694909,-0.036049828,-0.469021082,-2.070299625,0.966400146,0.000250976,0.004662098,-0.256999880,0.107025728,-0.484443724,-2.106467485,0.953102529,0.028912051,0.107731797,-0.281342238,0.030463256,-0.561843693,-1.912690639,0.904240310,-0.005768131,-0.022836883,0.426373929
20,49578,3774,stationary,stationary_front,-0.036757112,1.664861202,-0.360503554,-0.100423917,0.884070039,0.308235735,0.336639196,,,,,,,,0.101855859,-0.479722023,-2.092392206,0.952545702,0.026748525,0.116054967,-0.280129522,0.025485046,-0.555692494,-1.895685196,0.900064528,-0.003516491,-0.030465424,0.434676170
21,49758,3954,stationary,stationary_front,-0.037410140,1.664884329,-0.361314535,-0.097827584,0.882330418,0.308274180,0.341891587,-0.065400913,-0.462990522,-2.027943373,0.958885193,-0.012696316,0.001118592,-0.283507854,0.073722295,-0.473349631,-2.044169188,0.944608748,0.021714343,0.092363693,-0.314184368,0.001448419,-0.569281220,-1.930273533,0.910484850,0.008146191,-0.031978842,0.412223637
22,49938,4134,stationary,stationary_front,-0.037999272,1.664346218,-0.363561749,-0.098234579,0.879580438,0.310954660,0.346403599,-0.086121231,-0.456399381,-2.051537275,0.959377527,-0.014535939,-0.006990558,-0.281664133,0.054504849,-0.469884008,-2.089680672,0.953582048,0.017119339,0.098654106,-0.283999205,-0.017192321,-0.553987384,-1.914511919,0.985978365,0.024267621,0.047972087,-0.157976002
23,50120,4316,stationary,stationary_front,-0.038726211,1.664453149,-0.364444017,-0.098451257,0.879552424,0.310641915,0.346693695,-0.088572390,-0.452208787,-2.036378860,0.958926082,-0.014610339,-0.006806628,-0.283197761,0.052066922,-0.473936081,-2.107152224,0.950844884,0.015352516,0.078618586,-0.299127787,-0.019194439,-0.545905709,-1.895013332,0.895659208,0.010830029,-0.038758967,0.442916542
24,50299,4495,stationary,stationary_front,-0.038845301,1.664537430,-0.364760756,-0.095926210,0.879918575,0.311437547,0.345757335,-0.092392892,-0.460596770,-2.074848652,0.965710580,-0.006091971,-0.009599107,-0.259371936,0.049698763,-0.471725434,-2.096712112,0.954599440,0.017334310,0.101786956,-0.279426008,-0.023121085,-0.540323257,-1.873158097,0.892770469,-0.008255824,-0.031594966,0.449326664
25,50508,4704,stationary,stationary_front,-0.038227201,1.664657593,-0.364772320,-0.095196508,0.880489588,0.311202914,0.344715089,-0.086943567,-0.453671575,-2.026678085,0.957597435,-0.017233644,-0.009608737,-0.287433088,0.051159464,-0.454088807,-2.009123802,0.854415536,-0.016780509,-0.066168770,0.515086591,-0.019802984,-0.555748343,-1.912885308,0.902053833,0.002867315,-0.036505211,0.430067509
26,50729,4925,stationary,stationary_front,-0.036229849,1.665133119,-0.364529967,-0.094170578,0.882895470,0.309424907,0.340416968,-0.068696670,-0.458490312,-2.014903307,0.957188666,-0.021852272,0.009855528,-0.288470507,0.070775673,-0.475270629,-2.063381910,0.861264527,-0.022027165,-0.052309655,0.504977107,-0.001956817,-0.575589418,-1.958109140,0.914190769,-0.000370893,-0.037341148,0.403560132
27,50939,5135,stationary,stationary_front,-0.034428477,1.666199207,-0.364315987,-0.092851698,0.884367883,0.307506055,0.338691741,-0.060538772,-0.469959855,-2.024094343,0.958334267,-0.020521607,0.015673595,-0.284479588,0.079331152,-0.491933942,-2.081178665,0.949285865,0.018034108,0.097467691,-0.298380852,0.003859006,-0.570401013,-1.905199170,0.902248383,-0.000762241,-0.039868034,0.429369122
28,51161,5357,stationary,stationary_front,-0.034130335,1.665989876,-0.362996697,-0.092455924,0.885098815,0.308571875,0.335909843,-0.051742479,-0.467840880,-2.034635544,0.960617781,-0.017595176,0.013957823,-0.276964247,0.088652335,-0.488469660,-2.079651117,0.947208941,0.016288022,0.101882979,-0.303561836,0.012428798,-0.561112165,-1.887436867,0.892436326,-0.002786785,-0.025780730,0.450427532
29,51383,5579,stationary,stationary_front,-0.034345984,1.665601373,-0.361162424,-0.091682456,0.885577559,0.309561700,0.333943546,-0.046374530,-0.463347733,-2.018093109,0.956176519,-0.020605033,0.016381357,-0.291605175,0.094262958,-0.488396555,-2.088543653,0.949146211,0.015275202,0.096452326,-0.299307793,0.017524760,-0.565900028,-1.909777522,0.909561515,-0.011622982,-0.044909876,0.412972063
30,51593,5789,stationary,stationary_front,-0.033605933,1.665688515,-0.360895395,-0.090147734,0.886237323,0.309362829,0.332793325,-0.045033734,-0.484726489,-2.101821423,0.970789850,-0.011789054,0.005482843,-0.239578992,0.095320418,-0.487816572,-2.064319134,0.946574867,0.013881044,0.097554490,-0.307061046,0.021074943,-0.595336318,-1.992847919,0.923807979,-0.014142422,-0.041309111,0.380358189
31,51815,6011,stationary,stationary_front,-0.033019304,1.666404963,-0.361590981,-0.089078188,0.887058139,0.306998938,0.333083540,-0.046399642,-0.501133740,-2.133963346,0.895116210,-0.004468320,-0.026541729,0.445019752,0.093796760,-0.485932767,-2.023947477,0.848336041,-0.017338611,-0.047096822,0.527074218,0.020168304,-0.592163920,-1.950389385,0.913643837,-0.009605723,-0.046800140,0.403698355
32,52036,6232,stationary,stationary_front,-0.032067776,1.666793823,-0.361468673,-0.088334806,0.887769938,0.307141095,0.331249088,-0.037811615,-0.478998929,-2.023284435,0.959828377,-0.020155372,0.017800786,-0.279296339,0.100687444,-0.491219968,-2.026838064,0.944548428,0.017234880,0.114914864,-0.307125121,0.025151599,-0.587256253,-1.921375990,0.986500382,0.004910997,0.058638904,-0.152821466
33,52260,6456,stationary,stationary_front,-0.031901717,1.667427301,-0.361427307,-0.087893583,0.888720751,0.305137992,0.330667526,-0.033675179,-0.490658730,-2.033263206,0.961017728,-0.017107576,0.024413835,-0.274874985,0.104334474,-0.497721136,-2.013844013,0.942075431,0.016575947,0.120523013,-0.312559396,0.030144446,-0.599174500,-1.934799910,0.902848303,-0.018678583,-0.032645252,0.428311080
34,52466,6662,stationary,stationary_front,-0.032527328,1.667279959,-0.361619711,-0.088626407,0.889424443,0.304899633,0.328794360,-0.026710758,-0.488219231,-2.022137165,0.959923744,-0.021143608,0.014513447,-0.279085517,0.112951547,-0.503026426,-2.043859720,0.943768263,0.011113652,0.107515506,-0.312439442,0.033004358,-0.577802956,-1.870532274,0.884065866,-0.021828670,-0.023491198,0.466260910
35,52689,6885,stationary,stationary_front,-0.032621145,1.669023275,-0.361697316,-0.085436709,0.891748965,0.300899684,0.327022493,-0.021315672,-0.512269557,-2.026312113,0.961701930,-0.023057749,0.020680571,-0.272341847,0.117948383,-0.520643175,-2.017123938,0.941294312,0.029029207,0.114610493,-0.316206813,0.039475024,-0.605928063,-1.884071827,0.888361335,-0.019244466,-0.026996253,0.457946569
36,52911,7107,stationary,stationary_front,-0.032466412,1.669594049,-0.361092329,-0.083409183,0.892883599,0.300084502,0.325194061,-0.017471142,-0.525301337,-2.058851957,0.884695232,-0.023543768,0.000253765,0.465574861,0.124457076,-0.546836913,-2.085329056,0.952426255,0.004986528,0.111381710,-0.283643365,0.042650990,-0.620952070,-1.904798269,0.988173485,0.007834082,0.069804549,-0.136305466
37,53133,7329,stationary,stationary_front,-0.033603549,1.669342518,-0.361005306,-0.083960719,0.892257333,0.299700856,0.327119112,-0.024598289,-0.536598444,-2.102675200,0.892139375,-0.019971319,-0.016314814,0.451023728,0.114092231,-0.528608084,-2.021021843,0.839672089,-0.027330419,-0.039434031,0.540970266,0.036192223,-0.623408556,-1.910232186,0.988220811,0.002323920,0.065013975,-0.138518602
38,53341,7537,stationary,stationary_front,-0.035039544,1.668981314,-0.360568643,-0.083866037,0.892099619,0.299810678,0.327472568,-0.026711214,-0.519180954,-2.015546799,0.961957276,-0.023008941,0.016411662,-0.271734267,0.112867773,-0.536341906,-2.040768862,0.951213717,0.011404933,0.122066595,-0.283129334,0.033691518,-0.612905145,-1.877946734,0.889838696,-0.008633691,-0.024387429,0.455541253
39,53564,7760,stationary,stationary_front,-0.036680102,1.668439150,-0.359674692,-0.083165035,0.892160237,0.300922394,0.326465040,-0.026257154,-0.517495275,-2.024138927,0.963415325,-0.027555332,0.019367494,-0.265888155,0.111246675,-0.521553576,-2.001024485,0.843924403,-0.026510861,-0.045512803,0.533870280,0.033106402,-0.604637861,-1.863332748,0.887338221,-0.002939073,-0.025235401,0.460418761
40,53772,7968,stationary,stationary_front,-0.038595557,1.668160677,-0.359845161,-0.084545985,0.891982853,0.300793290,0.326713920,-0.024751831,-0.523967743,-2.051690817,0.965617001,-0.023481706,0.025672324,-0.257630348,0.115936592,-0.539033771,-2.061563492,0.951235354,0.009792835,0.112474822,-0.287062377,0.034901209,-0.610251188,-1.877667904,0.892572641,-0.016580446,-0.032596964,0.449418068
41,53981,8177,stationary,stationary_front,-0.040598392,1.667695403,-0.360082984,-0.086437218,0.891490936,0.299992323,0.328294277,-0.028191777,-0.518561363,-2.011915922,0.962212443,-0.020146213,0.020635622,-0.270768344,0.112718016,-0.544356883,-2.066876173,0.952627838,0.009857250,0.104751512,-0.285359770,0.033869050,-0.625759125,-1.910311699,0.989066064,0.006940301,0.060191207,-0.134451374
42,54202,8398,stationary,stationary_front,-0.043352008,1.668651938,-0.358790755,-0.086239465,0.891788721,0.295035481,0.332008541,-0.037305489,-0.546497345,-2.039776087,0.970207095,-0.022415306,0.013944480,-0.240834773,0.104776487,-0.564973116,-2.070969820,0.958091795,0.003591996,0.112599000,-0.263379276,0.025422066,-0.632078886,-1.876087070,0.892193079,-0.004320975,-0.029327296,0.450680286
43,54426,8622,stationary,stationary_front,-0.044257402,1.667551279,-0.357376099,-0.088092834,0.891035736,0.298144251,0.330764294,-0.033049516,-0.523269892,-2.010694027,0.962575734,-0.015449128,0.024394019,-0.269470185,0.108363152,-0.551179588,-2.076566458,0.954951108,0.016134676,0.103887007,-0.277516901,0.029882375,-0.632982254,-1.916788101,0.991514504,0.005248772,0.057837762,-0.116302401
44,54633,8829,stationary,stationary_front,-0.045286536,1.667202234,-0.355729461,-0.088363081,0.890163720,0.299367160,0.331933618,-0.037343353,-0.521425426,-2.020312309,0.965384066,-0.017130714,0.016352400,-0.259755164,0.103349730,-0.544334769,-2.066864252,0.953102529,0.009193385,0.096263371,-0.286782831,0.025176801,-0.612188160,-1.873570085,0.893183351,-0.006351002,-0.027711695,0.448793113
45,54841,9037,stationary,stationary_front,-0.046463966,1.666935444,-0.353998184,-0.088859066,0.889505506,0.300873637,0.332203329,-0.040031545,-0.516594052,-2.019475698,0.963770688,-0.022076026,0.010687061,-0.265602112,0.098279938,-0.520169497,-1.997641683,0.846789479,-0.027046563,-0.053350016,0.528554559,0.023856238,-0.621935308,-1.909218073,0.988976538,0.014253082,0.070900187,-0.129210755
46,55064,9260,stationary,stationary_front,-0.046811819,1.667375326,-0.352980256,-0.087646097,0.890051365,0.300339073,0.331546724,-0.037514266,-0.520632386,-2.017168760,0.965619922,-0.017469984,0.014773935,-0.258949190,0.102446973,-0.541069984,-2.050749302,0.951622009,0.005712482,0.099989191,-0.290491194,0.024834126,-0.621287942,-1.896419644,0.899608850,-0.012359760,-0.036529873,0.434990495
47,55287,9483,stationary,stationary_front,-0.046376824,1.667744637,-0.352935314,-0.087686442,0.890322745,0.300064504,0.331055671,,,,,,,,0.101273403,-0.522178650,-1.985369205,0.843691766,-0.027538482,-0.047959749,0.533971667,0.026577648,-0.624211669,-1.902948976,0.904925883,-0.006071019,-0.030984987,0.424396306
48,55509,9705,stationary,stationary_front,-0.045304894,1.667900443,-0.353592634,-0.087904982,0.890551686,0.299876720,0.330551535,-0.032891128,-0.523005545,-2.023376465,0.967601657,-0.020074263,0.017076608,-0.251102388,0.109492451,-0.547930598,-2.081400633,0.958331585,0.006398554,0.115436636,-0.261216521,0.029652476,-0.616589427,-1.883807659,0.895896018,-0.005105922,-0.031358209,0.443126321
49,55717,9913,stationary,stationary_front,-0.043566704,1.668122292,-0.354885459,-0.087461919,0.890679717,0.299737513,0.330450386,-0.032571919,-0.518632472,-2.010117769,0.963638842,-0.016139675,0.018353056,-0.266088098,0.108191401,-0.545499206,-2.070232630,0.953765452,0.010639413,0.104868174,-0.281462312,0.029783536,-0.624727964,-1.905657649,0.990341365,0.009472775,0.060720351,-0.124287121
50,55938,10134,stationary,stationary_front,-0.041817546,1.668482304,-0.356792450,-0.087391064,0.890741467,0.299084336,0.330894262,-0.033815362,-0.534665942,-2.065301895,0.970354915,-0.024173187,0.016572336,-0.239900693,0.106851265,-0.542513072,-2.053318739,0.952243328,0.013101986,0.107572220,-0.285463125,0.030153379,-0.628111959,-1.914380670,0.902146339,-0.016051529,-0.032231979,0.429924935
51,56161,10357,stationary,stationary_front,-0.039672017,1.668943405,-0.359320164,-0.087111436,0.891046166,0.298436224,0.330732793,-0.033172335,-0.524515271,-2.018032074,0.962115228,-0.016520325,0.026754068,-0.270823836,0.107597351,-0.547004461,-2.063796520,0.952696800,0.020090152,0.107175276,-0.283687562,0.029960457,-0.629017591,-1.908147216,0.988534868,0.005389263,0.057392634,-0.139556110
52,56383,10579,stationary,stationary_front,-0.038312435,1.669202328,-0.361804605,-0.086589500,0.891235530,0.297579914,0.331130832,-0.036573991,-0.513214171,-1.979204416,0.856579125,-0.033796079,-0.001997964,0.514903903,0.101876959,-0.526181757,-1.987913251,0.849532545,-0.033563759,-0.061242033,0.522893250,0.022324223,-0.608450353,-1.843395233,0.896339238,-0.014494174,0.017401209,0.442790031
53,56593,10789,stationary,stationary_front,-0.037753463,1.669559717,-0.363240838,-0.086194150,0.892084360,0.295913965,0.330440670,-0.031698897,-0.528620481,-1.996986032,0.961183429,-0.018984267,0.017216327,-0.274717391,0.111716032,-0.567771077,-2.108614922,0.958488882,0.011239107,0.107660905,-0.263783842,0.030318640,-0.629410744,-1.886827469,0.894104719,-0.009501304,-0.025598500,0.447024852
54,56813,11009,stationary,stationary_front,-0.035831094,1.672879457,-0.363486767,-0.079274029,0.900221169,0.282179415,0.322012931,-0.000069048,-0.592754424,-2.002413511,0.968757749,-0.020390354,0.028174592,-0.245558247,0.143381059,-0.624624372,-2.069567919,0.959766984,0.012903942,0.118781500,-0.254109740,0.061571859,-0.701905727,-1.910308003,0.991067290,0.007267552,0.079429448,-0.106882073
55,57022,11218,stationary,stationary_front,-0.034176826,1.674819589,-0.365446925,-0.075248249,0.902554154,0.275883853,0.321903437,0.000395209,-0.624909759,-1.989385247,0.968502223,-0.021164885,0.027559724,-0.246568382,0.142757669,-0.655747950,-2.048068047,0.961964667,0.010082419,0.127874672,-0.241185486,0.059579648,-0.723306656,-1.876764297,0.887464702,-0.025638375,-0.010903631,0.460032821
56,57230,11426,stationary,stationary_front,-0.034454226,1.673622370,-0.367312908,-0.077522613,0.900710225,0.279760778,0.323179960,-0.004605118,-0.607750773,-2.002634048,0.970006585,-0.021804094,0.030136064,-0.240216047,0.135028809,-0.621815443,-2.011368752,0.842175961,-0.043884836,-0.048019759,0.535264373,0.054442219,-0.706477404,-1.882532716,0.990682960,-0.000992665,0.070376717,-0.116590649
57,57453,11649,stationary,stationary_front,-0.034311414,1.673442602,-0.368555188,-0.080421478,0.901445210,0.277061343,0.322747499,0.006176554,-0.600112021,-1.971977472,0.845535338,-0.020806396,0.002809290,0.533506513,0.149568602,-0.647757411,-2.080495596,0.961900592,0.014250390,0.110707037,-0.249575973,0.064525962,-0.701372623,-1.865063548,0.887831450,-0.014943957,-0.033509478,0.458703727
58,57676,11872,stationary,stationary_front,-0.033438206,1.673784256,-0.369223714,-0.081847720,0.902221918,0.275119573,0.321878493,0.012893923,-0.644867003,-2.095221996,0.878289700,-0.009761756,-0.017871579,0.477695078,0.151610062,-0.629347444,-1.996394396,0.952601850,0.025111450,0.126560092,-0.275502622,0.073828518,-0.722584546,-1.901947618,0.890815794,-0.023904169,-0.005498364,0.453702092
59,57883,12079,stationary,stationary_front,-0.030893445,1.674421787,-0.368423700,-0.077118248,0.903777957,0.273921013,0.319695890,0.016298417,-0.640770316,-2.038671732,0.871495306,-0.025827693,0.004716608,0.489700556,0.152286381,-0.632433176,-1.964592457,0.824305952,-0.042140707,-0.040283673,0.563135028,0.073775373,-0.719865084,-1.861153007,0.881114841,-0.018216422,-0.014810393,0.472319305
60,58105,12301,stationary,stationary_front,-0.026227832,1.674932241,-0.367685914,-0.072140113,0.906789422,0.273317605,0.312771946,0.035479166,-0.643656671,-2.008015633,0.969321191,-0.030545078,0.049258146,-0.238866195,0.172323018,-0.648125768,-1.978132606,0.831886649,-0.051141534,-0.043581754,0.550862789,0.093153581,-0.745288134,-1.900281429,0.897484660,-0.028446039,-0.021621484,0.439595938
61,58328,12524,stationary,stationary_front,-0.021721840,1.676520228,-0.367610574,-0.070914216,0.910557270,0.265841275,0.308520764,0.062100224,-0.672874212,-2.006188631,0.973690867,-0.026848273,0.046664562,-0.221421868,0.200268432,-0.685503483,-1.995295048,0.954289317,0.016209353,0.139960647,-0.263590991,0.116306365,-0.770034790,-1.880428195,0.991473019,-0.005331305,0.092940472,-0.091186441
62,58550,12746,stationary,stationary_front,-0.015821099,1.676515102,-0.366138101,-0.072628401,0.911783516,0.268190324,0.302406907,0.088112943,-0.655309677,-1.999543309,0.857902288,-0.044132125,0.027521590,0.511173666,0.231728956,-0.682019651,-2.022917986,0.953323901,0.025927508,0.134681121,-0.269002467,0.142671064,-0.751288950,-1.871782541,0.885666192,-0.041744087,-0.004284352,0.462422460
63,58760,12956,stationary,stationary_front,-0.011345029,1.677390575,-0.363658667,-0.068936810,0.911779523,0.266766846,0.304534495,0.077849120,-0.656544447,-1.965124369,0.841316223,-0.057377230,0.013572402,0.537318110,0.224071071,-0.702363849,-2.043458223,0.957849383,0.008466984,0.138722822,-0.251413763,0.133743063,-0.761056066,-1.864513755,0.884575784,-0.046643201,-0.008211352,0.463985652
64,58981,13177,stationary,stationary_front,-0.008441687,1.677057624,-0.362307549,-0.066930637,0.910977602,0.269756913,0.304747939,0.073609859,-0.648026705,-1.969605327,0.841790378,-0.059995275,0.008851060,0.536387265,0.219712302,-0.693857074,-2.048687220,0.957812488,0.010115039,0.139590919,-0.251012564,0.129193127,-0.755171776,-1.872026324,0.988967955,-0.006312201,0.100975215,-0.108197011
65,59189,13385,stationary,stationary_front,-0.008954644,1.675701141,-0.361731529,-0.066860050,0.908764362,0.274700582,0.306947321,0.062435143,-0.638989091,-2.010157347,0.969952285,-0.027164917,0.056524836,-0.235073581,0.204642132,-0.669886529,-2.048557520,0.955944121,0.014096443,0.134175733,-0.260708660,0.116014868,-0.730898082,-1.871722817,0.879960537,-0.048628666,-0.014417544,0.472331345
66,59411,13607,stationary,stationary_front,-0.010535598,1.675159931,-0.363588810,-0.069042996,0.907141268,0.275278449,0.310724288,,,,,,,,0.187238693,-0.639140368,-1.980122328,0.834632695,-0.063594095,-0.049227923,0.544904232,0.105657995,-0.731362104,-1.891069889,0.889929891,-0.035146028,-0.028842935,0.453825623
67,59633,13829,stationary,stationary_front,-0.010962248,1.675281644,-0.364936233,-0.071080849,0.907128215,0.273454219,0.311911464,,,,,,,,0.195023462,-0.666973114,-2.052339554,0.959070623,0.017205304,0.147406563,-0.241161361,0.108357891,-0.740745664,-1.902219176,0.892467082,-0.042502474,-0.014456888,0.448873103
68,59855,14051,stationary,stationary_front,-0.011538744,1.674818277,-0.364388824,-0.072539814,0.905493915,0.273682415,0.316096008,0.038806200,-0.634279966,-2.005048275,0.969290972,-0.020587400,0.037480772,-0.242170230,,,,,,,,0.097404584,-0.736895800,-1.901262999,0.891112566,-0.026413143,-0.019477259,0.452594101
69,60063,14259,stationary,stationary_front,-0.012660980,1.675143242,-0.364228129,-0.072647817,0.904851377,0.272857428,0.318614453,0.029308461,-0.636348665,-2.000666380,0.969037235,-0.024126157,0.047481567,-0.241102293,,,,,,,,0.087861784,-0.739702821,-1.896069050,0.992137253,0.006270629,0.085808389,-0.090891331
70,60272,14468,stationary,stationary_front,-0.015484929,1.675208688,-0.363712192,-0.073060147,0.903383255,0.273404956,0.322196692,0.014433555,-0.632774293,-1.994879723,0.968953609,-0.016830528,0.026956251,-0.245191827,0.158016160,-0.667899668,-2.063544273,0.959387302,0.014405924,0.122543186,-0.253676176,0.074039891,-0.732332587,-1.881798387,0.990783393,0.007108618,0.077674612,-0.110744551
71,60494,14690,stationary,stationary_front,-0.019742608,1.674488306,-0.362010360,-0.075419374,0.900788486,0.276542008,0.326215595,-0.000860527,-0.619992554,-2.001188278,0.968147516,-0.013937953,0.032754187,-0.247837290,0.141049370,-0.648030043,-2.050854445,0.959227562,0.020413492,0.119483538,-0.255322278,0.060372636,-0.723414123,-1.900519848,0.891767323,-0.017772280,-0.032719359,0.450959682
72,60717,14913,stationary,stationary_front,-0.024940491,1.673533797,-0.359485507,-0.076647453,0.899497449,0.279553354,0.326924175,-0.007197762,-0.609991968,-2.002046824,0.966756523,-0.021892814,0.030752704,-0.252896816,0.130860060,-0.615532458,-1.983419180,0.952339232,0.027070265,0.134608477,-0.272392660,0.053767391,-0.715429306,-1.902186751,0.993085980,0.006349722,0.063741542,-0.098371245
73,60939,15135,stationary,stationary_front,-0.029133081,1.672842979,-0.356956840,-0.078212567,0.898778379,0.280679941,0.327565223,-0.009032510,-0.601213098,-1.986096740,0.967407286,-0.017555846,0.023105638,-0.251557350,,,,,,,,0.052045979,-0.697035134,-1.867940903,0.889808834,-0.013269608,-0.031945739,0.455020547
74,61161,15357,stationary,stationary_front,-0.032945752,1.672068119,-0.354148149,-0.079080708,0.897952318,0.282911241,0.327702671,-0.010094604,-0.608031750,-2.034066439,0.973040938,-0.019105643,0.033555713,-0.227376953,0.130683884,-0.623737216,-2.045124531,0.956550419,0.021853464,0.113500193,-0.267677724,0.052371979,-0.706507802,-1.905570507,0.991590083,0.007513651,0.073350571,-0.106359616
75,61369,15565,stationary,stationary_front,-0.034834146,1.671036243,-0.353176713,-0.079148695,0.898040652,0.285773396,0.324949294,-0.004937701,-0.585340381,-1.994201303,0.969095767,-0.019756785,0.025941020,-0.244520292,0.140708923,-0.624038398,-2.090860605,0.861477613,-0.045210876,-0.044899475,0.503782153,0.056096762,-0.687856436,-1.883455873,0.990566671,0.009816014,0.073882312,-0.114990488
76,61580,15776,stationary,stationary_front,-0.035598636,1.670851827,-0.354745150,-0.081001610,0.897384584,0.285207629,0.326797128,-0.009359516,-0.583474994,-1.990047812,0.966876507,-0.017886937,0.024835283,-0.253403068,0.133852035,-0.617533684,-2.067422390,0.960962892,0.006443709,0.120336540,-0.249054238,0.051822655,-0.680118561,-1.872310877,0.888398468,-0.009460857,-0.030437080,0.457965434
77,61814,16010,stationary,stationary_front,-0.035435319,1.670473814,-0.355427146,-0.080887303,0.897362769,0.286061555,0.326138139,-0.008705251,-0.579335511,-1.991494775,0.965549588,-0.018136522,0.021026297,-0.258733422,0.128452301,-0.581407845,-1.967181683,0.838320792,-0.040766671,-0.052880798,0.541072965,0.052278817,-0.677411497,-1.876512408,0.893877387,-0.014054445,-0.031627703,0.446973622
78,62037,16233,stationary,stationary_front,-0.034959435,1.669913769,-0.356784105,-0.082029119,0.896523297,0.287552923,0.326849341,-0.011783075,-0.573919475,-2.008445740,0.966271341,-0.023134306,0.024183165,-0.255342335,0.127088964,-0.583056509,-1.999159336,0.949865103,0.027171170,0.123481393,-0.285955131,0.049591549,-0.681875467,-1.910740972,0.991914988,0.002664849,0.064069502,-0.109511018
79,62259,16455,stationary,stationary_front,-0.033843994,1.669593573,-0.357144475,-0.081963323,0.895981371,0.288322985,0.327672422,-0.014097841,-0.566308141,-1.997747183,0.965339243,-0.017015591,0.025885882,-0.259153575,0.127830565,-0.595850945,-2.062152147,0.957592010,0.008896101,0.119936585,-0.261827558,0.047565609,-0.672695041,-1.899496436,0.991836905,0.008631462,0.063423887,-0.110283487
80,62479,16675,stationary,stationary_front,-0.033438802,1.669110298,-0.356230855,-0.082876876,0.894877017,0.290382057,0.328640878,-0.018050913,-0.556087852,-1.993272543,0.963981211,-0.018033253,0.021243876,-0.264506638,0.119536564,-0.560525000,-1.977500439,0.844090760,-0.035439033,-0.059020225,0.531762660,0.042215422,-0.649330735,-1.860723734,0.889021814,-0.011013842,-0.030414682,0.456720740
81,62689,16885,stationary,stationary_front,-0.032791376,1.669016004,-0.355460525,-0.083270714,0.894555092,0.291300476,0.328604996,-0.017049205,-0.557588995,-2.014138937,0.966456890,-0.021619190,0.019327056,-0.255186588,0.122698531,-0.572977901,-2.031953335,0.955272734,0.011588818,0.125282586,-0.267626524,0.042336732,-0.645432711,-1.864712715,0.888831019,-0.019944467,-0.019175960,0.457399100
82,62911,17107,stationary,stationary_front,-0.031505227,1.669460058,-0.355268717,-0.082379535,0.894325137,0.290703952,0.329980969,-0.022001663,-0.560106218,-2.006200075,0.964555919,-0.020772560,0.018178241,-0.262430787,0.115929022,-0.563176870,-1.986784577,0.846676111,-0.034198631,-0.058145847,0.527815461,0.040092349,-0.660577774,-1.892761469,0.895595610,-0.012587178,-0.032025293,0.443536341
83,63133,17329,stationary,stationary_front,-0.029563665,1.670074701,-0.355172276,-0.080092080,0.894771338,0.290007025,0.329947680,-0.023531023,-0.567143798,-2.013363123,0.967957854,-0.016774485,0.025531806,-0.249247581,0.118761927,-0.590517282,-2.061135530,0.857230127,-0.045785788,-0.056164626,0.509809554,0.039034054,-0.671115160,-1.907479167,0.897420704,-0.020060781,-0.035534538,0.439284593
84,63356,17552,stationary,stationary_front,-0.028243899,1.670602083,-0.355764151,-0.080006562,0.894948184,0.289238274,0.330163568,-0.022774231,-0.566449821,-1.997727871,0.964728832,-0.020566069,0.022206927,-0.261499912,0.118289456,-0.594580054,-2.058258057,0.957646072,0.004102165,0.114194460,-0.264304310,0.038655967,-0.660434544,-1.870989680,0.888058245,-0.010553749,-0.025518816,0.458900779
85,63578,17774,stationary,stationary_front,-0.027225852,1.670747757,-0.356118321,-0.079765186,0.894985914,0.289032400,0.330299973,-0.022614436,-0.567825735,-2.003982782,0.965098917,-0.021965971,0.024117686,-0.259845912,,,,,,,,0.038582124,-0.660440087,-1.871695518,0.887489915,-0.010824076,-0.023260396,0.460112453
86,63799,17995,stationary,stationary_front,-0.026229739,1.670764923,-0.356230736,-0.078454755,0.895192683,0.289240748,0.329870790,-0.023349067,-0.568818390,-2.007650375,0.965367496,-0.019567216,0.030803932,-0.258329034,0.117146119,-0.593609571,-2.052051306,0.954658449,0.012505309,0.114036538,-0.274711668,0.038938813,-0.675280869,-1.908286691,0.991162300,0.006348022,0.060786918,-0.117736824
87,64022,18218,stationary,stationary_front,-0.026519060,1.670743704,-0.356678367,-0.078821898,0.895071805,0.289094687,0.330239028,-0.024001291,-0.572970152,-2.022637129,0.966654539,-0.018684570,0.031956613,-0.253394395,0.114244908,-0.580368817,-2.006217480,0.949405968,0.021312565,0.122679882,-0.288311929,0.037763186,-0.674362779,-1.904899359,0.989445925,0.012419745,0.070159450,-0.126175582
88,64230,18426,stationary,stationary_front,-0.027770162,1.670167685,-0.356485128,-0.079440065,0.895074069,0.289723098,0.329533339,-0.022098888,-0.566603184,-2.011391878,0.966545761,-0.021423910,0.016909119,-0.255038083,,,,,,,,0.038214974,-0.655120254,-1.864361763,0.888746500,-0.008061657,-0.036872167,0.456842512
89,64453,18649,stationary,stationary_front,-0.028558016,1.669789076,-0.355140805,-0.079012774,0.895082593,0.290675491,0.328773320,-0.022584900,-0.582672417,-2.086461067,0.882378042,-0.012410687,-0.016588841,0.470084935,0.116757557,-0.571064949,-1.989628196,0.947237134,0.024956211,0.123941258,-0.294546336,0.039793938,-0.659711123,-1.880214691,0.886443377,-0.020082088,-0.026685128,0.461630642
90,64676,18872,stationary,stationary_front,-0.028641582,1.669958591,-0.354039311,-0.078349754,0.895376503,0.290175080,0.328573763,-0.021391492,-0.576427877,-2.050279379,0.879515767,-0.022248911,-0.004777241,0.475325376,0.118761376,-0.587151706,-2.040288687,0.848294199,-0.022633467,-0.070769779,0.524286449,0.040417627,-0.670646429,-1.901553869,0.898373723,-0.022373531,-0.027203377,0.437817365
91,64882,19078,stationary,stationary_front,-0.028440118,1.670372248,-0.353208899,-0.077269688,0.895927250,0.289304644,0.328095406,-0.019022493,-0.573200524,-2.005556822,0.965510726,-0.021467861,0.031600267,-0.257545322,0.120451435,-0.593990505,-2.033243895,0.955069005,0.013146977,0.113168076,-0.273611665,0.042357236,-0.679641604,-1.907861233,0.897252977,-0.025084680,-0.026313335,0.440017611
92,65105,19301,stationary,stationary_front,-0.029277205,1.670430660,-0.351739168,-0.076993398,0.895730913,0.290267795,0.327845633,-0.019771550,-0.581883192,-2.048413992,0.970921040,-0.026738403,0.022709962,-0.236815631,0.119615987,-0.583748758,-2.013427973,0.845747411,-0.038722478,-0.058870386,0.528910458,0.040943407,-0.685963988,-1.936282396,0.908320665,-0.014961653,-0.061456665,0.413464427
93,65328,19524,stationary,stationary_front,-0.030111909,1.670296550,-0.351266861,-0.077121481,0.895895183,0.290982217,0.326731622,-0.018034276,-0.557527721,-1.973514438,0.853528142,-0.038014106,0.000277975,0.519658208,0.119961172,-0.570866525,-1.979912281,0.841785431,-0.036855254,-0.056748610,0.535554469,0.042633757,-0.657659709,-1.861223936,0.885380805,-0.009273641,-0.027277218,0.463972896
94,65550,19746,stationary,stationary_front,-0.031483531,1.670415163,-0.351275921,-0.077924557,0.895788372,0.290236682,0.327495992,-0.018018184,-0.569569707,-2.002146959,0.967437208,-0.023329429,0.022373814,-0.251038641,0.125812188,-0.608448148,-2.097230673,0.960726678,0.011864268,0.114701569,-0.252402544,0.043059371,-0.662619948,-1.868657112,0.890138447,-0.018316062,-0.034929324,0.453980178
95,65771,19967,stationary,stationary_front,-0.033115029,1.670316696,-0.350948811,-0.078539744,0.894831479,0.290448815,0.329769164,-0.027477786,-0.564725876,-1.990820289,0.965371490,-0.021691378,0.019041792,-0.259277403,0.114440307,-0.596428156,-2.062254429,0.959757984,0.005273045,0.118824840,-0.254396260,0.034310013,-0.660304308,-1.868689299,0.889292598,-0.010198047,-0.029710012,0.456258714
96,65981,20177,stationary,stationary_front,-0.034353495,1.670030832,-0.350208879,-0.078356139,0.894327819,0.291518629,0.330234706,-0.031191446,-0.574433088,-2.041957378,0.880485535,-0.020460539,-0.001144423,0.473629922,0.108640671,-0.578535259,-2.010778666,0.849869609,-0.026306141,-0.068191871,0.521899879,0.029755466,-0.653741896,-1.848212004,0.884118319,-0.019380739,-0.039515618,0.465185642
97,66189,20385,stationary,stationary_front,-0.035275578,1.670149803,-0.349403262,-0.078834996,0.894665122,0.291140765,0.329539746,-0.027062112,-0.566714704,-1.997552276,0.966108024,-0.022039736,0.018059140,-0.256560653,0.110468149,-0.570022345,-1.976748586,0.842684627,-0.035847899,-0.060036454,0.533847511,0.034245402,-0.662468553,-1.872412920,0.892638743,-0.011661354,-0.036667846,0.449127585
98,66411,20607,stationary,stationary_front,-0.036487103,1.670023441,-0.347864032,-0.078916498,0.894597590,0.291549295,0.329342186,-0.027118107,-0.555747151,-1.967451572,0.852343440,-0.036837056,-0.003905937,0.521668971,0.113670960,-0.586507261,-2.036498070,0.850185215,-0.018954884,-0.070133522,0.521447062,0.033708237,-0.657406092,-1.858661771,0.888995707,-0.010915107,-0.032170340,0.456653714
99,66619,20815,stationary,stationary_front,-0.038030267,1.669362664,-0.345537901,-0.079128973,0.894012034,0.293533295,0.329118967,-0.027103975,-0.558694184,-1.995651007,0.967510104,-0.022775106,0.019168105,-0.251073897,0.114175633,-0.583222389,-2.050228834,0.846932769,-0.029614961,-0.036692686,0.529605031,0.034644976,-0.657810211,-1.877937078,0.894264638,-0.016002584,-0.030891079,0.446184337
100,66842,21038,stationary,stationary_front,-0.039669514,1.669140577,-0.344563603,-0.079675190,0.893714428,0.294108659,0.329281837,-0.027393255,-0.555708885,-1.992464900,0.965126097,-0.023224112,0.021485860,-0.259866536,,,,,,,,0.034124345,-0.655255795,-1.877641678,0.895361900,-0.013312081,-0.045363668,0.442822784
101,67064,21260,stationary,stationary_front,-0.040495634,1.669228554,-0.344759941,-0.079800412,0.894092977,0.293275714,0.328966528,-0.026699111,-0.548577070,-1.957630754,0.851741254,-0.036966655,-0.003626110,0.522644460,0.114639819,-0.580828369,-2.020915031,0.952044010,0.011294515,0.116617434,-0.282639325,0.035086781,-0.658032775,-1.871447563,0.893163264,-0.015969846,-0.027550802,0.448603749
102,67286,21482,stationary,stationary_front,-0.040788054,1.669173717,-0.345547318,-0.080203816,0.894293785,0.292981416,0.328584671,-0.023620859,-0.561999321,-1.998583913,0.965557277,-0.019338237,0.029022057,-0.257842898,0.115916029,-0.582446814,-2.026357412,0.953184128,0.009068239,0.109974802,-0.281537384,0.036533825,-0.660214663,-1.877445936,0.894907773,-0.018381326,-0.028290182,0.444974065
103,67494,21690,stationary,stationary_front,-0.040974259,1.669181824,-0.346580505,-0.079842761,0.894882977,0.292797029,0.327230096,-0.021425344,-0.566068470,-2.011788845,0.967210591,-0.025698259,0.020748936,-0.251818866,0.119269624,-0.582531333,-2.028640509,0.955944240,0.007659422,0.124368794,-0.265790105,0.037875235,-0.655071318,-1.856345296,0.988142788,0.014124317,0.070494592,-0.135664508
104,67730,21926,stationary,stationary_front,-0.042013049,1.669029951,-0.347160339,-0.080539510,0.894554555,0.293415874,0.327402860,-0.022607021,-0.557919145,-1.995086789,0.966786861,-0.022172935,0.018987030,-0.253911257,0.115659177,-0.564933896,-1.988194704,0.841511667,-0.028286166,-0.046137508,0.537521541,0.038630143,-0.654953241,-1.871147990,0.892853796,-0.017643739,-0.031164087,0.448920488
105,67953,22149,stationary,stationary_front,-0.043201804,1.668626547,-0.347465754,-0.081658952,0.893895626,0.294240057,0.328184813,-0.024606716,-0.568630338,-2.051964998,0.971630275,-0.020347837,0.029430334,-0.233782917,0.115421757,-0.576412678,-2.036670446,0.955228925,0.013021419,0.110694036,-0.274071068,0.033697449,-0.644418359,-1.853823662,0.891046643,-0.023253340,-0.013117493,0.453125924
106,68176,22372,stationary,stationary_front,-0.042938948,1.668880224,-0.348069549,-0.080420546,0.894442976,0.293322980,0.327820033,-0.024605744,-0.569913864,-2.037188292,0.971442223,-0.017625265,0.030440459,-0.234654486,0.117740095,-0.592397630,-2.074324369,0.958915710,0.014534553,0.114520773,-0.259141743,0.035456829,-0.662210882,-1.884159088,0.990034461,0.001368055,0.062534012,-0.126171961
107,68397,22593,stationary,stationary_front,-0.043320060,1.669150829,-0.348397017,-0.080530353,0.894439340,0.293414712,0.327720881,-0.025392113,-0.559681654,-2.005519390,0.964618862,-0.030594893,0.033856533,-0.259669304,0.117653787,-0.591104984,-2.070647478,0.958629966,0.012207230,0.113334730,-0.260834813,0.035941206,-0.664319515,-1.890921474,0.990408778,0.000703224,0.061935425,-0.123506904
108,68605,22801,stationary,stationary_front,-0.043250680,1.669156432,-0.348773003,-0.080493093,0.894362330,0.293382168,0.327969164,-0.027495954,-0.552504480,-1.978178144,0.964635253,-0.032483067,0.011891373,-0.261308908,0.115512937,-0.581435323,-2.046066999,0.855911136,-0.049206786,-0.045145985,0.512793064,0.033640295,-0.655323863,-1.873220325,0.895547807,-0.012989801,-0.037643414,0.443179876
109,68829,23025,stationary,stationary_front,-0.042838931,1.668914080,-0.348908186,-0.080234386,0.894461274,0.294004321,0.327204704,-0.022944659,-0.560501397,-2.013596058,0.966731250,-0.027261572,0.034150060,-0.252034187,0.117472157,-0.584345400,-2.053564310,0.956812143,0.011177495,0.107400954,-0.269908637,0.037042767,-0.659196496,-1.889278412,0.896294415,-0.023046404,-0.024890438,0.442160249
110,69050,23246,stationary,stationary_front,-0.043456197,1.668437719,-0.349059343,-0.081319526,0.893989325,0.295024693,0.327308267,-0.023490325,-0.553115189,-2.011331797,0.969133377,-0.019296648,0.024989448,-0.244507089,0.117802247,-0.580494761,-2.065535307,0.955697715,0.015622036,0.102150500,-0.275614172,0.038890392,-0.662244797,-1.912876368,0.991540670,0.006383891,0.073006794,-0.107127853
111,69273,23469,stationary,stationary_front,-0.044444203,1.667870760,-0.349488258,-0.082429901,0.893362284,0.296274751,0.327613324,-0.026662001,-0.532117605,-1.965194821,0.854981065,-0.039670825,-0.002486473,0.517134011,0.114530563,-0.562416196,-2.024374485,0.953651011,0.011220107,0.111924879,-0.279099703,0.035200424,-0.641891360,-1.876801014,0.892207623,-0.017646618,-0.031151984,0.450204104
112,69494,23690,stationary,stationary_front,-0.044988394,1.667515635,-0.349710822,-0.082703501,0.893249333,0.296498626,0.327649713,-0.025597028,-0.553466022,-2.053573370,0.886003733,-0.020729959,-0.005632308,0.463180304,0.116816148,-0.570147991,-2.056591272,0.954607010,0.011078577,0.111225545,-0.276100725,0.035246797,-0.640156090,-1.873447895,0.892990768,-0.019785933,-0.030006422,0.448637486
113,69718,23914,stationary,stationary_front,-0.045331836,1.667793036,-0.349662542,-0.083436593,0.893297911,0.295964867,0.327813923,-0.023802210,-0.547090054,-2.011990547,0.965512156,-0.018874886,0.027164064,-0.258248180,0.115900338,-0.565753818,-2.036518335,0.954883993,0.012521453,0.109548576,-0.275751561,0.037404142,-0.649670839,-1.899440289,0.900543928,-0.021210292,-0.027277132,0.433389813
114,69939,24135,stationary,stationary_front,-0.045830846,1.667925239,-0.348877192,-0.083603360,0.893140078,0.296434164,0.327777535,-0.024566894,-0.556903899,-2.064259529,0.884635746,-0.012927379,-0.016257033,0.465819985,0.117830470,-0.573190868,-2.068751335,0.956341505,0.014100228,0.108161382,-0.271133274,0.033875719,-0.628274322,-1.840527654,0.883803725,-0.028236600,-0.010689448,0.466882676
115,70147,24343,stationary,stationary_front,-0.045433640,1.667873502,-0.347681522,-0.082607910,0.893129766,0.297061175,0.327490211,-0.027296139,-0.529282093,-1.963367701,0.862298429,-0.036337901,0.001537488,0.505092800,0.114669785,-0.565876484,-2.047480583,0.953715742,0.014440935,0.102455370,-0.282348424,0.034829974,-0.644286871,-1.885370374,0.989628971,0.001510509,0.060553323,-0.130252063
116,70369,24565,stationary,stationary_front,-0.044717312,1.668186307,-0.347138524,-0.081732817,0.893393278,0.296982944,0.327061713,-0.023556612,-0.544203699,-2.002530098,0.965054810,-0.022012856,0.026805792,-0.259742409,0.116508126,-0.567904830,-2.043448448,0.955376685,0.012848542,0.112281755,-0.272915989,0.034060180,-0.633065283,-1.852666020,0.885967672,-0.028888728,-0.018327793,0.462483346
117,70593,24789,stationary,stationary_front,-0.045046210,1.668146849,-0.347023129,-0.082494117,0.893218815,0.297208995,0.327141672,,,,,,,,0.119914412,-0.575956106,-2.088314295,0.959426701,0.008957587,0.108216852,-0.260210007,0.039033525,-0.648409247,-1.903848290,0.902417064,-0.019712234,-0.028077494,0.429495692
118,70815,25011,stationary,stationary_front,-0.045285463,1.667823553,-0.347144723,-0.082425728,0.892873585,0.297732085,0.327625424,-0.026994582,-0.530355453,-1.973708272,0.857746363,-0.034854151,-0.002183919,0.512885630,0.112363666,-0.553555489,-2.008133650,0.949074507,0.010675671,0.111813203,-0.294349194,0.033485636,-0.634314835,-1.868370295,0.894465506,-0.010231944,-0.032745123,0.445819050
119,71036,25232,stationary,stationary_front,-0.044377446,1.668194294,-0.347397447,-0.081148781,0.893624306,0.296896726,0.326653898,-0.024373280,-0.556840003,-2.046656847,0.969160199,-0.031622350,0.008679218,-0.244240060,0.118903160,-0.574350834,-2.069146633,0.959518790,0.006165424,0.120988250,-0.254258841,0.034814142,-0.633103013,-1.851747274,0.884708822,-0.034503404,-0.015483638,0.464607447
120,71258,25454,stationary,stationary_front,-0.044384003,1.668260813,-0.347046018,-0.081066683,0.893614113,0.297187716,0.326437652,-0.023026997,-0.542696834,-1.997876763,0.964068115,-0.022841381,0.026147144,-0.263376683,0.118344501,-0.571424365,-2.060163975,0.958814144,0.006676614,0.120821014,-0.256969362,0.032590657,-0.626518548,-1.828196287,0.900614738,-0.016605703,0.030268425,0.433244884
121,71480,25676,stationary,stationary_front,-0.045018673,1.667859435,-0.346845269,-0.081545211,0.893096745,0.298456699,0.326576382,-0.024431810,-0.549939752,-2.059664965,0.884926915,-0.017024148,-0.025379568,0.464726239,0.118337944,-0.570027947,-2.074858189,0.956570685,0.012494602,0.107715197,-0.270580679,0.034082040,-0.632636309,-1.866476536,0.891155601,-0.028821284,-0.008781687,0.452696264
122,71702,25898,stationary,stationary_front,-0.044760823,1.668018579,-0.347664356,-0.081341058,0.893481195,0.297923177,0.326062620,-0.022944532,-0.538553655,-1.997041941,0.964511931,-0.020587232,0.020557413,-0.262431592,0.120736822,-0.574126363,-2.086914301,0.960738242,0.000116373,0.119480900,-0.250412375,0.039068930,-0.652100921,-1.914958954,0.991203308,0.007816521,0.075503521,-0.108416639
123,71926,26122,stationary,stationary_front,-0.044696212,1.668246150,-0.348419666,-0.081314221,0.893675089,0.297537982,0.325889558,-0.022659231,-0.520346701,-1.937645674,0.840310752,-0.027018566,-0.005151061,0.541406810,0.114935413,-0.546748579,-1.982228398,0.845923662,-0.035187636,-0.058070458,0.528963864,0.039084479,-0.652866960,-1.911126018,0.991975963,0.004163074,0.073648185,-0.102675714
124,72148,26344,stationary,stationary_front,-0.044387460,1.668380499,-0.348480463,-0.081207767,0.893664360,0.297548831,0.325935692,-0.023214351,-0.534024656,-1.974890232,0.964702666,-0.029251309,0.010379530,-0.261506051,0.116163746,-0.550485015,-2.001868963,0.842315614,-0.024733797,-0.044852939,0.536545396,0.038585708,-0.636844695,-1.871552825,0.893788815,-0.017028157,-0.031031631,0.447089136
125,72355,26551,stationary,stationary_front,-0.043435931,1.668485165,-0.348775864,-0.081032142,0.893767416,0.297428697,0.325806350,-0.022964846,-0.532023907,-1.972221375,0.863746941,-0.034785058,0.001769233,0.502720654,0.116619453,-0.552917004,-2.004993916,0.849886298,-0.029288560,-0.058908198,0.522843540,0.038969003,-0.640485406,-1.880842924,0.896292210,-0.017197255,-0.029557668,0.442143470
126,72578,26774,stationary,stationary_front,-0.042399287,1.668507934,-0.349107504,-0.080970645,0.893663228,0.297511816,0.326031595,-0.022143826,-0.528215170,-1.960276246,0.958235264,-0.010732947,0.015495158,-0.285359204,0.118994609,-0.564139307,-2.053992033,0.852273524,-0.034389168,-0.039338376,0.520480335,0.038492113,-0.648107171,-1.902364731,0.990893781,0.007963401,0.070586853,-0.114383742
127,72799,26995,stationary,stationary_front,-0.041393280,1.668598413,-0.349158764,-0.080370821,0.893658936,0.297672510,0.326045066,-0.022863403,-0.538530231,-1.997055054,0.964123487,-0.021107430,0.019947212,-0.263860881,0.120897487,-0.574949563,-2.089149475,0.960204601,-0.000983178,0.119014204,-0.252669215,0.039027691,-0.648662210,-1.909228563,0.902257860,-0.022110455,-0.032850631,0.429374844
128,73022,27218,stationary,stationary_front,-0.039801478,1.668718696,-0.349496365,-0.079735063,0.893859088,0.297554433,0.325760216,-0.021992734,-0.543601453,-2.012972116,0.966238558,-0.025449656,0.019907009,-0.255615026,0.116256818,-0.550563633,-2.002400160,0.841374516,-0.025560530,-0.045111105,0.537959754,0.038701333,-0.637460053,-1.875322223,0.893338799,-0.019452717,-0.037780184,0.447370172
129,73245,27441,stationary,stationary_front,-0.038493633,1.668848515,-0.350211501,-0.079793930,0.893853128,0.297315389,0.325980157,-0.023135632,-0.535615683,-1.984133840,0.964068294,-0.030964816,0.011340334,-0.263600022,0.118821487,-0.564429343,-2.053027868,0.848190129,-0.030138066,-0.034822855,0.527686000,0.038223445,-0.635301948,-1.870076180,0.891830862,-0.015703993,-0.038154688,0.450483531
130,73468,27664,stationary,stationary_front,-0.037103891,1.668796062,-0.350399137,-0.078966461,0.893694401,0.297571957,0.326382607,-0.023113526,-0.540005803,-2.004359484,0.963853955,-0.021446507,0.023542922,-0.264521033,0.118136093,-0.566946924,-2.060485840,0.957468987,0.006255302,0.126085579,-0.259454012,0.034937307,-0.634105623,-1.870045543,0.891191542,-0.031092482,-0.017485121,0.452222407
131,73703,27899,stationary,stationary_front,-0.035338044,1.668796539,-0.350713491,-0.078334831,0.893919528,0.297760248,0.325745821,-0.022106335,-0.540398180,-2.006729364,0.963997543,-0.026717983,0.020289753,-0.263786346,0.119360462,-0.569847882,-2.071948528,0.957749128,0.002533532,0.122965805,-0.259980023,0.038861752,-0.646458983,-1.906557202,0.902811944,-0.017725969,-0.029667312,0.428644687
132,73925,28121,stationary,stationary_front,-0.034291625,1.668544769,-0.350988984,-0.078479849,0.893906295,0.298371047,0.325187951,-0.019396435,-0.547622085,-2.049745798,0.968145013,-0.030568877,0.020802530,-0.247645125,0.121452898,-0.562900782,-2.056850433,0.953128338,0.012330069,0.123519085,-0.275930136,0.039839044,-0.634067655,-1.879859924,0.892484605,-0.022661420,-0.033665180,0.449248672
133,74147,28343,stationary,stationary_front,-0.033747435,1.668370605,-0.351127267,-0.078437030,0.893641949,0.298831344,0.325502008,-0.022307426,-0.526514232,-1.982668281,0.860541344,-0.045167219,-0.007801868,0.507314146,0.116168186,-0.541634738,-1.990009785,0.840457976,-0.033073701,-0.053352959,0.538228512,0.039040528,-0.645284534,-1.915129423,0.991274178,0.002990963,0.068304367,-0.112699009
134,74355,28551,stationary,stationary_front,-0.032756805,1.668482542,-0.351693511,-0.078271791,0.893899858,0.298299134,0.325321704,-0.018739302,-0.541023672,-2.027242184,0.965166330,-0.024503067,0.030668283,-0.258675486,0.123126194,-0.564033508,-2.071036100,0.862157226,-0.046016846,-0.057490584,0.501260698,0.040229969,-0.639162898,-1.898141384,0.900937796,-0.016646750,-0.033687387,0.432318330
135,74578,28774,stationary,stationary_front,-0.032166481,1.668485880,-0.351302743,-0.078268409,0.893871903,0.298603445,0.325120032,-0.018297119,-0.532662749,-1.999532938,0.962121904,-0.026327411,0.028657595,-0.269827813,0.123193935,-0.562234044,-2.063338518,0.955882490,0.005233492,0.124080397,-0.266205609,0.043931350,-0.655986786,-1.946041226,0.991784930,-0.004615113,0.079913862,-0.099775508
136,74787,28983,stationary,stationary_front,-0.031590819,1.668330669,-0.350252867,-0.078292467,0.893356919,0.299608380,0.325604916,-0.019177672,-0.533315063,-2.017556190,0.963628411,-0.023316104,0.032717627,-0.264208764,0.120066851,-0.552960217,-2.041638851,0.952331185,0.011600281,0.117677458,-0.281216651,0.039827459,-0.629972696,-1.885321975,0.896206260,-0.019402958,-0.033828165,0.441920280
137,75008,29204,stationary,stationary_front,-0.030212522,1.668458223,-0.349780560,-0.077544965,0.893559694,0.299698144,0.325144351,-0.018699639,-0.530923367,-2.007237434,0.963653803,-0.022843782,0.026793040,-0.264823854,0.123500407,-0.559564471,-2.073047161,0.864653170,-0.045681298,-0.057064760,0.497022927,0.042031512,-0.644699275,-1.926637292,0.906099200,-0.030161554,-0.026591610,0.421150118
138,75230,29426,stationary,stationary_front,-0.029175401,1.668773293,-0.349539876,-0.076986685,0.893684328,0.299080640,0.325502902,-0.018726263,-0.539987028,-2.028347492,0.964668036,-0.028510014,0.041203454,-0.258660257,0.121249601,-0.560968459,-2.054686069,0.953526318,0.009869034,0.115659744,-0.278052241,0.040322214,-0.634163678,-1.885459185,0.896703422,-0.029374113,-0.041120630,0.439737707
139,75454,29650,stationary,stationary_front,-0.028776288,1.668633699,-0.348825455,-0.077560194,0.893065453,0.299442351,0.326730430,-0.022948828,-0.530492902,-2.001103640,0.962974012,-0.021433417,0.021092054,-0.267911971,0.119611979,-0.566534221,-2.089521885,0.956149518,0.009085609,0.121315457,-0.266417146,0.038775235,-0.641762912,-1.912195563,0.989185631,0.003457787,0.077204771,-0.124656737
140,75689,29885,stationary,stationary_front,-0.027816772,1.668517828,-0.348173261,-0.077107444,0.892821610,0.299898475,0.327085525,-0.023339454,-0.537157178,-2.033461571,0.965902507,-0.027211173,0.035022125,-0.255079180,0.116015047,-0.553289533,-2.045216560,0.953682005,0.009286044,0.130039811,-0.271097749,0.035543770,-0.630822539,-1.887934446,0.897041976,-0.019452987,-0.034855757,0.440139055
141,75911,30107,stationary,stationary_front,-0.026316166,1.668479681,-0.347957373,-0.076551937,0.892975092,0.299814641,0.326873779,-0.022839248,-0.530227840,-2.003683090,0.963029861,-0.021344138,0.022121320,-0.267635167,0.121342734,-0.565789104,-2.096541405,0.868238509,-0.046937205,-0.052698649,0.491102487,0.039167792,-0.644803584,-1.927291274,0.902699411,-0.025132407,-0.041140180,0.427562416
142,76133,30329,stationary,stationary_front,-0.025900602,1.668472528,-0.346952200,-0.076280773,0.893021464,0.299883038,0.326747715,-0.022765175,-0.528035939,-1.994353533,0.962903738,-0.032016769,0.015815705,-0.267471999,0.120249882,-0.568559110,-2.097827435,0.956712306,0.010893037,0.118519358,-0.265586257,0.038862355,-0.639340580,-1.910217047,0.901141703,-0.022394007,-0.032710832,0.431708366
143,76342,30538,stationary,stationary_front,-0.025700212,1.668251514,-0.346220016,-0.075844981,0.893468499,0.300141543,0.325386882,-0.017570373,-0.532330871,-2.013341904,0.964076757,-0.025910357,0.022888217,-0.263364434,0.124359369,-0.562433302,-2.080082893,0.957727849,0.006033391,0.129035592,-0.257042438,0.043293670,-0.643604577,-1.921772003,0.989959598,0.007050743,0.079955414,-0.116350435
144,76564,30760,stationary,stationary_front,-0.027239084,1.668209553,-0.344691396,-0.076620959,0.893338084,0.300781131,0.324972391,-0.017085161,-0.545516491,-2.085429668,0.880345702,-0.028232288,-0.042036902,0.471621931,0.125960544,-0.557704568,-2.059696674,0.952248633,0.010853770,0.123285756,-0.279115319,0.043968357,-0.629513562,-1.887048006,0.901311040,-0.024175372,-0.045465909,0.430100948
145,76799,30995,stationary,stationary_front,-0.029013157,1.667421341,-0.343727469,-0.077615969,0.891622365,0.302511692,0.327829242,-0.027192006,-0.513133109,-1.983897924,0.862409830,-0.042163182,-0.008168521,0.504385710,0.114942595,-0.551990688,-2.078817606,0.956415296,-0.000496513,0.116806209,-0.267630160,0.034367852,-0.628880382,-1.910151958,0.904476881,-0.019755460,-0.031751670,0.424880207
146,77007,31203,stationary,stationary_front,-0.028826594,1.667724252,-0.343024135,-0.074616581,0.892176747,0.302770525,0.326776713,-0.027874209,-0.533048749,-2.037220478,0.966475129,-0.030756321,0.035290886,-0.252456874,0.113027230,-0.557291269,-2.076649427,0.955593705,0.000680001,0.129634187,-0.264641613,0.030636266,-0.626405001,-1.888675570,0.896257520,-0.013463019,-0.035997156,0.441865921
147,77230,31426,stationary,stationary_front,-0.030045629,1.668101549,-0.341179609,-0.072618015,0.894500792,0.303488523,0.320140153,-0.008655950,-0.520121813,-1.985115528,0.863358498,-0.047342822,-0.004250232,0.502347231,0.130909085,-0.540400267,-2.003506899,0.841864228,-0.036814943,-0.046669416,0.536405921,0.050096676,-0.636134863,-1.904612541,0.990423858,-0.009028647,0.076277405,-0.114721015
148,77453,31649,stationary,stationary_front,-0.033700228,1.668275237,-0.336754918,-0.074044764,0.897741973,0.305268794,0.308849037,0.032507308,-0.514289796,-1.976211071,0.858463705,-0.063089877,-0.001656312,0.508976460,0.172011539,-0.534163117,-1.991536260,0.849955499,-0.063539989,-0.047536250,0.520844102,0.089595340,-0.631008029,-1.900028348,0.903642297,-0.043525629,-0.018115303,0.425685287
149,77633,31829,stationary,stationary_front,-0.034227133,1.664566040,-0.318840742,-0.081840634,0.910978675,0.315336615,0.252948195,0.264330804,-0.493669152,-2.034191608,0.954302371,-0.012194393,0.109218478,-0.277902156,0.395712137,-0.504662335,-1.978489280,0.850519001,-0.100876033,-0.008577359,0.516108513,0.289710104,-0.584383607,-1.843075514,0.889912188,-0.080430962,0.031261772,0.447894931
150,77814,32010,stationary,stationary_front,-0.030115128,1.656342268,-0.291655660,-0.091669075,0.925260305,0.332560897,0.157776535,0.619018495,-0.439856231,-1.963256717,0.940328836,-0.018436152,0.219494298,-0.259353042,0.719801724,-0.449133575,-1.840265751,0.858077526,-0.172110811,0.048603933,0.481371403,0.617231309,-0.551264882,-1.807025790,0.954159617,-0.025828240,0.261203706,-0.143822774
151,78036,32232,stationary,stationary_front,-0.017209172,1.649950266,-0.256201029,-0.095729336,0.926532745,0.342311949,0.123269916,0.725238204,-0.399479508,-1.823657155,0.876522183,-0.184791014,0.126243994,0.426173240,0.848511636,-0.430877894,-1.773351908,0.858834386,-0.210269704,0.077539057,0.460627675,0.726728320,-0.520766675,-1.709714293,0.939001858,-0.022871237,0.307266027,-0.152774602
152,78217,32413,stationary,stationary_front,0.027410388,1.643138885,-0.180096269,-0.077860586,0.919043958,0.342283309,0.179270938,0.651864529,-0.479023963,-1.976707578,0.900658846,-0.150783792,0.091173619,0.397196829,0.741808057,-0.483903974,-1.827983022,0.855621576,-0.172050387,0.041178834,0.486430556,0.624219358,-0.572793663,-1.744997144,0.946060300,-0.004608184,0.295326293,-0.133157775
153,78397,32593,stationary,stationary_front,0.099584043,1.622388601,-0.055663407,-0.064154662,0.888854027,0.295790792,0.343992054,0.192953050,-0.629733443,-1.869597912,0.970973730,0.040390953,0.115048140,-0.205773011,0.342382371,-0.658768654,-1.925769091,0.840333164,-0.019669397,-0.063938826,0.537926614,0.255897403,-0.717703342,-1.723786473,0.879432678,-0.020603497,-0.044595480,0.473481685
154,78592,32788,stationary,stationary_left_view,0.201809347,1.598962784,0.129681826,-0.114103615,0.826610208,0.234260097,0.498816788,0.062354051,-0.692248225,-1.793871760,0.958053887,0.203501582,0.052667014,-0.194797546,0.196212605,-0.696407437,-1.892032146,0.813054025,0.138046563,-0.133895978,0.549507320,0.178727090,-0.764302790,-1.699783683,0.852585793,0.159785554,-0.124188028,0.481812567
155,78800,32996,stationary,stationary_left_view,0.271884918,1.639438868,0.264570236,-0.126523376,0.793729663,0.259762228,0.535265028,0.056484737,-0.636684418,-1.881269574,0.840003252,0.196395904,-0.103858098,0.495011717,,,,,,,,0.184406862,-0.711578608,-1.797861099,0.858463347,0.192667216,-0.129764095,0.457254052
156,79008,33204,stationary,stationary_left_view,0.301685929,1.658233881,0.293331206,-0.140689969,0.768796206,0.260910898,0.566643000,-0.006182529,-0.599395752,-1.917175889,0.835640728,0.225198239,-0.117647268,0.486979872,0.116795436,-0.596281469,-2.055613041,0.821778297,0.211446628,-0.179736629,0.497659981,0.129127383,-0.670464754,-1.845455766,0.849059403,0.217374086,-0.152347624,0.456767887
157,79216,33412,stationary,stationary_left_view,0.321573019,1.666656375,0.276167631,-0.134860799,0.768483400,0.259397328,0.569173813,-0.040958740,-0.609263182,-1.933860779,0.834118426,0.226309150,-0.122862525,0.487786323,,,,,,,,0.097262472,-0.683571935,-1.872512460,0.850183189,0.224546924,-0.175844610,0.442544848
158,79412,33608,stationary,stationary_left_view,0.341784239,1.678621411,0.275353491,-0.134375185,0.759681880,0.239204735,0.589582801,-0.082457937,-0.675256968,-1.942061186,0.823459744,0.249632448,-0.124581113,0.494041800,0.035785943,-0.676076293,-2.095921278,0.804480553,0.231065527,-0.191877007,0.512447953,0.061233304,-0.741674781,-1.878116369,0.836999655,0.245788738,-0.187845856,0.451368421
159,79606,33802,stationary,stationary_left_view,0.349651575,1.677788734,0.299544871,-0.150795460,0.748651981,0.233503178,0.601878047,-0.071943194,-0.653341413,-1.941010833,0.815969169,0.264026016,-0.122162372,0.499560773,,,,,,,,0.079274021,-0.739522576,-1.944362283,0.840729773,0.255748183,-0.154737532,0.451467276
160,79813,34009,stationary,stationary_left_view,0.353471637,1.669623613,0.330953181,-0.159169197,0.741416693,0.238962203,0.606517553,-0.058823951,-0.615745008,-1.962113976,0.821149766,0.276034355,-0.140543774,0.479338646,,,,,,,,0.088158593,-0.673078537,-1.897130370,0.827787995,0.265580148,-0.165106222,0.465804905
161,80022,34218,stationary,stationary_left_view,0.365183294,1.669634104,0.348982513,-0.153677315,0.740543962,0.239553109,0.608762920,-0.055519138,-0.624901354,-1.964820147,0.820802987,0.274179757,-0.134997591,0.482580215,,,,,,,,0.091196582,-0.680761158,-1.894795895,0.829879344,0.266787678,-0.173938006,0.458115935
162,80230,34426,stationary,stationary_left_view,0.374882102,1.676780462,0.351869404,-0.139989182,0.748891234,0.227496311,0.606473804,-0.036358759,-0.692933798,-1.942645788,0.811112523,0.265540570,-0.139343813,0.502163470,0.081072457,-0.693776548,-2.112025261,0.917764366,0.323362499,0.108013123,-0.203662559,,,,,,,
163,80438,34634,stationary,stationary_left_view,0.379967928,1.672262192,0.350942254,-0.141852677,0.744509041,0.237247765,0.607698619,-0.058469448,-0.652265012,-1.961958051,0.930527031,0.290450871,0.046599504,-0.218142509,0.056153141,-0.649641991,-2.131152630,0.797710478,0.259286970,-0.187357768,0.511200070,0.086204961,-0.709435403,-1.894791007,0.827124536,0.253327131,-0.161517844,0.474976182
164,80605,34801,stationary,stationary_left_view,0.384763837,1.673128605,0.349523067,-0.142583534,0.743595958,0.234306201,0.609783292,-0.061205581,-0.653620124,-1.954919100,0.816222131,0.265214860,-0.143174455,0.492893100,,,,,,,,0.086275756,-0.713368595,-1.892904758,0.819390416,0.246869326,-0.148961261,0.495444685
165,80789,34985,stationary,stationary_left_view,0.388841033,1.672752857,0.347781122,-0.144527629,0.743636608,0.237684101,0.607965946,-0.058686212,-0.641591668,-1.968566418,0.815018177,0.266696900,-0.143441036,0.494006902,0.054756276,-0.628638983,-2.098009109,0.788602591,0.241023287,-0.187251225,0.533807874,0.088630117,-0.703597069,-1.910649419,0.835931957,0.266894013,-0.192867488,0.439075708
166,80954,35150,stationary,stationary_left_view,0.394054711,1.673016787,0.344686031,-0.143582955,0.744363010,0.235798016,0.608035386,-0.057905983,-0.644197583,-1.971583247,0.816275418,0.263921827,-0.141472459,0.493989110,0.052556597,-0.585745275,-1.954043746,0.776520133,0.256428361,-0.202762932,0.538654149,,,,,,,
167,81132,35328,stationary,stationary_left_view,0.396846533,1.673157215,0.342278302,-0.144347817,0.744169235,0.236582056,0.607786834,-0.056510326,-0.632659256,-1.955146909,0.805556834,0.255358011,-0.127431601,0.519260645,,,,,,,,0.083742589,-0.682367384,-1.865008235,0.920997024,0.338783741,0.110761002,-0.157232568
168,81299,35495,stationary,stationary_left_view,0.398443818,1.672430277,0.340711892,-0.147839844,0.743396461,0.237099335,0.607691646,-0.056655735,-0.627854168,-1.988955975,0.820488334,0.269165635,-0.131652161,0.486843377,0.059490778,-0.619868994,-2.138170004,0.794186413,0.240129277,-0.178794384,0.528808594,0.093141705,-0.709255219,-1.984936118,0.845142424,0.257082105,-0.170975730,0.436360359
169,81481,35677,stationary,stationary_left_view,0.398475289,1.671338916,0.341059506,-0.151610762,0.743076503,0.239852607,0.606071115,-0.048717905,-0.606023431,-1.981190205,0.822337210,0.268413365,-0.137783259,0.482422620,0.067151152,-0.597668886,-2.137925386,0.786805034,0.251812994,-0.184383720,0.532476068,,,,,,,
170,81648,35844,stationary,stationary_left_view,0.398671746,1.670515299,0.342691243,-0.153189257,0.743589818,0.240951821,0.604606926,-0.040179066,-0.598770797,-1.985098362,0.806713521,0.259661853,-0.139267042,0.512243867,,,,,,,,,,,,,,
171,81828,36024,stationary,stationary_left_view,0.398063540,1.669771433,0.345015883,-0.154964834,0.742835283,0.242948771,0.604282618,-0.038563889,-0.593473792,-2.011806488,0.831008852,0.257535249,-0.152103141,0.469003797,,,,,,,,0.099235222,-0.621082246,-1.842827439,0.915741324,0.336885244,0.124726251,-0.179915339
172,82008,36204,stationary,stationary_left_view,0.397665620,1.668727040,0.348779380,-0.157826006,0.742171526,0.245490670,0.603329778,-0.032973107,-0.570465982,-1.986148477,0.821465313,0.264657408,-0.127662420,0.488726467,,,,,,,,0.105171934,-0.600849271,-1.831880569,0.821871459,0.269693851,-0.197459698,0.461304843
173,82188,36384,stationary,stationary_left_view,0.396937191,1.667246580,0.353299499,-0.160529062,0.741983771,0.250914097,0.600610256,-0.024596572,-0.550227404,-1.995695591,0.826320469,0.266587377,-0.127011642,0.479576617,,,,,,,,,,,,,,
174,82354,36550,stationary,stationary_left_view,0.398786068,1.666018844,0.357795358,-0.161334634,0.745641887,0.254483163,0.594329596,0.002786264,-0.537296534,-2.015186787,0.833116293,0.259646237,-0.124840796,0.472139686,,,,,,,,0.138748676,-0.578478754,-1.873507977,0.910998523,0.336629987,0.148819894,-0.186050043
175,82537,36733,stationary,stationary_left_view,0.402933538,1.665566444,0.360060692,-0.161057055,0.748005092,0.255307615,0.591072798,0.018650092,-0.532012880,-2.008654118,0.834990203,0.260742486,-0.126495242,0.467764586,,,,,,,,0.157302603,-0.583579421,-1.894561052,0.911902845,0.346144944,0.143995851,-0.166979358
176,82717,36913,stationary,stationary_left_view,0.409410059,1.665686011,0.361709058,-0.159202367,0.750591993,0.254833907,0.588494658,0.032089666,-0.533475041,-2.006364107,0.826099753,0.256955564,-0.124982297,0.485708207,0.138221070,-0.476482570,-1.967919111,0.798203111,0.239526331,-0.209732190,0.511381805,,,,,,,
177,82872,37068,stationary,stationary_left_view,0.416959524,1.657786608,0.362879992,-0.178976178,0.750220001,0.273213476,0.574884236,0.084167965,-0.447607845,-2.102425337,0.911525488,0.304498523,0.106711186,-0.254979759,0.211240336,-0.422166944,-2.244853735,0.819271386,0.255824715,-0.156653032,0.488679796,0.228969947,-0.511813760,-2.020775557,0.859050214,0.254592746,-0.151727349,0.417365640
178,83022,37218,stationary,stationary_left_view,0.420452476,1.647282720,0.357156456,-0.197915390,0.731982946,0.303270280,0.577111483,0.034411862,-0.244916216,-2.111867905,0.900581181,0.294856220,0.112530783,-0.298915029,0.158411041,-0.208747014,-2.266613483,0.848924816,0.256702811,-0.177546635,0.426506132,0.178658605,-0.315354645,-2.037942648,0.876342535,0.260852218,-0.131565481,0.382975787
179,83190,37386,stationary,stationary_left_view,0.423567176,1.666756868,0.354455650,-0.151029810,0.743220091,0.242467433,0.604998767,-0.032835033,-0.579293132,-2.011095285,0.921320736,0.297473669,0.073002033,-0.239475042,0.082494296,-0.569763303,-2.176109552,0.801485240,0.261801064,-0.191392094,0.502444804,,,,,,,
180,83370,37566,stationary,stationary_left_view,0.428169906,1.666999102,0.351645947,-0.154678419,0.736280322,0.246076405,0.611074746,-0.063261762,-0.553198814,-2.003504515,0.821588874,0.271723777,-0.141220659,0.480847865,,,,,,,,,,,,,,
181,83550,37746,stationary,stationary_left_view,0.427581191,1.670243740,0.350920379,-0.150866702,0.742056310,0.238433599,0.608063459,-0.039764561,-0.594426632,-1.998745561,0.819162071,0.267928034,-0.141747147,0.486924887,0.072598651,-0.580437243,-2.142231226,0.790006042,0.251173973,-0.183284700,0.528402150,,,,,,,
182,83731,37927,stationary,stationary_left_view,0.422980964,1.669224262,0.349375308,-0.155120745,0.739085674,0.243376851,0.608652353,-0.049573295,-0.570934713,-1.999078751,0.819805861,0.272006869,-0.139228821,0.484299451,,,,,,,,0.091228560,-0.618066311,-1.894410610,0.916885138,0.333269596,0.105427742,-0.192712352
183,83912,38108,stationary,stationary_left_view,0.421100974,1.670543432,0.346490800,-0.153132319,0.738682210,0.240750507,0.610686779,-0.058922201,-0.583445847,-1.993105173,0.815516472,0.270409852,-0.135922536,0.493291438,,,,,,,,0.082467824,-0.631159902,-1.893593311,0.917337894,0.335485250,0.100697041,-0.189211383
184,84091,38287,stationary,stationary_left_view,0.417830229,1.669153452,0.341756940,-0.161731675,0.734294236,0.242194623,0.613185704,-0.066493891,-0.569615245,-2.028159380,0.920232713,0.300470799,0.058852691,-0.243773222,,,,,,,,0.080370151,-0.619279981,-1.932065010,0.914995193,0.351768285,0.101747215,-0.169382423
185,84258,38454,stationary,stationary_left_view,0.416524589,1.669018269,0.339054704,-0.162776634,0.732393861,0.241000131,0.615647554,-0.078847602,-0.562087119,-2.010953188,0.820297897,0.284315109,-0.144382060,0.474794835,,,,,,,,0.067195870,-0.602791250,-1.888978720,0.914050281,0.329998910,0.090816922,-0.217635229
186,84439,38635,stationary,stationary_left_view,0.415937424,1.668649912,0.337918162,-0.162755668,0.730798483,0.242049307,0.617135584,-0.088269971,-0.563725948,-2.020539761,0.918520570,0.296833426,0.038366482,-0.258336902,0.023428414,-0.543846548,-2.159636974,0.792343378,0.262245655,-0.184988499,0.518843532,,,,,,,
187,84620,38816,stationary,stationary_left_view,0.416723847,1.669328690,0.337516427,-0.161728203,0.731353581,0.240961164,0.617173910,-0.087474957,-0.566803575,-2.014859438,0.819224179,0.286696464,-0.138428599,0.476984769,,,,,,,,,,,,,,
188,84788,38984,stationary,stationary_left_view,0.417225659,1.671746373,0.338403523,-0.155650824,0.735902071,0.235922486,0.615273535,-0.071992829,-0.611880004,-2.018831491,0.815041959,0.280160785,-0.132076770,0.489665508,0.041472264,-0.609614789,-2.209995985,0.803074718,0.264047503,-0.190395147,0.499098808,,,,,,,
189,84953,39149,stationary,stationary_left_view,0.417260706,1.678217769,0.343531430,-0.137292564,0.754336834,0.212883204,0.605646372,-0.006079260,-0.730325222,-1.977240324,0.805832624,0.262027830,-0.134900823,0.513592303,,,,,,,,,,,,,,
190,85132,39328,stationary,stationary_left_view,0.416532993,1.677996397,0.345521450,-0.135958612,0.753082871,0.213799372,0.607183039,-0.012640657,-0.722547054,-1.953494668,0.927754402,0.296552241,0.053952634,-0.220040068,0.102502048,-0.730389833,-2.130023718,0.904285312,0.316269100,0.146916524,-0.246287361,,,,,,,
191,85313,39509,stationary,stationary_left_view,0.413651586,1.677706003,0.348277688,-0.135979131,0.758635521,0.211843356,0.600919545,0.019711144,-0.732641101,-1.954367161,0.805784822,0.255378753,-0.131148398,0.517969668,0.141184062,-0.735137105,-2.115962267,0.913636208,0.326666832,0.138423204,-0.198485851,0.170903057,-0.819733322,-1.960086226,0.837146163,0.250738800,-0.167788640,0.456249297
192,85494,39690,stationary,stationary_left_view,0.411288202,1.677160025,0.350661695,-0.136325657,0.766219974,0.213033259,0.590710700,0.065071285,-0.734687567,-1.962524652,0.807198465,0.250545293,-0.131091431,0.518143594,0.188703075,-0.735413432,-2.115035534,0.788999975,0.245106220,-0.169335395,0.537333667,0.200655103,-0.773418903,-1.841688275,0.919004738,0.348946899,0.127966493,-0.131494984
193,85661,39857,stationary,stationary_left_view,0.409804404,1.674559832,0.351343393,-0.140780583,0.769592881,0.219640434,0.582808495,0.092702314,-0.701735497,-1.974143982,0.814364672,0.248042569,-0.118171334,0.511195242,0.219999686,-0.703910351,-2.134263515,0.794778168,0.234533146,-0.174068540,0.531998217,0.231737420,-0.750292063,-1.875131249,0.828715742,0.246692836,-0.182108790,0.468197882
194,85841,40037,stationary,stationary_left_view,0.408908427,1.672232866,0.351666033,-0.147720769,0.773739994,0.225969836,0.573099196,0.128228441,-0.667644858,-1.978333354,0.923921645,0.308148265,0.107126504,-0.199843362,,,,,,,,0.252334833,-0.692866445,-1.812147141,0.825422823,0.243903890,-0.152327880,0.485782146
195,85993,40189,stationary,stationary_left_view,0.404789567,1.674647450,0.351437151,-0.137558147,0.779207468,0.218207270,0.571225941,0.137447909,-0.729015827,-1.980635285,0.819013178,0.237137273,-0.105599888,0.511695266,0.272931993,-0.742192268,-2.160397053,0.809393466,0.215965718,-0.177278534,0.516539752,0.275244355,-0.782429457,-1.885469079,0.834603727,0.227989793,-0.152389064,0.477739304
196,86161,40357,stationary,stationary_left_view,0.403244734,1.675545931,0.349955082,-0.133320794,0.777891695,0.218935966,0.573739588,0.114195466,-0.720378220,-1.937014103,0.808769643,0.229008734,-0.109717220,0.530479968,,,,,,,,,,,,,,
197,86341,40537,stationary,stationary_left_view,0.401979744,1.674733758,0.348053396,-0.136417791,0.776245713,0.222777843,0.573762000,0.112291172,-0.713368893,-1.972945213,0.932224035,0.297681093,0.090356283,-0.184878528,0.238841876,-0.706108212,-2.098718643,0.794740021,0.227098867,-0.167017713,0.537512302,0.241917983,-0.753224790,-1.840061307,0.922749996,0.336193591,0.142217368,-0.123614475
198,86523,40719,stationary,stationary_left_view,0.400522351,1.674041390,0.347162485,-0.139403462,0.774431646,0.224337235,0.574887156,0.105823070,-0.693390548,-1.954597950,0.928502262,0.296552628,0.095877506,-0.201860398,,,,,,,,,,,,,,
199,86689,40885,stationary,stationary_left_view,0.399911225,1.674032807,0.346336424,-0.140032455,0.772368193,0.222503141,0.578213334,0.095113233,-0.695825040,-1.958656907,0.813270748,0.241894558,-0.107759945,0.518136621,,,,,,,,0.223032102,-0.727353036,-1.807751536,0.921297491,0.328878403,0.138111934,-0.154838815
200,86870,41066,stationary,stationary_left_view,0.401556790,1.672020912,0.345307648,-0.147223338,0.765141249,0.227070212,0.584228873,0.069913469,-0.661084175,-1.963608623,0.820714355,0.251896352,-0.118062370,0.499036521,,,,,,,,0.211462274,-0.719567955,-1.890080810,0.832099497,0.245350853,-0.155826464,0.472367913
201,87036,41232,stationary,stationary_left_view,0.403464854,1.673190832,0.346314549,-0.146022275,0.760901511,0.226387009,0.590301096,0.048529759,-0.678341985,-1.990099907,0.818955898,0.254743755,-0.124955431,0.498801589,0.172501057,-0.671001017,-2.126248837,0.790899873,0.222842485,-0.161323354,0.546620071,0.191515982,-0.731587768,-1.905221701,0.828122616,0.244521677,-0.162167206,0.477623194
202,87218,41414,stationary,stationary_left_view,0.405554414,1.670649290,0.344595134,-0.153071374,0.750172257,0.235527828,0.598612845,0.000839982,-0.616051674,-1.992088437,0.818283379,0.264088333,-0.127363265,0.494417071,0.106812254,-0.546717703,-1.933459997,0.779660821,0.250471085,-0.189674899,0.541679561,0.145415992,-0.677529752,-1.932743549,0.833663285,0.258788526,-0.147005379,0.465213299
203,87383,41579,stationary,stationary_left_view,0.407540321,1.671580195,0.342858851,-0.151248872,0.747044802,0.233751953,0.603662133,-0.023566324,-0.616987467,-1.966758966,0.810218334,0.257936060,-0.117207244,0.513106048,0.093657181,-0.619252324,-2.154743671,0.798127413,0.256035030,-0.191530287,0.510641694,0.118693501,-0.670085907,-1.882650256,0.917030156,0.348042548,0.121463120,-0.152212873
204,87563,41759,stationary,stationary_left_view,0.409409463,1.670702934,0.338129342,-0.157054871,0.739596307,0.237385899,0.609900832,-0.054416355,-0.591555953,-1.984669805,0.816745579,0.277294189,-0.128715649,0.489353508,0.059129171,-0.587476790,-2.168089628,0.800482154,0.261333913,-0.197030559,0.502107620,0.087056674,-0.631558597,-1.865107536,0.918680370,0.319508553,0.087886646,-0.214980423
205,87745,41941,stationary,stationary_left_view,0.409726739,1.670444250,0.331799209,-0.160636663,0.735352755,0.236717165,0.614342928,-0.074656241,-0.589660347,-2.011491299,0.821114838,0.285335213,-0.135982186,0.475250572,,,,,,,,0.070566326,-0.629970849,-1.894461870,0.915119171,0.349080771,0.098137498,-0.176262915
206,87939,42135,stationary,stationary_left_view,0.408713579,1.670359612,0.325456619,-0.164236516,0.733703971,0.234631106,0.616159976,-0.077673346,-0.581921220,-1.992786527,0.805415690,0.270734042,-0.129301801,0.511165082,0.032573432,-0.565805495,-2.150681973,0.904383659,0.322193116,0.102057502,-0.260511130,0.069312945,-0.638489902,-1.942059636,0.828435600,0.278491586,-0.181581870,0.450738162
207,88105,42301,stationary,stationary_left_view,0.406437576,1.670295119,0.320530713,-0.165791169,0.733714581,0.233375132,0.616207957,-0.081009157,-0.581454039,-1.987879872,0.813266635,0.284521669,-0.131813601,0.490173429,0.027078494,-0.555876136,-2.111981630,0.785915375,0.267391920,-0.170667931,0.530764520,,,,,,,
208,88288,42484,stationary,stationary_left_view,0.403473794,1.670551658,0.318939209,-0.166182905,0.735230386,0.232043624,0.614796996,-0.072470888,-0.589527607,-1.994092226,0.811278582,0.278836846,-0.123722889,0.498768270,,,,,,,,0.077183403,-0.645917833,-1.941466808,0.829100430,0.287064254,-0.172681853,0.447624296
209,88481,42677,stationary,stationary_left_view,0.398707330,1.670525432,0.319481909,-0.167097539,0.735286236,0.231702894,0.614610672,-0.070941448,-0.594314516,-2.009459257,0.818608701,0.281563610,-0.156179383,0.475615174,0.031042106,-0.484983265,-1.811934471,0.766072989,0.233451828,-0.217133179,0.558108985,0.078099221,-0.644723058,-1.933425188,0.827573478,0.278875709,-0.174251065,0.454958349
210,88690,42886,stationary,stationary_left_view,0.393479884,1.670081615,0.322488785,-0.166745707,0.737757444,0.233114526,0.611201584,-0.058344349,-0.587902009,-1.983892679,0.820220947,0.280115604,-0.135131374,0.480117023,,,,,,,,,,,,,,
211,88912,43108,stationary,stationary_left_view,0.388286233,1.669549942,0.326121092,-0.166968882,0.738810122,0.234897703,0.609183192,-0.049386073,-0.584823608,-1.981808543,0.816095412,0.280476063,-0.128361091,0.488717586,,,,,,,,0.098682582,-0.643287539,-1.930111766,0.831873059,0.272525728,-0.149230734,0.459833771
212,89120,43316,stationary,stationary_left_view,0.385640264,1.668890119,0.329930127,-0.166387394,0.739789963,0.236142963,0.607669771,-0.043726653,-0.581080973,-1.970893145,0.816856503,0.276098728,-0.131116688,0.489206880,,,,,,,,0.100862145,-0.631622136,-1.885952830,0.914300978,0.350602031,0.104618259,-0.173744023
213,89328,43524,stationary,stationary_left_view,0.385478675,1.668356180,0.332636595,-0.166898087,0.739060163,0.237402007,0.607927084,-0.043832872,-0.579255521,-1.979235888,0.818756580,0.279602915,-0.131120652,0.484011650,,,,,,,,0.099285647,-0.625435233,-1.880544424,0.918076515,0.340096384,0.089647479,-0.182847887
214,89536,43732,stationary,stationary_left_view,0.386959553,1.667967796,0.335147679,-0.165732473,0.739580989,0.239096954,0.606947541,-0.040581945,-0.572834253,-1.969339609,0.814234495,0.273596346,-0.118203357,0.498191923,0.066460684,-0.512397885,-1.951190472,0.894851804,0.328098536,0.143722117,-0.266337305,0.099743381,-0.616769314,-1.862621665,0.916976988,0.347179025,0.106559895,-0.165120885
215,89757,43953,stationary,stationary_left_view,0.388404608,1.667286038,0.336628556,-0.166771472,0.739343643,0.240562603,0.606372774,-0.039588097,-0.563861370,-1.970889807,0.820519805,0.274602950,-0.127840981,0.484765083,,,,,,,,,,,,,,
216,89966,44162,stationary,stationary_left_view,0.389468551,1.667403936,0.338004053,-0.166295081,0.739707887,0.240739375,0.605989039,-0.036071885,-0.566119611,-1.978205085,0.819009721,0.276569933,-0.121588267,0.487799615,,,,,,,,0.104815423,-0.605319083,-1.853035927,0.910956681,0.352737069,0.128420085,-0.171005130
217,90189,44385,stationary,stationary_left_view,0.387775838,1.667361736,0.339227855,-0.167215586,0.738962471,0.241743103,0.606245518,-0.037082899,-0.553156734,-1.951715112,0.817401528,0.272025764,-0.129934117,0.490890861,,,,,,,,0.102796182,-0.603828371,-1.868010283,0.915749311,0.337829739,0.098455757,-0.193857491
218,90397,44593,stationary,stationary_left_view,0.384495974,1.666289330,0.340293050,-0.168759108,0.737547338,0.244658113,0.606371820,-0.042862181,-0.556799471,-2.004963160,0.921262205,0.304452419,0.055464517,-0.235602304,,,,,,,,,,,,,,
219,90605,44801,stationary,stationary_left_view,0.381238639,1.665427923,0.341303349,-0.169006541,0.735465765,0.247964621,0.607487023,-0.053583354,-0.541248083,-1.985445499,0.828404844,0.277415037,-0.129705772,0.469001889,,,,,,,,0.090992272,-0.595028400,-1.899576545,0.917716503,0.340286374,0.085399486,-0.186302185
220,90828,45024,stationary,stationary_left_view,0.378247976,1.664506793,0.342895150,-0.170233265,0.734671950,0.249811649,0.607348263,-0.054127958,-0.534312904,-1.988522172,0.828113854,0.277000576,-0.143882871,0.465613365,0.058099173,-0.511647344,-2.120826483,0.807454050,0.269785225,-0.197081760,0.486202270,0.094661102,-0.590978861,-1.919182897,0.839900136,0.281242609,-0.192692414,0.422303170
221,91036,45232,stationary,stationary_left_view,0.376288652,1.663725615,0.345255733,-0.170047134,0.734813988,0.251876563,0.606374979,-0.052278288,-0.532655954,-2.001536369,0.832664847,0.272549272,-0.135362938,0.462669492,,,,,,,,0.096156985,-0.588439941,-1.922158718,0.842984736,0.279693723,-0.191565141,0.417673260
222,91245,45441,stationary,stationary_left_view,0.373938918,1.662558079,0.347135544,-0.170642912,0.734595239,0.254218429,0.605494738,-0.051511355,-0.515317738,-1.968802571,0.825895488,0.267993838,-0.121718191,0.480895638,,,,,,,,0.091391556,-0.568500042,-1.876881599,0.915910482,0.340196043,0.115106322,-0.179234952
223,91467,45663,stationary,stationary_left_view,0.370004177,1.661186934,0.347477674,-0.172869742,0.734108448,0.256792665,0.604366124,-0.049474210,-0.510105014,-1.991053581,0.833577037,0.276945859,-0.126184404,0.461007416,,,,,,,,0.098918796,-0.568946421,-1.922838449,0.846447825,0.280182004,-0.183319077,0.414026856
224,91676,45872,stationary,stationary_left_view,0.365612566,1.660477638,0.346951604,-0.175353155,0.733537078,0.256650567,0.604404867,-0.047783174,-0.508422792,-2.000605345,0.835287035,0.279382259,-0.125732347,0.456544131,0.066349380,-0.486985028,-2.146681070,0.814877987,0.267132580,-0.184961602,0.480003417,0.096252918,-0.554058313,-1.877203822,0.912253618,0.355922312,0.120271556,-0.163240463
225,91897,46093,stationary,stationary_left_view,0.362577677,1.660592556,0.345859706,-0.175513253,0.732178569,0.256400913,0.606109083,-0.055346243,-0.507697403,-1.980590343,0.918338954,0.300194561,0.049077552,-0.253235489,,,,,,,,,,,,,,
226,92119,46315,stationary,stationary_left_view,0.359357715,1.660565376,0.345203042,-0.176127106,0.731110036,0.257449895,0.606775880,-0.062412955,-0.505330801,-1.988001227,0.834331453,0.280807763,-0.130691037,0.456023991,0.051000930,-0.486897677,-2.148609877,0.813017428,0.270087212,-0.190420017,0.479370236,0.083428591,-0.555475593,-1.881948948,0.912371993,0.356883585,0.119275175,-0.161198497
227,92328,46524,stationary,stationary_left_view,0.356260300,1.660584211,0.345054746,-0.176045999,0.729913414,0.257048845,0.608407974,-0.069486730,-0.503315628,-1.965500712,0.826798916,0.274068028,-0.114992008,0.477563769,,,,,,,,0.079215154,-0.568332672,-1.926486373,0.840049684,0.274980098,-0.156690821,0.440625072
228,92549,46745,stationary,stationary_left_view,0.354591608,1.660862684,0.344587982,-0.176269278,0.729082763,0.257663846,0.609078705,-0.073471650,-0.494905055,-1.937120080,0.823682249,0.273786843,-0.118097857,0.482328981,,,,,,,,0.074774884,-0.566994071,-1.924341679,0.842228293,0.276743025,-0.155831650,0.435638994
229,92760,46956,stationary,stationary_left_view,0.354686081,1.661432743,0.343263328,-0.176467881,0.730494320,0.255710483,0.608152449,-0.067064002,-0.512845576,-1.980048656,0.832981408,0.282602847,-0.133901179,0.456451714,,,,,,,,0.079219356,-0.564009249,-1.881558657,0.912761986,0.356777638,0.115331329,-0.162092626
230,92981,47177,stationary,stationary_left_view,0.355273545,1.661685705,0.341809034,-0.177152380,0.728430927,0.254209608,0.611050725,-0.075849757,-0.513375700,-1.968999863,0.828183830,0.283786088,-0.127577066,0.466155648,0.034718700,-0.486298412,-2.098407030,0.902545810,0.321020216,0.119885169,-0.260738730,,,,,,,
231,93189,47385,stationary,stationary_left_view,0.355553448,1.662107229,0.341922104,-0.176050559,0.729695499,0.254239023,0.609846950,-0.072533935,-0.517267644,-1.977317095,0.829404116,0.286290973,-0.133670017,0.460715383,0.039637312,-0.499933213,-2.147517681,0.808825672,0.283087581,-0.178655744,0.483471394,0.077488177,-0.576990366,-1.919280648,0.844913840,0.285878718,-0.184736133,0.412633628
232,93410,47606,stationary,stationary_left_view,0.356002450,1.662017226,0.342116594,-0.176597193,0.729842842,0.254479408,0.609412193,-0.070650607,-0.509378016,-1.956864834,0.825892448,0.282664835,-0.120606914,0.472711563,,,,,,,,0.079978183,-0.591834426,-1.979062676,0.849913180,0.287450254,-0.153433338,0.414099216
233,93619,47815,stationary,stationary_left_view,0.357477486,1.662114859,0.342116475,-0.176456884,0.729668915,0.254524320,0.609642208,-0.070719846,-0.514393210,-1.979843974,0.826929748,0.287029326,-0.140292600,0.462730289,0.039544873,-0.494541943,-2.137989759,0.888096452,0.313533396,0.151748538,-0.299923211,0.077842869,-0.570786238,-1.912073374,0.843036234,0.287626773,-0.185113356,0.415082872
234,93841,48037,stationary,stationary_left_view,0.360064507,1.662175417,0.342498899,-0.176229179,0.729660988,0.254580736,0.609694004,-0.071992636,-0.513366699,-1.982158542,0.832061768,0.281753272,-0.137272641,0.457651109,0.040802918,-0.498565555,-2.163686991,0.810574532,0.284704655,-0.177181646,0.480123907,0.074123025,-0.564134479,-1.886539698,0.912581861,0.345852137,0.103352688,-0.192090809
235,94064,48260,stationary,stationary_left_view,0.363505721,1.662614822,0.343330503,-0.175298229,0.729658663,0.253913164,0.610243380,-0.071729273,-0.514685929,-1.974379063,0.828239620,0.282626301,-0.126967743,0.466926873,0.038500771,-0.494658053,-2.127973795,0.810156286,0.274683118,-0.195246801,0.479660958,,,,,,,
236,94272,48468,stationary,stationary_left_view,0.366230965,1.663055897,0.344479382,-0.174472496,0.729390502,0.254356027,0.610616028,-0.073599860,-0.509598553,-1.960037112,0.823291957,0.283789128,-0.139983222,0.471231133,0.034672849,-0.469541341,-2.027820110,0.792846739,0.282934010,-0.178331256,0.509451091,0.075798385,-0.594793320,-1.978098750,0.922781348,0.345343888,0.063916080,-0.158514947
237,94495,48691,stationary,stationary_left_view,0.369111776,1.663698673,0.345522344,-0.172418088,0.730092227,0.254220724,0.610417247,-0.073183671,-0.519885063,-1.983563781,0.827927053,0.283722818,-0.130679175,0.465790838,,,,,,,,,,,,,,
238,94702,48898,stationary,stationary_left_view,0.372586608,1.664282560,0.346630633,-0.171309039,0.730894089,0.253338903,0.610136449,-0.069397390,-0.528414905,-2.003829002,0.832805634,0.285748839,-0.140075177,0.452947408,0.032481089,-0.432107389,-1.833076358,0.785465539,0.241349742,-0.238508597,0.517598271,,,,,,,
239,94926,49122,stationary,stationary_left_view,0.375300050,1.664643764,0.347940147,-0.170316234,0.731704354,0.252651572,0.609728098,-0.066677697,-0.530873060,-1.997853518,0.831729949,0.278460741,-0.125051737,0.463731587,0.046934001,-0.515556037,-2.164145947,0.809493184,0.268352211,-0.192312121,0.485514134,,,,,,,
240,95149,49345,stationary,stationary_left_view,0.376742065,1.664754629,0.348837137,-0.169413537,0.731878459,0.252749950,0.609729826,-0.066739894,-0.530206084,-1.993893385,0.830333710,0.278332323,-0.142344251,0.461318970,,,,,,,,0.077198036,-0.577294290,-1.884295225,0.916691363,0.336356163,0.091988333,-0.195139974
241,95370,49566,stationary,stationary_left_view,0.375265121,1.664379716,0.349451602,-0.170409545,0.731837511,0.253375530,0.609241545,-0.063121766,-0.522500277,-1.974108696,0.916370988,0.292269975,0.051210109,-0.268737823,0.048286185,-0.502550960,-2.123904467,0.806946456,0.274724245,-0.193462804,0.485732555,,,,,,,
242,95577,49773,stationary,stationary_left_view,0.372278869,1.663750887,0.349731684,-0.172135919,0.731924355,0.253915340,0.608426630,-0.059477132,-0.518778563,-1.978970051,0.827369630,0.281599104,-0.130260170,0.468181342,0.052027240,-0.496510506,-2.118922949,0.809330404,0.270836920,-0.194463149,0.483544976,,,,,,,
243,95800,49996,stationary,stationary_left_view,0.370406747,1.663368702,0.349400520,-0.172900796,0.731755495,0.254210621,0.608289599,-0.058782145,-0.518981934,-1.988338351,0.830601811,0.279927433,-0.130174965,0.463460684,,,,,,,,0.089071609,-0.579895616,-1.934588194,0.839993477,0.273314089,-0.151787445,0.443476081
244,96023,50219,stationary,stationary_left_view,0.369873464,1.663053513,0.348992944,-0.173553839,0.731511176,0.253248870,0.608798444,-0.060272455,-0.515506148,-1.968831539,0.822570026,0.275177449,-0.114077359,0.484398842,0.052650101,-0.496695220,-2.121671915,0.809952438,0.271138936,-0.192623988,0.483070135,0.090138242,-0.577357948,-1.918816328,0.841886163,0.283997804,-0.191320166,0.417096555
245,96230,50426,stationary,stationary_left_view,0.369585097,1.662825346,0.349815488,-0.173302755,0.731251061,0.253682613,0.609001815,-0.061564721,-0.520335853,-1.992774248,0.833994687,0.274329454,-0.131214321,0.460411787,,,,,,,,,,,,,,
246,96439,50635,stationary,stationary_left_view,0.368986011,1.663012266,0.350376785,-0.172555611,0.731273413,0.254666775,0.608776331,-0.062822506,-0.519637883,-1.988594174,0.831120908,0.281428427,-0.136594102,0.459758848,,,,,,,,0.083728805,-0.571996808,-1.892825484,0.913002193,0.356751382,0.117417112,-0.159275576
247,96661,50857,stationary,stationary_left_view,0.369183421,1.663233876,0.350158036,-0.172336146,0.732010305,0.254119217,0.608181417,-0.059472293,-0.514039159,-1.960798144,0.820751846,0.271875948,-0.112386681,0.489713371,,,,,,,,,,,,,,
248,96869,51065,stationary,stationary_left_view,0.369295120,1.663341761,0.350253403,-0.172390193,0.732191801,0.253909647,0.608035147,-0.056425452,-0.518034756,-1.973024726,0.823708117,0.284005553,-0.140754431,0.470142514,0.054679036,-0.492755294,-2.099610567,0.804499507,0.276980281,-0.182618663,0.492659032,0.092115648,-0.582631588,-1.927111030,0.833838224,0.266723067,-0.144805983,0.461089820
249,97092,51288,stationary,stationary_left_view,0.368715167,1.662939310,0.351049721,-0.172799468,0.731766045,0.255135864,0.607918203,-0.058341131,-0.512831330,-1.970271468,0.824855149,0.277087778,-0.124661244,0.476755619,0.053143628,-0.494632304,-2.129331589,0.807221293,0.278299689,-0.186237022,0.486064702,0.087608099,-0.572844267,-1.901928902,0.912947416,0.350526452,0.103963658,-0.181245089
250,97329,51525,stationary,stationary_left_view,0.368383467,1.662553787,0.351714611,-0.172230348,0.732726693,0.256389529,0.606393218,-0.054016709,-0.514474750,-1.988806725,0.833326995,0.278870374,-0.131660461,0.458762437,,,,,,,,0.094164431,-0.573895693,-1.924200892,0.846290588,0.279011130,-0.173086956,0.419506818
251,97551,51747,stationary,stationary_left_view,0.368321180,1.662310719,0.351592958,-0.172907785,0.733061671,0.256870508,0.605591536,-0.050900321,-0.510955095,-1.989642739,0.833787620,0.279341191,-0.129513726,0.458249778,0.063557073,-0.487307131,-2.119398117,0.810952783,0.256190002,-0.173627123,0.496564150,,,,,,,
252,97759,51955,stationary,stationary_left_view,0.369098425,1.661577344,0.351425648,-0.174587920,0.732387602,0.257824779,0.605519533,-0.049897138,-0.500570834,-1.975357294,0.825576127,0.275780469,-0.123829693,0.476482391,,,,,,,,0.100306928,-0.584449589,-1.995846987,0.853444040,0.269278049,-0.156602710,0.417849541
253,97981,52177,stationary,stationary_left_view,0.369165480,1.661620855,0.351478219,-0.174534336,0.731837153,0.257788002,0.606215656,-0.054441262,-0.500118494,-1.977178574,0.828953564,0.279649526,-0.126738921,0.467514127,,,,,,,,0.093332618,-0.561480880,-1.922580481,0.841022551,0.275294065,-0.180910617,0.429145187
254,98202,52398,stationary,stationary_left_view,0.369155765,1.661802173,0.352103770,-0.173668489,0.731975019,0.258777380,0.605876327,-0.054461882,-0.501878500,-1.989403129,0.833106518,0.279278994,-0.139229804,0.456674755,,,,,,,,,,,,,,
255,98425,52621,stationary,stationary_left_view,0.370016694,1.662264109,0.352457285,-0.173263893,0.732592046,0.258043677,0.605559230,-0.052299552,-0.504246175,-1.984731793,0.833283126,0.275391251,-0.116697729,0.464952201,0.056102082,-0.442017585,-1.943342924,0.797274470,0.258641660,-0.205979720,0.505005240,0.090801708,-0.551827967,-1.873253345,0.910751820,0.343542397,0.115441598,-0.197947010
256,98648,52844,stationary,stationary_left_view,0.370991290,1.663167477,0.352550268,-0.172396436,0.733087718,0.256414682,0.605898857,-0.049732540,-0.509636760,-1.974817038,0.825589895,0.275216430,-0.124752834,0.476543844,,,,,,,,0.098708883,-0.591683269,-1.977303863,0.921760857,0.338523895,0.092400275,-0.164986879
257,98857,53053,stationary,stationary_left_view,0.370837092,1.663337469,0.352835715,-0.172710627,0.732545793,0.256277353,0.606522560,-0.052643277,-0.504135787,-1.957329988,0.825703323,0.275829017,-0.127106264,0.475369781,,,,,,,,0.096323282,-0.573415816,-1.927525759,0.835591316,0.265440106,-0.145820215,0.458328694
258,99077,53273,stationary,stationary_left_view,0.369700909,1.663064241,0.353204191,-0.173365101,0.732337475,0.256919414,0.606315792,-0.052708797,-0.502144337,-1.962997913,0.828434408,0.276082158,-0.124446787,0.471156090,0.061377421,-0.478414893,-2.092482090,0.796565592,0.258958340,-0.153024629,0.524411440,0.096066982,-0.571516216,-1.937090635,0.841053724,0.276117563,-0.164593309,0.435082436
259,99299,53495,stationary,stationary_left_view,0.368172586,1.662327886,0.353091598,-0.174281374,0.732173145,0.257400244,0.606047571,-0.050779253,-0.507736564,-1.997581840,0.834667087,0.281388998,-0.133023694,0.454374105,0.063187554,-0.481873512,-2.125811100,0.905244529,0.312803298,0.121044859,-0.260834485,,,,,,,
260,99509,53705,stationary,stationary_left_view,0.366831362,1.661963701,0.353440821,-0.174241543,0.731969237,0.257986993,0.606055796,-0.052863527,-0.506010294,-1.993467808,0.834403694,0.276782602,-0.119883336,0.461291522,0.063091487,-0.486231863,-2.148056030,0.905511260,0.310184777,0.118729085,-0.264079958,0.085717939,-0.525248408,-1.796817780,0.834315896,0.264230132,-0.207707420,0.436986387
261,99744,53940,stationary,stationary_left_view,0.365973234,1.661724329,0.354070544,-0.173724577,0.732303679,0.258161366,0.605725884,-0.051245596,-0.506423891,-1.990968347,0.834551394,0.280269593,-0.128363714,0.456613302,,,,,,,,0.090282768,-0.549154162,-1.858889222,0.914718390,0.342437744,0.112057783,-0.182947442
262,99952,54148,stationary,stationary_left_view,0.365681529,1.661827922,0.354388773,-0.173240468,0.732693970,0.258651912,0.605183005,-0.050050907,-0.504115105,-1.982832909,0.823342204,0.270818383,-0.142975554,0.477831572,,,,,,,,0.097090572,-0.567238927,-1.925651908,0.843062043,0.270332009,-0.154384911,0.438557148
263,100175,54371,stationary,stationary_left_view,0.365462124,1.661972761,0.354517460,-0.173186213,0.733069360,0.258399844,0.604851604,-0.047400285,-0.502530515,-1.967597127,0.825826943,0.280345857,-0.138733327,0.469221860,0.059461743,-0.440698445,-1.930379033,0.891532063,0.317677855,0.161711350,-0.279465228,,,,,,,
264,100385,54581,stationary,stationary_left_view,0.365682960,1.661986113,0.354346395,-0.173248306,0.733378410,0.258492082,0.604419589,-0.046888102,-0.500514388,-1.968430161,0.823175907,0.263827175,-0.126058981,0.486709118,0.066863738,-0.481999993,-2.119670153,0.811703920,0.271633267,-0.177713796,0.485561430,0.097791299,-0.568425238,-1.919260621,0.918882906,0.335435987,0.122122660,-0.167996913
265,100605,54801,stationary,stationary_left_view,0.365737796,1.662038326,0.354298353,-0.172772616,0.734144032,0.258521855,0.603613019,-0.044192471,-0.502223611,-1.965167642,0.915760756,0.288286597,0.057601094,-0.273779422,0.071313553,-0.495110750,-2.173275948,0.813055217,0.276843220,-0.173471898,0.481878132,,,,,,,
266,100827,55023,stationary,stationary_left_view,0.365328014,1.661507368,0.353558183,-0.174020454,0.733989656,0.259291530,0.603112042,-0.040864162,-0.498672634,-1.971189260,0.824936986,0.267554224,-0.127645969,0.481248647,,,,,,,,,,,,,,
267,101035,55231,stationary,stationary_left_view,0.364097416,1.661004066,0.352884173,-0.175227359,0.733827353,0.260152072,0.602589190,-0.041266523,-0.498387456,-1.994969010,0.835601389,0.280054033,-0.132713631,0.453571558,,,,,,,,,,,,,,
268,101260,55456,stationary,stationary_left_view,0.363715649,1.660936713,0.352760494,-0.174235553,0.734378278,0.260382265,0.602105975,-0.040932871,-0.495097309,-1.978353143,0.833211720,0.273855031,-0.131110862,0.462138116,0.073032089,-0.475831062,-2.134971142,0.812910855,0.272575736,-0.176029816,0.483623773,0.103788286,-0.556151211,-1.905592918,0.915821433,0.340676934,0.095192529,-0.190128133
269,101481,55677,stationary,stationary_left_view,0.363230944,1.661210299,0.352302253,-0.173518389,0.735169709,0.260480136,0.601304471,-0.039474092,-0.502518356,-1.994072556,0.837046862,0.277248859,-0.125620976,0.454648226,,,,,,,,0.108480781,-0.561570883,-1.919228315,0.837835610,0.260450721,-0.150665298,0.455518275
270,101703,55899,stationary,stationary_left_view,0.362054050,1.661365271,0.351051807,-0.173783913,0.735071242,0.260349452,0.601404727,-0.040555112,-0.500005603,-1.986118913,0.835709572,0.276695490,-0.129340753,0.456399024,,,,,,,,,,,,,,
271,101925,56121,stationary,stationary_left_view,0.360923409,1.661012530,0.349552214,-0.175021842,0.734778225,0.260780185,0.601217091,-0.040622927,-0.496785581,-1.987619400,0.833987176,0.276997179,-0.134037092,0.458008796,,,,,,,,,,,,,,
272,102133,56329,stationary,stationary_left_view,0.360869646,1.661383867,0.348206282,-0.174907103,0.735447407,0.259166300,0.601130068,-0.038159639,-0.496774971,-1.965737820,0.830739975,0.277327925,-0.139685035,0.462004811,,,,,,,,0.108768001,-0.564019144,-1.927238107,0.840899050,0.271137029,-0.157840878,0.440975904
273,102356,56552,stationary,stationary_left_view,0.361759305,1.662204981,0.347571731,-0.173641697,0.736013353,0.257840663,0.601374388,-0.039606314,-0.508157313,-1.982319713,0.834839284,0.274365604,-0.130079195,0.459180027,0.069257960,-0.448124468,-1.950426698,0.798577189,0.257933170,-0.199709743,0.505827069,,,,,,,
274,102563,56759,stationary,stationary_left_view,0.362780452,1.662564754,0.347130716,-0.173719689,0.735414028,0.257263213,0.602331638,-0.041888736,-0.504063487,-1.957708597,0.826934099,0.273782462,-0.136242703,0.471869797,,,,,,,,,,,,,,
275,102788,56984,stationary,stationary_left_view,0.363753557,1.663193226,0.347102046,-0.172698021,0.735642910,0.257399172,0.602287829,-0.043007456,-0.517054260,-1.998130679,0.920474470,0.301615775,0.062338207,-0.240559101,0.072721593,-0.495787501,-2.140193701,0.809789717,0.248774543,-0.161500856,0.506230474,0.100681990,-0.564672649,-1.883028984,0.912343740,0.355684668,0.123253204,-0.161015511
276,103007,57203,stationary,stationary_left_view,0.366068006,1.663773775,0.346825659,-0.172170252,0.736169577,0.257146567,0.601903200,-0.040969998,-0.514649451,-1.989436030,0.834185541,0.277075052,-0.126501575,0.459740460,,,,,,,,,,,,,,
277,103230,57426,stationary,stationary_left_view,0.368954360,1.664314389,0.346720278,-0.170907706,0.736512959,0.256463200,0.602134466,-0.041605022,-0.509166539,-1.956800580,0.825251400,0.269696027,-0.134632275,0.477596462,0.072788320,-0.495770633,-2.119398355,0.806370080,0.250214994,-0.165136859,0.509793818,0.105755746,-0.579078972,-1.926016808,0.847180784,0.278442591,-0.173438638,0.417939544
278,103438,57634,stationary,stationary_left_view,0.370586812,1.664274216,0.346348166,-0.170960531,0.736352861,0.256885260,0.602135301,-0.043197852,-0.515857816,-1.993338823,0.834075987,0.276594937,-0.123506561,0.461040825,,,,,,,,,,,,,,
279,103647,57843,stationary,stationary_left_view,0.372630358,1.664292336,0.345456362,-0.170832694,0.736308098,0.256863505,0.602235615,-0.044458151,-0.513858259,-1.988148093,0.833910167,0.275329024,-0.127091706,0.461124092,,,,,,,,,,,,,,
280,103856,58052,stationary,stationary_left_view,0.375165105,1.664277077,0.344768167,-0.169878572,0.736834824,0.256559014,0.601991057,-0.043155700,-0.516729891,-1.997632623,0.834603667,0.275916159,-0.119530894,0.461540252,,,,,,,,0.101283282,-0.569500685,-1.895768881,0.911009908,0.355412632,0.138409391,-0.156798363
281,104092,58288,stationary,stationary_left_view,0.376931608,1.664096951,0.343601644,-0.169970229,0.736868143,0.256606013,0.601904333,-0.043425363,-0.516001105,-1.994941473,0.920349777,0.301251858,0.067839250,-0.240003005,,,,,,,,0.099023908,-0.566663146,-1.893216252,0.915603876,0.337949097,0.101981968,-0.192508742
282,104299,58495,stationary,stationary_left_view,0.377400517,1.663523197,0.342629433,-0.170443565,0.737486839,0.257987529,0.600420415,-0.040306889,-0.506582499,-1.992144585,0.834000051,0.274625033,-0.136637539,0.458644986,0.075676985,-0.492644876,-2.166622639,0.812851489,0.270284444,-0.181492612,0.482989877,,,,,,,
283,104522,58718,stationary,stationary_left_view,0.377378047,1.663286448,0.341476679,-0.170958728,0.738143861,0.258063793,0.599432945,-0.036594320,-0.505217254,-1.993906856,0.831326306,0.272730559,-0.127384812,0.467212737,,,,,,,,0.109582797,-0.570708454,-1.946829677,0.845926046,0.261229306,-0.143490061,0.442243129
284,104731,58927,stationary,stationary_left_view,0.377827108,1.663250089,0.340213716,-0.170689404,0.738058209,0.257646471,0.599794567,-0.039586890,-0.505474210,-1.990264058,0.834756792,0.272577405,-0.130712032,0.460214108,0.069404222,-0.443858176,-1.949114323,0.891310155,0.316030025,0.173761800,-0.274769187,,,,,,,
285,104953,59149,stationary,stationary_left_view,0.378335536,1.663418889,0.338793874,-0.170525789,0.737895250,0.256974399,0.600329697,-0.041983332,-0.504793882,-1.975398660,0.827136695,0.267063051,-0.110423349,0.482005090,0.073017433,-0.490798056,-2.143201590,0.813255310,0.260636896,-0.178702489,0.488620132,,,,,,,
286,105174,59370,stationary,stationary_left_view,0.377910614,1.663156986,0.338022053,-0.171178654,0.737689316,0.257801086,0.600042522,-0.040998749,-0.501675963,-1.984078765,0.831657350,0.269370615,-0.130292550,0.467770696,0.071621805,-0.480412394,-2.121632576,0.801241994,0.238827646,-0.154428273,0.526426196,,,,,,,
287,105397,59593,stationary,stationary_left_view,0.378492117,1.663052917,0.338236868,-0.171036437,0.737691402,0.257981479,0.600002944,-0.041653186,-0.502827108,-1.991965652,0.831430733,0.272318751,-0.128850445,0.466865093,,,,,,,,,,,,,,
288,105618,59814,stationary,stationary_left_view,0.378706515,1.662869573,0.339180827,-0.170945540,0.738131881,0.258513540,0.599257648,-0.039367780,-0.505351782,-2.007072449,0.836365461,0.274838746,-0.122543864,0.458191603,,,,,,,,,,,,,,
289,105841,60037,stationary,stationary_left_view,0.378333986,1.663006902,0.339616835,-0.170852125,0.737916708,0.258081853,0.599735260,-0.039880004,-0.501594663,-1.985478878,0.831685126,0.271995962,-0.132680401,0.465525478,,,,,,,,0.102385595,-0.564394534,-1.920246601,0.918497145,0.333584368,0.121387810,-0.174211144
290,106064,60260,stationary,stationary_left_view,0.377812028,1.662885427,0.340264797,-0.171283096,0.737652898,0.258273959,0.599854052,-0.037510607,-0.515546381,-2.043406725,0.834410965,0.255632609,-0.113988169,0.474781126,0.076434433,-0.485945404,-2.164269447,0.904415309,0.324861467,0.128223553,-0.245064706,0.109725937,-0.583936334,-1.997183800,0.858020425,0.262515008,-0.166830942,0.408722788
291,106273,60469,stationary,stationary_left_view,0.377841055,1.662876725,0.341699481,-0.171049505,0.737908363,0.258535355,0.599493802,-0.037802227,-0.502048612,-1.992023349,0.832913518,0.271258861,-0.125902131,0.465641886,,,,,,,,0.098841190,-0.532537222,-1.825910807,0.832700670,0.255674541,-0.188519552,0.453542173
292,106494,60690,stationary,stationary_left_view,0.378340304,1.662791133,0.343608916,-0.170428455,0.737624407,0.259829670,0.599460542,-0.038799461,-0.502397060,-2.002388239,0.834271550,0.270460159,-0.125793919,0.463700533,,,,,,,,0.103453010,-0.554979682,-1.898454547,0.914914608,0.337053180,0.107818410,-0.194169059
293,106716,60912,stationary,stationary_left_view,0.379556775,1.662853241,0.345571041,-0.169850707,0.737712920,0.259936988,0.599469066,-0.037479401,-0.505715549,-2.007885933,0.920254111,0.298302859,0.062295452,-0.245493531,,,,,,,,0.106071129,-0.557756662,-1.897993565,0.916108370,0.331461281,0.108517699,-0.197744310
294,106940,61136,stationary,stationary_left_view,0.380219281,1.662954092,0.346961319,-0.169581011,0.737112164,0.259975046,0.600267351,-0.040260263,-0.501274705,-1.993204951,0.835479558,0.272885531,-0.127371490,0.459656328,0.074283302,-0.473525584,-2.107705116,0.809725344,0.265445113,-0.185270295,0.489447325,0.108520925,-0.567086399,-1.944296718,0.834098935,0.249233708,-0.137503400,0.472498000
295,107147,61343,stationary,stationary_left_view,0.380400717,1.662802219,0.348032832,-0.170159355,0.736308157,0.260497719,0.600863576,-0.042015970,-0.500815392,-2.005000591,0.918476820,0.297541350,0.063517660,-0.252655864,,,,,,,,0.097349077,-0.533498704,-1.837772250,0.827677906,0.265427023,-0.172633573,0.463352442
296,107384,61580,stationary,stationary_left_view,0.381126285,1.663032293,0.349089980,-0.168825001,0.736871541,0.260781646,0.600426078,-0.040859420,-0.498532474,-1.987038255,0.832522810,0.269544661,-0.129110500,0.466456831,,,,,,,,,,,,,,
297,107592,61788,stationary,stationary_left_view,0.381299376,1.663268328,0.349214077,-0.168664977,0.736629128,0.260990351,0.600677729,-0.041404124,-0.499645650,-1.993019462,0.832620919,0.268560708,-0.130581543,0.466439784,0.071668372,-0.478211939,-2.132369518,0.812298656,0.262986094,-0.184560865,0.486771584,,,,,,,
298,107813,62009,stationary,stationary_left_view,0.381039023,1.663095951,0.348850965,-0.169449046,0.736248732,0.261244923,0.600812733,-0.042901538,-0.497437596,-1.995066643,0.920141816,0.296118915,0.069176070,-0.246713087,,,,,,,,0.100949973,-0.553630829,-1.904030204,0.910607040,0.354393721,0.137361407,-0.162270680
299,108036,62232,stationary,stationary_left_view,0.380697608,1.662733197,0.349049270,-0.169847727,0.736060560,0.261867881,0.600659549,-0.042936444,-0.495191276,-2.002312899,0.834468007,0.274299860,-0.124830522,0.461345941,0.072728097,-0.475645155,-2.143160105,0.810525835,0.245965689,-0.169520542,0.503797174,,,,,,,
300,108258,62454,stationary,stationary_left_view,0.381111801,1.662763357,0.349468350,-0.169419587,0.736208320,0.262094349,0.600500584,-0.042646147,-0.494051129,-1.993676186,0.832398891,0.269472569,-0.126696095,0.467380702,0.072094202,-0.473410279,-2.129998446,0.810421467,0.246987626,-0.165737614,0.504722953,0.102356553,-0.556583226,-1.932680845,0.844488084,0.266825587,-0.153805465,0.438164294
301,108480,62676,stationary,stationary_left_view,0.381080270,1.663016677,0.349759638,-0.169059515,0.736630619,0.261839420,0.600195348,-0.040934999,-0.496706724,-1.996439576,0.832650244,0.271282524,-0.127660543,0.465620160,0.066903777,-0.424334437,-1.904177904,0.888212681,0.313882291,0.166040763,-0.291524678,0.107247099,-0.564219773,-1.950236440,0.852954209,0.271975011,-0.186732531,0.404511631
302,108690,62886,stationary,stationary_left_view,0.381007612,1.662905335,0.349628210,-0.169678479,0.736298263,0.261527121,0.600564480,-0.041278757,-0.495539755,-1.993840694,0.832359552,0.272560567,-0.127810389,0.465352386,,,,,,,,0.104147986,-0.560796916,-1.944508076,0.846080601,0.265114963,-0.149112388,0.437752455
303,108910,63106,stationary,stationary_left_view,0.381319284,1.663014174,0.350072205,-0.169120833,0.736238241,0.261734843,0.600704908,-0.043053363,-0.497715592,-1.995617986,0.919850886,0.297170430,0.067314796,-0.247048125,,,,,,,,0.101254493,-0.555228412,-1.909524202,0.910321832,0.354487270,0.139662281,-0.161701456
304,109119,63315,stationary,stationary_left_view,0.382228434,1.663198948,0.350500703,-0.167958915,0.736706913,0.261225969,0.600677729,-0.041450381,-0.501897514,-2.001225948,0.835160732,0.264558911,-0.138333306,0.461929679,,,,,,,,0.101097152,-0.557889879,-1.903247714,0.911820829,0.352856249,0.134105146,-0.161527172
305,109342,63538,stationary,stationary_left_view,0.383009136,1.663196087,0.350768626,-0.168131724,0.736700237,0.261444837,0.600542247,-0.040888049,-0.499567688,-1.994912624,0.916709542,0.290765047,0.065732352,-0.266042471,0.071923688,-0.479251921,-2.141784906,0.810046554,0.246992856,-0.168136418,0.504528761,0.105680421,-0.564844906,-1.944578409,0.844476640,0.269772530,-0.162106171,0.433363080
306,109550,63746,stationary,stationary_left_view,0.383384168,1.663223743,0.351274312,-0.168165416,0.736383319,0.261183947,0.601034999,-0.042279188,-0.498972297,-1.995534301,0.831369221,0.268574476,-0.128487125,0.469237745,,,,,,,,0.102266923,-0.560338736,-1.930387735,0.843973458,0.265912175,-0.155913591,0.438965231
307,109771,63967,stationary,stationary_left_view,0.383948386,1.663091898,0.352651656,-0.167196468,0.736668527,0.262009114,0.600596488,-0.042241849,-0.499085665,-1.996429920,0.831954002,0.268474460,-0.129955575,0.467852116,0.066845760,-0.438600004,-1.953978181,0.891004622,0.307094455,0.156150356,-0.295670092,,,,,,,
308,109981,64177,stationary,stationary_left_view,0.384260058,1.663210154,0.354021788,-0.166788474,0.736690879,0.262250990,0.600576878,-0.040617667,-0.499333590,-1.992522001,0.916950881,0.288150370,0.066726290,-0.267802298,0.072528280,-0.481237113,-2.150456667,0.808303177,0.249422029,-0.163015082,0.507799923,,,,,,,
309,110190,64386,stationary,stationary_left_view,0.384805739,1.663377643,0.355064571,-0.166994929,0.736717403,0.261805445,0.600681365,-0.039523672,-0.501002848,-1.998870730,0.834335387,0.268188417,-0.137167543,0.461675853,,,,,,,,0.091372311,-0.499771684,-1.717899203,0.806997240,0.264609218,-0.170742661,0.499584198
310,110411,64607,stationary,stationary_left_view,0.386115074,1.663371801,0.356364250,-0.167012185,0.736811638,0.261360556,0.600754738,-0.037261788,-0.505017042,-2.005566835,0.920708299,0.296525031,0.063099258,-0.245738953,,,,,,,,0.107395574,-0.559607685,-1.904473543,0.912716687,0.340005279,0.123987935,-0.189662084
311,110619,64815,stationary,stationary_left_view,0.387268543,1.663452029,0.358306646,-0.166389078,0.736764312,0.261280239,0.601020575,-0.037010200,-0.504969537,-2.003411531,0.919839501,0.296732426,0.066124611,-0.247936904,,,,,,,,0.099750549,-0.537718117,-1.839863777,0.830782175,0.266219586,-0.171327144,0.457793802
312,110828,65024,stationary,stationary_left_view,0.387716830,1.663191080,0.359618127,-0.167190850,0.735902190,0.261550754,0.601736188,-0.038172763,-0.499734759,-1.999447823,0.831105471,0.268932849,-0.124868050,0.470475107,,,,,,,,,,,,,,
313,111050,65246,stationary,stationary_left_view,0.388040841,1.663297653,0.360578120,-0.167588860,0.735179961,0.260395467,0.603008032,-0.040496536,-0.502506435,-1.998242736,0.835161269,0.273998082,-0.126815051,0.459726691,,,,,,,,,,,,,,
314,111272,65468,stationary,stationary_left_view,0.387658775,1.663267493,0.362434506,-0.167833865,0.735202253,0.260121614,0.603030860,-0.038285933,-0.500191152,-1.987978697,0.830513060,0.268201262,-0.120830774,0.472986341,,,,,,,,0.106026903,-0.556565881,-1.895038962,0.911195993,0.349846691,0.137354851,-0.168709248
315,111494,65690,stationary,stationary_left_view,0.386378944,1.662778735,0.364122868,-0.169563442,0.734370708,0.260909826,0.603219748,-0.036334179,-0.495551050,-1.992275953,0.831727862,0.272760719,-0.126189187,0.466804743,,,,,,,,,,,,,,
316,111703,65899,stationary,stationary_left_view,0.385397315,1.662105799,0.366109848,-0.171056628,0.733276010,0.262019455,0.603648722,-0.036387142,-0.491317421,-2.002579927,0.832747579,0.276026130,-0.132507339,0.461283863,,,,,,,,,,,,,,
317,111925,66121,stationary,stationary_left_view,0.385400414,1.661700964,0.367741406,-0.171445668,0.731820405,0.262842506,0.604945481,-0.041477870,-0.486357838,-2.000442982,0.831339359,0.274197042,-0.133371621,0.464653492,0.072603732,-0.467886418,-2.158823490,0.806477606,0.257723272,-0.149660170,0.510660827,0.102552503,-0.538571954,-1.896937132,0.833093286,0.278831095,-0.148367479,0.454088032
318,112147,66343,stationary,stationary_left_view,0.385816336,1.661567330,0.368743420,-0.171174049,0.731136143,0.263848066,0.605411947,-0.046125535,-0.484242648,-2.002612114,0.833477914,0.275986522,-0.133390203,0.459731460,,,,,,,,,,,,,,
319,112355,66551,stationary,stationary_left_view,0.385863900,1.661800027,0.368133485,-0.170886040,0.731123745,0.263911068,0.605480850,-0.047351796,-0.479719996,-1.985494375,0.832673430,0.275133610,-0.146050483,0.457849026,,,,,,,,,,,,,,
320,112578,66774,stationary,stationary_left_view,0.385885298,1.661988258,0.366966307,-0.170994118,0.730666101,0.263608843,0.606134057,-0.050770402,-0.487048864,-2.009177685,0.837239027,0.280016810,-0.135050684,0.449869633,,,,,,,,,,,,,,
321,112800,66996,stationary,stationary_left_view,0.384648204,1.661983609,0.366101146,-0.172001138,0.730929077,0.264139116,0.605300605,-0.048311763,-0.481508255,-2.005669832,0.836321831,0.275807202,-0.125177383,0.456975758,0.060481116,-0.419147909,-1.959343791,0.889539361,0.315465242,0.172634527,-0.281777829,0.096538246,-0.535859525,-1.903859496,0.908749580,0.355021387,0.141932309,-0.167300209
322,113023,67219,stationary,stationary_left_view,0.383394897,1.661744833,0.366504192,-0.172746614,0.730454206,0.264453828,0.605524123,-0.047575012,-0.490994304,-2.054824829,0.840365410,0.276459575,-0.120999724,0.450239003,,,,,,,,,,,,,,
323,113244,67440,stationary,stationary_left_view,0.381755114,1.661114693,0.367926717,-0.173409879,0.730377138,0.265648067,0.604904473,-0.045560598,-0.471012920,-1.988298535,0.912762761,0.289444089,0.064931385,-0.280838490,0.065045565,-0.450128764,-2.144487143,0.809518039,0.256117612,-0.178985581,0.497039706,,,,,,,
324,113453,67649,stationary,stationary_left_view,0.380639076,1.660361528,0.369237900,-0.174278125,0.729708612,0.266445667,0.605110824,-0.047374118,-0.465182126,-1.982777476,0.833301365,0.278219998,-0.143178433,0.455743819,,,,,,,,,,,,,,
325,113674,67870,stationary,stationary_left_view,0.380093813,1.660183311,0.369955242,-0.173959941,0.729880512,0.267097354,0.604707718,-0.045402329,-0.465445220,-1.988262892,0.833632946,0.273518771,-0.134512261,0.460597515,0.067585938,-0.440384239,-2.119941711,0.803622782,0.262079507,-0.156598911,0.510863602,0.095510229,-0.517898917,-1.884851933,0.912528396,0.336783648,0.123582810,-0.196458727
326,113897,68093,stationary,stationary_left_view,0.380416393,1.660316467,0.369911015,-0.173544705,0.730137646,0.266601682,0.604735374,-0.045665666,-0.472156644,-2.003520727,0.838227034,0.280270040,-0.135351196,0.447776943,,,,,,,,,,,,,,
327,114119,68315,stationary,stationary_left_view,0.380532622,1.660504222,0.370096922,-0.172987461,0.730496824,0.266819745,0.604364932,-0.045029312,-0.470861942,-1.993229747,0.834216893,0.275177002,-0.136841699,0.457858235,,,,,,,,,,,,,,
328,114328,68524,stationary,stationary_left_view,0.380143821,1.660177588,0.370998025,-0.172846749,0.730052948,0.267875671,0.604474425,-0.048495829,-0.470968515,-2.005459785,0.915826559,0.285167933,0.058881607,-0.276539177,,,,,,,,,,,,,,
329,114551,68747,stationary,stationary_left_view,0.374191642,1.656948328,0.367456377,-0.177523062,0.726020217,0.272017509,0.606124341,-0.064297095,-0.443664134,-2.006232262,0.835890830,0.278942317,-0.132423609,0.453808039,,,,,,,,,,,,,,
330,114773,68969,stationary,stationary_left_view,0.351808429,1.651864290,0.342142582,-0.193806171,0.704675972,0.272005945,0.626006246,,,,,,,,,,,,,,,-0.007813312,-0.468790680,-1.919747829,0.909430802,0.357970238,0.090300962,-0.191412508
331,114981,69177,stationary,stationary_left_view,0.313476026,1.645347238,0.268134773,-0.202150121,0.707593739,0.265907615,0.622687399,-0.207866058,-0.415560722,-1.946992040,0.834953070,0.309671193,-0.134929031,0.434455186,,,,,,,,-0.055186648,-0.474574625,-1.906168818,0.841733634,0.315694988,-0.188920692,0.395133048
332,115176,69372,stationary,stationary_left_view,0.257496774,1.632110476,0.133461833,-0.187249094,0.724845350,0.263685673,0.608281970,-0.302267790,-0.459125698,-1.905523658,0.832062781,0.291111350,-0.124659613,0.455396205,-0.204199180,-0.440990597,-2.088632107,0.822710931,0.275376976,-0.174693480,0.465614051,-0.155061021,-0.520715594,-1.853948832,0.846957207,0.295170158,-0.166639313,0.409596711
333,115357,69553,stationary,stationary_left_view,0.191761196,1.632499933,-0.038763583,-0.168030292,0.716027379,0.287550539,0.613502443,-0.560610771,-0.433102071,-1.877428651,0.830814242,0.273297310,-0.149459153,0.461213857,-0.465647221,-0.409497142,-2.021414757,0.814313710,0.276775479,-0.199075431,0.469741940,-0.420683265,-0.508263171,-1.851438642,0.853220224,0.276103437,-0.180466086,0.403997630
334,115550,69746,stationary,stationary_left_view,0.123600602,1.649566054,-0.161445618,-0.168103784,0.699643493,0.307100981,0.622839510,-0.786567092,-0.384406596,-1.787491798,0.838894188,0.291286260,-0.162841007,0.429990351,-0.708758473,-0.359700948,-1.936424375,0.822528124,0.279408336,-0.212034360,0.447682828,-0.654559731,-0.462802798,-1.774837971,0.858955801,0.287852347,-0.200789601,0.372853249
335,115772,69968,stationary,stationary_left_view,0.031039715,1.650811791,-0.247509480,-0.153280467,0.719461381,0.312921196,0.600800037,-0.837072134,-0.409928471,-1.764496684,0.852055907,0.261999935,-0.163364366,0.422692388,-0.736324847,-0.383282602,-1.863068223,0.827237010,0.254833251,-0.198706627,0.459624439,-0.703003049,-0.490809679,-1.724356055,0.864029050,0.263157547,-0.198451653,0.380550802
336,115967,70163,stationary,stationary_left_view,-0.113427639,1.618805289,-0.316417336,-0.123693474,0.748932123,0.323394656,0.564992547,-0.855950058,-0.423175126,-1.672146797,0.844814479,0.202849761,-0.170274302,0.464916289,-0.755581200,-0.410326719,-1.772835732,0.837064326,0.195140228,-0.197058395,0.471605361,-0.735591650,-0.512199461,-1.619902492,0.870170116,0.202382475,-0.192851260,0.405775398
337,116147,70343,stationary,stationary_left_view,-0.261535048,1.620331645,-0.352116466,-0.071349226,0.803720355,0.343346119,0.480683178,-0.786022127,-0.418718606,-1.707225084,0.872793674,0.088235654,-0.147139162,0.456941724,-0.674114764,-0.433481455,-1.798829436,0.949721992,-0.055505432,-0.140260309,-0.274361640,-0.681416214,-0.522948146,-1.612192750,0.964542747,-0.020020427,-0.216016009,-0.150311723
338,116341,70537,stationary,stationary_left_view,-0.356714964,1.642562389,-0.387495041,-0.041760832,0.859733045,0.355451345,0.364375502,-0.564801097,-0.417513907,-1.819619894,0.883670092,-0.041332584,-0.089750364,0.457562685,-0.421422720,-0.433756411,-1.810713530,0.848928511,-0.040362138,-0.134712100,0.509454668,-0.490739465,-0.521110892,-1.674062610,0.895471811,-0.031025978,-0.089367546,0.434949487
339,116537,70733,stationary,stationary_left_view,-0.443613410,1.647383690,-0.431886315,-0.016315477,0.899377525,0.363671809,0.242067516,-0.313398838,-0.392794907,-1.879259944,0.878300071,-0.152382180,-0.009394572,0.453078836,-0.185928255,-0.442500532,-1.908814549,0.873631537,-0.159274742,-0.061808992,0.455608547,-0.290478170,-0.511098444,-1.750864029,0.971802890,-0.190714404,-0.055675529,-0.126993820
340,116730,70926,stationary,stationary_right_view,-0.532229781,1.636212707,-0.499355078,0.003480217,0.915618300,0.373134941,0.149670765,-0.159640253,-0.312958479,-1.909653068,0.866893470,-0.231054381,0.028855374,0.440768659,-0.037518032,-0.368161678,-1.882610917,0.852742732,-0.252773881,-0.026941152,0.456299603,-0.172435507,-0.435024768,-1.803232431,0.951102853,-0.261357397,-0.057561126,-0.154215261
341,116939,71135,stationary,stationary_right_view,-0.619695783,1.637780905,-0.570570230,0.011942088,0.913480341,0.393727005,0.101932190,-0.125267848,-0.196467564,-1.959778428,0.867146611,-0.275199115,0.050773378,0.412000418,-0.009255853,-0.258769780,-1.915069342,0.856560230,-0.287070602,-0.010164430,0.428709418,-0.151881099,-0.316489071,-1.840163827,0.930486023,-0.283798516,-0.072042815,-0.220145419
342,117149,71345,stationary,stationary_right_view,-0.680107713,1.643110275,-0.616233706,0.010316447,0.914367437,0.397360653,0.077008367,-0.108925290,-0.160779104,-2.028450251,0.870362163,-0.291048735,0.069314577,0.391095668,0.005093679,-0.220465422,-1.921724200,0.852417111,-0.302521497,-0.000395579,0.426457077,-0.143763185,-0.280935258,-1.884086847,0.925394654,-0.307688773,-0.088578112,-0.202796087
343,117357,71553,stationary,stationary_right_view,-0.703390956,1.643090129,-0.623174429,0.000540032,0.914788246,0.395575404,0.081745297,-0.128616124,-0.160003781,-1.995875597,0.867790699,-0.277861059,0.071437091,0.405745357,-0.014406748,-0.222642511,-1.946010232,0.855650067,-0.293398559,0.013076348,0.426156372,-0.160457730,-0.281670928,-1.877296090,0.922737658,-0.292765558,-0.091854431,-0.233251601
344,117564,71760,stationary,stationary_right_view,-0.714067101,1.642443657,-0.610919952,0.000682342,0.912851453,0.402098358,0.070842572,-0.103679501,-0.141217321,-1.977117896,0.862601399,-0.295995891,0.060425747,0.405775785,0.009257719,-0.205385551,-1.921248436,0.856568098,-0.299014539,0.006991568,0.420514673,-0.140420988,-0.267982006,-1.885017037,0.925927639,-0.305074871,-0.096614607,-0.200631529
345,117787,71983,stationary,stationary_right_view,-0.729977131,1.643478870,-0.599189997,0.005101414,0.914495170,0.399680734,0.062672794,-0.097589858,-0.159072712,-1.969553590,0.858360529,-0.287860304,0.061319776,0.420230329,0.015361294,-0.224456146,-1.927735209,0.859147727,-0.308421880,0.006956852,0.408280224,-0.137459859,-0.285477877,-1.890292764,0.924785554,-0.314433008,-0.101312503,-0.188783795
346,117995,72191,stationary,stationary_right_view,-0.739393592,1.642840028,-0.590448976,0.000242058,0.913186431,0.403497040,0.057276905,,,,,,,,0.032380231,-0.214943707,-1.913224936,0.895178735,-0.292923540,0.036441952,-0.333950400,-0.118818954,-0.273891479,-1.864201784,0.923439324,-0.311523706,-0.099272966,-0.200892299
347,118203,72399,stationary,stationary_right_view,-0.742918372,1.641860723,-0.583880424,0.001510829,0.913221598,0.403546095,0.056343403,-0.081429340,-0.156037450,-1.977661848,0.867241740,-0.298462212,0.081838317,0.390018731,0.029397536,-0.220594287,-1.909410000,0.855594516,-0.312517732,0.024771219,0.411918730,-0.122856043,-0.283079505,-1.881344795,0.927025437,-0.315380067,-0.097556956,-0.177881673
348,118423,72619,stationary,stationary_right_view,-0.742439151,1.640876532,-0.577096939,-0.000290288,0.912519276,0.405285567,0.055246118,-0.074416853,-0.153192222,-1.976403236,0.870526791,-0.301142663,0.085279845,0.379767746,0.036606915,-0.218691662,-1.909934998,0.895629644,-0.293436289,0.037619349,-0.332155854,-0.114519946,-0.275548458,-1.852059364,0.921286047,-0.304791421,-0.093406260,-0.222731918
349,118647,72843,stationary,stationary_right_view,-0.741274714,1.640763521,-0.568928838,-0.002419307,0.912858307,0.404552817,0.054962575,-0.065796763,-0.165323481,-2.016305685,0.877286494,-0.300487727,0.083474427,0.364839166,0.044975452,-0.226564005,-1.904765844,0.896939218,-0.291916549,0.038069904,-0.329902232,-0.106614888,-0.286362231,-1.852132440,0.926247537,-0.313798070,-0.088458836,-0.189133197
350,118855,73051,stationary,stationary_right_view,-0.741394877,1.639809608,-0.559857488,-0.003518999,0.912197173,0.406085044,0.054579057,-0.060485177,-0.165133476,-2.007477283,0.875683725,-0.302242011,0.085582726,0.366747141,0.049660385,-0.225444600,-1.893618703,0.860623598,-0.311176419,0.028145723,0.402124465,-0.102009878,-0.286651284,-1.847571492,0.926357806,-0.313949078,-0.094339676,-0.185464978
351,119064,73260,stationary,stationary_right_view,-0.742208719,1.639341831,-0.552281260,-0.005289990,0.912139475,0.406429946,0.052804116,-0.052246675,-0.162379801,-1.930702209,0.864408791,-0.305843204,0.076313235,0.391706139,0.058474801,-0.226537704,-1.875705600,0.851559758,-0.301030487,0.032536972,0.427981287,-0.091414966,-0.286432654,-1.818521976,0.925717771,-0.294527352,-0.069891840,-0.226749644
352,119272,73468,stationary,stationary_right_view,-0.742974877,1.639660120,-0.548181891,-0.003733438,0.912456691,0.405830652,0.052061047,,,,,,,,0.057469547,-0.235330194,-1.881647468,0.859370232,-0.310187638,0.020857345,0.405994356,-0.095267735,-0.299131751,-1.852777600,0.930615664,-0.310875773,-0.085146971,-0.173380464
353,119481,73677,stationary,stationary_right_view,-0.745009065,1.640545130,-0.544908404,-0.002782090,0.913004756,0.404711604,0.051216133,-0.054364927,-0.179550782,-1.943932414,0.867101014,-0.301387608,0.084729142,0.387456298,0.057498790,-0.249232724,-1.910859942,0.898487806,-0.274200588,0.056812461,-0.338091820,-0.095054187,-0.306909591,-1.850401044,0.932401955,-0.297303408,-0.064361788,-0.195178837
354,119702,73898,stationary,stationary_right_view,-0.748780251,1.641149998,-0.540943027,-0.001320868,0.912900805,0.405208260,0.049159471,-0.053348273,-0.179874003,-1.936116457,0.867022514,-0.304458827,0.088873737,0.384289294,0.055555388,-0.243215501,-1.857876539,0.855608284,-0.317742974,0.019324290,0.408167124,-0.094733074,-0.303444773,-1.826628804,0.927949667,-0.300358206,-0.063739493,-0.211262181
355,119897,74093,stationary,stationary_right_view,-0.750398159,1.641465664,-0.540443897,0.001094847,0.913690746,0.403659612,0.047190458,,,,,,,,0.055615433,-0.250773251,-1.855290651,0.853981853,-0.318345279,0.019529870,0.411083847,-0.097310126,-0.319187462,-1.868535757,0.932579458,-0.314354062,-0.088095367,-0.154000923
356,120120,74316,stationary,stationary_right_view,-0.751981378,1.641803861,-0.541858792,0.001639245,0.914511919,0.401828259,0.046896797,-0.053967349,-0.194260940,-1.934244871,0.864479661,-0.307104558,0.087349191,0.388241947,0.052870601,-0.259998769,-1.858700395,0.898397386,-0.290358275,0.050132565,-0.325669914,-0.097133495,-0.316991389,-1.817897439,0.926944911,-0.317527741,-0.081514224,-0.182495818
357,120328,74524,stationary,stationary_right_view,-0.753451705,1.641574264,-0.543247223,0.000805363,0.914822996,0.401326120,0.045118149,,,,,,,,0.061379686,-0.259850800,-1.868334532,0.852090001,-0.316909999,0.027038366,0.415667713,-0.091696657,-0.317712218,-1.821104765,0.926448643,-0.321602404,-0.081088334,-0.178015485
358,120550,74746,stationary,stationary_right_view,-0.753276467,1.641734958,-0.544258595,0.000559285,0.914991438,0.400999665,0.044605225,-0.045865871,-0.196896255,-1.942804456,0.865644813,-0.303865552,0.093180925,0.386836082,0.062270761,-0.257982612,-1.847872734,0.852631629,-0.316616774,0.019367972,0.415208399,-0.090036675,-0.320494711,-1.831959248,0.928799570,-0.316755652,-0.077186033,-0.176180497
359,120759,74955,stationary,stationary_right_view,-0.751532435,1.641946197,-0.544759512,0.001819718,0.915304422,0.400358468,0.043904889,-0.044146948,-0.197618142,-1.934270024,0.858596444,-0.314559370,0.083757475,0.396042019,0.065084957,-0.264602721,-1.876095057,0.898416221,-0.292827278,0.048287280,-0.323680162,-0.088638619,-0.323533863,-1.838299274,0.929902911,-0.318648994,-0.078740031,-0.165962100
360,120966,75162,stationary,stationary_right_view,-0.750494123,1.642223358,-0.545557022,0.001722023,0.915554464,0.399823010,0.043573529,-0.041700132,-0.200190783,-1.935570478,0.863137841,-0.305948943,0.090557717,0.391391844,0.066560701,-0.267415255,-1.880705357,0.900250435,-0.299862236,0.061455648,-0.309604615,-0.085325442,-0.322414339,-1.825257540,0.928371310,-0.307676315,-0.058252137,-0.200171828
361,121176,75372,stationary,stationary_right_view,-0.750149488,1.641878605,-0.545935631,0.001652632,0.915293515,0.400496066,0.042872015,-0.039803114,-0.202560306,-2.003804445,0.876137674,-0.299499422,0.107468314,0.362123519,0.069292434,-0.260541141,-1.865603685,0.848265707,-0.319206566,0.034420677,0.421150506,-0.084069632,-0.327557951,-1.874728560,0.931663752,-0.320336759,-0.056667063,-0.161789656
362,121383,75579,stationary,stationary_right_view,-0.750570774,1.641710758,-0.546044827,0.001671346,0.915340960,0.400453866,0.042248398,-0.036647126,-0.196482047,-1.933883309,0.862980008,-0.307891220,0.094142124,0.389365911,0.071023785,-0.260634124,-1.861822367,0.854602575,-0.319285125,0.021603663,0.408955604,-0.082253695,-0.322559297,-1.842651248,0.929463923,-0.317409784,-0.076084927,-0.171927273
363,121592,75788,stationary,stationary_right_view,-0.751895189,1.641635656,-0.546130657,0.000718759,0.915550292,0.400061697,0.041445818,,,,,,,,0.074458480,-0.264195561,-1.872593880,0.853515327,-0.318013012,0.032169249,0.411514819,-0.079110846,-0.324184000,-1.839870930,0.929835260,-0.320001006,-0.077266373,-0.164425343
364,121799,75995,stationary,stationary_right_view,-0.753268838,1.641485691,-0.545988441,-0.000048756,0.915314853,0.400477409,0.042621139,-0.037359416,-0.196833074,-1.937317133,0.864566267,-0.304700792,0.096083499,0.387879610,0.070275567,-0.262915969,-1.876143813,0.899932981,-0.297645718,0.056603745,-0.313566118,-0.081616744,-0.322587550,-1.850818157,0.929199934,-0.307837933,-0.047439255,-0.198929086
365,122024,76220,stationary,stationary_right_view,-0.753881812,1.641480446,-0.545878768,-0.000436070,0.915590584,0.399925828,0.041869309,-0.036564127,-0.198800072,-1.928650379,0.853555977,-0.294370949,0.077296518,0.422863215,0.074233338,-0.265655309,-1.884871840,0.899898767,-0.291630507,0.048229888,-0.320636481,-0.079893112,-0.323716521,-1.840799689,0.930458426,-0.318321347,-0.080942966,-0.162378967
366,122230,76426,stationary,stationary_right_view,-0.754137158,1.641628504,-0.545800209,-0.001199305,0.915979981,0.399054646,0.041649431,-0.032419309,-0.203239381,-1.937685966,0.863036156,-0.310120195,0.093586147,0.387602478,0.073766299,-0.265303344,-1.845238805,0.893486261,-0.275186658,0.055355370,-0.350557327,-0.077026948,-0.325757563,-1.823076725,0.928534091,-0.315770775,-0.074742764,-0.180351987
367,122425,76621,stationary,stationary_right_view,-0.753970027,1.641763687,-0.546420813,-0.001803741,0.916351378,0.398355991,0.040116727,-0.026425127,-0.206759423,-1.949655294,0.864520490,-0.307311445,0.102883212,0.384160250,0.081516355,-0.268294632,-1.865246415,0.848605931,-0.318719804,0.030057395,0.421167701,-0.072024122,-0.328844875,-1.832816243,0.929586172,-0.317147523,-0.070234574,-0.174224347
368,122648,76844,stationary,stationary_right_view,-0.753462076,1.641689777,-0.546925187,-0.001062348,0.916389048,0.398316115,0.039677560,-0.026845053,-0.210250691,-1.993886948,0.874029696,-0.300928533,0.112800553,0.364403963,0.082290374,-0.269615680,-1.872481227,0.848283052,-0.320328087,0.032855947,0.420388311,-0.071561657,-0.326614946,-1.822105885,0.927532136,-0.320471913,-0.068031132,-0.179871202
369,122856,77052,stationary,stationary_right_view,-0.753356099,1.641679406,-0.547026873,-0.001074212,0.916449308,0.398216128,0.039287060,-0.025913203,-0.211223960,-2.007313490,0.875406027,-0.302857935,0.103027500,0.362390339,0.082763508,-0.271335810,-1.876932383,0.900338709,-0.295973003,0.062899843,-0.312783808,-0.070436075,-0.329451501,-1.837062716,0.929955959,-0.317596197,-0.072546527,-0.170445412
370,123064,77260,stationary,stationary_right_view,-0.753704906,1.641582727,-0.546904325,-0.001307174,0.916268229,0.398706704,0.038519267,,,,,,,,0.086387530,-0.269260079,-1.877933145,0.898054659,-0.289485812,0.050773736,-0.327288508,-0.067657486,-0.328234315,-1.840176463,0.929976702,-0.318849385,-0.081075065,-0.164028019
371,123272,77468,stationary,stationary_right_view,-0.754455090,1.641069174,-0.547002912,-0.001871524,0.915934920,0.399448305,0.038739834,-0.022629770,-0.198320359,-1.935917735,0.856279612,-0.315680414,0.087008134,0.399450511,0.085354611,-0.262351364,-1.860188603,0.852176011,-0.318353146,0.032974865,0.413956553,-0.068294540,-0.324389189,-1.839527965,0.928830445,-0.316808790,-0.075978018,-0.176446974
372,123494,77690,stationary,stationary_right_view,-0.754690409,1.640969396,-0.547940254,-0.002203749,0.916206598,0.398871303,0.038240828,-0.019928111,-0.201127514,-1.937765002,0.864194036,-0.306996971,0.096121952,0.386887699,0.087408826,-0.267446071,-1.879297972,0.900373518,-0.297455668,0.061121441,-0.311627746,-0.065005712,-0.325684309,-1.841787696,0.930523098,-0.304439783,-0.057638768,-0.195245951
373,123702,77898,stationary,stationary_right_view,-0.754938245,1.641149521,-0.548567176,-0.003050655,0.916295707,0.398645312,0.038403515,-0.019427534,-0.202471629,-1.938303709,0.861544311,-0.311173618,0.094609179,0.389822423,0.089192890,-0.266912878,-1.870859385,0.855008483,-0.319903314,0.036789007,0.406532884,-0.064673454,-0.325921595,-1.832427502,0.929997087,-0.314177394,-0.070315547,-0.177351862
374,123911,78107,stationary,stationary_right_view,-0.754674196,1.641005516,-0.548702717,-0.002830432,0.916252136,0.398735166,0.038526688,,,,,,,,0.087545581,-0.266900241,-1.874702573,0.900081217,-0.298438787,0.055839293,-0.312522203,-0.065415516,-0.326441765,-1.841464996,0.929845095,-0.314935952,-0.072220452,-0.176033020
375,124120,78316,stationary,stationary_right_view,-0.754050732,1.641739607,-0.548891306,-0.001418887,0.916685402,0.397576421,0.040235374,-0.027940258,-0.206292167,-1.934681892,0.860841036,-0.310169131,0.095424443,0.391971946,0.080049753,-0.272920489,-1.883451700,0.849566698,-0.293543369,0.015531465,0.437981158,-0.072935432,-0.330054998,-1.832804799,0.930691898,-0.315132111,-0.070396587,-0.171897277
376,124328,78524,stationary,stationary_right_view,-0.753108025,1.641815186,-0.548814416,-0.001417592,0.916723788,0.397603512,0.039077371,-0.023314036,-0.206718236,-1.936790347,0.858443499,-0.313548058,0.093928725,0.394892067,0.081880018,-0.272183508,-1.858477950,0.899218023,-0.286755651,0.059746932,-0.324974567,-0.067844450,-0.328443080,-1.827589989,0.926604807,-0.306676775,-0.069569632,-0.206186891
377,124551,78747,stationary,stationary_right_view,-0.752598643,1.641977549,-0.548798323,-0.001074823,0.916856647,0.397258908,0.039473351,-0.023504363,-0.206594080,-1.932283878,0.852926433,-0.297663540,0.094841480,0.418232113,0.082928054,-0.273183942,-1.865900874,0.901241601,-0.297435850,0.059090082,-0.309522063,-0.069400877,-0.330478430,-1.824657917,0.928603053,-0.316542298,-0.069061793,-0.180908233
378,124759,78955,stationary,stationary_right_view,-0.752246499,1.641669273,-0.548977733,-0.001276223,0.916522741,0.398054898,0.039202064,,,,,,,,0.084305406,-0.267151356,-1.856109023,0.851338089,-0.321797132,0.026582317,0.413477302,-0.068378977,-0.327280194,-1.829221606,0.927978277,-0.317900538,-0.071374215,-0.180834964
379,124981,79177,stationary,stationary_right_view,-0.751873016,1.641346216,-0.548866391,-0.001181513,0.916440248,0.398289800,0.038744777,,,,,,,,0.087522693,-0.268931836,-1.880010366,0.855630338,-0.319324613,0.033554096,0.405959010,-0.065328583,-0.326317996,-1.840400457,0.929545581,-0.303015321,-0.059866488,-0.201352343
380,125189,79385,stationary,stationary_right_view,-0.751611352,1.641173840,-0.548836112,-0.000951960,0.916310489,0.398620546,0.038417667,-0.020060269,-0.202259764,-1.940541983,0.863649011,-0.309889615,0.092857927,0.386595696,0.087636434,-0.266286016,-1.869482875,0.854443371,-0.318275243,0.029025087,0.409615606,-0.065205500,-0.326769471,-1.846060872,0.930507600,-0.303606898,-0.057094485,-0.196770623
381,125411,79607,stationary,stationary_right_view,-0.751395822,1.640885353,-0.548375726,-0.000794158,0.915993035,0.399376690,0.038137138,-0.019324675,-0.198287815,-1.941647768,0.860941291,-0.313687146,0.092581637,0.389626890,0.086310923,-0.261518776,-1.853624701,0.845926702,-0.307390779,0.030534605,0.434725851,-0.065122664,-0.322861731,-1.840127230,0.930159032,-0.315119058,-0.072781533,-0.173801646
382,125619,79815,stationary,stationary_right_view,-0.751501203,1.640428782,-0.548115611,-0.001106561,0.915677428,0.400050879,0.038638119,-0.020686898,-0.195568770,-1.936161757,0.862775862,-0.307163894,0.098013625,0.389437467,0.086999416,-0.262258440,-1.875414610,0.899924517,-0.296445668,0.062649012,-0.313577563,-0.066021807,-0.319224447,-1.829996943,0.928709388,-0.316578984,-0.071043268,-0.179525852
383,125841,80037,stationary,stationary_right_view,-0.751163483,1.640575409,-0.548104405,-0.001094026,0.915753722,0.399887592,0.038521081,-0.019576095,-0.197041363,-1.938147187,0.863649786,-0.307468534,0.098450914,0.387142867,0.087637827,-0.263412416,-1.879701495,0.899761140,-0.298186570,0.057577096,-0.313368112,-0.061683953,-0.303337038,-1.735735178,0.921479464,-0.311691642,-0.107797645,-0.205191672
384,126037,80233,stationary,stationary_right_view,-0.750983000,1.640480399,-0.547798991,-0.000799194,0.915669680,0.400010288,0.039245933,,,,,,,,0.084068902,-0.259014934,-1.854624510,0.852353156,-0.321637183,0.025527859,0.411572576,-0.068652436,-0.318617225,-1.824632168,0.927325606,-0.317179918,-0.073260091,-0.184654012
385,126258,80454,stationary,stationary_right_view,-0.750914335,1.640834332,-0.547230959,-0.001185983,0.915861249,0.399539411,0.039560232,-0.024465106,-0.196652308,-1.910818696,0.848642409,-0.301361978,0.071754143,0.428763717,0.085345499,-0.262379795,-1.861022353,0.852471471,-0.318329871,0.032542285,0.413399965,-0.068226896,-0.305563241,-1.729981542,0.918685436,-0.316355050,-0.094042309,-0.217008218
386,126465,80661,stationary,stationary_right_view,-0.751050591,1.641140938,-0.547164321,-0.000849187,0.915941358,0.399238378,0.040736407,,,,,,,,0.080028437,-0.263314158,-1.856161118,0.852463782,-0.321122199,0.024413783,0.411813080,-0.072780207,-0.323244631,-1.825989842,0.927688599,-0.316569984,-0.069255978,-0.185420990
387,126661,80857,stationary,stationary_right_view,-0.750961423,1.641080141,-0.547116280,-0.000907453,0.915761173,0.399662763,0.040624645,-0.027136466,-0.198183298,-1.935398936,0.858501732,-0.314045608,0.094783649,0.394165158,0.081958331,-0.263110399,-1.875626087,0.847898662,-0.314035684,0.044919688,0.424772531,-0.072238430,-0.321000636,-1.824944139,0.928431451,-0.318681598,-0.074694254,-0.175721154
388,126870,81066,stationary,stationary_right_view,-0.751217365,1.641164184,-0.547264695,-0.001910107,0.916234374,0.398525089,0.041093912,-0.028666265,-0.200625047,-1.907165051,0.849146366,-0.298382938,0.076718733,0.428989917,0.082248837,-0.269412905,-1.881210685,0.899189949,-0.289865881,0.052578375,-0.323528558,-0.071602270,-0.327152789,-1.835159540,0.929072857,-0.319781542,-0.085094512,-0.165294841
389,127078,81274,stationary,stationary_right_view,-0.751762509,1.641575336,-0.547877908,-0.002156838,0.916642785,0.397639036,0.040552620,,,,,,,,0.079519950,-0.265827775,-1.836394072,0.908013761,-0.291078210,0.108516619,-0.281084865,-0.069315061,-0.329205811,-1.824656844,0.923257351,-0.297262102,-0.069705121,-0.233178750
390,127286,81482,stationary,stationary_right_view,-0.752183437,1.641334295,-0.547866344,-0.002626749,0.916563034,0.397817135,0.040581107,,,,,,,,0.082758665,-0.267183095,-1.851520777,0.852720439,-0.317915052,0.025479581,0.413701206,-0.069423690,-0.330787033,-1.841392159,0.931185126,-0.313799083,-0.072622165,-0.170734972
391,127510,81706,stationary,stationary_right_view,-0.751881957,1.641713858,-0.548556805,-0.002714962,0.916948140,0.396900207,0.040852934,-0.025418192,-0.211117968,-1.951829433,0.865272820,-0.304598182,0.104798578,0.384109557,0.082737505,-0.273502767,-1.872925401,0.850715697,-0.318636686,0.035614602,0.416515350,-0.069341980,-0.333945632,-1.840492129,0.931588888,-0.302648664,-0.057800934,-0.192886025
392,127703,81899,stationary,stationary_right_view,-0.751604199,1.642187834,-0.549127936,-0.002228558,0.917365968,0.395921826,0.040995333,-0.025985848,-0.215923414,-1.955704570,0.865074337,-0.306153357,0.102864131,0.383843035,0.081916206,-0.276646346,-1.866663694,0.848777771,-0.318322003,0.031460844,0.421019793,-0.071335867,-0.343267232,-1.869887948,0.932396352,-0.318618685,-0.055514101,-0.161360890
393,127911,82107,stationary,stationary_right_view,-0.751685619,1.642435431,-0.549344540,-0.002382131,0.917391419,0.395820588,0.041392982,-0.025947342,-0.223084018,-2.007197618,0.906514764,-0.313001186,-0.060009278,-0.276875734,0.080653206,-0.275511265,-1.857314587,0.847331345,-0.317461044,0.031949304,0.424531907,-0.072236672,-0.344832808,-1.878363848,0.932718873,-0.320173323,-0.054365773,-0.156744733
394,128133,82329,stationary,stationary_right_view,-0.751275301,1.642218351,-0.549512386,-0.002215373,0.917358279,0.395878762,0.041580793,-0.027455775,-0.210929751,-1.931319594,0.852300227,-0.296780765,0.095749073,0.419925839,0.080275826,-0.275333732,-1.861851931,0.898457587,-0.286996394,0.053125810,-0.328001171,-0.072655275,-0.334870517,-1.826233506,0.928166032,-0.317044616,-0.071856730,-0.181182817
395,128341,82537,stationary,stationary_right_view,-0.750619173,1.642298698,-0.550413847,-0.001570509,0.917619288,0.395322800,0.041137308,-0.025572216,-0.223913595,-2.006267548,0.903864920,-0.316957444,-0.055105511,-0.282009840,0.081614390,-0.277722120,-1.867427111,0.846932650,-0.317885220,0.037113272,0.424589962,-0.069889992,-0.338799655,-1.841104627,0.932215691,-0.300611496,-0.057557240,-0.193116069
396,128550,82746,stationary,stationary_right_view,-0.749801874,1.642708182,-0.550977468,-0.001654987,0.917959869,0.394574434,0.040718913,,,,,,,,0.083679363,-0.283677250,-1.876114845,0.901875317,-0.298717856,0.058848448,-0.306472629,-0.069064476,-0.340020835,-1.826675773,0.929037511,-0.315947354,-0.069802225,-0.179427594
397,128772,82968,stationary,stationary_right_view,-0.749008775,1.642606020,-0.551276326,-0.001145173,0.917834103,0.394866765,0.040737066,-0.024176098,-0.214846253,-1.931234121,0.852631986,-0.295186996,0.092067614,0.421196997,0.083578654,-0.278448284,-1.863356709,0.844094217,-0.307843119,0.035466898,0.437583923,-0.069923021,-0.340154171,-1.836548328,0.931507468,-0.314944386,-0.072871968,-0.166714162
398,128981,83177,stationary,stationary_right_view,-0.748375416,1.642737150,-0.551540136,-0.000731749,0.917961001,0.394613981,0.040335268,-0.023177622,-0.215188086,-1.930775762,0.851676285,-0.296813786,0.098353416,0.420565903,0.083774768,-0.279403985,-1.856812119,0.896690786,-0.286629915,0.057004068,-0.332474828,-0.068831287,-0.339012653,-1.825531006,0.928957522,-0.316035271,-0.068774402,-0.180082396
399,129189,83385,stationary,stationary_right_view,-0.748677254,1.642611742,-0.552006364,-0.001392722,0.917905271,0.394728720,0.040463239,,,,,,,,0.086487442,-0.280884653,-1.873187304,0.852604508,-0.317195088,0.030413300,0.414159179,-0.067437217,-0.340190083,-1.838881612,0.930552363,-0.318465412,-0.081365630,-0.161343277
400,129411,83607,stationary,stationary_right_view,-0.748771310,1.642535925,-0.552567959,-0.001754107,0.917931974,0.394690603,0.040214274,-0.020025957,-0.215337232,-1.935964823,0.853309035,-0.295237422,0.090934910,0.420035005,0.087732635,-0.281802922,-1.879903793,0.853728712,-0.317878127,0.036331400,0.410829395,-0.064963147,-0.338077396,-1.833134055,0.927882314,-0.302741736,-0.066802628,-0.207169652
401,129619,83815,stationary,stationary_right_view,-0.748803496,1.642449260,-0.552883029,-0.002347562,0.917882502,0.394796550,0.040272709,-0.020808309,-0.217084050,-1.947524786,0.860457242,-0.306862116,0.094551630,0.395612180,0.087894663,-0.280336499,-1.874010205,0.852888167,-0.315250337,0.030434476,0.415057570,-0.065837674,-0.340799749,-1.844502568,0.931178987,-0.313123405,-0.073475808,-0.171641439
402,129842,84038,stationary,stationary_right_view,-0.748839855,1.642287254,-0.552545309,-0.002093671,0.917841077,0.394928008,0.039940298,-0.019741643,-0.214695364,-1.936847329,0.861307025,-0.308727652,0.094171412,0.392388999,0.087903373,-0.278112441,-1.866802454,0.852921247,-0.318789989,0.027013972,0.412514895,-0.061605938,-0.318527371,-1.741728544,0.875517726,-0.280643314,0.146064639,0.365202934
403,130051,84247,stationary,stationary_right_view,-0.749083877,1.641828775,-0.551796913,-0.002487822,0.917376816,0.395987302,0.040095128,,,,,,,,0.087242536,-0.272238255,-1.857699156,0.852640629,-0.316768259,0.025181267,0.414762259,-0.065274492,-0.334954172,-1.841620207,0.930641234,-0.314141542,-0.071079768,-0.173693985
404,130259,84455,stationary,stationary_right_view,-0.749822736,1.641932249,-0.551957965,-0.003053174,0.917511940,0.395651609,0.040278789,-0.020803625,-0.212480515,-1.941001892,0.860428095,-0.305856347,0.095684715,0.396181613,0.088095345,-0.276585430,-1.877063990,0.853193760,-0.315170318,0.031636290,0.414399892,-0.064402938,-0.332241297,-1.822992921,0.926315963,-0.303265274,-0.070835300,-0.212017074
405,130481,84677,stationary,stationary_right_view,-0.749916553,1.641972780,-0.551670671,-0.003095955,0.917387605,0.395905256,0.040613618,-0.023547906,-0.211468384,-1.928411841,0.852570951,-0.294222057,0.079442009,0.424552828,0.087714158,-0.278824657,-1.892158389,0.902243316,-0.291289210,0.056037933,-0.312997431,-0.066326357,-0.337008804,-1.847639561,0.932311714,-0.313409328,-0.071705222,-0.165613607
406,130690,84886,stationary,stationary_right_view,-0.749845386,1.642117500,-0.551562309,-0.002929375,0.917384207,0.395949692,0.040268093,,,,,,,,0.086307377,-0.272137314,-1.855533242,0.909132957,-0.294756204,0.101218253,-0.276316673,-0.066384777,-0.336085021,-1.843933225,0.879061103,-0.284835994,0.109043606,0.366373479
407,130898,85094,stationary,stationary_right_view,-0.749778867,1.642356277,-0.551868677,-0.003149986,0.917448044,0.395814329,0.040127248,-0.020091642,-0.211132571,-1.933528781,0.857175291,-0.310085148,0.088673644,0.401540428,0.088719815,-0.276057214,-1.873457313,0.853766143,-0.316412389,0.031408705,0.412286490,-0.063817620,-0.333925933,-1.833028316,0.926660717,-0.304883957,-0.071126454,-0.208054662
408,131105,85301,stationary,stationary_right_view,-0.749972820,1.642553568,-0.552424192,-0.003696680,0.917641282,0.395273924,0.040980216,-0.021698819,-0.216453955,-1.961401463,0.865855992,-0.305521786,0.103978671,0.382280380,0.086663716,-0.277096808,-1.871809363,0.851248026,-0.317440629,0.035640724,0.416338891,-0.066509895,-0.344457507,-1.872260690,0.934822261,-0.312232107,-0.075822420,-0.151226282
409,131328,85524,stationary,stationary_right_view,-0.749657512,1.642370462,-0.552575231,-0.003509088,0.917463005,0.395700872,0.040868580,,,,,,,,0.087587237,-0.279055059,-1.891987085,0.901944339,-0.289952666,0.054115981,-0.315428883,-0.065301791,-0.334150881,-1.835301876,0.928711474,-0.301687092,-0.064386077,-0.205753237
410,131550,85746,stationary,stationary_right_view,-0.749263406,1.642552972,-0.553016782,-0.003084315,0.917748570,0.395066708,0.040625274,-0.021254972,-0.220751494,-2.009970188,0.875705421,-0.299082100,0.105099857,0.364203155,0.087480515,-0.277928919,-1.875185013,0.850284100,-0.319770277,0.038501158,0.416271120,-0.065523252,-0.336770862,-1.832269549,0.929814219,-0.314198911,-0.067543022,-0.179338932
411,131759,85955,stationary,stationary_right_view,-0.749363422,1.642502189,-0.553531051,-0.003323305,0.917730033,0.395117909,0.040527169,-0.020368483,-0.215680629,-1.956587911,0.866121948,-0.303887427,0.102358185,0.383416176,0.090228334,-0.280801743,-1.913300991,0.855484724,-0.300892025,0.039791413,0.419555217,-0.065521494,-0.336112648,-1.830846786,0.929503202,-0.314244777,-0.067204289,-0.180990666
412,131967,86163,stationary,stationary_right_view,-0.749873638,1.642533541,-0.553669453,-0.003736214,0.917776346,0.394978583,0.040798906,-0.021073874,-0.216570482,-1.962363601,0.866460621,-0.304560304,0.102523208,0.382070690,0.087132126,-0.274059355,-1.858189940,0.843016684,-0.306838423,0.039774440,0.439989805,-0.066023596,-0.338403374,-1.842017770,0.931049943,-0.313595414,-0.070337586,-0.172790587
413,132175,86371,stationary,stationary_right_view,-0.750407577,1.642353773,-0.553560376,-0.004024149,0.917657673,0.395215273,0.041147768,-0.020685572,-0.211662963,-1.938516617,0.854082167,-0.293101490,0.087160818,0.420759082,0.087322973,-0.279087186,-1.889568567,0.901268780,-0.288876355,0.052325603,-0.318633199,-0.066240579,-0.336278439,-1.836555839,0.931186736,-0.312566429,-0.075159602,-0.171885356
414,132384,86580,stationary,stationary_right_view,-0.750801921,1.642463207,-0.553551555,-0.004022864,0.917845726,0.394773632,0.041193571,-0.021402830,-0.223505467,-2.007156849,0.905591726,-0.313658535,-0.054791901,-0.280213952,0.084672108,-0.275347859,-1.856312037,0.847718775,-0.316353172,0.034096081,0.424418479,-0.067369357,-0.343684077,-1.864623308,0.933697164,-0.313518703,-0.080840506,-0.152906731
415,132605,86801,stationary,stationary_right_view,-0.751756668,1.642250896,-0.553373694,-0.004730212,0.917617261,0.395210415,0.042010579,-0.024280081,-0.212258086,-1.943586588,0.854836822,-0.292935491,0.091903098,0.418326050,0.083869100,-0.276494086,-1.875904679,0.853162467,-0.312475502,0.029599559,0.416649461,-0.069062129,-0.334476948,-1.825630665,0.929477453,-0.312951773,-0.077287652,-0.179330692
416,132827,87023,stationary,stationary_right_view,-0.752763867,1.642119646,-0.553589106,-0.005803241,0.917604029,0.395173699,0.042507261,-0.024630236,-0.211816370,-1.940253139,0.855000079,-0.292280644,0.090134434,0.418834984,0.083737031,-0.276411712,-1.877286553,0.853963792,-0.312784702,0.030000152,0.414742798,-0.068406910,-0.332390189,-1.820840120,0.925348878,-0.302202463,-0.075522512,-0.216100708
417,133035,87231,stationary,stationary_right_view,-0.753027797,1.641893864,-0.553611875,-0.006019768,0.917389274,0.395655155,0.042634726,-0.025986208,-0.211653858,-1.948237419,0.862442136,-0.307548463,0.103089347,0.388561517,0.081780016,-0.272060573,-1.863954067,0.850092053,-0.316975296,0.038895424,0.418756872,-0.070281222,-0.336570531,-1.847453237,0.932254076,-0.312296271,-0.071809217,-0.167978376
418,133244,87440,stationary,stationary_right_view,-0.753054738,1.642115235,-0.553606391,-0.005991549,0.917482793,0.395458251,0.042451803,-0.025892982,-0.212690115,-1.948433638,0.860982299,-0.307064623,0.102158010,0.392408609,0.083315484,-0.277662605,-1.887535691,0.903615355,-0.292461902,0.055646539,-0.307975441,-0.069761634,-0.335608989,-1.837939262,0.930901647,-0.311519921,-0.077813134,-0.174133897
419,133466,87662,stationary,stationary_right_view,-0.752885818,1.642030001,-0.553722143,-0.005820378,0.917317867,0.395849138,0.042397164,-0.025685476,-0.212158695,-1.961029887,0.866269648,-0.303617477,0.101602234,0.383497447,0.082938895,-0.271319628,-1.863115788,0.853613436,-0.309063554,0.025513345,0.418536633,-0.069317102,-0.326742083,-1.818460941,0.892589092,-0.269273669,0.165859491,0.321351945
420,133675,87871,stationary,stationary_right_view,-0.752578020,1.642369866,-0.554210067,-0.006023168,0.917527676,0.395316482,0.042796139,,,,,,,,0.081764013,-0.273289979,-1.868151069,0.849430203,-0.316499382,0.038766474,0.420468420,-0.069793142,-0.334957004,-1.834187269,0.925030231,-0.296354920,-0.070766345,-0.226903185
421,133884,88080,stationary,stationary_right_view,-0.752099395,1.642312527,-0.554119825,-0.005405291,0.917456329,0.395514518,0.042579409,-0.026095822,-0.211644441,-1.947237372,0.862216711,-0.307298779,0.100109152,0.390035927,0.081897691,-0.272637010,-1.867076159,0.849753797,-0.317381889,0.037182804,0.419290692,-0.070442699,-0.336803108,-1.849135518,0.932015598,-0.312966526,-0.072756179,-0.167646796
422,134105,88301,stationary,stationary_right_view,-0.751738906,1.642354846,-0.554198861,-0.004856467,0.917494476,0.395445943,0.042459428,-0.025316272,-0.219184712,-2.012702465,0.868858635,-0.310074121,0.091509394,0.374919653,0.081667244,-0.273109138,-1.867453814,0.849173307,-0.316927671,0.037700418,0.420761466,-0.070815057,-0.336494982,-1.845604420,0.932350695,-0.312830210,-0.070134550,-0.167154580
423,134327,88523,stationary,stationary_right_view,-0.751333952,1.642401695,-0.554100275,-0.004789173,0.917551637,0.395375520,0.041884124,-0.024216071,-0.210813418,-1.936631083,0.860663295,-0.306391269,0.092881233,0.395924509,0.083489619,-0.272162437,-1.856771946,0.853484571,-0.317010611,0.029553456,0.412546873,-0.068656355,-0.337978870,-1.854336262,0.932008743,-0.312568307,-0.076268062,-0.166865125
424,134535,88731,stationary,stationary_right_view,-0.751072168,1.642291307,-0.553956032,-0.004732356,0.917289555,0.395980477,0.041915458,-0.024439162,-0.210731626,-1.954411864,0.864322007,-0.303494453,0.096212216,0.389335066,0.084512092,-0.271181136,-1.871880412,0.846860647,-0.308202565,0.038909100,0.431652993,-0.068791650,-0.331528395,-1.828733683,0.928475320,-0.314198047,-0.073736429,-0.183783025
425,134758,88954,stationary,stationary_right_view,-0.750504017,1.641942978,-0.553902626,-0.004180787,0.917207301,0.396276116,0.040969945,,,,,,,,0.087598160,-0.274901241,-1.893462300,0.901722729,-0.290446460,0.056006052,-0.315278172,-0.065419450,-0.330286503,-1.838247776,0.929599643,-0.301774979,-0.064431593,-0.201556295
426,134966,89162,stationary,stationary_right_view,-0.750433326,1.642015696,-0.554049969,-0.004167945,0.917330921,0.396002352,0.040849831,-0.020860706,-0.212666199,-1.969706297,0.867943943,-0.303554296,0.099694647,0.380248725,0.087582096,-0.270622402,-1.866885066,0.845955491,-0.306022048,0.036630623,0.435164362,-0.067521408,-0.337319255,-1.875544310,0.897626579,-0.283284634,0.129589200,0.311805993
427,135175,89371,stationary,stationary_right_view,-0.750955939,1.642148256,-0.554185867,-0.004901827,0.917444706,0.395689487,0.041243438,-0.022347149,-0.214950904,-1.994583011,0.872824430,-0.299814522,0.115532108,0.367343366,0.086377881,-0.272929192,-1.869720936,0.851064861,-0.317065388,0.037213761,0.416861266,-0.066503301,-0.337231040,-1.854424953,0.932460785,-0.311994255,-0.071231090,-0.167638421
428,135397,89593,stationary,stationary_right_view,-0.751468301,1.642130136,-0.554172397,-0.005409613,0.917422295,0.395696998,0.041604821,-0.021108288,-0.217617244,-2.007645130,0.871721923,-0.305988789,0.098383486,0.369854659,0.085354112,-0.271202594,-1.859709144,0.849483073,-0.317222953,0.035440151,0.420109630,-0.065587074,-0.337586433,-1.858317137,0.933986127,-0.299530536,-0.060175970,-0.185284287
429,135605,89801,stationary,stationary_right_view,-0.751615882,1.642049909,-0.554298759,-0.005348159,0.917467654,0.395623177,0.041313525,-0.021636922,-0.211795375,-1.954114318,0.864065111,-0.306414545,0.102402151,0.386025071,0.086550623,-0.272853523,-1.870690107,0.852036417,-0.316227794,0.038226079,0.415418655,-0.066366173,-0.336159796,-1.849104047,0.931925774,-0.312290281,-0.071312867,-0.170010477
430,135814,90010,stationary,stationary_right_view,-0.751737118,1.642123699,-0.554779172,-0.005777938,0.917546809,0.395400256,0.041631285,-0.022314850,-0.209856063,-1.937219977,0.858158231,-0.312394470,0.091245607,0.397049606,0.085744016,-0.272035003,-1.863419056,0.849402547,-0.317433774,0.036920574,0.419985741,-0.066426665,-0.337864399,-1.855384350,0.933242261,-0.311367810,-0.075097047,-0.162694275
431,136022,90218,stationary,stationary_right_view,-0.751562238,1.642362833,-0.555336833,-0.005795508,0.917724252,0.394973963,0.041764293,,,,,,,,0.083931863,-0.271213889,-1.839293599,0.840802014,-0.293178827,0.019775471,0.454650551,-0.066491529,-0.332759559,-1.821524501,0.926522851,-0.286709368,-0.052738242,-0.237848386
432,136245,90441,stationary,stationary_right_view,-0.750966072,1.642325163,-0.555410862,-0.005250126,0.917618990,0.395340264,0.040668957,-0.019815072,-0.210750595,-1.938751817,0.861315608,-0.306837112,0.096538059,0.393277019,0.085228756,-0.260951340,-1.790311694,0.852539003,-0.305587351,0.076535307,0.417056322,-0.064356700,-0.339351863,-1.863327622,0.933940828,-0.310842782,-0.073291518,-0.160498291
433,136453,90649,stationary,stationary_right_view,-0.751276016,1.642504096,-0.555968642,-0.005601645,0.917673945,0.395161957,0.041112777,,,,,,,,0.086841516,-0.271119207,-1.851530313,0.851778507,-0.313943148,0.027867304,0.418493122,-0.065128803,-0.334964395,-1.841241241,0.929965615,-0.313730568,-0.074493565,-0.176600784
434,136676,90872,stationary,stationary_right_view,-0.751812577,1.642480373,-0.556701064,-0.006207929,0.917746663,0.394936264,0.041567598,,,,,,,,0.086952925,-0.276695639,-1.882353067,0.903013408,-0.291425228,0.058420189,-0.310201854,-0.065855891,-0.337784618,-1.853001118,0.931562364,-0.312177867,-0.078026935,-0.169258147
435,136896,91092,stationary,stationary_right_view,-0.751798749,1.642535686,-0.556870103,-0.006291762,0.917816281,0.394749790,0.041789141,,,,,,,,0.084101252,-0.270219684,-1.849248886,0.906793952,-0.288827270,0.089698836,-0.293696582,-0.065960169,-0.337280780,-1.849690437,0.931460679,-0.312280357,-0.076416485,-0.170359984
436,137120,91316,stationary,stationary_right_view,-0.751479626,1.642591953,-0.556933880,-0.006035655,0.917684257,0.395093411,0.041476820,-0.021391386,-0.212568969,-1.954848886,0.862981498,-0.307749450,0.099761911,0.388073236,0.086957797,-0.273817807,-1.874753237,0.852545023,-0.316053718,0.042655215,0.414074361,-0.065821603,-0.336447746,-1.849786162,0.931606054,-0.312062740,-0.071736306,-0.171991155
437,137328,91524,stationary,stationary_right_view,-0.751694202,1.642733693,-0.556773663,-0.005478057,0.917747617,0.394829720,0.042647094,,,,,,,,0.082851291,-0.273539186,-1.864299297,0.853407025,-0.310816467,0.022684989,0.417821705,-0.070637666,-0.336546540,-1.845808864,0.879705608,-0.283050627,0.109797843,0.365984827
438,137550,91746,stationary,stationary_right_view,-0.751703858,1.642595768,-0.556859016,-0.006185773,0.917528927,0.395243883,0.043413971,-0.026228352,-0.219373330,-2.017425299,0.906805217,-0.309926599,-0.062384386,-0.278851241,0.081638940,-0.273649126,-1.879433870,0.899834514,-0.286549747,0.052804638,-0.324651837,-0.071249023,-0.336477727,-1.852086186,0.932001173,-0.313290834,-0.078894213,-0.164311633
439,137759,91955,stationary,stationary_right_view,-0.750877619,1.642725229,-0.557593226,-0.005786509,0.917759418,0.394764632,0.042953972,-0.026037857,-0.213111699,-1.952726483,0.860809445,-0.306649268,0.099458665,0.393803656,0.082515955,-0.273445755,-1.872803330,0.908947170,-0.299634159,0.078700341,-0.278999388,-0.069892690,-0.337768286,-1.852483869,0.931928217,-0.311979532,-0.076479316,-0.168313816
440,137966,92162,stationary,stationary_right_view,-0.750402689,1.642879844,-0.558471203,-0.005535275,0.917733073,0.394820064,0.043041140,-0.025243707,-0.218841568,-2.010437965,0.868445396,-0.308778226,0.092283681,0.376752377,0.081302993,-0.271209747,-1.860183120,0.906605661,-0.300837785,0.081112392,-0.284576118,-0.070557728,-0.336976588,-1.851108193,0.931964993,-0.312485039,-0.075700529,-0.167522639
441,138190,92386,stationary,stationary_right_view,-0.751277685,1.648732662,-0.554996610,0.002913044,0.929925859,0.364834756,0.046098199,,,,,,,,0.061744533,-0.395595759,-1.859668255,0.833390951,-0.310182154,0.047495402,0.454962373,-0.092067949,-0.454672575,-1.823479176,0.934727490,-0.322276801,-0.075746961,-0.129168719
442,138385,92581,stationary,stationary_right_view,-0.751019835,1.645409346,-0.557402849,-0.000532317,0.923476458,0.380820900,0.046544909,-0.046374422,-0.265989751,-1.952087522,0.856482565,-0.301006049,0.093434401,0.408782333,0.063419841,-0.326581597,-1.874075174,0.848066926,-0.312220067,0.028194256,0.427207500,-0.088538222,-0.382555932,-1.825437307,0.928942919,-0.307364583,-0.070875160,-0.193826750
443,138591,92787,stationary,stationary_right_view,-0.750640631,1.645749569,-0.559575438,-0.000695750,0.922354877,0.383506715,0.046729833,,,,,,,,0.062460601,-0.324031830,-1.871282101,0.845541894,-0.315683901,0.037705310,0.428929925,-0.090475455,-0.385482341,-1.842967391,0.932530880,-0.316729933,-0.075735979,-0.155988425
444,138813,93009,stationary,stationary_right_view,-0.750772715,1.648053646,-0.560042858,-0.000654580,0.926321626,0.373674572,0.047907799,,,,,,,,0.059660330,-0.359832972,-1.865395427,0.843421161,-0.309644490,0.031631455,0.437904656,-0.092533365,-0.415187538,-1.810801864,0.931495488,-0.317926377,-0.072292455,-0.161284834
445,139023,93219,stationary,stationary_right_view,-0.750005722,1.647004962,-0.561756968,-0.000301225,0.924433529,0.378209472,0.048787687,-0.052619711,-0.286615640,-1.967482924,0.858734012,-0.299986124,0.102460913,0.402599037,0.059864670,-0.354677022,-1.941208243,0.852738440,-0.305442899,0.030820418,0.422601372,-0.093903854,-0.399301916,-1.822775006,0.930729985,-0.303364247,-0.070313215,-0.191749632
446,139243,93439,stationary,stationary_right_view,-0.749321342,1.646624088,-0.562874675,0.000573810,0.923588514,0.380209744,0.049239274,-0.057766542,-0.270987570,-1.927004337,0.846160293,-0.289381981,0.079585895,0.440382689,0.052601159,-0.329716891,-1.855557919,0.841739774,-0.314206451,0.031348985,0.437910587,-0.099455252,-0.395092130,-1.847499490,0.933740973,-0.316880345,-0.077487409,-0.147344336
447,139454,93650,stationary,stationary_right_view,-0.748772025,1.646449327,-0.563352823,0.000521140,0.923186660,0.381204188,0.049086515,-0.055162597,-0.268026650,-1.946010113,0.856022477,-0.303343564,0.093551718,0.407990575,0.054513931,-0.328881919,-1.875702262,0.846258879,-0.315068156,0.034397583,0.428246200,-0.097443432,-0.379879981,-1.815863013,0.887819946,-0.266801357,0.157652870,0.340203404
448,139676,93872,stationary,stationary_right_view,-0.748712778,1.646473885,-0.563759685,0.000528380,0.923097730,0.381386340,0.049343590,-0.056066666,-0.269187868,-1.963625669,0.860449135,-0.301380634,0.102351598,0.397895932,0.053930186,-0.329848021,-1.885452867,0.905448258,-0.291279793,0.050877169,-0.304517746,-0.097343206,-0.382458836,-1.821789265,0.927955210,-0.306182027,-0.074864998,-0.198864147
449,139884,94080,stationary,stationary_right_view,-0.748662710,1.646440029,-0.563684225,0.000544953,0.922997892,0.381719112,0.048633128,-0.053683210,-0.264533073,-1.945062041,0.849512756,-0.290817827,0.091687508,0.430518866,0.055287860,-0.326659679,-1.873040676,0.846445680,-0.310123146,0.027403167,0.431975007,-0.097487114,-0.386325032,-1.838136435,0.931216598,-0.316222966,-0.077449739,-0.163829923
450,140105,94301,stationary,stationary_right_view,-0.749146104,1.646649599,-0.563856125,0.000499232,0.923141718,0.381281406,0.049331963,-0.056432649,-0.268156022,-1.952786565,0.858152688,-0.303174436,0.100595243,0.401920259,0.053176664,-0.326413810,-1.865345359,0.846156776,-0.312875956,0.026490157,0.430610806,-0.099376090,-0.388919652,-1.842504501,0.932937682,-0.316976756,-0.075562805,-0.153111935
451,140314,94510,stationary,stationary_right_view,-0.749339581,1.646862268,-0.564031363,0.000062314,0.923188388,0.381244659,0.048741344,-0.053767826,-0.266446084,-1.938559532,0.855231762,-0.304136604,0.091320306,0.409560949,0.055636644,-0.325151712,-1.862961411,0.838400424,-0.305228204,0.038219556,0.449955255,-0.092026725,-0.363855839,-1.736576557,0.870724201,-0.277866036,0.145023078,0.378943592
452,140523,94719,stationary,stationary_right_view,-0.749426961,1.646927953,-0.564064860,-0.000254023,0.923023105,0.381565720,0.049355127,-0.054629348,-0.264691323,-1.944526792,0.850056171,-0.287755311,0.085619695,0.432747811,0.054389194,-0.325598657,-1.867888927,0.845748305,-0.307421029,0.023843495,0.435469419,-0.098706603,-0.386833608,-1.840084195,0.931944430,-0.314892858,-0.083111860,-0.159419477
453,140745,94941,stationary,stationary_right_view,-0.749447227,1.647022009,-0.564574718,-0.000235691,0.923041761,0.381459951,0.049821351,-0.057325378,-0.264982104,-1.937616706,0.854641914,-0.304078549,0.092267171,0.410621703,0.053081125,-0.327794701,-1.882943869,0.842623830,-0.308301777,0.033827804,0.440216810,-0.099557988,-0.387251496,-1.836919069,0.933167815,-0.315257847,-0.074024133,-0.155983299
454,140954,95150,stationary,stationary_right_view,-0.749243021,1.647160172,-0.565003037,-0.000213726,0.923057199,0.381472945,0.049434807,-0.055995665,-0.269310057,-1.964644551,0.860538900,-0.301158726,0.101297356,0.398139626,0.054135352,-0.329982132,-1.887423158,0.905867577,-0.291583151,0.051095665,-0.302939683,-0.097469710,-0.384002626,-1.829764247,0.928843200,-0.305820227,-0.075001098,-0.195190087
455,141175,95371,stationary,stationary_right_view,-0.749333024,1.647114992,-0.565027595,-0.000665187,0.923190713,0.381118923,0.049667716,-0.056097709,-0.268577397,-1.954916120,0.858454347,-0.302766323,0.101618700,0.401325703,0.053874254,-0.327853918,-1.873892188,0.848156214,-0.313180983,0.030046122,0.426199406,-0.100860097,-0.392358094,-1.871671319,0.894108415,-0.278358251,0.125622854,0.327575594
456,141399,95595,stationary,stationary_right_view,-0.749262333,1.647315502,-0.565471172,-0.000220119,0.923631072,0.380153298,0.048878245,-0.053549655,-0.269798636,-1.937101007,0.856016636,-0.303200632,0.096942849,0.407316834,0.055800192,-0.331724793,-1.873492241,0.846552968,-0.310711503,0.028739385,0.431254536,-0.096528865,-0.387814701,-1.820652843,0.928879201,-0.321355253,-0.081047326,-0.165365100
457,141604,95800,stationary,stationary_right_view,-0.749740124,1.648800373,-0.564818621,0.001205030,0.925679684,0.375159442,0.048693366,-0.056144141,-0.291263670,-1.949447274,0.852152824,-0.302794695,0.097487539,0.415508270,,,,,,,,-0.098981567,-0.412014216,-1.846160889,0.934277654,-0.316830009,-0.072751962,-0.146462142
458,141814,96010,stationary,stationary_right_view,-0.749667525,1.651041031,-0.564947844,0.002449021,0.928229094,0.368828386,0.048481282,-0.056266490,-0.324698657,-1.953634620,0.902248621,-0.310219973,-0.070663646,-0.291063011,0.056300923,-0.393899113,-1.925132155,0.914653718,-0.283995062,0.072296165,-0.278439671,-0.097964682,-0.434321582,-1.811490178,0.932611108,-0.303907901,-0.061836988,-0.184533879
459,142036,96232,stationary,stationary_right_view,-0.750278950,1.651368380,-0.566284895,0.001852722,0.928425074,0.368000418,0.050981406,,,,,,,,0.044555530,-0.379202515,-1.849730730,0.836515844,-0.312295914,0.033680808,0.448974550,-0.107331254,-0.443691134,-1.837185621,0.935281515,-0.318003058,-0.071628608,-0.137811169
460,142244,96440,stationary,stationary_right_view,-0.750600100,1.651672602,-0.567342758,0.000902548,0.928495526,0.367707998,0.051827937,-0.065837726,-0.326455891,-1.948215127,0.850713134,-0.299025983,0.096764356,0.421316236,0.044026852,-0.379089385,-1.847299099,0.836734653,-0.310540378,0.034005504,0.449759334,-0.107597344,-0.444427192,-1.837350130,0.935067296,-0.317849606,-0.076533698,-0.136979520
461,142465,96661,stationary,stationary_right_view,-0.750213265,1.651522636,-0.567773700,0.001264840,0.928503990,0.367789537,0.051084131,-0.062994689,-0.323132932,-1.931571484,0.848890483,-0.297572106,0.098840855,0.425518870,0.046888448,-0.383937031,-1.872728348,0.840597868,-0.313941777,0.042055007,0.439394087,-0.106382497,-0.451011509,-1.865566730,0.937830508,-0.315064728,-0.079181142,-0.122223236
462,142690,96886,stationary,stationary_right_view,-0.750072598,1.651479125,-0.567213655,0.001217053,0.928537309,0.367675066,0.051303837,-0.063943192,-0.325930715,-1.946621656,0.850383878,-0.299362600,0.095278792,0.422079772,0.045761570,-0.380028903,-1.856527805,0.917109966,-0.302635044,0.081097968,-0.246463820,-0.106811084,-0.451058924,-1.865578175,0.937441587,-0.315275908,-0.081273586,-0.123284221
463,142897,97093,stationary,stationary_right_view,-0.750167489,1.651540399,-0.567238212,0.000455246,0.928499162,0.367782772,0.051234525,-0.062307060,-0.320471585,-1.920396924,0.844692290,-0.300631016,0.092457600,0.433090657,0.047325693,-0.381478310,-1.863286614,0.840719521,-0.309893429,0.033888370,0.442728281,-0.105156630,-0.448610544,-1.856792808,0.936961591,-0.317268491,-0.080507733,-0.122320116
464,143120,97316,stationary,stationary_right_view,-0.750969648,1.651009798,-0.566848278,-0.000298367,0.928340852,0.368153006,0.051444262,-0.061942622,-0.320492893,-1.921871901,0.844353735,-0.302328438,0.089623615,0.433164954,0.047942571,-0.376925170,-1.844893575,0.834717929,-0.300704867,0.026016606,0.460592806,-0.104205906,-0.445855260,-1.845304370,0.937199116,-0.314902723,-0.074620098,-0.130099878
465,143341,97537,stationary,stationary_right_view,-0.751281381,1.650544524,-0.565801859,-0.000041915,0.928090811,0.368847877,0.050978001,-0.062503770,-0.315411329,-1.909532785,0.837426960,-0.292688608,0.080153368,0.454560101,0.049956262,-0.386009991,-1.917923927,0.846498847,-0.300069928,0.041332539,0.437823445,-0.102497444,-0.437413186,-1.830305815,0.936360359,-0.305635303,-0.056034304,-0.163329497
466,143551,97747,stationary,stationary_right_view,-0.751922488,1.650864720,-0.566121221,-0.000593275,0.928226650,0.368461251,0.051295642,,,,,,,,0.047806948,-0.379834145,-1.865647554,0.841158450,-0.309651315,0.028096592,0.442469358,-0.102658689,-0.434530556,-1.813530326,0.933810711,-0.301494539,-0.059797067,-0.183092743
467,143771,97967,stationary,stationary_right_view,-0.752918363,1.650573730,-0.566193938,-0.001554100,0.927786112,0.369485497,0.051874787,,,,,,,,0.047001012,-0.380771935,-1.886545777,0.911615312,-0.294698447,0.050906431,-0.281991035,-0.099568531,-0.412005812,-1.728995442,0.925285101,-0.318881989,-0.084368013,-0.187200129
468,143981,98177,stationary,stationary_right_view,-0.752813935,1.650650740,-0.566254377,-0.001506181,0.927969456,0.369053364,0.051673230,-0.062756680,-0.318061084,-1.937001824,0.851597726,-0.298184305,0.098290473,0.419769496,0.047530934,-0.377604574,-1.870579839,0.841361523,-0.308096498,0.031702079,0.442924798,-0.104479812,-0.441743374,-1.854247093,0.935218394,-0.316133976,-0.056108519,-0.149257243
469,144202,98398,stationary,stationary_right_view,-0.753033042,1.650717854,-0.566845536,-0.001754566,0.927934825,0.369053304,0.052283913,-0.064523362,-0.320986539,-1.954695344,0.854979396,-0.298553795,0.105594620,0.410762250,0.046099536,-0.380422145,-1.882827401,0.911173701,-0.291499943,0.053400833,-0.286249161,-0.105759948,-0.433326215,-1.817163587,0.932867765,-0.317643374,-0.078894064,-0.150453210
470,144411,98607,stationary,stationary_right_view,-0.753412127,1.650636673,-0.567298055,-0.002262832,0.927746415,0.369575769,0.051915821,-0.062613875,-0.314706922,-1.931892991,0.848593056,-0.296874672,0.096888393,0.427045554,0.047696643,-0.371763289,-1.862516642,0.834638536,-0.301993698,0.042300135,0.458681852,-0.102867074,-0.432676822,-1.827294946,0.936577559,-0.302885145,-0.053005274,-0.168147609
471,144633,98829,stationary,stationary_right_view,-0.754086375,1.650572300,-0.567468047,-0.002906128,0.927768230,0.369483173,0.052151922,-0.062844150,-0.316653967,-1.941852093,0.850601673,-0.295790762,0.097076803,0.423746109,0.047597289,-0.369154304,-1.846316099,0.837024450,-0.299099714,0.026809512,0.457395524,-0.102827303,-0.432569087,-1.825916767,0.936137319,-0.302732527,-0.056593500,-0.169697240
472,144841,99037,stationary,stationary_right_view,-0.754414082,1.650286198,-0.567221999,-0.003121332,0.927544653,0.370091051,0.051805858,-0.061451156,-0.317431986,-1.967853546,0.856335461,-0.296328962,0.106109299,0.409413636,0.049970001,-0.368065268,-1.850244999,0.843404830,-0.303624034,0.015472415,0.442991376,-0.103000104,-0.431425422,-1.830993414,0.933910429,-0.313500702,-0.080297418,-0.151924223
473,145064,99260,stationary,stationary_right_view,-0.754495263,1.650039673,-0.566897392,-0.003166199,0.927218437,0.370901316,0.051847786,-0.061781805,-0.307741374,-1.926164746,0.850787222,-0.299307704,0.100054674,0.420196474,0.051798441,-0.381025434,-1.927576303,0.914570510,-0.282807440,0.069401942,-0.280649513,-0.103363454,-0.430148751,-1.835621119,0.935333073,-0.314868420,-0.077668995,-0.141341463
474,145273,99469,stationary,stationary_right_view,-0.754453897,1.649968982,-0.566754222,-0.002928826,0.927052855,0.371294260,0.052009501,,,,,,,,0.046543710,-0.365270644,-1.865749359,0.917663097,-0.301977247,0.075197734,-0.247081876,-0.104337096,-0.426811308,-1.829033017,0.935605347,-0.312295586,-0.070532858,-0.148792833
475,145495,99691,stationary,stationary_right_view,-0.754508018,1.650031090,-0.566729665,-0.002833005,0.927168429,0.371087193,0.051429901,-0.060856178,-0.310834974,-1.950103879,0.900686920,-0.310068011,-0.073586978,-0.295306385,0.047397882,-0.368003011,-1.860305190,0.906617045,-0.276081204,0.060303960,-0.313349932,-0.100006036,-0.418247610,-1.784486890,0.922386587,-0.314503819,-0.041816656,-0.220321923
476,145703,99899,stationary,stationary_right_view,-0.754787087,1.649863243,-0.566187620,-0.002847832,0.926835239,0.371902227,0.051546987,-0.062157933,-0.303789228,-1.925935268,0.848023713,-0.298758596,0.094905816,0.427307874,0.047956243,-0.363580465,-1.867016196,0.837342858,-0.303129882,0.038904503,0.453272223,-0.104487278,-0.428958982,-1.847103834,0.935455382,-0.316805214,-0.081328698,-0.133952782
477,145910,100106,stationary,stationary_right_view,-0.754941344,1.649863005,-0.565785170,-0.002632244,0.926790595,0.371979654,0.051801592,-0.063684955,-0.307475686,-1.942653894,0.852149427,-0.297459781,0.095790371,0.419741988,0.046725854,-0.364436448,-1.864837885,0.843687952,-0.306712449,0.031133778,0.439486980,-0.105533987,-0.428313762,-1.842603683,0.935157776,-0.315404743,-0.079473354,-0.140299022
478,146133,100329,stationary,stationary_right_view,-0.754925728,1.649962187,-0.565411329,-0.002352654,0.926878989,0.371813893,0.051422503,-0.062900893,-0.308202595,-1.942953706,0.850908935,-0.297048956,0.092601746,0.423250407,0.047771081,-0.363173604,-1.860456705,0.834849298,-0.302677810,0.045330912,0.457556486,-0.102636807,-0.422978044,-1.820696354,0.934678614,-0.303501040,-0.060060460,-0.175087810
479,146357,100553,stationary,stationary_right_view,-0.755319357,1.649808645,-0.565100908,-0.002522424,0.926876783,0.371762753,0.051822487,-0.064307213,-0.310576469,-1.955932379,0.853880584,-0.297180623,0.095792189,0.416407853,0.046661004,-0.367231905,-1.873856783,0.844137251,-0.311581194,0.044671059,0.433997661,-0.105684288,-0.426823467,-1.832044125,0.933826447,-0.315109372,-0.073924720,-0.152346238
480,146563,100759,stationary,stationary_right_view,-0.755885720,1.649482250,-0.564661145,-0.002829612,0.926599801,0.372357219,0.052488200,-0.066029862,-0.303396165,-1.927316904,0.851601183,-0.299736768,0.097340278,0.418877244,0.044194713,-0.363645524,-1.868835568,0.838231146,-0.304048777,0.036748547,0.451190025,-0.107799821,-0.427457809,-1.842039347,0.935921907,-0.315295845,-0.077379495,-0.136569008
481,146786,100982,stationary,stationary_right_view,-0.756727099,1.649558544,-0.563821435,-0.002884302,0.926789880,0.371942341,0.052068017,-0.065843113,-0.315536320,-1.976573110,0.909022152,-0.313899726,-0.070948310,-0.264786810,0.045334503,-0.368158013,-1.871299505,0.913329899,-0.290959328,0.055727694,-0.279402107,-0.107107759,-0.427602828,-1.834848404,0.934459865,-0.314517975,-0.080958724,-0.145975813
482,146996,101192,stationary,stationary_right_view,-0.758197188,1.649035215,-0.562240601,-0.003358336,0.926365077,0.372973591,0.052221917,-0.068306521,-0.324266374,-2.078145504,0.867870986,-0.282471716,0.095156163,0.397435576,0.043644413,-0.362551779,-1.861167550,0.842249155,-0.307981312,0.029189011,0.441488236,-0.107980363,-0.427558035,-1.844118237,0.937119603,-0.312944174,-0.078808889,-0.132898062
483,147218,101414,stationary,stationary_right_view,-0.760403991,1.648337364,-0.559824109,-0.003053160,0.926116347,0.373574108,0.052360561,-0.069965318,-0.307721138,-1.963285685,0.857781112,-0.295562714,0.101814292,0.408029556,0.041359492,-0.365136147,-1.875591755,0.912639201,-0.292491168,0.053327218,-0.280526012,-0.110153154,-0.421145469,-1.825979590,0.931877375,-0.304954350,-0.079425409,-0.179719627
484,147438,101634,stationary,stationary_right_view,-0.764288425,1.648468256,-0.554743409,-0.002189292,0.926320851,0.373154759,0.051772296,-0.073122464,-0.310700953,-1.934673548,0.852784634,-0.298832089,0.102358490,0.415909231,0.037740745,-0.369805098,-1.866573215,0.844282568,-0.309737355,0.042829242,0.435218841,-0.113752015,-0.426399380,-1.814728260,0.931637049,-0.307438523,-0.078291431,-0.177212834
485,147647,101843,stationary,stationary_right_view,-0.769894242,1.644535065,-0.544127822,-0.000609919,0.926150560,0.373843014,0.049861636,-0.074960858,-0.325106621,-2.001323700,0.914383531,-0.318321198,-0.063910455,-0.241846725,0.035507888,-0.367776901,-1.838794708,0.841191351,-0.309364945,0.035682704,0.442060232,-0.117352158,-0.431928754,-1.820617557,0.934638023,-0.319428414,-0.076163836,-0.136441559
486,147855,102051,stationary,stationary_right_view,-0.772757888,1.632457018,-0.520801663,-0.000081718,0.927609026,0.370064974,0.050925639,,,,,,,,0.031476423,-0.391315609,-1.818959594,0.842903554,-0.311981529,0.031384945,0.437259823,-0.119868159,-0.450497985,-1.781824231,0.933938444,-0.309938461,-0.075680144,-0.161151126
487,148063,102259,stationary,stationary_right_view,-0.772321105,1.621259451,-0.445491076,0.002253827,0.930357575,0.360100329,0.068974793,-0.128317758,-0.415372610,-1.805085540,0.844304264,-0.295798719,0.068483718,0.441546679,-0.015701044,-0.472442806,-1.741065383,0.839322686,-0.301572144,0.032449625,0.451152682,-0.167127132,-0.543430626,-1.726521134,0.944633961,-0.316382825,-0.057482399,-0.065302633
488,148257,102453,stationary,stationary_right_view,-0.763447523,1.581924200,-0.306982398,-0.019701228,0.924476206,0.363548011,0.113086253,-0.174454391,-0.467059433,-1.668560624,0.863275290,-0.243614838,0.078879982,0.434954673,-0.054260414,-0.519326150,-1.625774503,0.854160190,-0.260822624,0.015292398,0.449608833,-0.194316462,-0.587112963,-1.550533414,0.957578599,-0.278200865,-0.073469877,-0.015802668
489,148453,102649,stationary,stationary_right_view,-0.734059095,1.563390851,-0.087483406,-0.054662958,0.909256101,0.374753445,0.172699660,-0.160287127,-0.563167334,-1.515543222,0.889701009,-0.178424239,0.058206253,0.416183770,-0.032022130,-0.602587700,-1.486168265,0.876755118,-0.195179880,0.006155461,0.439508110,-0.156324521,-0.693827391,-1.410076857,0.972452521,-0.198474213,-0.033304267,0.117621668
490,148661,102857,stationary,stationary_high_view,-0.708099484,1.584695339,0.147247910,-0.090957321,0.881537974,0.407822341,0.219769135,-0.087916248,-0.615371943,-1.435890675,0.988202214,-0.144906148,-0.025609249,0.042458657,0.045854740,-0.650476694,-1.435045362,0.913412392,-0.138268828,-0.006026405,0.382783592,-0.061734818,-0.722571135,-1.289301872,0.926333010,-0.111319304,-0.003989558,0.359860033
491,148868,103064,stationary,stationary_high_view,-0.700120807,1.601972938,0.297135353,-0.110674888,0.846533418,0.437700599,0.282046825,-0.111194640,-0.619817734,-1.394481897,0.927019238,-0.071789660,0.002940489,0.368066490,0.023689415,-0.642662764,-1.401093602,0.914651394,-0.064966872,-0.040023338,0.396976441,-0.064416759,-0.739279687,-1.275516868,0.936456621,-0.049559660,-0.021233909,0.346614987
492,149091,103287,stationary,stationary_high_view,-0.716028333,1.612952828,0.364840269,-0.114590108,0.835053384,0.439033568,0.311134189,-0.132368177,-0.653963208,-1.342903018,0.929135621,-0.039740913,-0.019948591,0.367055535,0.001101691,-0.680481315,-1.373222470,0.927456021,-0.056218747,-0.075227059,0.361947030,-0.076762356,-0.784462094,-1.252052546,0.927664876,-0.023151360,-0.032414414,0.371283203
493,149314,103510,stationary,stationary_high_view,-0.758628726,1.623411894,0.383915186,-0.125285864,0.834752738,0.438005447,0.309261292,-0.126268208,-0.678637505,-1.314375401,0.914547563,-0.032034520,-0.015079167,0.402925730,0.005398255,-0.711117387,-1.357857227,0.929778337,-0.044187527,-0.066044539,0.359441042,-0.070689395,-0.818897843,-1.242261410,0.931174457,-0.004303714,0.007248436,0.364476532
494,149522,103718,stationary,stationary_high_view,-0.784949183,1.650327086,0.395441175,-0.136802316,0.828853667,0.439720631,0.317698836,-0.130950153,-0.709093809,-1.329404473,0.921429515,-0.015025872,-0.006866731,0.388194203,0.000711106,-0.732515991,-1.363543153,0.922523737,-0.027944285,-0.059741285,0.380263209,-0.070976846,-0.846298337,-1.254364252,0.920749247,-0.004216084,-0.044796064,0.387551814
495,149744,103940,stationary,stationary_high_view,-0.785088420,1.664028883,0.403292418,-0.142100945,0.834370553,0.422224939,0.324590772,-0.106887423,-0.773363471,-1.319401741,0.915811360,-0.003140836,-0.011541696,0.401430488,0.026641589,-0.783675015,-1.334361672,0.914405763,-0.018981928,-0.060053751,0.399869084,-0.042371314,-0.899381220,-1.229686856,0.911599696,0.008301603,-0.034520045,0.409543008
496,149952,104148,stationary,stationary_high_view,-0.785679698,1.674978018,0.421063304,-0.141940743,0.839264095,0.414840728,0.321552247,-0.081949614,-0.803753614,-1.302734733,0.907268822,-0.010191507,-0.003894535,0.420409650,0.051517211,-0.826353550,-1.334241033,0.918796241,-0.023445761,-0.060007155,0.389439285,-0.019011095,-0.932746053,-1.216928959,0.899247646,0.015475027,-0.001131097,0.437164724
497,150175,104371,stationary,stationary_high_view,-0.788725615,1.684117198,0.437790513,-0.138799086,0.840387046,0.414988279,0.319795549,-0.078555107,-0.827766418,-1.304186225,0.910739183,-0.006948733,-0.002194476,0.412917763,0.054746501,-0.841224253,-1.319600821,0.908816874,-0.024551133,-0.053580768,0.413011253,-0.016290277,-0.959008992,-1.219881654,0.909787297,0.003377678,-0.011402884,0.414904445
498,150397,104593,stationary,stationary_high_view,-0.797155261,1.694945097,0.448313355,-0.136645377,0.841835201,0.412491649,0.320144147,-0.081273615,-0.854080617,-1.299962163,0.914857864,-0.007714567,-0.005755716,0.403661311,0.052950904,-0.870484471,-1.319468975,0.915115058,-0.028293839,-0.061800592,0.397422463,-0.018913789,-0.985520422,-1.215200186,0.904363573,0.006084283,-0.010382093,0.426593274
499,150605,104801,stationary,stationary_high_view,-0.795462012,1.693508863,0.442883730,-0.128953055,0.845600784,0.416073859,0.308566004,-0.084620416,-0.832898021,-1.287250519,0.890334785,-0.029196691,-0.007135740,0.454313368,0.048410460,-0.863716722,-1.323202610,0.919682682,-0.049263619,-0.066074871,0.383915305,-0.028308526,-0.976778388,-1.219359994,0.902884424,-0.007668494,-0.008118460,0.429738283
500,150828,105024,stationary,stationary_high_view,-0.798703432,1.695687532,0.439565539,-0.129971489,0.846317351,0.412868142,0.310474187,-0.086774595,-0.845081806,-1.291171312,0.899067879,-0.020345451,0.007562228,0.437270939,0.046389133,-0.876178861,-1.326205015,0.919810772,-0.048817150,-0.070804372,0.382820904,-0.029428393,-0.983726084,-1.214510560,0.902521312,-0.007857959,-0.010426193,0.430447340
501,151051,105247,stationary,stationary_high_view,-0.797400117,1.695134640,0.439375877,-0.133059323,0.843236864,0.415016651,0.314655483,-0.089273997,-0.845039845,-1.301556587,0.908006310,-0.018762644,-0.003784906,0.418519080,0.043683335,-0.862133920,-1.319098711,0.909875691,-0.033282325,-0.054009415,0.410001814,-0.029293021,-0.972134054,-1.211465120,0.893887162,0.004645842,0.006547927,0.448220223
502,151273,105469,stationary,stationary_high_view,-0.796860814,1.694978952,0.442922115,-0.134345755,0.842222393,0.416553229,0.314795345,-0.084893495,-0.837039590,-1.300152063,0.907009482,-0.019953376,-0.018970089,0.420209259,0.048130810,-0.862018704,-1.328888297,0.910922766,-0.023426721,-0.032603174,0.410618931,-0.025023453,-0.973926663,-1.222273588,0.905374408,-0.000561211,-0.019302396,0.424174875
503,151481,105677,stationary,stationary_high_view,-0.797077298,1.692419291,0.447344065,-0.136212274,0.839113057,0.420608521,0.316897511,-0.086343586,-0.825978160,-1.308345795,0.913880348,-0.015860558,0.002343607,0.405667037,0.047006622,-0.852021813,-1.340574622,0.921645105,-0.028017100,-0.056081183,0.382936358,-0.025610754,-0.959554374,-1.226534963,0.903338253,0.004100508,-0.011068291,0.428766489
504,151703,105899,stationary,stationary_high_view,-0.797742844,1.687967062,0.450447917,-0.142142147,0.831724823,0.435101688,0.314190865,-0.083094962,-0.779058099,-1.331918001,0.915451646,-0.015512599,-0.003617822,0.402112693,0.050666511,-0.802724123,-1.364297748,0.930507839,-0.030001910,-0.061897632,0.359755158,-0.022338396,-0.907735348,-1.245240808,0.902599096,0.004916611,-0.005004611,0.430425018
505,151911,106107,stationary,stationary_high_view,-0.798422933,1.677369356,0.452411652,-0.147458136,0.820821762,0.455708772,0.311186880,-0.089829229,-0.709829330,-1.353373408,0.919169724,-0.017237561,-0.010611516,0.393341154,0.043507837,-0.728385866,-1.379761934,0.925154269,-0.031566989,-0.060417958,0.373420417,-0.029737175,-0.852895796,-1.288991451,0.920637488,0.004129227,-0.011874183,0.390216023
506,152120,106316,stationary,stationary_high_view,-0.800963402,1.673138857,0.455474734,-0.150745928,0.816325903,0.464362949,0.308633745,-0.088937216,-0.686704755,-1.367564440,0.930792212,-0.018306538,-0.014724574,0.364793032,0.044612423,-0.721804082,-1.421630263,0.982467651,0.025951000,0.112353563,0.146493942,-0.028062794,-0.829365134,-1.300187111,0.924027741,0.002417249,-0.009187462,0.382207453
507,152341,106537,stationary,stationary_high_view,-0.806672931,1.671553731,0.457853556,-0.153794274,0.812994242,0.469045639,0.308842808,-0.090372778,-0.669162035,-1.365206122,0.932479501,-0.013304306,0.000604889,0.360977352,0.043062679,-0.713577569,-1.441545129,0.976212084,0.026275994,0.126180142,0.174350530,-0.029900227,-0.815129995,-1.306081891,0.933315575,0.005658317,-0.002599813,0.359003156
508,152550,106746,stationary,stationary_high_view,-0.812285662,1.669645309,0.460092306,-0.155284733,0.810444653,0.474164754,0.306975514,-0.093314506,-0.662991762,-1.382294178,0.939699054,-0.018198352,-0.002176464,0.341510981,0.040658981,-0.694358289,-1.433020949,0.982971549,0.024373768,0.115116887,0.141141817,-0.032304913,-0.807641149,-1.318864942,0.938946009,0.002383600,-0.012832016,0.343816966
509,152772,106968,stationary,stationary_high_view,-0.817172170,1.668321133,0.460336328,-0.159236982,0.808044791,0.476599753,0.307505935,-0.092463985,-0.655361533,-1.384735227,0.940163374,-0.010103230,-0.006510778,0.340511918,0.041496649,-0.688163221,-1.439972758,0.984327197,0.026020810,0.099767156,0.143071279,-0.030701941,-0.790218472,-1.306011319,0.925166667,0.014012928,0.009400335,0.379186004
510,152981,107177,stationary,stationary_high_view,-0.820839286,1.668065310,0.459086061,-0.160866648,0.808891535,0.476046771,0.305279970,-0.087219179,-0.648847222,-1.371102929,0.934391737,-0.009258499,0.007229755,0.356053561,0.047283128,-0.690573037,-1.446274042,0.964494646,0.026150873,0.162796021,0.206309885,-0.026596062,-0.796207309,-1.315491199,0.931327879,0.012565318,0.012655452,0.363744885
511,153202,107398,stationary,stationary_high_view,-0.822967649,1.668404818,0.456880212,-0.161696702,0.808727801,0.476049364,0.305271387,-0.088758126,-0.653462768,-1.383910775,0.939225852,-0.014031238,-0.013913529,0.342730731,0.045449264,-0.685623765,-1.437511206,0.980744421,0.029727420,0.118098609,0.152674362,-0.027490228,-0.789995432,-1.308200836,0.925694287,0.005031863,-0.012097153,0.378045619
512,153412,107608,stationary,stationary_high_view,-0.824110031,1.667622924,0.454901457,-0.162137151,0.809068203,0.475171477,0.305503279,-0.089243218,-0.656743169,-1.384197712,0.939580441,-0.013407466,-0.008626848,0.341956735,0.044272661,-0.669379234,-1.403338075,0.941904366,-0.024277529,-0.058832996,0.329796046,-0.027727436,-0.793260992,-1.307793856,0.927290142,0.004511254,-0.012533109,0.374106348
513,153634,107830,stationary,stationary_high_view,-0.825607300,1.668522358,0.455024838,-0.161199003,0.810029805,0.474373400,0.304690808,-0.090195119,-0.659656584,-1.381345153,0.940393746,-0.015856750,0.008502465,0.339611411,0.043976746,-0.681393147,-1.415244341,0.937386096,-0.014516182,-0.058536999,0.343030572,-0.029406317,-0.803260326,-1.316492677,0.938006341,0.006461258,-0.001139450,0.346556008
514,153856,108052,stationary,stationary_high_view,-0.828096986,1.669166088,0.455475569,-0.161277443,0.810082376,0.474681228,0.304029435,-0.090396374,-0.654313743,-1.360946059,0.987717450,-0.018504638,0.054102156,0.145412281,0.044142947,-0.686153531,-1.421834826,0.934925854,-0.004160953,-0.032845207,0.353295267,-0.029871456,-0.803231835,-1.313427806,0.931157231,0.003783975,-0.007323531,0.364524692
515,154064,108260,stationary,stationary_high_view,-0.830376267,1.670047522,0.456415057,-0.161455110,0.810386777,0.473835081,0.304443538,-0.090132937,-0.656980634,-1.365536213,0.926719487,-0.015239249,-0.004975859,0.375411838,0.045561925,-0.694017172,-1.431643963,0.950302601,-0.016536742,-0.061169405,0.304811150,-0.030109242,-0.803060651,-1.307520032,0.925151944,0.006426985,-0.003645687,0.379525065
516,154273,108469,stationary,stationary_high_view,-0.830102563,1.670215368,0.456095219,-0.161150888,0.810620129,0.473144442,0.305056959,-0.092420898,-0.668190360,-1.382855535,0.938614368,-0.009431021,-0.000469267,0.344839007,0.041277058,-0.695412874,-1.426624656,0.979975283,0.026647298,0.118744723,0.157600895,-0.030846564,-0.803372622,-1.304054737,0.919328749,0.008093445,-0.004020195,0.393386662
517,154494,108690,stationary,stationary_high_view,-0.826297402,1.670234561,0.456125140,-0.160138279,0.810996711,0.473321348,0.304313987,-0.090111151,-0.665507078,-1.379605889,0.941811204,-0.014901819,0.010315810,0.335653365,0.043655850,-0.696642280,-1.429929376,0.981081069,0.026234481,0.119901724,0.149717286,-0.029528553,-0.808629274,-1.314200759,0.934427738,0.005638085,-0.000585315,0.356107742
518,154702,108898,stationary,stationary_high_view,-0.818422198,1.668700933,0.455573320,-0.158386767,0.812045157,0.472043514,0.304419577,-0.086919323,-0.664696991,-1.379553199,0.937736034,-0.017219432,0.003787476,0.346900970,0.047262177,-0.687110543,-1.412930727,0.933629334,-0.015860962,-0.054648884,0.353692293,-0.026709311,-0.806649625,-1.311880827,0.931448102,0.003077254,-0.006216782,0.363808095
519,154925,109121,stationary,stationary_high_view,-0.811808348,1.670555830,0.457320213,-0.154599428,0.815446615,0.469950110,0.300487489,-0.078246124,-0.665475845,-1.359909534,0.926330268,-0.021560807,0.001719057,0.376090944,0.054264665,-0.690544069,-1.397082806,0.937252343,-0.031790327,-0.058324128,0.342265636,-0.020078015,-0.816652656,-1.307950377,0.932756364,-0.003802144,-0.012419986,0.360273331
520,155147,109343,stationary,stationary_high_view,-0.806972146,1.670595646,0.460312128,-0.154318586,0.815461040,0.469349772,0.301529199,-0.075764418,-0.670460463,-1.367530823,0.926969767,-0.026224785,-0.000562400,0.374217898,0.056989528,-0.686231375,-1.387446404,0.932327151,-0.038310312,-0.066500299,0.353378206,-0.017071970,-0.817172229,-1.307750106,0.927221060,0.003609210,0.008019028,0.374411255
521,155368,109564,stationary,stationary_high_view,-0.805116534,1.670115471,0.461688757,-0.152213752,0.813557804,0.469485074,0.307471156,-0.090215415,-0.677539825,-1.375694633,0.940600157,-0.015258949,0.014557508,0.338860720,0.043455943,-0.709295154,-1.425502062,0.980772853,0.027098997,0.124522008,0.147799075,-0.030001886,-0.819317102,-1.306129813,0.929830730,0.001920735,-0.008644795,0.367880940
522,155578,109774,stationary,stationary_high_view,-0.805032730,1.670327425,0.457496047,-0.149879023,0.815736353,0.467246175,0.306253999,-0.092838503,-0.684708774,-1.375775337,0.935264826,-0.022035439,-0.011470674,0.353075892,0.041266493,-0.698646784,-1.392203331,0.938069761,-0.033349600,-0.068924583,0.337879241,-0.032611694,-0.827456117,-1.306645393,0.927699208,0.002593141,-0.003871445,0.373299479
523,155800,109996,stationary,stationary_high_view,-0.806462407,1.671241045,0.455523849,-0.151205659,0.816894174,0.463670164,0.307946026,-0.089945748,-0.687460482,-1.356566191,0.925013781,-0.018210320,-0.008633674,0.379398704,0.043634333,-0.707076073,-1.385607481,0.934601426,-0.032504346,-0.069307350,0.347361714,-0.030068032,-0.830683589,-1.292985201,0.931551874,0.000963248,-0.017905110,0.363166124
524,156023,110219,stationary,stationary_high_view,-0.809787393,1.672578573,0.460569382,-0.149733216,0.817331016,0.466597348,0.303046137,-0.087162949,-0.681172788,-1.353062391,0.915926516,-0.027593883,-0.020906223,0.399850190,0.047041498,-0.722173691,-1.417817354,0.955140412,-0.046296135,-0.114269242,0.269269347,-0.028987359,-0.828688741,-1.294903398,0.925845861,-0.002162724,-0.000134317,0.377895176
525,156230,110426,stationary,stationary_high_view,-0.813843608,1.673765182,0.464092255,-0.150219113,0.816663146,0.468216509,0.302107304,-0.087111823,-0.684467614,-1.357672691,0.923677206,-0.022019554,-0.011734494,0.382358253,0.046561383,-0.732306898,-1.433834672,0.977774322,0.017445277,0.113614589,0.175341964,-0.029064333,-0.829686701,-1.295729876,0.923794627,0.000156087,0.008189018,0.382800758
526,156454,110650,stationary,stationary_high_view,-0.814343810,1.672693253,0.463742256,-0.148221925,0.817955852,0.465815127,0.303306431,-0.092123136,-0.694442570,-1.361652970,0.928506255,-0.022774680,0.000142469,0.370617688,0.041756034,-0.714581370,-1.387468934,0.938076198,-0.046016864,-0.084585324,0.332777321,-0.034122396,-0.834390044,-1.289100051,0.922529161,0.000341932,0.002372407,0.385920078
527,156675,110871,stationary,stationary_high_view,-0.815366626,1.674642920,0.463619471,-0.147367448,0.818705678,0.465226591,0.302602202,-0.093056083,-0.703375936,-1.366153359,0.931679547,-0.022736713,-0.001555315,0.362565726,0.039987840,-0.718338668,-1.382103920,0.935734212,-0.043729968,-0.071503401,0.342602432,-0.034827650,-0.840499759,-1.288085938,0.922383189,0.000842988,0.009452984,0.386159509
528,156884,111080,stationary,stationary_high_view,-0.814406514,1.674042344,0.461882353,-0.146478429,0.819797814,0.463725895,0.302380413,-0.093056291,-0.708068490,-1.364901185,0.934089541,-0.029692244,-0.015565038,0.355461478,0.040027700,-0.725191534,-1.384938598,0.939582050,-0.040616587,-0.069454297,0.332734108,-0.034946162,-0.846187592,-1.288527608,0.927517176,-0.010542539,-0.018472373,0.373174846
529,157105,111301,stationary,stationary_high_view,-0.813593388,1.673624754,0.461902142,-0.146895573,0.819266856,0.464263946,0.302791089,-0.093489781,-0.705473423,-1.368620634,0.934148490,-0.025652822,-0.007495525,0.355882466,0.039746895,-0.721600235,-1.386213422,0.934363902,-0.041178670,-0.063740507,0.348146021,-0.035019752,-0.841696858,-1.288120985,0.922252715,-0.003541079,0.000799723,0.386570454
530,157314,111510,stationary,stationary_high_view,-0.815683007,1.673381329,0.463740706,-0.146210581,0.819321692,0.463353425,0.304364979,-0.096624501,-0.699520409,-1.346310735,0.920730710,-0.021760777,-0.008664189,0.389494985,0.036158852,-0.726799965,-1.385550380,0.940149963,-0.040398665,-0.068219841,0.331409216,-0.038525835,-0.849703729,-1.290808320,0.924539208,-0.002000283,-0.003047278,0.381069481
531,157536,111732,stationary,stationary_high_view,-0.817373037,1.672854185,0.463540077,-0.146503806,0.817681432,0.466506213,0.303818464,-0.099716514,-0.692649722,-1.349546432,0.921611428,-0.028831232,-0.021116091,0.386465162,0.032985874,-0.720898151,-1.390269756,0.940834641,-0.037871581,-0.062280156,0.330933690,-0.041677479,-0.839899540,-1.290402174,0.921697021,-0.006801358,-0.016075095,0.387517571
532,157744,111940,stationary,stationary_high_view,-0.819216609,1.674535275,0.462580800,-0.146533668,0.818090081,0.466652542,0.302476406,-0.099830300,-0.696259022,-1.353096008,0.921420634,-0.022360269,-0.006050095,0.387875497,0.032837555,-0.723849058,-1.391914129,0.938155174,-0.034368623,-0.050941430,0.340717852,-0.042301673,-0.847240984,-1.298156619,0.930655837,-0.002806643,-0.008814870,0.365778714
533,157966,112162,stationary,stationary_high_view,-0.820486665,1.674582958,0.461456776,-0.146271601,0.819936872,0.464241266,0.301310807,-0.097029783,-0.700972974,-1.348709464,0.922830284,-0.022258578,-0.001394167,0.384560555,0.035817906,-0.728479981,-1.386130333,0.932309330,-0.038707551,-0.048149668,0.356346309,-0.040275343,-0.846155763,-1.285696864,0.922960460,-0.001668490,-0.003230988,0.384877652
534,158189,112385,stationary,stationary_high_view,-0.819316626,1.673646927,0.459618688,-0.144027129,0.821481526,0.463300288,0.299628288,-0.099519618,-0.708983660,-1.359667540,0.928254426,-0.032507405,-0.016314585,0.370163292,0.033515796,-0.728448868,-1.380282760,0.935233593,-0.048269872,-0.072932966,0.343058199,-0.042796861,-0.844150543,-1.276896119,0.913794816,-0.006082152,0.004590599,0.406104624
535,158397,112593,stationary,stationary_high_view,-0.819651484,1.675064921,0.459760427,-0.145270959,0.820746124,0.464578569,0.299063474,-0.096524701,-0.705432892,-1.360610127,0.928367913,-0.034728914,-0.021491786,0.369411647,0.036195546,-0.724866450,-1.382027745,0.938742399,-0.044102430,-0.067593925,0.335035503,-0.040182229,-0.846366525,-1.288457632,0.929600596,-0.017145846,-0.032950655,0.366691887
536,158620,112816,stationary,stationary_high_view,-0.818050146,1.673981071,0.459885597,-0.144779891,0.819301426,0.465429455,0.301926076,-0.101891927,-0.702386975,-1.358469367,0.932750821,-0.025096919,-0.001132244,0.359645247,0.031189010,-0.726688981,-1.390599370,0.938118279,-0.047150955,-0.069551185,0.335966557,-0.044461854,-0.843326211,-1.287030578,0.922849357,0.000510688,0.008401794,0.385069102
537,158842,113038,stationary,stationary_high_view,-0.816496253,1.674128532,0.461880565,-0.145095393,0.820359647,0.463800281,0.301407874,-0.096728206,-0.709535897,-1.362903476,0.934602857,-0.027833415,-0.008518186,0.354500085,0.036659181,-0.727777123,-1.383565664,0.938460052,-0.043259483,-0.067858025,0.335881919,-0.038642555,-0.848989785,-1.287832618,0.924028873,-0.006336824,-0.005130887,0.382235676
538,159064,113260,stationary,stationary_high_view,-0.817860603,1.674778342,0.462825298,-0.149707705,0.818511784,0.464025617,0.303819537,-0.090293191,-0.699117303,-1.351907611,0.921162367,-0.021803671,-0.009878816,0.388441741,0.043140069,-0.728197634,-1.394862652,0.939914286,-0.031816404,-0.045100488,0.336919606,-0.031927459,-0.844330430,-1.288682699,0.924369872,0.004495813,0.016760904,0.381102532
539,159271,113467,stationary,stationary_high_view,-0.818617582,1.674112320,0.462227464,-0.150478214,0.818738222,0.464502543,0.302095026,-0.087377876,-0.694633007,-1.348565102,0.921590507,-0.021909889,-0.004557310,0.387517869,0.045645803,-0.723291159,-1.389416218,0.936369598,-0.038293939,-0.055410083,0.344492763,-0.029126935,-0.843723357,-1.291634083,0.923052132,-0.002479722,-0.001273050,0.384664804
540,159494,113690,stationary,stationary_high_view,-0.819203258,1.672526836,0.459624767,-0.152601629,0.817642748,0.466092646,0.301547289,-0.086957902,-0.698628426,-1.371654391,0.935502768,-0.019149385,0.002941300,0.352787793,0.046858817,-0.709950805,-1.382330060,0.935589731,-0.035760105,-0.066950612,0.344834298,-0.027753288,-0.837699950,-1.296401978,0.922225058,-0.000155973,-0.006317235,0.386601955
541,159717,113913,stationary,stationary_high_view,-0.819577932,1.673319817,0.457212567,-0.151282862,0.818883419,0.464309007,0.301596820,-0.090155795,-0.702371895,-1.372576952,0.937403500,-0.017086305,0.009042528,0.347708344,0.043806642,-0.711787701,-1.379149079,0.936300159,-0.036709249,-0.075180426,0.341089994,-0.030977849,-0.835321903,-1.288057089,0.919083118,-0.002868723,-0.011291038,0.393891424
542,159926,114122,stationary,stationary_high_view,-0.818022370,1.672844648,0.454746485,-0.151686877,0.817942560,0.464858919,0.303096175,-0.091290645,-0.688985586,-1.357448578,0.924017489,-0.024765981,-0.007672924,0.381470174,0.042229541,-0.712158501,-1.389125228,0.941759646,-0.044652022,-0.086845890,0.321796238,-0.032887630,-0.840575933,-1.303508997,0.939438224,-0.002165386,-0.015548717,0.342358619
543,160147,114343,stationary,stationary_high_view,-0.815841079,1.671998739,0.452173710,-0.150186673,0.819088757,0.464572817,0.301180542,-0.090456121,-0.684662580,-1.349377275,0.919844747,-0.023482747,-0.004863103,0.391548932,0.042629354,-0.715047121,-1.393523693,0.943704963,-0.039409500,-0.060687061,0.322776794,-0.033005558,-0.838625789,-1.300446630,0.935114324,-0.003132535,-0.015208251,0.354005873
544,160355,114551,stationary,stationary_high_view,-0.814539075,1.671840191,0.450752974,-0.149677515,0.820382237,0.463232309,0.299975753,-0.088148370,-0.690573752,-1.354915500,0.925489187,-0.022502588,0.007600357,0.378028721,0.045443580,-0.714100003,-1.386784315,0.937331855,-0.045250602,-0.067217045,0.338885248,-0.031085275,-0.832055211,-1.286350965,0.921109915,-0.003599560,-0.003747238,0.389267981
545,160579,114775,stationary,stationary_high_view,-0.814366698,1.671530008,0.451134324,-0.150035858,0.820175350,0.464880288,0.297805220,-0.085085273,-0.685086370,-1.357886434,0.925647497,-0.022401216,0.011049892,0.377561688,0.048296012,-0.706546426,-1.385767817,0.938408911,-0.048116464,-0.081348613,0.332349151,-0.028421119,-0.829033792,-1.292644382,0.923890114,-0.004636093,0.005844703,0.382585257
546,160787,114983,stationary,stationary_high_view,-0.814588189,1.671122074,0.452703118,-0.150225088,0.819312096,0.466285706,0.297888845,-0.085609391,-0.680217743,-1.358996511,0.924901724,-0.029417256,-0.002905838,0.379055411,0.046960682,-0.703929663,-1.390880942,0.940584242,-0.040434029,-0.070792198,0.329628348,-0.028903630,-0.823913097,-1.293589711,0.919891357,-0.008513281,-0.006991357,0.392018557
547,160995,115191,stationary,stationary_high_view,-0.813923359,1.670758963,0.453538060,-0.151714161,0.818169415,0.467276752,0.298720807,-0.083999313,-0.681857646,-1.368498325,0.929228604,-0.031248813,-0.007471077,0.368105859,0.049473733,-0.704924941,-1.399244070,0.943490207,-0.035392277,-0.047762252,0.326025099,-0.026605690,-0.828062177,-1.304753780,0.932045281,-0.010452384,-0.025515243,0.361291260
548,161217,115413,stationary,stationary_high_view,-0.813522935,1.670851469,0.453760505,-0.151536644,0.817918539,0.467641681,0.298926681,-0.085075103,-0.676855326,-1.359598994,0.925330758,-0.026907351,-0.001353802,0.378202587,0.048004948,-0.700080752,-1.391125321,0.942730606,-0.039359666,-0.076360941,0.322302490,-0.027969722,-0.822932422,-1.298217773,0.925945818,-0.005565647,-0.006383373,0.377561450
549,161439,115635,stationary,stationary_high_view,-0.814104438,1.670822859,0.454089403,-0.151062652,0.818205774,0.467641115,0.298381060,-0.085375696,-0.678421080,-1.363560438,0.932468593,-0.022677122,0.009833845,0.360404432,0.047520235,-0.698220313,-1.387473345,0.939649284,-0.037889980,-0.073906898,0.331905603,-0.028299864,-0.820242524,-1.294295073,0.923224986,-0.004771818,0.000675309,0.384229600
550,161661,115857,stationary,stationary_high_view,-0.814679503,1.670947790,0.454251051,-0.150672838,0.818627238,0.467266023,0.298009574,-0.085212521,-0.679840446,-1.360446811,0.928244174,-0.023262698,0.009022844,0.371133566,0.047728419,-0.699941993,-1.385949850,0.936448157,-0.043646056,-0.074308731,0.340055972,-0.028307982,-0.822960019,-1.293810606,0.925062060,-0.004822529,0.001279040,0.379783183
551,161884,116080,stationary,stationary_high_view,-0.816568494,1.672068477,0.455857277,-0.150110096,0.822415829,0.459315062,0.300214708,-0.080686629,-0.704455495,-1.347069740,0.921280205,-0.026996287,-0.011164678,0.387800634,0.052677557,-0.725957155,-1.374318957,0.937608540,-0.045229517,-0.072021075,0.337131232,-0.022669990,-0.850492001,-1.284009337,0.924687505,-0.006990139,-0.005804424,0.380618602
552,162093,116289,stationary,stationary_high_view,-0.817542911,1.672320366,0.456809759,-0.149465680,0.825211048,0.453236192,0.302098840,-0.077778541,-0.724002540,-1.335521221,0.919073164,-0.024219524,0.000579721,0.393341571,0.055073477,-0.751585603,-1.372588158,0.937287211,-0.035447583,-0.047887128,0.343428254,-0.020214977,-0.866591096,-1.267351389,0.919783294,-0.006894955,-0.016342875,0.392025590
553,162314,116510,stationary,stationary_high_view,-0.816023111,1.672064781,0.455491662,-0.148834482,0.826073408,0.452120721,0.301724851,-0.077681743,-0.726621628,-1.334515810,0.919972420,-0.023497866,-0.000400700,0.391278088,0.055306837,-0.749166250,-1.362675667,0.930413067,-0.038428057,-0.053554032,0.360536754,-0.019899465,-0.871198475,-1.269132137,0.923838258,-0.007962571,-0.016273405,0.382354170
554,162522,116718,stationary,stationary_high_view,-0.816028118,1.672196388,0.455329895,-0.148842543,0.826366961,0.453501880,0.298830390,-0.074584402,-0.721864223,-1.338330984,0.919505835,-0.026506584,-0.000620932,0.392181218,0.058338553,-0.748399734,-1.372479916,0.935175300,-0.037663493,-0.046983659,0.349028945,-0.018232854,-0.863655388,-1.268800616,0.918078482,-0.008579171,-0.014561089,0.396038204
555,162744,116940,stationary,stationary_high_view,-0.817083478,1.670713305,0.453848958,-0.150625959,0.824678123,0.455180287,0.300047904,-0.077018887,-0.722560883,-1.354200482,0.934812963,-0.020321062,0.002994664,0.354545951,0.056769207,-0.735856414,-1.366884589,0.933210075,-0.042585872,-0.075328536,0.348756433,-0.018753612,-0.856160402,-1.271541476,0.918291211,-0.001388871,0.000076867,0.395903140
556,162953,117149,stationary,stationary_high_view,-0.817049146,1.670498371,0.451823235,-0.150369465,0.823950768,0.456178486,0.300658166,-0.080696851,-0.710281253,-1.339836717,0.918632030,-0.020254532,0.005825973,0.394551665,0.052607335,-0.734899044,-1.373095751,0.932646692,-0.041524086,-0.056390576,0.353929371,-0.022652768,-0.858788252,-1.280940533,0.927186549,-0.001626987,0.008841086,0.374491990
557,163175,117371,stationary,stationary_high_view,-0.818145394,1.671167374,0.450658917,-0.149420395,0.824308515,0.456342071,0.299901485,-0.083580151,-0.712882280,-1.344766736,0.919591486,-0.022402944,-0.002453339,0.392229050,0.049158446,-0.729321241,-1.362561226,0.925583422,-0.044167694,-0.064983167,0.370299578,-0.025654690,-0.859918237,-1.282575727,0.929186344,-0.004687931,0.000741792,0.369581163
558,163398,117594,stationary,stationary_high_view,-0.821749806,1.671833992,0.452673793,-0.150819331,0.823211372,0.458854645,0.298377365,-0.081840433,-0.707586348,-1.348009944,0.921589196,-0.020952040,0.017321464,0.387213558,0.052165277,-0.732961059,-1.381833315,0.938681245,-0.045659974,-0.058544639,0.336697459,-0.024929414,-0.851503611,-1.281442165,0.923914969,-0.011514025,-0.019159140,0.381944418
559,163619,117815,stationary,stationary_high_view,-0.825417638,1.669615149,0.454948902,-0.153030962,0.820823848,0.462364078,0.298411131,-0.082094468,-0.698588014,-1.350747347,0.927320778,-0.019472394,0.020101365,0.373219669,0.051724799,-0.721057296,-1.380266070,0.935172796,-0.043495990,-0.056602661,0.346923709,-0.024470767,-0.843421578,-1.286456585,0.924604416,-0.002179174,-0.005144653,0.380887747
560,163841,118037,stationary,stationary_high_view,-0.829319596,1.670261383,0.457439423,-0.155805379,0.818836033,0.465389818,0.297732443,-0.080422454,-0.698704123,-1.370089293,0.934803843,-0.022565156,0.001532173,0.354443550,0.052926987,-0.706987739,-1.373454332,0.931746900,-0.043751087,-0.065776855,0.354410738,-0.022358716,-0.834321380,-1.288796186,0.925932169,0.002847498,0.018207505,0.377240002
561,164051,118247,stationary,stationary_high_view,-0.831690669,1.671524286,0.459921241,-0.157952011,0.816872954,0.467758566,0.298281223,-0.080460727,-0.693473101,-1.373166323,0.938311517,-0.020453198,0.005572482,0.345140725,0.053368114,-0.704350114,-1.382763863,0.937022090,-0.033447329,-0.056955967,0.342967689,-0.021344516,-0.830166042,-1.294443727,0.922040045,0.001247411,-0.004298655,0.387068659
562,164259,118455,stationary,stationary_high_view,-0.827323914,1.669418812,0.458334327,-0.155471444,0.817691863,0.465288550,0.301189661,-0.084520906,-0.687624395,-1.350050330,0.924019456,-0.019195974,0.001259197,0.381861180,0.048115216,-0.709620893,-1.381803274,0.937587857,-0.033953778,-0.056253336,0.341484547,-0.025939161,-0.834616065,-1.290567994,0.925111234,0.001993948,0.010252838,0.379552573
563,164480,118676,stationary,stationary_high_view,-0.821015477,1.668794751,0.457555771,-0.152640402,0.818990588,0.464671940,0.300058931,-0.083653510,-0.691377759,-1.356845737,0.927658916,-0.020569276,-0.002741231,0.372851640,0.049453139,-0.707737327,-1.377146959,0.934465885,-0.036920886,-0.061556630,0.348742306,-0.025423488,-0.832787216,-1.287478566,0.923593163,0.000560406,0.011011675,0.383215517
564,164690,118886,stationary,stationary_high_view,-0.816929102,1.668956041,0.459624410,-0.153776228,0.817710578,0.467590243,0.298431993,-0.077187262,-0.687693417,-1.371980548,0.938614249,-0.027448324,-0.006921186,0.343805104,0.056670643,-0.705064714,-1.393108964,0.942633331,-0.036720514,-0.059653137,0.326397806,-0.019278685,-0.825218797,-1.294460535,0.926433027,-0.003548872,0.003376728,0.376427770
565,164897,119093,stationary,stationary_high_view,-0.814625025,1.669710159,0.464493632,-0.153176710,0.817246795,0.468930066,0.297907978,-0.074373044,-0.682543278,-1.361826897,0.923945248,-0.027336568,-0.010603778,0.381399363,0.059402578,-0.708069205,-1.396778941,0.941713333,-0.034177598,-0.041069645,0.332146317,-0.016670020,-0.825746536,-1.294689298,0.923299730,-0.002068084,0.007617721,0.383999109
566,165120,119316,stationary,stationary_high_view,-0.813859105,1.668016434,0.468991518,-0.153622955,0.815492749,0.471639335,0.298207849,-0.074218243,-0.673467398,-1.359730244,0.924351633,-0.028218811,-0.018300265,0.380056560,0.059526525,-0.700751543,-1.399004102,0.948114038,-0.037303433,-0.055764958,0.310770929,-0.016542103,-0.819033504,-1.296893477,0.922644079,-0.003561438,0.005462799,0.385597497
567,165328,119524,stationary,stationary_high_view,-0.813665390,1.668335676,0.470521927,-0.152891114,0.816911519,0.470581174,0.296366602,-0.070651524,-0.685006559,-1.372992158,0.940102816,-0.027734343,-0.001705557,0.339756608,0.063265286,-0.700639248,-1.389205337,0.942936242,-0.042986926,-0.070857875,0.322494179,-0.013290059,-0.822805166,-1.295809984,0.926444650,-0.001656290,0.016046081,0.376085252
568,165550,119746,stationary,stationary_high_view,-0.812650204,1.669777989,0.466726422,-0.151980445,0.819670260,0.466700256,0.295353174,-0.067454070,-0.694733620,-1.372564197,0.941693842,-0.026607500,0.000983791,0.335415810,0.065771863,-0.704308271,-1.375841022,0.930517495,-0.042837393,-0.056657065,0.359293938,-0.010098394,-0.831815660,-1.292948842,0.928596497,-0.006214172,0.008182080,0.370948851
569,165758,119954,stationary,stationary_high_view,-0.810677767,1.670646787,0.461808562,-0.149963677,0.820822537,0.465028852,0.295819908,-0.072220147,-0.688609600,-1.351293325,0.923046052,-0.022966832,0.019161073,0.383524895,0.062528118,-0.730854630,-1.414752722,0.949017346,-0.037287321,-0.064732946,0.306244075,-0.015945248,-0.836915553,-1.293121219,0.926311076,-0.001528501,0.014135846,0.376491278
570,165980,120176,stationary,stationary_high_view,-0.809581399,1.669431448,0.458686352,-0.147775039,0.822407305,0.462937385,0.295800239,-0.075881347,-0.693069994,-1.350991607,0.921766400,-0.032319970,0.000096985,0.386396378,0.056521557,-0.711861491,-1.371411562,0.933820009,-0.045226853,-0.079020910,0.345963120,-0.019901508,-0.837719023,-1.286611795,0.926163256,-0.012653654,-0.008338661,0.376818180
571,166188,120384,stationary,stationary_high_view,-0.811515450,1.670381069,0.460187316,-0.149011269,0.820824504,0.464876711,0.296534002,-0.077906325,-0.687596619,-1.349706650,0.920980752,-0.024210228,0.002729810,0.388845533,0.055678986,-0.714480996,-1.386141419,0.942403018,-0.046783354,-0.067221262,0.324298084,-0.021724977,-0.835668921,-1.290805221,0.922308803,-0.007884425,-0.007730872,0.386295974
572,166412,120608,stationary,stationary_high_view,-0.814357281,1.670145035,0.463415265,-0.150104418,0.818581223,0.468427271,0.296596378,-0.079503007,-0.686710715,-1.362374425,0.933650911,-0.028071478,0.002582268,0.357073247,0.053255647,-0.706465244,-1.385856986,0.935904622,-0.046126191,-0.064941011,0.343129158,-0.022741837,-0.829460621,-1.293489218,0.926826954,-0.005957634,0.005612171,0.375399500
573,166619,120815,stationary,stationary_high_view,-0.815639973,1.669912815,0.466414452,-0.150246397,0.817407072,0.470246553,0.296883672,-0.080726489,-0.683644891,-1.365364790,0.929846108,-0.033215694,-0.009337395,0.366327375,0.052892365,-0.724878907,-1.425227523,0.978042603,0.013004970,0.120165862,0.169775426,-0.023941875,-0.832393825,-1.305386186,0.934994817,-0.007706667,-0.014181999,0.354293913
574,166842,121038,stationary,stationary_high_view,-0.814555883,1.668628335,0.466132998,-0.149068803,0.819501936,0.467706054,0.295712948,-0.078344114,-0.684595227,-1.354220390,0.923782647,-0.034348939,-0.010622792,0.381225526,0.055231482,-0.708787084,-1.384286284,0.936881721,-0.044723984,-0.056031380,0.342217654,-0.022296457,-0.827911615,-1.287456751,0.923761129,-0.010072192,-0.008604784,0.382740021
575,167051,121247,stationary,stationary_high_view,-0.811194539,1.670175076,0.462818027,-0.146692008,0.821929872,0.464838266,0.294683129,-0.077735662,-0.696853638,-1.360959530,0.929078758,-0.026392616,0.010356086,0.368793815,0.055474788,-0.715923548,-1.379750848,0.939574599,-0.046465222,-0.064163178,0.333052069,-0.022101704,-0.840524197,-1.291340828,0.927779138,-0.011869157,-0.006041907,0.372892022
576,167273,121469,stationary,stationary_high_view,-0.806919932,1.668699026,0.458194494,-0.145994112,0.821028709,0.465388000,0.296667486,-0.081946269,-0.686582327,-1.355328202,0.929049015,-0.029929325,0.002461549,0.368735820,0.050962314,-0.707763851,-1.380042911,0.937902093,-0.052129861,-0.085348226,0.332171351,-0.025751429,-0.832126200,-1.290983319,0.922098696,-0.011227545,-0.007283520,0.386723310
577,167481,121677,stationary,stationary_high_view,-0.804468036,1.668377280,0.457601905,-0.145730823,0.820742965,0.466174990,0.296351850,-0.081899695,-0.682872117,-1.353417635,0.923628628,-0.024326742,0.013147210,0.382289886,0.051271610,-0.708340168,-1.385997772,0.941543043,-0.046965364,-0.080808058,0.323668003,-0.025848575,-0.829939604,-1.292124987,0.921135545,-0.007673395,0.000926945,0.389165282
578,167703,121899,stationary,stationary_high_view,-0.804507256,1.668441653,0.458396077,-0.146262795,0.820750773,0.465278387,0.297474951,-0.081804529,-0.686424136,-1.357035756,0.928650558,-0.030939268,0.001825563,0.369658798,0.051983006,-0.726691008,-1.414417148,0.981551647,0.013123525,0.122416943,0.146281406,-0.025541294,-0.830307484,-1.290796757,0.930857718,-0.011414070,-0.010177168,0.365061730
579,167925,122121,stationary,stationary_high_view,-0.805583239,1.669602871,0.458739877,-0.146450669,0.821675599,0.464399308,0.296200395,-0.077871688,-0.692814350,-1.361828923,0.926121116,-0.034519061,-0.006161981,0.375593126,0.055212334,-0.712808490,-1.382634163,0.939675450,-0.046395358,-0.067670606,0.332081705,-0.022255529,-0.833515286,-1.287871003,0.917706251,-0.011159383,-0.008615829,0.397009373
580,168147,122343,stationary,stationary_high_view,-0.805368066,1.670084715,0.455251217,-0.147335172,0.822840452,0.462168574,0.296017259,-0.075559817,-0.693812490,-1.356705189,0.924308538,-0.032323394,-0.003085290,0.380262315,0.057604969,-0.714416146,-1.379227877,0.936443031,-0.046990756,-0.079532735,0.338438928,-0.019409645,-0.838388324,-1.289728880,0.920937479,-0.009400983,-0.003856260,0.389577925
581,168369,122565,stationary,stationary_high_view,-0.805488586,1.670950174,0.449994445,-0.147979572,0.823858321,0.459797949,0.296555817,-0.075940356,-0.698794484,-1.356796145,0.926488757,-0.025787702,0.007933713,0.375353992,0.057318218,-0.717768967,-1.377205491,0.936104774,-0.044834301,-0.080383152,0.339464724,-0.019409224,-0.842218399,-1.288556814,0.926205158,-0.010995794,-0.010063623,0.376725048
582,168593,122789,stationary,stationary_high_view,-0.804257274,1.669325233,0.444959879,-0.148206353,0.824404716,0.457833737,0.297959805,-0.078244708,-0.697943330,-1.352774858,0.924351931,-0.031130491,-0.002885921,0.380257964,0.055024900,-0.720720470,-1.380774021,0.937148571,-0.040087242,-0.054380450,0.342327833,-0.021450367,-0.841397047,-1.285662889,0.929490507,-0.012568571,-0.023522213,0.367880672
583,168814,123010,stationary,stationary_high_view,-0.802666783,1.666625500,0.442274570,-0.147945046,0.824664176,0.458136082,0.296905041,-0.077590697,-0.695991039,-1.359681129,0.927926123,-0.024469247,0.012470695,0.371751070,0.056067035,-0.718767941,-1.387320876,0.934845448,-0.040120531,-0.046772256,0.349666595,-0.020720841,-0.838891685,-1.289725780,0.926336467,-0.008334203,-0.012792385,0.376387566
584,169021,123217,stationary,stationary_high_view,-0.802917957,1.669179916,0.443999171,-0.149354100,0.824880064,0.457196087,0.297048867,-0.072972581,-0.698804736,-1.355109930,0.925487459,-0.030742062,-0.001345486,0.377526313,0.059989601,-0.717379808,-1.376135111,0.934848011,-0.041714512,-0.073043957,0.344940156,-0.016296424,-0.840377688,-1.285237432,0.926450968,-0.011887839,-0.010348849,0.376085371
585,169245,123441,stationary,stationary_high_view,-0.803050160,1.670459032,0.447617292,-0.148413822,0.824608386,0.456613362,0.299163163,-0.075981826,-0.705784917,-1.356248140,0.931010664,-0.025299532,0.007640659,0.364033937,0.057731286,-0.724604487,-1.377529740,0.939670563,-0.046108369,-0.085121349,0.328096986,-0.018869037,-0.845528960,-1.282513976,0.923558474,-0.011300760,-0.015760059,0.382966936
586,169466,123662,stationary,stationary_high_view,-0.804451108,1.673209906,0.451477051,-0.148901343,0.823511064,0.458203107,0.299512714,-0.075470895,-0.703107119,-1.354600668,0.927375495,-0.026921418,0.005187182,0.373126090,0.057627603,-0.727710128,-1.386584401,0.933065832,-0.032226730,-0.049726419,0.354791313,-0.018297497,-0.844429612,-1.285143018,0.926617205,-0.009694183,-0.020383604,0.375327975
587,169675,123871,stationary,stationary_high_view,-0.799829960,1.670065880,0.449735045,-0.149308905,0.824386239,0.456516385,0.299477905,-0.070896819,-0.706159592,-1.360395074,0.931857586,-0.024902252,0.012085204,0.361766845,0.062545888,-0.727563381,-1.386031151,0.932942748,-0.034606520,-0.038747091,0.356256753,-0.013379795,-0.844721079,-1.284009457,0.923696220,0.000783354,0.021224901,0.382536501
588,169897,124093,stationary,stationary_high_view,-0.797652364,1.671414375,0.447506547,-0.146959364,0.826320469,0.454785138,0.297939420,-0.070635855,-0.711869955,-1.359182477,0.929826975,-0.027425617,0.005935655,0.366925627,0.062498361,-0.728065610,-1.375178695,0.931740880,-0.043618754,-0.058556501,0.355706960,-0.013620980,-0.852493882,-1.286634922,0.927612185,-0.005835070,0.007296023,0.373427808
589,170120,124316,stationary,stationary_high_view,-0.796578050,1.670509338,0.445226908,-0.145647913,0.827224255,0.455216706,0.295405716,-0.069469683,-0.706404686,-1.355124474,0.924040377,-0.034137238,-0.000353124,0.380767554,0.062890872,-0.723865986,-1.369684696,0.933518112,-0.046389624,-0.081632204,0.346017480,-0.013571098,-0.850755215,-1.285966396,0.926486313,-0.011247095,-0.000391969,0.376160145
590,170340,124536,stationary,stationary_high_view,-0.797464728,1.670883417,0.443330646,-0.146446228,0.827000260,0.455615938,0.295022368,-0.069335893,-0.703046322,-1.354124308,0.926701128,-0.029126709,0.013181738,0.374436736,0.063648246,-0.721777558,-1.372675300,0.938149571,-0.052665807,-0.091202505,0.329823911,-0.013434598,-0.848386705,-1.287781000,0.926417708,-0.010782058,0.000358339,0.376342773
591,170551,124747,stationary,stationary_high_view,-0.797308564,1.668905377,0.440024376,-0.145776287,0.827970028,0.452537119,0.297363579,-0.074483305,-0.706691384,-1.346683264,0.918394089,-0.024655491,0.004306463,0.394874543,0.058708347,-0.728146195,-1.371362686,0.935497463,-0.049331974,-0.071297981,0.342531055,-0.018509753,-0.849295795,-1.278091311,0.921257377,-0.013132884,-0.018909268,0.388271600
592,170773,124969,stationary,stationary_high_view,-0.799190164,1.669349194,0.439217806,-0.147342384,0.826371610,0.453974694,0.298843116,-0.077121153,-0.702222705,-1.346116185,0.976342022,-0.016448721,0.085440733,0.197953433,0.055822425,-0.719921291,-1.370688558,0.923409045,-0.039246507,-0.052709009,0.378149807,-0.019417219,-0.845446110,-1.283920288,0.918847799,-0.005715049,0.001078812,0.394569248
593,170981,125177,stationary,stationary_high_view,-0.799200654,1.671084642,0.440973520,-0.147507846,0.825738370,0.453903288,0.300615072,-0.077942848,-0.701934218,-1.343977213,0.917356372,-0.022667868,0.003155469,0.397408515,0.055680931,-0.730566740,-1.383340359,0.940990329,-0.044469669,-0.063500211,0.329435021,-0.020914629,-0.847292542,-1.280439377,0.923258841,-0.015376889,-0.033508487,0.382405400
594,171217,125413,stationary,stationary_high_view,-0.799519420,1.671612740,0.444339514,-0.147523984,0.824784100,0.455436021,0.300908476,-0.078452244,-0.704158664,-1.351663351,0.923427105,-0.028142013,0.002529366,0.382732272,0.054976702,-0.728846133,-1.384294748,0.937884152,-0.039490696,-0.068631463,0.337792248,-0.021137308,-0.843919277,-1.279775858,0.921960413,-0.012868595,-0.029189473,0.385968149
595,171425,125621,stationary,stationary_high_view,-0.799102664,1.671833396,0.445778608,-0.148066059,0.825163007,0.455336154,0.299752325,-0.074075714,-0.708770156,-1.359672785,0.928198159,-0.029112145,-0.000120372,0.370945662,0.059429817,-0.728582859,-1.382412910,0.934477270,-0.040891245,-0.052737385,0.349712700,-0.016551724,-0.848501205,-1.284901500,0.922939777,0.004351745,0.027263889,0.383953005
596,171633,125829,stationary,stationary_high_view,-0.796421289,1.670911074,0.443591952,-0.146803170,0.826176763,0.453638226,0.300155222,-0.074483491,-0.706251740,-1.347614646,0.924937665,-0.026948029,-0.002728409,0.379152596,0.059119433,-0.732762814,-1.382121086,0.932195485,-0.044099852,-0.054992832,0.355024755,-0.017241627,-0.847907126,-1.277526379,0.914256394,-0.006506927,-0.006822922,0.405026317
597,171855,126051,stationary,stationary_high_view,-0.794110179,1.669961452,0.442024469,-0.145069778,0.827659667,0.452545464,0.298557967,-0.074000768,-0.713326454,-1.357392788,0.929586411,-0.026305832,0.006310150,0.367610335,0.058985785,-0.726625800,-1.366965055,0.928755879,-0.043623600,-0.063970700,0.362515092,-0.016616158,-0.854533494,-1.284465075,0.932615340,-0.009497761,-0.002608929,0.360737622
598,172078,126274,stationary,stationary_high_view,-0.793388486,1.669387698,0.443377852,-0.144887671,0.826787472,0.454303503,0.298392981,-0.074370168,-0.708174646,-1.359391451,0.926488578,-0.032931730,-0.002796476,0.374868840,0.059129700,-0.730632544,-1.384079337,0.930460513,-0.040413320,-0.042309318,0.361690372,-0.018428985,-0.843020201,-1.275965214,0.912120581,-0.005830270,-0.000638563,0.409880042
599,172299,126495,stationary,stationary_high_view,-0.792667985,1.669168234,0.445985675,-0.144599140,0.826610565,0.455977172,0.296464026,-0.071950689,-0.702707291,-1.353948951,0.929424882,-0.029424593,0.006605427,0.367777169,0.061840706,-0.728256106,-1.385353088,0.933332205,-0.041814383,-0.044444267,0.353789896,-0.016121220,-0.846128166,-1.284831762,0.922644854,-0.012065887,-0.006623645,0.385404944
600,172508,126704,stationary,stationary_high_view,-0.793179631,1.669119954,0.447585940,-0.145008817,0.826605439,0.456435531,0.295571506,-0.068984315,-0.703216612,-1.355677962,0.925000727,-0.034063045,-0.001564081,0.378432214,0.064970501,-0.727917612,-1.383916378,0.936601281,-0.040790148,-0.048811544,0.344574630,-0.013019979,-0.845962107,-1.284329414,0.925479531,-0.014306641,-0.011117691,0.378364086
601,172744,126940,stationary,stationary_high_view,-0.792328835,1.669361472,0.446531415,-0.144370794,0.827668548,0.454813957,0.295408398,-0.068456814,-0.711267352,-1.362707973,0.931673884,-0.030784111,0.014406984,0.361702293,0.065232381,-0.729170859,-1.378210783,0.936834693,-0.046267677,-0.058551360,0.341719002,-0.012934174,-0.848443508,-1.281985641,0.923941135,-0.012772530,-0.008522532,0.382226348
602,172953,127149,stationary,stationary_high_view,-0.790691614,1.668443680,0.443249941,-0.146143273,0.826122761,0.456177562,0.296758145,-0.069133081,-0.697068572,-1.357559800,0.925342619,-0.033685539,-0.004154083,0.377609760,0.064993262,-0.719873667,-1.384424210,0.935406864,-0.046424683,-0.055773228,0.346046448,-0.013060823,-0.838112414,-1.285848379,0.925975263,-0.009257939,-0.000184961,0.377470583
603,173175,127371,stationary,stationary_high_view,-0.788977742,1.668392658,0.440411925,-0.145744115,0.826538563,0.455466598,0.296888560,-0.069603525,-0.694889247,-1.354358554,0.923942327,-0.032589406,-0.000467841,0.381140858,0.063751988,-0.733270526,-1.405764818,0.983992815,0.018181171,0.123876646,0.126815692,-0.013340455,-0.839980960,-1.289486885,0.930543721,-0.010345528,-0.000495094,0.366034269
604,173397,127593,stationary,stationary_high_view,-0.786177516,1.666396260,0.436794639,-0.145342514,0.827852368,0.454494119,0.294908732,-0.066426530,-0.696221352,-1.357941866,0.930665851,-0.027253201,0.014971511,0.364546627,0.068132706,-0.735345304,-1.409819245,0.984009624,0.013717223,0.119033508,0.131787553,-0.010241199,-0.839050412,-1.288259268,0.929510891,-0.012571607,-0.005398853,0.368540794
605,173618,127814,stationary,stationary_high_view,-0.785474420,1.666215539,0.436116457,-0.144850180,0.828438222,0.454536945,0.293436080,-0.064778015,-0.698286831,-1.364233732,0.932014227,-0.031563390,0.008778197,0.360937893,0.068620503,-0.716868401,-1.379973412,0.933310449,-0.048470128,-0.055806287,0.351380050,-0.009824071,-0.837543309,-1.286571503,0.928094745,-0.013727846,-0.004788775,0.372060120
606,173827,128023,stationary,stationary_high_view,-0.785206079,1.665712833,0.436753631,-0.144976899,0.828501821,0.454409719,0.293391138,-0.063131511,-0.693162680,-1.353446007,0.921370506,-0.038288835,-0.005351454,0.386758000,0.069281772,-0.714530587,-1.375592709,0.928235769,-0.048739575,-0.058893107,0.364052832,-0.008748559,-0.835259140,-1.282773972,0.924994648,-0.006806643,0.029797424,0.378748924
607,174051,128247,stationary,stationary_high_view,-0.785925031,1.665400624,0.438514471,-0.145089000,0.828078091,0.455141902,0.293397009,-0.063142359,-0.691665053,-1.353388190,0.926412940,-0.031921215,0.006057314,0.375104606,0.070183024,-0.714226186,-1.379050493,0.935652673,-0.054222584,-0.075068884,0.340556383,-0.008149812,-0.829998255,-1.278037786,0.912236452,-0.011495165,0.009757788,0.409386575
608,174273,128469,stationary,stationary_high_view,-0.787849545,1.665713429,0.439394236,-0.146072522,0.827050626,0.456328958,0.293962538,-0.064294904,-0.695140839,-1.365409374,0.924711287,-0.032536186,-0.002691349,0.379266620,0.069123603,-0.714433849,-1.382923245,0.932004094,-0.048985418,-0.057989653,0.354409397,-0.008883167,-0.837612391,-1.291984916,0.931711495,-0.010876153,0.003768611,0.363016725
609,174481,128677,stationary,stationary_high_view,-0.789528608,1.666034698,0.440633416,-0.147369206,0.827862144,0.456796408,0.290282071,-0.056530308,-0.690086365,-1.357612729,0.927840352,-0.032439895,0.011048339,0.371399939,0.077257290,-0.709968090,-1.376558423,0.931421041,-0.056829430,-0.066920228,0.353195399,-0.001637701,-0.828299165,-1.281147122,0.917118251,-0.013460414,0.011975858,0.398207843
610,174703,128899,stationary,stationary_high_view,-0.791180253,1.666075230,0.439885378,-0.146682993,0.827710390,0.457086027,0.290606260,-0.059799582,-0.690278053,-1.356872678,0.927622497,-0.033517838,0.007719119,0.371932060,0.074118026,-0.713493407,-1.380506873,0.934423566,-0.049161486,-0.058277130,0.347907454,-0.005194269,-0.831979811,-1.284612536,0.927402914,-0.018601405,-0.000333619,0.373601049
611,174911,129107,stationary,stationary_high_view,-0.792807579,1.668223381,0.439294338,-0.146573141,0.828035951,0.456465483,0.290709645,-0.062091984,-0.698627710,-1.367454052,0.932604492,-0.035284977,0.014902361,0.358861804,0.071395040,-0.715261936,-1.380543232,0.935228050,-0.051513918,-0.060826954,0.344956338,-0.007238045,-0.834830403,-1.285619617,0.919827819,-0.016614275,-0.008413235,0.391880125
612,175133,129329,stationary,stationary_high_view,-0.792695642,1.667968750,0.438787341,-0.145245194,0.828180969,0.455894023,0.291857451,-0.066445231,-0.693106592,-1.352546096,0.919522285,-0.031738237,0.008658503,0.391658694,0.067047574,-0.722325742,-1.389513373,0.937577367,-0.050336044,-0.057633676,0.339254141,-0.012221746,-0.843588471,-1.294932842,0.938445330,-0.009750547,0.014869539,0.344969809
613,175342,129538,stationary,stationary_high_view,-0.792621970,1.667831540,0.439211011,-0.145146027,0.827709138,0.456728846,0.291940063,-0.066809610,-0.694988132,-1.358574152,0.931071043,-0.030116990,0.013462977,0.363343447,0.066516340,-0.717197955,-1.382490635,0.935465634,-0.059482321,-0.076260224,0.339926839,-0.012672011,-0.837215006,-1.287055492,0.925992668,-0.020431919,-0.019211704,0.376498371
614,175563,129759,stationary,stationary_high_view,-0.791189432,1.665812850,0.440043449,-0.144342557,0.827555716,0.457792222,0.291106611,-0.066738531,-0.690803528,-1.357951045,0.928918540,-0.033975098,0.002568407,0.368713319,0.066744372,-0.716039717,-1.385807872,0.935885012,-0.052985214,-0.060599737,0.342986107,-0.012396004,-0.837024093,-1.292255878,0.935149312,-0.023720704,-0.022962669,0.352712154
615,175787,129983,stationary,stationary_high_view,-0.791541100,1.665758252,0.440340281,-0.144855499,0.827245414,0.458520353,0.290587395,-0.065872572,-0.690716863,-1.360719681,0.925464809,-0.032775659,0.011440656,0.377239764,0.069082737,-0.733053803,-1.418712020,0.980615497,0.008039760,0.121403061,0.153590173,-0.011389334,-0.828068495,-1.282532811,0.921375096,-0.010173136,0.021922454,0.387922555
616,176009,130205,stationary,stationary_high_view,-0.792952657,1.667582154,0.440868497,-0.145114332,0.828118384,0.455546856,0.292641163,-0.066230573,-0.697560310,-1.352691174,0.924086690,-0.034148876,0.000072709,0.380654275,0.066590309,-0.718335152,-1.374449611,0.932460964,-0.052679125,-0.070614927,0.350364149,-0.011495326,-0.838585556,-1.280596375,0.921761394,-0.015081667,0.008913282,0.387361616
617,176230,130426,stationary,stationary_high_view,-0.794851184,1.665896893,0.442070365,-0.145080328,0.827553451,0.457840323,0.290670305,-0.066165656,-0.692227244,-1.354473710,0.926867068,-0.035148162,0.000286847,0.373740524,0.066583768,-0.711084127,-1.370458126,0.922883332,-0.050969020,-0.047657993,0.378704697,-0.011723842,-0.836516380,-1.286764383,0.926602304,-0.018425293,0.006246376,0.375539243
618,176439,130635,stationary,stationary_high_view,-0.798983097,1.665946484,0.444964647,-0.146296293,0.827543795,0.458621264,0.288851559,-0.062875174,-0.691264272,-1.351802111,0.925039530,-0.034638610,0.007673881,0.378210515,0.070442095,-0.715817928,-1.378356457,0.929198503,-0.052221354,-0.046290543,0.362932891,-0.009220138,-0.843056202,-1.294713736,0.938314915,-0.011732431,0.013236584,0.345329195
619,176660,130856,stationary,stationary_high_view,-0.802652240,1.666488171,0.446447968,-0.145300299,0.828341782,0.457350791,0.289081395,-0.066735446,-0.698108196,-1.346500397,0.921530187,-0.034593083,0.008217430,0.386675507,0.066840410,-0.723530650,-1.373483539,0.935473442,-0.057064191,-0.060525831,0.343467265,-0.012977561,-0.846816182,-1.284834385,0.926233470,-0.015290416,-0.005425273,0.376601040
620,176883,131079,stationary,stationary_high_view,-0.808463812,1.667380214,0.449044585,-0.146808520,0.826539636,0.460136533,0.289056808,-0.068753913,-0.704478860,-1.364695430,0.932970166,-0.036415990,0.003465072,0.358090162,0.064961046,-0.720537901,-1.374467134,0.936176360,-0.050642218,-0.062646717,0.342176229,-0.014174674,-0.838561296,-1.278438807,0.918960929,-0.012794401,0.015086341,0.393852174
621,177105,131301,stationary,stationary_high_view,-0.813535094,1.666771173,0.450964451,-0.147424236,0.827037990,0.460055828,0.287442058,-0.066407531,-0.698377848,-1.349614739,0.925046325,-0.038944192,0.001943087,0.377847701,0.066739857,-0.722088337,-1.374582887,0.936179459,-0.052081279,-0.052690443,0.343626589,-0.013032541,-0.841912866,-1.280899525,0.919221282,-0.023658428,-0.023486339,0.392327607
622,177328,131524,stationary,stationary_high_view,-0.817131758,1.670641661,0.451195121,-0.147027090,0.828748882,0.456672221,0.288112491,-0.069003969,-0.719799936,-1.364323139,0.941163599,-0.034922481,0.019451952,0.335578889,0.064804107,-0.735785365,-1.374403238,0.933570564,-0.050918367,-0.050493836,0.351146251,-0.014515541,-0.853938699,-1.277399898,0.920957029,-0.019896777,0.004911670,0.389124990
623,177549,131745,stationary,stationary_high_view,-0.815377355,1.669274569,0.447560430,-0.144108936,0.828351498,0.457137316,0.289985955,-0.078982405,-0.708113909,-1.345547676,0.919831395,-0.036171529,-0.001955844,0.390637964,0.054065272,-0.732331097,-1.369527817,0.928115845,-0.049578682,-0.044003859,0.366342217,-0.025330558,-0.850487173,-1.274246931,0.916464090,-0.016940543,-0.005946671,0.399713963
624,177758,131954,stationary,stationary_high_view,-0.812576056,1.668195248,0.444118619,-0.144499674,0.825915098,0.459344238,0.293235511,-0.085136697,-0.701161623,-1.355384588,0.933527052,-0.034051925,0.003126819,0.356872439,0.048592031,-0.724452615,-1.380211115,0.933779061,-0.047940686,-0.051881522,0.350808620,-0.030198753,-0.841221631,-1.281042695,0.923967719,-0.007235540,0.021816811,0.381779134
625,177966,132162,stationary,stationary_high_view,-0.806630254,1.664374352,0.440706491,-0.145835534,0.824869454,0.461059630,0.292824984,-0.081764862,-0.692665100,-1.366897821,0.934712768,-0.030875254,0.021847809,0.353385717,0.051444165,-0.707448363,-1.375954390,0.931831121,-0.049624667,-0.060582675,0.354341507,-0.026780413,-0.829877138,-1.286073685,0.924831033,-0.010248245,0.013998094,0.379982412
626,178190,132386,stationary,stationary_high_view,-0.804427981,1.666816950,0.440795064,-0.145390287,0.825452685,0.458045483,0.296114624,-0.083783388,-0.698218346,-1.355976582,0.925085247,-0.029667679,0.003368354,0.378583938,0.049043857,-0.719772756,-1.379591703,0.936674237,-0.045585148,-0.063070059,0.341446221,-0.028375804,-0.840399981,-1.285062432,0.927069247,-0.014752283,-0.016702229,0.374227256
627,178398,132594,stationary,stationary_high_view,-0.803597093,1.672039270,0.442712426,-0.145527720,0.826532960,0.457598358,0.293715268,-0.077715144,-0.704547644,-1.362281561,0.928865016,-0.028213179,0.007677466,0.369262576,0.055494279,-0.723318577,-1.378966451,0.932699800,-0.048469163,-0.057405449,0.352741271,-0.022305468,-0.844786525,-1.286755443,0.927536547,-0.015015664,-0.017241068,0.373032570
628,178620,132816,stationary,stationary_high_view,-0.800997853,1.670922518,0.444400311,-0.145375341,0.824983001,0.461696476,0.291728407,-0.075506054,-0.688927412,-1.363202810,0.928022146,-0.034586858,0.004801207,0.370884895,0.058985852,-0.729148448,-1.417081356,0.985430360,0.003057966,0.108333923,0.131077796,-0.020654101,-0.829074025,-1.289518714,0.922731578,-0.012653029,0.011464744,0.385064870
629,178840,133036,stationary,stationary_low_view,-0.804470301,1.627774239,0.453915715,-0.148259744,0.816619456,0.477233738,0.288790017,-0.076797634,-0.628900647,-1.338569641,0.923337936,-0.034985255,0.002315787,0.382384330,0.056057282,-0.654990196,-1.372937560,0.940226138,-0.049850125,-0.054732028,0.332406670,-0.023574919,-0.776800871,-1.280936718,0.929111958,-0.012892522,0.008473674,0.369476557
630,179037,133233,stationary,stationary_low_view,-0.819765568,1.485716820,0.478008866,-0.157119140,0.800271988,0.505524874,0.281643331,-0.068086281,-0.494625926,-1.242141724,0.940375090,-0.038802724,-0.008525980,0.337811083,0.064863294,-0.517407775,-1.271699190,0.947869956,-0.044911008,-0.050830960,0.311354697,-0.014764819,-0.642582595,-1.185323238,0.937051535,-0.014364293,0.005970809,0.348844528
631,179245,133441,stationary,stationary_low_view,-0.826665759,1.361448526,0.485174298,-0.164184660,0.789329290,0.521131396,0.280044198,-0.067138180,-0.401121676,-1.136001706,0.941752434,-0.037492197,-0.016725564,0.333791822,0.065689079,-0.422925591,-1.168275237,0.952052534,-0.041834734,-0.045908809,0.299563408,-0.014028890,-0.550343812,-1.086542010,0.935848594,-0.012847148,0.009624340,0.352036566
632,179453,133649,stationary,stationary_low_view,-0.823072553,1.313542843,0.484169602,-0.166520536,0.788205862,0.524391055,0.275710851,-0.058084209,-0.372299552,-1.106122255,0.952923238,-0.037639491,-0.005423410,0.300817579,0.075534590,-0.391806901,-1.131228566,0.956947088,-0.046072047,-0.042313382,0.283441722,-0.005190231,-0.518981934,-1.048353553,0.939224601,-0.016566912,0.013946212,0.342619628
633,179675,133871,stationary,stationary_low_view,-0.812886357,1.331441641,0.477241993,-0.164492980,0.790206671,0.519415796,0.280575693,-0.059547029,-0.385826856,-1.131396294,0.954126418,-0.033056654,0.000931616,0.297572047,0.073941559,-0.401175708,-1.148856521,0.956340790,-0.044011403,-0.051652573,0.284266293,-0.004938424,-0.531189740,-1.068622231,0.941683054,-0.013716562,0.004066698,0.336196810
634,179898,134094,stationary,stationary_low_view,-0.800989151,1.339229345,0.463857770,-0.163456708,0.793359756,0.516567707,0.277524799,-0.054171000,-0.378910065,-1.133122087,0.946618319,-0.039043251,-0.008586749,0.319868237,0.079016939,-0.397670448,-1.157871366,0.955015957,-0.047893159,-0.053376541,0.287752926,-0.001426386,-0.524640322,-1.073311567,0.939538240,-0.018774856,0.015411224,0.341581464
635,180109,134305,stationary,stationary_low_view,-0.793213725,1.335628390,0.453917265,-0.162331268,0.794352531,0.513971388,0.280153573,-0.057058044,-0.375690162,-1.138306141,0.954186440,-0.037512735,-0.013789704,0.296531379,0.076460935,-0.391272008,-1.154874802,0.952569962,-0.045664053,-0.050254937,0.296647489,-0.003096901,-0.517885149,-1.070592046,0.935445547,-0.012715171,0.014570771,0.352941364
636,180290,134486,stationary,stationary_low_view,-0.793293357,1.327652574,0.450261354,-0.167509779,0.793504834,0.512560785,0.282085091,-0.052430533,-0.366646737,-1.125093341,0.944968462,-0.031074878,-0.002143444,0.325675279,0.080678202,-0.383600622,-1.149711490,0.948766530,-0.040563982,-0.038495231,0.310990065,0.002531786,-0.512096345,-1.067035675,0.943502486,-0.013872618,-0.001232306,0.331072569
637,180480,134676,stationary,stationary_low_view,-0.793978810,1.327624083,0.448225975,-0.169347867,0.793299615,0.510932088,0.284508973,-0.053442709,-0.368024528,-1.128258705,0.949984193,-0.026321951,-0.000285285,0.311186641,0.080348082,-0.384564757,-1.151689649,0.952218533,-0.036083676,-0.040305346,0.300588280,0.002733234,-0.509951174,-1.063067913,0.931312442,-0.001433244,0.024651095,0.363383323
638,180662,134858,stationary,stationary_low_view,-0.794808984,1.327582598,0.446230531,-0.170027852,0.792435110,0.511253715,0.285931408,-0.056876861,-0.368798614,-1.131064296,0.948442340,-0.028039902,-0.003316955,0.315689623,0.076649450,-0.383322775,-1.149833083,0.954636991,-0.028209483,-0.045492731,0.292921245,-0.000177074,-0.512439907,-1.068754196,0.948229969,-0.007599066,0.001859708,0.317488045
639,180858,135054,stationary,stationary_low_view,-0.796348453,1.328370690,0.443337679,-0.169390753,0.792220414,0.511490464,0.286480635,-0.061776381,-0.368319511,-1.134316802,0.958711743,-0.026855627,-0.003696572,0.283084780,0.071953297,-0.381938696,-1.151047945,0.952992380,-0.035549600,-0.053453639,0.296115726,-0.005044296,-0.510453105,-1.068019629,0.940360308,-0.004097618,0.011030060,0.339976579
640,181036,135232,stationary,stationary_low_view,-0.795381904,1.330061316,0.440065265,-0.168787107,0.793107510,0.511295319,0.284725308,-0.061568141,-0.365835100,-1.133180261,0.953087032,-0.028585296,-0.006358973,0.301276654,0.072595872,-0.383284450,-1.161222339,0.960332155,-0.037202120,-0.056456670,0.270537943,-0.005224871,-0.511243582,-1.074211121,0.945654035,-0.006188400,0.010354452,0.324950635
641,181217,135413,stationary,stationary_low_view,-0.792919040,1.329161406,0.437558413,-0.168719932,0.794625700,0.509416938,0.283897758,-0.057804428,-0.365094066,-1.127821326,0.946178436,-0.028446829,-0.003889489,0.322369456,0.075452089,-0.382498562,-1.153667331,0.953749835,-0.037403289,-0.051838350,0.293726206,-0.002286214,-0.507736623,-1.064924479,0.936343193,-0.007582761,0.009525685,0.350874871
642,181397,135593,stationary,stationary_low_view,-0.790364981,1.330252290,0.436445117,-0.167324558,0.796180367,0.506480396,0.285616755,-0.058802813,-0.372040510,-1.131946802,0.948771596,-0.027544171,-0.006049940,0.314701676,0.074919239,-0.387626976,-1.152025580,0.952613652,-0.036049079,-0.051359717,0.297640651,-0.002557933,-0.516932011,-1.070272565,0.941279769,-0.005781959,0.010414184,0.337417424
643,181578,135774,stationary,stationary_low_view,-0.787885904,1.330489993,0.435920596,-0.167296201,0.795550525,0.507625401,0.285355568,-0.057809498,-0.367314458,-1.128827810,0.948109627,-0.026093129,0.002147023,0.316863835,0.075484976,-0.385071784,-1.157504320,0.950705171,-0.032675665,-0.038812965,0.305917531,-0.002213100,-0.509190023,-1.065236926,0.937413871,-0.006351773,0.012647450,0.347929507
644,181758,135954,stationary,stationary_low_view,-0.785890460,1.330715656,0.436089516,-0.167308792,0.796013772,0.506279230,0.286445796,-0.057045572,-0.373083293,-1.139246106,0.957019210,-0.029232316,0.005685959,0.288491547,0.077091038,-0.389092922,-1.161864281,0.952843726,-0.028457107,-0.034005605,0.300204277,-0.000330243,-0.515418291,-1.072233081,0.943677366,-0.004752529,0.014869587,0.330498576
645,181938,136134,stationary,stationary_low_view,-0.783677340,1.331678271,0.435681462,-0.168299168,0.795454085,0.505390167,0.288979262,-0.056411147,-0.371200532,-1.131200194,0.945036590,-0.028780192,-0.002410988,0.325686604,0.076961532,-0.388563335,-1.160602927,0.951512992,-0.027321270,-0.044277750,0.303176522,0.000257254,-0.512797415,-1.066924214,0.939838052,-0.004059354,0.005338329,0.341554463
646,182119,136315,stationary,stationary_low_view,-0.782042742,1.332762599,0.435536146,-0.167230964,0.796310067,0.504403591,0.288965672,-0.056772571,-0.373521268,-1.129701138,0.945322454,-0.027055522,-0.001628182,0.325008899,0.077131480,-0.392638296,-1.164186120,0.954777181,-0.027793095,-0.051654767,0.291478753,0.000088971,-0.515967548,-1.067635059,0.941677749,-0.003141900,0.009687388,0.336361885
647,182299,136495,stationary,stationary_low_view,-0.781469107,1.332391739,0.433438420,-0.166709006,0.796600282,0.503807604,0.289506465,-0.058623787,-0.373449206,-1.130100727,0.944921792,-0.026896339,-0.003674545,0.326168537,0.074563898,-0.390242130,-1.157202601,0.949313045,-0.027493972,-0.039213583,0.310662359,-0.001442708,-0.519375265,-1.074028611,0.949217737,-0.003116891,0.000194884,0.314604431
648,182482,136678,stationary,stationary_low_view,-0.781932354,1.331354141,0.431258559,-0.167733699,0.796380162,0.503426611,0.290182292,-0.059062533,-0.372795999,-1.135649323,0.947461069,-0.027997484,-0.006826300,0.318570435,0.074174389,-0.389094770,-1.160891891,0.954407871,-0.027891060,-0.052113585,0.292595237,-0.002315016,-0.513725638,-1.067528009,0.943345666,-0.001199887,0.012059251,0.331590235
649,182649,136845,stationary,stationary_low_view,-0.782799244,1.330909967,0.429406047,-0.168677866,0.796344519,0.503560007,0.289500445,-0.058774143,-0.370120913,-1.132644057,0.948173225,-0.024412805,0.000225808,0.316814572,0.074153833,-0.383544922,-1.149574995,0.947134197,-0.033303805,-0.050319742,0.315112054,-0.000848573,-0.513651133,-1.071494937,0.944550991,-0.001687025,0.022335848,0.327599883
650,182827,137023,stationary,stationary_low_view,-0.782913327,1.332114577,0.429753900,-0.168411538,0.796963453,0.502098441,0.290489227,-0.059008002,-0.374936402,-1.133984327,0.948184073,-0.027095243,-0.002379172,0.316555142,0.074519381,-0.392048001,-1.162722111,0.953271687,-0.026801378,-0.048157103,0.297044933,-0.001512960,-0.519207716,-1.073504448,0.948834419,-0.003094262,-0.005328597,0.315713942
651,183008,137204,stationary,stationary_low_view,-0.782215714,1.331568718,0.431410670,-0.169195443,0.796498418,0.503357708,0.289126635,-0.055075675,-0.372671664,-1.134121180,0.948765814,-0.026326338,-0.001088646,0.314879656,0.078512363,-0.387860060,-1.159120440,0.950872421,-0.029885523,-0.038304165,0.305747211,0.002456117,-0.512943447,-1.066474557,0.942705810,-0.001895078,0.010041716,0.333468527
652,183191,137387,stationary,stationary_low_view,-0.781023383,1.331965208,0.432738304,-0.169448763,0.796525121,0.502508223,0.290379852,-0.054134890,-0.373238385,-1.129971147,0.948167384,-0.024470767,-0.005255362,0.316784173,0.079293109,-0.389402092,-1.155745149,0.949035466,-0.027203942,-0.046655729,0.310507447,0.003769040,-0.518791020,-1.072733521,0.950338066,-0.004031278,-0.006998415,0.311114669
653,183383,137579,stationary,stationary_low_view,-0.778885484,1.331909776,0.433063030,-0.169427961,0.796332598,0.502420545,0.291070759,-0.053814754,-0.373333514,-1.131200433,0.948003113,-0.021148751,0.010514902,0.317383528,0.079188123,-0.386797309,-1.150834322,0.949651480,-0.032309640,-0.059220195,0.305959344,0.004347093,-0.516785264,-1.069885254,0.941032708,-0.002533600,0.017126061,0.337872446
654,183562,137758,stationary,stationary_low_view,-0.777196765,1.332324505,0.431701899,-0.169125587,0.796296954,0.501834035,0.292353034,-0.055873029,-0.376724243,-1.140360832,0.953343749,-0.021075027,-0.003967178,0.301124305,0.078307211,-0.388444543,-1.156969070,0.948334575,-0.033472650,-0.048412949,0.311764807,0.003179897,-0.516846657,-1.071357369,0.942374587,0.004294208,0.016751703,0.334112376
655,183744,137940,stationary,stationary_low_view,-0.775362492,1.332671165,0.428908110,-0.168838814,0.796951950,0.500816047,0.292479604,-0.055905864,-0.376340330,-1.140492439,0.953101873,-0.018756697,0.001411247,0.302064568,0.078041904,-0.387797713,-1.156706691,0.947205544,-0.033256799,-0.048688140,0.315158963,0.003180694,-0.516893923,-1.072347522,0.942925990,0.003899397,0.013191058,0.332718283
656,183925,138121,stationary,stationary_low_view,-0.774465322,1.334818363,0.426677108,-0.166703194,0.798667073,0.496018559,0.297164202,-0.062597096,-0.385761201,-1.131370544,0.946196318,-0.012589620,0.004433141,0.323317766,0.071588635,-0.401865929,-1.160319328,0.947871923,-0.026218625,-0.041675828,0.314824522,-0.002751699,-0.523914695,-1.061709046,0.935925364,0.002002489,0.013502726,0.351933897
657,184104,138300,stationary,stationary_low_view,-0.771928430,1.335273027,0.424145222,-0.167219788,0.798214197,0.496277153,0.297658592,-0.062441669,-0.381762743,-1.132318497,0.945015669,-0.017013760,-0.008497601,0.326471597,0.071915299,-0.399305999,-1.165585279,0.956041753,-0.024326492,-0.062949769,0.285358846,-0.002782289,-0.520503402,-1.063491702,0.934056759,0.006932641,0.023689782,0.356270522
658,184286,138482,stationary,stationary_low_view,-0.769686580,1.335568786,0.422697783,-0.168375656,0.798526824,0.495754719,0.297038466,-0.058668923,-0.384606600,-1.143069983,0.950617254,-0.017225239,-0.000072083,0.309887290,0.074480698,-0.394299775,-1.155563831,0.943420291,-0.024265142,-0.043257359,0.327869207,0.001135234,-0.523803413,-1.072242618,0.946866632,-0.001363154,-0.007170031,0.321543664
659,184466,138662,stationary,stationary_low_view,-0.767434359,1.335371614,0.421110034,-0.167345554,0.799704313,0.493920982,0.297507256,-0.058254998,-0.385090590,-1.139867306,0.947086334,-0.023025064,-0.010895070,0.319966614,0.075082801,-0.397904634,-1.159835935,0.944793642,-0.020765916,-0.035321530,0.325094134,0.001169514,-0.524739265,-1.070313334,0.947312176,0.000643656,-0.002054260,0.320304632
660,184647,138843,stationary,stationary_low_view,-0.765898824,1.335805416,0.419364095,-0.167014509,0.799642086,0.494841218,0.296329051,-0.058197323,-0.380853802,-1.141579866,0.943429768,-0.020725822,-0.008388598,0.330817580,0.076435082,-0.395216018,-1.164810300,0.950796187,-0.024898140,-0.055216447,0.303838462,0.001402322,-0.520203471,-1.070893645,0.944766760,-0.002711886,-0.009358684,0.327598661
661,184827,139023,stationary,stationary_low_view,-0.765341759,1.335477233,0.418832421,-0.167361155,0.799636483,0.495290279,0.295396805,-0.056180973,-0.379358947,-1.142985702,0.948848724,-0.017172648,0.006626820,0.315194160,0.077149451,-0.390420139,-1.158798695,0.947502136,-0.028385738,-0.052927956,0.314058244,0.003006376,-0.517806411,-1.071805000,0.940262318,0.003900635,0.014876021,0.340103298
662,185009,139205,stationary,stationary_low_view,-0.766003251,1.335837841,0.419669390,-0.167488739,0.799923718,0.495048225,0.294952363,-0.055409867,-0.381463736,-1.145167828,0.951207817,-0.025633557,-0.009518762,0.307336897,0.079370603,-0.396172523,-1.168021202,0.950464070,-0.025038425,-0.043355945,0.306775719,0.003693040,-0.520170629,-1.072323442,0.945438802,-0.001565849,-0.001423432,0.325792849
663,185175,139371,stationary,stationary_low_view,-0.766590357,1.335195422,0.421483755,-0.167255595,0.799922645,0.495797366,0.293827057,-0.053381838,-0.381111979,-1.142550826,0.950711191,-0.022477984,-0.006377774,0.309196234,0.079533428,-0.392263055,-1.156720281,0.946073949,-0.026908211,-0.043087561,0.319942981,0.005098093,-0.518222809,-1.068169355,0.934962094,0.003015146,0.018863013,0.354233027
664,185355,139551,stationary,stationary_low_view,-0.767582536,1.335255980,0.422514677,-0.167497471,0.800273180,0.495568097,0.293120712,-0.052504249,-0.380000085,-1.136234522,0.946463764,-0.018810697,-0.002050387,0.322254986,0.081516176,-0.395023376,-1.160429120,0.946322978,-0.032902688,-0.042002358,0.318788499,0.006118190,-0.523275793,-1.074701548,0.944739103,0.000753839,0.006949250,0.327748686
665,185536,139732,stationary,stationary_low_view,-0.768814445,1.335570812,0.421938658,-0.168025210,0.800413072,0.495279282,0.292924851,-0.051264625,-0.380639672,-1.136386275,0.945382118,-0.028735645,-0.005147470,0.324654311,0.082507558,-0.397295535,-1.164291978,0.951602221,-0.028782630,-0.050569311,0.301773936,0.006673843,-0.525743246,-1.078284621,0.951181293,0.000427200,0.013630657,0.308331311
666,185716,139912,stationary,stationary_low_view,-0.769168854,1.336601019,0.419253707,-0.168143421,0.801086903,0.494249940,0.292753488,-0.053116865,-0.384587526,-1.142655730,0.949995816,-0.017119223,0.009827600,0.311638117,0.081260912,-0.397197485,-1.161954880,0.948645592,-0.030026902,-0.043767028,0.311856300,0.006008267,-0.524479866,-1.073264360,0.946190536,-0.002399434,-0.002943830,0.323587805
667,185897,140093,stationary,stationary_low_view,-0.768957734,1.337358594,0.416905403,-0.168623060,0.801617205,0.493306190,0.292617708,-0.052033395,-0.383825779,-1.142558217,0.942700684,-0.023334617,-0.010188327,0.332666636,0.081781492,-0.397745609,-1.162056684,0.946098328,-0.031575862,-0.039908517,0.319856703,0.006191887,-0.524329722,-1.072910547,0.945607066,-0.003353217,-0.006569488,0.325227410
668,186091,140287,stationary,stationary_low_view,-0.769043326,1.338586569,0.414680839,-0.168842122,0.801914871,0.492366761,0.293257296,-0.053282123,-0.386403143,-1.146043658,0.950050771,-0.020492624,-0.000405808,0.311421573,0.080344729,-0.398678839,-1.162467599,0.942213833,-0.027601177,-0.034550115,0.332080752,0.005890768,-0.526209414,-1.075747490,0.942049503,0.003177262,0.012271124,0.335234404
669,186271,140467,stationary,stationary_low_view,-0.767982721,1.338902473,0.414348125,-0.169123217,0.802385032,0.492300719,0.291917086,-0.050356712,-0.385085166,-1.145650148,0.944727540,-0.023831952,-0.005646143,0.326940328,0.083905466,-0.398480207,-1.165500402,0.949588776,-0.029663470,-0.050648440,0.307954609,0.008494157,-0.524790108,-1.074398041,0.946981788,-0.002891518,-0.003053502,0.321259737
670,186454,140650,stationary,stationary_low_view,-0.766942382,1.338565707,0.414158225,-0.169081941,0.802381575,0.491961479,0.292521983,-0.050607141,-0.384389788,-1.144494772,0.944625854,-0.022573238,-0.006630894,0.327304989,0.083193809,-0.396373898,-1.160767674,0.948465288,-0.028838584,-0.050280269,0.311534733,0.008502804,-0.524532914,-1.074523926,0.945586562,-0.003546387,-0.004966766,0.325313300
671,186633,140829,stationary,stationary_low_view,-0.766290307,1.338340521,0.413696408,-0.169531584,0.802258015,0.491771549,0.292919546,-0.050472587,-0.385260910,-1.147466540,0.950302422,-0.018398289,0.009891714,0.310626775,0.084953174,-0.399053276,-1.168342590,0.950745642,-0.025430020,-0.045389779,0.305574447,0.008824579,-0.523426712,-1.073666692,0.945310116,-0.001718077,0.002184524,0.326161176
672,186827,141023,stationary,stationary_low_view,-0.765341878,1.339369297,0.412824392,-0.169358298,0.802484989,0.491409808,0.293005317,-0.050027572,-0.387956262,-1.156521916,0.958252788,-0.021893648,0.012781354,0.284796357,0.085231572,-0.399533808,-1.169806242,0.951062202,-0.025604591,-0.046131115,0.304461867,0.009294312,-0.525645673,-1.078352809,0.948555470,0.001333569,0.015555864,0.316225916
673,187008,141204,stationary,stationary_low_view,-0.764550567,1.338780284,0.410852671,-0.169672742,0.802655339,0.491631866,0.291982353,-0.048024535,-0.381116867,-1.145094156,0.946194887,-0.023792505,-0.005530126,0.322674215,0.085312866,-0.393307507,-1.161896944,0.942199111,-0.026030166,-0.033345792,0.332372367,0.010612935,-0.519311666,-1.073211432,0.942598343,0.000158174,0.007785941,0.333837867
674,187190,141386,stationary,stationary_low_view,-0.764481544,1.339634299,0.408018470,-0.169952974,0.803195715,0.490564466,0.292128623,-0.048386604,-0.381078392,-1.142316699,0.944189489,-0.019693328,0.002440050,0.328804523,0.085642800,-0.396297753,-1.168715596,0.950644493,-0.026683284,-0.041934531,0.306275278,0.010004941,-0.517663777,-1.069022298,0.936860561,0.004288249,0.028994037,0.348472834
675,187368,141564,stationary,stationary_low_view,-0.764157057,1.339692235,0.406028390,-0.170820817,0.803826213,0.489883721,0.291028649,-0.045397297,-0.380256057,-1.143153310,0.943810642,-0.023311382,0.000799846,0.329662621,0.088080198,-0.393575132,-1.163735509,0.940770686,-0.027184967,-0.032894831,0.336347222,0.013457306,-0.520833731,-1.078086495,0.943059444,0.001859211,0.010817050,0.332443118
676,187551,141747,stationary,stationary_low_view,-0.763064265,1.340585351,0.403814554,-0.170674205,0.804464042,0.488776654,0.291213512,-0.045643553,-0.381911397,-1.144823432,0.943059742,-0.021965148,-0.002457405,0.331888258,0.087898627,-0.394613534,-1.163436770,0.947846293,-0.029313767,-0.044026922,0.314308345,0.012884367,-0.518928409,-1.071502924,0.935778916,0.004024889,0.021772504,0.351891428
677,187730,141926,stationary,stationary_low_view,-0.761161447,1.341120720,0.402388573,-0.169971019,0.804900765,0.488354266,0.291126698,-0.045917094,-0.381661952,-1.145513415,0.941841483,-0.018214453,0.009750498,0.335421801,0.088485509,-0.397911787,-1.173478961,0.951268017,-0.026817212,-0.043143075,0.304152369,0.011980794,-0.522921622,-1.080492616,0.950948596,0.000132682,0.014427369,0.309012264
678,187911,142107,stationary,stationary_low_view,-0.759340167,1.340726852,0.401832104,-0.169499218,0.804857492,0.488624334,0.291068196,-0.045733601,-0.379662633,-1.146203160,0.943293691,-0.020037917,0.003495738,0.331335545,0.088081837,-0.393348515,-1.166609645,0.947699547,-0.032057289,-0.043675400,0.314532042,0.012490239,-0.516454875,-1.071581483,0.932671189,-0.001083661,0.015260139,0.360403150
679,188091,142287,stationary,stationary_low_view,-0.757566452,1.340995669,0.400771260,-0.169451222,0.805712640,0.487319380,0.290918022,-0.043204278,-0.380811691,-1.145179749,0.943616390,-0.022714809,-0.001044306,0.330259144,0.091220476,-0.398017317,-1.175024152,0.949700713,-0.026117466,-0.037014544,0.309865057,0.014562391,-0.522254229,-1.080505252,0.946858644,-0.003814442,0.005531553,0.321579844
680,188272,142468,stationary,stationary_low_view,-0.757052541,1.341224909,0.400392890,-0.169721007,0.805698156,0.486995488,0.291342825,-0.043267004,-0.380866945,-1.144104123,0.942606449,-0.019340226,0.005897339,0.333293051,0.091293558,-0.398107350,-1.174978137,0.950804651,-0.026039885,-0.038113173,0.306332916,0.014875431,-0.522345364,-1.080157399,0.948040605,-0.001474534,0.006652202,0.318076372
681,188453,142649,stationary,stationary_low_view,-0.757650495,1.341210127,0.400634170,-0.169750810,0.805705190,0.486391902,0.292312711,-0.044520173,-0.386551350,-1.154530883,0.950068176,-0.023957092,0.007308187,0.311035544,0.089295022,-0.398006797,-1.168928981,0.941615164,-0.026129782,-0.030861102,0.334253997,0.013700143,-0.522173405,-1.075460911,0.942969024,-0.004948652,-0.003872141,0.332821220
682,188632,142828,stationary,stationary_low_view,-0.758590341,1.341201544,0.400939465,-0.170661852,0.805344462,0.486583591,0.292457312,-0.044086821,-0.386706471,-1.156044960,0.953114748,-0.019008432,0.001969687,0.302005142,0.090699814,-0.398619413,-1.172221065,0.949083686,-0.028637664,-0.051974278,0.309384376,0.014818773,-0.522313714,-1.076854348,0.939880013,0.000090063,0.003217474,0.341489673
683,188814,143010,stationary,stationary_low_view,-0.758938432,1.340309024,0.401496410,-0.171057358,0.805077970,0.486671448,0.292813569,-0.043929201,-0.385280013,-1.154411912,0.949744523,-0.021101752,-0.005966471,0.312257171,0.090676866,-0.397988796,-1.172975183,0.951872468,-0.026117671,-0.058199517,0.299782425,0.015168037,-0.522596955,-1.078888178,0.942715704,0.004237490,0.010167847,0.333415300
684,188994,143190,stationary,stationary_low_view,-0.759382725,1.340161324,0.402158499,-0.171015814,0.805049539,0.487083554,0.292230248,-0.043214854,-0.382924378,-1.146706343,0.945065558,-0.022301225,-0.000553952,0.326118797,0.091155171,-0.396768749,-1.169409752,0.950336337,-0.029478304,-0.046291370,0.306347847,0.015910856,-0.522638202,-1.078090787,0.944880247,0.004166219,0.018344637,0.326875329
685,189174,143370,stationary,stationary_low_view,-0.760038018,1.340434074,0.403049946,-0.171086028,0.805014312,0.487106383,0.292248070,-0.043383528,-0.383455515,-1.145819187,0.947583199,-0.020414788,0.002769343,0.318844348,0.090910390,-0.397617459,-1.169245601,0.945880353,-0.030640883,-0.040032621,0.320575893,0.015706223,-0.522540390,-1.076737165,0.942304909,0.001174295,0.010370838,0.334593117
686,189355,143551,stationary,stationary_low_view,-0.760573030,1.340363860,0.403856754,-0.171034589,0.804700673,0.488005072,0.291642040,-0.043339577,-0.381805897,-1.144959211,0.943546772,-0.020125166,0.002417162,0.330618590,0.091032296,-0.397529721,-1.172210455,0.952136934,-0.026594892,-0.043364298,0.301409215,0.015370250,-0.523067296,-1.080038548,0.943654001,0.003291519,0.008761227,0.330801368
687,189535,143731,stationary,stationary_low_view,-0.761889696,1.340498686,0.403429627,-0.171508759,0.805172145,0.487379134,0.291108459,-0.042787235,-0.385305822,-1.150439739,0.950317085,-0.020964453,0.008285245,0.310466349,0.091464855,-0.397222877,-1.165688992,0.942862630,-0.025646733,-0.028062893,0.331005692,0.016059302,-0.522756994,-1.075354934,0.947661400,-0.002022816,0.001438575,0.319267482
688,189717,143913,stationary,stationary_low_view,-0.763490081,1.340481877,0.403483391,-0.171414927,0.805073678,0.487815201,0.290705442,-0.043106206,-0.382820398,-1.143126965,0.944397092,-0.022086125,0.001242708,0.328062236,0.091029167,-0.398629367,-1.169942737,0.945252895,-0.026987737,-0.029352643,0.323893636,0.015370198,-0.521970153,-1.075125933,0.940010250,0.004089214,0.020479681,0.340506315
689,189897,144093,stationary,stationary_low_view,-0.765450001,1.339912295,0.403328776,-0.172545031,0.804999709,0.488429308,0.289206803,-0.041785434,-0.386031777,-1.157484770,0.951049387,-0.020340003,0.011220686,0.308164775,0.093355596,-0.397236943,-1.170651317,0.953395963,-0.027375124,-0.050005406,0.296287358,0.016602557,-0.523136139,-1.079914093,0.944298565,0.003796562,0.030417142,0.327659428
690,190077,144273,stationary,stationary_low_view,-0.767089605,1.339820385,0.402846932,-0.172975332,0.805767953,0.487386644,0.288568527,-0.040392227,-0.385069221,-1.146848202,0.945261657,-0.021806689,0.004500719,0.325552851,0.093151867,-0.396121800,-1.160344720,0.946597993,-0.027931934,-0.039627772,0.318750232,0.017937042,-0.522536278,-1.073174953,0.939274788,0.001583903,0.020644700,0.342540801
691,190258,144454,stationary,stationary_low_view,-0.767747045,1.339427114,0.402099013,-0.173758924,0.805368364,0.487643927,0.288778722,-0.040483400,-0.383269787,-1.144379616,0.944834828,-0.021908272,0.004227038,0.326786429,0.093733013,-0.398300707,-1.168051720,0.947394490,-0.024344318,-0.026837552,0.318010658,0.017568227,-0.520830750,-1.071442366,0.942809343,0.001400245,0.020917747,0.332672566
692,190439,144635,stationary,stationary_low_view,-0.767420769,1.340386152,0.401631951,-0.172625184,0.806683540,0.486697972,0.287380069,-0.039564800,-0.391358972,-1.158317566,0.954960585,-0.024290448,0.013175840,0.295443237,0.094972774,-0.400822908,-1.165638685,0.950124443,-0.028818842,-0.038031731,0.308198959,0.018650398,-0.527267933,-1.076122761,0.947594345,-0.003713434,0.002008273,0.319448113
693,190620,144816,stationary,stationary_low_view,-0.767283201,1.339765549,0.401890397,-0.173575148,0.805912554,0.487689465,0.287290245,-0.037917607,-0.382596254,-1.143701792,0.945201159,-0.022566896,0.002374883,0.325699091,0.095504925,-0.394884408,-1.160174608,0.943830788,-0.029876085,-0.037048645,0.326983601,0.019563526,-0.519964337,-1.070513248,0.941282928,-0.002028912,0.024135262,0.336748987
694,190800,144996,stationary,stationary_low_view,-0.767660737,1.340049148,0.402168870,-0.174069196,0.805480838,0.487083405,0.289223552,-0.040463865,-0.385666370,-1.147833586,0.945744455,-0.020746322,0.005551456,0.324200928,0.092984512,-0.395430624,-1.158587337,0.945394754,-0.028549105,-0.040284839,0.322165936,0.018442124,-0.524951756,-1.076630235,0.947206020,-0.001087713,0.006078461,0.320566088
695,190981,145177,stationary,stationary_low_view,-0.768582225,1.340215206,0.402820945,-0.174144089,0.805428147,0.487594843,0.288462460,-0.040211454,-0.385898292,-1.149181962,0.947027624,-0.020753946,0.010598204,0.320305556,0.094109356,-0.397699207,-1.164863825,0.948191166,-0.026525859,-0.040034596,0.314049512,0.018598761,-0.524019003,-1.075804830,0.943803787,0.000691341,0.012956698,0.330251634
696,191174,145370,stationary,stationary_low_view,-0.770599484,1.340108991,0.402738094,-0.174582168,0.804978430,0.487603486,0.289436698,-0.042578593,-0.387759268,-1.151727080,0.952643692,-0.017650103,0.018353224,0.303020895,0.092595756,-0.399137318,-1.168439031,0.953057468,-0.028187936,-0.043525536,0.298315972,0.016241424,-0.524034977,-1.073837280,0.943652451,-0.004531316,-0.002509355,0.330897659
697,191355,145551,stationary,stationary_low_view,-0.773065329,1.340205431,0.402416229,-0.175059885,0.805166721,0.487552524,0.288709372,-0.042029038,-0.390423328,-1.156684279,0.955800712,-0.020792177,0.019546719,0.292627126,0.093631104,-0.402796924,-1.172140837,0.950497329,-0.022924641,-0.028564220,0.308566600,0.016635749,-0.527427197,-1.078127265,0.944591284,0.003135011,0.024867032,0.327290505
698,191535,145731,stationary,stationary_low_view,-0.774971247,1.339323401,0.402169108,-0.175694689,0.805111945,0.487791210,0.288072675,-0.041837811,-0.390102148,-1.156860471,0.955525994,-0.018533869,0.023235001,0.293405294,0.093590260,-0.401151776,-1.169076085,0.950950861,-0.027359247,-0.041180022,0.305365652,0.016761683,-0.526429296,-1.077007771,0.948753238,-0.000671101,0.012269028,0.315778941
699,191730,145926,stationary,stationary_low_view,-0.775977850,1.339913368,0.401742101,-0.175181746,0.805330157,0.487352192,0.288517833,-0.043673486,-0.387541115,-1.142531395,0.947087169,-0.018046713,0.016699191,0.320033312,0.091087624,-0.403123319,-1.168372512,0.951216817,-0.027532233,-0.038038254,0.304928958,0.014344137,-0.528000832,-1.075076222,0.946881890,-0.001229818,0.011744061,0.321364671
700,191925,146121,stationary,stationary_low_view,-0.775872111,1.339099288,0.402082086,-0.175783962,0.805089176,0.487757206,0.288139462,-0.042705394,-0.387608111,-1.148191929,0.948667884,-0.022838088,0.005574646,0.315399081,0.091444567,-0.399505317,-1.164638877,0.943915665,-0.026259240,-0.028332086,0.327919245,0.015935365,-0.525880039,-1.074795604,0.942260087,0.001906453,0.013975489,0.334584832
701,192106,146302,stationary,stationary_low_view,-0.774862647,1.339479446,0.403256893,-0.175290763,0.805251241,0.487339824,0.288692802,-0.042780127,-0.388917387,-1.147028804,0.948844910,-0.018827038,0.011101504,0.314985186,0.091757521,-0.401124746,-1.165621042,0.950082421,-0.027953416,-0.043308638,0.307711542,0.015967540,-0.526726007,-1.072672248,0.945107520,-0.001626631,0.002002991,0.326749295
702,192286,146482,stationary,stationary_low_view,-0.774138808,1.338727593,0.405878305,-0.175836265,0.804796875,0.488324940,0.287962377,-0.038940419,-0.388312459,-1.150598526,0.949546993,-0.022363827,0.004464276,0.312794685,0.095057279,-0.400464475,-1.165580153,0.947549105,-0.026402596,-0.024773000,0.317552924,0.018887375,-0.526090145,-1.073856473,0.946520567,-0.002152223,0.005899494,0.322582453
703,192453,146649,stationary,stationary_low_view,-0.775205731,1.338792086,0.407449245,-0.177532196,0.804747641,0.487003565,0.289294183,-0.037573706,-0.389559269,-1.141814828,0.947112143,-0.017865758,0.009510077,0.320263952,0.096942410,-0.401974469,-1.161369085,0.947391152,-0.025455862,-0.028812869,0.317760646,0.021952674,-0.529319644,-1.072901964,0.944961131,-0.000356675,0.010262288,0.327021450
704,192633,146829,stationary,stationary_low_view,-0.775535464,1.338593006,0.408732057,-0.177221209,0.805105209,0.487471759,0.287696987,-0.035251003,-0.390584052,-1.144547224,0.948121011,-0.018138578,0.013376188,0.317109913,0.098912299,-0.401462764,-1.159660935,0.948792636,-0.027295163,-0.039058991,0.312284976,0.023448952,-0.528551698,-1.070807457,0.943786800,-0.001791495,0.005960088,0.330496341
705,192814,147010,stationary,stationary_low_view,-0.775575280,1.338510752,0.408966303,-0.177905530,0.804764211,0.486883104,0.289221436,-0.035196006,-0.391197503,-1.141917348,0.945359707,-0.022543963,0.000162925,0.325248867,0.098907337,-0.404134512,-1.162165523,0.946730852,-0.021463454,-0.022888476,0.320493639,0.023629989,-0.530300856,-1.071198702,0.946307182,0.001041185,0.011402537,0.323065996
706,192994,147190,stationary,stationary_low_view,-0.774791837,1.338437557,0.410514116,-0.177494988,0.804286361,0.487789899,0.289274931,-0.035395816,-0.390088141,-1.142220140,0.949116051,-0.018114811,0.010957498,0.314214110,0.098502353,-0.400790662,-1.157534719,0.947590232,-0.026737329,-0.039088793,0.315958709,0.023543384,-0.527798772,-1.069082141,0.941244960,0.000953306,0.008377637,0.337619424
707,193174,147370,stationary,stationary_low_view,-0.774382234,1.338257194,0.412041903,-0.177355200,0.804185510,0.487733752,0.289735347,-0.035254974,-0.390835285,-1.140420437,0.943755507,-0.018975630,0.007279505,0.330018848,0.099271178,-0.404462785,-1.163362741,0.947535932,-0.019814128,-0.023665052,0.318155676,0.023793474,-0.528171778,-1.067129612,0.943754494,0.002248415,0.009100628,0.330514103
708,193356,147552,stationary,stationary_low_view,-0.774226069,1.337632060,0.412817001,-0.177739814,0.803916335,0.488133878,0.289572835,-0.033355512,-0.393452287,-1.151843786,0.955908000,-0.015820768,0.015071806,0.292852283,0.100583121,-0.400664449,-1.156814218,0.948647976,-0.025753757,-0.040579490,0.312661290,0.025792483,-0.529440224,-1.071693540,0.942237735,0.003314202,0.018259156,0.334430456
709,193536,147732,stationary,stationary_low_view,-0.774317980,1.338631153,0.412325978,-0.177009493,0.804673076,0.486842364,0.290092081,-0.035406850,-0.393693477,-1.141365528,0.946868837,-0.020681091,0.008724502,0.320835829,0.098593876,-0.405197203,-1.159385920,0.951183736,-0.022856269,-0.038572542,0.305351079,0.023413718,-0.532563388,-1.070335388,0.945502400,0.002186982,0.014112038,0.325301856
710,193730,147926,stationary,stationary_low_view,-0.774520636,1.339125037,0.411676526,-0.176552951,0.804707646,0.487099171,0.289843261,-0.035609931,-0.394230306,-1.144641995,0.950371325,-0.017834591,0.013693436,0.310304344,0.098341480,-0.405121714,-1.159144282,0.951090217,-0.023551088,-0.037160106,0.305764377,0.023297448,-0.533709764,-1.073253393,0.947005510,0.001528713,0.013059677,0.320948184
711,193896,148092,stationary,stationary_low_view,-0.774981380,1.339501977,0.411680937,-0.175183967,0.806002915,0.486221969,0.288544774,-0.035623796,-0.397653490,-1.141453981,0.947935164,-0.016263561,0.018658932,0.317500085,0.098016769,-0.408439785,-1.155347228,0.946618795,-0.027347788,-0.038007133,0.318936348,0.023133233,-0.536757767,-1.070721626,0.944203615,0.000135147,0.010996934,0.329178542
712,194092,148288,stationary,stationary_low_view,-0.776543498,1.339203119,0.410084248,-0.175134435,0.805194736,0.486765116,0.289912254,-0.040207177,-0.395670682,-1.139954090,0.944804668,-0.024581561,-0.005052311,0.326671690,0.093181700,-0.407646060,-1.157711744,0.943041265,-0.022358507,-0.025158413,0.330968767,0.018354021,-0.534945488,-1.069911122,0.943798780,0.001056682,0.012159738,0.330295116
713,194272,148468,stationary,stationary_low_view,-0.777274132,1.339091897,0.409664989,-0.175399348,0.805161357,0.487015128,0.289424509,-0.040438805,-0.396076858,-1.144125104,0.948105872,-0.017534083,0.012632875,0.317219555,0.093155682,-0.405689776,-1.155808210,0.947349489,-0.026779544,-0.041485529,0.316371262,0.018545926,-0.534245968,-1.070932627,0.945306540,-0.000299993,0.005178969,0.326142132
714,194453,148649,stationary,stationary_low_view,-0.777407646,1.339062691,0.408919454,-0.176274329,0.805385649,0.486348808,0.289389312,-0.038300280,-0.395486712,-1.141894579,0.949354053,-0.016402513,0.018783933,0.313217223,0.095475435,-0.406178474,-1.155819535,0.948916018,-0.025809577,-0.041246478,0.311754674,0.020589747,-0.534706593,-1.071144700,0.942399025,0.003153639,0.017587915,0.334013194
715,194633,148829,stationary,stationary_low_view,-0.776502371,1.339342713,0.409424901,-0.176193744,0.806050241,0.486184537,0.287860036,-0.035418954,-0.395863116,-1.142070413,0.949555516,-0.019525036,0.011698724,0.312771827,0.098846272,-0.407336533,-1.158455729,0.948499680,-0.028585976,-0.040500265,0.312875301,0.023335095,-0.535705268,-1.071966648,0.945873380,0.000034488,0.010333653,0.324371427
716,194814,149010,stationary,stationary_low_view,-0.776440859,1.339357138,0.409933925,-0.176374480,0.806156278,0.486146986,0.287515610,-0.033755988,-0.396678090,-1.143098831,0.947147727,-0.028304711,0.011383137,0.319343805,0.100953922,-0.409835279,-1.162106872,0.949103832,-0.027313320,-0.035241261,0.311791569,0.024318073,-0.536303639,-1.072837114,0.946844518,0.000169650,0.018363304,0.321166873
717,194994,149190,stationary,stationary_low_view,-0.777279377,1.339454412,0.410798669,-0.175956219,0.806057572,0.486881822,0.286804378,-0.035047855,-0.395759404,-1.143495321,0.947448969,-0.019115970,0.012574648,0.319087625,0.099120885,-0.407060266,-1.157370687,0.944058955,-0.031074012,-0.032818705,0.326664984,0.023466293,-0.534452558,-1.070937634,0.948678613,-0.005688391,-0.005022371,0.316150814
718,195174,149370,stationary,stationary_low_view,-0.778730512,1.338644624,0.411456227,-0.176047325,0.805798650,0.487183511,0.286963671,-0.035608880,-0.394841671,-1.140008569,0.947712719,-0.018747857,0.013799873,0.318274587,0.098143712,-0.406863689,-1.155749083,0.950610101,-0.027143104,-0.040949285,0.306474924,0.021910798,-0.530965447,-1.063123822,0.938605011,-0.000560876,0.025759006,0.344030172
719,195357,149553,stationary,stationary_low_view,-0.780603051,1.338221669,0.412130833,-0.176501617,0.805378795,0.487673759,0.287030488,-0.036362346,-0.390939593,-1.129032135,0.942163110,-0.018217599,0.018767025,0.334132582,0.098205015,-0.407475471,-1.157356977,0.951666534,-0.025470110,-0.043425497,0.302979231,0.021698147,-0.531342745,-1.063669920,0.938296795,0.000464695,0.030208664,0.344508946
720,195534,149730,stationary,stationary_low_view,-0.782140732,1.338691473,0.413504720,-0.176184729,0.805716097,0.487876028,0.285932600,-0.035524666,-0.396739841,-1.140142202,0.949708462,-0.019466043,0.013253575,0.312248707,0.097847611,-0.407957792,-1.153948307,0.946954072,-0.027309025,-0.034576379,0.318334192,0.021818019,-0.531467199,-1.060511351,0.936694264,-0.000686150,0.025602788,0.349210501
721,195730,149926,stationary,stationary_low_view,-0.783594728,1.337483883,0.415464282,-0.176371127,0.805064440,0.488927245,0.285857737,-0.035792094,-0.394922078,-1.135690808,0.947584987,-0.020874929,0.018271701,0.318297237,0.097784966,-0.407726347,-1.153255820,0.946902335,-0.026447434,-0.033894069,0.318634152,0.021783095,-0.531569541,-1.060561419,0.937136054,-0.000882787,0.023760054,0.348153293
722,195911,150107,stationary,stationary_low_view,-0.784042597,1.337096453,0.419033170,-0.175801426,0.804973602,0.490122944,0.284413248,-0.033550799,-0.394733608,-1.135365963,0.948559642,-0.021467995,0.025385469,0.314848125,0.100209564,-0.407907128,-1.152059078,0.948815763,-0.029481824,-0.040678021,0.311808914,0.024096496,-0.538356185,-1.072340369,0.951905906,-0.006038202,0.004629097,0.306296200
723,196091,150287,stationary,stationary_low_view,-0.784360409,1.336644888,0.422012925,-0.175356060,0.804692626,0.490784407,0.284342498,-0.033558775,-0.394881904,-1.131320238,0.945393980,-0.024773536,0.018855091,0.324439526,0.100241244,-0.408828020,-1.150398850,0.947108865,-0.031612247,-0.040799864,0.316734701,0.023564391,-0.537589669,-1.067290068,0.946633697,-0.007363797,-0.001865732,0.322222024
724,196272,150468,stationary,stationary_low_view,-0.785549760,1.336511254,0.424970150,-0.174913630,0.804778218,0.491238087,0.283588469,-0.032678057,-0.397992373,-1.133155942,0.945625126,-0.019762678,0.015876465,0.324269176,0.101098821,-0.410314143,-1.148409128,0.944065273,-0.035950199,-0.030055132,0.326412410,0.024459448,-0.536799014,-1.061769009,0.935831726,-0.001569656,0.026867967,0.351418108
725,196453,150649,stationary,stationary_low_view,-0.787797213,1.335673571,0.426779628,-0.175947592,0.803962171,0.491640538,0.284564406,-0.033186246,-0.397017777,-1.128992796,0.941047013,-0.027349686,0.008556136,0.337059826,0.100295007,-0.411670566,-1.149361849,0.944729447,-0.027425015,-0.024008671,0.325818598,0.024116278,-0.538447559,-1.062750459,0.943558991,-0.004357906,0.019662717,0.330591619
726,196633,150829,stationary,stationary_low_view,-0.789065957,1.335874796,0.428537488,-0.175477207,0.804512918,0.491712898,0.283169866,-0.032301441,-0.401082069,-1.133706570,0.948377967,-0.022346795,0.015603472,0.315968990,0.101996377,-0.412950784,-1.147407651,0.947525084,-0.034830034,-0.037179269,0.315595955,0.024889152,-0.540260971,-1.061642885,0.942827642,-0.006883735,0.008896978,0.333090812
727,196814,151010,stationary,stationary_low_view,-0.790081859,1.335883141,0.429381728,-0.174554363,0.804472327,0.492227554,0.282961279,-0.033835515,-0.403366864,-1.137910724,0.950298309,-0.028780472,0.017457129,0.309515744,0.100024879,-0.414787233,-1.146758795,0.950730503,-0.030080697,-0.050742250,0.304354817,0.022515621,-0.541012466,-1.060060501,0.933726013,-0.002646643,0.024379455,0.357147604
728,196995,151191,stationary,stationary_low_view,-0.790522575,1.336388588,0.429513097,-0.173684284,0.804751098,0.491736501,0.283557206,-0.035833083,-0.402772188,-1.129380703,0.941843271,-0.027876636,0.005775920,0.334844440,0.097404510,-0.415757179,-1.141133428,0.946001768,-0.034947637,-0.043046493,0.319384277,0.020270396,-0.543827772,-1.059683442,0.937714398,-0.003855852,0.020437781,0.346783966
729,197190,151386,stationary,stationary_low_view,-0.790899158,1.335924387,0.428341508,-0.174827009,0.804592311,0.491500795,0.283714116,-0.035255704,-0.404693186,-1.135217667,0.950072110,-0.020439694,0.014930760,0.311001986,0.099235207,-0.417031139,-1.150499582,0.947331369,-0.034735817,-0.030502178,0.316901088,0.021900058,-0.541123986,-1.058940172,0.933447540,0.000605543,0.030045178,0.357452899
730,197368,151564,stationary,stationary_low_view,-0.790438533,1.335971475,0.428176999,-0.173975185,0.804683030,0.491659224,0.283705980,-0.037083641,-0.401954055,-1.128698587,0.945998967,-0.022960061,0.019172912,0.322786659,0.096953258,-0.416735888,-1.150257945,0.947496593,-0.035089955,-0.033300370,0.316085488,0.019678406,-0.540877640,-1.058604717,0.934710681,-0.001141021,0.024585327,0.354556412
731,197550,151746,stationary,stationary_low_view,-0.789435029,1.336166024,0.427991390,-0.173264518,0.804424644,0.491995752,0.284289569,-0.038258746,-0.399328768,-1.127652287,0.939618886,-0.028570818,-0.001125078,0.341026127,0.095135152,-0.414114952,-1.144441843,0.945474684,-0.032648288,-0.038565826,0.321752131,0.018681381,-0.543149471,-1.061312318,0.990188479,0.004656871,0.034260452,0.135392979
732,197730,151926,stationary,stationary_low_view,-0.787545681,1.335908294,0.428625464,-0.173425034,0.803998530,0.492167652,0.285098433,-0.037924558,-0.400638372,-1.132022023,0.947325647,-0.021624157,0.007931933,0.319442689,0.095614627,-0.413966060,-1.148496747,0.941494644,-0.028720260,-0.014394578,0.335493386,0.019436650,-0.538418770,-1.059049010,0.934753537,0.000122661,0.028913755,0.354118466
733,197924,152120,stationary,stationary_low_view,-0.785268426,1.336423397,0.430307865,-0.172704548,0.803957999,0.491888046,0.286130816,-0.037743617,-0.403051317,-1.135388136,0.950331688,-0.024086881,-0.002614769,0.310294509,0.096137717,-0.415447712,-1.149840236,0.946808517,-0.031931505,-0.029700102,0.318828970,0.019578766,-0.539372087,-1.057469845,0.933380723,0.002644795,0.033678945,0.357294261
734,198106,152302,stationary,stationary_low_view,-0.782272696,1.336752057,0.432161212,-0.172005296,0.803871393,0.492124140,0.286389232,-0.035716958,-0.400263041,-1.128634453,0.946702600,-0.022854386,0.014334153,0.320977390,0.097416371,-0.413803756,-1.144853830,0.944995940,-0.031961527,-0.033649717,0.323772877,0.021650095,-0.542166829,-1.062722802,0.935974002,-0.003343176,0.024637721,0.351190120
735,198314,152510,stationary,stationary_low_view,-0.780285001,1.338004112,0.433340311,-0.171378806,0.804308772,0.491509467,0.286592424,-0.034726791,-0.406431556,-1.140115976,0.950187743,-0.025572421,-0.001320185,0.310624570,0.100652650,-0.420819223,-1.157507539,0.951269269,-0.028196150,-0.037596531,0.304759473,0.023142807,-0.545710087,-1.065943956,0.946493506,-0.007710197,-0.001343441,0.322628021
736,198536,152732,stationary,stationary_low_view,-0.778989673,1.338270426,0.432724237,-0.170175657,0.804794073,0.491237700,0.286412746,-0.035185099,-0.406137645,-1.137121320,0.951379538,-0.022427393,0.011173362,0.307000250,0.099136725,-0.418675303,-1.151416183,0.947244406,-0.034183331,-0.035832413,0.316663235,0.021795198,-0.540765345,-1.057155013,0.928762674,0.002630534,0.037475511,0.368766248
737,198758,152954,stationary,stationary_low_view,-0.779212952,1.339183927,0.431510091,-0.170008808,0.804751873,0.491212010,0.286674380,-0.036424901,-0.401076615,-1.125447392,0.939862013,-0.027076812,0.001134373,0.340477586,0.097616911,-0.420203626,-1.157064915,0.947940946,-0.030750630,-0.028512320,0.315673023,0.020157624,-0.543126643,-1.062404990,0.938113093,-0.000853482,0.024416078,0.345466405
738,198981,153177,stationary,stationary_low_view,-0.778139472,1.338750839,0.430041909,-0.170864016,0.804786444,0.491026700,0.286386162,-0.034598291,-0.407875061,-1.148193479,0.959035695,-0.022775723,0.019207247,0.281714231,0.099520579,-0.416865081,-1.152040958,0.945978045,-0.038196780,-0.036958694,0.319844633,0.022096146,-0.540602505,-1.059752584,0.930403173,-0.002003390,0.026933689,0.365541458
739,199190,153386,stationary,stationary_low_view,-0.776006103,1.340043902,0.429640770,-0.169276431,0.805233240,0.490380436,0.287179351,-0.036370263,-0.401260436,-1.125918269,0.939948797,-0.026614606,0.002219468,0.340269029,0.097674683,-0.420636326,-1.158454061,0.947308540,-0.030897414,-0.025343070,0.317820042,0.020099036,-0.542659521,-1.061906457,0.935813129,-0.001096043,0.024502426,0.351642102
740,199425,153621,stationary,stationary_low_view,-0.774880886,1.340295315,0.429290891,-0.168664753,0.806403041,0.489592999,0.285595953,-0.033993363,-0.407140315,-1.139528513,0.950114369,-0.029563118,0.017357888,0.310011953,0.100390270,-0.420925647,-1.154084802,0.949154675,-0.035487983,-0.045350488,0.309498638,0.022123840,-0.542111993,-1.058265686,0.929315627,-0.006289188,0.016850488,0.368848205
741,199648,153844,stationary,stationary_low_view,-0.774784803,1.340190411,0.427359223,-0.168096811,0.806257427,0.489958525,0.285715073,-0.036572482,-0.405020893,-1.136529922,0.947102129,-0.027292119,0.018552423,0.319231063,0.097378030,-0.420067340,-1.156578779,0.945775628,-0.034278888,-0.028710878,0.321728349,0.019678343,-0.544810534,-1.065296769,0.943367600,-0.006012719,0.020883674,0.331036747
742,199870,154066,stationary,stationary_low_view,-0.776370168,1.340028644,0.425382614,-0.168413505,0.806467056,0.489653766,0.285459310,-0.037954472,-0.402754128,-1.133378625,0.944639862,-0.023330051,0.008422884,0.327170253,0.096074998,-0.418561578,-1.154566646,0.948505759,-0.034685265,-0.048233401,0.311138749,0.018316600,-0.543598294,-1.064920425,0.935965896,-0.005665805,0.013803802,0.351774335
743,200092,154288,stationary,stationary_low_view,-0.778951526,1.340744615,0.424362302,-0.168958724,0.807191968,0.489427119,0.283469856,-0.036227830,-0.403637350,-1.132359982,0.942676425,-0.028942546,0.010786288,0.332275838,0.097141832,-0.419000030,-1.151429653,0.942621469,-0.038788904,-0.036091164,0.329632580,0.019650299,-0.545045197,-1.065238237,0.943379164,-0.006637990,0.022708744,0.330871522
744,200314,154510,stationary,stationary_low_view,-0.781625867,1.340135813,0.424087763,-0.169447869,0.806377232,0.490595549,0.283477038,-0.038429122,-0.400161862,-1.129912734,0.941141963,-0.028985549,0.002739106,0.336755425,0.095314115,-0.417635977,-1.153148293,0.950057209,-0.037255261,-0.054982450,0.304926664,0.017246652,-0.541641414,-1.063164353,0.939744651,-0.008159734,0.016096050,0.341400534
745,200536,154732,stationary,stationary_low_view,-0.783714056,1.340031862,0.424847484,-0.169479772,0.806385458,0.490124047,0.284249008,-0.040454648,-0.405797958,-1.133117557,0.944346607,-0.023548914,0.005410266,0.328063548,0.094011456,-0.421470851,-1.154600382,0.949730515,-0.034632999,-0.037537288,0.308874488,0.015993293,-0.547249556,-1.066087961,0.942125201,-0.005096346,0.011205045,0.335035205
746,200758,154954,stationary,stationary_low_view,-0.785143971,1.339407325,0.425677061,-0.169680908,0.806644976,0.489469886,0.284519792,-0.039842866,-0.406192720,-1.124476910,0.937525034,-0.027510641,0.005188656,0.346789658,0.094096318,-0.424621642,-1.154236674,0.945729315,-0.030809762,-0.023134425,0.322663397,0.016685471,-0.550501585,-1.063911557,0.988361299,-0.000991470,0.023240242,0.150335982
747,200981,155177,stationary,stationary_low_view,-0.786377788,1.339100599,0.425980926,-0.169806451,0.806994140,0.489172459,0.283965766,-0.040060986,-0.411796331,-1.138400555,0.950565755,-0.027294192,-0.005137399,0.309278846,0.093939006,-0.423850119,-1.148238540,0.944922745,-0.038868554,-0.037851982,0.322765350,0.016694285,-0.551269889,-1.063080668,0.942681253,-0.006357554,0.021742921,0.332924783
748,201203,155399,stationary,stationary_low_view,-0.788271546,1.339767575,0.425772548,-0.169878557,0.807112217,0.489228696,0.283489674,-0.040024981,-0.408076733,-1.122693896,0.935996354,-0.027444242,0.006087997,0.350885451,0.093797833,-0.426751435,-1.151486754,0.946850121,-0.031911604,-0.026116647,0.319021076,0.015683915,-0.550454855,-1.060400605,0.940362394,-0.007288607,0.014331154,0.339794219
749,201425,155621,stationary,stationary_low_view,-0.789497614,1.341777086,0.425858855,-0.170487702,0.807357013,0.487556517,0.285302103,-0.041931529,-0.415367603,-1.127464294,0.939741194,-0.028945386,0.003994876,0.340635747,0.091676705,-0.431016147,-1.150668979,0.945613384,-0.035352111,-0.028956207,0.322067022,0.014609396,-0.556238115,-1.060986876,0.940846622,-0.005649740,0.017994883,0.338307381
750,201647,155843,stationary,stationary_low_view,-0.790192246,1.341795206,0.426808476,-0.169467837,0.808235347,0.486952186,0.284453720,-0.041272074,-0.418612659,-1.128376722,0.941137612,-0.028116081,0.010313796,0.336694419,0.092265092,-0.434841633,-1.149347544,0.947970092,-0.033390380,-0.035160556,0.314645112,0.014909238,-0.556976795,-1.055376768,0.933014989,-0.006928915,0.010294214,0.359623492
751,201869,156065,stationary,stationary_low_view,-0.789927006,1.341374278,0.427937627,-0.168910518,0.808239102,0.487034649,0.284633130,-0.041670412,-0.422348082,-1.137451530,0.947869301,-0.031693779,0.006819979,0.317005932,0.091680102,-0.434188396,-1.147112131,0.941813886,-0.039536837,-0.036451515,0.331805348,0.014493838,-0.561050177,-1.061057806,0.941180468,-0.005357347,0.022070941,0.337140173
752,202091,156287,stationary,stationary_low_view,-0.789766312,1.341699123,0.429041266,-0.168883547,0.808251262,0.487269402,0.284212559,-0.040475760,-0.419898421,-1.129957438,0.940816164,-0.032348983,-0.014783044,0.337045908,0.093211308,-0.434615076,-1.145024300,0.946006238,-0.035333924,-0.038641315,0.319891363,0.015177608,-0.557987392,-1.054791212,0.933837593,-0.005352643,0.018233001,0.357192218
753,202314,156510,stationary,stationary_low_view,-0.789489508,1.342032909,0.429028392,-0.168744743,0.808533549,0.486414850,0.284954995,-0.041457430,-0.423452437,-1.132845044,0.946634293,-0.031027602,0.004067603,0.320787042,0.092093073,-0.437006176,-1.146836042,0.944063425,-0.038043533,-0.036613543,0.325509459,0.014813837,-0.561417580,-1.056675196,0.935810387,-0.005914648,0.015386903,0.352118194
754,202536,156732,stationary,stationary_low_view,-0.789163709,1.342130184,0.427297473,-0.168468013,0.808641732,0.485926092,0.285644770,-0.042963602,-0.424193442,-1.131997108,0.946911931,-0.024907080,0.000868257,0.320525676,0.090469792,-0.436794698,-1.144422293,0.942358434,-0.035199884,-0.035135251,0.330888301,0.013293169,-0.561662555,-1.056279778,0.936566412,-0.006629376,0.011975265,0.350222826
755,202744,156940,stationary,stationary_low_view,-0.789075732,1.342689514,0.424802661,-0.168144390,0.809359252,0.484622538,0.286017686,-0.044134062,-0.426941872,-1.134912014,0.946621716,-0.030489201,0.010911450,0.320715874,0.089739062,-0.439587355,-1.145807266,0.946014822,-0.036782444,-0.048805531,0.318309754,0.012391511,-0.563216269,-1.055238724,0.935220003,-0.006523564,0.011398866,0.353823572
756,202981,157177,stationary,stationary_low_view,-0.788665771,1.343375444,0.421850562,-0.168684021,0.810335100,0.482591957,0.286369979,-0.043143503,-0.424416959,-1.122930765,0.935272098,-0.028442824,-0.000404817,0.352784634,0.090211935,-0.441147983,-1.145721674,0.943427265,-0.029528335,-0.038980663,0.327953666,0.013561424,-0.567389131,-1.058825612,0.942602158,-0.011281736,0.000705216,0.333726555
757,203202,157398,stationary,stationary_low_view,-0.788560867,1.343451262,0.419257879,-0.169670939,0.810147047,0.482092708,0.287158787,-0.044372126,-0.427344322,-1.132690787,0.944896400,-0.022383770,0.027234225,0.325466037,0.089749366,-0.440843940,-1.148753285,0.944000840,-0.036273520,-0.038548581,0.325669616,0.012534466,-0.563044548,-1.054550409,0.934188664,-0.004567091,0.014617620,0.356450528
758,203425,157621,stationary,stationary_low_view,-0.788567901,1.344179273,0.417524099,-0.169360071,0.811112285,0.480961025,0.286514431,-0.043351259,-0.425569355,-1.125502348,0.936221659,-0.027646326,0.001343005,0.350318223,0.089837767,-0.440865159,-1.143460989,0.945337415,-0.031194970,-0.049669150,0.320775598,0.013028070,-0.566358864,-1.056698799,0.933935940,-0.005199613,0.011554478,0.357215852
759,203633,157829,stationary,stationary_low_view,-0.789596796,1.344216585,0.416024208,-0.169018209,0.811122715,0.481198967,0.286287129,-0.046085197,-0.425294846,-1.126458883,0.939082742,-0.023343561,0.010827051,0.342726529,0.087742724,-0.441641390,-1.148723125,0.940846384,-0.028590379,-0.033218186,0.335987002,0.010352869,-0.563923120,-1.055682898,0.936198354,-0.006703102,0.010166845,0.351261020
760,203857,158053,stationary,stationary_low_view,-0.791256666,1.343752742,0.416102767,-0.169398814,0.810961723,0.481848270,0.285424948,-0.046096466,-0.424480677,-1.127142906,0.940635145,-0.024040082,0.008384783,0.338463157,0.087626927,-0.439531505,-1.144723177,0.942838967,-0.033936292,-0.040668003,0.329012245,0.010239605,-0.564585507,-1.057274461,0.935510576,-0.005688419,0.013071718,0.353010893
761,204079,158275,stationary,stationary_low_view,-0.792301059,1.342931271,0.417015553,-0.170304492,0.810061991,0.482663929,0.286062092,-0.046641268,-0.424129784,-1.130533099,0.942390978,-0.026111031,0.016719870,0.333073437,0.087815769,-0.439848185,-1.151954055,0.947845519,-0.033582650,-0.044529002,0.313812584,0.010115236,-0.561488748,-1.056148887,0.936147630,-0.005194962,0.011151408,0.351391971
762,204299,158495,stationary,stationary_low_view,-0.791519761,1.343468547,0.418537378,-0.169663906,0.810315549,0.482180625,0.286539167,-0.046645395,-0.427147537,-1.129835248,0.939043880,-0.029119013,0.008339938,0.342460454,0.087612294,-0.442360878,-1.148439527,0.945924699,-0.027205206,-0.039540716,0.320815980,0.009968497,-0.563640952,-1.053469896,0.935685813,-0.001135768,0.022307923,0.352126539
763,204523,158719,stationary,stationary_low_view,-0.789461851,1.342385650,0.421159387,-0.169438988,0.809247136,0.483758986,0.287030965,-0.045576610,-0.424093544,-1.129420042,0.941268444,-0.024114901,0.001648867,0.336792856,0.088083439,-0.438688278,-1.147770405,0.939146340,-0.027713602,-0.019481868,0.341842979,0.011744492,-0.564168155,-1.058321476,0.987861156,0.000197068,0.023260927,0.153587833
764,204744,158940,stationary,stationary_low_view,-0.785773993,1.344674826,0.423540711,-0.167792544,0.811596692,0.480690151,0.286519617,-0.040322706,-0.433575392,-1.130491018,0.945314527,-0.023616619,0.002026227,0.325297683,0.093734130,-0.447478652,-1.145091295,0.943519711,-0.036332686,-0.034451626,0.327511281,0.016823202,-0.573771656,-1.058927655,0.938874960,-0.005524336,0.017786661,0.343754202
765,204966,159162,stationary,stationary_low_view,-0.783658862,1.345553637,0.424968958,-0.167726964,0.810448349,0.482060879,0.287503868,-0.040119477,-0.431042761,-1.132848263,0.941385448,-0.027243583,-0.007407722,0.336149305,0.093118072,-0.444369137,-1.147213221,0.942930400,-0.030384922,-0.037568901,0.329465717,0.017052330,-0.570949376,-1.060778499,0.950783730,-0.002900194,0.022700841,0.309009045
766,205190,159386,stationary,stationary_low_view,-0.782781005,1.345228672,0.426617026,-0.166862816,0.809457004,0.483156085,0.288957387,-0.043561138,-0.425623178,-1.124171972,0.940124035,-0.023746230,0.013723358,0.339727312,0.090440877,-0.444371432,-1.151265144,0.947488427,-0.033087693,-0.046198368,0.314700812,0.013190389,-0.567496240,-1.058398724,0.935530007,-0.006194090,0.005306295,0.353153080
767,205411,159607,stationary,stationary_low_view,-0.782848835,1.345704675,0.427317500,-0.165972590,0.810450673,0.481515348,0.289423138,-0.043902069,-0.433267832,-1.128679276,0.946183920,-0.025153188,0.019453315,0.322063595,0.090158552,-0.448587149,-1.147885561,0.945865273,-0.035961252,-0.052304875,0.318292111,0.013043366,-0.572297037,-1.056695104,0.936247528,-0.006010945,0.006286434,0.351233453
768,205621,159817,stationary,stationary_low_view,-0.782904148,1.345584393,0.426995158,-0.165788189,0.810490370,0.481507480,0.289430827,-0.044841491,-0.439818144,-1.144773602,0.955227196,-0.025427449,0.010568972,0.294589281,0.089424476,-0.448663682,-1.147454023,0.942264795,-0.036183100,-0.037454266,0.330794573,0.012388166,-0.570920527,-1.053961754,0.933063149,-0.004787947,0.013708724,0.359419465
769,205841,160037,stationary,stationary_low_view,-0.782389760,1.345544934,0.426093817,-0.166363105,0.810156882,0.482258081,0.288784236,-0.043395136,-0.428227723,-1.125629306,0.936600506,-0.028263237,-0.001036603,0.349255860,0.090198614,-0.445912451,-1.148541689,0.947586298,-0.032573424,-0.047376093,0.314284354,0.013222542,-0.570081949,-1.058100343,0.936853707,-0.007326687,0.001943556,0.349639446
770,206064,160260,stationary,stationary_low_view,-0.781549573,1.345661998,0.425425172,-0.165648684,0.810595393,0.481926858,0.288517088,-0.043562792,-0.429349244,-1.125176907,0.942173839,-0.025609808,0.010404046,0.333982587,0.090215482,-0.446363091,-1.148334146,0.945408940,-0.036096506,-0.048846591,0.320176512,0.012829814,-0.569440246,-1.056285858,0.935514927,-0.005881362,0.010980800,0.353067517
771,206287,160483,stationary,stationary_low_view,-0.781069040,1.345947266,0.424676776,-0.164877489,0.810810506,0.481251508,0.289480090,-0.046185609,-0.430613577,-1.125155449,0.938613415,-0.025560359,0.008746909,0.343911380,0.088162608,-0.450383753,-1.154326200,0.947955549,-0.030190654,-0.044928331,0.313767791,0.010444894,-0.569210291,-1.053765059,0.937890112,-0.002506562,0.021467067,0.346258640
772,206509,160705,stationary,stationary_low_view,-0.780976176,1.346452594,0.423677206,-0.164902389,0.810985982,0.481125385,0.289183885,-0.045836296,-0.429295093,-1.122139335,0.935077906,-0.026277874,0.002189602,0.353460073,0.088224076,-0.449868858,-1.154721856,0.945617139,-0.030343238,-0.039808568,0.321407646,0.010504473,-0.569768786,-1.055895805,0.934993923,-0.004753344,0.012668860,0.354405582
773,206717,160913,stationary,stationary_low_view,-0.781003475,1.346184731,0.421417594,-0.164798319,0.810651898,0.481276691,0.289927274,-0.048323799,-0.429418981,-1.128854156,0.938374639,-0.027389407,-0.005119697,0.344494820,0.085162900,-0.446267366,-1.150147319,0.947634280,-0.031779699,-0.052375358,0.313426465,0.008384611,-0.569899440,-1.059669495,0.941265285,-0.002134538,0.024339944,0.336782843
774,206938,161134,stationary,stationary_low_view,-0.781093001,1.346419096,0.419375420,-0.165324122,0.810978711,0.480446547,0.290090680,-0.048551597,-0.429291248,-1.128091812,0.935347319,-0.027743557,-0.004595967,0.352611125,0.085129932,-0.446866512,-1.150646806,0.946701288,-0.034284990,-0.049802609,0.316387415,0.007949419,-0.568709731,-1.056314111,0.930247307,-0.002425750,0.016103368,0.366571665
775,207160,161356,stationary,stationary_low_view,-0.781508565,1.346730232,0.418029308,-0.165801749,0.810848117,0.480563700,0.289989084,-0.048825353,-0.427692533,-1.126612067,0.937765837,-0.022870108,0.008678501,0.346405745,0.084698707,-0.444819301,-1.151778579,0.942941964,-0.034930497,-0.036079243,0.329148322,0.007844649,-0.566621006,-1.057025790,0.929652333,-0.001426454,0.016979361,0.368043810
776,207369,161565,stationary,stationary_low_view,-0.781960368,1.346748590,0.417458296,-0.166014224,0.810842395,0.480532140,0.289935797,-0.050197855,-0.431154430,-1.137870669,0.939586222,-0.025646236,-0.005811519,0.341300845,0.083395071,-0.442441285,-1.147004724,0.937946200,-0.035498720,-0.035629008,0.343114287,0.007428616,-0.565074503,-1.055009604,0.928443253,-0.001268142,0.020192275,0.370922923
777,207592,161788,stationary,stationary_low_view,-0.782775640,1.346652269,0.417863250,-0.165988222,0.810950875,0.480601728,0.289531678,-0.049846984,-0.433236092,-1.140364170,0.948477507,-0.024471296,0.015623656,0.315511465,0.083947085,-0.444349825,-1.150042295,0.940572262,-0.033336438,-0.032626398,0.336374879,0.007524267,-0.565487862,-1.054717422,0.929025352,-0.000873666,0.019297194,0.369511515
778,207813,162009,stationary,stationary_low_view,-0.783620954,1.347272754,0.417495251,-0.165867969,0.811730921,0.479935467,0.288518161,-0.048311118,-0.431012690,-1.127676129,0.938200116,-0.023700850,0.005116788,0.345242888,0.085545696,-0.448538214,-1.152216792,0.941734433,-0.029275008,-0.037347902,0.332993090,0.008110236,-0.569218040,-1.055864811,0.934316456,-0.005948018,0.009291789,0.356273770
779,208036,162232,stationary,stationary_low_view,-0.784966826,1.347017527,0.416178703,-0.165667042,0.811662197,0.480345935,0.288143665,-0.049977332,-0.436039269,-1.144747496,0.948242843,-0.027255857,0.000328154,0.316374034,0.083412953,-0.445203304,-1.147007227,0.939697444,-0.038807359,-0.038021330,0.337664098,0.006806545,-0.572502494,-1.060421824,0.987649262,-0.000068073,0.026198467,0.154475242
780,208258,162454,stationary,stationary_low_view,-0.786656380,1.346982241,0.414984107,-0.166186228,0.811404109,0.480586946,0.288169593,-0.051516149,-0.429010808,-1.127733946,0.937064826,-0.028400809,0.007874073,0.347909421,0.082933418,-0.448329628,-1.157713056,0.945384562,-0.027882284,-0.030073045,0.323367059,0.005243689,-0.566068411,-1.054964185,0.932461798,-0.005685938,0.007986134,0.361135542
781,208480,162676,stationary,stationary_low_view,-0.786887407,1.347084641,0.415010571,-0.165694028,0.812083483,0.480044395,0.287442714,-0.050988317,-0.431559741,-1.130766273,0.943641782,-0.026436806,0.003744410,0.329889923,0.082610406,-0.447432160,-1.150619626,0.945773184,-0.035750128,-0.050412778,0.318894356,0.005135704,-0.568405509,-1.054826260,0.931670487,-0.006898733,0.009418097,0.363116741
782,208702,162898,stationary,stationary_low_view,-0.787283182,1.346140265,0.415047526,-0.165685803,0.811893523,0.480886608,0.286575049,-0.050384983,-0.429032922,-1.128163695,0.935765564,-0.028649108,0.001012637,0.351455539,0.082611069,-0.444088072,-1.145445943,0.937459171,-0.034314822,-0.034536816,0.344673723,0.005269017,-0.566385388,-1.055342674,0.934389353,-0.006722157,0.007508574,0.356110960
783,208925,163121,stationary,stationary_low_view,-0.787113309,1.346878171,0.414883494,-0.164784238,0.812696815,0.480165571,0.286026299,-0.051376134,-0.431160927,-1.126774549,0.935542881,-0.028734261,0.012370417,0.351825088,0.082625002,-0.449900210,-1.153563023,0.944999635,-0.033439185,-0.040872753,0.322780073,0.004921120,-0.571652591,-1.059088349,0.939342976,-0.008770341,0.006328804,0.342808694
784,209147,163343,stationary,stationary_low_view,-0.785986304,1.347211838,0.413771272,-0.163744956,0.813085437,0.479786336,0.286155105,-0.052131653,-0.433202326,-1.132513523,0.939674735,-0.029696381,0.008982891,0.340659499,0.080868468,-0.447228670,-1.146098137,0.937431335,-0.037618112,-0.034067538,0.344451487,0.002946828,-0.568892300,-1.054799199,0.934381783,-0.007949431,0.007884856,0.356097341
785,209369,163565,stationary,stationary_low_view,-0.780714512,1.348114610,0.406353354,-0.161904871,0.813750982,0.480002940,0.284944504,-0.054446965,-0.425132751,-1.135417819,0.939683616,-0.034885831,-0.001840985,0.340256304,0.078464098,-0.440125465,-1.149121761,0.937526882,-0.039921612,-0.032855675,0.344049633,0.000583749,-0.566752076,-1.067198992,0.945457399,-0.015791185,0.001447094,0.325359613
786,209578,163774,stationary,stationary_low_view,-0.771264076,1.370980740,0.387392640,-0.158131093,0.809418142,0.493982494,0.275351018,-0.062759712,-0.391593218,-1.183126688,0.951896429,-0.043409504,0.001793658,0.303324223,0.071019448,-0.407956898,-1.195343137,0.944625556,-0.048033904,-0.031536110,0.323080122,-0.010157358,-0.530881941,-1.106612921,0.942189395,-0.025381921,-0.013809070,0.333832711
787,209786,163982,stationary,stationary_low_view,-0.747085214,1.416809797,0.364795923,-0.142173439,0.817102730,0.495029986,0.258988798,-0.057873167,-0.386153579,-1.230228901,0.944613874,-0.067264013,0.000370550,0.321216524,0.075632468,-0.415606409,-1.260441422,0.949646592,-0.070135117,-0.035927329,0.303251743,-0.013803367,-0.528726697,-1.156368971,0.946031809,-0.049133249,0.002043433,0.320321083
788,210009,164205,stationary,stationary_low_view,-0.698557734,1.452239513,0.314192653,-0.135480478,0.831313372,0.483835131,0.237627313,-0.007158602,-0.377580345,-1.289290667,0.939916670,-0.085407488,0.014657168,0.330223233,0.128946215,-0.412828147,-1.321806312,0.946999788,-0.096922211,-0.017080786,0.305787057,0.030392289,-0.521818221,-1.215137005,0.948722064,-0.070681177,0.010400702,0.307932496
789,210217,164413,stationary,stationary_low_view,-0.596845508,1.469591141,0.219195485,-0.139998898,0.825166404,0.487725019,0.248243794,0.008484706,-0.260599673,-1.380790353,0.945285141,-0.076896921,0.017962245,0.316544294,0.149059266,-0.295266837,-1.442276835,0.948672891,-0.085486270,-0.026934333,0.303292483,0.049764603,-0.401930392,-1.300436974,0.951082051,-0.058179144,0.008928688,0.303279370
790,210411,164607,stationary,stationary_low_view,-0.422756553,1.459494114,0.103754878,-0.140520528,0.809871614,0.509002984,0.255495429,0.058265418,-0.016015213,-1.526687622,0.961863637,-0.063624822,0.027386526,0.264613360,0.190842882,-0.037876468,-1.506036401,0.937920570,-0.070885979,-0.028282277,0.338349372,0.097969532,-0.161346182,-1.411858082,0.956167042,-0.054836560,0.001807211,0.287635803
791,210606,164802,stationary,stationary_low_view,-0.304965615,1.479505062,0.032978415,-0.135852695,0.809631288,0.532822132,0.205284759,0.228617355,0.156211838,-1.565300107,0.958083451,-0.120224297,0.028309941,0.258497208,0.372834086,0.132304475,-1.607428551,0.954100490,-0.126148954,-0.013075515,0.271307468,0.265576959,0.004103530,-1.536581278,0.978467643,-0.096820615,0.003443282,0.182250038
792,210813,165009,stationary,stationary_low_view,-0.239141583,1.507324576,-0.037830472,-0.134123877,0.812679291,0.537108600,0.181872234,0.317558408,0.242191598,-1.616788626,0.957839549,-0.140606776,0.038214087,0.247614250,0.464641392,0.215827391,-1.657039523,0.955791354,-0.149152175,-0.009644405,0.253226161,0.342826545,0.088705912,-1.564857006,0.972214580,-0.125479296,0.013589895,0.197152600
793,211036,165232,stationary,stationary_low_view,-0.175934076,1.530862927,-0.140315771,-0.123084344,0.827251196,0.513420403,0.192107245,0.303913891,0.244939491,-1.716345906,0.952357411,-0.135927394,0.042203218,0.269736916,0.446520329,0.216086909,-1.746041894,0.943245888,-0.150284812,-0.008679390,0.296017468,0.337972462,0.093541577,-1.690641046,0.936978638,-0.072062664,0.191694677,-0.283074468
794,211245,165441,stationary,stationary_low_view,-0.103818893,1.563298225,-0.285609365,-0.104304217,0.858421803,0.455691814,0.211134091,0.257500112,0.130636409,-1.866182804,0.924724579,-0.135231748,0.027733892,0.354721993,0.397796988,0.101457879,-1.886034966,0.921331525,-0.130975321,-0.015629875,0.365717679,0.293626189,-0.008686554,-1.828357816,0.956635833,-0.111189492,0.013664063,0.268883079
795,211453,165649,stationary,stationary_far_view,-0.036437750,1.606414795,-0.389245629,-0.099545531,0.861654758,0.422150075,0.263497829,0.103469491,0.072023436,-2.078344822,0.906711638,-0.063205205,0.057326701,-0.413028747,0.235356823,0.047226626,-2.014574766,0.909076810,-0.093067788,-0.051072471,0.402876407,0.145481318,-0.061266702,-1.965093851,0.945396423,-0.074528769,-0.005556291,0.317238361
796,211661,165857,stationary,stationary_far_view,0.040550113,1.628999710,-0.458414078,-0.109383166,0.858307898,0.397424400,0.305608898,-0.005117564,0.042968351,-2.133095503,0.895138025,-0.042139038,0.031502187,-0.442673534,0.134710297,0.030109454,-2.151259184,0.902595758,-0.049838133,-0.062413406,0.423014879,0.053133078,-0.081643358,-2.084694147,0.944180191,-0.039602600,-0.026051348,0.326001048
797,211869,166065,stationary,stationary_far_view,0.116370797,1.631502867,-0.496064305,-0.113805436,0.854815483,0.378673643,0.336072952,-0.073990807,0.030210365,-2.240045309,0.914875150,0.003717587,-0.021879705,0.403126478,0.067072868,0.019257326,-2.271875620,0.886576235,0.004648229,0.104690708,-0.450556159,-0.004353240,-0.092145547,-2.181030035,0.942213476,-0.004335987,-0.040132500,0.332572371
798,212094,166290,stationary,stationary_far_view,0.166068196,1.640580416,-0.520820618,-0.113102332,0.855181098,0.372362494,0.342373073,-0.075185418,0.031465013,-2.251321554,0.892888188,-0.013927094,0.010388267,-0.449943095,0.062637679,0.025402177,-2.251012564,0.889028847,-0.003406799,-0.082489684,0.450346053,-0.004685337,-0.084191397,-2.176843882,0.931327462,-0.003191989,-0.034836184,0.362498879
799,212315,166511,stationary,stationary_far_view,0.188704073,1.649087191,-0.547939301,-0.106355220,0.864279747,0.356126487,0.338943958,-0.050028786,-0.032480638,-2.276265144,0.898124278,-0.011718542,0.012222783,-0.439415663,0.091692165,-0.042959254,-2.384519339,0.890757263,0.012981640,0.116277188,-0.439161211,0.019524574,-0.147504672,-2.237940073,0.927394986,-0.001293374,-0.026093103,0.373170257
800,212536,166732,stationary,stationary_far_view,0.188109994,1.656206369,-0.581130743,-0.099514097,0.870862782,0.346520722,0.334093362,-0.049657468,-0.079699501,-2.299470425,0.899269164,-0.015919005,0.011533090,-0.436953723,0.092065126,-0.094881520,-2.420756817,0.891297042,0.004992311,0.092830613,-0.443787247,0.013471510,-0.186068386,-2.150949955,0.905123711,-0.004672285,-0.029016636,0.424131155
801,212744,166940,stationary,stationary_far_view,0.181003213,1.659528494,-0.603549242,-0.095806420,0.882284880,0.329917789,0.321789920,-0.006393157,-0.153638229,-2.341619253,0.908683062,-0.022036701,0.027177308,-0.416017860,0.135097891,-0.167966858,-2.384983778,0.891071796,-0.002737119,0.098310918,-0.443078488,0.054258257,-0.255574435,-2.182224512,0.899626911,-0.024038617,-0.027969414,0.435099244
802,212967,167163,stationary,stationary_far_view,0.172007859,1.661604881,-0.610857487,-0.095484324,0.885435343,0.323205620,0.320039332,-0.001301698,-0.188942298,-2.330672741,0.913597107,-0.024771655,0.023946017,-0.405158401,0.145200506,-0.206816927,-2.433753014,0.875879765,-0.051977884,-0.036547795,0.478327543,0.059195764,-0.290810615,-2.186383486,0.898492634,-0.020647742,-0.027094362,0.437664837
803,213190,167386,stationary,stationary_far_view,0.163809180,1.661949635,-0.609511495,-0.098528542,0.885043681,0.321910888,0.321501434,,,,,,,,,,,,,,,0.052713603,-0.295353413,-2.178138971,0.896506965,-0.017531455,-0.013236756,0.442484736
804,213425,167621,stationary,stationary_far_view,0.160338998,1.659894466,-0.607669353,-0.098607041,0.882202864,0.323687702,0.327446252,,,,,,,,0.105112791,-0.205641553,-2.424133301,0.902936399,0.006803221,0.080301464,-0.422150731,0.025894735,-0.298395514,-2.255723715,0.922015667,-0.020042514,-0.025274867,0.385806382
805,213648,167844,stationary,stationary_far_view,0.159127951,1.659742236,-0.607803106,-0.097941458,0.880526781,0.323512942,0.332294285,-0.060815319,-0.188535318,-2.331245899,0.881212771,-0.022169305,-0.016251961,0.471919894,0.079093590,-0.199375018,-2.346263409,0.866645634,-0.036696117,-0.053167291,0.494724184,0.004294418,-0.293964446,-2.214552879,0.908070982,-0.002326552,-0.019563166,0.418352723
806,213869,168065,stationary,stationary_far_view,0.162443638,1.659833670,-0.611401081,-0.097976640,0.881048381,0.321664959,0.332695097,,,,,,,,0.080710083,-0.206281647,-2.373220444,0.868852854,-0.034684345,-0.055994913,0.490669250,0.004548397,-0.299016476,-2.211186886,0.911530614,-0.011424126,-0.026522430,0.410217077
807,214092,168288,stationary,stationary_far_view,0.167377114,1.659607172,-0.615686417,-0.097780824,0.880808234,0.320506960,0.334501266,-0.066268578,-0.191611841,-2.309191465,0.877444446,-0.022766555,-0.013758551,0.478940070,0.072805136,-0.202396020,-2.327545643,0.860282898,-0.012155344,-0.055357106,0.506656885,-0.000612311,-0.297558069,-2.216351509,0.909330070,-0.005486719,-0.027054677,0.415158719
808,214312,168508,stationary,stationary_far_view,0.170774937,1.660218716,-0.618773699,-0.097561792,0.880648613,0.319433481,0.336008847,-0.071779326,-0.197170272,-2.314379215,0.908100009,-0.024808707,0.008279539,-0.417935878,0.067240484,-0.204711422,-2.314861298,0.850503683,-0.008034152,-0.043016102,0.524145484,-0.005302254,-0.297392994,-2.188573360,0.895237029,-0.007634603,-0.020659333,0.445045650
809,214535,168731,stationary,stationary_far_view,0.171661377,1.659481049,-0.619925499,-0.098439045,0.879570603,0.321357369,0.336741537,,,,,,,,0.061800547,-0.191254720,-2.300248146,0.852451324,-0.018046707,-0.052905824,0.519809783,-0.010401562,-0.289379001,-2.227633715,0.909948468,-0.004136350,-0.028243383,0.413737833
810,214758,168954,stationary,stationary_far_view,0.172770441,1.659332514,-0.622383952,-0.099373534,0.879366338,0.321011156,0.337330133,-0.078536332,-0.185031787,-2.344833851,0.912382543,-0.033078253,-0.005659695,-0.407960653,,,,,,,,-0.010373564,-0.284965813,-2.206182957,0.902484357,0.000508124,-0.023044055,0.430105478
811,214980,169176,stationary,stationary_far_view,0.175416827,1.660053134,-0.624954462,-0.098761767,0.880003452,0.319750100,0.337045878,-0.074928381,-0.187721804,-2.308042288,0.904215217,-0.016886698,-0.004986620,-0.426714063,0.065674394,-0.202299669,-2.393625021,0.901649237,0.000148731,0.086728469,-0.423682541,-0.008285366,-0.290974021,-2.209529161,0.899910629,-0.003780455,-0.026872782,0.435229212
812,215217,169413,stationary,stationary_far_view,0.178655207,1.661767721,-0.628182530,-0.098364018,0.880984366,0.316177875,0.337968469,-0.076321989,-0.202864006,-2.327621460,0.869875610,-0.013296674,-0.012386037,0.492936343,0.063168168,-0.211536497,-2.332978487,0.852076292,-0.004144310,-0.044023547,0.521546483,-0.010335822,-0.301079392,-2.185211897,0.897808611,-0.002251450,-0.019105617,0.439965487
813,215425,169621,stationary,stationary_far_view,0.181366265,1.663251638,-0.632957578,-0.098829664,0.880573690,0.315277696,0.339739174,,,,,,,,0.055380695,-0.217511132,-2.390184879,0.902288318,0.002691932,0.083089277,-0.423042208,-0.015338529,-0.312176555,-2.255663157,0.901431143,-0.010408822,-0.008615178,0.432711661
814,215661,169857,stationary,stationary_far_view,0.185472906,1.663465619,-0.638295770,-0.099549808,0.880293727,0.315177828,0.340346485,-0.086020201,-0.199314907,-2.328492165,0.904241204,-0.015477698,-0.004160119,-0.426721245,0.054187983,-0.213499859,-2.405287504,0.898753583,0.010006527,0.077366062,-0.431458473,-0.019466337,-0.307024717,-2.256061792,0.906206012,-0.018529266,-0.024055202,0.421744883
815,215884,170080,stationary,stationary_far_view,0.191522181,1.662373185,-0.642669916,-0.100072749,0.879959404,0.318242311,0.338199258,-0.076700196,-0.174747303,-2.303254604,0.868800759,-0.020233408,-0.011914250,0.494604856,0.064630240,-0.194605783,-2.439556837,0.894877851,0.002293996,0.072000608,-0.440459192,-0.010580756,-0.287308574,-2.291176558,0.909328163,0.012530995,-0.039717983,0.413990051
816,216106,170302,stationary,stationary_far_view,0.197244763,1.658859253,-0.645780802,-0.102650173,0.877777100,0.327615976,0.334122896,-0.063561022,-0.128708288,-2.353034258,0.899556160,-0.015375362,-0.001116996,-0.436533064,0.076726437,-0.139947191,-2.418688297,0.892254889,0.001176173,0.088349752,-0.442802608,0.001261320,-0.235656872,-2.244319439,0.936893463,0.016547900,0.041046940,-0.346802503
817,216315,170511,stationary,stationary_far_view,0.202992082,1.654456258,-0.648968935,-0.108303398,0.874973357,0.338746965,0.328546017,,,,,,,,,,,,,,,0.024237946,-0.164163664,-2.269367218,0.915412486,-0.002079039,-0.020877915,0.401969910
818,216535,170731,stationary,stationary_far_view,0.208743989,1.653472185,-0.648545146,-0.108862944,0.873891294,0.342434257,0.327416599,-0.035255328,-0.033891510,-2.350352049,0.888043165,-0.014129995,0.009643066,-0.459441662,0.105643749,-0.042901706,-2.394258022,0.878502011,-0.012328584,0.100867450,-0.466806173,0.028992809,-0.141814932,-2.258286953,0.919838130,-0.009319230,-0.022840004,0.391521752
819,216745,170941,stationary,stationary_far_view,0.214687467,1.655791283,-0.649552107,-0.104461670,0.874044299,0.338314354,0.332682610,-0.057914391,-0.058234315,-2.403518200,0.894450724,-0.003630983,-0.009553680,0.447049737,,,,,,,,0.008293036,-0.164608493,-2.236653566,0.910421252,-0.004170105,-0.014238332,0.413416237
820,216966,171162,stationary,stationary_far_view,0.221720457,1.658341646,-0.653415680,-0.099996284,0.875465691,0.332230031,0.336427987,-0.070068382,-0.091528937,-2.359282494,0.890197694,-0.026225884,0.010021255,-0.454708517,0.069511175,-0.101797923,-2.435045242,0.868060231,-0.016250810,-0.047716130,0.493893236,-0.004620999,-0.197547823,-2.274374008,0.916308224,-0.006461572,-0.034772992,0.398909032
821,217190,171386,stationary,stationary_far_view,0.229745686,1.660175562,-0.660649657,-0.096859783,0.877442241,0.326253891,0.338041067,-0.074465699,-0.117952242,-2.395811081,0.902166963,-0.023064410,0.000935384,-0.430769026,0.064861104,-0.125404134,-2.388067961,0.862345815,-0.013903473,-0.061541636,0.502373397,-0.006804133,-0.229689553,-2.351317167,0.920491815,-0.011143757,-0.026197968,0.389723361
822,217411,171607,stationary,stationary_far_view,0.236294866,1.661928654,-0.669486761,-0.095828936,0.879603326,0.319669962,0.339007318,,,,,,,,,,,,,,,-0.006464181,-0.249015912,-2.271547318,0.897359788,-0.009118825,-0.019887814,0.440757006
823,217632,171828,stationary,stationary_far_view,0.241549432,1.664790034,-0.676319838,-0.093159564,0.883027673,0.311022401,0.338893145,,,,,,,,0.071870051,-0.195932910,-2.407340527,0.850971818,-0.007011980,-0.057238780,0.522035956,-0.001052819,-0.284788489,-2.260715246,0.890861332,-0.006739188,-0.021889992,0.453697592
824,217854,172050,stationary,stationary_far_view,0.244204164,1.667311192,-0.681409359,-0.089009240,0.887405634,0.302879751,0.335935205,-0.051972650,-0.229316071,-2.369207859,0.905531704,-0.012850647,0.005485338,-0.424048483,,,,,,,,0.014246073,-0.333383411,-2.292298317,0.887223005,-0.017336320,-0.028817931,0.460113376
825,218063,172259,stationary,stationary_far_view,0.242967904,1.668891072,-0.685507059,-0.085625999,0.890302420,0.296128124,0.335168570,-0.051026475,-0.271939516,-2.406248093,0.910382807,-0.030283559,0.007366451,-0.412591547,0.091501951,-0.293720663,-2.511699677,0.900977552,0.005704376,0.083602957,-0.425696462,,,,,,,
826,218299,172495,stationary,stationary_far_view,0.237960100,1.670396090,-0.687216520,-0.084711164,0.891835630,0.290184796,0.336520463,,,,,,,,0.083674669,-0.321043283,-2.473197222,0.853239119,-0.032500535,-0.053298246,0.517770231,0.008562539,-0.401067197,-2.288283110,0.882123947,-0.018586753,-0.004063358,0.470632970
827,218523,172719,stationary,stationary_far_view,0.230369449,1.671845675,-0.686418533,-0.085274048,0.892153561,0.287448525,0.337881207,-0.065596282,-0.321034074,-2.397870541,0.915420353,-0.022768490,0.004015610,-0.401834637,0.073886640,-0.328463733,-2.396421194,0.837574780,-0.012979437,-0.048771929,0.543986619,-0.000396989,-0.409251869,-2.243945837,0.879563034,-0.008961990,-0.019087587,0.475314856
828,218744,172940,stationary,stationary_far_view,0.226500988,1.672375798,-0.685451508,-0.086008988,0.892769873,0.284956247,0.338178009,-0.065782845,-0.331560910,-2.402297258,0.865890801,-0.002668765,-0.000825860,0.500225186,0.077685349,-0.351728797,-2.455199003,0.904422402,0.012872153,0.073758788,-0.420016736,-0.000371736,-0.425793052,-2.246850967,0.951827824,0.010003665,0.026471876,-0.305324286
829,218966,173162,stationary,stationary_far_view,0.224022865,1.673206687,-0.681989670,-0.086400598,0.892860889,0.283220828,0.339293987,-0.066503406,-0.337905020,-2.354413033,0.914523482,-0.014103641,-0.004175069,-0.404265404,,,,,,,,-0.000961933,-0.445811629,-2.314690828,0.898450613,-0.020209702,-0.016704489,0.438290954
830,219202,173398,stationary,stationary_far_view,0.221065998,1.673994303,-0.677661896,-0.088479079,0.892559946,0.280803561,0.341551632,-0.069919385,-0.358276427,-2.403979778,0.920879900,-0.025085853,0.007723079,-0.388961822,,,,,,,,-0.007868402,-0.417611241,-2.100621462,0.865608573,0.005718879,0.009270190,0.500602722
831,219425,173621,stationary,stationary_far_view,0.216779053,1.674546599,-0.675223470,-0.088174738,0.892580986,0.279770434,0.342422217,-0.075469688,-0.367977500,-2.425676584,0.865988791,0.006606981,-0.011423324,0.499889314,,,,,,,,-0.006100107,-0.466255754,-2.304522276,0.896334112,-0.001781171,-0.011894873,0.443216115
832,219648,173844,stationary,stationary_far_view,0.213201880,1.674312830,-0.674932957,-0.088833719,0.891939700,0.279574156,0.344079256,-0.081961147,-0.360752463,-2.361649513,0.920824468,-0.012181981,-0.006245838,-0.389736980,0.058083609,-0.377893806,-2.432093620,0.916723967,0.008380564,0.088438779,-0.389519602,-0.014918294,-0.452887595,-2.239114046,0.879982233,-0.001149023,-0.013802565,0.474804640
833,219870,174066,stationary,stationary_far_view,0.210442960,1.674906015,-0.675939560,-0.088944010,0.892586887,0.277367890,0.344157964,,,,,,,,0.057496354,-0.395041436,-2.452118158,0.912913740,0.000462303,0.067738473,-0.402492106,-0.014666328,-0.466609567,-2.246167183,0.875056803,-0.005063098,-0.025570437,0.483317792
834,220105,174301,stationary,stationary_far_view,0.206139505,1.675352931,-0.674307108,-0.087711535,0.892722070,0.277241260,0.344225556,,,,,,,,,,,,,,,-0.018000003,-0.462150991,-2.199342728,0.870144546,-0.005307739,-0.019433841,0.492384613
835,220325,174521,stationary,stationary_far_view,0.201706946,1.675554276,-0.671592236,-0.087326437,0.893381655,0.277921885,0.342056632,,,,,,,,0.060270078,-0.399696738,-2.432560205,0.914017081,0.005106982,0.068351857,-0.399843425,-0.015100786,-0.460875601,-2.175515413,0.872351825,0.008699788,-0.017193938,0.488498747
836,220523,174719,stationary,stationary_far_view,0.196521580,1.675807238,-0.669116378,-0.088331692,0.894584894,0.276953399,0.339429289,-0.068152077,-0.384630561,-2.347217798,0.924737275,-0.012563040,-0.009954492,-0.380268395,,,,,,,,-0.000505961,-0.489994228,-2.293026209,0.891302466,0.005787851,-0.009830163,0.453265727
837,220702,174898,stationary,stationary_far_view,0.192865670,1.675484538,-0.666886687,-0.089669399,0.895026505,0.277637482,0.337348998,-0.058180049,-0.384946436,-2.363593340,0.924576700,-0.021560457,0.006708125,-0.380326211,0.082953952,-0.404037058,-2.432095766,0.913270891,0.011224121,0.071730159,-0.400830537,0.006617501,-0.482246310,-2.260606527,0.895645738,-0.016604004,-0.012615418,0.444279104
838,220897,175093,stationary,stationary_far_view,0.190180779,1.675155163,-0.665181637,-0.088962972,0.894906938,0.278911918,0.336801738,-0.060398035,-0.375196993,-2.320398808,0.919495821,-0.014700431,-0.006258125,-0.392774940,0.080857910,-0.396353811,-2.402637243,0.914133966,0.012143391,0.077655263,-0.397720218,0.005558681,-0.471304685,-2.226924896,0.881530523,-0.003134423,-0.009053584,0.472029805
839,221077,175273,stationary,stationary_far_view,0.187736511,1.674042225,-0.663276672,-0.089846708,0.894253016,0.281412959,0.336222976,-0.060085863,-0.365339547,-2.331158876,0.919160724,-0.016335281,-0.001658656,-0.393540442,,,,,,,,0.005792432,-0.460902095,-2.230509281,0.885547340,-0.007080135,-0.009961395,0.464388430
840,221273,175469,stationary,stationary_far_view,0.185212255,1.673802495,-0.662309408,-0.090530276,0.894186676,0.281887978,0.335817903,-0.060363770,-0.370983958,-2.399654388,0.871529520,-0.000650119,-0.008193024,0.490274161,0.084908158,-0.397632301,-2.508131266,0.848322690,-0.007790960,-0.034370560,0.528305411,0.006059319,-0.455830634,-2.209802151,0.892323613,-0.011117701,-0.023269918,0.450658947
841,221453,175649,stationary,stationary_far_view,0.183667243,1.673650146,-0.662315011,-0.090388328,0.894641161,0.281670183,0.334826916,-0.055245157,-0.364567578,-2.319641590,0.919479012,-0.013354663,-0.004489753,-0.392886639,0.085618824,-0.384466708,-2.396918058,0.914131105,0.009576313,0.075095043,-0.398288101,0.010330487,-0.474772602,-2.292470217,0.897445440,0.004452795,-0.020364020,0.440632701
842,221649,175845,stationary,stationary_far_view,0.182762206,1.673555851,-0.661786079,-0.090286754,0.894592047,0.281860799,0.334825188,,,,,,,,,,,,,,,0.008253459,-0.462632269,-2.232880831,0.879223466,0.012582596,-0.001019730,0.476242274
843,221827,176023,stationary,stationary_far_view,0.180660307,1.673000097,-0.660734773,-0.090610124,0.893685102,0.284024417,0.335331053,-0.062128197,-0.359551698,-2.350060701,0.923450530,-0.020962305,-0.006957697,-0.383081377,0.080918536,-0.376595318,-2.419200182,0.847828269,-0.016867558,-0.036339391,0.528755367,0.005310625,-0.458352804,-2.249410868,0.888436556,-0.013566282,-0.011211194,0.458661944
844,222009,176205,stationary,stationary_far_view,0.178150117,1.672496080,-0.659695148,-0.091121480,0.893210948,0.285680264,0.335049063,-0.061743762,-0.345567346,-2.318003178,0.856520295,-0.024648195,-0.002136177,0.515520155,,,,,,,,0.004584260,-0.452549070,-2.268744230,0.895702720,0.001750607,-0.015042913,0.444395423
845,222202,176398,stationary,stationary_far_view,0.177001357,1.672585249,-0.658676147,-0.091596872,0.893612862,0.285337001,0.334139019,,,,,,,,0.083444357,-0.366136253,-2.385299683,0.914747477,0.005417868,0.089065105,-0.394049704,0.009831656,-0.466179639,-2.307997227,0.902139008,-0.024796071,-0.013362575,0.430525035
846,222383,176579,stationary,stationary_far_view,0.176461637,1.672176719,-0.658040285,-0.091700181,0.893826902,0.285328150,0.333545208,-0.054994203,-0.357108533,-2.368409395,0.924589932,-0.019913090,-0.005552483,-0.380402595,0.088658489,-0.375485063,-2.439512491,0.916433215,0.012881153,0.073161669,-0.393232286,0.009729091,-0.443103820,-2.194793940,0.885578394,-0.018313352,-0.013081613,0.463944405
847,222577,176773,stationary,stationary_far_view,0.176574767,1.672008276,-0.656980395,-0.092077248,0.893631339,0.285947174,0.333435118,-0.053706273,-0.352425128,-2.355875969,0.921512425,-0.021294288,0.014637161,-0.387488335,0.090200573,-0.381949484,-2.513844728,0.853684545,-0.011902184,-0.032379318,0.519646645,0.010506269,-0.439652383,-2.204848766,0.888601184,-0.000813404,-0.012158371,0.458518744
848,222758,176954,stationary,stationary_far_view,0.177306712,1.671848536,-0.655430794,-0.092325501,0.893334150,0.286292106,0.333866656,-0.054175373,-0.349164546,-2.352498770,0.924376369,-0.019280044,-0.002126727,-0.380988300,0.089910865,-0.371097118,-2.452190399,0.919545949,-0.000919694,0.081691913,-0.384396732,0.010037765,-0.433947057,-2.179655790,0.884822845,-0.005999012,-0.011173152,0.465755075
849,222952,177148,stationary,stationary_far_view,0.178277791,1.671603680,-0.653861761,-0.092439488,0.892702103,0.286685079,0.335185856,,,,,,,,0.081633233,-0.357731223,-2.363852978,0.906482458,0.009294420,0.082857490,-0.413929671,0.005349442,-0.438458413,-2.206110954,0.885607481,0.008267277,-0.024292264,0.463725060
850,223133,177329,stationary,stationary_far_view,0.178777158,1.671578407,-0.651454329,-0.092162013,0.893049836,0.285767436,0.335119635,,,,,,,,0.086187214,-0.369265974,-2.407881021,0.914669812,0.011322285,0.071077801,-0.397742242,0.010012511,-0.446981877,-2.228305578,0.889138758,-0.004078028,-0.013653214,0.457415849
851,223328,177524,stationary,stationary_far_view,0.178896725,1.671269774,-0.650167465,-0.092680596,0.892113090,0.287548661,0.335946918,-0.058258012,-0.344051898,-2.329425097,0.918197870,-0.014921206,0.002634565,-0.395832211,,,,,,,,0.006946322,-0.442066461,-2.236728430,0.894461095,0.001227073,-0.019450147,0.446720868
852,223524,177720,stationary,stationary_far_view,0.178651452,1.671659231,-0.649666309,-0.092434764,0.892871261,0.285059184,0.336122066,,,,,,,,,,,,,,,0.010243803,-0.449630380,-2.219813347,0.882802129,-0.000806010,-0.009479299,0.469648778
853,223702,177898,stationary,stationary_far_view,0.179644823,1.671740532,-0.649496794,-0.092581861,0.892985702,0.284960598,0.335860908,-0.054090761,-0.355686605,-2.334186792,0.920165181,-0.011687000,-0.000234989,-0.391355753,,,,,,,,0.011254579,-0.448901445,-2.216498852,0.888888955,0.005141613,-0.018284900,0.457728833
854,223911,178107,stationary,stationary_far_view,0.180594444,1.671424150,-0.648791075,-0.091437615,0.892830908,0.285422593,0.336193532,-0.056333691,-0.355372816,-2.338536024,0.925074339,-0.022457501,0.000796168,-0.379120678,,,,,,,,0.009741560,-0.455045372,-2.240515947,0.886305332,-0.013684195,-0.009986566,0.462791383
855,224093,178289,stationary,stationary_far_view,0.180931628,1.671533227,-0.648479104,-0.090296641,0.892920554,0.286396474,0.335434794,-0.056300338,-0.352672249,-2.337299824,0.923226476,-0.020434557,-0.002019763,-0.383707315,0.089926213,-0.378780454,-2.474300861,0.861685693,-0.031850755,-0.038652211,0.504964769,0.009453163,-0.441644579,-2.191021442,0.881753445,-0.011402913,-0.013342805,0.471384019
856,224271,178467,stationary,stationary_far_view,0.181053519,1.671483755,-0.649306774,-0.090752430,0.892420173,0.286695957,0.336386263,,,,,,,,,,,,,,,0.005458005,-0.442425698,-2.210361719,0.883315921,-0.008199464,-0.007159838,0.468651831
857,224466,178662,stationary,stationary_far_view,0.180912435,1.671443105,-0.649179935,-0.091098487,0.892231584,0.287253618,0.336317182,-0.059699327,-0.342630118,-2.315730572,0.916254520,-0.014823041,-0.002719163,-0.400313020,0.081952974,-0.365542769,-2.418737650,0.913243949,0.007980726,0.074609667,-0.400443852,0.006103449,-0.441155076,-2.225489616,0.889772952,-0.000346977,-0.017963855,0.456049621
858,224660,178856,stationary,stationary_far_view,0.181811929,1.671159267,-0.648658752,-0.090696961,0.891863942,0.288767189,0.336104572,,,,,,,,0.081207171,-0.358824819,-2.410490751,0.911867857,0.011787347,0.076728523,-0.403076708,0.005400520,-0.437510639,-2.234908819,0.890955269,-0.005193699,-0.016959472,0.453744620
859,224855,179051,stationary,stationary_far_view,0.182594836,1.671262264,-0.648497224,-0.090597086,0.891957402,0.288284838,0.336297572,-0.061369054,-0.343563437,-2.361905336,0.865636170,-0.000327729,-0.006675134,0.500629067,0.083079636,-0.366234273,-2.450764179,0.917145610,0.011051280,0.073003419,-0.391653359,0.005525514,-0.432326198,-2.193572998,0.890615344,-0.010858756,-0.023606719,0.454014450
860,225035,179231,stationary,stationary_far_view,0.182771623,1.671148539,-0.647615075,-0.090668559,0.892051756,0.288885564,0.335511506,-0.056600463,-0.331099927,-2.288917065,0.853825748,-0.023416068,-0.008252363,0.519966483,,,,,,,,0.010752961,-0.440530896,-2.255602837,0.891013086,-0.006419727,-0.016509216,0.453631997
861,225228,179424,stationary,stationary_far_view,0.182683587,1.670929670,-0.646869659,-0.091438480,0.891562104,0.289981842,0.335658401,-0.056748290,-0.326965719,-2.295968533,0.855304539,-0.023880804,-0.006059895,0.517539501,,,,,,,,0.009891368,-0.434775203,-2.248678446,0.892648280,-0.009802578,-0.012597279,0.450471133
862,225411,179607,stationary,stationary_far_view,0.182127297,1.671065569,-0.647110462,-0.091384374,0.891561031,0.289543539,0.336054057,,,,,,,,,,,,,,,0.005740266,-0.428643823,-2.199973345,0.888926387,-0.019388875,-0.013942183,0.457427174
863,225604,179800,stationary,stationary_far_view,0.180975258,1.671115875,-0.646834373,-0.091508560,0.891340256,0.289970368,0.336237937,,,,,,,,,,,,,,,0.004825525,-0.441362768,-2.283750772,0.899988353,0.003201124,-0.024446715,0.435216099
864,225799,179995,stationary,stationary_far_view,0.179886758,1.670751452,-0.645934105,-0.092005439,0.890813589,0.290998220,0.336609960,,,,,,,,0.077856474,-0.343056977,-2.376899958,0.911798179,0.008115362,0.092878580,-0.399914682,0.004043337,-0.445962906,-2.307199240,0.968010306,-0.017637346,0.024425717,-0.249095157
865,225995,180191,stationary,stationary_far_view,0.179250002,1.670909524,-0.645205021,-0.091778703,0.891033411,0.290293843,0.336698115,-0.062349815,-0.329408824,-2.313012838,0.857775092,-0.022091696,-0.006691281,0.513506711,,,,,,,,0.005723484,-0.441947848,-2.278601170,0.894620419,-0.009435090,-0.016918482,0.446406811
866,226177,180373,stationary,stationary_far_view,0.178749025,1.671026349,-0.644515991,-0.091736697,0.890997469,0.290161490,0.336918682,,,,,,,,0.077441573,-0.348876655,-2.379921913,0.913774550,0.005315913,0.084829144,-0.397230178,0.000267010,-0.425625384,-2.177022219,0.957260907,0.011212188,0.039010257,-0.286363482
867,226368,180564,stationary,stationary_far_view,0.177914858,1.670668244,-0.643706560,-0.092671618,0.890548348,0.290784717,0.337312728,-0.064283907,-0.329447001,-2.320955753,0.919678748,-0.018185219,-0.000218075,-0.392250329,0.076155514,-0.339637101,-2.350915670,0.853609085,-0.019589430,-0.066181011,0.516321421,0.001598675,-0.424781978,-2.206184387,0.890596032,0.000338114,-0.019915875,0.454358906
868,226563,180759,stationary,stationary_far_view,0.177405417,1.670148373,-0.643110752,-0.092143007,0.890446246,0.291782707,0.336865038,-0.066313267,-0.333677769,-2.390621424,0.931012928,0.001738563,0.000646554,-0.364981562,0.075249761,-0.339415044,-2.365860224,0.897002280,0.015090694,0.059497539,-0.437743425,0.000906684,-0.418817073,-2.197969675,0.888987780,0.002057441,-0.020842167,0.457451791
869,226786,180982,stationary,stationary_far_view,0.176999032,1.670058608,-0.643306851,-0.092086263,0.890650153,0.291767091,0.336354643,-0.062583283,-0.328751564,-2.345441341,0.925408781,-0.018387727,-0.003013243,-0.378512084,0.077112138,-0.339618981,-2.364001751,0.908327520,0.005838450,0.085951261,-0.409291387,0.005562942,-0.436902046,-2.286962986,0.899963200,-0.004315957,-0.026223261,0.435155094
870,227008,181204,stationary,stationary_far_view,0.176916480,1.670092225,-0.642692327,-0.091487624,0.891156912,0.291258186,0.335615933,-0.059462309,-0.331806600,-2.338640690,0.919535756,-0.015452584,-0.003766038,-0.392684460,0.081269912,-0.336691499,-2.341867685,0.846763551,-0.013992463,-0.049705680,0.529457331,0.005410548,-0.421149582,-2.189957380,0.891176343,-0.009245892,-0.013345587,0.453366488
871,227230,181426,stationary,stationary_far_view,0.177285194,1.670251131,-0.641457319,-0.090987213,0.891201377,0.292036772,0.334956676,,,,,,,,0.083070949,-0.342975378,-2.376904726,0.913170993,0.006730036,0.088877447,-0.397711307,0.009379286,-0.442717910,-2.296524525,0.901570618,-0.026527995,-0.005839679,0.431778371
872,227453,181649,stationary,stationary_far_view,0.177276850,1.670437217,-0.641375303,-0.091607139,0.891095400,0.291433483,0.335594565,-0.058498092,-0.330944002,-2.330773592,0.921213567,-0.012087618,-0.000414304,-0.388869226,0.082424238,-0.344367057,-2.372155666,0.909866869,-0.004765653,0.094901197,-0.403872937,0.004636452,-0.418930590,-2.166976929,0.875972033,0.015523449,-0.005249877,0.482083499
873,227675,181871,stationary,stationary_far_view,0.176620960,1.670356631,-0.641408920,-0.091598950,0.890417397,0.291975647,0.336922437,,,,,,,,,,,,,,,0.000050977,-0.423362792,-2.214636087,0.893339396,0.000486844,-0.016706971,0.449071735
874,227911,182107,stationary,stationary_far_view,0.176423073,1.670054197,-0.641445398,-0.091718689,0.890305877,0.293042123,0.336258024,-0.063608058,-0.319924861,-2.316621542,0.921380877,-0.019681297,-0.006121345,-0.388113916,,,,,,,,0.001230896,-0.424399227,-2.244607687,0.899420559,-0.001031395,-0.021033071,0.436576694
875,228133,182329,stationary,stationary_far_view,0.176408529,1.670089245,-0.643616676,-0.091970742,0.890570223,0.292617857,0.335858434,,,,,,,,0.078361221,-0.339586198,-2.385996819,0.909904420,0.013256337,0.078000151,-0.407202929,0.002708666,-0.431794643,-2.260834455,0.964194834,-0.011842303,0.036304530,-0.262431085
876,228357,182553,stationary,stationary_far_view,0.177536547,1.669871449,-0.645977378,-0.092126258,0.891055286,0.292200804,0.334890932,-0.057292927,-0.324983925,-2.354252577,0.926807404,-0.017434057,-0.003994089,-0.375110894,,,,,,,,0.007692643,-0.426391691,-2.248372793,0.888742268,0.001419847,-0.009934526,0.458297342
877,228591,182787,stationary,stationary_far_view,0.179580569,1.670134187,-0.647564411,-0.091591977,0.891203761,0.292415798,0.334454417,-0.057083875,-0.323861420,-2.353269100,0.925228953,-0.018267730,0.001893190,-0.378964543,,,,,,,,0.007442079,-0.419297218,-2.229071856,0.891503632,0.004360831,-0.016354952,0.452697158
878,228814,183010,stationary,stationary_far_view,0.181346178,1.670040369,-0.649588943,-0.091353022,0.890735209,0.293404996,0.334901452,-0.062448338,-0.318431526,-2.363448620,0.927050412,-0.010619677,-0.005922489,-0.374739438,0.083856232,-0.338623762,-2.460245609,0.862452328,-0.034144223,-0.044196352,0.503047466,0.004662681,-0.410244048,-2.211115122,0.889492869,-0.011609185,-0.008362169,0.456724972
879,229036,183232,stationary,stationary_far_view,0.182052672,1.669874430,-0.651187062,-0.092300199,0.890539467,0.293773174,0.334839523,-0.060588788,-0.313911080,-2.368417978,0.921672404,-0.022524135,-0.008455216,-0.387222409,0.084613167,-0.335136861,-2.473754644,0.918067634,-0.002329532,0.078791015,-0.388507962,0.005109321,-0.400136411,-2.178896904,0.887395918,-0.017068356,-0.022402531,0.460146993
880,229259,183455,stationary,stationary_far_view,0.183515310,1.669479609,-0.652409911,-0.092459723,0.890663505,0.295129508,0.333269238,-0.053356346,-0.302470863,-2.345981836,0.862563968,-0.022982558,-0.005552937,0.505395412,0.083553702,-0.305595905,-2.305802107,0.838023245,-0.015785560,-0.040571347,0.543895125,0.010013577,-0.397768229,-2.215804100,0.891020477,0.001749457,-0.017185710,0.453634292
881,229482,183678,stationary,stationary_far_view,0.185165048,1.669572353,-0.653459072,-0.092310242,0.890727937,0.294564039,0.333638340,-0.054931723,-0.305757314,-2.338242531,0.915511370,-0.015112422,-0.001961405,-0.402003318,0.087340280,-0.325388223,-2.424900055,0.906106472,0.001273246,0.073390417,-0.416633338,0.009429231,-0.402746618,-2.225342512,0.896475017,-0.012425627,-0.012292774,0.442749381
882,229701,183897,stationary,stationary_far_view,0.185573041,1.669656992,-0.651944160,-0.091967031,0.890652716,0.295307994,0.333276182,-0.052576512,-0.302841485,-2.353939295,0.869402468,-0.015526605,0.001666586,0.493857771,0.088073567,-0.317434430,-2.397972584,0.854858696,-0.027000885,-0.044549376,0.516239166,0.009768985,-0.396953106,-2.201353788,0.884686112,0.008128892,-0.023026504,0.465547174
883,229938,184134,stationary,stationary_far_view,0.184585273,1.669529438,-0.650158644,-0.091655381,0.890331686,0.296488225,0.333171964,-0.053436462,-0.297280282,-2.330711126,0.915111482,-0.018627444,-0.003851769,-0.402752072,0.085125528,-0.304925978,-2.334711790,0.841853917,-0.008211500,-0.040757712,0.538101673,0.009703312,-0.390187860,-2.192923546,0.886098742,-0.006495266,-0.015014547,0.463207722
884,230161,184357,stationary,stationary_far_view,0.184731960,1.669562459,-0.648908377,-0.091407508,0.890103221,0.296591431,0.333758146,-0.056313690,-0.300445199,-2.349409580,0.918605685,-0.022320591,-0.008177431,-0.394459754,0.087610193,-0.323555619,-2.461332321,0.912920177,0.008337043,0.076628454,-0.400793374,0.009395536,-0.398682654,-2.228422403,0.894861341,-0.021217443,-0.015714256,0.445562690
885,230384,184580,stationary,stationary_far_view,0.184836388,1.669302225,-0.647695780,-0.091825999,0.889764488,0.297089905,0.334102958,-0.056315064,-0.290534556,-2.297214985,0.855297267,-0.026797382,-0.013398658,0.517270565,,,,,,,,0.009522989,-0.394665390,-2.227561951,0.889354169,-0.010816586,-0.015627082,0.456823796
886,230605,184801,stationary,stationary_far_view,0.185519338,1.669348598,-0.646755457,-0.090756685,0.890000045,0.297385991,0.333503664,-0.054398622,-0.297221363,-2.333779812,0.914436460,-0.018154925,0.001357820,-0.404319823,0.087730736,-0.318710715,-2.431025505,0.907323718,0.005735532,0.079045512,-0.412895411,0.010106292,-0.392054737,-2.207355261,0.888697147,-0.003827343,-0.016288612,0.458189279
887,230827,185023,stationary,stationary_far_view,0.186085701,1.669751406,-0.646600962,-0.090173423,0.890515864,0.296518266,0.333057344,-0.051204909,-0.297395766,-2.305997610,0.858966768,-0.026240362,-0.001701392,0.511355579,0.090485126,-0.321104646,-2.412173748,0.910791218,0.010299619,0.082240433,-0.404462397,0.014795080,-0.407509357,-2.258508444,0.891995013,-0.023132270,-0.021594157,0.450936258
888,231052,185248,stationary,stationary_far_view,0.185753763,1.669507742,-0.646214247,-0.091566592,0.890062690,0.296991527,0.333466619,-0.051324904,-0.295976937,-2.323768854,0.916099906,-0.023012780,-0.003118611,-0.400276899,0.089744858,-0.315911442,-2.406471729,0.907673299,0.012765510,0.078308783,-0.412109226,0.014148023,-0.417798966,-2.354659081,0.914085269,0.002956041,-0.042909548,0.403234571
889,231272,185468,stationary,stationary_far_view,0.186204374,1.669241190,-0.645056963,-0.089765526,0.890057683,0.298464149,0.332653910,,,,,,,,,,,,,,,0.011694424,-0.388551831,-2.206941366,0.890754879,-0.008185912,-0.023206281,0.453817397
890,231509,185705,stationary,stationary_far_view,0.186057746,1.669309139,-0.645015359,-0.089326464,0.890200078,0.298397183,0.332451135,-0.054530885,-0.301234394,-2.406760693,0.880768716,-0.008977494,-0.008621055,0.473383069,,,,,,,,0.013837755,-0.400076866,-2.255512953,0.897820175,-0.021998107,-0.018500848,0.439423144
891,231730,185926,stationary,stationary_far_view,0.185590744,1.669249296,-0.645610571,-0.091090903,0.890007913,0.298092216,0.332760245,-0.050578486,-0.291762710,-2.320829630,0.913429022,-0.014253233,-0.000668307,-0.406747788,0.092589639,-0.317055821,-2.451535940,0.910438538,0.013380905,0.084774837,-0.404642880,0.014254481,-0.393553674,-2.227726460,0.894688249,-0.018948156,-0.014207642,0.446062803
892,231953,186149,stationary,stationary_far_view,0.186074495,1.669240236,-0.646029472,-0.090962403,0.890224755,0.297892958,0.332393676,-0.050368637,-0.298208356,-2.384294033,0.874695957,-0.006249090,-0.007617859,0.484571874,,,,,,,,0.014606837,-0.387702465,-2.197834253,0.890680194,-0.004924898,-0.011187724,0.454466075
893,232175,186371,stationary,stationary_far_view,0.186294496,1.669465303,-0.646863699,-0.090233840,0.890635729,0.296844095,0.332429647,-0.051452436,-0.300137818,-2.350697994,0.870211542,-0.003446649,-0.006349096,0.492625296,,,,,,,,0.015297070,-0.401412904,-2.241887569,0.896091163,-0.008995892,-0.021881079,0.443239182
894,232397,186593,stationary,stationary_far_view,0.186163604,1.669499159,-0.648220062,-0.090652607,0.890363097,0.296982497,0.332921952,,,,,,,,,,,,,,,0.011486992,-0.401792109,-2.240421295,0.957631588,-0.010267154,0.047354974,-0.283890545
895,232633,186829,stationary,stationary_far_view,0.186139047,1.669332266,-0.649149895,-0.091102161,0.890273452,0.297481000,0.332593888,-0.052293155,-0.294070899,-2.335186243,0.918710828,-0.027563727,-0.005856636,-0.393924326,0.089333542,-0.311696768,-2.398540497,0.904703736,-0.000163446,0.087173998,-0.417027384,0.013504010,-0.396363616,-2.244016171,0.896521866,-0.020142404,-0.016659699,0.442227632
896,232857,187053,stationary,stationary_far_view,0.185805321,1.669025064,-0.650941014,-0.091766909,0.889860511,0.297922581,0.333120435,-0.055435177,-0.294458747,-2.394029379,0.875977337,-0.002645627,-0.008806839,0.482264608,,,,,,,,0.010249734,-0.384728819,-2.210275173,0.893675566,-0.005842333,-0.019026296,0.448272198
897,233079,187275,stationary,stationary_far_view,0.187651992,1.669299126,-0.651448369,-0.091365866,0.889931619,0.297996610,0.332974494,-0.053179700,-0.287107170,-2.320872068,0.911363184,-0.011715103,-0.007615339,-0.411365896,0.084972292,-0.292548835,-2.301089287,0.845318437,-0.036096480,-0.058509018,0.529821217,0.010160290,-0.383717597,-2.203011274,0.896069229,-0.011144120,-0.021317661,0.443262160
898,233315,187511,stationary,stationary_far_view,0.190113783,1.669430971,-0.651336193,-0.090764619,0.890072167,0.298511595,0.332301348,-0.050130170,-0.287097335,-2.333893299,0.912435114,-0.016373774,0.004370377,-0.408870399,0.093305275,-0.311003089,-2.458119154,0.911831915,0.015929868,0.084786117,-0.401397765,0.014633026,-0.385054529,-2.217383146,0.885544837,-0.020656461,-0.015166018,0.463846564
899,233536,187732,stationary,stationary_far_view,0.192549527,1.669357061,-0.651818871,-0.091164947,0.889831483,0.298720717,0.332648277,-0.051810354,-0.287702531,-2.384644985,0.872458398,-0.006380904,-0.001537074,0.488644361,,,,,,,,0.014364645,-0.381484479,-2.222619772,0.894450545,-0.011314812,-0.009339998,0.446926147
900,233772,187968,stationary,stationary_far_view,0.193996310,1.669322610,-0.652666807,-0.091677405,0.889380813,0.298358679,0.334034592,-0.053991579,-0.285728037,-2.350476503,0.916116536,-0.022270957,0.001673339,-0.400289595,0.090819962,-0.316181839,-2.535150051,0.858482003,-0.009046992,-0.036136273,0.511489034,0.010016572,-0.377052754,-2.198149681,0.891660035,-0.007554510,-0.014195431,0.452419937
901,233995,188191,stationary,stationary_far_view,0.194688499,1.669104099,-0.652078986,-0.091474645,0.888780534,0.298808515,0.335283548,,,,,,,,0.083056904,-0.305360854,-2.454482555,0.907218099,0.010084346,0.079739839,-0.412910670,0.005925663,-0.379256576,-2.220655441,0.886848629,-0.004414496,-0.018887047,0.461652845
902,234216,188412,stationary,stationary_far_view,0.194647610,1.669154763,-0.651708603,-0.091555312,0.888814688,0.299409777,0.334633946,-0.057706766,-0.282792360,-2.376681805,0.924721599,-0.012976387,-0.007464264,-0.380349785,,,,,,,,0.009226967,-0.380894244,-2.242367744,0.896126449,-0.018064633,-0.020008618,0.442979425
903,234439,188635,stationary,stationary_far_view,0.194656432,1.669040084,-0.652086139,-0.092228085,0.888708591,0.299104929,0.335003465,-0.057393294,-0.281894803,-2.359567642,0.918342233,-0.021016641,-0.000822314,-0.395228058,,,,,,,,0.008813724,-0.385118365,-2.267845869,0.901999414,-0.019750234,-0.016601196,0.430965722
904,234660,188856,stationary,stationary_far_view,0.196311235,1.669095516,-0.651106119,-0.091103584,0.888786912,0.299325138,0.334906667,-0.057358231,-0.281758577,-2.356297731,0.917962968,-0.020642472,0.002028567,-0.396123528,,,,,,,,0.008922659,-0.387183785,-2.279822588,0.902516425,-0.015562516,-0.018277569,0.429985881
905,234883,189079,stationary,stationary_far_view,0.197952926,1.669131517,-0.650478363,-0.090196989,0.888593316,0.299833477,0.335210890,-0.059452027,-0.282085419,-2.360075951,0.914782286,-0.012665356,0.001015496,-0.403747380,0.086106867,-0.311295569,-2.552051306,0.866819441,-0.018246399,-0.047758043,0.495994270,0.006153814,-0.378955483,-2.236148596,0.899995446,-0.011529328,-0.029776098,0.434728295
906,235106,189302,stationary,stationary_far_view,0.199183404,1.668828726,-0.650058746,-0.089844093,0.888377190,0.300918311,0.334906280,-0.058336854,-0.276093751,-2.362531424,0.918530941,-0.020345114,-0.002269822,-0.394818753,0.080671497,-0.279279590,-2.317934752,0.847478807,-0.035429362,-0.059387621,0.526305497,0.004758365,-0.367374629,-2.180210829,0.949241757,0.008319708,0.048321996,-0.310702205
907,235328,189524,stationary,stationary_far_view,0.200827062,1.669248104,-0.650442600,-0.088623330,0.889087915,0.299497396,0.334619075,-0.056090266,-0.283372879,-2.354327917,0.913994074,-0.026278554,0.007868137,-0.404799283,0.085016884,-0.300956160,-2.416620970,0.902464032,0.008440742,0.081770726,-0.422848642,0.009416308,-0.378424257,-2.215759277,0.882899463,-0.016628543,-0.017887717,0.468926460
908,235550,189746,stationary,stationary_far_view,0.202259243,1.669382572,-0.651296735,-0.088756144,0.889245927,0.298684895,0.334890127,-0.055190392,-0.284059703,-2.329441309,0.911977768,-0.016686104,0.007522135,-0.409831166,,,,,,,,0.009331685,-0.380197883,-2.213840008,0.890051544,-0.008204258,-0.012678163,0.455609709
909,235772,189968,stationary,stationary_far_view,0.203881860,1.669599414,-0.651662588,-0.088571697,0.889231324,0.298236817,0.335376590,-0.056016788,-0.287613064,-2.350340366,0.915286124,-0.026811952,0.009761862,-0.401792407,0.084753163,-0.305418909,-2.411847591,0.904098272,0.012126377,0.084868401,-0.418636590,0.008986585,-0.383589864,-2.225625038,0.887714505,-0.014695161,-0.017992148,0.459807903
910,235995,190191,stationary,stationary_far_view,0.205042362,1.669457436,-0.651278257,-0.088375255,0.889222682,0.298883349,0.334875524,,,,,,,,0.091972217,-0.314580083,-2.543549299,0.869412243,-0.024173377,-0.059856683,0.489852279,0.009708159,-0.376491785,-2.197958469,0.882354379,0.004059611,-0.019372940,0.470169097
911,236218,190414,stationary,stationary_far_view,0.205387890,1.668984652,-0.650187731,-0.090172425,0.888474107,0.300173134,0.335229486,-0.053389218,-0.274691761,-2.343592882,0.913672984,-0.013935684,0.001467604,-0.406208485,0.090324894,-0.297986746,-2.495066643,0.856212020,-0.004152185,-0.048158549,0.514358342,0.012541436,-0.385905027,-2.301438332,0.905161083,-0.008957311,-0.012945378,0.424777120
912,236438,190634,stationary,stationary_far_view,0.206092656,1.668514132,-0.648883939,-0.090568945,0.887876213,0.300933778,0.336023867,-0.055172108,-0.269585907,-2.330988407,0.907355368,-0.021848762,0.015863117,-0.419496387,,,,,,,,0.009336367,-0.365385652,-2.215124607,0.892293274,-0.007302120,-0.011655766,0.451246619
913,236661,190857,stationary,stationary_far_view,0.206685305,1.668540716,-0.646766186,-0.089682117,0.887109160,0.300983965,0.338235378,,,,,,,,0.077455536,-0.296250284,-2.470678568,0.909389198,0.013931076,0.080480695,-0.407848150,0.001166280,-0.373380005,-2.248508930,0.895540178,0.001692383,-0.025503412,0.444245994
914,236897,191093,stationary,stationary_far_view,0.206793904,1.668181419,-0.644947052,-0.090346433,0.886183321,0.302299768,0.339310259,-0.069219351,-0.264834195,-2.339840412,0.913809180,-0.020273659,-0.002456084,-0.405630112,,,,,,,,-0.004948825,-0.359022081,-2.194672585,0.880792022,0.017379591,-0.017558258,0.472858369
915,237121,191317,stationary,stationary_far_view,0.207552433,1.667351484,-0.643891811,-0.092509098,0.885470510,0.303005964,0.339958042,-0.069043286,-0.258390695,-2.343640566,0.915696383,-0.020178018,-0.010849707,-0.401217163,0.071994230,-0.271330565,-2.386149168,0.900250852,-0.004705383,0.094655558,-0.424931318,0.000038590,-0.360976577,-2.251067400,0.893928051,-0.010571273,-0.023183882,0.447485745
916,237356,191552,stationary,stationary_far_view,0.209068358,1.666507244,-0.642829776,-0.091955453,0.884766042,0.303467542,0.341527104,,,,,,,,0.066276506,-0.273831367,-2.425130367,0.902814627,0.014231768,0.083686985,-0.421568185,-0.005736098,-0.366384029,-2.308007717,0.903692245,0.006502932,-0.015286068,0.427860230
917,237577,191773,stationary,stationary_far_view,0.210448384,1.666520596,-0.640748024,-0.091224127,0.884366930,0.305403352,0.341030955,-0.073734976,-0.252933979,-2.373658180,0.917908251,-0.018159246,0.001481235,-0.396374226,,,,,,,,-0.006148480,-0.352870136,-2.261625767,0.900724709,-0.005860088,-0.019173406,0.433927476
918,237798,191994,stationary,stationary_far_view,0.211241841,1.666191936,-0.638255835,-0.092101216,0.883591831,0.307064086,0.341312855,,,,,,,,,,,,,,,-0.004817974,-0.338734090,-2.229065180,0.892981172,-0.000371026,-0.020000242,0.449649304
919,238022,192218,stationary,stationary_far_view,0.212402999,1.665664554,-0.635603070,-0.092740119,0.882541895,0.308487982,0.342570186,-0.076562420,-0.232495174,-2.337673903,0.909048736,-0.018537395,0.003743307,-0.416260451,0.067053348,-0.253254443,-2.477262735,0.908432722,-0.006043469,0.087044396,-0.408823580,-0.008757107,-0.335307717,-2.247683048,0.905369282,-0.008326974,-0.035175972,0.423083603
920,238244,192440,stationary,stationary_far_view,0.214323521,1.665458918,-0.634149790,-0.092704631,0.881626666,0.309094816,0.344384462,-0.082260787,-0.225752518,-2.305432081,0.864401758,-0.019364644,-0.012282788,0.502278507,,,,,,,,-0.014527187,-0.329081506,-2.228963375,0.896388471,0.008518698,-0.022378501,0.442622155
921,238466,192662,stationary,stationary_far_view,0.216297328,1.665478110,-0.633161783,-0.093033627,0.881171227,0.308767527,0.345752299,-0.085679106,-0.232395664,-2.353499413,0.908928216,-0.008830518,0.000986890,-0.416857898,0.053884268,-0.240691468,-2.373696566,0.850729883,0.002946191,-0.058925811,0.522281229,-0.018465431,-0.345290422,-2.329845190,0.905137002,0.020431869,-0.038820304,0.422850519
922,238703,192899,stationary,stationary_far_view,0.219048381,1.665340543,-0.631173611,-0.092125140,0.881130993,0.309184402,0.345725477,,,,,,,,0.055712998,-0.241201282,-2.380180359,0.858091593,-0.014946412,-0.065447725,0.509089530,-0.015777584,-0.335635275,-2.276525736,0.899781585,0.014255355,-0.027497144,0.435240000
923,238938,193134,stationary,stationary_far_view,0.220816910,1.665561914,-0.630005002,-0.092176288,0.881122530,0.309311718,0.345619559,,,,,,,,,,,,,,,-0.012120357,-0.335217953,-2.276841402,0.902692378,0.009446543,-0.033297334,0.428892225
924,239161,193357,stationary,stationary_far_view,0.222711802,1.665676951,-0.629726171,-0.092270896,0.880852401,0.309056222,0.346510291,,,,,,,,0.055384442,-0.243437201,-2.379410267,0.892668426,0.005166299,0.086322300,-0.442340255,-0.015530663,-0.335541844,-2.274830103,0.900938392,0.014121820,-0.038413696,0.432012707
925,239384,193580,stationary,stationary_far_view,0.223858178,1.665416837,-0.629928350,-0.091763526,0.880863369,0.309704721,0.346037865,-0.083371550,-0.230022624,-2.371987820,0.912749469,-0.020243535,-0.001910807,-0.408013374,0.061646022,-0.247786283,-2.487249374,0.866602063,-0.032702912,-0.052088182,0.495195210,-0.013644334,-0.328964472,-2.243192434,0.900269866,-0.002094018,-0.032452770,0.434115976
926,239620,193816,stationary,stationary_far_view,0.224708617,1.665269732,-0.630448103,-0.091511853,0.881250560,0.309790850,0.345040172,,,,,,,,0.063103475,-0.244702518,-2.443421125,0.899618149,0.016195375,0.087430201,-0.427528828,-0.008865595,-0.324685335,-2.216204405,0.888476074,-0.010587542,-0.035933230,0.457391530
927,239828,194024,stationary,stationary_far_view,0.226646066,1.665474653,-0.631281376,-0.090579279,0.881952524,0.309233934,0.343990564,-0.071943395,-0.230006769,-2.335283041,0.908306420,-0.015317216,0.002603308,-0.418016851,0.068189994,-0.248350114,-2.428535461,0.898536026,0.013214485,0.086303279,-0.430128098,-0.005014744,-0.336731225,-2.283374310,0.902175426,0.012868685,-0.038056318,0.429494619
928,240052,194248,stationary,stationary_far_view,0.227662385,1.665723085,-0.631157756,-0.089429185,0.882771909,0.308641672,0.342719287,-0.066776752,-0.234749526,-2.346130610,0.908454955,-0.025130784,0.017024186,-0.416879058,,,,,,,,-0.000689246,-0.329529345,-2.206946135,0.892966092,-0.002776022,-0.025902856,0.449369460
929,240287,194483,stationary,stationary_far_view,0.227775514,1.665900707,-0.631352901,-0.089720964,0.883144498,0.308481932,0.341825873,-0.062015142,-0.235404849,-2.352622747,0.910068214,-0.023025634,0.015973810,-0.413509995,0.081442505,-0.256719708,-2.465796709,0.902017117,0.022319669,0.105485477,-0.418018907,0.004259158,-0.336081564,-2.254182816,0.900786817,-0.002285957,-0.022443159,0.433675200
930,240494,194690,stationary,stationary_far_view,0.228562176,1.665722966,-0.632343769,-0.089879811,0.883231938,0.308452845,0.341584295,-0.064121053,-0.238482222,-2.422859192,0.881748080,0.004006634,-0.030006083,0.470748276,,,,,,,,0.004761510,-0.327952236,-2.199853897,0.892914474,-0.005809005,-0.016550144,0.449884593
931,240718,194914,stationary,stationary_far_view,0.230273306,1.665442467,-0.632949233,-0.089427553,0.883625686,0.308834136,0.340337873,,,,,,,,0.084815294,-0.248883575,-2.452376842,0.866006076,-0.019394042,-0.064914405,0.495422542,0.009600226,-0.330007583,-2.219325542,0.886694372,-0.016044717,-0.021263467,0.461588025
932,240938,195134,stationary,stationary_far_view,0.232257307,1.665662050,-0.634788990,-0.089412399,0.883924901,0.308043331,0.340281606,-0.055718571,-0.235950246,-2.394781351,0.876808047,0.003027923,-0.012165922,0.480677038,,,,,,,,0.012877017,-0.340270698,-2.285833836,0.904698312,-0.006384113,-0.034694925,0.424589843
