time_s,phase,ready,raw_x,raw_y,raw_z,filtered_x,filtered_y,filtered_z,rest_x,rest_y,rest_z,raw_yaw,filtered_yaw,rest_yaw
0.0,front,0,-0.72311049699783,0.16020609438419,-2.21419835090637,0.0,0.0,0.0,0.0,0.0,0.0,0.48490540280478,0.0,0.0
0.125,front,0,-0.73733228445053,0.10218129307032,-2.23423743247986,0.0,0.0,0.0,0.0,0.0,0.0,0.48232847856875,0.0,0.0
0.251,front,0,-0.73798590898514,0.10027066618204,-2.23569798469543,0.0,0.0,0.0,0.0,0.0,0.0,0.47983909523876,0.0,0.0
0.362,front,0,-0.73853659629822,0.09953790903091,-2.23666405677795,0.0,0.0,0.0,0.0,0.0,0.0,0.47978201731845,0.0,0.0
0.486,front,0,-0.73880928754807,0.10073793679476,-2.23520135879517,0.0,0.0,0.0,0.0,0.0,0.0,0.47869727872276,0.0,0.0
0.612,front,0,-0.74134796857834,0.0909936055541,-2.24152493476868,0.0,0.0,0.0,0.0,0.0,0.0,0.47056159237057,0.0,0.0
0.723,front,0,-0.74154764413834,0.08921349048615,-2.24197316169739,0.0,0.0,0.0,0.0,0.0,0.0,0.47544124648079,0.0,0.0
0.848,front,0,-0.74069899320602,0.09312226623297,-2.24069762229919,0.0,0.0,0.0,0.0,0.0,0.0,0.47110997412922,0.0,0.0
0.973,front,0,-0.74010652303696,0.09471902251244,-2.2388322353363,0.0,0.0,0.0,0.0,0.0,0.0,0.47627702750508,0.0,0.0
1.096,front,0,-0.73878645896912,0.09947583824396,-2.23593997955322,0.0,0.0,0.0,0.0,0.0,0.0,0.47767963196185,0.0,0.0
1.222,front,0,-0.73836374282837,0.10032770782709,-2.23574161529541,0.0,0.0,0.0,0.0,0.0,0.0,0.47432023681273,0.0,0.0
1.334,front,0,-0.73798567056656,0.1001610532403,-2.23692393302917,0.0,0.0,0.0,0.0,0.0,0.0,0.47526567801693,0.0,0.0
1.459,front,0,-0.73961943387985,0.09720519185066,-2.23783755302429,0.0,0.0,0.0,0.0,0.0,0.0,0.48107480261561,0.0,0.0
1.584,front,0,-0.74061280488968,0.09353601932526,-2.2392635345459,0.0,0.0,0.0,0.0,0.0,0.0,0.4735762016655,0.0,0.0
1.709,front,0,-0.73914361000061,0.09873474389315,-2.23577809333801,0.0,0.0,0.0,0.0,0.0,0.0,0.4761870563504,0.0,0.0
1.833,front,0,-0.73969268798828,0.09530103951693,-2.23784899711609,0.0,0.0,0.0,0.0,0.0,0.0,0.48045695877848,0.0,0.0
1.945,front,0,-0.73797672986984,0.09812755137682,-2.23735189437866,0.0,0.0,0.0,0.0,0.0,0.0,0.4742067561351,0.0,0.0
2.07,front,0,-0.73853731155396,0.09901628643274,-2.23646354675293,0.0,0.0,0.0,0.0,0.0,0.0,0.47836361491195,0.0,0.0
2.194,front,0,-0.73968648910522,0.09405552595854,-2.2391505241394,0.0,0.0,0.0,0.0,0.0,0.0,0.47006724593787,0.0,0.0
2.32,front,0,-0.73791927099228,0.09988654404879,-2.23632597923279,0.0,0.0,0.0,0.0,0.0,0.0,0.47550893017569,0.0,0.0
2.445,front,0,-0.740218937397,0.09405840188265,-2.23854327201843,0.0,0.0,0.0,0.0,0.0,0.0,0.47677332326973,0.0,0.0
2.57,front,0,-0.73893427848816,0.09819963574409,-2.23714280128479,0.0,0.0,0.0,0.0,0.0,0.0,0.4739484191511,0.0,0.0
2.695,front,0,-0.74002933502197,0.09428826719522,-2.23932337760925,0.0,0.0,0.0,0.0,0.0,0.0,0.46893621224212,0.0,0.0
2.806,front,0,-0.73960870504379,0.0967186614871,-2.23832535743713,0.0,0.0,0.0,0.0,0.0,0.0,0.47442668056147,0.0,0.0
2.931,front,0,-0.7411150932312,0.09048607945442,-2.24068522453308,0.0,0.0,0.0,0.0,0.0,0.0,0.46992087491344,0.0,0.0
3.056,front,0,-0.74043828248978,0.09510976076126,-2.23740029335022,0.0,0.0,0.0,0.0,0.0,0.0,0.47797911516122,0.0,0.0
3.181,front,0,-0.74051195383072,0.09475163370371,-2.23809909820557,0.0,0.0,0.0,0.0,0.0,0.0,0.47670534493731,0.0,0.0
3.305,front,0,-0.73974400758743,0.09415013343096,-2.23944568634033,0.0,0.0,0.0,0.0,0.0,0.0,0.46907930370768,0.0,0.0
3.431,front,0,-0.74103897809982,0.09241339564323,-2.23983931541443,0.0,0.0,0.0,0.0,0.0,0.0,0.47461499007299,0.0,0.0
3.542,front,0,-0.73969227075577,0.0949392914772,-2.23768591880798,0.0,0.0,0.0,-0.73965299129486,0.09600985050201,-2.23776173591614,0.4727057641884,0.0,0.47526570451629
3.668,front,0,-0.74637317657471,0.07351707667112,-2.24855923652649,0.0,0.0,0.0,-0.73965299129486,0.09600985050201,-2.23776173591614,0.4860907318797,0.0,0.47526570451629
3.792,front,0,-0.7393371462822,0.09688336402178,-2.23857927322388,0.0,0.0,0.0,-0.73965299129486,0.09600985050201,-2.23776173591614,0.47541722731679,0.0,0.47526570451629
3.903,front,0,-0.7385670542717,0.09885401278734,-2.23633527755737,0.0,0.0,0.0,-0.73961943387985,0.0967186614871,-2.23783755302429,0.47209787708999,0.0,0.47526570451629
4.027,front,0,-0.7415030002594,0.09124696999788,-2.24017310142517,0.0,0.0,0.0,-0.73961943387985,0.0967186614871,-2.23783755302429,0.47310372873148,0.0,0.47526570451629
4.153,front,0,-0.73875164985657,0.09682836383581,-2.23825144767761,0.0,0.0,0.0,-0.73961943387985,0.0967186614871,-2.23783755302429,0.47465028430361,0.0,0.47526570451629
4.279,front,0,-0.73992919921875,0.09516105800867,-2.23794317245483,0.0,0.0,0.0,-0.73965299129486,0.09600985050201,-2.23789596557617,0.47650274261544,0.0,0.47526570451629
4.402,front,0,-0.73831659555435,0.09856537729502,-2.2359721660614,0.0,0.0,0.0,-0.73965299129486,0.09600985050201,-2.23789596557617,0.48221986335108,0.0,0.47526570451629
4.515,front,0,-0.73942011594772,0.09546449780464,-2.23769497871399,0.0,0.0,0.0,-0.73965299129486,0.09600985050201,-2.23789596557617,0.47549389550643,0.0,0.47526570451629
4.64,front,0,-0.73914647102356,0.09595119953156,-2.23805713653564,0.0,0.0,0.0,-0.73960870504379,0.09595119953156,-2.23784899711609,0.47931942356141,0.0,0.47526570451629
4.764,front,0,-0.74030977487564,0.09358189254999,-2.23930335044861,0.0,0.0,0.0,-0.73960870504379,0.09595119953156,-2.23784899711609,0.47558541210419,0.0,0.47526570451629
4.876,front,0,-0.74071764945984,0.09222169965506,-2.23942160606384,0.0,0.0,0.0,-0.73960870504379,0.09595119953156,-2.23784899711609,0.47810990360998,0.0,0.47526570451629
5.0,front,0,-0.74022108316422,0.09552776813507,-2.23807644844055,0.0,0.0,0.0,-0.73965299129486,0.09549613296986,-2.23800015449524,0.47755489628222,0.0,0.47526570451629
5.124,front,1,-0.73977822065353,0.09535428136587,-2.23940014839172,-0.73965299129486,0.09549613296986,-2.23800015449524,-0.73965299129486,0.09549613296986,-2.23800015449524,0.46881495251355,0.47526586506092,0.47526570451629
5.251,front,1,-0.72421479225159,0.15941286087036,-2.21347451210022,-0.73965299129486,0.09549613296986,-2.23800015449524,-0.73965299129486,0.09549613296986,-2.23800015449524,0.48170259741425,0.47526586506092,0.47526570451629
5.376,front,1,-0.73857998847961,0.0979064181447,-2.23679518699646,-0.73965299129486,0.09549613296986,-2.23800015449524,-0.73965299129486,0.09549613296986,-2.23800015449524,0.47276334302529,0.47526586506092,0.47526570451629
5.486,front,1,-0.73986893892288,0.09625647217035,-2.23772358894348,-0.73965299129486,0.09549613296986,-2.23800015449524,-0.73965299129486,0.09549613296986,-2.23800015449524,0.48030705133156,0.47526586506092,0.47526570451629
5.612,front,1,-0.74022698402405,0.09235290437937,-2.24118542671204,-0.73965299129486,0.09549613296986,-2.23800015449524,-0.73965299129486,0.09549613296986,-2.23800015449524,0.47055391543976,0.47526586506092,0.47526570451629
5.737,front,1,-0.74101543426514,0.09145536273718,-2.24065375328064,-0.73965299129486,0.09549613296986,-2.23800015449524,-0.73965299129486,0.09549613296986,-2.23800015449524,0.47163354044985,0.47526586506092,0.47526570451629
5.848,front,1,-0.74036675691605,0.092191003263,-2.24045991897583,-0.73965299129486,0.09549613296986,-2.23800015449524,-0.73965299129486,0.09549613296986,-2.23800015449524,0.46635908802897,0.47526586506092,0.47526570451629
5.973,front,1,-0.72425436973572,0.16047790646553,-2.21342873573303,-0.73965299129486,0.09549613296986,-2.23800015449524,-0.73965299129486,0.09549613296986,-2.23800015449524,0.48714682861914,0.47526586506092,0.47526570451629
6.098,front,1,-0.7248962521553,0.15864010155201,-2.21420168876648,-0.73965299129486,0.09549613296986,-2.23800015449524,-0.73965299129486,0.09549613296986,-2.23800015449524,0.48490665620395,0.47526586506092,0.47526570451629
6.209,front,1,-0.73922777175903,0.0984385535121,-2.23685550689697,-0.73965299129486,0.09549613296986,-2.23800015449524,-0.73965299129486,0.09549613296986,-2.23800015449524,0.4732734282821,0.47526586506092,0.47526570451629
6.334,front,1,-0.73966217041016,0.09755918383598,-2.23750638961792,-0.73965299129486,0.09549613296986,-2.23800015449524,-0.73965299129486,0.09549613296986,-2.23800015449524,0.47516336492311,0.47526586506092,0.47526570451629
6.458,front,1,-0.73925423622131,0.09813975542784,-2.23717880249023,-0.73965299129486,0.09549613296986,-2.23800015449524,-0.73965299129486,0.09549613296986,-2.23800015449524,0.47345091269461,0.47526586506092,0.47526570451629
6.57,front,1,-0.72379678487778,0.16046547889709,-2.21319079399109,-0.73965299129486,0.09549613296986,-2.23800015449524,-0.73965299129486,0.09549613296986,-2.23800015449524,0.47855126761199,0.47526586506092,0.47526570451629
6.695,front,1,-0.72374993562698,0.16019034385681,-2.21347045898438,-0.73965299129486,0.09549613296986,-2.23800015449524,-0.73965299129486,0.09549613296986,-2.23800015449524,0.48400743457405,0.47526586506092,0.47526570451629
6.807,front,1,-0.74025303125381,0.0956060513854,-2.23848104476929,-0.73965299129486,0.09549613296986,-2.23800015449524,-0.73965299129486,0.09549613296986,-2.23800015449524,0.48295572737088,0.47526586506092,0.47526570451629
6.93,front,1,-0.74331188201904,0.08318155258894,-2.24422192573547,-0.73965299129486,0.09549613296986,-2.23800015449524,-0.73965299129486,0.09549613296986,-2.23800015449524,0.48629747549112,0.47526586506092,0.47526570451629
7.043,front,1,-0.74010962247849,0.09497175365686,-2.23822617530823,-0.73965299129486,0.09549613296986,-2.23800015449524,-0.73965299129486,0.09549613296986,-2.23800015449524,0.47982483182895,0.4760016491576,0.47526570451629
7.166,front,1,-0.72352248430252,0.1621457785368,-2.21304512023926,-0.73965299129486,0.09549613296986,-2.23800015449524,-0.73965299129486,0.09549613296986,-2.23800015449524,0.48119322615241,0.47656032339598,0.47526570451629
7.293,front,1,-0.73933392763138,0.09776368737221,-2.23788523674011,-0.73965299129486,0.09549613296986,-2.23800015449524,-0.73965299129486,0.09549613296986,-2.23800015449524,0.47188856661939,0.47715168622739,0.47526570451629
7.415,front,1,-0.73989629745483,0.09330871701241,-2.24044036865234,-0.73965299129486,0.09549613296986,-2.23800015449524,-0.73965299129486,0.09549613296986,-2.23800015449524,0.47848883266884,0.47755209674542,0.47526570451629
7.528,front,1,-0.74128317832947,0.08966267108917,-2.24304437637329,-0.73965299129486,0.09549613296986,-2.23800015449524,-0.73965299129486,0.09549613296986,-2.23800015449524,0.47193582963048,0.47720124440626,0.47526570451629
7.653,front,1,-0.72674876451492,0.15072031319141,-2.21851134300232,-0.73965299129486,0.09549613296986,-2.23800015449524,-0.73965299129486,0.09549613296986,-2.23800015449524,0.49035178452837,0.47704254650695,0.47526570451629
7.779,front,1,-0.7400113940239,0.09575464576483,-2.23857545852661,-0.73965299129486,0.09549613296986,-2.23800015449524,-0.73965299129486,0.09549613296986,-2.23800015449524,0.47373886488021,0.47693497953297,0.47526570451629
7.888,front,1,-0.73993062973022,0.09471175819635,-2.23951435089111,-0.73965299129486,0.09549613296986,-2.23800015449524,-0.73965299129486,0.09549613296986,-2.23800015449524,0.47573645559427,0.47685612526962,0.47526570451629
8.015,front,1,-0.73779392242432,0.09767264127731,-2.2366828918457,-0.73965299129486,0.09549613296986,-2.23800015449524,-0.73965299129486,0.09549613296986,-2.23800015449524,0.47690933464468,0.47674975771594,0.47526570451629
8.138,front,1,-0.73931235074997,0.09356194734573,-2.23968076705933,-0.73965299129486,0.09549613296986,-2.23800015449524,-0.73965299129486,0.09549613296986,-2.23800015449524,0.47406664393496,0.47666983641962,0.47526570451629
8.252,front,1,-0.7228569984436,0.16192606091499,-2.21246957778931,-0.73965299129486,0.09549613296986,-2.23800015449524,-0.73965299129486,0.09549613296986,-2.23800015449524,0.47619521395137,0.47658517040389,0.47526570451629
8.376,front,1,-0.72209173440933,0.1648070961237,-2.21125888824463,-0.73965299129486,0.09549613296986,-2.23800015449524,-0.73965299129486,0.09549613296986,-2.23800015449524,0.48107448209533,0.47650546181753,0.47526570451629
8.501,front,1,-0.73915719985962,0.098129093647,-2.23687624931335,-0.73965299129486,0.09549613296986,-2.23800015449524,-0.73965299129486,0.09549613296986,-2.23800015449524,0.47433444536199,0.47643071153132,0.47526570451629
8.612,front,1,-0.73908931016922,0.09873044490814,-2.23618245124817,-0.73965299129486,0.09549613296986,-2.23800015449524,-0.73965299129486,0.09549613296986,-2.23800015449524,0.47381171970591,0.47636795887588,0.47526570451629
8.735,front,1,-0.73868751525879,0.09989661723375,-2.23637342453003,-0.73965299129486,0.09549613296986,-2.23800015449524,-0.73965299129486,0.09549613296986,-2.23800015449524,0.47665336145366,0.47630869770244,0.47526570451629
8.862,front,1,-0.73970836400986,0.09666427969933,-2.23829698562622,-0.73965299129486,0.09549613296986,-2.23800015449524,-0.73965299129486,0.09549613296986,-2.23800015449524,0.4737395047263,0.47623925256108,0.47526570451629
8.973,front,1,-0.73882699012756,0.09875839948654,-2.2373354434967,-0.73965299129486,0.09549613296986,-2.23800015449524,-0.73965299129486,0.09549613296986,-2.23800015449524,0.47441969666217,0.47618689659406,0.47526570451629
9.097,front,1,-0.73953956365585,0.09617766737938,-2.23944449424744,-0.73965299129486,0.09549613296986,-2.23800015449524,-0.73965299129486,0.09549613296986,-2.23800015449524,0.46649913910986,0.47613731362986,0.47526570451629
9.209,front,1,-0.74099999666214,0.09034498780966,-2.24230790138245,-0.73965299129486,0.09549613296986,-2.23800015449524,-0.73965299129486,0.09549613296986,-2.23800015449524,0.47161949233039,0.47608466213774,0.47526570451629
9.333,front,1,-0.73850113153458,0.0973631516099,-2.23837637901306,-0.73965299129486,0.09549613296986,-2.23800015449524,-0.73965299129486,0.09549613296986,-2.23800015449524,0.48050462687614,0.47604086274687,0.47526570451629
9.446,front,1,-0.72619724273682,0.15182130038738,-2.21799111366272,-0.73965299129486,0.09549613296986,-2.23800015449524,-0.73965299129486,0.09549613296986,-2.23800015449524,0.49000582865667,0.47599405277495,0.47526570451629
9.57,front,1,-0.73875552415848,0.09720266610384,-2.23793292045593,-0.73965299129486,0.09549613296986,-2.23800015449524,-0.73965299129486,0.09549613296986,-2.23800015449524,0.47587035940112,0.47595017227126,0.47526570451629
9.681,front,1,-0.72490501403809,0.15791307389736,-2.21503257751465,-0.73965299129486,0.09549613296986,-2.23800015449524,-0.73965299129486,0.09549613296986,-2.23800015449524,0.48039302833572,0.47591359758835,0.47526570451629
9.807,front,1,-0.73805522918701,0.0962073802948,-2.23902440071106,-0.73965299129486,0.09549613296986,-2.23800015449524,-0.73965299129486,0.09549613296986,-2.23800015449524,0.47377879785033,0.4758746778405,0.47526570451629
9.917,front,1,-0.73997884988785,0.09358551353216,-2.24058246612549,-0.73965299129486,0.09549613296986,-2.23800015449524,-0.73965299129486,0.09549613296986,-2.23800015449524,0.46996027313759,0.47584207476625,0.47526570451629
10.042,front,1,-0.74000853300095,0.09447530657053,-2.23935198783875,-0.73965299129486,0.09549613296986,-2.23800015449524,-0.73965299129486,0.09549613296986,-2.23800015449524,0.47157374899494,0.47580744614927,0.47526570451629
10.167,front,1,-0.73957544565201,0.09290493279696,-2.23932242393494,-0.73965299129486,0.09549613296986,-2.23800015449524,-0.73965299129486,0.09549613296986,-2.23800015449524,0.47427393327017,0.47577492255494,0.47526570451629
10.293,front,1,-0.73878389596939,0.09579068422318,-2.23899912834167,-0.73965299129486,0.09549613296986,-2.23800015449524,-0.73965299129486,0.09549613296986,-2.23800015449524,0.46867668565905,0.47574463967923,0.47526570451629
10.417,front,1,-0.73800778388977,0.1004204750061,-2.23582768440247,-0.73965299129486,0.09549613296986,-2.23800015449524,-0.73965299129486,0.09549613296986,-2.23800015449524,0.47216827804621,0.47571587576081,0.47526570451629
10.528,front,1,-0.74000722169876,0.09564926475286,-2.23927712440491,-0.73965299129486,0.09549613296986,-2.23800015449524,-0.73965299129486,0.09549613296986,-2.23800015449524,0.4706512121464,0.47569172492326,0.47526570451629
10.652,front,1,-0.73923534154892,0.09774837642908,-2.23750710487366,-0.73965299129486,0.09549613296986,-2.23800015449524,-0.73965299129486,0.09549613296986,-2.23800015449524,0.47491118282002,0.47566898386332,0.47526570451629
10.765,front,1,-0.73746728897095,0.10270711034536,-2.23515200614929,-0.73965299129486,0.09549613296986,-2.23800015449524,-0.73965299129486,0.09549613296986,-2.23800015449524,0.47972166070422,0.47564496629251,0.47526570451629
10.889,front,1,-0.73971605300903,0.09410863369703,-2.23993277549744,-0.73965299129486,0.09549613296986,-2.23800015449524,-0.73965299129486,0.09549613296986,-2.23800015449524,0.47814013433594,0.47562236090532,0.47526570451629
11.001,front,1,-0.73813772201538,0.10078075528145,-2.23619484901428,-0.73965299129486,0.09549613296986,-2.23800015449524,-0.73965299129486,0.09549613296986,-2.23800015449524,0.48002419262491,0.47560329923739,0.47526570451629
11.126,front,1,-0.74540323019028,0.07607425004244,-2.2485818862915,-0.73965299129486,0.09549613296986,-2.23800015449524,-0.73965299129486,0.09549613296986,-2.23800015449524,0.48333786002225,0.47558303893411,0.47526570451629
11.237,front,1,-0.73973304033279,0.09582041949034,-2.23869323730469,-0.73965299129486,0.09549613296986,-2.23800015449524,-0.73965299129486,0.09549613296986,-2.23800015449524,0.47138672480773,0.47556640502067,0.47526570451629
11.36,front,1,-0.74001461267471,0.09465902298689,-2.23966383934021,-0.73965299129486,0.09549613296986,-2.23800015449524,-0.73965299129486,0.09549613296986,-2.23800015449524,0.47084385999881,0.47555041096303,0.47526570451629
11.487,front,1,-0.7391305565834,0.09675339609385,-2.23861527442932,-0.73965299129486,0.09549613296986,-2.23800015449524,-0.73965299129486,0.09549613296986,-2.23800015449524,0.47422626907347,0.47553161584436,0.47526570451629
11.598,front,1,-0.73972535133362,0.09573590755463,-2.23859810829163,-0.73965299129486,0.09549613296986,-2.23800015449524,-0.73965299129486,0.09549613296986,-2.23800015449524,0.47278589537909,0.47551748757464,0.47526570451629
11.723,front,1,-0.74409836530685,0.08171601593494,-2.24684715270996,-0.73965299129486,0.09549613296986,-2.23800015449524,-0.73965299129486,0.09549613296986,-2.23800015449524,0.47341281904117,0.47550255888991,0.47526570451629
11.848,front,1,-0.74574667215347,0.07809530198574,-2.24674105644226,-0.73965299129486,0.09549613296986,-2.23800015449524,-0.73965299129486,0.09549613296986,-2.23800015449524,0.48894968503007,0.47548845711536,0.47526570451629
11.957,front,1,-0.73904830217361,0.09743219614029,-2.23935723304749,-0.73965299129486,0.09549613296986,-2.23800015449524,-0.73965299129486,0.09549613296986,-2.23800015449524,0.4746045396468,0.47547827476045,0.47526570451629
12.084,front,1,-0.73925894498825,0.09574946761131,-2.23983860015869,-0.73965299129486,0.09549613296986,-2.23800015449524,-0.73965299129486,0.09549613296986,-2.23800015449524,0.47219005668932,0.47546435846059,0.47526570451629
12.193,front,1,-0.74472087621689,0.07992375642061,-2.24601864814758,-0.73965299129486,0.09549613296986,-2.23800015449524,-0.73965299129486,0.09549613296986,-2.23800015449524,0.48471988948374,0.47545537554046,0.47526570451629
12.32,front,1,-0.73860043287277,0.09771522134542,-2.2382230758667,-0.73965299129486,0.09549613296986,-2.23800015449524,-0.73965299129486,0.09549613296986,-2.23800015449524,0.47509010955756,0.47544305849158,0.47526570451629
12.445,front,1,-0.74465036392212,0.07900538295507,-2.24609684944153,-0.73965299129486,0.09549613296986,-2.23800015449524,-0.73965299129486,0.09549613296986,-2.23800015449524,0.486760131265,0.47543263530345,0.47526570451629
12.555,front,1,-0.73982983827591,0.09151462465525,-2.24178194999695,-0.73965299129486,0.09549613296986,-2.23800015449524,-0.73965299129486,0.09549613296986,-2.23800015449524,0.46599347291878,0.47542498508941,0.47526570451629
12.681,front,1,-0.74024432897568,0.09263306111097,-2.24030089378357,-0.73965299129486,0.09549613296986,-2.23800015449524,-0.73965299129486,0.09549613296986,-2.23800015449524,0.469399367297,0.47442214930334,0.47526570451629
12.792,front,1,-0.73992663621902,0.0947151184082,-2.23977780342102,-0.73965299129486,0.09549613296986,-2.23800015449524,-0.73965299129486,0.09549613296986,-2.23800015449524,0.46809683098227,0.47446802723209,0.47526570451629
12.918,front,1,-0.72305601835251,0.16014309227467,-2.21403336524963,-0.73965299129486,0.09549613296986,-2.23800015449524,-0.73965299129486,0.09549613296986,-2.23800015449524,0.47711561727886,0.47451670387865,0.47526570451629
13.042,front,1,-0.73846340179443,0.09812879562378,-2.2379949092865,-0.73965299129486,0.09549613296986,-2.23800015449524,-0.73965299129486,0.09549613296986,-2.23800015449524,0.47864580096939,0.4745621812665,0.47526570451629
13.154,front,1,-0.74157637357712,0.08880987763405,-2.24338912963867,-0.73965299129486,0.09549613296986,-2.23800015449524,-0.73965299129486,0.09549613296986,-2.23800015449524,0.4730441760785,0.4740443587785,0.47526570451629
13.277,front,1,-0.74086064100266,0.09249245375395,-2.24082398414612,-0.73965299129486,0.09549613296986,-2.23800015449524,-0.73965299129486,0.09549613296986,-2.23800015449524,0.47466276031956,0.47359806116128,0.47526570451629
13.39,front,1,-0.74071234464645,0.09068009257317,-2.2426769733429,-0.73965299129486,0.09549613296986,-2.23800015449524,-0.73965299129486,0.09549613296986,-2.23800015449524,0.46737538019491,0.47369946634486,0.47526570451629
13.515,front,1,-0.73949432373047,0.09384533017874,-2.24089050292969,-0.73965299129486,0.09549613296986,-2.23800015449524,-0.73965299129486,0.09549613296986,-2.23800015449524,0.47717954461527,0.47379465871074,0.47526570451629
13.638,front,1,-0.74008494615555,0.09259576350451,-2.24101185798645,-0.73965299129486,0.09549613296986,-2.23800015449524,-0.73965299129486,0.09549613296986,-2.23800015449524,0.47137875428154,0.47387449813618,0.47526570451629
13.75,front,1,-0.74130183458328,0.08973880857229,-2.24275827407837,-0.73965299129486,0.09549613296986,-2.23800015449524,-0.73965299129486,0.09549613296986,-2.23800015449524,0.4704474752986,0.47395913608335,0.47526570451629
13.875,front,1,-0.74033522605896,0.09191555529833,-2.24222660064697,-0.73965299129486,0.09549613296986,-2.23800015449524,-0.73965299129486,0.09549613296986,-2.23800015449524,0.46962682706988,0.47403860014541,0.47526570451629
13.986,front,1,-0.74065858125687,0.08915436267853,-2.24307060241699,-0.73965299129486,0.09549613296986,-2.23800015449524,-0.73965299129486,0.09549613296986,-2.23800015449524,0.47391962875831,0.4740970866349,0.47526570451629
14.112,front,1,-0.72185069322586,0.16226978600025,-2.21382737159729,-0.73965299129486,0.09549613296986,-2.23800015449524,-0.73965299129486,0.09549613296986,-2.23800015449524,0.47402865771439,0.47417575382983,0.47526570451629
14.222,front,1,-0.73915100097656,0.09596068412066,-2.23972773551941,-0.73965299129486,0.09549613296986,-2.23800015449524,-0.73965299129486,0.09549613296986,-2.23800015449524,0.47367787272101,0.47422784253588,0.47526570451629
14.348,front,1,-0.73818463087082,0.09942515939474,-2.23761773109436,-0.73965299129486,0.09549613296986,-2.23800015449524,-0.73965299129486,0.09549613296986,-2.23800015449524,0.47357668171463,0.474297791883,0.47526570451629
14.458,front,1,-0.74024677276611,0.09348694235086,-2.24104595184326,-0.73965299129486,0.09549613296986,-2.23800015449524,-0.73965299129486,0.09549613296986,-2.23800015449524,0.48139552323043,0.47434401517627,0.47526570451629
14.584,front,1,-0.73980504274368,0.09652596712112,-2.23861384391785,-0.73965299129486,0.09549613296986,-2.23800015449524,-0.73965299129486,0.09549613296986,-2.23800015449524,0.47391099184607,0.474406047712,0.47526570451629
14.693,front,1,-0.73973172903061,0.0969578102231,-2.23837280273438,-0.73965299129486,0.09549613296986,-2.23800015449524,-0.73965299129486,0.09549613296986,-2.23800015449524,0.47740363580442,0.47444702107519,0.47526570451629
14.82,front,1,-0.7383103966713,0.09850911051035,-2.23724102973938,-0.73965299129486,0.09549613296986,-2.23800015449524,-0.73965299129486,0.09549613296986,-2.23800015449524,0.47926719915633,0.47450222878267,0.47526570451629
14.929,front,1,-0.74326914548874,0.08366990089417,-2.24518084526062,-0.73965299129486,0.09549613296986,-2.23800015449524,-0.73965299129486,0.09549613296986,-2.23800015449524,0.48198805013227,0.47453864221448,0.47526570451629
15.056,front,1,-0.73721146583557,0.10410124063492,-2.23453640937805,-0.73965299129486,0.09549613296986,-2.23800015449524,-0.73965299129486,0.09549613296986,-2.23800015449524,0.48005490452168,0.47458771940123,0.47526570451629
15.181,front,1,-0.74027138948441,0.09383442997932,-2.24079060554504,-0.73965299129486,0.09549613296986,-2.23800015449524,-0.73965299129486,0.09549613296986,-2.23800015449524,0.46774302265868,0.47462917138489,0.47526570451629
15.291,front,1,-0.73886507749557,0.09721735864878,-2.23870182037354,-0.73965299129486,0.09549613296986,-2.23800015449524,-0.73965299129486,0.09549613296986,-2.23800015449524,0.47387060533608,0.47465974807985,0.47526570451629
15.417,front,1,-0.74195331335068,0.08848241716623,-2.24337649345398,-0.73965299129486,0.09549613296986,-2.23800015449524,-0.73965299129486,0.09549613296986,-2.23800015449524,0.46584945022393,0.47470064120063,0.47526570451629
15.528,front,1,-0.73818063735962,0.0986316204071,-2.23815727233887,-0.73965299129486,0.09549613296986,-2.23800015449524,-0.73965299129486,0.09549613296986,-2.23800015449524,0.47569532242051,0.47413339403167,0.47526570451629
15.654,front,1,-0.73772114515305,0.10223159939051,-2.23478960990906,-0.73965299129486,0.09549613296986,-2.23800015449524,-0.73965299129486,0.09549613296986,-2.23800015449524,0.47791358862515,0.47420227719064,0.47526570451629
15.778,front,1,-0.73685359954834,0.10410217195749,-2.23435854911804,-0.73965299129486,0.09549613296986,-2.23800015449524,-0.73965299129486,0.09549613296986,-2.23800015449524,0.47868440292229,0.47426708193018,0.47526570451629
15.889,front,1,-0.73967772722244,0.09578087180853,-2.23905444145203,-0.73965299129486,0.09549613296986,-2.23800015449524,-0.73965299129486,0.09549613296986,-2.23800015449524,0.47376064415042,0.47432111669534,0.47526570451629
16.015,front,1,-0.74079442024231,0.09151215106249,-2.24095392227173,-0.73965299129486,0.09549613296986,-2.23800015449524,-0.73965299129486,0.09549613296986,-2.23800015449524,0.48076837300775,0.47437872330237,0.47526570451629
16.125,front,1,-0.74029034376144,0.09401086717844,-2.23955917358398,-0.73965299129486,0.09549613296986,-2.23800015449524,-0.73965299129486,0.09549613296986,-2.23800015449524,0.47777197723352,0.47442683962624,0.47526570451629
16.25,front,1,-0.74017316102982,0.09371888637543,-2.24067139625549,-0.73965299129486,0.09549613296986,-2.23800015449524,-0.73965299129486,0.09549613296986,-2.23800015449524,0.47384656042227,0.47447802337086,0.47526570451629
16.376,front,1,-0.72206974029541,0.1641761213541,-2.21307420730591,-0.73965299129486,0.09549613296986,-2.23800015449524,-0.73965299129486,0.09549613296986,-2.23800015449524,0.4757059061749,0.47452603292962,0.47526570451629
16.486,front,1,-0.73933267593384,0.09754657745361,-2.23849487304688,-0.73965299129486,0.09549613296986,-2.23800015449524,-0.73965299129486,0.09549613296986,-2.23800015449524,0.47435070673438,0.47456135439766,0.47526570451629
16.611,front,1,-0.73981189727783,0.0963284894824,-2.23881816864014,-0.73965299129486,0.09549613296986,-2.23800015449524,-0.73965299129486,0.09549613296986,-2.23800015449524,0.4722386259195,0.47460432757978,0.47526570451629
16.722,front,1,-0.74040108919144,0.09205953031778,-2.24152278900146,-0.73965299129486,0.09549613296986,-2.23800015449524,-0.73965299129486,0.09549613296986,-2.23800015449524,0.47269102257252,0.47464020864888,0.47526570451629
16.832,front,1,-0.72391456365585,0.15783382952213,-2.21546030044556,-0.73965299129486,0.09549613296986,-2.23800015449524,-0.73965299129486,0.09549613296986,-2.23800015449524,0.4815755601352,0.47467419593322,0.47526570451629
16.958,front,1,-0.74083113670349,0.09162852168083,-2.2413923740387,-0.73965299129486,0.09549613296986,-2.23800015449524,-0.73965299129486,0.09549613296986,-2.23800015449524,0.47136252012554,0.47471015799275,0.47526570451629
17.068,front,1,-0.73906540870667,0.09736271947622,-2.23858189582825,-0.73965299129486,0.09549613296986,-2.23800015449524,-0.73965299129486,0.09549613296986,-2.23800015449524,0.47692564986837,0.47474065443382,0.47526570451629
17.195,front,1,-0.74069166183472,0.09181391447783,-2.24143981933594,-0.73965299129486,0.09549613296986,-2.23800015449524,-0.73965299129486,0.09549613296986,-2.23800015449524,0.46997346801849,0.47477624245105,0.47526570451629
17.304,front,1,-0.74074572324753,0.09192881733179,-2.23999643325806,-0.73965299129486,0.09549613296986,-2.23800015449524,-0.73965299129486,0.09549613296986,-2.23800015449524,0.47661606661363,0.47479956723761,0.47526570451629
17.431,front,1,-0.74139910936356,0.09128028154373,-2.24070858955383,-0.73965299129486,0.09549613296986,-2.23800015449524,-0.73965299129486,0.09549613296986,-2.23800015449524,0.47702636454915,0.47483102308507,0.47526570451629
17.541,front,1,-0.73980504274368,0.09402319043875,-2.24051570892334,-0.73965299129486,0.09549613296986,-2.23800015449524,-0.73965299129486,0.09549613296986,-2.23800015449524,0.47772476492926,0.47485187020825,0.47526570451629
17.653,front,1,-0.73948574066162,0.09472566843033,-2.23976492881775,-0.73965299129486,0.09549613296986,-2.23800015449524,-0.73965299129486,0.09549613296986,-2.23800015449524,0.47467896795011,0.47487708729756,0.47526570451629
17.779,front,1,-0.74100160598755,0.09199795126915,-2.24086475372314,-0.73965299129486,0.09549613296986,-2.23800015449524,-0.73965299129486,0.09549613296986,-2.23800015449524,0.47500912369004,0.47490076038143,0.47526570451629
17.903,front,1,-0.74012970924377,0.09579315781593,-2.23991537094116,-0.73965299129486,0.09549613296986,-2.23800015449524,-0.73965299129486,0.09549613296986,-2.23800015449524,0.47313035890799,0.47492317876325,0.47526570451629
18.013,front,1,-0.74130553007126,0.09223195165396,-2.24139261245728,-0.73965299129486,0.09549613296986,-2.23800015449524,-0.73965299129486,0.09549613296986,-2.23800015449524,0.47482982363977,0.47493973319493,0.47526570451629
18.125,front,1,-0.74124258756638,0.09239009022713,-2.24067282676697,-0.73965299129486,0.09549613296986,-2.23800015449524,-0.73965299129486,0.09549613296986,-2.23800015449524,0.47474667817273,0.47495969967867,0.47526570451629
18.25,front,1,-0.73874521255493,0.10004019737244,-2.23721408843994,-0.73965299129486,0.09549613296986,-2.23800015449524,-0.73965299129486,0.09549613296986,-2.23800015449524,0.47885110156475,0.47497857424191,0.47526570451629
18.362,front,1,-0.73927783966064,0.09795916080475,-2.23752784729004,-0.73965299129486,0.09549613296986,-2.23800015449524,-0.73965299129486,0.09549613296986,-2.23800015449524,0.47342254867016,0.4749942745275,0.47526570451629
18.473,front,1,-0.74113863706589,0.09256631880999,-2.24062466621399,-0.73965299129486,0.09549613296986,-2.23800015449524,-0.73965299129486,0.09549613296986,-2.23800015449524,0.47410505787789,0.47500917669576,0.47526570451629
18.598,front,1,-0.73994714021683,0.09476689249277,-2.23883700370789,-0.73965299129486,0.09549613296986,-2.23800015449524,-0.73965299129486,0.09549613296986,-2.23800015449524,0.47340626145553,0.47502485047484,0.47526570451629
18.709,front,1,-0.74080544710159,0.09385792165995,-2.24030303955078,-0.73965299129486,0.09549613296986,-2.23800015449524,-0.73965299129486,0.09549613296986,-2.23800015449524,0.4735422401466,0.47503826015616,0.47526570451629
18.834,front,1,-0.7403729557991,0.09409618377686,-2.24060034751892,-0.73965299129486,0.09549613296986,-2.23800015449524,-0.73965299129486,0.09549613296986,-2.23800015449524,0.4746608407631,0.47505220216497,0.47526570451629
18.945,front,1,-0.74027949571609,0.09295278787613,-2.2399570941925,-0.73965299129486,0.09549613296986,-2.23800015449524,-0.73965299129486,0.09549613296986,-2.23800015449524,0.47577113800353,0.47506406483647,0.47526570451629
19.07,front,1,-0.73991537094116,0.09334910660982,-2.23993134498596,-0.73965299129486,0.09549613296986,-2.23800015449524,-0.73965299129486,0.09549613296986,-2.23800015449524,0.47367518073333,0.47507654162228,0.47526570451629
19.181,front,1,-0.72263258695602,0.1599262803793,-2.21529054641724,-0.73965299129486,0.09549613296986,-2.23800015449524,-0.73965299129486,0.09549613296986,-2.23800015449524,0.4722014923818,0.47508699055144,0.47526570451629
19.307,front,1,-0.73895144462585,0.09563517570496,-2.24016928672791,-0.73965299129486,0.09549613296986,-2.23800015449524,-0.73965299129486,0.09549613296986,-2.23800015449524,0.47755886782844,0.4750979475885,0.47526570451629
19.418,front,1,-0.73916727304459,0.09752001613379,-2.23893642425537,-0.73965299129486,0.09549613296986,-2.23800015449524,-0.73965299129486,0.09549613296986,-2.23800015449524,0.47221348828611,0.47510714330755,0.47526570451629
19.544,front,1,-0.74020129442215,0.09464085102081,-2.2404420375824,-0.73965299129486,0.09549613296986,-2.23800015449524,-0.73965299129486,0.09549613296986,-2.23800015449524,0.47855460023601,0.475117275745,0.47526570451629
19.653,front,1,-0.73981803655624,0.09323200583458,-2.24009919166565,-0.73965299129486,0.09549613296986,-2.23800015449524,-0.73965299129486,0.09549613296986,-2.23800015449524,0.47542613153218,0.47512559156674,0.47526570451629
19.779,front,1,-0.73895525932312,0.09692046791315,-2.23819470405579,-0.73965299129486,0.09549613296986,-2.23800015449524,-0.73965299129486,0.09549613296986,-2.23800015449524,0.47049049945655,0.47513444123685,0.47526570451629
19.888,front,1,-0.73893469572067,0.09734807163477,-2.2383234500885,-0.73965299129486,0.09549613296986,-2.23800015449524,-0.73965299129486,0.09549613296986,-2.23800015449524,0.47469973480441,0.47514113206527,0.47526570451629
20.015,front,1,-0.73915845155716,0.09522628039122,-2.23931813240051,-0.73965299129486,0.09549613296986,-2.23800015449524,-0.73965299129486,0.09549613296986,-2.23800015449524,0.47401570234737,0.47514990299734,0.47526570451629
20.137,front,1,-0.73848366737366,0.09913869947195,-2.23741507530212,-0.73965299129486,0.09549613296986,-2.23800015449524,-0.73965299129486,0.09549613296986,-2.23800015449524,0.47156295312289,0.47515638105177,0.47526570451629
20.251,front,1,-0.73949605226517,0.09768369793892,-2.23773598670959,-0.73965299129486,0.09549613296986,-2.23800015449524,-0.73965299129486,0.09549613296986,-2.23800015449524,0.47575636907606,0.47516323165191,0.47526570451629
20.376,front,1,-0.73998385667801,0.09579408168793,-2.23878192901611,-0.73965299129486,0.09549613296986,-2.23800015449524,-0.73965299129486,0.09549613296986,-2.23800015449524,0.47565394999986,0.47516965670511,0.47526570451629
20.5,front,1,-0.73948556184769,0.09411450475454,-2.24109768867493,-0.73965299129486,0.09549613296986,-2.23800015449524,-0.73965299129486,0.09549613296986,-2.23800015449524,0.47312915944161,0.47517560090714,0.47526570451629
20.611,front,1,-0.74305462837219,0.084203094244,-2.24499034881592,-0.73965299129486,0.09549613296986,-2.23800015449524,-0.73965299129486,0.09549613296986,-2.23800015449524,0.48036906102775,0.47518010639489,0.47526570451629
20.737,front,1,-0.7390084862709,0.09681123495102,-2.2388699054718,-0.73965299129486,0.09549613296986,-2.23800015449524,-0.73965299129486,0.09549613296986,-2.23800015449524,0.47537940019943,0.47518605059639,0.47526570451629
20.848,front,1,-0.73966646194458,0.09216377139091,-2.24083423614502,-0.73965299129486,0.09549613296986,-2.23800015449524,-0.73965299129486,0.09549613296986,-2.23800015449524,0.47656829477051,0.47519066362436,0.47526570451629
20.971,front,1,-0.7395196557045,0.09554608911276,-2.23918056488037,-0.73965299129486,0.09549613296986,-2.23800015449524,-0.73965299129486,0.09549613296986,-2.23800015449524,0.47485130986992,0.47519500857196,0.47526570451629
21.084,front,1,-0.74047642946243,0.09334509819746,-2.24049758911133,-0.73965299129486,0.09549613296986,-2.23800015449524,-0.73965299129486,0.09549613296986,-2.23800015449524,0.47420147825829,0.47519961929183,0.47526570451629
21.209,front,1,-0.73956114053726,0.09780190140009,-2.23812794685364,-0.73965299129486,0.09549613296986,-2.23800015449524,-0.73965299129486,0.09549613296986,-2.23800015449524,0.477894740373,0.4752039392787,0.47526570451629
21.32,front,1,-0.74037045240402,0.09519914537668,-2.23959374427795,-0.73965299129486,0.09549613296986,-2.23800015449524,-0.73965299129486,0.09549613296986,-2.23800015449524,0.47746561615585,0.47520748305852,0.47526570451629
21.446,front,1,-0.72896748781204,0.14337463676929,-2.22417855262756,-0.73965299129486,0.09549613296986,-2.23800015449524,-0.73965299129486,0.09549613296986,-2.23800015449524,0.48703716260232,0.4752110829198,0.47526570451629
21.556,front,1,-0.74057817459106,0.09566660970449,-2.23879718780518,-0.73965299129486,0.09549613296986,-2.23800015449524,-0.73965299129486,0.09549613296986,-2.23800015449524,0.47975861058407,0.47521409515549,0.47526570451629
21.681,front,1,-0.74158173799515,0.09278780221939,-2.24140000343323,-0.73965299129486,0.09549613296986,-2.23800015449524,-0.73965299129486,0.09549613296986,-2.23800015449524,0.47561012412164,0.47521761397559,0.47526570451629
21.792,front,1,-0.74176645278931,0.09116864204407,-2.24184226989746,-0.73965299129486,0.09549613296986,-2.23800015449524,-0.73965299129486,0.09549613296986,-2.23800015449524,0.47498246561806,0.47522049216889,0.47526570451629
21.918,front,1,-0.7397021651268,0.09514999389648,-2.24005103111267,-0.73965299129486,0.09549613296986,-2.23800015449524,-0.73965299129486,0.09549613296986,-2.23800015449524,0.479095672447,0.47522361194684,0.47526570451629
22.042,front,1,-0.74455618858337,0.07884915918112,-2.24785017967224,-0.73965299129486,0.09549613296986,-2.23800015449524,-0.73965299129486,0.09549613296986,-2.23800015449524,0.48537311016241,0.4752263303687,0.47526570451629
22.153,front,1,-0.73967903852463,0.09374940395355,-2.24001836776733,-0.73965299129486,0.09549613296986,-2.23800015449524,-0.73965299129486,0.09549613296986,-2.23800015449524,0.47417218128096,0.47522862247713,0.47526570451629
22.277,front,1,-0.73994666337967,0.0936455950141,-2.24007344245911,-0.73965299129486,0.09549613296986,-2.23800015449524,-0.73965299129486,0.09549613296986,-2.23800015449524,0.47840802861962,0.4752310759001,0.47526570451629
22.389,front,1,-0.73983556032181,0.09166567772627,-2.24195265769959,-0.73965299129486,0.09549613296986,-2.23800015449524,-0.73965299129486,0.09549613296986,-2.23800015449524,0.46877507435093,0.47523328928106,0.47526570451629
22.513,front,1,-0.73812818527222,0.09922256320715,-2.2380530834198,-0.73965299129486,0.09549613296986,-2.23800015449524,-0.73965299129486,0.09549613296986,-2.23800015449524,0.47766910200512,0.47523526107553,0.47526570451629
22.64,front,1,-0.73888653516769,0.09881738573313,-2.23808717727661,-0.73965299129486,0.09549613296986,-2.23800015449524,-0.73965299129486,0.09549613296986,-2.23800015449524,0.48076080130124,0.47523779322608,0.47526570451629
22.751,front,1,-0.73861676454544,0.09993493556976,-2.23787212371826,-0.73965299129486,0.09549613296986,-2.23800015449524,-0.73965299129486,0.09549613296986,-2.23800015449524,0.47737705714582,0.47523955302225,0.47526570451629
22.878,front,1,-0.73896425962448,0.099240206182,-2.23790287971497,-0.73965299129486,0.09549613296986,-2.23800015449524,-0.73965299129486,0.09549613296986,-2.23800015449524,0.47966260921027,0.47524141881732,0.47526570451629
22.987,front,1,-0.73874664306641,0.09782752394676,-2.23929882049561,-0.73965299129486,0.09549613296986,-2.23800015449524,-0.73965299129486,0.09549613296986,-2.23800015449524,0.47316562663239,0.47524312561427,0.47526570451629
23.114,front,1,-0.73895353078842,0.09612707048655,-2.23847842216492,-0.73965299129486,0.09549613296986,-2.23800015449524,-0.73965299129486,0.09549613296986,-2.23800015449524,0.47291728843834,0.47524469759473,0.47526570451629
23.237,front,1,-0.73964661359787,0.09610193967819,-2.23926901817322,-0.73965299129486,0.09549613296986,-2.23800015449524,-0.73965299129486,0.09549613296986,-2.23800015449524,0.47861042383155,0.47524624384824,0.47526570451629
23.348,front,1,-0.72254580259323,0.16216181218624,-2.2137131690979,-0.73965299129486,0.09549613296986,-2.23800015449524,-0.73965299129486,0.09549613296986,-2.23800015449524,0.47921894517797,0.47524749706004,0.47526570451629
23.473,front,1,-0.73770588636398,0.09881585836411,-2.23947548866272,-0.73965299129486,0.09549613296986,-2.23800015449524,-0.73965299129486,0.09549613296986,-2.23800015449524,0.47466713178619,0.47524907058633,0.47526570451629
23.584,front,1,-0.74008935689926,0.09371817111969,-2.2403576374054,-0.73965299129486,0.09549613296986,-2.23800015449524,-0.73965299129486,0.09549613296986,-2.23800015449524,0.47964330825362,0.47525032379831,0.47526570451629
23.71,front,1,-0.73879146575928,0.09725988656282,-2.23919630050659,-0.73965299129486,0.09549613296986,-2.23800015449524,-0.73965299129486,0.09549613296986,-2.23800015449524,0.47230860050847,0.47525146869231,0.47526570451629
23.834,front,1,-0.73949593305588,0.09695032984018,-2.23860764503479,-0.73965299129486,0.09549613296986,-2.23800015449524,-0.73965299129486,0.09549613296986,-2.23800015449524,0.47632551865682,0.47525288167483,0.47526570451629
23.946,front,1,-0.72287464141846,0.1615804284811,-2.21363139152527,-0.73965299129486,0.09549613296986,-2.23800015449524,-0.73965299129486,0.09549613296986,-2.23800015449524,0.47570081380151,0.47525389484422,0.47526570451629
24.07,front,1,-0.7402229309082,0.09578170627356,-2.2384729385376,-0.73965299129486,0.09549613296986,-2.23800015449524,-0.73965299129486,0.09549613296986,-2.23800015449524,0.48120554354122,0.47525504128469,0.47526570451629
24.195,front,1,-0.7394226193428,0.09718438982964,-2.23790717124939,-0.73965299129486,0.09549613296986,-2.23800015449524,-0.73965299129486,0.09549613296986,-2.23800015449524,0.4788218830689,0.47525600068157,0.47526570451629
24.306,front,1,-0.73941773176193,0.09624862670898,-2.24013018608093,-0.73965299129486,0.09549613296986,-2.23800015449524,-0.73965299129486,0.09549613296986,-2.23800015449524,0.47221026257103,0.47525685408046,0.47526570451629
24.417,front,1,-0.7399622797966,0.09589626640081,-2.23842978477478,-0.73965299129486,0.09549613296986,-2.23800015449524,-0.73965299129486,0.09549613296986,-2.23800015449524,0.4852522777646,0.47525757420835,0.47526570451629
24.542,front,1,-0.73964542150497,0.0969351157546,-2.23835444450378,-0.73965299129486,0.09549613296986,-2.23800015449524,-0.73965299129486,0.09549613296986,-2.23800015449524,0.48332218486694,0.47525818679098,0.47526570451629
24.654,front,1,-0.74036151170731,0.09472119063139,-2.23934674263,-0.73965299129486,0.09549613296986,-2.23800015449524,-0.73965299129486,0.09549613296986,-2.23800015449524,0.48060521423445,0.47576881780888,0.47526570451629
24.78,front,1,-0.73943644762039,0.09456077963114,-2.23912906646729,-0.73965299129486,0.09549613296986,-2.23800015449524,-0.73965299129486,0.09549613296986,-2.23800015449524,0.47619897282142,0.47646240821462,0.47526570451629
24.903,front,1,-0.739561855793,0.09693860262632,-2.23906850814819,-0.73965299129486,0.09549613296986,-2.23800015449524,-0.73965299129486,0.09549613296986,-2.23800015449524,0.47175109714275,0.47639024471565,0.47526570451629
25.015,front,1,-0.72276359796524,0.16227938234806,-2.21303868293762,-0.73965299129486,0.09549613296986,-2.23800015449524,-0.73965299129486,0.09549613296986,-2.23800015449524,0.47788988890233,0.4770920243649,0.47526570451629
25.14,front,1,-0.73916691541672,0.09707655757666,-2.2382504940033,-0.73965299129486,0.09549613296986,-2.23800015449524,-0.73965299129486,0.09549613296986,-2.23800015449524,0.48228798121721,0.47758232747961,0.47526570451629
25.251,front,1,-0.73952978849411,0.09519976377487,-2.2387912273407,-0.73965299129486,0.09549613296986,-2.23800015449524,-0.73965299129486,0.09549613296986,-2.23800015449524,0.47926653179659,0.47745748592887,0.47526570451629
25.376,front,1,-0.73868995904922,0.09632099419832,-2.23972034454346,-0.73965299129486,0.09549613296986,-2.23800015449524,-0.73965299129486,0.09549613296986,-2.23800015449524,0.47303745868561,0.47714291612038,0.47526570451629
25.486,front,1,-0.7385488152504,0.09866330772638,-2.23751735687256,-0.73965299129486,0.09549613296986,-2.23800015449524,-0.73965299129486,0.09549613296986,-2.23800015449524,0.47723123507942,0.47687795921451,0.47526570451629
25.612,front,1,-0.72310322523117,0.16229656338692,-2.21417117118835,-0.73965299129486,0.09549613296986,-2.23800015449524,-0.73965299129486,0.09549613296986,-2.23800015449524,0.47703948134101,0.47677001716023,0.47526570451629
25.737,front,1,-0.72310680150986,0.16162015497684,-2.21416544914246,-0.73965299129486,0.09549613296986,-2.23800015449524,-0.73965299129486,0.09549613296986,-2.23800015449524,0.47674109438381,0.47667908665819,0.47526570451629
25.848,front,1,-0.74060517549515,0.0938138589263,-2.24099230766296,-0.73965299129486,0.09549613296986,-2.23800015449524,-0.73965299129486,0.09549613296986,-2.23800015449524,0.4719789870958,0.4766028977519,0.47526570451629
25.973,front,1,-0.73731333017349,0.10139250010252,-2.23649621009827,-0.73965299129486,0.09549613296986,-2.23800015449524,-0.73965299129486,0.09549613296986,-2.23800015449524,0.47724898887613,0.47652214863955,0.47526570451629
26.084,front,1,-0.73970031738281,0.09181701391935,-2.2416684627533,-0.73965299129486,0.09549613296986,-2.23800015449524,-0.73965299129486,0.09549613296986,-2.23800015449524,0.47207775139614,0.47645470423647,0.47526570451629
26.21,front,1,-0.74052208662033,0.09062665700912,-2.24241471290588,-0.73965299129486,0.09549613296986,-2.23800015449524,-0.73965299129486,0.09549613296986,-2.23800015449524,0.46803253626149,0.4763829678765,0.47526570451629
26.32,front,1,-0.73963159322739,0.09339040517807,-2.24107098579407,-0.73965299129486,0.09549613296986,-2.23800015449524,-0.73965299129486,0.09549613296986,-2.23800015449524,0.47050452055248,0.47632282594071,0.47526570451629
26.444,front,1,-0.7388020157814,0.097376935184,-2.23956990242004,-0.73965299129486,0.09549613296986,-2.23800015449524,-0.73965299129486,0.09549613296986,-2.23800015449524,0.47591908978401,0.47576908596486,0.47526570451629
26.57,moving_to_left,1,-0.72363066673279,0.15863488614559,-2.21662425994873,-0.73965299129486,0.09549613296986,-2.23800015449524,-0.73965299129486,0.09549613296986,-2.23800015449524,0.48051531756178,0.47567887396865,0.47526570451629
26.679,moving_to_left,1,-0.73905175924301,0.09760566800833,-2.23916888237,-0.73965299129486,0.09549613296986,-2.23800015449524,-0.73965299129486,0.09549613296986,-2.23800015449524,0.47929097820206,0.47565957385167,0.47526570451629
26.806,moving_to_left,1,-0.72355723381042,0.15777777135372,-2.21697735786438,-0.73965299129486,0.09549613296986,-2.23800015449524,-0.73965299129486,0.09549613296986,-2.23800015449524,0.47962525954244,0.47563366240107,0.47526570451629
26.917,moving_to_left,1,-0.74148935079575,0.08863395452499,-2.24285650253296,-0.73965299129486,0.09549613296986,-2.23800015449524,-0.73965299129486,0.09549613296986,-2.23800015449524,0.47246859574845,0.47561398976339,0.47526570451629
27.042,moving_to_left,1,-0.73884481191635,0.09795320034027,-2.23821067810059,-0.73965299129486,0.09549613296986,-2.23800015449524,-0.73965299129486,0.09549613296986,-2.23800015449524,0.47677494984582,0.47559319637656,0.47526570451629
27.167,moving_to_left,1,-0.7400820851326,0.09524890035391,-2.23886108398438,-0.73965299129486,0.09549613296986,-2.23800015449524,-0.73965299129486,0.09549613296986,-2.23800015449524,0.47516200571036,0.47557346915493,0.47526570451629
27.28,moving_to_left,1,-0.74428433179855,0.0801157578826,-2.24798202514648,-0.73965299129486,0.09549613296986,-2.23800015449524,-0.73965299129486,0.09549613296986,-2.23800015449524,0.47750125883267,0.47555723425855,0.47526570451629
27.403,moving_to_left,1,-0.74573975801468,0.07722086459398,-2.24891662597656,-0.73965299129486,0.09549613296986,-2.23800015449524,-0.73965299129486,0.09549613296986,-2.23800015449524,0.47414605703529,0.47553996048611,0.47526570451629
27.514,moving_to_left,1,-0.74088907241821,0.09348676353693,-2.2399365901947,-0.73965299129486,0.09549613296986,-2.23800015449524,-0.73965299129486,0.09549613296986,-2.23800015449524,0.47289164423697,0.47552543161238,0.47526570451629
27.64,moving_to_left,1,-0.74400585889816,0.08323504775763,-2.24644160270691,-0.73965299129486,0.09549613296986,-2.23800015449524,-0.73965299129486,0.09549613296986,-2.23800015449524,0.47001894428028,0.47550994413933,0.47526570451629
27.75,moving_to_left,1,-0.74662452936172,0.0755907073617,-2.25021243095398,-0.73965299129486,0.09549613296986,-2.23800015449524,-0.73965299129486,0.09549613296986,-2.23800015449524,0.47392946512731,0.47514273285199,0.47526570451629
27.875,moving_to_left,1,-0.74450010061264,0.08345989137888,-2.24604392051697,-0.73965299129486,0.09549613296986,-2.23800015449524,-0.73965299129486,0.09549613296986,-2.23800015449524,0.47660031181817,0.47515070185809,0.47526570451629
28.0,moving_to_left,1,-0.74421721696854,0.08613166958094,-2.24496459960938,-0.73965299129486,0.09549613296986,-2.23800015449524,-0.73965299129486,0.09549613296986,-2.23800015449524,0.47311689696612,0.47515816657915,0.47526570451629
28.112,moving_to_left,1,-0.7427276968956,0.0925661996007,-2.24318742752075,-0.73965299129486,0.09549613296986,-2.23800015449524,-0.73965299129486,0.09549613296986,-2.23800015449524,0.47628705087904,0.47516419181847,0.47526570451629
28.236,moving_to_left,1,-0.74845415353775,0.06899905949831,-2.25207257270813,-0.73965299129486,0.09549613296986,-2.23800015449524,-0.73965299129486,0.09549613296986,-2.23800015449524,0.47385527757059,0.47516984297765,0.47526570451629
28.361,moving_to_left,1,-0.74841475486755,0.07185768336058,-2.25273585319519,-0.73965299129486,0.09549613296986,-2.23800015449524,-0.73965299129486,0.09549613296986,-2.23800015449524,0.48437533816615,0.47517586744949,0.47526570451629
28.486,moving_to_left,1,-0.74574726819992,0.08381686359644,-2.24667596817017,-0.73965299129486,0.09549613296986,-2.23800015449524,-0.73965299129486,0.09549613296986,-2.23800015449524,0.4782736145629,0.47518143910661,0.47526570451629
28.597,moving_to_left,1,-0.74398517608643,0.08390883356333,-2.24671578407288,-0.73965299129486,0.09549613296986,-2.23800015449524,-0.73965299129486,0.09549613296986,-2.23800015449524,0.47657917157998,0.47518618386755,0.47526570451629
28.721,moving_to_left,1,-0.74635773897171,0.07681658118963,-2.2505795955658,-0.73965299129486,0.09549613296986,-2.23800015449524,-0.73965299129486,0.09549613296986,-2.23800015449524,0.47675061115883,0.47519114216976,0.47526570451629
28.833,moving_to_left,1,-0.74597722291946,0.08019603788853,-2.24933052062988,-0.74022805690765,0.09389415383339,-2.23907899856567,-0.73965299129486,0.09549613296986,-2.23800015449524,0.47698397815819,0.47519540838542,0.47526570451629
28.958,moving_to_left,1,-0.74229234457016,0.09084260463715,-2.24442625045776,-0.7401932477951,0.09399120509624,-2.239013671875,-0.73965299129486,0.09549613296986,-2.23800015449524,0.47336750208415,0.47519969956244,0.47526570451629
29.07,moving_to_left,1,-0.74639064073563,0.07358837872744,-2.25384902954102,-0.74011027812958,0.09422224014997,-2.23885774612427,-0.73965299129486,0.09549613296986,-2.23800015449524,0.47182227120612,0.47520377950734,0.47526570451629
29.193,moving_to_left,1,-0.73250412940979,0.13001249730587,-2.22952675819397,-0.740085542202,0.09429108351469,-2.23881125450134,-0.73965299129486,0.09549613296986,-2.23800015449524,0.49107040113652,0.47520745809903,0.47526570451629
29.32,moving_to_left,1,-0.74539059400558,0.06726651638746,-2.25805473327637,-0.74005645513535,0.09437192976475,-2.23875689506531,-0.73965299129486,0.09549613296986,-2.23800015449524,0.48688598177912,0.4752115895042,0.47526570451629
29.446,moving_to_left,1,-0.74312567710876,0.07536870241165,-2.25273633003235,-0.74003195762634,0.09444005787373,-2.23871088027954,-0.73965299129486,0.09549613296986,-2.23800015449524,0.48717005180403,0.4752148417821,0.47526570451629
29.556,moving_to_left,1,-0.74552267789841,0.07037934660912,-2.25564122200012,-0.74027758836746,0.09285930544138,-2.23987674713135,-0.73965299129486,0.09549613296986,-2.23800015449524,0.4883243002449,0.47624269192025,0.47526570451629
29.681,moving_to_left,1,-0.74175482988358,0.07948655635118,-2.24960803985596,-0.74051374197006,0.09133961796761,-2.24099779129028,-0.73965299129486,0.09549613296986,-2.23800015449524,0.49791122744918,0.47723104796148,0.47526570451629
29.792,moving_to_left,1,-0.74464064836502,0.07039109617472,-2.25800323486328,-0.7405259013176,0.09120611101389,-2.2410991191864,-0.73965299129486,0.09549613296986,-2.23800015449524,0.46802208703167,0.4779816481769,0.47526570451629
29.918,moving_to_left,1,-0.74495553970337,0.0630434602499,-2.26088809967041,-0.7409530878067,0.08946315944195,-2.24231004714966,-0.73965299129486,0.09549613296986,-2.23800015449524,0.48517978215906,0.47881348537126,0.47526570451629
30.028,moving_to_left,1,-0.74378043413162,0.0727447271347,-2.25610995292664,-0.74127751588821,0.08813983201981,-2.24322938919067,-0.73965299129486,0.09549613296986,-2.23800015449524,0.48598104254391,0.47944538905946,0.47526570451629
30.153,moving_to_left,1,-0.74645948410034,0.06175962090492,-2.26338577270508,-0.74158930778503,0.08686760812998,-2.24411296844482,-0.73965299129486,0.09549613296986,-2.23800015449524,0.48383189561644,0.4800523725417,0.47526570451629
30.264,moving_to_left,1,-0.74496096372604,0.06747997552156,-2.26052451133728,-0.74148464202881,0.08733389526606,-2.24378275871277,-0.73965299129486,0.09549613296986,-2.23800015449524,0.4781738583712,0.48031203597908,0.47526570451629
30.389,moving_to_left,1,-0.74758964776993,0.06184848025441,-2.26420331001282,-0.74171113967896,0.08590816706419,-2.24504947662354,-0.73965299129486,0.09549613296986,-2.23800015449524,0.47519383486246,0.47953744329272,0.47526570451629
30.515,moving_to_left,1,-0.74596589803696,0.07162321358919,-2.25816631317139,-0.74190217256546,0.08427711576223,-2.24615597724915,-0.73965299129486,0.09549613296986,-2.23800015449524,0.46669527500169,0.47982979113795,0.47526570451629
30.638,moving_to_left,1,-0.74726176261902,0.0679090693593,-2.26129579544067,-0.74204766750336,0.08341924101114,-2.2469642162323,-0.73965299129486,0.09549613296986,-2.23800015449524,0.47729668130632,0.47920156279557,0.47526570451629
30.751,moving_to_left,1,-0.74789732694626,0.06644763052464,-2.26017427444458,-0.74240750074387,0.08263551443815,-2.24781560897827,-0.73965299129486,0.09549613296986,-2.23800015449524,0.47871879330111,0.47859749512051,0.47526570451629
30.875,moving_to_left,1,-0.74951195716858,0.06059089303017,-2.26202392578125,-0.74260914325714,0.08228828758001,-2.24824833869934,-0.73965299129486,0.09549613296986,-2.23800015449524,0.48243381517194,0.47808612450363,0.47526570451629
30.999,moving_to_left,1,-0.74690073728561,0.07463436573744,-2.25751423835754,-0.74279499053955,0.08196162432432,-2.24847817420959,-0.73965299129486,0.09549613296986,-2.23800015449524,0.47051254418735,0.47769794713847,0.47526570451629
31.125,moving_to_left,1,-0.74380159378052,0.08351727575064,-2.24957299232483,-0.74273675680161,0.08238470554352,-2.24821519851685,-0.73965299129486,0.09549613296986,-2.23800015449524,0.481473798726,0.47728687062688,0.47526570451629
31.251,moving_to_left,1,-0.74442195892334,0.07902919501066,-2.25265789031982,-0.74294078350067,0.08196606487036,-2.24850749969482,-0.73965299129486,0.09549613296986,-2.23800015449524,0.48281501121207,0.47705779469549,0.47526570451629
31.361,moving_to_left,1,-0.74618929624557,0.0696370229125,-2.25804495811462,-0.74278479814529,0.08260803669691,-2.24800848960876,-0.73965299129486,0.09549613296986,-2.23800015449524,0.48738885242763,0.47648021672327,0.47526570451629
31.486,moving_to_left,1,-0.74750876426697,0.06046123430133,-2.26419997215271,-0.74259501695633,0.08338887989521,-2.24740171432495,-0.73965299129486,0.09549613296986,-2.23800015449524,0.48064133810076,0.47701610112198,0.47526570451629
31.612,moving_to_left,1,-0.74559789896011,0.06545561552048,-2.26027941703796,-0.74239760637283,0.08420114219189,-2.24677109718323,-0.73965299129486,0.09549613296986,-2.23800015449524,0.47962832565671,0.47751530760019,0.47526570451629
31.736,moving_to_left,1,-0.74376946687698,0.07599628716707,-2.25421833992004,-0.74224925041199,0.08481153100729,-2.24629688262939,-0.73965299129486,0.09549613296986,-2.23800015449524,0.47771490130753,0.47824548963627,0.47526570451629
31.861,moving_to_left,1,-0.74432390928268,0.06862659752369,-2.26137852668762,-0.74218273162842,0.08510899543762,-2.24606490135193,-0.73965299129486,0.09549613296986,-2.23800015449524,0.48176682196378,0.47894747418069,0.47526570451629
31.973,moving_to_left,1,-0.74329304695129,0.06961307674646,-2.25944876670837,-0.74224090576172,0.08413446694613,-2.24706172943115,-0.73965299129486,0.09549613296986,-2.23800015449524,0.48334298039498,0.47872487158671,0.47526570451629
32.097,moving_to_left,1,-0.74284952878952,0.0701819062233,-2.25805759429932,-0.74228519201279,0.08339456468821,-2.24781894683838,-0.73965299129486,0.09549613296986,-2.23800015449524,0.48702423018264,0.4785383114505,0.47526570451629
32.221,moving_to_left,1,-0.74236661195755,0.07191222161055,-2.25789856910706,-0.74212580919266,0.08412776142359,-2.2472243309021,-0.73965299129486,0.09549613296986,-2.23800015449524,0.48742980792925,0.47834039631619,0.47526570451629
32.348,moving_to_left,1,-0.74207562208176,0.06674249470234,-2.26137137413025,-0.74195998907089,0.08489044010639,-2.24660539627075,-0.73965299129486,0.09549613296986,-2.23800015449524,0.48765002314953,0.47905893517841,0.47526570451629
32.473,moving_to_left,1,-0.74250173568726,0.06607887893915,-2.26170229911804,-0.74188131093979,0.08485220372677,-2.2466561794281,-0.73965299129486,0.09549613296986,-2.23800015449524,0.49071825149238,0.47882940081512,0.47526570451629
32.582,moving_to_left,1,-0.74195069074631,0.06763087958097,-2.26091575622559,-0.74177557229996,0.08535724133253,-2.24624538421631,-0.73965299129486,0.09549613296986,-2.23800015449524,0.48677365087615,0.47928692531703,0.47526570451629
32.71,moving_to_left,1,-0.74133723974228,0.06638932228088,-2.26182198524475,-0.74165868759155,0.08413732051849,-2.24726390838623,-0.73965299129486,0.09549613296986,-2.23800015449524,0.48656407818974,0.47981926015896,0.47526570451629
32.832,moving_to_left,1,-0.7424790263176,0.0680700019002,-2.26256108283997,-0.74159038066864,0.0832354426384,-2.24799275398254,-0.73965299129486,0.09549613296986,-2.23800015449524,0.48472282239777,0.48025482480631,0.47526570451629
32.959,moving_to_left,1,-0.74070334434509,0.07487680763006,-2.25734210014343,-0.74151790142059,0.08228068053722,-2.24876427650452,-0.73965299129486,0.09549613296986,-2.23800015449524,0.48019809381363,0.48071595923407,0.47526570451629
33.07,moving_to_left,1,-0.74113112688065,0.06944040209055,-2.2597393989563,-0.74141705036163,0.08299485594034,-2.24818253517151,-0.73965299129486,0.09549613296986,-2.23800015449524,0.47438034979726,0.48095269948029,0.47526570451629
33.209,moving_to_left,1,-0.7406741976738,0.07322121411562,-2.25781321525574,-0.74133098125458,0.08297517895699,-2.24821043014526,-0.73965299129486,0.09549613296986,-2.23800015449524,0.47305491885134,0.48120327695991,0.47526570451629
33.334,moving_to_left,1,-0.74118489027023,0.06803053617477,-2.25988698005676,-0.74122935533524,0.08373377472162,-2.24759244918823,-0.73965299129486,0.09549613296986,-2.23800015449524,0.4853625264607,0.47971462314164,0.47526570451629
33.445,moving_to_left,1,-0.7395007610321,0.07788804918528,-2.25488662719727,-0.74114418029785,0.08436941355467,-2.24707388877869,-0.73965299129486,0.09549613296986,-2.23800015449524,0.48058575249694,0.47904920689052,0.47526570451629
33.583,moving_to_left,1,-0.74250054359436,0.06097362935543,-2.26406121253967,-0.74105381965637,0.08504354208708,-2.24652409553528,-0.73965299129486,0.09549613296986,-2.23800015449524,0.48444532554101,0.47846846458012,0.47526570451629
33.695,moving_to_left,1,-0.74094480276108,0.07127067446709,-2.25844025611877,-0.74097591638565,0.08465407043695,-2.24687314033508,-0.73965299129486,0.09549613296986,-2.23800015449524,0.48087805192421,0.4779770358242,0.47526570451629
33.82,moving_to_left,1,-0.74138885736465,0.06214449182153,-2.26262259483337,-0.74089586734772,0.08531097322702,-2.24633550643921,-0.73965299129486,0.09549613296986,-2.23800015449524,0.48239054458441,0.47781295058002,0.47526570451629
33.944,moving_to_left,1,-0.74037772417068,0.07858746498823,-2.25350499153137,-0.74085623025894,0.08435795456171,-2.24706482887268,-0.73965299129486,0.09549613296986,-2.23800015449524,0.46859759640947,0.47832853175754,0.47526570451629
34.07,moving_to_left,1,-0.74190521240234,0.06876417249441,-2.26030325889587,-0.74077546596527,0.08510519564152,-2.24645686149597,-0.73965299129486,0.09549613296986,-2.23800015449524,0.48426429140787,0.47812339283767,0.47526570451629
34.193,moving_to_left,1,-0.74302726984024,0.06141874194145,-2.26568984985352,-0.7408139705658,0.08424342423677,-2.24720501899719,-0.73965299129486,0.09549613296986,-2.23800015449524,0.47978814847709,0.4785017104554,0.47526570451629
34.319,moving_to_left,1,-0.74417328834534,0.08190743625164,-2.25184607505798,-0.74080353975296,0.08408132195473,-2.24736070632935,-0.73965299129486,0.09549613296986,-2.23800015449524,0.47817308426698,0.4788651258683,0.47526570451629
34.446,moving_to_left,1,-0.74286937713623,0.0816231444478,-2.25141358375549,-0.74078774452209,0.08400129526854,-2.2474467754364,-0.73965299129486,0.09549613296986,-2.23800015449524,0.47778128132287,0.47903334331605,0.47526570451629
34.569,moving_to_left,1,-0.74210858345032,0.08485665172338,-2.2512195110321,-0.74063152074814,0.08558409661055,-2.24614596366882,-0.73965299129486,0.09549613296986,-2.23800015449524,0.48229869829959,0.47851477144763,0.47526570451629
34.681,moving_to_left,1,-0.74226808547974,0.08170365542173,-2.25304698944092,-0.74048137664795,0.08710578083992,-2.24489569664001,-0.73965299129486,0.09549613296986,-2.23800015449524,0.4783925139559,0.4780162511885,0.47526570451629
34.807,moving_to_left,1,-0.73999756574631,0.08438155800104,-2.25128960609436,-0.740354180336,0.08839385211468,-2.24383687973022,-0.73965299129486,0.09549613296986,-2.23800015449524,0.48100671237707,0.47759411070508,0.47526570451629
34.932,moving_to_left,1,-0.74083060026169,0.09288990497589,-2.24527072906494,-0.74024659395218,0.08948417752981,-2.24294114112854,-0.73965299129486,0.09549613296986,-2.23800015449524,0.47569334985861,0.47725981275179,0.47526570451629
35.056,moving_to_left,1,-0.73928022384644,0.07066748291254,-2.25931239128113,-0.74015551805496,0.09040712565184,-2.24218273162842,-0.73965299129486,0.09549613296986,-2.23800015449524,0.49179463170758,0.47713929051392,0.47526570451629
35.182,moving_to_left,1,-0.73840743303299,0.09018636494875,-2.24845385551453,-0.74007821083069,0.09118837863207,-2.24154090881348,-0.73965299129486,0.09549613296986,-2.23800015449524,0.4824683147283,0.47702612448825,0.47526570451629
35.307,moving_to_left,1,-0.73790544271469,0.10053015500307,-2.24089407920837,-0.74001294374466,0.09184968471527,-2.24099683761597,-0.73965299129486,0.09549613296986,-2.23800015449524,0.46895111316499,0.47691965102599,0.47526570451629
35.429,moving_to_left,1,-0.73691940307617,0.08904042840004,-2.24700856208801,-0.73996341228485,0.09235180169344,-2.24058437347412,-0.73965299129486,0.09549613296986,-2.23800015449524,0.4808531782124,0.47725021657058,0.47526570451629
35.556,moving_to_left,1,-0.73766154050827,0.06749147176743,-2.26164507865906,-0.73991078138351,0.09288335591555,-2.24014711380005,-0.73965299129486,0.09549613296986,-2.23800015449524,0.48870815810402,0.4772910831567,0.47526570451629
35.681,moving_to_left,1,-0.73467820882797,0.08121739327908,-2.25211977958679,-0.73987114429474,0.09328447282314,-2.23981785774231,-0.73965299129486,0.09549613296986,-2.23800015449524,0.46276820056885,0.47722552922907,0.47526570451629
35.807,moving_to_left,1,-0.73802644014359,0.07498403638601,-2.25955009460449,-0.73983764648438,0.09362401813269,-2.23953866958618,-0.73965299129486,0.09549613296986,-2.23800015449524,0.48451229949767,0.47710695396428,0.47526570451629
35.929,moving_to_left,1,-0.73790246248245,0.0744065195322,-2.25922894477844,-0.7398276925087,0.09372518956661,-2.23945546150208,-0.73965299129486,0.09549613296986,-2.23800015449524,0.47670795735129,0.47578166796842,0.47526570451629
36.056,moving_to_left,1,-0.7377877831459,0.09575078636408,-2.24570465087891,-0.73961395025253,0.0918040573597,-2.24144458770752,-0.73965299129486,0.09549613296986,-2.23800015449524,0.47285936223486,0.47574741186223,0.47526570451629
36.182,moving_to_left,1,-0.73908227682114,0.08275496959686,-2.25395560264587,-0.73945254087448,0.09035435318947,-2.24294567108154,-0.73965299129486,0.09549613296986,-2.23800015449524,0.47389587690783,0.47571854197165,0.47526570451629
36.305,moving_to_left,1,-0.74046379327774,0.09640350192785,-2.24648070335388,-0.73946332931519,0.09063221514225,-2.24267768859863,-0.73965299129486,0.09549613296986,-2.23800015449524,0.4660768798321,0.47569414948078,0.47526570451629
36.431,moving_to_left,1,-0.74015241861343,0.10347867012024,-2.24245834350586,-0.73947608470917,0.09095852822065,-2.24236392974854,-0.73965299129486,0.09549613296986,-2.23800015449524,0.47171476382211,0.47566570589197,0.47526570451629
36.555,moving_to_left,1,-0.73982411623001,0.08218947052956,-2.25222516059875,-0.73950052261353,0.09158334881067,-2.2417631149292,-0.73965299129486,0.09549613296986,-2.23800015449524,0.47974456082638,0.47564445890547,0.47526570451629
36.681,moving_to_left,1,-0.7396879196167,0.09675684571266,-2.24558258056641,-0.73952627182007,0.09224481880665,-2.241126537323,-0.73965299129486,0.09549613296986,-2.23800015449524,0.46494221161,0.47561950684249,0.47526570451629
36.807,moving_to_left,1,-0.73965692520142,0.10286313295364,-2.24061107635498,-0.73954576253891,0.092743948102,-2.24064660072327,-0.73965299129486,0.09549613296986,-2.23800015449524,0.46516132423511,0.47468680522133,0.47526570451629
36.93,moving_to_left,1,-0.73988896608353,0.08099064975977,-2.25367832183838,-0.73956054449081,0.09312292188406,-2.24028205871582,-0.73965299129486,0.09549613296986,-2.23800015449524,0.47030091743527,0.47388116178931,0.47526570451629
37.056,moving_to_left,1,-0.73905056715012,0.09789710491896,-2.24361634254456,-0.73957616090775,0.09352410584688,-2.23989653587341,-0.73965299129486,0.09549613296986,-2.23800015449524,0.47037193065856,0.47302847563147,0.47526570451629
37.167,moving_to_left,1,-0.73988580703735,0.10136782377958,-2.24320483207703,-0.73958677053452,0.09379562735558,-2.2396354675293,-0.73965299129486,0.09549613296986,-2.23800015449524,0.47118245387248,0.4724514286549,0.47526570451629
37.292,moving_to_left,1,-0.73634624481201,0.09353790432215,-2.24658608436584,-0.73959696292877,0.09405668079853,-2.23938465118408,-0.73965299129486,0.09549613296986,-2.23800015449524,0.47907135930488,0.4728836471603,0.47526570451629
37.417,moving_to_left,1,-0.73624163866043,0.06943266838789,-2.26263833045959,-0.73960560560226,0.09427765756845,-2.23917174339294,-0.73965299129486,0.09549613296986,-2.23800015449524,0.49339860891921,0.47324959622316,0.47526570451629
37.556,moving_to_left,1,-0.73523491621017,0.06955522298813,-2.26172375679016,-0.73961365222931,0.09448364377022,-2.23897337913513,-0.73965299129486,0.09549613296986,-2.23800015449524,0.49615991127514,0.47389355823005,0.47526570451629
37.682,moving_to_left,1,-0.7369276881218,0.08638448268175,-2.25183653831482,-0.73961967229843,0.09463907778263,-2.23882412910461,-0.73965299129486,0.09549613296986,-2.23800015449524,0.48701796461718,0.47397699534563,0.47526570451629
37.806,moving_to_left,1,-0.73397380113602,0.0682469829917,-2.26214003562927,-0.73962479829788,0.09477064758539,-2.23869752883911,-0.73965299129486,0.09549613296986,-2.23800015449524,0.49776930788907,0.47529889365125,0.47526570451629
37.931,moving_to_left,1,-0.73403745889664,0.06629918515682,-2.2664053440094,-0.73920667171478,0.09240166842937,-2.24085879325867,-0.73965299129486,0.09549613296986,-2.23800015449524,0.49555975904181,0.47729177687575,0.47526570451629
38.055,moving_to_left,1,-0.73338007926941,0.07201427966356,-2.26106333732605,-0.73888915777206,0.09060304611921,-2.2425000667572,-0.73965299129486,0.09549613296986,-2.23800015449524,0.49772962046035,0.4788048750562,0.47526570451629
38.182,moving_to_left,1,-0.73381274938583,0.06656081229448,-2.26437616348267,-0.73855316638947,0.08869893103838,-2.24423766136169,-0.73965299129486,0.09549613296986,-2.23800015449524,0.4942700966031,0.48040678514716,0.47526570451629
38.307,moving_to_left,1,-0.73604196310043,0.08129545301199,-2.25517010688782,-0.73817902803421,0.08713698387146,-2.24558806419373,-0.73965299129486,0.09549613296986,-2.23800015449524,0.47264962423144,0.48176956877235,0.47526570451629
38.431,moving_to_left,1,-0.73291927576065,0.0661853030324,-2.26589250564575,-0.73786240816116,0.08581483364105,-2.24673080444336,-0.73965299129486,0.09549613296986,-2.23800015449524,0.49884437628456,0.48292309337888,0.47526570451629
38.555,moving_to_left,1,-0.73140567541122,0.07622137665749,-2.25879716873169,-0.73760813474655,0.0846663787961,-2.24779105186462,-0.73965299129486,0.09549613296986,-2.23800015449524,0.4842100887327,0.48349894816402,0.47526570451629
38.681,moving_to_left,1,-0.73430418968201,0.06543311476707,-2.26494383811951,-0.73774534463882,0.08539292961359,-2.2471342086792,-0.73965299129486,0.09549613296986,-2.23800015449524,0.47321728832815,0.48447262675289,0.47526570451629
38.807,moving_to_left,1,-0.73422449827194,0.0727020278573,-2.26029419898987,-0.73747980594635,0.0841772928834,-2.24825382232666,-0.73965299129486,0.09549613296986,-2.23800015449524,0.49040300947144,0.48487631662049,0.47526570451629
38.918,moving_to_left,1,-0.73252838850021,0.08046354353428,-2.25716519355774,-0.73759722709656,0.08478897064924,-2.24769973754883,-0.73965299129486,0.09549613296986,-2.23800015449524,0.44935355813349,0.48485098638788,0.47526570451629
39.043,moving_to_left,1,-0.73619914054871,0.09842938184738,-2.24458003044128,-0.73772180080414,0.08543767780066,-2.24711179733276,-0.73965299129486,0.09549613296986,-2.23800015449524,0.4645759312212,0.4848264584818,0.47526570451629
39.166,moving_to_left,1,-0.73403930664063,0.07259111851454,-2.26189064979553,-0.73782622814178,0.08598124235868,-2.24661946296692,-0.73965299129486,0.09549613296986,-2.23800015449524,0.48573211941836,0.48430969672263,0.47526570451629
39.279,moving_to_left,1,-0.73680943250656,0.09479210525751,-2.24631571769714,-0.73765003681183,0.08553745597601,-2.24725675582886,-0.73965299129486,0.09549613296986,-2.23800015449524,0.46689021139072,0.48376196236871,0.47526570451629
39.401,moving_to_left,1,-0.73529225587845,0.08237136155367,-2.25493621826172,-0.73775833845139,0.08607562631369,-2.24675631523132,-0.73965299129486,0.09549613296986,-2.23800015449524,0.4802538919747,0.48037015466266,0.47526570451629
39.527,moving_to_left,1,-0.73637467622757,0.09293520450592,-2.24751782417297,-0.73787307739258,0.08664638549089,-2.2462260723114,-0.73965299129486,0.09549613296986,-2.23800015449524,0.4694515074252,0.47958660262084,0.47526570451629
39.653,moving_to_left,1,-0.73767453432083,0.09976381063461,-2.24347043037415,-0.73817390203476,0.08814243227243,-2.2448353767395,-0.73965299129486,0.09549613296986,-2.23800015449524,0.46237750324145,0.47824437059234,0.47526570451629
39.765,moving_to_left,1,-0.73886376619339,0.0961202159524,-2.24732732772827,-0.73837769031525,0.08915501832962,-2.24389410018921,-0.73965299129486,0.09549613296986,-2.23800015449524,0.4717775138896,0.47733592311702,0.47526570451629
39.889,moving_to_left,1,-0.73847633600235,0.09638098627329,-2.24484062194824,-0.73857337236404,0.09012848883867,-2.2429895401001,-0.73965299129486,0.09549613296986,-2.23800015449524,0.46600680104167,0.47621758093014,0.47526570451629
40.014,moving_to_left,1,-0.7385373711586,0.09727495908737,-2.24429798126221,-0.73873919248581,0.09095250070095,-2.24222350120544,-0.73965299129486,0.09549613296986,-2.23800015449524,0.4621974950671,0.47616007874796,0.47526570451629
40.125,moving_to_left,1,-0.7380593419075,0.09672930091619,-2.24618983268738,-0.73886501789093,0.09157814830542,-2.24164223670959,-0.73965299129486,0.09549613296986,-2.23800015449524,0.46656338039427,0.47524317861362,0.47526570451629
40.251,moving_to_left,1,-0.73723894357681,0.09416043758392,-2.24606728553772,-0.73898595571518,0.09217961877584,-2.2410831451416,-0.73965299129486,0.09549613296986,-2.23800015449524,0.46686742040774,0.47436187653114,0.47526570451629
40.379,moving_to_left,1,-0.73782151937485,0.09461873024702,-2.24678063392639,-0.7390883564949,0.09268877655268,-2.24060988426209,-0.73965299129486,0.09549613296986,-2.23800015449524,0.46523929316836,0.47366910320162,0.47526570451629
40.501,moving_to_left,1,-0.73542088270187,0.08228413015604,-2.25510311126709,-0.73917502164841,0.09311976283789,-2.24020862579346,-0.73965299129486,0.09549613296986,-2.23800015449524,0.47588091585781,0.47302927527652,0.47526570451629
40.626,moving_to_left,1,-0.73427277803421,0.08601870387793,-2.25170993804932,-0.73924845457077,0.09348458051682,-2.23986911773682,-0.73965299129486,0.09549613296986,-2.23800015449524,0.4867517059043,0.47241413529693,0.47526570451629
40.749,moving_to_left,1,-0.73263692855835,0.06471262127161,-2.26605033874512,-0.73930424451828,0.09376157075167,-2.23961138725281,-0.73965299129486,0.09549613296986,-2.23800015449524,0.51086115390875,0.47208694795385,0.47526570451629
40.876,moving_to_left,1,-0.73213547468185,0.07435255497694,-2.26021933555603,-0.73936319351196,0.09405480325222,-2.23933887481689,-0.73965299129486,0.09549613296986,-2.23800015449524,0.49472893280874,0.47383397835394,0.47526570451629
41.0,moving_to_left,1,-0.73210215568542,0.06799900531769,-2.26507091522217,-0.73933815956116,0.0940148755908,-2.23942804336548,-0.73965299129486,0.09549613296986,-2.23800015449524,0.48867048094752,0.47392096217295,0.47526570451629
41.125,moving_to_left,1,-0.73217058181763,0.07418108731508,-2.25964641571045,-0.73866766691208,0.09222061932087,-2.24133348464966,-0.73965299129486,0.09549613296986,-2.23800015449524,0.52070445071816,0.47598869466736,0.47526570451629
41.251,moving_to_left,1,-0.72981691360474,0.0796210989356,-2.25664925575256,-0.73810023069382,0.09070182591677,-2.24294590950012,-0.73965299129486,0.09549613296986,-2.23800015449524,0.47464503294815,0.47773897436332,0.47526570451629
41.36,moving_to_left,1,-0.72531342506409,0.02602998167276,-2.28595638275146,-0.73771977424622,0.08968365937471,-2.24402737617493,-0.73965299129486,0.09549613296986,-2.23800015449524,0.50573352542657,0.47891228421371,0.47526570451629
41.487,moving_to_left,1,-0.72866588830948,0.06595727801323,-2.26658272743225,-0.7372550368309,0.0884400755167,-2.24534869194031,-0.73965299129486,0.09549613296986,-2.23800015449524,0.45277755485309,0.48034536135596,0.47526570451629
41.613,moving_to_left,1,-0.72550058364868,0.02373485825956,-2.28795266151428,-0.73690110445023,0.08689416199923,-2.24680876731873,-0.73965299129486,0.09549613296986,-2.23800015449524,0.50368493829308,0.48084749971797,0.47526570451629
41.737,moving_to_left,1,-0.73158621788025,0.07874917238951,-2.25803446769714,-0.73627310991287,0.0853903517127,-2.2481894493103,-0.73965299129486,0.09549613296986,-2.23800015449524,0.48525904997761,0.47784057079709,0.47526570451629
41.861,moving_to_left,1,-0.7262716293335,0.06402683258057,-2.26833176612854,-0.73579627275467,0.08424859493971,-2.24923777580261,-0.73965299129486,0.09549613296986,-2.23800015449524,0.45312093059189,0.47555750238702,0.47526570451629
41.987,moving_to_left,1,-0.73282891511917,0.07577627152205,-2.26055717468262,-0.73503935337067,0.08283662796021,-2.25053191184998,-0.73965299129486,0.09549613296986,-2.23800015449524,0.47567159708476,0.47317663595259,0.47526570451629
42.112,moving_to_left,1,-0.73131704330444,0.07820235937834,-2.25788331031799,-0.73469704389572,0.08195572346449,-2.25134110450745,-0.73965299129486,0.09549613296986,-2.23800015449524,0.49243116875614,0.47134727303416,0.47526570451629
42.222,moving_to_left,1,-0.72968202829361,0.06534903496504,-2.26726937294006,-0.73493218421936,0.08259820193052,-2.25070810317993,-0.73965299129486,0.09549613296986,-2.23800015449524,0.49666251334589,0.47182373614782,0.47526570451629
42.346,moving_to_left,1,-0.73176747560501,0.07958104461432,-2.25734496116638,-0.73521816730499,0.08337964862585,-2.24993824958801,-0.73965299129486,0.09549613296986,-2.23800015449524,0.47264128039947,0.47235239838135,0.47526570451629
42.473,moving_to_left,1,-0.73702239990234,0.09192151576281,-2.2489595413208,-0.73551565408707,0.08419250696898,-2.24913716316223,-0.73965299129486,0.09549613296986,-2.23800015449524,0.46222116563409,0.47284504758389,0.47526570451629
42.598,moving_to_left,1,-0.73544377088547,0.092100918293,-2.24889135360718,-0.73576629161835,0.08487736433744,-2.24846243858337,-0.73965299129486,0.09549613296986,-2.23800015449524,0.46427122630598,0.47321683545184,0.47526570451629
42.709,moving_to_left,1,-0.73556584119797,0.08872771263123,-2.2511522769928,-0.73597633838654,0.0854512155056,-2.2478973865509,-0.73965299129486,0.09549613296986,-2.23800015449524,0.46595039680528,0.47341556473924,0.47526570451629
42.834,moving_to_left,1,-0.73684960603714,0.09170456975698,-2.2491672039032,-0.7365408539772,0.08699329197407,-2.24637770652771,-0.73965299129486,0.09549613296986,-2.23800015449524,0.46938086749159,0.47280946025451,0.47526570451629
42.957,moving_to_left,1,-0.7366458773613,0.09116395562887,-2.2493371963501,-0.73696953058243,0.08816411346197,-2.2452244758606,-0.73965299129486,0.09549613296986,-2.23800015449524,0.46346706786663,0.47294247913563,0.47526570451629
43.07,moving_to_left,1,-0.7369556427002,0.0871274843812,-2.25062012672424,-0.73738157749176,0.08928970247507,-2.24411559104919,-0.73965299129486,0.09549613296986,-2.23800015449524,0.47354533261955,0.47217134337565,0.47526570451629
43.195,moving_to_left,1,-0.73694783449173,0.08833280950785,-2.25232338905334,-0.73773032426834,0.09024249762297,-2.24317717552185,-0.73965299129486,0.09549613296986,-2.23800015449524,0.46624654594984,0.47151838324642,0.47526570451629
43.318,moving_to_left,1,-0.73713064193726,0.0930220708251,-2.24919843673706,-0.73799508810043,0.09096590429544,-2.24246430397034,-0.73965299129486,0.09549613296986,-2.23800015449524,0.46674632142361,0.47123579444576,0.47526570451629
43.431,moving_to_left,1,-0.74066895246506,0.13354203104973,-2.22772097587585,-0.73824948072433,0.09166137129068,-2.24177885055542,-0.73965299129486,0.09549613296986,-2.23800015449524,0.50471043869214,0.47148029026448,0.47526570451629
43.556,moving_to_left,1,-0.73659020662308,0.08492062240839,-2.25353336334229,-0.7384649515152,0.09225009381771,-2.24119901657104,-0.73965299129486,0.09549613296986,-2.23800015449524,0.46238043539986,0.47170985863152,0.47526570451629
43.679,moving_to_left,1,-0.73683571815491,0.08300191164017,-2.25568175315857,-0.73862844705582,0.0926970615983,-2.24075841903687,-0.73965299129486,0.09549613296986,-2.23800015449524,0.46186810631062,0.47142625675118,0.47526570451629
43.792,moving_to_left,1,-0.73674869537354,0.08892109245062,-2.25185322761536,-0.73878568410873,0.09312678128481,-2.24033498764038,-0.73965299129486,0.09549613296986,-2.23800015449524,0.46120197120266,0.47148287560896,0.47526570451629
43.918,moving_to_left,1,-0.73633188009262,0.09405793994665,-2.24830365180969,-0.73891872167587,0.09349052608013,-2.23997592926025,-0.73965299129486,0.09549613296986,-2.23800015449524,0.45710508553045,0.47071902719617,0.47526570451629
44.043,moving_to_left,1,-0.73676538467407,0.08835420012474,-2.2510871887207,-0.73903149366379,0.09379842877388,-2.2396719455719,-0.73965299129486,0.09549613296986,-2.23800015449524,0.45950975851635,0.47007233747266,0.47526570451629
44.153,moving_to_left,1,-0.73457717895508,0.08885630220175,-2.25194573402405,-0.7391169667244,0.09403219074011,-2.23944163322449,-0.73965299129486,0.09549613296986,-2.23800015449524,0.4579347692104,0.46958156383023,0.47526570451629
44.278,moving_to_left,1,-0.73569411039352,0.0872882977128,-2.25296878814697,-0.73919922113419,0.09425693005323,-2.23922038078308,-0.73965299129486,0.09549613296986,-2.23800015449524,0.45596692471385,0.46910987827462,0.47526570451629
44.404,moving_to_left,1,-0.73444503545761,0.07894592732191,-2.260493516922,-0.73926883935928,0.09444716572762,-2.23903250694275,-0.73965299129486,0.09549613296986,-2.23800015449524,0.46270923742031,0.46854878925888,0.47526570451629
44.515,moving_to_left,1,-0.7318941950798,0.0749534368515,-2.26271319389343,-0.73932164907455,0.09459159523249,-2.23889017105103,-0.73965299129486,0.09549613296986,-2.23800015449524,0.46825234391103,0.4679875669594,0.47526570451629
44.639,moving_to_left,1,-0.72496837377548,0.0334366299212,-2.28311395645142,-0.73937249183655,0.09473045915365,-2.2387535572052,-0.73965299129486,0.09549613296986,-2.23800015449524,0.48572054882311,0.46725998584303,0.47526570451629
44.751,moving_to_left,1,-0.72800654172897,0.07995167374611,-2.25881409645081,-0.73896449804306,0.09341651201248,-2.24057912826538,-0.73965299129486,0.09549613296986,-2.23800015449524,0.44525581943406,0.46769285603324,0.47526570451629
44.875,moving_to_left,1,-0.72982829809189,0.07122108340263,-2.26754641532898,-0.73857218027115,0.09215331822634,-2.24233341217041,-0.73965299129486,0.09549613296986,-2.23800015449524,0.48296972431208,0.46797194674346,0.47526570451629
45.0,moving_to_left,1,-0.72929763793945,0.07403107732534,-2.26404190063477,-0.73799622058868,0.09070230275393,-2.24403142929077,-0.73965299129486,0.09549613296986,-2.23800015449524,0.4947852036622,0.46841430740274,0.47526570451629
45.125,moving_to_left,1,-0.72751402854919,0.06922271102667,-2.26507759094238,-0.73731130361557,0.08911716192961,-2.24593067169189,-0.73965299129486,0.09549613296986,-2.23800015449524,0.54079647133678,0.47020300748232,0.47526570451629
45.251,moving_to_left,1,-0.72650527954102,0.06648261845112,-2.26909255981445,-0.7367314696312,0.08777535706758,-2.24753832817078,-0.73965299129486,0.09549613296986,-2.23800015449524,0.50385954212081,0.47171687022338,0.47526570451629
45.362,moving_to_left,1,-0.72205775976181,0.02426197193563,-2.29193353652954,-0.73624569177628,0.08699762076139,-2.24845862388611,-0.73965299129486,0.09549613296986,-2.23800015449524,0.50684886913305,0.47387969646755,0.47526570451629
45.486,moving_to_left,1,-0.73035961389542,0.08253442496061,-2.2575159072876,-0.73558729887009,0.08567959070206,-2.24968528747559,-0.73965299129486,0.09549613296986,-2.23800015449524,0.48371455827463,0.47652310972059,0.47526570451629
45.614,moving_to_left,1,-0.7278163433075,0.07194233685732,-2.26473307609558,-0.73489028215408,0.08428427577019,-2.25098395347595,-0.73965299129486,0.09549613296986,-2.23800015449524,0.47065518388728,0.47932166259984,0.47526570451629
45.736,moving_to_left,1,-0.72951763868332,0.07634503394365,-2.2625777721405,-0.73324680328369,0.08080107718706,-2.2545177936554,-0.72650527954102,0.06648261845112,-2.26909255981445,0.47999217454062,0.48121551626631,0.47526573101566
45.861,moving_to_left,1,-0.72417396306992,0.03323761001229,-2.28358769416809,-0.73221182823181,0.07860293239355,-2.25675511360168,-0.72650527954102,0.06648261845112,-2.26909255981445,0.4876549020328,0.48030219883535,0.47526573101566
45.972,moving_to_left,1,-0.73386615514755,0.08622889965773,-2.25340819358826,-0.73142606019974,0.07693400979042,-2.25845408439636,-0.72650527954102,0.06648261845112,-2.26909255981445,0.46530785250119,0.47960883855568,0.47526573101566
46.098,moving_to_left,1,-0.73338574171066,0.08453553915024,-2.25446915626526,-0.7305942773819,0.07516719400883,-2.26025223731995,-0.72650527954102,0.06648261845112,-2.26909255981445,0.46272093945211,0.47887461511932,0.47526573101566
46.221,moving_to_left,1,-0.73266381025314,0.08137803524733,-2.25691032409668,-0.73003125190735,0.07397136092186,-2.26146984100342,-0.72650527954102,0.06648261845112,-2.26909255981445,0.46133898348486,0.47837782435918,0.47526573101566
46.333,moving_to_left,1,-0.73276615142822,0.08035635203123,-2.25874710083008,-0.729840695858,0.07356666773558,-2.26188182830811,-0.72650527954102,0.06648261845112,-2.26909255981445,0.46368988542862,0.47675506198031,0.47526573101566
46.459,moving_to_left,1,-0.73249453306198,0.08119267970324,-2.25802898406982,-0.72961694002151,0.07309142500162,-2.2623655796051,-0.72650527954102,0.06648261845112,-2.26909255981445,0.45796723668688,0.47503729999497,0.47526573101566
46.57,moving_to_left,1,-0.73418092727661,0.08206225931644,-2.25771999359131,-0.7294487953186,0.07273428142071,-2.26272916793823,-0.72650527954102,0.06648261845112,-2.26909255981445,0.4591887105693,0.47387452465449,0.47526573101566
46.694,moving_to_left,1,-0.7343390583992,0.08715903759003,-2.25356936454773,-0.7292897105217,0.07239642739296,-2.2630729675293,-0.72650527954102,0.06648261845112,-2.26909255981445,0.46422452500627,0.47287202391419,0.47526573101566
46.819,moving_to_left,1,-0.73373204469681,0.08783449977636,-2.25360465049744,-0.72912102937698,0.07203812897205,-2.26343774795532,-0.72650527954102,0.06648261845112,-2.26909255981445,0.46949695669981,0.47190810667714,0.47526573101566
46.946,moving_to_left,1,-0.73188066482544,0.07486914098263,-2.26146507263184,-0.72894561290741,0.07166542112827,-2.26381707191467,-0.72650527954102,0.06648261845112,-2.26909255981445,0.48260436440312,0.47078340267108,0.47526573101566
47.07,moving_to_left,1,-0.73063033819199,0.07926090806723,-2.26083493232727,-0.72879773378372,0.07135139405727,-2.26413679122925,-0.72650527954102,0.06648261845112,-2.26909255981445,0.47190000231671,0.46993471002956,0.47526573101566
47.181,moving_to_left,1,-0.73205453157425,0.08169951289892,-2.25605750083923,-0.72867387533188,0.07108828425407,-2.26440477371216,-0.72650527954102,0.06648261845112,-2.26909255981445,0.47275300007411,0.46929015614058,0.47526573101566
47.307,moving_to_left,1,-0.72642850875854,0.06495908647776,-2.27138257026672,-0.72854244709015,0.07080923765898,-2.26468873023987,-0.72650527954102,0.06648261845112,-2.26909255981445,0.44893666777097,0.47020764648925,0.47526573101566
47.429,moving_to_left,1,-0.72415179014206,0.06573756784201,-2.26815629005432,-0.72826200723648,0.07021348178387,-2.2652952671051,-0.72650527954102,0.06648261845112,-2.26909255981445,0.47242271913603,0.47090421060758,0.47526573101566
47.556,moving_to_left,1,-0.72812157869339,0.07663833349943,-2.26317596435547,-0.72796505689621,0.0695827677846,-2.26593708992004,-0.72650527954102,0.06648261845112,-2.26909255981445,0.49716261728115,0.47164188425935,0.47526573101566
47.682,moving_to_left,1,-0.72586727142334,0.06944292038679,-2.26841568946838,-0.72774088382721,0.06910684704781,-2.26642179489136,-0.72650527954102,0.06648261845112,-2.26909255981445,0.49933518127499,0.47219821358498,0.47526573101566
47.792,moving_to_left,1,-0.72466140985489,0.06521333754063,-2.27027487754822,-0.72757065296173,0.06874550133944,-2.26678967475891,-0.72650527954102,0.06648261845112,-2.26909255981445,0.50267983326729,0.47262072777119,0.47526573101566
47.917,moving_to_left,1,-0.72741746902466,0.07873705774546,-2.26168966293335,-0.72740715742111,0.06839811056852,-2.26714301109314,-0.72650527954102,0.06648261845112,-2.26909255981445,0.50640450155698,0.47532851019163,0.47526573101566
48.042,moving_to_left,1,-0.72372084856033,0.05515388026834,-2.26974749565125,-0.72726857662201,0.06810404360294,-2.26744222640991,-0.72650527954102,0.06648261845112,-2.26909255981445,0.51941526179426,0.47762066382782,0.47526573101566
48.166,moving_to_left,1,-0.72379869222641,0.06399785727262,-2.27175450325012,-0.72716355323792,0.06788078695536,-2.2676694393158,-0.72650527954102,0.06648261845112,-2.26909255981445,0.55131463752173,0.47936082507224,0.47526573101566
48.292,moving_to_left,1,-0.72209173440933,0.06624229997396,-2.27092552185059,-0.72705221176147,0.06764443218708,-2.26791000366211,-0.72650527954102,0.06648261845112,-2.26909255981445,0.48517426334911,0.48155511157377,0.47526573101566
48.403,moving_to_left,1,-0.72640633583069,0.07281579822302,-2.26761651039124,-0.72697693109512,0.06748446077108,-2.26807284355164,-0.72650527954102,0.06648261845112,-2.26909255981445,0.5191995179135,0.48304056262352,0.47526573101566
48.527,moving_to_left,1,-0.714783847332,0.01869243755937,-2.29618549346924,-0.72691208124161,0.06734651327133,-2.26821327209473,-0.72650527954102,0.06648261845112,-2.26909255981445,0.51380829835541,0.48573790471562,0.47526573101566
48.653,moving_to_left,1,-0.72502487897873,0.07134113460779,-2.26726794242859,-0.72684323787689,0.06720047444105,-2.26836180686951,-0.72650527954102,0.06648261845112,-2.26909255981445,0.49703478297885,0.48861592515193,0.47526573101566
48.779,moving_to_left,1,-0.72368979454041,0.06558228284121,-2.27151942253113,-0.72680485248566,0.06711906939745,-2.26844453811646,-0.72650527954102,0.06648261845112,-2.26909255981445,0.50097412651096,0.48864794866802,0.47526573101566
48.89,moving_to_left,1,-0.72558689117432,0.06957316398621,-2.26788878440857,-0.72678864002228,0.06708467751741,-2.26847958564758,-0.72650527954102,0.06648261845112,-2.26909255981445,0.49512515419875,0.48901016095671,0.47526573101566
49.015,moving_to_left,1,-0.72627764940262,0.06769347935915,-2.27137231826782,-0.72677147388458,0.06704819947481,-2.26851677894592,-0.72650527954102,0.06648261845112,-2.26909255981445,0.50670884588279,0.48879884483266,0.47526573101566
49.139,moving_to_left,1,-0.72173547744751,0.04928141459823,-2.27869915962219,-0.72675538063049,0.06701393425465,-2.26855158805847,-0.72650527954102,0.06648261845112,-2.26909255981445,0.68586482283796,0.48917950662867,0.47526573101566
49.251,moving_to_left,1,-0.72830957174301,0.07693818211555,-2.26198363304138,-0.72674185037613,0.06698521971703,-2.26858067512512,-0.72650527954102,0.06648261845112,-2.26909255981445,0.47444587392622,0.48946873996253,0.47526573101566
49.376,moving_to_left,1,-0.72693991661072,0.07408887147903,-2.26423788070679,-0.72672754526138,0.06695476174355,-2.26861166954041,-0.72650527954102,0.06648261845112,-2.26909255981445,0.49718472547751,0.49029493397069,0.47526573101566
49.486,moving_to_left,1,-0.72838050127029,0.07457003742456,-2.26399302482605,-0.72671699523926,0.06693235039711,-2.268634557724,-0.72650527954102,0.06648261845112,-2.26909255981445,0.47051958175641,0.48970411170262,0.47526573101566
49.612,moving_to_left,1,-0.72863966226578,0.07485573738813,-2.26441979408264,-0.7267028093338,0.06690218299627,-2.2686653137207,-0.72650527954102,0.06648261845112,-2.26909255981445,0.48260489742747,0.48957156146515,0.47526573101566
49.735,moving_to_left,1,-0.7334046959877,0.08503141254187,-2.25708270072937,-0.72669214010239,0.06687951087952,-2.2686882019043,-0.72650527954102,0.06648261845112,-2.26909255981445,0.46362857661148,0.48823113463518,0.47526573101566
49.848,moving_to_left,1,-0.72996312379837,0.08030789345503,-2.25845789909363,-0.72668075561523,0.06685545295477,-2.26871252059937,-0.72650527954102,0.06648261845112,-2.26909255981445,0.47655040767152,0.48472586219309,0.47526573101566
49.972,moving_to_left,1,-0.73049885034561,0.07891818135977,-2.26079249382019,-0.72667127847672,0.06683530658484,-2.26873326301575,-0.72650527954102,0.06648261845112,-2.26909255981445,0.4595083458704,0.48231477578796,0.47526573101566
50.084,moving_to_left,1,-0.73262548446655,0.08176519721746,-2.25834059715271,-0.72666126489639,0.06681393831968,-2.26875472068787,-0.72650527954102,0.06648261845112,-2.26909255981445,0.46226029666965,0.47972624558781,0.47526573101566
50.195,moving_to_left,1,-0.72740030288696,0.07445956021547,-2.26513981819153,-0.72665286064148,0.06679604202509,-2.26877307891846,-0.72650527954102,0.06648261845112,-2.26909255981445,0.4823293849638,0.47799713735645,0.47526573101566
50.319,moving_to_left,1,-0.7300928235054,0.0782251060009,-2.26066756248474,-0.72664487361908,0.06677911430597,-2.26879024505615,-0.72650527954102,0.06648261845112,-2.26909255981445,0.46148098033731,0.47650596841117,0.47526573101566
50.431,moving_to_left,1,-0.73120754957199,0.07836931943893,-2.26240944862366,-0.72663640975952,0.06676115095615,-2.26880860328674,-0.72650527954102,0.06648261845112,-2.26909255981445,0.47787783914126,0.47499784710983,0.47526573101566
50.557,moving_to_left,1,-0.72888326644897,0.0767872557044,-2.26344418525696,-0.72662848234177,0.0667442753911,-2.26882576942444,-0.72650527954102,0.06648261845112,-2.26909255981445,0.45854837281065,0.47372119123315,0.47526573101566
50.666,moving_to_left,1,-0.72781896591187,0.07239847630262,-2.26632022857666,-0.72662264108658,0.06673186272383,-2.26883864402771,-0.72650527954102,0.06648261845112,-2.26909255981445,0.46248655306271,0.47286527998556,0.47526573101566
50.791,moving_to_left,1,-0.72323894500732,0.06268698722124,-2.27428317070007,-0.72661554813385,0.06671675294638,-2.26885366439819,-0.72650527954102,0.06648261845112,-2.26909255981445,0.47547584781456,0.47163535268114,0.47526573101566
50.916,moving_to_left,1,-0.72460860013962,0.06746301800013,-2.26977300643921,-0.72660887241364,0.06670256704092,-2.26886868476868,-0.72650527954102,0.06648261845112,-2.26909255981445,0.49460137569122,0.4705944339074,0.47526573101566
51.027,moving_to_left,1,-0.71942853927612,0.05645987391472,-2.27861523628235,-0.72660320997238,0.06669068336487,-2.26888012886047,-0.72650527954102,0.06648261845112,-2.26909255981445,0.54272167515344,0.47014196478553,0.47526573101566
51.152,moving_to_left,1,-0.72425657510757,0.06824012845755,-2.26957607269287,-0.72659730911255,0.0666780769825,-2.26889300346375,-0.72650527954102,0.06648261845112,-2.26909255981445,0.4706741637127,0.47277760521952,0.47526573101566
51.263,moving_to_left,1,-0.73801630735397,0.11634560674429,-2.24390435218811,-0.72659236192703,0.06666751205921,-2.26890444755554,-0.72650527954102,0.06648261845112,-2.26909255981445,0.52082649531237,0.47312041641112,0.47526573101566
51.388,moving_to_left,1,-0.7075572013855,0.00843658298254,-2.30855107307434,-0.726586997509,0.06665630638599,-2.2689151763916,-0.72650527954102,0.06648261845112,-2.26909255981445,0.514350585213,0.47529884065342,0.47526573101566
51.5,moving_to_left,1,-0.71901422739029,0.05942844226956,-2.27817320823669,-0.72658216953278,0.06664577871561,-2.26892590522766,-0.72650527954102,0.06648261845112,-2.26909255981445,0.50055939213457,0.47714280752761,0.47526573101566
51.625,moving_to_left,1,-0.72490602731705,0.07714074105024,-2.26577305793762,-0.72657746076584,0.0666359141469,-2.26893663406372,-0.72650527954102,0.06648261845112,-2.26909255981445,0.48155327236553,0.47927357145545,0.47526573101566
51.751,moving_to_left,1,-0.72399163246155,0.07354264706373,-2.26737213134766,-0.72657316923141,0.06662663072348,-2.26894545555115,-0.72650527954102,0.06648261845112,-2.26909255981445,0.49735310105023,0.47790774946239,0.47526573101566
51.861,moving_to_left,1,-0.72345465421677,0.07087313383818,-2.27000427246094,-0.72656983137131,0.06661979854107,-2.26895213127136,-0.72650527954102,0.06648261845112,-2.26909255981445,0.47925456137892,0.47925933347103,0.47526573101566
51.987,moving_to_left,1,-0.72271937131882,0.06529292464256,-2.2731626033783,-0.72656565904617,0.06661058962345,-2.26896166801453,-0.72650527954102,0.06648261845112,-2.26909255981445,0.48178393786543,0.48091015040825,0.47526573101566
52.097,moving_to_left,1,-0.72602361440659,0.07598692923784,-2.26634120941162,-0.72656273841858,0.06660451740026,-2.26896834373474,-0.72650527954102,0.06648261845112,-2.26909255981445,0.4961829541562,0.4802238992495,0.47526573101566
52.222,moving_to_left,1,-0.72165846824646,0.06954704225063,-2.26956725120544,-0.72655928134918,0.06659713387489,-2.26897573471069,-0.72650527954102,0.06648261845112,-2.26909255981445,0.46320258695001,0.48157500188255,0.47526573101566
52.333,moving_to_left,1,-0.73316186666489,0.09040123969316,-2.25446438789368,-0.72655642032623,0.066590949893,-2.26898145675659,-0.72650527954102,0.06648261845112,-2.26909255981445,0.45756099205293,0.48070620364554,0.47526573101566
52.458,moving_to_left,1,-0.72624272108078,0.07075446844101,-2.26871275901794,-0.72655320167542,0.06658437848091,-2.26898789405823,-0.72650527954102,0.06648261845112,-2.26909255981445,0.47730222651275,0.47987114084024,0.47526573101566
52.585,moving_to_left,1,-0.71672838926315,0.01882872916758,-2.29918599128723,-0.72655010223389,0.0665775462985,-2.2689950466156,-0.72650527954102,0.06648261845112,-2.26909255981445,0.48903485135242,0.479092740636,0.47526573101566
52.709,moving_to_left,1,-0.72593951225281,0.06972191482782,-2.26784205436707,-0.72654742002487,0.06657179445028,-2.26900148391724,-0.72650527954102,0.06648261845112,-2.26909255981445,0.48434315801666,0.47850544089483,0.47526573101566
52.832,moving_to_left,1,-0.72576355934143,0.06513621658087,-2.27232193946838,-0.72654503583908,0.06656697392464,-2.26900696754456,-0.72650527954102,0.06648261845112,-2.26909255981445,0.49858386797097,0.4780594919621,0.47526573101566
52.945,moving_to_left,1,-0.72610872983932,0.07133961468935,-2.26796746253967,-0.72654265165329,0.06656186282635,-2.26901125907898,-0.72650527954102,0.06648261845112,-2.26909255981445,0.48622068664068,0.47849885798305,0.47526573101566
53.069,moving_to_left,1,-0.72592478990555,0.07083237916231,-2.2688319683075,-0.72654074430466,0.06655757129192,-2.26901507377625,-0.72650527954102,0.06648261845112,-2.26909255981445,0.48271183437115,0.47883233364964,0.47526573101566
53.195,moving_to_left,1,-0.72381782531738,0.06469882279634,-2.27053427696228,-0.72653836011887,0.06655254215002,-2.26901984214783,-0.72650527954102,0.06648261845112,-2.26909255981445,0.48840263844671,0.47912627750956,0.47526573101566
53.307,moving_to_left,1,-0.72520524263382,0.0740769803524,-2.26647305488586,-0.72653645277023,0.06654876470566,-2.26902365684509,-0.72650527954102,0.06648261845112,-2.26909255981445,0.50454911322341,0.47915357741907,0.47526573101566
53.431,moving_to_left,1,-0.72360801696777,0.0735784843564,-2.26496028900146,-0.7265345454216,0.0665447562933,-2.26902794837952,-0.72650527954102,0.06648261845112,-2.26909255981445,0.5040862237538,0.47960446625079,0.47526573101566
53.554,moving_to_left,1,-0.70810770988464,0.01307622343302,-2.30303645133972,-0.72653311491013,0.06654139608145,-2.26903176307678,-0.72650527954102,0.06648261845112,-2.26909255981445,0.50167332843196,0.47994653400432,0.47526573101566
53.679,moving_to_left,1,-0.71907472610474,0.06195275858045,-2.27648258209229,-0.72653150558472,0.06653783470392,-2.26903605461121,-0.72650527954102,0.06648261845112,-2.26909255981445,0.48462241350824,0.48202806849341,0.47526573101566
53.804,moving_to_left,1,-0.71910208463669,0.06780257821083,-2.27273678779602,-0.72652989625931,0.06653448194265,-2.26904034614563,-0.72650527954102,0.06648261845112,-2.26909255981445,0.48698634240705,0.48224620534153,0.47526573101566
53.93,moving_to_left,1,-0.71532893180847,0.04637644812465,-2.27967023849487,-0.7265282869339,0.06653133034706,-2.26904296875,-0.72650527954102,0.06648261845112,-2.26909255981445,0.53707493130768,0.4818236068378,0.47526573101566
54.055,moving_to_left,1,-0.71687692403793,0.06189461052418,-2.27749538421631,-0.72652667760849,0.06652837991714,-2.26904511451721,-0.72650527954102,0.06648261845112,-2.26909255981445,0.50458870359606,0.48142658204764,0.47526573101566
54.181,moving_to_left,1,-0.71835780143738,0.06533068418503,-2.27443552017212,-0.72652548551559,0.06652531027794,-2.269047498703,-0.72650527954102,0.06648261845112,-2.26909255981445,0.50623977812247,0.4834729794825,0.47526573101566
54.292,moving_to_left,1,-0.71434044837952,0.04497188702226,-2.28171443939209,-0.72652453184128,0.06652300059795,-2.26904940605164,-0.72650527954102,0.06648261845112,-2.26909255981445,0.53990612534496,0.48485762535021,0.47526573101566
54.418,moving_to_left,1,-0.71791952848434,0.06852727383375,-2.27255821228027,-0.72652345895767,0.06652055680752,-2.26905155181885,-0.72650527954102,0.06648261845112,-2.26909255981445,0.50997069747125,0.48618901022593,0.47526573101566
54.54,moving_to_left,1,-0.7187322974205,0.06875339150429,-2.27382636070251,-0.72652250528336,0.06651850044727,-2.26905345916748,-0.72650527954102,0.06648261845112,-2.26909255981445,0.49776944109152,0.48719978227121,0.47526573101566
54.665,moving_to_left,1,-0.72591638565063,0.0838685259223,-2.26340579986572,-0.72652143239975,0.06651632487774,-2.26905560493469,-0.72650527954102,0.06648261845112,-2.26909255981445,0.52678909773941,0.48832928603152,0.47526573101566
54.792,moving_to_left,1,-0.71699517965317,0.06032571569085,-2.27777695655823,-0.72652024030685,0.06651406735182,-2.26905798912048,-0.72650527954102,0.06648261845112,-2.26909255981445,0.47995434469774,0.48977525509842,0.47526573101566
54.918,moving_to_left,1,-0.72527980804443,0.08250499516726,-2.26063275337219,-0.72651916742325,0.06651216000319,-2.2690601348877,-0.72650527954102,0.06648261845112,-2.26909255981445,0.50431151879729,0.49086672489612,0.47526573101566
55.042,moving_to_left,1,-0.71612906455994,0.05669542774558,-2.27933096885681,-0.72651809453964,0.06651037186384,-2.26906228065491,-0.72650527954102,0.06648261845112,-2.26909255981445,0.46702109299281,0.4917902839984,0.47526573101566
55.153,moving_to_left,1,-0.72151708602905,0.06905440241098,-2.27283573150635,-0.72651761770248,0.06650886684656,-2.26906418800354,-0.72650527954102,0.06648261845112,-2.26909255981445,0.51093816977309,0.4914449534961,0.47526573101566
55.279,moving_to_left,1,-0.72186690568924,0.07161619514227,-2.26944613456726,-0.72651708126068,0.06650727987289,-2.26906633377075,-0.72650527954102,0.06648261845112,-2.26909255981445,0.4979146667952,0.49237247370561,0.47526573101566
55.403,moving_to_left,1,-0.72257965803146,0.06709446758032,-2.27303957939148,-0.72651654481888,0.06650578230619,-2.26906847953796,-0.72650527954102,0.06648261845112,-2.26909255981445,0.50328902188157,0.49191239140953,0.47526573101566
55.514,moving_to_left,1,-0.72133284807205,0.06572323292494,-2.27381587028503,-0.72651606798172,0.06650453060865,-2.2690703868866,-0.72650527954102,0.06648261845112,-2.26909255981445,0.49994858763331,0.49202385753007,0.47526573101566
55.64,moving_to_left,1,-0.72127199172974,0.06470307707787,-2.27400493621826,-0.72651553153992,0.06650320440531,-2.26907253265381,-0.72650527954102,0.06648261845112,-2.26909255981445,0.54973514818316,0.49213100408584,0.47526573101566
55.761,moving_to_left,1,-0.71805214881897,0.06540107727051,-2.27345681190491,-0.72651505470276,0.0665020942688,-2.26907444000244,-0.72650527954102,0.06648261845112,-2.26909255981445,0.48720154233528,0.49221233835457,0.47526573101566
55.886,moving_to_left,1,-0.72143626213074,0.07192543148994,-2.27054643630981,-0.72651451826096,0.06650091707706,-2.26907539367676,-0.72650527954102,0.06648261845112,-2.26909255981445,0.52185243076992,0.49197113708969,0.47526573101566
55.998,moving_to_left,1,-0.718510389328,0.06144089996815,-2.27709603309631,-0.7265140414238,0.06649992614985,-2.26907539367676,-0.72650527954102,0.06648261845112,-2.26909255981445,0.49776741232212,0.49178812609171,0.47526573101566
56.125,moving_to_left,1,-0.71903902292252,0.06401189416647,-2.27620244026184,-0.72651344537735,0.06649876385927,-2.26907539367676,-0.72650527954102,0.06648261845112,-2.26909255981445,0.50076835881495,0.49159407411062,0.47526573101566
56.25,moving_to_left,1,-0.71850711107254,0.0636915564537,-2.27606821060181,-0.72651290893555,0.06649778783321,-2.26907539367676,-0.72650527954102,0.06648261845112,-2.26909255981445,0.56589016571929,0.49152604569962,0.47526573101566
56.361,moving_to_left,1,-0.72012346982956,0.06856264919043,-2.27426266670227,-0.72651249170303,0.06649705767632,-2.26907539367676,-0.72650527954102,0.06648261845112,-2.26909255981445,0.50133602299124,0.49148044820115,0.47526573101566
56.486,moving_to_left,1,-0.71917945146561,0.06755421310663,-2.27473640441895,-0.72651195526123,0.06649618595839,-2.26907539367676,-0.72650527954102,0.06648261845112,-2.26909255981445,0.50165796337744,0.49142983500635,0.47526573101566
56.61,moving_to_left,1,-0.71991711854935,0.07475847005844,-2.27194476127625,-0.72651141881943,0.06649536639452,-2.26907539367676,-0.72650527954102,0.06648261845112,-2.26909255981445,0.51797704056423,0.49138692650231,0.47526573101566
56.722,moving_to_left,1,-0.71839159727097,0.06941645592451,-2.27319931983948,-0.72651094198227,0.06649467349052,-2.26907539367676,-0.72650527954102,0.06648261845112,-2.26909255981445,0.51383552011043,0.4914309252594,0.47526573101566
56.848,moving_to_left,1,-0.71626996994019,0.06537705659866,-2.27701306343079,-0.72651034593582,0.06649385392666,-2.26907539367676,-0.72650527954102,0.06648261845112,-2.26909255981445,0.50500942574829,0.49275946882132,0.47526573101566
56.973,moving_to_left,1,-0.7210459113121,0.0733815357089,-2.27213382720947,-0.72650980949402,0.0664931833744,-2.26907539367676,-0.72650527954102,0.06648261845112,-2.26909255981445,0.51041801684066,0.49259773091709,0.47526573101566
57.097,moving_to_left,1,-0.7049315571785,0.0222051050514,-2.30430150032043,-0.72650957107544,0.0664926096797,-2.26907539367676,-0.72650527954102,0.06648261845112,-2.26909255981445,0.53107489218122,0.49351906707089,0.47526573101566
57.221,moving_to_left,1,-0.7199604511261,0.07069504261017,-2.27403831481934,-0.72650957107544,0.06649200618267,-2.26907539367676,-0.72650527954102,0.06648261845112,-2.26909255981445,0.50411114106163,0.49440487981018,0.47526573101566
57.346,moving_to_left,1,-0.71792525053024,0.0688816383481,-2.27584385871887,-0.72650957107544,0.06649143993855,-2.26907539367676,-0.72650527954102,0.06648261845112,-2.26909255981445,0.5237267728513,0.49515448854433,0.47526573101566
57.473,moving_to_left,1,-0.71767657995224,0.0685501396656,-2.27493929862976,-0.72650957107544,0.0664908438921,-2.26907539367676,-0.72650527954102,0.06648261845112,-2.26909255981445,0.52074391111072,0.49689457339684,0.47526573101566
57.595,moving_to_left,1,-0.7178640961647,0.06193124130368,-2.2786271572113,-0.72650957107544,0.06649040430784,-2.26907539367676,-0.72650527954102,0.06648261845112,-2.26909255981445,0.48771025563013,0.49781672787798,0.47526573101566
57.72,moving_to_left,1,-0.71791869401932,0.06861301511526,-2.27496695518494,-0.72650957107544,0.06648993492126,-2.26907539367676,-0.72650527954102,0.06648261845112,-2.26909255981445,0.51401241963493,0.49870359854826,0.47526573101566
57.833,moving_to_left,1,-0.7181493639946,0.06465229392052,-2.2758264541626,-0.72650957107544,0.06648952513933,-2.26907539367676,-0.72650527954102,0.06648261845112,-2.26909255981445,0.49838540003922,0.49879961799141,0.47526573101566
57.958,moving_to_left,1,-0.72097593545914,0.06788966804743,-2.27304244041443,-0.72650957107544,0.06648912280798,-2.26907539367676,-0.72650527954102,0.06648261845112,-2.26909255981445,0.49020600560071,0.49889198876099,0.47526573101566
58.083,moving_to_left,1,-0.72178393602371,0.07125288248062,-2.27044367790222,-0.72650957107544,0.06648872047663,-2.26907539367676,-0.72650527954102,0.06648261845112,-2.26909255981445,0.5148293603027,0.49746085367031,0.47526573101566
58.194,moving_to_left,1,-0.72411745786667,0.07846094667912,-2.26455426216125,-0.72650957107544,0.0664883852005,-2.26907539367676,-0.72650527954102,0.06648261845112,-2.26909255981445,0.50267060483138,0.49626138992436,0.47526573101566
58.32,moving_to_left,1,-0.71769243478775,0.0622136592865,-2.27598786354065,-0.72650957107544,0.06648801267147,-2.26907539367676,-0.72650527954102,0.06648261845112,-2.26909255981445,0.49289405640837,0.4967916797051,0.47526573101566
58.431,moving_to_left,1,-0.71771246194839,0.06201088055968,-2.27503395080566,-0.72650957107544,0.06648771464825,-2.26907539367676,-0.72650527954102,0.06648261845112,-2.26909255981445,0.49615943085408,0.49516707989034,0.47526573101566
58.554,moving_to_left,1,-0.71696263551712,0.06009529903531,-2.27882218360901,-0.72650957107544,0.0664874240756,-2.26907539367676,-0.72650527954102,0.06648261845112,-2.26909255981445,0.49731191994354,0.49409155100161,0.47526573101566
58.679,moving_to_left,1,-0.71609944105148,0.05958147719502,-2.27771782875061,-0.72650957107544,0.0664871558547,-2.26907539367676,-0.72650527954102,0.06648261845112,-2.26909255981445,0.55187835052924,0.49295117904447,0.47526573101566
58.791,moving_to_left,1,-0.69726377725601,0.00161736086011,-2.31532168388367,-0.72650957107544,0.06648691743612,-2.26907539367676,-0.72650527954102,0.06648261845112,-2.26909255981445,0.50777007073016,0.49199585919063,0.47526573101566
58.918,moving_to_left,1,-0.71631735563278,0.06287226080894,-2.27645349502563,-0.72650957107544,0.0664866194129,-2.26907539367676,-0.72650527954102,0.06648261845112,-2.26909255981445,0.56353131050121,0.49148929938945,0.47526573101566
59.041,moving_to_left,1,-0.73185509443283,0.09954196214676,-2.24906182289124,-0.72650957107544,0.06648638099432,-2.26907539367676,-0.72650527954102,0.06648261845112,-2.26909255981445,0.50442892670561,0.49114650395414,0.47526573101566
59.153,moving_to_left,1,-0.71702075004578,0.06177181005478,-2.27803611755371,-0.72650957107544,0.06648617982864,-2.26907539367676,-0.72650527954102,0.06648261845112,-2.26909255981445,0.49312363900227,0.49081683588175,0.47526573101566
59.279,moving_to_left,1,-0.71693295240402,0.0600577108562,-2.27904748916626,-0.72650957107544,0.06648597866297,-2.26907539367676,-0.72650527954102,0.06648261845112,-2.26909255981445,0.48457764806976,0.4898750332842,0.47526573101566
59.389,moving_to_left,1,-0.71732234954834,0.06390338391066,-2.27609658241272,-0.72650957107544,0.06648579984903,-2.26907539367676,-0.72650527954102,0.06648261845112,-2.26909255981445,0.49342727721662,0.48908572744218,0.47526573101566
59.515,moving_to_left,1,-0.71543121337891,0.04591163620353,-2.28170299530029,-0.72650957107544,0.06648559868336,-2.26907539367676,-0.72650527954102,0.06648261845112,-2.26909255981445,0.54069912615074,0.48824822547272,0.47526573101566
59.625,moving_to_left,1,-0.7142841219902,0.05930778756738,-2.27959203720093,-0.72650957107544,0.06648541986942,-2.26907539367676,-0.72650527954102,0.06648261845112,-2.26909255981445,0.49947542859522,0.48778518061554,0.47526573101566
59.751,left,1,-0.72352820634842,0.08369936794043,-2.26171016693115,-0.72650957107544,0.06648524850607,-2.26907539367676,-0.72650527954102,0.06648261845112,-2.26909255981445,0.49817573176497,0.48757080649685,0.47526573101566
59.876,left,1,-0.71607261896133,0.06446528434753,-2.27691674232483,-0.72650957107544,0.06648511439562,-2.26907539367676,-0.72650527954102,0.06648261845112,-2.26909255981445,0.50252065721835,0.48799609043412,0.47526573101566
59.987,left,1,-0.72883200645447,0.0901075899601,-2.25584983825684,-0.72650957107544,0.06648499518633,-2.26907539367676,-0.72650527954102,0.06648261845112,-2.26909255981445,0.49071737144493,0.48858057066983,0.47526573101566
60.112,left,1,-0.71727108955383,0.06727255135775,-2.27461123466492,-0.72650957107544,0.06648486107588,-2.26907539367676,-0.72650527954102,0.06648261845112,-2.26909255981445,0.5006634223859,0.48914252365911,0.47526573101566
60.222,left,1,-0.71430730819702,0.05759608373046,-2.2810742855072,-0.72650957107544,0.06648475676775,-2.26907539367676,-0.72650527954102,0.06648261845112,-2.26909255981445,0.50157761800088,0.48937863877987,0.47526573101566
60.346,left,1,-0.70975428819656,0.03597607836127,-2.28927230834961,-0.72650957107544,0.0664846226573,-2.26907539367676,-0.72650527954102,0.06648261845112,-2.26909255981445,0.53107929838763,0.48964083610569,0.47526573101566
60.471,left,1,-0.68371391296387,0.06544252485037,-2.28999423980713,-0.72650957107544,0.06648448854685,-2.26907539367676,-0.72650527954102,0.06648261845112,-2.26909255981445,0.50490175004674,0.49004033273108,0.47526573101566
60.585,left,1,-0.72754663228989,0.09370134025812,-2.25480771064758,-0.72650957107544,0.0664843544364,-2.26907539367676,-0.72650527954102,0.06648261845112,-2.26909255981445,0.4963903946686,0.49028821265013,0.47526573101566
60.709,left,1,-0.7155779004097,0.0570893920958,-2.28143692016602,-0.72650957107544,0.06648422032595,-2.26907539367676,-0.72650527954102,0.06648261845112,-2.26909255981445,0.47811184968054,0.49049796492533,0.47526573101566
60.818,left,1,-0.71594721078873,0.06395699828863,-2.27672171592712,-0.72650957107544,0.06648416817188,-2.26907539367676,-0.72650527954102,0.06648261845112,-2.26909255981445,0.50264947658824,0.49063857228405,0.47526573101566
60.944,left,1,-0.71810179948807,0.06740822643042,-2.27366375923157,-0.72650957107544,0.06648410111666,-2.26907539367676,-0.72650527954102,0.06648261845112,-2.26909255981445,0.5037946376066,0.49089728457852,0.47526573101566
61.054,left,1,-0.71734809875488,0.06605299562216,-2.27468037605286,-0.72650957107544,0.06648404151201,-2.26907539367676,-0.72650527954102,0.06648261845112,-2.26909255981445,0.49876107935664,0.4910937590977,0.47526573101566
61.182,left,1,-0.70912951231003,0.0330807082355,-2.29085278511047,-0.72650957107544,0.06648396700621,-2.26907539367676,-0.72650527954102,0.06648261845112,-2.26909255981445,0.53059448170207,0.4908921937185,0.47526573101566
61.306,left,1,-0.71512526273727,0.06101202964783,-2.27880573272705,-0.72650957107544,0.06648389995098,-2.26907539367676,-0.72650527954102,0.06648261845112,-2.26909255981445,0.49441661520227,0.4911116002463,0.47526573101566
61.417,left,1,-0.71696925163269,0.06809878349304,-2.27341055870056,-0.72650957107544,0.06648384034634,-2.26907539367676,-0.72650527954102,0.06648261845112,-2.26909255981445,0.51185575572528,0.49127831628984,0.47526573101566
61.542,left,1,-0.71217030286789,0.05072950199246,-2.28586292266846,-0.72650957107544,0.06648377329111,-2.26907539367676,-0.72650527954102,0.06648261845112,-2.26909255981445,0.55721963592193,0.49106698789232,0.47526573101566
61.654,left,1,-0.71575397253036,0.06396544724703,-2.27637267112732,-0.72650957107544,0.06648371368647,-2.26907539367676,-0.72650527954102,0.06648261845112,-2.26909255981445,0.50138835926306,0.49021331066398,0.47526573101566
61.779,left,1,-0.7160832285881,0.06307208538055,-2.27661871910095,-0.72650957107544,0.06648364663124,-2.26907539367676,-0.72650527954102,0.06648261845112,-2.26909255981445,0.50539082938307,0.49041660808283,0.47526573101566
61.903,left,1,-0.71086329221725,0.03739595785737,-2.28745412826538,-0.72650957107544,0.06648357957602,-2.26907539367676,-0.72650527954102,0.06648261845112,-2.26909255981445,0.52517719852842,0.49097117869628,0.47526573101566
62.015,left,1,-0.71659141778946,0.0647911503911,-2.27596759796143,-0.72650957107544,0.06648351997137,-2.26907539367676,-0.72650527954102,0.06648261845112,-2.26909255981445,0.49962895975462,0.49139228747364,0.47526573101566
62.138,left,1,-0.71695643663406,0.06302722543478,-2.27791953086853,-0.72650957107544,0.06648346036673,-2.26907539367676,-0.72650527954102,0.06648261845112,-2.26909255981445,0.48885734514327,0.49175545915925,0.47526573101566
62.251,left,1,-0.71215397119522,0.05614565685391,-2.28348803520203,-0.72650957107544,0.0664833933115,-2.26907539367676,-0.72650527954102,0.06648261845112,-2.26909255981445,0.56634296967472,0.49172188216526,0.47526573101566
62.376,left,1,-0.71556013822556,0.04698890447617,-2.28099203109741,-0.72650957107544,0.06648332625628,-2.26907539367676,-0.72650527954102,0.06648261845112,-2.26909255981445,0.54376978346498,0.49207620455938,0.47526573101566
62.486,left,1,-0.71560955047607,0.05472438037395,-2.28369975090027,-0.72568017244339,0.06500711292028,-2.26997876167297,-0.72650527954102,0.06648261845112,-2.26909255981445,0.46966729152043,0.49521985885206,0.47526573101566
62.612,left,1,-0.71552759408951,0.06174117326736,-2.27913856506348,-0.72581970691681,0.06525654345751,-2.26982879638672,-0.72650527954102,0.06648261845112,-2.26909255981445,0.49728965011628,0.4934981617624,0.47526573101566
62.734,left,1,-0.71585822105408,0.06343618035316,-2.276371717453,-0.72591406106949,0.06542536616325,-2.26972723007202,-0.72650527954102,0.06648261845112,-2.26909255981445,0.4980043642562,0.49251327419214,0.47526573101566
62.849,left,1,-0.7174289226532,0.0694380030036,-2.27264952659607,-0.72600483894348,0.06558767706156,-2.26962971687317,-0.72650527954102,0.06648261845112,-2.26909255981445,0.50604488073438,0.49171479109441,0.47526573101566
62.971,left,1,-0.70549470186234,0.02584936469793,-2.29869484901428,-0.72607356309891,0.06571091711521,-2.26955556869507,-0.72650527954102,0.06648261845112,-2.26909255981445,0.51643576846772,0.49133876767948,0.47526573101566
63.084,left,1,-0.71381336450577,0.05653515085578,-2.28069305419922,-0.72609966993332,0.06575767695904,-2.26952767372131,-0.72650527954102,0.06648261845112,-2.26909255981445,0.56755615951083,0.49097725654617,0.47526573101566
63.207,left,1,-0.71770882606506,0.06852123886347,-2.27283644676209,-0.72612154483795,0.06579684466124,-2.26950430870056,-0.72650527954102,0.06648261845112,-2.26909255981445,0.51019263164329,0.49070262272727,0.47526573101566
63.32,left,1,-0.72835320234299,0.08982262760401,-2.25624012947083,-0.72614479064941,0.06583840399981,-2.26947927474976,-0.72650527954102,0.06648261845112,-2.26909255981445,0.488901982013,0.49050716508922,0.47526573101566
63.445,left,1,-0.71544861793518,0.06323560327291,-2.27731585502625,-0.72616666555405,0.06587743014097,-2.26945567131042,-0.72650527954102,0.06648261845112,-2.26909255981445,0.50366693056658,0.49150730006214,0.47526573101566
63.568,left,1,-0.71049648523331,0.03845251724124,-2.28693294525146,-0.72618496417999,0.06591013073921,-2.26943635940552,-0.72650527954102,0.06648261845112,-2.26909255981445,0.53180804166452,0.49170679183134,0.47526573101566
63.681,left,1,-0.71326476335526,0.0427682287991,-2.28330326080322,-0.72620433568954,0.06594482064247,-2.26941537857056,-0.72650527954102,0.06648261845112,-2.26909255981445,0.54207609652533,0.49189857706003,0.47526573101566
63.792,left,1,-0.71395254135132,0.05867546796799,-2.2806179523468,-0.72622060775757,0.06597388535738,-2.26939821243286,-0.72650527954102,0.06648261845112,-2.26909255981445,0.49400263951247,0.49204420186526,0.47526573101566
63.917,left,1,-0.71390563249588,0.05721844732761,-2.28037762641907,-0.72623783349991,0.06600470840931,-2.26937961578369,-0.72650527954102,0.06648261845112,-2.26909255981445,0.49761018475661,0.4910280047807,0.47526573101566
64.028,left,1,-0.71641474962234,0.06334593892097,-2.27745032310486,-0.72625231742859,0.06603054702282,-2.26936435699463,-0.72650527954102,0.06648261845112,-2.26909255981445,0.50910173029282,0.49077422199388,0.47526573101566
64.154,left,1,-0.71585482358932,0.06444376707077,-2.27644944190979,-0.7262676358223,0.06605793535709,-2.26934742927551,-0.72650527954102,0.06648261845112,-2.26909255981445,0.50351825722933,0.49053031277209,0.47526573101566
64.277,left,1,-0.71725827455521,0.06654480099678,-2.27441477775574,-0.72628045082092,0.06608088314533,-2.26933407783508,-0.72650527954102,0.06648261845112,-2.26909255981445,0.50382646181243,0.49034509305298,0.47526573101566
64.389,left,1,-0.71682977676392,0.06411042064428,-2.27575206756592,-0.72629410028458,0.06610521674156,-2.2693190574646,-0.72650527954102,0.06648261845112,-2.26909255981445,0.49802556845577,0.49073198332482,0.47526573101566
64.502,left,1,-0.72610574960709,0.08786908537149,-2.25754141807556,-0.72630554437637,0.06612561643124,-2.26930713653564,-0.72650527954102,0.06648261845112,-2.26909255981445,0.49394682281982,0.49102576250165,0.47526573101566
64.625,left,1,-0.71722310781479,0.06469195336103,-2.2758424282074,-0.72631764411926,0.06614725291729,-2.26929426193237,-0.72650527954102,0.06648261845112,-2.26909255981445,0.50155027733931,0.49130815727967,0.47526573101566
64.749,left,1,-0.70956748723984,0.03354263678193,-2.29211688041687,-0.72632777690887,0.06616538017988,-2.26928281784058,-0.72650527954102,0.06648261845112,-2.26909255981445,0.53274809771425,0.49135364968334,0.47526573101566
64.86,left,1,-0.70038849115372,0.00681424280629,-2.31396508216858,-0.72633737325668,0.06618254631758,-2.26927304267883,-0.72650527954102,0.06648261845112,-2.26909255981445,0.50933163603257,0.49139279226388,0.47526573101566
64.973,left,1,-0.71309298276901,0.05361649766564,-2.28544425964355,-0.7263475060463,0.06620072573423,-2.26926231384277,-0.72650527954102,0.06648261845112,-2.26909255981445,0.4922596734363,0.49109365397685,0.47526573101566
65.097,left,1,-0.71499562263489,0.05881275609136,-2.28119707107544,-0.72521889209747,0.0651361271739,-2.27064085006714,-0.72650527954102,0.06648261845112,-2.26909255981445,0.49846992426415,0.49023840600591,0.47526573101566
65.209,left,1,-0.71636551618576,0.06294048577547,-2.27794528007507,-0.72413390874863,0.06411264836788,-2.27196669578552,-0.72650527954102,0.06648261845112,-2.26909255981445,0.49695799590543,0.48933157564108,0.47526573101566
65.332,left,1,-0.72894525527954,0.09616071730852,-2.25227022171021,-0.72390061616898,0.06389697641134,-2.27225255966187,-0.72650527954102,0.06648261845112,-2.26909255981445,0.495731139391,0.48857137056011,0.47526573101566
65.459,left,1,-0.71513915061951,0.06064012274146,-2.28023314476013,-0.72434103488922,0.06433407217264,-2.27171802520752,-0.72650527954102,0.06648261845112,-2.26909255981445,0.48996828298944,0.48876529972478,0.47526573101566
65.584,left,1,-0.70076513290405,0.00799028016627,-2.31210899353027,-0.72467321157455,0.06466390192509,-2.27131509780884,-0.72650527954102,0.06648261845112,-2.26909255981445,0.51320597725929,0.48794729843911,0.47526573101566
65.695,left,1,-0.71539372205734,0.06386049836874,-2.2768886089325,-0.72492551803589,0.06491433084011,-2.27100944519043,-0.72650527954102,0.06648261845112,-2.26909255981445,0.50270165611959,0.48819122037014,0.47526573101566
65.818,left,1,-0.71722370386124,0.06840520352125,-2.27334380149841,-0.72514301538467,0.06513028591871,-2.27074551582336,-0.72650527954102,0.06648261845112,-2.26909255981445,0.51080799605645,0.48827182529376,0.47526573101566
65.931,left,1,-0.71749091148376,0.06640114635229,-2.27433395385742,-0.72535210847855,0.06533791124821,-2.2704918384552,-0.72650527954102,0.06648261845112,-2.26909255981445,0.49291803173626,0.48889838291668,0.47526573101566
66.055,left,1,-0.7196307182312,0.07194164395332,-2.27161860466003,-0.72551101446152,0.06549553573132,-2.27029919624329,-0.72650527954102,0.06648261845112,-2.26909255981445,0.51503763160499,0.48937415793857,0.47526573101566
66.165,left,1,-0.71466046571732,0.05948032066226,-2.27982330322266,-0.72564792633057,0.06563145667315,-2.27013325691223,-0.72650527954102,0.06648261845112,-2.26909255981445,0.50168119893672,0.49047985913945,0.47526573101566
66.292,left,1,-0.72725123167038,0.091538220644,-2.25504946708679,-0.72579288482666,0.06577534228563,-2.26995730400085,-0.72650527954102,0.06648261845112,-2.26909255981445,0.49490841505239,0.49165041797035,0.47526573101566
66.402,left,1,-0.71375322341919,0.05986703932285,-2.2796151638031,-0.72587954998016,0.06586132198572,-2.26985239982605,-0.72650527954102,0.06648261845112,-2.26909255981445,0.5064658682802,0.49235012528264,0.47526573101566
66.528,left,1,-0.71815460920334,0.06640666723251,-2.27412390708923,-0.72597920894623,0.06596034765244,-2.26973104476929,-0.72650527954102,0.06648261845112,-2.26909255981445,0.49981129912713,0.49120431703446,0.47526573101566
66.638,left,1,-0.71528023481369,0.06033053994179,-2.27931094169617,-0.72600418329239,0.0659851282835,-2.26970076560974,-0.72650527954102,0.06648261845112,-2.26909255981445,0.49104370877117,0.49112543901229,0.47526573101566
66.764,left,1,-0.71056693792343,0.03926894441247,-2.28620171546936,-0.72603780031204,0.06601849943399,-2.26965975761414,-0.72650527954102,0.06648261845112,-2.26909255981445,0.52304957131416,0.49122610618859,0.47526573101566
66.874,left,1,-0.71515369415283,0.05970869958401,-2.28080439567566,-0.7260599732399,0.06604051589966,-2.26963305473328,-0.72650527954102,0.06648261845112,-2.26909255981445,0.49035149177271,0.49164852464319,0.47526573101566
67.002,left,1,-0.71522933244705,0.06286414712667,-2.27796578407288,-0.72608989477158,0.06607017666101,-2.26959681510925,-0.72650527954102,0.06648261845112,-2.26909255981445,0.50157593886946,0.49054980345303,0.47526573101566
67.125,left,1,-0.72979325056076,0.09608847647905,-2.25142455101013,-0.72611510753632,0.06609515845776,-2.26956629753113,-0.72650527954102,0.06648261845112,-2.26909255981445,0.49786556527397,0.4896238242329,0.47526573101566
67.236,left,1,-0.71101599931717,0.03925381600857,-2.28665089607239,-0.7261335849762,0.06611353904009,-2.26954388618469,-0.72650527954102,0.06648261845112,-2.26909255981445,0.53213603961504,0.48894261670596,0.47526573101566
67.36,left,1,-0.71749114990234,0.06543585658073,-2.27511882781982,-0.72615611553192,0.06613589823246,-2.2695164680481,-0.72650527954102,0.06648261845112,-2.26909255981445,0.50275087440817,0.48935869228639,0.47526573101566
67.473,left,1,-0.71606999635696,0.0626183450222,-2.27718281745911,-0.72617727518082,0.06615690886974,-2.26949071884155,-0.72650527954102,0.06648261845112,-2.26909255981445,0.50128910258253,0.48971123269124,0.47526573101566
67.596,left,1,-0.71483254432678,0.06219276785851,-2.27791476249695,-0.72619503736496,0.06617449969053,-2.26946949958801,-0.72650527954102,0.06648261845112,-2.26909255981445,0.50201298905723,0.48995431096,0.47526573101566
67.708,left,1,-0.71421390771866,0.05903152748942,-2.28109931945801,-0.72621184587479,0.06619114428759,-2.26944899559021,-0.72650527954102,0.06648261845112,-2.26909255981445,0.4974893908346,0.490163901938,0.47526573101566
67.82,left,1,-0.71364504098892,0.05819906666875,-2.28156113624573,-0.72622960805893,0.0662088021636,-2.26942753791809,-0.72650527954102,0.06648261845112,-2.26909255981445,0.5006080726095,0.49043452805772,0.47526573101566
67.946,left,1,-0.71552437543869,0.05673043057323,-2.28330898284912,-0.72624629735947,0.06622539460659,-2.26940727233887,-0.72650527954102,0.06648261845112,-2.26909255981445,0.48202494830768,0.49066371844599,0.47526573101566
68.056,left,1,-0.71395808458328,0.05742701515555,-2.28188395500183,-0.72626030445099,0.06623929738998,-2.26939010620117,-0.72650527954102,0.06648261845112,-2.26909255981445,0.49229143214848,0.49044969916476,0.47526573101566
68.182,left,1,-0.71568483114243,0.06364544481039,-2.27783679962158,-0.72627508640289,0.0662540346384,-2.26937222480774,-0.72650527954102,0.06648261845112,-2.26909255981445,0.50235915970284,0.49024395274824,0.47526573101566
68.304,left,1,-0.713454246521,0.05702227726579,-2.28207802772522,-0.72628754377365,0.06626638770103,-2.26935696601868,-0.72650527954102,0.06648261845112,-2.26909255981445,0.49012238202919,0.49008774472374,0.47526573101566
68.417,left,1,-0.71871596574783,0.06799898296595,-2.27696442604065,-0.72630071640015,0.06627948582172,-2.26934099197388,-0.72650527954102,0.06648261845112,-2.26909255981445,0.52913776024905,0.48918996020381,0.47526573101566
68.542,left,1,-0.71701163053513,0.06470196694136,-2.27574372291565,-0.72631311416626,0.06629179418087,-2.26932597160339,-0.72650527954102,0.06648261845112,-2.26909255981445,0.50121043634846,0.48834619098941,0.47526573101566
68.651,left,1,-0.71604138612747,0.06425892561674,-2.27597594261169,-0.72632223367691,0.0663008466363,-2.2693145275116,-0.72650527954102,0.06648261845112,-2.26909255981445,0.50593151721069,0.48880737540856,0.47526573101566
68.779,left,1,-0.71601647138596,0.06397511065006,-2.2761652469635,-0.72633451223373,0.06631305068731,-2.26930022239685,-0.72650527954102,0.06648261845112,-2.26909255981445,0.50307568691117,0.48937080073587,0.47526573101566
68.888,left,1,-0.71552163362503,0.06129141524434,-2.27883410453796,-0.72634261846542,0.06632108986378,-2.26929020881653,-0.72650527954102,0.06648261845112,-2.26909255981445,0.4993012807392,0.48976200357535,0.47526573101566
69.015,left,1,-0.71448737382889,0.04751361533999,-2.28040480613709,-0.72635352611542,0.06633193045855,-2.2692768573761,-0.72650527954102,0.06648261845112,-2.26909255981445,0.54046749308677,0.49023986979619,0.47526573101566
69.138,left,1,-0.71543079614639,0.04993020370603,-2.27829480171204,-0.72636169195175,0.06634006649256,-2.26926732063293,-0.72650527954102,0.06648261845112,-2.26909255981445,0.54043003926836,0.49056316188382,0.47526573101566
69.25,left,1,-0.71570205688477,0.05007813870907,-2.27830028533936,-0.72637039422989,0.06634870171547,-2.26925659179688,-0.72650527954102,0.06648261845112,-2.26909255981445,0.53937100783907,0.49087422116556,0.47526573101566
69.36,left,1,-0.71423077583313,0.05766789615154,-2.28036713600159,-0.72556871175766,0.06512279063463,-2.26993370056152,-0.72650527954102,0.06648261845112,-2.26909255981445,0.56178770167605,0.49383089816432,0.47526573101566
69.486,left,1,-0.70896977186203,0.03435742482543,-2.28999829292297,-0.72562545537949,0.06520517915487,-2.26988291740417,-0.72650527954102,0.06648261845112,-2.26909255981445,0.52717918875494,0.49711007414584,0.47526573101566
69.596,left,1,-0.71246749162674,0.04004649445415,-2.28483510017395,-0.72544974088669,0.06493977457285,-2.27002429962158,-0.72650527954102,0.06648261845112,-2.26909255981445,0.53114945588491,0.50561698929316,0.54043009037859
69.709,left,1,-0.72899597883224,0.09441438317299,-2.25284767150879,-0.72551375627518,0.0650332570076,-2.26996779441834,-0.72650527954102,0.06648261845112,-2.26909255981445,0.49628453980625,0.51378112516836,0.54043009037859
69.831,left,1,-0.71651965379715,0.06231121346354,-2.27750420570374,-0.72556734085083,0.06511157006025,-2.26992058753967,-0.72650527954102,0.06648261845112,-2.26909255981445,0.56481144915153,0.51939651670947,0.54043009037859
69.959,left,1,-0.71435183286667,0.05097318813205,-2.28637671470642,-0.72572588920593,0.06534334272146,-2.26978087425232,-0.72650527954102,0.06648261845112,-2.26909255981445,0.46381834072922,0.52520120380275,0.54043009037859
70.068,left,1,-0.71658325195313,0.05926957726479,-2.28090739250183,-0.72475755214691,0.06348002701998,-2.27088928222656,-0.72650527954102,0.06648261845112,-2.26909255981445,0.49758964883896,0.52623552792972,0.54043009037859
70.193,left,1,-0.71500211954117,0.05978154018521,-2.28138136863709,-0.7250257730484,0.06394097954035,-2.27061295509338,-0.72650527954102,0.06648261845112,-2.26909255981445,0.5080941277791,0.52431871180819,0.54043009037859
70.306,left,1,-0.68163520097733,0.05620689317584,-2.29707670211792,-0.72525292634964,0.06433116644621,-2.27037954330444,-0.72650527954102,0.06648261845112,-2.26909255981445,0.53272698849732,0.52269610739463,0.54043009037859
70.431,left,1,-0.73361366987228,0.11289634555578,-2.24695467948914,-0.72544515132904,0.06466145068407,-2.27018141746521,-0.72650527954102,0.06648261845112,-2.26909255981445,0.5429826364448,0.52232697020732,0.54043009037859
70.541,left,1,-0.71447771787643,0.04490975663066,-2.28225135803223,-0.72557407617569,0.06488286703825,-2.27004861831665,-0.72650527954102,0.06648261845112,-2.26909255981445,0.53242345413597,0.52207963096708,0.54043009037859
70.664,left,1,-0.71709370613098,0.06516476720572,-2.27629590034485,-0.72571700811386,0.06512844562531,-2.2699019908905,-0.72650527954102,0.06648261845112,-2.26909255981445,0.50255184168495,0.52180524810404,0.54043009037859
70.779,left,1,-0.71804237365723,0.06733769923449,-2.27438521385193,-0.72583794593811,0.0653363391757,-2.26977777481079,-0.72650527954102,0.06648261845112,-2.26909255981445,0.50233272521962,0.52157303187066,0.54043009037859
70.901,left,1,-0.71491122245789,0.05882384255528,-2.28065657615662,-0.72592979669571,0.06549417227507,-2.26968336105347,-0.72650527954102,0.06648261845112,-2.26909255981445,0.49145108756582,0.52092093429122,0.54043009037859
71.015,left,1,-0.69758081436157,0.00110495276749,-2.31769490242004,-0.72601807117462,0.06564592570066,-2.26959252357483,-0.72650527954102,0.06648261845112,-2.26909255981445,0.50933371729253,0.52029421758531,0.54043009037859
71.139,left,1,-0.70021384954453,0.00685162423179,-2.31286358833313,-0.72607332468033,0.06574080884457,-2.26953601837158,-0.72650527954102,0.06648261845112,-2.26909255981445,0.51170796457103,0.51870284938675,0.54043009037859
71.251,left,1,-0.71538949012756,0.06177222728729,-2.27808856964111,-0.72609663009644,0.06578090041876,-2.26951193809509,-0.72650527954102,0.06648261845112,-2.26909255981445,0.50212692127831,0.51749423354282,0.54043009037859
71.376,left,1,-0.7171636223793,0.06065298616886,-2.28023958206177,-0.72612136602402,0.06582342088223,-2.26948618888855,-0.72650527954102,0.06648261845112,-2.26909255981445,0.47100273383543,0.51735326620726,0.54043009037859
71.499,left,1,-0.72662514448166,0.09080161899328,-2.25612807273865,-0.7261421084404,0.06585904210806,-2.26946520805359,-0.72650527954102,0.06648261845112,-2.26909255981445,0.48546013711132,0.51633024729319,0.54043009037859
71.612,left,1,-0.68031388521194,0.05533701181412,-2.29582023620605,-0.72616410255432,0.06589681655169,-2.26944255828857,-0.72650527954102,0.06648261845112,-2.26909255981445,0.52496998245734,0.5163678335566,0.54043009037859
71.724,left,1,-0.71248346567154,0.05276064202189,-2.28536295890808,-0.7261825799942,0.06592847406864,-2.26942348480225,-0.72650527954102,0.06648261845112,-2.26909255981445,0.491034801339,0.51639652971882,0.54043009037859
71.849,left,1,-0.71572250127792,0.0614019446075,-2.27871251106262,-0.72620207071304,0.06596205383539,-2.26940369606018,-0.72650527954102,0.06648261845112,-2.26909255981445,0.5019816191616,0.51642410226403,0.54043009037859
71.973,left,1,-0.72786903381348,0.09216174483299,-2.25443196296692,-0.72622042894363,0.06599359959364,-2.26938438415527,-0.72650527954102,0.06648261845112,-2.26909255981445,0.50225517665775,0.51643325855785,0.54043009037859
72.082,left,1,-0.71805620193481,0.06674619019032,-2.27500152587891,-0.726233959198,0.0660168081522,-2.26937103271484,-0.72650527954102,0.06648261845112,-2.26909255981445,0.49806562930561,0.51643953157445,0.54043009037859
72.195,left,1,-0.71448916196823,0.05454986914992,-2.28491854667664,-0.72625041007996,0.06604503840208,-2.26935386657715,-0.72650527954102,0.06648261845112,-2.26909255981445,0.48156862829799,0.51644639231612,0.54043009037859
72.318,left,1,-0.71357226371765,0.05982597544789,-2.2806978225708,-0.7262641787529,0.0660686865449,-2.26934003829956,-0.72650527954102,0.06648261845112,-2.26909255981445,0.46836224773286,0.51645167832491,0.54043009037859
72.43,left,1,-0.71359175443649,0.04314073547721,-2.28433632850647,-0.7262772321701,0.06609105318785,-2.26932668685913,-0.72650527954102,0.06648261845112,-2.26909255981445,0.5175689032699,0.51645626942978,0.54043009037859
72.554,left,1,-0.71626853942871,0.06423231959343,-2.27678894996643,-0.72629100084305,0.06611477583647,-2.26931214332581,-0.72650527954102,0.06648261845112,-2.26909255981445,0.50075192826231,0.5160861719807,0.54043009037859
72.667,left,1,-0.71632117033005,0.06497257947922,-2.27651238441467,-0.72630405426025,0.06613706052303,-2.26929926872253,-0.72650527954102,0.06648261845112,-2.26909255981445,0.5057799759938,0.51602982201792,0.54043009037859
72.79,left,1,-0.71477252244949,0.05664645507932,-2.28303718566895,-0.7263149023056,0.06615573912859,-2.26928782463074,-0.72650527954102,0.06648261845112,-2.26909255981445,0.47354949128067,0.5159869861523,0.54043009037859
72.918,left,1,-0.71207571029663,0.05015178397298,-2.28635048866272,-0.72632765769958,0.06617765873671,-2.26927471160889,-0.72650527954102,0.06648261845112,-2.26909255981445,0.55303803082951,0.51594168177025,0.54043009037859
73.026,left,1,-0.72805482149124,0.09324506670237,-2.2539689540863,-0.7263360619545,0.06619212776423,-2.26926636695862,-0.72650527954102,0.06648261845112,-2.26909255981445,0.49689870944033,0.51591456383753,0.54043009037859
73.153,left,1,-0.71563178300858,0.06234839558601,-2.27897238731384,-0.72634744644165,0.06621161103249,-2.26925444602966,-0.72650527954102,0.06648261845112,-2.26909255981445,0.50143648084992,0.51588128006301,0.54043009037859
73.278,left,1,-0.71565538644791,0.06330528855324,-2.27822613716125,-0.72635698318481,0.06622803211212,-2.26924443244934,-0.72650527954102,0.06648261845112,-2.26909255981445,0.5024434298332,0.51592179794316,0.54043009037859
73.389,left,1,-0.71544736623764,0.06122568622231,-2.27956032752991,-0.72636502981186,0.0662417858839,-2.26923680305481,-0.72650527954102,0.06648261845112,-2.26909255981445,0.5017233719137,0.51595243871511,0.54043009037859
73.516,left,1,-0.71570819616318,0.06221173703671,-2.27895402908325,-0.72637355327606,0.06625638902187,-2.26922821998596,-0.72650527954102,0.06648261845112,-2.26909255981445,0.50675135101158,0.51598212885129,0.54043009037859
73.638,left,1,-0.71609646081924,0.06228592991829,-2.27838158607483,-0.72638070583344,0.06626861542463,-2.26922059059143,-0.72650527954102,0.06648261845112,-2.26909255981445,0.49987795615574,0.51600478877669,0.54043009037859
73.75,left,1,-0.71451646089554,0.05569700524211,-2.28362941741943,-0.72638821601868,0.06628157943487,-2.26921224594116,-0.72650527954102,0.06648261845112,-2.26909255981445,0.4755929563304,0.51602640984395,0.54043009037859
73.875,left,1,-0.72767478227615,0.08976250886917,-2.25693225860596,-0.72639524936676,0.06629376113415,-2.26920580863953,-0.72650527954102,0.06648261845112,-2.26909255981445,0.49587270288421,0.51607170376662,0.54043009037859
73.985,left,1,-0.71418905258179,0.05891226604581,-2.28074479103088,-0.7264004945755,0.06630271673203,-2.26920080184937,-0.72650527954102,0.06648261845112,-2.26909255981445,0.49789466369538,0.5159625526094,0.54043009037859
74.112,left,1,-0.71531122922897,0.06239625439048,-2.27856779098511,-0.72640758752823,0.06631478667259,-2.26919364929199,-0.72650527954102,0.06648261845112,-2.26909255981445,0.50391553947244,0.51582933626605,0.54043009037859
74.221,left,1,-0.71665614843369,0.06435044854879,-2.27761173248291,-0.72641217708588,0.06632276624441,-2.26918864250183,-0.72650527954102,0.06648261845112,-2.26909255981445,0.50250531828487,0.51574982338252,0.54043009037859
74.348,left,1,-0.71635913848877,0.06242686137557,-2.27864003181458,-0.72641843557358,0.06633346527815,-2.26918148994446,-0.72650527954102,0.06648261845112,-2.26909255981445,0.50362021914914,0.5160776069047,0.54043009037859
74.457,left,1,-0.71407079696655,0.05798421800137,-2.28136992454529,-0.72642260789871,0.06634055823088,-2.26917719841003,-0.72650527954102,0.06648261845112,-2.26909255981445,0.49795659475291,0.51625103007063,0.54043009037859
74.57,left,1,-0.72821027040482,0.09413471072912,-2.25394034385681,-0.72642755508423,0.06634916365147,-2.26917290687561,-0.72650527954102,0.06648261845112,-2.26909255981445,0.49938876852449,0.51647188366547,0.54043009037859
74.693,left,1,-0.71423989534378,0.05080236122012,-2.28656196594238,-0.72643184661865,0.06635637581348,-2.26916909217834,-0.72650527954102,0.06648261845112,-2.26909255981445,0.47432727445112,0.51661400412321,0.54043009037859
74.805,left,1,-0.72625583410263,0.08667954802513,-2.25865840911865,-0.72643572092056,0.06636319309473,-2.26916527748108,-0.72650527954102,0.06648261845112,-2.26909255981445,0.48674186753628,0.51673654821153,0.54043009037859
74.917,left,1,-0.7163320183754,0.06259527057409,-2.27810049057007,-0.72644001245499,0.06637042760849,-2.26916098594666,-0.72650527954102,0.06648261845112,-2.26909255981445,0.51611550770003,0.51685453416553,0.54043009037859
75.043,left,1,-0.71447199583054,0.05728217959404,-2.28145480155945,-0.7264438867569,0.06637722253799,-2.26915669441223,-0.72650527954102,0.06648261845112,-2.26909255981445,0.49937268521445,0.51641318982549,0.54043009037859
75.167,left,1,-0.73106461763382,0.09649161249399,-2.25162649154663,-0.72644764184952,0.06638361513615,-2.26915240287781,-0.72650527954102,0.06648261845112,-2.26909255981445,0.54695602541931,0.51617452309085,0.54043009037859
75.279,left,1,-0.71571105718613,0.06256770342588,-2.27941870689392,-0.72645074129105,0.06638896465302,-2.26914858818054,-0.72650527954102,0.06648261845112,-2.26909255981445,0.50324025797544,0.51748535058965,0.54043009037859
75.388,left,1,-0.71596604585648,0.06201241537929,-2.27980303764343,-0.72645324468613,0.06639340519905,-2.26914525032043,-0.72650527954102,0.06648261845112,-2.26909255981445,0.49754348004482,0.51745931616282,0.54043009037859
75.514,left,1,-0.71292114257813,0.06142345070839,-2.27947664260864,-0.72645682096481,0.06639938801527,-2.26914215087891,-0.72650527954102,0.06648261845112,-2.26909255981445,0.47825178153465,0.51742731155049,0.54043009037859
75.625,left,1,-0.71756315231323,0.06055387854576,-2.28069376945496,-0.72645944356918,0.06640388816595,-2.26914024353027,-0.72650527954102,0.06648261845112,-2.26909255981445,0.47376530938721,0.51691678378688,0.54043009037859
75.748,left,1,-0.71310186386108,0.05219423770905,-2.28549742698669,-0.72646182775497,0.06640814989805,-2.26913833618164,-0.72650527954102,0.06648261845112,-2.26909255981445,0.55637385837832,0.51647660786425,0.54043009037859
75.86,left,1,-0.72890347242355,0.09449830651283,-2.25357151031494,-0.72646421194077,0.06641217321157,-2.26913642883301,-0.72650527954102,0.06648261845112,-2.26909255981445,0.48336924196979,0.51609703260823,0.54043009037859
75.984,left,1,-0.71305751800537,0.05464712902904,-2.28327059745789,-0.72646683454514,0.06641644239426,-2.2691342830658,-0.72650527954102,0.06648261845112,-2.26909255981445,0.56330456453219,0.51573196196149,0.54043009037859
76.096,left,1,-0.71514827013016,0.06013685464859,-2.28081893920898,-0.72646874189377,0.06642001867294,-2.26913237571716,-0.72650527954102,0.06648261845112,-2.26909255981445,0.49797806535498,0.51380047658462,0.54043009037859
76.222,left,1,-0.71132069826126,0.0388659350574,-2.28814005851746,-0.72647088766098,0.06642381101847,-2.26913022994995,-0.72650527954102,0.06648261845112,-2.26909255981445,0.49392346107267,0.51382959454982,0.54043009037859
76.334,left,1,-0.71602010726929,0.0625990703702,-2.27838587760925,-0.72647303342819,0.06642737239599,-2.26912808418274,-0.72650527954102,0.06648261845112,-2.26909255981445,0.49894362567445,0.51385419927969,0.54043009037859
76.444,left,1,-0.71598464250565,0.06352456659079,-2.27817177772522,-0.72647470235825,0.06642999500036,-2.26912641525269,-0.72650527954102,0.06648261845112,-2.26909255981445,0.49930277442729,0.51387072270162,0.54043009037859
76.568,left,1,-0.71480113267899,0.05692183598876,-2.28205537796021,-0.72647643089294,0.06643319129944,-2.26912426948547,-0.72650527954102,0.06648261845112,-2.26909255981445,0.50481896556648,0.51388913899097,0.54043009037859
76.693,left,1,-0.71524840593338,0.05950300768018,-2.28047633171082,-0.72647804021835,0.06643618643284,-2.26912212371826,-0.72650527954102,0.06648261845112,-2.26909255981445,0.49933054085208,0.51390459082612,0.54043009037859
76.807,left,1,-0.71443301439285,0.05359840020537,-2.28466153144836,-0.72647964954376,0.0664390027523,-2.26911997795105,-0.72650527954102,0.06648261845112,-2.26909255981445,0.47697885923816,0.5140469273599,0.54043009037859
76.917,left,1,-0.71446627378464,0.05819791555405,-2.28050422668457,-0.72648108005524,0.06644136458635,-2.26911807060242,-0.72650527954102,0.06648261845112,-2.26909255981445,0.56031241927852,0.51415497385863,0.54043009037859
77.028,left,1,-0.71663355827332,0.06259547919035,-2.27816605567932,-0.72648251056671,0.06644359230995,-2.26911616325378,-0.72650527954102,0.06648261845112,-2.26909255981445,0.50084091460778,0.51424838641636,0.54043009037859
77.153,left,1,-0.71582108736038,0.05116523429751,-2.27895927429199,-0.72648400068283,0.06644596159458,-2.26911401748657,-0.72650527954102,0.06648261845112,-2.26909255981445,0.52359859471763,0.51433830205714,0.54043009037859
77.262,left,1,-0.71618181467056,0.05640578269958,-2.28377032279968,-0.72648483514786,0.06644770503044,-2.26911234855652,-0.72650527954102,0.06648261845112,-2.26909255981445,0.47828427874927,0.51439857067912,0.54043009037859
77.376,left,1,-0.71653491258621,0.06324603408575,-2.27696657180786,-0.72615349292755,0.06612561643124,-2.26958417892456,-0.72650527954102,0.06648261845112,-2.26909255981445,0.49738809339203,0.51245291067751,0.54043009037859
77.5,left,1,-0.71644878387451,0.06442084908485,-2.27647662162781,-0.72617483139038,0.06614725291729,-2.26955437660217,-0.72650527954102,0.06648261845112,-2.26909255981445,0.49813358976548,0.51296292284755,0.54043009037859
77.611,left,1,-0.71030402183533,0.05002412572503,-2.28621554374695,-0.72619050741196,0.06616316735744,-2.26953268051147,-0.72650527954102,0.06648261845112,-2.26909255981445,0.45011703380029,0.5133046431904,0.54043009037859
77.737,left,1,-0.71670192480087,0.06447460502386,-2.27566576004028,-0.72621166706085,0.06618462502956,-2.26950311660767,-0.72650527954102,0.06648261845112,-2.26909255981445,0.49936956464319,0.51134710394261,0.54043009037859
77.849,left,1,-0.71548014879227,0.05919504165649,-2.28028464317322,-0.72622752189636,0.06620072573423,-2.26948070526123,-0.72650527954102,0.06648261845112,-2.26909255981445,0.49217727145576,0.51166064471133,0.54043009037859
77.972,left,1,-0.71572369337082,0.06268253177404,-2.27757382392883,-0.72624254226685,0.06621595472097,-2.26945972442627,-0.72650527954102,0.06648261845112,-2.26909255981445,0.49677788933526,0.51193074871134,0.54043009037859
78.084,left,1,-0.71641737222672,0.0635166913271,-2.27673816680908,-0.726258456707,0.06623211503029,-2.26943755149841,-0.72650527954102,0.06648261845112,-2.26909255981445,0.50028699849723,0.51213204507745,0.54043009037859
78.209,left,1,-0.71474647521973,0.05701422691345,-2.28097224235535,-0.72627335786819,0.06624729186296,-2.26941633224487,-0.72650527954102,0.06648261845112,-2.26909255981445,0.49092635062704,0.51230258051492,0.54043009037859
78.318,left,1,-0.70127838850021,0.00530317286029,-2.31222248077393,-0.72628438472748,0.06625846773386,-2.26940131187439,-0.72650527954102,0.06648261845112,-2.26909255981445,0.52911300017859,0.51241675026821,0.54043009037859
78.445,left,1,-0.71368002891541,0.05103680118918,-2.28586792945862,-0.72629916667938,0.0662735030055,-2.26938033103943,-0.72650527954102,0.06648261845112,-2.26909255981445,0.55032829273557,0.51207213701369,0.54043009037859
78.554,left,1,-0.71741300821304,0.06641013175249,-2.27484631538391,-0.72630894184113,0.06628342717886,-2.269366979599,-0.72650527954102,0.06648261845112,-2.26909255981445,0.5097241324895,0.51177145390141,0.54043009037859
78.679,left,1,-0.7160559296608,0.06226558983326,-2.27848219871521,-0.72632086277008,0.06629548966885,-2.2693498134613,-0.72650527954102,0.06648261845112,-2.26909255981445,0.49893023717198,0.51143795131974,0.54043009037859
78.792,left,1,-0.71669006347656,0.06165832653642,-2.27863574028015,-0.72633200883865,0.06630682945251,-2.26933479309082,-0.72650527954102,0.06648261845112,-2.26909255981445,0.49350642741027,0.51115563249317,0.54043009037859
78.917,left,1,-0.7147331237793,0.05540686845779,-2.28268885612488,-0.72634249925613,0.06631748378277,-2.26931977272034,-0.72650527954102,0.06648261845112,-2.26909255981445,0.4899107136688,0.51168164870717,0.54043009037859
79.028,left,1,-0.72896575927734,0.093371540308,-2.25340008735657,-0.72635132074356,0.06632639467716,-2.26930785179138,-0.72650527954102,0.06648261845112,-2.26909255981445,0.55551108992656,0.51208102047752,0.54043009037859
79.14,left,1,-0.71654313802719,0.060552328825,-2.27945423126221,-0.72635966539383,0.0663348287344,-2.26929640769959,-0.72650527954102,0.06648261845112,-2.26909255981445,0.50861465121954,0.51242544863641,0.54043009037859
79.264,left,1,-0.71597212553024,0.06063608825207,-2.27965092658997,-0.72636848688126,0.06634378433228,-2.26928353309631,-0.72650527954102,0.06648261845112,-2.26909255981445,0.49177113868706,0.51275678544833,0.54043009037859
79.388,left,1,-0.71837091445923,0.06889744848013,-2.274578332901,-0.72637587785721,0.06635128706694,-2.26927351951599,-0.72650527954102,0.06648261845112,-2.26909255981445,0.49856178372902,0.51239449296205,0.54043009037859
79.5,left,1,-0.71631449460983,0.06227050721645,-2.27772903442383,-0.72638374567032,0.06635923683643,-2.26926279067993,-0.72650527954102,0.06648261845112,-2.26909255981445,0.48953676288044,0.51204622372665,0.54043009037859
79.611,left,1,-0.73220998048782,0.09966301172972,-2.25006246566772,-0.72638958692551,0.06636509299278,-2.26925444602966,-0.72650527954102,0.06648261845112,-2.26909255981445,0.51163663077731,0.51164321873916,0.54043009037859
79.723,left,1,-0.71465843915939,0.05809866264462,-2.2811598777771,-0.72639656066895,0.06637220829725,-2.26924443244934,-0.72650527954102,0.06648261845112,-2.26909255981445,0.49945710475474,0.51119622167794,0.54043009037859
79.849,left,1,-0.71588939428329,0.06079160049558,-2.27932929992676,-0.72640311717987,0.06637889891863,-2.26923584938049,-0.72650527954102,0.06648261845112,-2.26909255981445,0.49966187560785,0.51081805493199,0.54043009037859
79.971,left,1,-0.71638053655624,0.06240301206708,-2.27805018424988,-0.72640866041183,0.06638450175524,-2.26922821998596,-0.72650527954102,0.06648261845112,-2.26909255981445,0.49891255079112,0.51139935587483,0.54043009037859
80.084,left,1,-0.71387672424316,0.04323193430901,-2.28293704986572,-0.72641456127167,0.06639044731855,-2.26921963691711,-0.72650527954102,0.06648261845112,-2.26909255981445,0.54026059752986,0.51188681856148,0.54043009037859
80.208,left,1,-0.71654915809631,0.06049172580242,-2.28016066551209,-0.72641938924789,0.06639543175697,-2.26921224594116,-0.72650527954102,0.06648261845112,-2.26909255981445,0.49132324949826,0.51232080845284,0.54043009037859
80.321,left,1,-0.71648579835892,0.06304144114256,-2.27801108360291,-0.72642463445663,0.06640071421862,-2.26920580863953,-0.72650527954102,0.06648261845112,-2.26909255981445,0.49821627305727,0.5127381775793,0.54043009037859
80.444,left,1,-0.71608227491379,0.05834613740444,-2.28202676773071,-0.72642892599106,0.06640513986349,-2.26920008659363,-0.72650527954102,0.06648261845112,-2.26909255981445,0.49005123862691,0.5130552346277,0.54043009037859
80.568,left,1,-0.71700310707092,0.05487489327788,-2.28379416465759,-0.72643357515335,0.06640983372927,-2.26919364929199,-0.72650527954102,0.06648261845112,-2.26909255981445,0.47841986574498,0.51256241142805,0.54043009037859
80.682,left,1,-0.71535921096802,0.06118268892169,-2.27995896339417,-0.72643786668777,0.06641424447298,-2.26918721199036,-0.72650527954102,0.06648261845112,-2.26909255981445,0.50676266333616,0.51202404435988,0.54043009037859
80.807,left,1,-0.71630889177322,0.06231072172523,-2.27747654914856,-0.72644197940826,0.06641838699579,-2.26918077468872,-0.72650527954102,0.06648261845112,-2.26909255981445,0.50134077041737,0.51168955154332,0.54043009037859
80.929,left,1,-0.71851509809494,0.0678675994277,-2.27488136291504,-0.72644531726837,0.06642185896635,-2.26917624473572,-0.72650527954102,0.06648261845112,-2.26909255981445,0.48313219646321,0.51202676524772,0.54043009037859
81.043,left,1,-0.71606212854385,0.06152066215873,-2.27720785140991,-0.72644907236099,0.06642553955317,-2.26917195320129,-0.72650527954102,0.06648261845112,-2.26909255981445,0.5044824460302,0.51157028742716,0.54043009037859
81.167,left,1,-0.71539759635925,0.06098681688309,-2.27896213531494,-0.72645235061646,0.06642899662256,-2.26916766166687,-0.72650527954102,0.06648261845112,-2.26909255981445,0.49569753376712,0.51226353688055,0.54043009037859
81.277,left,1,-0.71569037437439,0.06173452362418,-2.27863788604736,-0.72645485401154,0.06643153727055,-2.26916432380676,-0.72650527954102,0.06648261845112,-2.26909255981445,0.49136039549554,0.51272822593807,0.54043009037859
81.39,left,1,-0.71603101491928,0.06079174950719,-2.27895641326904,-0.72645807266235,0.06643462926149,-2.26916003227234,-0.72650527954102,0.06648261845112,-2.26909255981445,0.49538568823188,0.51324355659394,0.54043009037859
81.514,left,1,-0.73022311925888,0.09761369228363,-2.25086116790771,-0.72646075487137,0.06643753498793,-2.26915574073792,-0.72650527954102,0.06648261845112,-2.26909255981445,0.49658842323944,0.51314047801456,0.54043009037859
81.625,left,1,-0.7140399813652,0.0555063188076,-2.28251051902771,-0.72646313905716,0.06643997132778,-2.26915192604065,-0.72650527954102,0.06648261845112,-2.26909255981445,0.49863534551988,0.51306212454882,0.54043009037859
81.749,left,1,-0.71603459119797,0.06214063987136,-2.27872228622437,-0.72646552324295,0.06644228100777,-2.26914811134338,-0.72650527954102,0.06648261845112,-2.26909255981445,0.49860837829025,0.51299454736863,0.54043009037859
81.86,left,1,-0.71528273820877,0.05618971586227,-2.28158640861511,-0.72646766901016,0.0664444565773,-2.26914429664612,-0.72650527954102,0.06648261845112,-2.26909255981445,0.48864104492033,0.51318555763136,0.54043009037859
81.987,left,1,-0.71589487791061,0.05926543474197,-2.28023886680603,-0.72647005319595,0.06644701212645,-2.26914167404175,-0.72650527954102,0.06648261845112,-2.26909255981445,0.49604090808949,0.51304891301504,0.54043009037859
82.096,left,1,-0.7167996764183,0.0616298802197,-2.27872276306152,-0.72647172212601,0.06644870340824,-2.26914000511169,-0.72650527954102,0.06648261845112,-2.26909255981445,0.49629003410814,0.51301670080389,0.54043009037859
82.222,left,1,-0.71616452932358,0.06173919141293,-2.27804970741272,-0.72647386789322,0.06645075976849,-2.26913785934448,-0.72650527954102,0.06648261845112,-2.26909255981445,0.49621583700165,0.51298091051635,0.54043009037859
82.334,left,1,-0.71509391069412,0.05769620835781,-2.28231549263,-0.7264758348465,0.06645268946886,-2.26913571357727,-0.72650527954102,0.06648261845112,-2.26909255981445,0.48897885625079,0.51297445577996,0.54043009037859
82.459,left,1,-0.71578121185303,0.05612012371421,-2.28343510627747,-0.72647744417191,0.06645449995995,-2.26913356781006,-0.72650527954102,0.06648261845112,-2.26909255981445,0.48882825453861,0.51294512023032,0.54043009037859
82.571,left,1,-0.71555286645889,0.06044712290168,-2.28015899658203,-0.72647887468338,0.06645601987839,-2.26913166046143,-0.72650527954102,0.06648261845112,-2.26909255981445,0.49748675069515,0.51292291486458,0.54043009037859
82.693,left,1,-0.73307555913925,0.10745442658663,-2.24885249137878,-0.72648030519485,0.06645746529102,-2.26912975311279,-0.72650527954102,0.06648261845112,-2.26909255981445,0.54827400641487,0.51302796421573,0.54043009037859
82.82,left,1,-0.72147339582443,0.0778408870101,-2.27007174491882,-0.7264820933342,0.06645914912224,-2.269127368927,-0.72650527954102,0.06648261845112,-2.26909255981445,0.5500873254468,0.51313896180139,0.54043009037859
82.931,left,1,-0.71510046720505,0.06025362014771,-2.27959012985229,-0.72648352384567,0.06646041572094,-2.26912546157837,-0.72650527954102,0.06648261845112,-2.26909255981445,0.50053234643256,0.51321406193952,0.54043009037859
83.056,left,1,-0.71801996231079,0.06393041461706,-2.27701091766357,-0.72648471593857,0.06646176427603,-2.26912331581116,-0.72650527954102,0.06648261845112,-2.26909255981445,0.51189130248682,0.51357735132449,0.54043009037859
83.168,left,1,-0.71724194288254,0.06401333957911,-2.27786326408386,-0.72648566961288,0.0664628893137,-2.26912140846252,-0.72650527954102,0.06648261845112,-2.26909255981445,0.49084547414383,0.5150287449647,0.54043009037859
83.293,left,1,-0.71681809425354,0.060252469033,-2.28093886375427,-0.72648674249649,0.06646408140659,-2.26911926269531,-0.72650527954102,0.06648261845112,-2.26909255981445,0.49010963716062,0.51656760900294,0.54043009037859
83.417,left,1,-0.71674853563309,0.06117581948638,-2.27883744239807,-0.7264878153801,0.06646520644426,-2.2691171169281,-0.72650527954102,0.06648261845112,-2.26909255981445,0.49994586664216,0.51548986413887,0.54043009037859
83.528,left,1,-0.7141415476799,0.05826381221414,-2.28068041801453,-0.72648876905441,0.066466152668,-2.26911520957947,-0.72650527954102,0.06648261845112,-2.26909255981445,0.48788530427701,0.51545179738656,0.54043009037859
83.639,left,1,-0.71674990653992,0.0626335144043,-2.27814674377441,-0.72648972272873,0.06646704673767,-2.26911330223084,-0.72650527954102,0.06648261845112,-2.26909255981445,0.51158517760298,0.51541907883743,0.54043009037859
83.764,left,1,-0.71568804979324,0.06115244701505,-2.27849149703979,-0.72649079561234,0.06646798551083,-2.26911115646362,-0.72650527954102,0.06648261845112,-2.26909255981445,0.50053071955608,0.5153875547501,0.54043009037859
83.874,left,1,-0.71606874465942,0.06192034855485,-2.27917981147766,-0.72649163007736,0.06646867096424,-2.26910972595215,-0.72650527954102,0.06648261845112,-2.26909255981445,0.49937313712533,0.51536649547372,0.54043009037859
84.001,left,1,-0.71496564149857,0.05076460912824,-2.28713774681091,-0.72649264335632,0.0664696097374,-2.26910972595215,-0.72650527954102,0.06648261845112,-2.26909255981445,0.47256301505681,0.5153407119903,0.54043009037859
84.11,left,1,-0.71571969985962,0.05821532011032,-2.28257822990417,-0.72649306058884,0.06647023558617,-2.26910972595215,-0.72650527954102,0.06648261845112,-2.26909255981445,0.49236804718868,0.51528206995755,0.54043009037859
84.234,left,1,-0.71786135435104,0.06533725559711,-2.27535891532898,-0.72649359703064,0.06647098064423,-2.26910972595215,-0.72650527954102,0.06648261845112,-2.26909255981445,0.49802135379806,0.51521670030635,0.54043009037859
84.348,left,1,-0.71679377555847,0.06327328085899,-2.27646255493164,-0.72649413347244,0.06647168844938,-2.26910972595215,-0.72650527954102,0.06648261845112,-2.26909255981445,0.56358821183749,0.51516152925647,0.54043009037859
84.459,left,1,-0.71772003173828,0.06308671832085,-2.27700352668762,-0.7264946103096,0.06647228449583,-2.26910972595215,-0.72650527954102,0.06648261845112,-2.26909255981445,0.49760725202387,0.51511968033714,0.54043009037859
84.582,left,1,-0.71671169996262,0.06064681708813,-2.27903866767883,-0.72649508714676,0.06647283583879,-2.26910972595215,-0.72650527954102,0.06648261845112,-2.26909255981445,0.47977401940685,0.51493216933375,0.54043009037859
84.695,left,1,-0.71553468704224,0.05978434160352,-2.27992939949036,-0.72649562358856,0.06647343933582,-2.26910972595215,-0.72650527954102,0.06648261845112,-2.26909255981445,0.49970937867702,0.51475225011323,0.54043009037859
84.807,left,1,-0.71600431203842,0.06002144142985,-2.27951049804688,-0.72649610042572,0.06647392362356,-2.26910972595215,-0.72650527954102,0.06648261845112,-2.26909255981445,0.50149828583449,0.51461569927159,0.54043009037859
84.918,left,1,-0.71484231948853,0.05590917542577,-2.28225088119507,-0.72649657726288,0.06647440046072,-2.26910972595215,-0.72650527954102,0.06648261845112,-2.26909255981445,0.48871738453211,0.51483151933918,0.54043009037859
85.043,left,1,-0.7155470252037,0.05335040017962,-2.28446078300476,-0.72649711370468,0.06647489219904,-2.26910972595215,-0.72650527954102,0.06648261845112,-2.26909255981445,0.47300605654053,0.51486803382749,0.54043009037859
85.152,left,1,-0.71498775482178,0.05345125496387,-2.2845995426178,-0.72649753093719,0.06647525727749,-2.26910972595215,-0.72650527954102,0.06648261845112,-2.26909255981445,0.47718074402579,0.51489269718307,0.54043009037859
85.264,left,1,-0.70093363523483,0.0076425136067,-2.31044936180115,-0.72612172365189,0.06613458693027,-2.26953315734863,-0.72650527954102,0.06648261845112,-2.26909255981445,0.5208861128374,0.51386877123778,0.54043009037859
85.388,moving_to_right,1,-0.71746355295181,0.06493113934994,-2.27536487579346,-0.72518670558929,0.06506492197514,-2.27080202102661,-0.72650527954102,0.06648261845112,-2.26909255981445,0.49506120100219,0.51210194332005,0.54043009037859
85.501,moving_to_right,1,-0.71626371145248,0.06220480799675,-2.27806305885315,-0.72482794523239,0.0646513774991,-2.27129173278809,-0.72650527954102,0.06648261845112,-2.26909255981445,0.50936883242919,0.5044709978287,0.47718074402579
85.625,moving_to_right,1,-0.68121808767319,0.05643470585346,-2.29595279693604,-0.72482240200043,0.06464026123285,-2.27130341529846,-0.72650527954102,0.06648261845112,-2.26909255981445,0.51773577193899,0.49799641767065,0.47718074402579
85.735,moving_to_right,1,-0.71623152494431,0.06196981295943,-2.27780032157898,-0.72502702474594,0.0648642629385,-2.27103471755981,-0.72650527954102,0.06648261845112,-2.26909255981445,0.49766579610445,0.49790311919107,0.47718074402579
85.848,moving_to_right,1,-0.71600723266602,0.06186167895794,-2.27887272834778,-0.7252539396286,0.06511271744967,-2.27073621749878,-0.72650527954102,0.06648261845112,-2.26909255981445,0.48897752219015,0.49779995464412,0.47718074402579
85.973,moving_to_right,1,-0.70183962583542,0.00893976166844,-2.30950713157654,-0.72544604539871,0.06532303243876,-2.27048420906067,-0.72650527954102,0.06648261845112,-2.26909255981445,0.51983121309872,0.49655084316149,0.47718074402579
86.084,moving_to_right,1,-0.71599793434143,0.06476549804211,-2.2746479511261,-0.72559189796448,0.06548271328211,-2.27029275894165,-0.72650527954102,0.06648261845112,-2.26909255981445,0.50239928013566,0.49664437953959,0.47718074402579
86.21,moving_to_right,1,-0.72883671522141,0.09522820264101,-2.25224041938782,-0.72573214769363,0.06563622504473,-2.27010822296143,-0.72650527954102,0.06648261845112,-2.26909255981445,0.50186984653979,0.49546548235139,0.47718074402579
86.32,moving_to_right,1,-0.72661989927292,0.0888235270977,-2.25578570365906,-0.72583866119385,0.06575277447701,-2.26996803283691,-0.72650527954102,0.06648261845112,-2.26909255981445,0.48679908654325,0.49447734083813,0.47718074402579
86.446,moving_to_right,1,-0.72024673223495,0.07301066070795,-2.26979184150696,-0.72594100236893,0.06586483120918,-2.26983380317688,-0.72650527954102,0.06648261845112,-2.26909255981445,0.50126226601129,0.49423342709235,0.47718074402579
86.556,moving_to_right,1,-0.71678590774536,0.06643133610487,-2.27186989784241,-0.72601300477982,0.06594371050596,-2.26973938941956,-0.72650527954102,0.06648261845112,-2.26909255981445,0.49856615776772,0.49395058524464,0.47718074402579
86.681,moving_to_right,1,-0.71562051773071,0.05308141186833,-2.27469611167908,-0.7260428071022,0.06597636640072,-2.269700050354,-0.72650527954102,0.06648261845112,-2.26909255981445,0.52301469416392,0.49367822125818,0.47718074402579
86.805,moving_to_right,1,-0.71562606096268,0.06326743215322,-2.27508854866028,-0.72606784105301,0.06600372493267,-2.26966714859009,-0.72650527954102,0.06648261845112,-2.26909255981445,0.48709134178105,0.49347151802109,0.47718074402579
86.931,moving_to_right,1,-0.71869373321533,0.07240050286055,-2.26930809020996,-0.72609716653824,0.06603587418795,-2.26962852478027,-0.72650527954102,0.06648261845112,-2.26909255981445,0.51602878316172,0.49286880720292,0.47718074402579
87.054,moving_to_right,1,-0.71985965967178,0.0724523589015,-2.26746654510498,-0.72611916065216,0.06606001406908,-2.2695996761322,-0.72650527954102,0.06648261845112,-2.26909255981445,0.51073565237353,0.49254266303228,0.47718074402579
87.182,moving_to_right,1,-0.73475193977356,0.10712090134621,-2.24512887001038,-0.72614508867264,0.06608837097883,-2.26956558227539,-0.72650527954102,0.06648261845112,-2.26909255981445,0.49920219070855,0.49219737749318,0.47718074402579
87.291,moving_to_right,1,-0.72054642438889,0.07520220428705,-2.26368713378906,-0.72616219520569,0.06610707938671,-2.26954317092896,-0.72650527954102,0.06648261845112,-2.26909255981445,0.51056406467762,0.49291245677645,0.47718074402579
87.417,moving_to_right,1,-0.72223562002182,0.07391216605902,-2.26468014717102,-0.72618520259857,0.06613227725029,-2.26951289176941,-0.72650527954102,0.06648261845112,-2.26909255981445,0.51419866377622,0.49378572082041,0.47718074402579
87.543,moving_to_right,1,-0.71895480155945,0.07098088413477,-2.26700496673584,-0.72620457410812,0.06615349650383,-2.26948714256287,-0.72650527954102,0.06648261845112,-2.26909255981445,0.56928962166056,0.49442869572868,0.47718074402579
87.667,moving_to_right,1,-0.71821385622025,0.07018198817968,-2.2680561542511,-0.72622275352478,0.06617342680693,-2.26946353912354,-0.72650527954102,0.06648261845112,-2.26909255981445,0.52028863956949,0.49497289902035,0.47718074402579
87.792,moving_to_right,1,-0.72149604558945,0.06242343783379,-2.27259516716003,-0.72623986005783,0.06619215011597,-2.2694411277771,-0.72650527954102,0.06648261845112,-2.26909255981445,0.50720292626187,0.49578100963624,0.47718074402579
87.917,moving_to_right,1,-0.72673636674881,0.07972035557032,-2.25787329673767,-0.72625595331192,0.06620974838734,-2.26941967010498,-0.72650527954102,0.06648261845112,-2.26909255981445,0.50472868667108,0.49704766266671,0.47718074402579
88.043,moving_to_right,1,-0.72754997014999,0.06888743489981,-2.26674365997314,-0.72627109289169,0.06622628122568,-2.26940035820007,-0.72650527954102,0.06648261845112,-2.26909255981445,0.48927296672702,0.49812006574342,0.47718074402579
88.165,moving_to_right,1,-0.72907346487045,0.07215408235788,-2.26329636573792,-0.72628372907639,0.06624013185501,-2.26938343048096,-0.72650527954102,0.06648261845112,-2.26909255981445,0.51793513296284,0.49893383584397,0.47718074402579
88.292,moving_to_right,1,-0.72856545448303,0.07534223049879,-2.26119947433472,-0.72629857063293,0.06625641137362,-2.26936435699463,-0.72650527954102,0.06648261845112,-2.26909255981445,0.50794427702854,0.4995476845582,0.47718074402579
88.418,moving_to_right,1,-0.72949951887131,0.07307577878237,-2.25894451141357,-0.72631114721298,0.06627012044191,-2.26934742927551,-0.72650527954102,0.06648261845112,-2.26909255981445,0.50906373200956,0.49905535499891,0.47718074402579
88.543,moving_to_right,1,-0.72490614652634,0.07048197835684,-2.2620894908905,-0.726322889328,0.06628299504519,-2.26933240890503,-0.72650527954102,0.06648261845112,-2.26909255981445,0.49387354032056,0.49863875866414,0.47718074402579
88.668,moving_to_right,1,-0.72461777925491,0.06318949908018,-2.26650309562683,-0.72633391618729,0.06629508733749,-2.26931738853455,-0.72650527954102,0.06648261845112,-2.26909255981445,0.49697239991954,0.4982862315221,0.47718074402579
88.793,moving_to_right,1,-0.72533577680588,0.07373648881912,-2.25773930549622,-0.72634428739548,0.0663064494729,-2.2693042755127,-0.72650527954102,0.06648261845112,-2.26909255981445,0.50692314893881,0.4979879359905,0.47718074402579
88.917,moving_to_right,1,-0.72948688268661,0.09107805043459,-2.24398827552795,-0.72635406255722,0.06631711870432,-2.26929140090942,-0.72650527954102,0.06648261845112,-2.26909255981445,0.48817484837091,0.49784227993253,0.47718074402579
89.041,moving_to_right,1,-0.72787016630173,0.0746283903718,-2.25683927536011,-0.72636222839355,0.06632606685162,-2.26928019523621,-0.72650527954102,0.06648261845112,-2.26909255981445,0.51253481626526,0.49754809430525,0.47718074402579
89.181,moving_to_right,1,-0.72654056549072,0.06897260993719,-2.26020312309265,-0.72637271881104,0.06633757054806,-2.26926708221436,-0.72650527954102,0.06648261845112,-2.26909255981445,0.50506777343077,0.49720886241167,0.47718074402579
89.32,moving_to_right,1,-0.72000116109848,0.05147022008896,-2.27407479286194,-0.72638159990311,0.06634730100632,-2.2692551612854,-0.72650527954102,0.06648261845112,-2.26909255981445,0.46553712114013,0.4969551701606,0.47718074402579
89.459,moving_to_right,1,-0.73006016016006,0.09581482410431,-2.23907494544983,-0.72638988494873,0.06635638326406,-2.26924395561218,-0.72650527954102,0.06648261845112,-2.26909255981445,0.49528975842942,0.49674417666599,0.47718074402579
89.612,moving_to_right,1,-0.72600656747818,0.07000205665827,-2.25502991676331,-0.72639834880829,0.06636565923691,-2.2692334651947,-0.72650527954102,0.06648261845112,-2.26909255981445,0.48913143020985,0.4971973170208,0.47718074402579
89.75,moving_to_right,1,-0.72766727209091,0.07122911512852,-2.25732827186584,-0.72640550136566,0.06637350469828,-2.26922392845154,-0.72650527954102,0.06648261845112,-2.26909255981445,0.49205908392187,0.49507163049889,0.47718074402579
89.889,moving_to_right,1,-0.72655612230301,0.07832664251328,-2.24815845489502,-0.72641217708588,0.066380828619,-2.26921439170837,-0.72650527954102,0.06648261845112,-2.26909255981445,0.472096064321,0.49387121908491,0.47718074402579
90.029,moving_to_right,1,-0.72878712415695,0.07193384319544,-2.25343942642212,-0.72641843557358,0.06638766080141,-2.26920676231384,-0.72650527954102,0.06648261845112,-2.26909255981445,0.49333145853529,0.492751279972,0.47718074402579
90.167,moving_to_right,1,-0.73088854551315,0.07419557124376,-2.25094485282898,-0.72642433643341,0.06639403104782,-2.26919960975647,-0.72650527954102,0.06648261845112,-2.26909255981445,0.50312752176386,0.49170673741855,0.47718074402579
90.29,moving_to_right,1,-0.73343580961227,0.07530386000872,-2.25054359436035,-0.72642862796783,0.06639881432056,-2.26919388771057,-0.72650527954102,0.06648261845112,-2.26909255981445,0.49016317965189,0.49092182079132,0.47718074402579
90.431,moving_to_right,1,-0.73439460992813,0.07564959675074,-2.25058245658875,-0.72643429040909,0.0664049834013,-2.26918601989746,-0.72650527954102,0.06648261845112,-2.26909255981445,0.49720766356684,0.4899115113232,0.47718074402579
90.57,moving_to_right,1,-0.7338759303093,0.06706117093563,-2.25519323348999,-0.72703123092651,0.06716267764568,-2.26760387420654,-0.72650527954102,0.06648261845112,-2.26909255981445,0.50019649233662,0.4890575168823,0.47718074402579
90.694,moving_to_right,1,-0.73529237508774,0.07900019735098,-2.24929141998291,-0.72700279951096,0.0671259239316,-2.2676842212677,-0.72650527954102,0.06648261845112,-2.26909255981445,0.49297304711171,0.48964779582303,0.47718074402579
90.832,moving_to_right,1,-0.73584914207458,0.07625333219767,-2.25035881996155,-0.72720646858215,0.06735618412495,-2.26723027229309,-0.72650527954102,0.06648261845112,-2.26909255981445,0.4943084737487,0.48964939464285,0.47718074402579
90.973,moving_to_right,1,-0.7340332865715,0.07330084592104,-2.25195384025574,-0.72723454236984,0.06738379597664,-2.26718282699585,-0.72650527954102,0.06648261845112,-2.26909255981445,0.49506778932263,0.48965067439167,0.47718074402579
91.098,moving_to_right,1,-0.73578834533691,0.07819341868162,-2.25149941444397,-0.72719031572342,0.06732919812202,-2.26729846000671,-0.72650527954102,0.06648261845112,-2.26909255981445,0.49392378200853,0.48965144923374,0.47718074402579
91.236,moving_to_right,1,-0.73423838615417,0.11999443918467,-2.23027205467224,-0.7276132106781,0.06775660812855,-2.26649808883667,-0.72650527954102,0.06648261845112,-2.26909255981445,0.53305462698186,0.48901600046293,0.47718074402579
91.36,moving_to_right,1,-0.73600834608078,0.07675489038229,-2.24906468391418,-0.72763431072235,0.06779225170612,-2.26649332046509,-0.72650527954102,0.06648261845112,-2.26909255981445,0.50389582392258,0.48854081266701,0.47718074402579
91.5,moving_to_right,1,-0.7348268032074,0.0745657607913,-2.25153803825378,-0.72763961553574,0.06778685748577,-2.26651096343994,-0.72650527954102,0.06648261845112,-2.26909255981445,0.499788812929,0.48841341110192,0.47718074402579
91.64,moving_to_right,1,-0.73509454727173,0.07103652507067,-2.25337433815002,-0.72756350040436,0.06769936531782,-2.26668381690979,-0.72650527954102,0.06648261845112,-2.26909255981445,0.49319286843131,0.48889515722183,0.47718074402579
91.78,moving_to_right,1,-0.73546457290649,0.0721584931016,-2.25104641914368,-0.72749251127243,0.06761772930622,-2.26684546470642,-0.72650527954102,0.06648261845112,-2.26909255981445,0.50767334862972,0.48929568658164,0.47718074402579
91.917,moving_to_right,1,-0.73570680618286,0.07366891205311,-2.24889087677002,-0.72742629051208,0.0675415918231,-2.26699614524841,-0.72650527954102,0.06648261845112,-2.26909255981445,0.49292800500372,0.4896282490218,0.47718074402579
92.057,moving_to_right,1,-0.73430126905441,0.07721030712128,-2.24734115600586,-0.7273645401001,0.06747055053711,-2.26713681221008,-0.72650527954102,0.06648261845112,-2.26909255981445,0.50260535300386,0.48990479702524,0.47718074402579
92.195,moving_to_right,1,-0.73442530632019,0.07295659929514,-2.24915862083435,-0.7273069024086,0.0674042776227,-2.26726794242859,-0.72650527954102,0.06648261845112,-2.26909255981445,0.50684958702248,0.49013414167629,0.47718074402579
92.332,moving_to_right,1,-0.73844766616821,0.07519859075546,-2.24793791770935,-0.72741192579269,0.06746828556061,-2.26698780059814,-0.72650527954102,0.06648261845112,-2.26909255981445,0.50793403286669,0.49098253683514,0.47718074402579
92.472,moving_to_right,1,-0.73982745409012,0.07346940040588,-2.24846863746643,-0.72742938995361,0.06746353954077,-2.266930103302,-0.72650527954102,0.06648261845112,-2.26909255981445,0.50224184058044,0.49177308268163,0.47718074402579
92.612,moving_to_right,1,-0.74170941114426,0.07383612543344,-2.24906778335571,-0.72862982749939,0.06828322261572,-2.26490068435669,-0.72650527954102,0.06648261845112,-2.26909255981445,0.49268338666713,0.49261405221849,0.47718074402579
92.749,moving_to_right,1,-0.74255299568176,0.06801588088274,-2.25324320793152,-0.7289851307869,0.06839876621962,-2.26444387435913,-0.72650527954102,0.06648261845112,-2.26909255981445,0.48972872316515,0.49264082330784,0.47718074402579
92.889,moving_to_right,1,-0.74532413482666,0.06229281425476,-2.2558376789093,-0.72904080152512,0.0683695524931,-2.26443433761597,-0.72650527954102,0.06648261845112,-2.26909255981445,0.48684118854948,0.4926678365154,0.47718074402579
93.028,moving_to_right,1,-0.74406576156616,0.07166463881731,-2.24879360198975,-0.72955012321472,0.06853689998388,-2.263920545578,-0.72650527954102,0.06648261845112,-2.26909255981445,0.49746437385664,0.49162892523235,0.47718074402579
93.167,moving_to_right,1,-0.74461394548416,0.07155483216047,-2.24517321586609,-0.72961807250977,0.06851835548878,-2.26393389701843,-0.72650527954102,0.06648261845112,-2.26909255981445,0.50265806784664,0.49065977407636,0.47718074402579
93.32,moving_to_right,1,-0.74197512865067,0.06688796728849,-2.24878287315369,-0.73045802116394,0.06860350817442,-2.26319026947021,-0.72650527954102,0.06648261845112,-2.26909255981445,0.50977355015227,0.49050393944392,0.47718074402579
93.459,moving_to_right,1,-0.7417955994606,0.07976951450109,-2.24001574516296,-0.73064345121384,0.068563811481,-2.26310753822327,-0.72650527954102,0.06648261845112,-2.26909255981445,0.49620935781883,0.49038743688173,0.47718074402579
93.598,moving_to_right,1,-0.72946912050247,0.13973732292652,-2.21498441696167,-0.73066705465317,0.06849471479654,-2.26318669319153,-0.72650527954102,0.06648261845112,-2.26909255981445,0.51543256001903,0.49029090892197,0.47718074402579
93.737,moving_to_right,1,-0.73920196294785,0.08559882640839,-2.23795247077942,-0.73187017440796,0.068688608706,-2.26166653633118,-0.72650527954102,0.06648261845112,-2.26909255981445,0.48878713783207,0.4907572083436,0.47718074402579
93.876,moving_to_right,1,-0.72856193780899,0.14661686122417,-2.21082592010498,-0.73257327079773,0.06971465796232,-2.25986051559448,-0.72650527954102,0.06648261845112,-2.26909255981445,0.50368691245768,0.49046564873433,0.47718074402579
94.027,moving_to_right,1,-0.73915034532547,0.08411187678576,-2.2372465133667,-0.73288434743881,0.07118101418018,-2.25814247131348,-0.72650527954102,0.06648261845112,-2.26909255981445,0.49716069555362,0.4895746013019,0.47718074402579
94.165,moving_to_right,1,-0.73693913221359,0.08224403113127,-2.23752307891846,-0.73313736915588,0.0722429305315,-2.25664067268372,-0.72650527954102,0.06648261845112,-2.26909255981445,0.4959358808717,0.48958331937839,0.47718074402579
94.32,moving_to_right,1,-0.73965924978256,0.07983108609915,-2.23735642433167,-0.7333852648735,0.07328303158283,-2.25516939163208,-0.72650527954102,0.06648261845112,-2.26909255981445,0.49844791854945,0.48959187791749,0.47718074402579
94.459,moving_to_right,1,-0.73915100097656,0.08327454328537,-2.23643207550049,-0.73355352878571,0.07398957014084,-2.25416946411133,-0.72650527954102,0.06648261845112,-2.26909255981445,0.4977092963086,0.48959777348208,0.47718074402579
94.612,moving_to_right,1,-0.73784989118576,0.08968491107225,-2.23341965675354,-0.733582675457,0.07433420419693,-2.25355219841003,-0.72650527954102,0.06648261845112,-2.26909255981445,0.49679951933357,0.4896657420734,0.47718074402579
94.751,moving_to_right,1,-0.73933476209641,0.08137544989586,-2.23810243606567,-0.73348021507263,0.07439859956503,-2.25346207618713,-0.72650527954102,0.06648261845112,-2.26909255981445,0.49425470983149,0.48971680398845,0.47718074402579
94.904,moving_to_right,1,-0.74085450172424,0.07736817747355,-2.24074864387512,-0.73334610462189,0.07440316677094,-2.25348496437073,-0.72650527954102,0.06648261845112,-2.26909255981445,0.48783658801855,0.48976264344944,0.47718074402579
95.043,moving_to_right,1,-0.74198788404465,0.07477014511824,-2.2420871257782,-0.73288720846176,0.07387179881334,-2.25453281402588,-0.72650527954102,0.06648261845112,-2.26909255981445,0.49681085516486,0.48897890887054,0.47718074402579
95.182,moving_to_right,1,-0.74384623765945,0.07906917482615,-2.24009442329407,-0.73261225223541,0.07355444133282,-2.25512099266052,-0.72650527954102,0.06648261845112,-2.26909255981445,0.49183476499169,0.48878228529152,0.47718074402579
95.334,moving_to_right,1,-0.74227267503738,0.07927014678717,-2.23994159698486,-0.73253732919693,0.07346957921982,-2.25520443916321,-0.72650527954102,0.06648261845112,-2.26909255981445,0.49435372981553,0.48860438104158,0.47718074402579
95.471,moving_to_right,1,-0.74181681871414,0.08365031331778,-2.23629212379456,-0.73217183351517,0.07304625958204,-2.25604581832886,-0.72650527954102,0.06648261845112,-2.26909255981445,0.49165543181303,0.48849278889138,0.47718074402579
95.615,moving_to_right,1,-0.72389364242554,0.15284891426563,-2.21256160736084,-0.73230969905853,0.07291076332331,-2.25611424446106,-0.72650527954102,0.06648261845112,-2.26909255981445,0.49094821677888,0.48837954855039,0.47718074402579
95.752,moving_to_right,1,-0.74397486448288,0.07638934254646,-2.24118685722351,-0.73246914148331,0.07283432781696,-2.25608801841736,-0.72650527954102,0.06648261845112,-2.26909255981445,0.495017945265,0.48829472767458,0.47718074402579
95.903,moving_to_right,1,-0.74336487054825,0.07728489488363,-2.24281859397888,-0.732570707798,0.07272633910179,-2.25614857673645,-0.72650527954102,0.06648261845112,-2.26909255981445,0.48231642891886,0.4882180146702,0.47718074402579
96.041,moving_to_right,1,-0.74405485391617,0.08203815668821,-2.23876166343689,-0.7326346039772,0.07264164090157,-2.25620889663696,-0.72650527954102,0.06648261845112,-2.26909255981445,0.50035832451491,0.48816580620473,0.47718074402579
96.182,moving_to_right,1,-0.74231094121933,0.08859422802925,-2.23613238334656,-0.7332626581192,0.0734771490097,-2.25481820106506,-0.72650527954102,0.06648261845112,-2.26909255981445,0.49242255399371,0.48735826983471,0.47718074402579
96.334,moving_to_right,1,-0.74264001846313,0.08427977561951,-2.23465609550476,-0.73403179645538,0.07397362589836,-2.25396752357483,-0.72650527954102,0.06648261845112,-2.26909255981445,0.49314649213136,0.4881431966156,0.47718074402579
96.486,moving_to_right,1,-0.74267387390137,0.07876776903868,-2.2358615398407,-0.73408430814743,0.07392212748528,-2.25412940979004,-0.72650527954102,0.06648261845112,-2.26909255981445,0.49396991813,0.48873055714872,0.47718074402579
96.638,moving_to_right,1,-0.74334686994553,0.07456322014332,-2.23850345611572,-0.73453962802887,0.07459387928247,-2.25293350219727,-0.72650527954102,0.06648261845112,-2.26909255981445,0.4908776063123,0.48788141073602,0.47718074402579
96.78,moving_to_right,1,-0.7427493929863,0.07313845306635,-2.23841094970703,-0.73423147201538,0.07414872199297,-2.25352954864502,-0.72650527954102,0.06648261845112,-2.26909255981445,0.49191508409754,0.48783714892038,0.47718074402579
96.93,moving_to_right,1,-0.74394112825394,0.07272360473871,-2.23978781700134,-0.73427069187164,0.07394564151764,-2.2534077167511,-0.72650527954102,0.06648261845112,-2.26909255981445,0.49198366982375,0.48780384725316,0.47718074402579
97.084,moving_to_right,1,-0.74696034193039,0.07339594513178,-2.23915243148804,-0.73364979028702,0.07334893941879,-2.25466227531433,-0.72650527954102,0.06648261845112,-2.26909255981445,0.49653934792589,0.48695471864273,0.47718074402579
97.222,moving_to_right,1,-0.7442951798439,0.07661084085703,-2.23970723152161,-0.73321688175201,0.07293292880058,-2.2555365562439,-0.72650527954102,0.06648261845112,-2.26909255981445,0.48586268621359,0.48636279916014,0.47718074402579
97.361,moving_to_right,1,-0.74214506149292,0.08265075087547,-2.2375431060791,-0.73321956396103,0.07258116453886,-2.25568079948425,-0.72650527954102,0.06648261845112,-2.26909255981445,0.47969921324698,0.48574691872491,0.47718074402579
97.515,moving_to_right,1,-0.74314707517624,0.08503332734108,-2.23630738258362,-0.73293483257294,0.07210601866245,-2.25637412071228,-0.72650527954102,0.06648261845112,-2.26909255981445,0.47995573019114,0.48587727026057,0.47718074402579
97.652,moving_to_right,1,-0.74578040838242,0.08147504925728,-2.2375328540802,-0.73340517282486,0.07211135327816,-2.25587773323059,-0.72650527954102,0.06648261845112,-2.26909255981445,0.48104432967177,0.48535028816057,0.47718074402579
97.791,moving_to_right,1,-0.74663162231445,0.08438453823328,-2.23498606681824,-0.73426824808121,0.07273837924004,-2.25478839874268,-0.72650527954102,0.06648261845112,-2.26909255981445,0.48069196549761,0.48396901657375,0.47718074402579
97.93,moving_to_right,1,-0.75304365158081,0.07143454998732,-2.24351286888123,-0.73498541116714,0.07325937598944,-2.25388431549072,-0.72650527954102,0.06648261845112,-2.26909255981445,0.47597920354887,0.48282109200848,0.47718074402579
98.084,moving_to_right,1,-0.72623771429062,0.13203704357147,-2.22452473640442,-0.73568779230118,0.0737696737051,-2.25299739837646,-0.72650527954102,0.06648261845112,-2.26909255981445,0.47859512180551,0.48169691892555,0.47718074402579
98.223,moving_to_right,1,-0.76073008775711,0.05737255886197,-2.24800109863281,-0.7362545132637,0.07442267984152,-2.2521276473999,-0.72650527954102,0.06648261845112,-2.26909255981445,0.47503567423585,0.48093310333091,0.47718074402579
98.362,moving_to_right,1,-0.71651893854141,0.14984060823917,-2.21780896186829,-0.7357160449028,0.07397609204054,-2.25308728218079,-0.72650527954102,0.06648261845112,-2.26909255981445,0.47003216573073,0.48029846751175,0.47718074402579
98.5,moving_to_right,1,-0.75868082046509,0.05757300928235,-2.24887490272522,-0.73627805709839,0.07459419220686,-2.252201795578,-0.72650527954102,0.06648261845112,-2.26909255981445,0.47726837017013,0.47977135522707,0.47718074402579
98.654,moving_to_right,1,-0.7389178276062,0.10613975673914,-2.23277401924133,-0.73575627803802,0.07396735996008,-2.25333404541016,-0.72650527954102,0.06648261845112,-2.26909255981445,0.49210273740546,0.47929369845017,0.47718074402579
98.791,moving_to_right,1,-0.75554245710373,0.06572988629341,-2.24599814414978,-0.73552286624908,0.07661015540361,-2.25228047370911,-0.72650527954102,0.06648261845112,-2.26909255981445,0.47479050401536,0.48039612089163,0.47718074402579
98.931,moving_to_right,1,-0.74926775693893,0.07765865325928,-2.24052023887634,-0.73719388246536,0.07465729117393,-2.25272798538208,-0.72650527954102,0.06648261845112,-2.26909255981445,0.47824826273298,0.47959398709579,0.47718074402579
99.068,moving_to_right,1,-0.75688952207565,0.06016114354134,-2.24598670005798,-0.73654633760452,0.07416201382875,-2.25371932983398,-0.72650527954102,0.06648261845112,-2.26909255981445,0.48268279956807,0.47922339681401,0.47718074402579
99.208,moving_to_right,1,-0.75716513395309,0.06596592068672,-2.24521565437317,-0.73790627717972,0.07278457283974,-2.25388646125793,-0.72650527954102,0.06648261845112,-2.26909255981445,0.47477496200374,0.47893782420404,0.47718074402579
99.348,moving_to_right,1,-0.72330194711685,0.1370742470026,-2.22291111946106,-0.73839563131332,0.07181100547314,-2.25439143180847,-0.72650527954102,0.06648261845112,-2.26909255981445,0.46468849964295,0.47878951912187,0.47718074402579
99.472,moving_to_right,1,-0.73743098974228,0.1158621609211,-2.2308623790741,-0.73851799964905,0.07126200944185,-2.25480246543884,-0.72650527954102,0.06648261845112,-2.26909255981445,0.47164433632051,0.47870255741845,0.47718074402579
99.596,moving_to_right,1,-0.75537544488907,0.06364788860083,-2.24490451812744,-0.73792040348053,0.07104847580194,-2.25549602508545,-0.72650527954102,0.06648261845112,-2.26909255981445,0.47546515808495,0.4786102651099,0.47718074402579
99.722,moving_to_right,1,-0.76467257738113,0.06182853505015,-2.24867582321167,-0.73909950256348,0.07029813528061,-2.25530004501343,-0.72650527954102,0.06648261845112,-2.26909255981445,0.46518062318177,0.47852356893918,0.47718074402579
99.861,moving_to_right,1,-0.74286341667175,0.10691257566214,-2.2354896068573,-0.74019861221313,0.06959871202707,-2.25511717796326,-0.72650527954102,0.06648261845112,-2.26909255981445,0.46288711304166,0.47843316879145,0.47718074402579
99.985,moving_to_right,1,-0.76691275835037,0.05721333250403,-2.24305367469788,-0.7396605014801,0.07298605889082,-2.25404953956604,-0.72650527954102,0.06648261845112,-2.26909255981445,0.48476697432323,0.47687427977292,0.47718074402579
100.126,moving_to_right,1,-0.77954894304276,0.03853049874306,-2.24813652038574,-0.73988860845566,0.07182834297419,-2.25444507598877,-0.72650527954102,0.06648261845112,-2.26909255981445,0.47436246264404,0.47689672534094,0.47718074402579
100.279,moving_to_right,1,-0.72566288709641,0.12998594343662,-2.22657680511475,-0.74180322885513,0.07030893862247,-2.25480103492737,-0.72650527954102,0.06648261845112,-2.26909255981445,0.47511532815006,0.47557152308694,0.47718074402579
100.418,moving_to_right,1,-0.72845578193665,0.12624630331993,-2.22641539573669,-0.74323564767838,0.06917208433151,-2.25506734848022,-0.72650527954102,0.06648261845112,-2.26909255981445,0.48962902386253,0.47458020169059,0.47718074402579
100.556,moving_to_right,1,-0.76414948701859,0.07152666896582,-2.23811745643616,-0.74212962388992,0.07297427207232,-2.25390028953552,-0.72650527954102,0.06648261845112,-2.26909255981445,0.48453992134497,0.47351465055032,0.47718074402579
100.694,moving_to_right,1,-0.77387756109238,0.05676460266113,-2.24369430541992,-0.74333029985428,0.07245997339487,-2.25327086448669,-0.72650527954102,0.06648261845112,-2.26909255981445,0.46880852822597,0.47478098722327,0.47718074402579
100.832,moving_to_right,1,-0.76396560668945,0.07815892994404,-2.24140977859497,-0.74444949626923,0.07198060303926,-2.2526843547821,-0.72650527954102,0.06648261845112,-2.26909255981445,0.46019487625259,0.47596136940645,0.47718074402579
100.973,moving_to_right,1,-0.71694725751877,0.13865351676941,-2.22377872467041,-0.74913108348846,0.07184138894081,-2.24923896789551,-0.76414948701859,0.07152666896582,-2.23811745643616,0.43307050986823,0.47703087008101,0.47718074402579
101.112,moving_to_right,1,-0.72590547800064,0.13059484958649,-2.2289981842041,-0.75166982412338,0.07178819924593,-2.24735903739929,-0.76414948701859,0.07152666896582,-2.23811745643616,0.46297307869043,0.47526757031083,0.47718074402579
101.264,moving_to_right,1,-0.73138076066971,0.120685338974,-2.22808885574341,-0.75396966934204,0.07174000144005,-2.24565553665161,-0.76414948701859,0.07152666896582,-2.23811745643616,0.47844284622932,0.47367027547277,0.47718074402579
101.404,moving_to_right,1,-0.79193788766861,0.02599595673382,-2.25300669670105,-0.75224053859711,0.07687980681658,-2.24332499504089,-0.76414948701859,0.07152666896582,-2.23811745643616,0.47360539186364,0.47426337681252,0.47718074402579
101.543,moving_to_right,1,-0.76394110918045,0.06416938453913,-2.24058699607849,-0.75080347061157,0.08115071058273,-2.24138879776001,-0.76414948701859,0.07152666896582,-2.23811745643616,0.47457569622048,0.47475646224813,0.47718074402579
101.682,moving_to_right,1,-0.76335543394089,0.06898218393326,-2.23992991447449,-0.74609643220901,0.0908243432641,-2.2380998134613,-0.73138076066971,0.120685338974,-2.22808885574341,0.4761294217368,0.47516616438569,0.47718074402579
101.82,moving_to_right,1,-0.76084852218628,0.07122259587049,-2.24032759666443,-0.74697536230087,0.09042857587337,-2.23765420913696,-0.73138076066971,0.120685338974,-2.22808885574341,0.47530497111876,0.47548696464141,0.47718074402579
101.959,moving_to_right,1,-0.7379315495491,0.11333668977022,-2.23285555839539,-0.74770563840866,0.09009971469641,-2.23728394508362,-0.73138076066971,0.120685338974,-2.22808885574341,0.47255189899338,0.47560039378095,0.47718074402579
102.098,moving_to_right,1,-0.75374889373779,0.09009595960379,-2.23661613464355,-0.75146889686584,0.08506681770086,-2.23788619041443,-0.76335543394089,0.06898218393326,-2.23992991447449,0.46013439349114,0.47570622570231,0.47718074402579
102.236,moving_to_right,1,-0.77293539047241,0.0599576421082,-2.24078917503357,-0.75329369306564,0.08259752392769,-2.23819994926453,-0.76335543394089,0.06898218393326,-2.23992991447449,0.46726294435154,0.47579560916491,0.47718074402579
102.376,moving_to_right,1,-0.75586348772049,0.08428245782852,-2.2307608127594,-0.75514805316925,0.08008828759193,-2.23851871490479,-0.76335543394089,0.06898218393326,-2.23992991447449,0.4832713676376,0.47589755057086,0.47718074402579
102.515,moving_to_right,1,-0.73352479934692,0.07162857055664,-2.21449780464172,-0.75653547048569,0.07821080833673,-2.23875737190247,-0.76335543394089,0.06898218393326,-2.23992991447449,0.53767223267081,0.47675551561756,0.47718074402579
102.653,moving_to_right,1,-0.73557084798813,0.07207114249468,-2.21080708503723,-0.75768846273422,0.07665071636438,-2.23895645141602,-0.76335543394089,0.06898218393326,-2.23992991447449,0.51770926413568,0.47746846862873,0.47718074402579
102.792,moving_to_right,1,-0.7362807393074,0.07069180905819,-2.21159768104553,-0.75864636898041,0.075354360044,-2.2391209602356,-0.76335543394089,0.06898218393326,-2.23992991447449,0.50538866712171,0.47806090496796,0.47718074402579
102.945,moving_to_right,1,-0.73700952529907,0.07283286005259,-2.21143078804016,-0.75640642642975,0.07437623292208,-2.23601746559143,-0.76335543394089,0.06898218393326,-2.23992991447449,0.50854057976407,0.48113660090415,0.47718074402579
103.084,moving_to_right,1,-0.69975656270981,0.15315553545952,-2.22304534912109,-0.75480729341507,0.0738698169589,-2.23367834091187,-0.76335543394089,0.06898218393326,-2.23992991447449,0.46341842064044,0.48376950770964,0.47718074402579
103.235,moving_to_right,1,-0.73345226049423,0.07579442858696,-2.21142220497131,-0.7534784078598,0.07344898581505,-2.23173451423645,-0.76335543394089,0.06898218393326,-2.23992991447449,0.52337134510481,0.48595733757336,0.47718074402579
103.376,moving_to_right,1,-0.67812347412109,0.13973748683929,-2.19570326805115,-0.75227463245392,0.07306776195765,-2.22997379302979,-0.76335543394089,0.06898218393326,-2.23992991447449,0.50178277958892,0.48793956562142,0.47718074402579
103.515,moving_to_right,1,-0.73612004518509,0.07070994377136,-2.20980834960938,-0.75137388706207,0.07278252393007,-2.22865629196167,-0.76335543394089,0.06898218393326,-2.23992991447449,0.50562803529351,0.4894228479244,0.47718074402579
103.653,moving_to_right,1,-0.77752780914307,0.05994636192918,-2.23788261413574,-0.75062543153763,0.07254549115896,-2.22756171226501,-0.76335543394089,0.06898218393326,-2.23992991447449,0.47847457030827,0.4906554264126,0.47718074402579
103.792,moving_to_right,1,-0.68259793519974,0.13343495130539,-2.19638800621033,-0.74990981817245,0.07212503254414,-2.22648096084595,-0.76335543394089,0.06898218393326,-2.23992991447449,0.50016176410075,0.49137287384098,0.47718074402579
103.93,moving_to_right,1,-0.73787426948547,0.07008000463247,-2.21123671531677,-0.74936974048615,0.07180774211884,-2.22566533088684,-0.76335543394089,0.06898218393326,-2.23992991447449,0.49762410836591,0.49191382875221,0.47718074402579
104.07,moving_to_right,1,-0.73587226867676,0.07111187279224,-2.21183323860168,-0.75039827823639,0.07159995287657,-2.22671437263489,-0.76335543394089,0.06898218393326,-2.23992991447449,0.51288034838553,0.49154521915322,0.47718074402579
104.209,moving_to_right,1,-0.73367446660995,0.07640900462866,-2.21339154243469,-0.75056850910187,0.07134640961885,-2.22674179077148,-0.76335543394089,0.06898218393326,-2.23992991447449,0.53568497869865,0.49126957019716,0.47718074402579
104.348,moving_to_right,1,-0.74291974306107,0.10937803983688,-2.23278284072876,-0.74999684095383,0.07117183506489,-2.2261757850647,-0.76335543394089,0.06898218393326,-2.23992991447449,0.46371230312996,0.49264663844343,0.47718074402579
104.473,moving_to_right,1,-0.7346528172493,0.07226995378733,-2.2127628326416,-0.74986833333969,0.07103908061981,-2.22605633735657,-0.76335543394089,0.06898218393326,-2.23992991447449,0.50912192923003,0.49368574206618,0.47718074402579
104.612,moving_to_right,1,-0.74654197692871,0.0958839058876,-2.23476505279541,-0.74960601329803,0.07099759578705,-2.22596263885498,-0.76335543394089,0.06898218393326,-2.23992991447449,0.47768786897912,0.4942584419638,0.47718074402579
104.736,moving_to_right,1,-0.76548653841019,0.06985433399677,-2.23890328407288,-0.74951004981995,0.07096134126186,-2.22597408294678,-0.76335543394089,0.06898218393326,-2.23992991447449,0.47223132175618,0.49464610095268,0.47718074402579
104.874,moving_to_right,1,-0.72498089075089,0.12944249808788,-2.22835564613342,-0.75008022785187,0.07345921546221,-2.22778940200806,-0.76335543394089,0.06898218393326,-2.23992991447449,0.47608586239406,0.4901576609711,0.47718074402579
105.015,moving_to_right,1,-0.73637014627457,0.07657124102116,-2.21305847167969,-0.75059688091278,0.0757220312953,-2.2294340133667,-0.76335543394089,0.06898218393326,-2.23992991447449,0.53564676761213,0.48655559861356,0.47718074402579
105.14,moving_to_right,1,-0.73850721120834,0.07432413846254,-2.20893120765686,-0.75104707479477,0.07682992517948,-2.23045134544373,-0.76335543394089,0.06898218393326,-2.23992991447449,0.4849629131685,0.48437709818968,0.47718074402579
105.279,moving_to_right,1,-0.73661452531815,0.12005727738142,-2.23285555839539,-0.7517152428627,0.0769324824214,-2.23122024536133,-0.76335543394089,0.06898218393326,-2.23992991447449,0.45808729711775,0.48267115097287,0.47718074402579
105.416,moving_to_right,1,-0.74908930063248,0.06428787857294,-2.21187305450439,-0.75112640857697,0.07622273266315,-2.22959327697754,-0.76335543394089,0.06898218393326,-2.23992991447449,0.51200448196108,0.48233826409817,0.47718074402579
105.556,moving_to_right,1,-0.74904423952103,0.06390751153231,-2.21151232719421,-0.75052809715271,0.07550150901079,-2.22793960571289,-0.76335543394089,0.06898218393326,-2.23992991447449,0.50323727062178,0.48195866964323,0.47718074402579
105.694,moving_to_right,1,-0.73118948936462,0.12445515394211,-2.2311384677887,-0.74836385250092,0.07524523884058,-2.22447037696838,-0.73850721120834,0.07432413846254,-2.20893120765686,0.45816811962143,0.48166924439464,0.47718074402579
105.834,moving_to_right,1,-0.73788148164749,0.11716494709253,-2.23079085350037,-0.74654734134674,0.0750754699111,-2.22160673141479,-0.73850721120834,0.07432413846254,-2.20893120765686,0.45075011512199,0.48133900483598,0.47718074402579
105.972,moving_to_right,1,-0.74530392885208,0.074906937778,-2.20599102973938,-0.74525320529938,0.07905638217926,-2.22175097465515,-0.73850721120834,0.07432413846254,-2.20893120765686,0.4747298041845,0.4781734576053,0.47718074402579
106.097,moving_to_right,1,-0.6831414103508,0.13791891932487,-2.1974573135376,-0.74421763420105,0.07832989096642,-2.21978282928467,-0.73850721120834,0.07432413846254,-2.20893120765686,0.51239529493955,0.47811323526233,0.47718074402579
106.237,moving_to_right,1,-0.73481941223145,0.11616759747267,-2.22867870330811,-0.74309343099594,0.08250912278891,-2.22029185295105,-0.73850721120834,0.07432413846254,-2.20893120765686,0.44981624606754,0.47490750422416,0.47718074402579
106.389,moving_to_right,1,-0.7626485824585,0.05449030175805,-2.21028804779053,-0.74182486534119,0.08580366522074,-2.22046494483948,-0.73850721120834,0.07432413846254,-2.20893120765686,0.51459981880306,0.47218520570051,0.47718074402579
106.528,moving_to_right,1,-0.76347953081131,0.05631126835942,-2.20787072181702,-0.74087578058243,0.08826870471239,-2.22059416770935,-0.73850721120834,0.07432413846254,-2.20893120765686,0.52609515308406,0.47014870792016,0.47718074402579
106.681,moving_to_right,1,-0.76045793294907,0.06228905916214,-2.20414757728577,-0.7404807806015,0.08557334542274,-2.21830749511719,-0.73850721120834,0.07432413846254,-2.20893120765686,0.4792641055632,0.47144446297784,0.47718074402579
106.834,moving_to_right,1,-0.79586559534073,0.05611247196794,-2.23327422142029,-0.74263662099838,0.08211871981621,-2.21603035926819,-0.73850721120834,0.07432413846254,-2.20893120765686,0.49921864744244,0.47328478436964,0.47718074402579
106.973,moving_to_right,1,-0.73830217123032,0.11666103452444,-2.23044919967651,-0.74448037147522,0.07871276140213,-2.21497344970703,-0.73850721120834,0.07432413846254,-2.20893120765686,0.46664689416628,0.47788317169985,0.47718074402579
107.125,moving_to_right,1,-0.76203292608261,0.0617060624063,-2.20688509941101,-0.74615067243576,0.07562732696533,-2.21401500701904,-0.73850721120834,0.07432413846254,-2.20893120765686,0.5149091134825,0.48204864908866,0.47718074402579
107.265,moving_to_right,1,-0.78581547737122,0.06155266985297,-2.23297190666199,-0.7473356127739,0.07407847046852,-2.21293997764587,-0.73850721120834,0.07432413846254,-2.20893120765686,0.48212140578492,0.48519796681166,0.47718074402579
107.417,moving_to_right,1,-0.7365927696228,0.12064357846975,-2.22875690460205,-0.74684303998947,0.07396161556244,-2.21254777908325,-0.73850721120834,0.07432413846254,-2.20893120765686,0.4704637359931,0.48350340095666,0.47718074402579
107.57,moving_to_right,1,-0.76523286104202,0.05658020451665,-2.20759296417236,-0.75073701143265,0.07256245613098,-2.21464061737061,-0.73850721120834,0.07432413846254,-2.20893120765686,0.49920152236071,0.48233772982569,0.47718074402579
107.71,moving_to_right,1,-0.76219147443771,0.06153966858983,-2.20741295814514,-0.75148355960846,0.07099202275276,-2.21353387832642,-0.73850721120834,0.07432413846254,-2.20893120765686,0.52103947817787,0.48378454562739,0.47718074402579
107.849,moving_to_right,1,-0.77105718851089,0.05302417650819,-2.20491147041321,-0.75061303377151,0.07121556252241,-2.2132248878479,-0.73850721120834,0.07432413846254,-2.20893120765686,0.51061869012267,0.48664041308187,0.47718074402579
108.001,moving_to_right,1,-0.75598073005676,0.10977271944284,-2.23376250267029,-0.75129354000092,0.06990224123001,-2.21233439445496,-0.73850721120834,0.07432413846254,-2.20893120765686,0.43750996369649,0.4874249290407,0.47718074402579
108.138,moving_to_right,1,-0.70959717035294,0.14220802485943,-2.21972346305847,-0.75099635124207,0.06972279399633,-2.21197438240051,-0.73850721120834,0.07432413846254,-2.20893120765686,0.20085988197951,0.48795812211634,0.47718074402579
108.307,moving_to_right,1,-0.78596979379654,0.03937800228596,-2.19844341278076,-0.75055837631226,0.06954242289066,-2.21152853965759,-0.73850721120834,0.07432413846254,-2.20893120765686,0.51041300039803,0.48858726057677,0.47718074402579
108.457,moving_to_right,1,-0.70872181653976,0.1398911178112,-2.2237274646759,-0.74974989891052,0.06986321508884,-2.21135449409485,-0.73850721120834,0.07432413846254,-2.20893120765686,0.14788396802379,0.49127706467209,0.47718074402579
108.625,moving_to_right,1,-0.77568858861923,0.06430318951607,-2.20450139045715,-0.74967300891876,0.07554141432047,-2.21414542198181,-0.73850721120834,0.07432413846254,-2.20893120765686,0.47928311355735,0.4829747101149,0.47718074402579
108.778,moving_to_right,1,-0.78441542387009,0.05943004414439,-2.20491433143616,-0.74962097406387,0.07938604056835,-2.21603465080261,-0.73850721120834,0.07432413846254,-2.20893120765686,0.4672104318776,0.47735325063472,0.47718074402579
108.929,moving_to_right,1,-0.78675490617752,0.07434566318989,-2.22808456420898,-0.75165700912476,0.07747524231672,-2.21436715126038,-0.73850721120834,0.07432413846254,-2.20893120765686,0.47118018817615,0.47734160159189,0.47718074402579
109.083,moving_to_right,1,-0.79217928647995,0.07101099938154,-2.23060965538025,-0.75350141525269,0.07574425637722,-2.21285676956177,-0.73850721120834,0.07432413846254,-2.20893120765686,0.47921036028661,0.4773297371315,0.47718074402579
109.237,moving_to_right,1,-0.79082709550858,0.06349211931229,-2.23018717765808,-0.75650155544281,0.075463950634,-2.21445226669312,-0.73850721120834,0.07432413846254,-2.20893120765686,0.49062235982546,0.47655539158565,0.47718074402579
109.39,moving_to_right,1,-0.76572793722153,0.05930142477155,-2.20161008834839,-0.75934606790543,0.07487358897924,-2.21592330932617,-0.73850721120834,0.07432413846254,-2.20893120765686,0.49959639116553,0.47660159068124,0.47718074402579
109.542,moving_to_right,1,-0.79444235563278,0.06072420999408,-2.22979378700256,-0.76166623830795,0.07439202815294,-2.21712303161621,-0.73850721120834,0.07432413846254,-2.20893120765686,0.49374145178116,0.47664400442649,0.47718074402579
109.695,moving_to_right,1,-0.79543334245682,0.06897033005953,-2.23347115516663,-0.76340353488922,0.07313615828753,-2.21805334091187,-0.73850721120834,0.07432413846254,-2.20893120765686,0.47424962110741,0.47828582404678,0.47718074402579
109.849,moving_to_right,1,-0.79608398675919,0.05931885913014,-2.22956347465515,-0.7648206949234,0.07211174815893,-2.21881198883057,-0.73850721120834,0.07432413846254,-2.20893120765686,0.48000003919087,0.47962488619304,0.47718074402579
110.014,moving_to_right,1,-0.71593165397644,0.13041695952415,-2.21985030174255,-0.76651924848557,0.07086475193501,-2.21943235397339,-0.73850721120834,0.07432413846254,-2.20893120765686,0.24242052586238,0.48119314572903,0.47718074402579
110.167,moving_to_right,1,-0.78131777048111,0.04845035076141,-2.20143151283264,-0.76777720451355,0.06994122266769,-2.2198920249939,-0.73850721120834,0.07432413846254,-2.20893120765686,0.48812261357828,0.48235444595168,0.47718074402579
110.333,moving_to_right,1,-0.79399794340134,0.03719311580062,-2.20278716087341,-0.76899188756943,0.06902661919594,-2.22024035453796,-0.73850721120834,0.07432413846254,-2.20893120765686,0.52551747001809,0.48140085595758,0.47718074402579
110.487,moving_to_right,1,-0.7878845334053,0.06813646107912,-2.22744584083557,-0.77006298303604,0.06821995228529,-2.22054743766785,-0.73850721120834,0.07432413846254,-2.20893120765686,0.48285201623578,0.48055984025219,0.47718074402579
110.653,moving_to_right,1,-0.79901713132858,0.05550344660878,-2.22877955436707,-0.76920706033707,0.06867403537035,-2.22026133537292,-0.73850721120834,0.07432413846254,-2.20893120765686,0.47629798065316,0.48028953676759,0.47718074402579
110.819,moving_to_right,1,-0.78238064050674,0.05984402820468,-2.20480918884277,-0.76921701431274,0.06900509446859,-2.22029852867126,-0.73850721120834,0.07432413846254,-2.20893120765686,0.44683586029748,0.48006074161979,0.47718074402579
110.973,moving_to_right,1,-0.75208288431168,0.11059426516294,-2.22935318946838,-0.76841068267822,0.06685387343168,-2.21710252761841,-0.73850721120834,0.07432413846254,-2.20893120765686,0.42125514007524,0.480844912634,0.47718074402579
111.125,moving_to_right,1,-0.7625617980957,0.10481191426516,-2.2260205745697,-0.76856738328934,0.06752036511898,-2.21772170066834,-0.73850721120834,0.07432413846254,-2.20893120765686,0.43937754507247,0.48057524905319,0.47718074402579
111.279,moving_to_right,1,-0.77181988954544,0.08492938429117,-2.23033118247986,-0.76869523525238,0.06806401908398,-2.21822690963745,-0.73850721120834,0.07432413846254,-2.20893120765686,0.45685989765228,0.48032544586411,0.47718074402579
111.43,moving_to_right,1,-0.76442295312881,0.09003452211618,-2.22897911071777,-0.76695662736893,0.06972750276327,-2.2185206413269,-0.73850721120834,0.07432413846254,-2.20893120765686,0.45880088820537,0.47765438597187,0.47718074402579
111.598,moving_to_right,1,-0.75841599702835,0.1132123991847,-2.22729587554932,-0.76432329416275,0.07280446588993,-2.21914052963257,-0.73850721120834,0.07432413846254,-2.20893120765686,0.48338097227459,0.47510367901764,0.47718074402579
111.751,moving_to_right,1,-0.78595590591431,0.04418744519353,-2.20368123054504,-0.76232659816742,0.07658407092094,-2.21922063827515,-0.73850721120834,0.07432413846254,-2.20893120765686,0.5042496250374,0.47114702743593,0.47718074402579
111.904,moving_to_right,1,-0.69317835569382,0.12966172397137,-2.19434380531311,-0.76057481765747,0.07641786336899,-2.21846389770508,-0.73850721120834,0.07432413846254,-2.20893120765686,0.52410595187024,0.47014916175588,0.47718074402579
112.056,moving_to_right,1,-0.75501728057861,0.11178500205278,-2.23150706291199,-0.75895184278488,0.07626388967037,-2.21776270866394,-0.73850721120834,0.07432413846254,-2.20893120765686,0.44158991976076,0.46933533848107,0.47718074402579
112.209,moving_to_right,1,-0.7217173576355,0.12574166059494,-2.22418236732483,-0.75746917724609,0.08037018030882,-2.21824312210083,-0.73850721120834,0.07432413846254,-2.20893120765686,0.24077322660046,0.47149279217452,0.47718074402579
112.376,moving_to_right,1,-0.67841482162476,0.14322598278522,-2.19264912605286,-0.75616157054901,0.08399169147015,-2.21866607666016,-0.73850721120834,0.07432413846254,-2.20893120765686,0.53004446348025,0.47339541193681,0.47718074402579
112.528,moving_to_right,1,-0.74936580657959,0.10885519534349,-2.22786211967468,-0.74770480394363,0.08856189996004,-2.21519756317139,-0.73850721120834,0.07432413846254,-2.20893120765686,0.46192544355032,0.4794791141778,0.47718074402579
112.681,moving_to_right,1,-0.78615242242813,0.05252404883504,-2.2089569568634,-0.74725610017776,0.08990158140659,-2.21621584892273,-0.73850721120834,0.07432413846254,-2.20893120765686,0.46030933779799,0.47730444002912,0.47718074402579
112.834,moving_to_right,1,-0.78881597518921,0.05118146538734,-2.20972156524658,-0.74689012765884,0.09099438041449,-2.21704626083374,-0.73850721120834,0.07432413846254,-2.20893120765686,0.45444486572886,0.47553028313817,0.47718074402579
113.0,moving_to_right,1,-0.79856532812119,0.03412717953324,-2.20650506019592,-0.74736887216568,0.09469018131495,-2.21929550170898,-0.74936580657959,0.10885519534349,-2.22786211967468,0.51047309369257,0.47396545294643,0.47718074402579
113.153,moving_to_right,1,-0.76092261075974,0.09754661470652,-2.23007273674011,-0.7519593834877,0.09083479642868,-2.21870422363281,-0.74936580657959,0.10885519534349,-2.22786211967468,0.46414844872987,0.4726212874052,0.47718074402579
113.305,moving_to_right,1,-0.77191257476807,0.09646252542734,-2.23391723632813,-0.75539398193359,0.08795008808374,-2.21826195716858,-0.74936580657959,0.10885519534349,-2.22786211967468,0.43101185043511,0.47161549352523,0.47718074402579
113.473,moving_to_right,1,-0.73425894975662,0.12547999620438,-2.22495484352112,-0.76493275165558,0.07703120261431,-2.21541428565979,-0.78615242242813,0.05252404883504,-2.2089569568634,0.51855687733659,0.47055772780243,0.47718074402579
113.625,moving_to_right,1,-0.80171948671341,0.06062410399318,-2.23111939430237,-0.76594740152359,0.07768253982067,-2.21664786338806,-0.78615242242813,0.05252404883504,-2.2089569568634,0.48656167825202,0.47028239103397,0.47718074402579
113.779,moving_to_right,1,-0.75432568788528,0.10425192117691,-2.22947287559509,-0.76677507162094,0.07821383327246,-2.21765398979187,-0.78615242242813,0.05252404883504,-2.2089569568634,0.46637918680184,0.47005802280717,0.47718074402579
113.945,moving_to_right,1,-0.78698712587357,0.04539966955781,-2.20450234413147,-0.76542729139328,0.08286758512259,-2.22068452835083,-0.76092261075974,0.09754661470652,-2.23007273674011,0.52691492349191,0.46985977779121,0.47718074402579
114.113,moving_to_right,1,-0.7841882109642,0.04776532948017,-2.20494151115417,-0.76340317726135,0.08790455013514,-2.22339057922363,-0.76092261075974,0.09754661470652,-2.23007273674011,0.53365357591978,0.47044518302563,0.47718074402579
114.264,moving_to_right,1,-0.70505690574646,0.1390867382288,-2.22281956672668,-0.76561653614044,0.08396741747856,-2.22173738479614,-0.76092261075974,0.09754661470652,-2.23007273674011,0.22803446292507,0.47816855225601,0.47718074402579
114.417,moving_to_right,1,-0.78628462553024,0.08155214041471,-2.23364520072937,-0.76742202043533,0.08075587451458,-2.22038888931274,-0.76092261075974,0.09754661470652,-2.23007273674011,0.47187737092737,0.48446865559127,0.47718074402579
114.57,moving_to_right,1,-0.78845739364624,0.04368138313293,-2.20558047294617,-0.76913529634476,0.08201442658901,-2.22258377075195,-0.76092261075974,0.09754661470652,-2.23007273674011,0.53645030528711,0.48251627694688,0.47718074402579
114.737,moving_to_right,1,-0.80393582582474,0.05498884618282,-2.23038387298584,-0.77038633823395,0.07893124222755,-2.22095727920532,-0.76092261075974,0.09754661470652,-2.23007273674011,0.49065436056114,0.4884619678319,0.47718074402579
114.89,moving_to_right,1,-0.67180460691452,0.16889719665051,-2.21751594543457,-0.77131289243698,0.07664785534143,-2.21975255012512,-0.76092261075974,0.09754661470652,-2.23007273674011,0.2612790949911,0.49286541632602,0.47718074402579
115.056,moving_to_right,1,-0.71671634912491,0.1348120123148,-2.22441673278809,-0.77111649513245,0.07851590961218,-2.22115778923035,-0.76092261075974,0.09754661470652,-2.23007273674011,0.1381987234923,0.48908217927248,0.47718074402579
115.222,moving_to_right,1,-0.75029212236404,0.11472705006599,-2.23040008544922,-0.77036684751511,0.07991550117731,-2.2218132019043,-0.76092261075974,0.09754661470652,-2.23007273674011,0.44087989311349,0.48628033041626,0.47718074402579
115.389,moving_to_right,1,-0.80840295553207,0.05375891551375,-2.2335889339447,-0.76692950725555,0.08597717434168,-2.22362351417542,-0.76092261075974,0.09754661470652,-2.23007273674011,0.4612397428802,0.479495801701,0.47718074402579
115.556,moving_to_right,1,-0.75162792205811,0.10371113568544,-2.22955775260925,-0.76441317796707,0.09041474014521,-2.22494959831238,-0.76092261075974,0.09754661470652,-2.23007273674011,0.464272025986,0.47452925942062,0.47718074402579
115.722,moving_to_right,1,-0.75670963525772,0.09977517277002,-2.22744297981262,-0.76254969835281,0.09370119124651,-2.22593140602112,-0.76092261075974,0.09754661470652,-2.23007273674011,0.47923917899226,0.47085103085466,0.47718074402579
115.875,right,1,-0.75046736001968,0.1045209094882,-2.23064160346985,-0.76222556829453,0.09446743130684,-2.22675633430481,-0.76092261075974,0.09754661470652,-2.23007273674011,0.45343484885478,0.47051033160798,0.47718074402579
116.042,right,1,-0.80449169874191,0.06046240404248,-2.2327356338501,-0.76196593046188,0.09508099406958,-2.22741723060608,-0.76092261075974,0.09754661470652,-2.23007273674011,0.49306494394279,0.47023752801669,0.47718074402579
116.209,right,1,-0.7523757815361,0.10796368122101,-2.22658276557922,-0.76175802946091,0.09557229280472,-2.22794651985168,-0.76092261075974,0.09754661470652,-2.23007273674011,0.47262515296863,0.47257938190618,0.47718074402579
116.36,right,1,-0.70572119951248,0.13699896633625,-2.22324633598328,-0.76161682605743,0.09590604156256,-2.22830677032471,-0.76092261075974,0.09754661470652,-2.23007273674011,0.24915291741793,0.47199804658933,0.47718074402579
116.528,right,1,-0.71108788251877,0.13975594937801,-2.22310543060303,-0.7614683508873,0.09625706076622,-2.22868490219116,-0.76092261075974,0.09754661470652,-2.23007273674011,0.16536152515511,0.47310655401583,0.47718074402579
116.682,right,1,-0.70516133308411,0.13809268176556,-2.2232882976532,-0.76136779785156,0.09649471193552,-2.22894096374512,-0.76092261075974,0.09754661470652,-2.23007273674011,0.24120886922797,0.47113159244326,0.47718074402579
116.849,right,1,-0.79535323381424,0.07205372303724,-2.23378562927246,-0.7544282078743,0.10160060971975,-2.22831916809082,-0.76092261075974,0.09754661470652,-2.23007273674011,0.47025786716266,0.44403752670891,0.47718074402579
117.014,right,1,-0.75684136152267,0.10352728515863,-2.22798728942871,-0.74887150526047,0.10568907111883,-2.22782182693481,-0.76092261075974,0.09754661470652,-2.23007273674011,0.47199215537215,0.42234211360276,0.47718074402579
117.167,right,1,-0.76547294855118,0.0942659676075,-2.22965550422668,-0.73735499382019,0.114048615098,-2.22660613059998,-0.70572119951248,0.13699896633625,-2.22324633598328,0.47374078441852,0.37615208138841,0.24915290297689
117.334,right,1,-0.71528202295303,0.13303646445274,-2.22054409980774,-0.73739594221115,0.11446771770716,-2.2265248298645,-0.70572119951248,0.13699896633625,-2.22324633598328,0.25042931773136,0.37850189480043,0.24915290297689
117.501,right,1,-0.74548214673996,0.11180657148361,-2.2285144329071,-0.73742860555649,0.11480329185724,-2.22645974159241,-0.70572119951248,0.13699896633625,-2.22324633598328,0.47807415412488,0.3803834912629,0.24915290297689
117.654,right,1,-0.78793746232986,0.04321575537324,-2.20577812194824,-0.74144196510315,0.11249282211065,-2.22677206993103,-0.75684136152267,0.10352728515863,-2.22798728942871,0.51732923884534,0.40429227056681,0.47199215537215
117.806,right,1,-0.7526815533638,0.10592663288116,-2.22999477386475,-0.74427998065948,0.11084050685167,-2.22699642181396,-0.75684136152267,0.10352728515863,-2.22798728942871,0.48147833071516,0.42337071756767,0.47199215537215
117.975,right,1,-0.75849276781082,0.1010856628418,-2.22873139381409,-0.74678295850754,0.10938324779272,-2.22719359397888,-0.75684136152267,0.10352728515863,-2.22798728942871,0.47648442836769,0.43423643755627,0.47199215537215
118.125,right,1,-0.74996918439865,0.1083245202899,-2.22962117195129,-0.74863660335541,0.10830400884151,-2.22733998298645,-0.75684136152267,0.10352728515863,-2.22798728942871,0.47575498338806,0.44228391358218,0.47199215537215
118.279,right,1,-0.75130587816238,0.115225084126,-2.23223257064819,-0.75014853477478,0.10742367058992,-2.227459192276,-0.75684136152267,0.10352728515863,-2.22798728942871,0.4220833794492,0.44884813393118,0.47199215537215
118.446,right,1,-0.76158446073532,0.09770161658525,-2.23098683357239,-0.75148206949234,0.10664726793766,-2.22756457328796,-0.75684136152267,0.10352728515863,-2.22798728942871,0.46088468363325,0.45463724957764,0.47199215537215
118.612,right,1,-0.74636000394821,0.11350194364786,-2.22877621650696,-0.75255006551743,0.10602557659149,-2.22764873504639,-0.75684136152267,0.10352728515863,-2.22798728942871,0.46244670228162,0.45927278450346,0.47199215537215
118.765,right,1,-0.80005979537964,0.05598115548491,-2.23348712921143,-0.75334084033966,0.10556515306234,-2.22771120071411,-0.75684136152267,0.10352728515863,-2.22798728942871,0.48110564775776,0.46326157670448,0.47199215537215
118.931,right,1,-0.78775638341904,0.04441512748599,-2.20615649223328,-0.75403839349747,0.10515909641981,-2.2277660369873,-0.75684136152267,0.10352728515863,-2.22798728942871,0.51928278578761,0.46634226800585,0.47199215537215
119.096,right,1,-0.82852625846863,0.04341120645404,-2.23591494560242,-0.75455492734909,0.10485837608576,-2.22780656814575,-0.75684136152267,0.10352728515863,-2.22798728942871,0.46693979173508,0.4661088140241,0.47199215537215
119.251,right,1,-0.75840473175049,0.10037636756897,-2.2306923866272,-0.7603742480278,0.09869237244129,-2.22852492332459,-0.75684136152267,0.10352728515863,-2.22798728942871,0.46952403944083,0.46841222813085,0.47199215537215
119.418,right,1,-0.81373739242554,0.0473196618259,-2.23278260231018,-0.76503401994705,0.09375500679016,-2.22910046577454,-0.75684136152267,0.10352728515863,-2.22798728942871,0.48940455801609,0.47025661409342,0.47199215537215
119.569,right,1,-0.74474614858627,0.11340037733316,-2.22775411605835,-0.77360618114471,0.08451525866985,-2.23017358779907,-0.80005979537964,0.05598115548491,-2.23348712921143,0.47860626516228,0.47150966563882,0.47199218191601
119.737,right,1,-0.68879628181458,0.13474634289742,-2.19406414031982,-0.78385823965073,0.07420855015516,-2.23115921020508,-0.80005979537964,0.05598115548491,-2.23348712921143,0.51098041482661,0.4739330900154,0.47199218191601
119.89,right,1,-0.71794182062149,0.09477072954178,-2.19679689407349,-0.78206288814545,0.07594519853592,-2.23126721382141,-0.80005979537964,0.05598115548491,-2.23348712921143,-0.2867561185548,0.47368928252267,0.47199218191601
120.056,right,1,-0.80845183134079,0.05278619006276,-2.23128914833069,-0.77878415584564,0.07909318804741,-2.23099756240845,-0.80005979537964,0.05598115548491,-2.23348712921143,0.48165343466581,0.47355351600828,0.47199218191601
120.21,right,1,-0.79601907730103,0.03684156015515,-2.20936131477356,-0.77635610103607,0.08142459392548,-2.23079800605774,-0.80005979537964,0.05598115548491,-2.23348712921143,0.52274617334027,0.47343870391481,0.47199218191601
120.376,right,1,-0.76127332448959,0.09831317514181,-2.23094630241394,-0.76730644702911,0.09057159721851,-2.22992849349976,-0.74474614858627,0.11340037733316,-2.22775411605835,0.45716338332368,0.47338277616104,0.47199223555982
120.54,right,1,-0.7516947388649,0.08938159793615,-2.22517991065979,-0.76564729213715,0.09225052595139,-2.22976851463318,-0.74474614858627,0.11340037733316,-2.22775411605835,0.41914660522501,0.47142412381689,0.47199223555982
120.695,right,1,-0.74197149276733,0.12400358915329,-2.23344349861145,-0.76397603750229,0.09394158422947,-2.22960758209229,-0.74474614858627,0.11340037733316,-2.22775411605835,0.43172431179088,0.4649788372138,0.47199223555982
120.848,right,1,-0.79330462217331,0.06169370934367,-2.23266839981079,-0.76256173849106,0.09537265449762,-2.22947120666504,-0.74474614858627,0.11340037733316,-2.22775411605835,0.47303980456111,0.4645689740801,0.47199223555982
121.015,right,1,-0.7514483332634,0.10389492660761,-2.23163509368896,-0.76113730669022,0.09681405872107,-2.22933411598206,-0.74474614858627,0.11340037733316,-2.22775411605835,0.43851117329942,0.46420762505529,0.47199223555982
121.167,right,1,-0.77744859457016,0.05344172939658,-2.20408654212952,-0.75811648368835,0.09987083822489,-2.22904276847839,-0.74474614858627,0.11340037733316,-2.22775411605835,0.49414950121303,0.46179946696207,0.47199223555982
121.334,right,1,-0.78062868118286,0.05138507112861,-2.20352053642273,-0.75545227527618,0.10256676375866,-2.22878551483154,-0.74474614858627,0.11340037733316,-2.22775411605835,0.49262919690079,0.4596756667921,0.47199223555982
121.486,right,1,-0.76858597993851,0.07158670574427,-2.20778250694275,-0.75708562135696,0.09808520972729,-2.22611951828003,-0.74474614858627,0.11340037733316,-2.22775411605835,0.4827803796675,0.46409095174105,0.47199223555982
121.639,right,1,-0.75382572412491,0.11057393997908,-2.23455500602722,-0.75868535041809,0.09369570761919,-2.22350811958313,-0.74474614858627,0.11340037733316,-2.22775411605835,0.4203327677201,0.46841532044656,0.47199223555982
121.805,right,1,-0.78568536043167,0.07913383096457,-2.23486065864563,-0.75885283946991,0.09252763539553,-2.22199773788452,-0.74474614858627,0.11340037733316,-2.22775411605835,0.46482852366568,0.47031275252827,0.47199223555982
121.959,right,1,-0.68165302276611,0.14000441133976,-2.193598985672,-0.75900053977966,0.09149744361639,-2.22066569328308,-0.74474614858627,0.11340037733316,-2.22775411605835,0.51828137173676,0.47198615742356,0.47199223555982
122.112,right,1,-0.78640002012253,0.07809705287218,-2.23154807090759,-0.76141691207886,0.0864379927516,-2.21735525131226,-0.76858597993851,0.07158670574427,-2.20778250694275,0.48604876465575,0.47322555194964,0.47199226210368
122.264,right,1,-0.76989269256592,0.08686960488558,-2.23421263694763,-0.7647830247879,0.0844482332468,-2.21831846237183,-0.76858597993851,0.07158670574427,-2.20778250694275,0.45061773074172,0.47461152353903,0.47199226210368
122.431,right,1,-0.79362916946411,0.03849643096328,-2.20785117149353,-0.7650870680809,0.08341987431049,-2.21747636795044,-0.76858597993851,0.07158670574427,-2.20778250694275,0.51841090162293,0.47143683917628,0.47199226210368
122.582,right,1,-0.78833073377609,0.0743298381567,-2.23444294929504,-0.76755422353745,0.08210494369268,-2.21833968162537,-0.76858597993851,0.07158670574427,-2.20778250694275,0.48478451766385,0.47301069460722,0.47199226210368
122.75,right,1,-0.76399630308151,0.09627648442984,-2.23034477233887,-0.77014869451523,0.08072207868099,-2.21924781799316,-0.76858597993851,0.07158670574427,-2.20778250694275,0.47432026403619,0.47466579906678,0.47199226210368
122.904,right,1,-0.7780299782753,0.08620598912239,-2.23373365402222,-0.7708991765976,0.0799203068018,-2.21907043457031,-0.76858597993851,0.07158670574427,-2.20778250694275,0.48567682155922,0.47578654598192,0.47199226210368
123.07,right,1,-0.75401878356934,0.10303048044443,-2.2303671836853,-0.77071416378021,0.07925398647785,-2.21816778182983,-0.76858597993851,0.07158670574427,-2.20778250694275,0.46316169661425,0.47672867130608,0.47199226210368
123.222,right,1,-0.76270794868469,0.09265283495188,-2.2311372756958,-0.77057141065598,0.07873959839344,-2.21747159957886,-0.76858597993851,0.07158670574427,-2.20778250694275,0.44469506651197,0.47736855266825,0.47199226210368
123.389,right,1,-0.74216318130493,0.12475192546844,-2.23296189308167,-0.76953494548798,0.08049929141998,-2.21840476989746,-0.76858597993851,0.07158670574427,-2.20778250694275,0.43235749314914,0.47621813965689,0.47199226210368
123.543,right,1,-0.74922901391983,0.07146595418453,-2.19816303253174,-0.76905608177185,0.08103294670582,-2.21853137016296,-0.76858597993851,0.07158670574427,-2.20778250694275,0.46242838958587,0.47543924663343,0.47199226210368
123.708,right,1,-0.77446764707565,0.06573101878166,-2.20870518684387,-0.76902151107788,0.08033823221922,-2.21774101257324,-0.76858597993851,0.07158670574427,-2.20778250694275,0.48829656835118,0.47167072598717,0.47199226210368
123.86,right,1,-0.754503428936,0.10894322395325,-2.23532509803772,-0.76726913452148,0.08233462274075,-2.21849799156189,-0.76858597993851,0.07158670574427,-2.20778250694275,0.40985530503533,0.47071641431311,0.47199226210368
124.014,right,1,-0.76358580589294,0.0925377830863,-2.23073530197144,-0.76737463474274,0.0814752727747,-2.21764135360718,-0.76858597993851,0.07158670574427,-2.20778250694275,0.4435827131634,0.46758289874819,0.47199226210368
124.182,right,1,-0.75672799348831,0.10767871886492,-2.23552298545837,-0.76747155189514,0.08068463206291,-2.21685338020325,-0.76858597993851,0.07158670574427,-2.20778250694275,0.41948717803014,0.46493557425282,0.47199226210368
124.348,right,1,-0.76034569740295,0.09791699796915,-2.22999286651611,-0.76756066083908,0.07995718717575,-2.21612811088562,-0.76858597993851,0.07158670574427,-2.20778250694275,0.47097458448127,0.46281615475276,0.47199226210368
124.498,right,1,-0.77836412191391,0.08686145395041,-2.23277306556702,-0.76686632633209,0.08131444454193,-2.2170557975769,-0.76858597993851,0.07158670574427,-2.20778250694275,0.49204577809826,0.46510009529725,0.47199226210368
124.652,right,1,-0.71160268783569,0.13760644197464,-2.22669339179993,-0.76623737812042,0.0825439915061,-2.21789598464966,-0.76858597993851,0.07158670574427,-2.20778250694275,0.45358186404259,0.46658603829354,0.47199226210368
124.819,right,1,-0.7595482468605,0.09935817867517,-2.23066759109497,-0.76598626375198,0.08282322436571,-2.21799969673157,-0.76858597993851,0.07158670574427,-2.20778250694275,0.46461396936356,0.467663160622,0.47199226210368
124.973,right,1,-0.71346139907837,0.13727529346943,-2.22467160224915,-0.76538270711899,0.08403081446886,-2.21880412101746,-0.76858597993851,0.07158670574427,-2.20778250694275,0.46875342941097,0.46800934546502,0.47199226210368
125.138,right,1,-0.74362063407898,0.12237682938576,-2.23257350921631,-0.76517671346664,0.08428500592709,-2.21890211105347,-0.76858597993851,0.07158670574427,-2.20778250694275,0.4288660766412,0.46830200425915,0.47199226210368
125.292,right,1,-0.7564013004303,0.10364105552435,-2.22676014900208,-0.76275765895844,0.08805807679892,-2.21976351737976,-0.76858597993851,0.07158670574427,-2.20778250694275,0.4969622389616,0.46368474082067,0.47199226210368
125.46,right,1,-0.76957225799561,0.08865801244974,-2.23133969306946,-0.76082080602646,0.09107932448387,-2.22045302391052,-0.76858597993851,0.07158670574427,-2.20778250694275,0.44715713628632,0.45998829114401,0.47199226210368
125.625,right,1,-0.77785521745682,0.06314270943403,-2.2090630531311,-0.76144170761108,0.08952078223228,-2.21943998336792,-0.76858597993851,0.07158670574427,-2.20778250694275,0.48911628534436,0.46094863166642,0.47199226210368
125.78,right,1,-0.78310704231262,0.05782973766327,-2.2094783782959,-0.76196712255478,0.08820183575153,-2.21858263015747,-0.76858597993851,0.07158670574427,-2.20778250694275,0.45524745568379,0.46585022342238,0.47199226210368
125.946,right,1,-0.75035983324051,0.10600107908249,-2.2298219203949,-0.76249629259109,0.08687335252762,-2.21771931648254,-0.76858597993851,0.07158670574427,-2.20778250694275,0.46612446115188,0.46399163144247,0.47199226210368
126.112,right,1,-0.77695339918137,0.06363967806101,-2.20864176750183,-0.76298314332962,0.08565109223127,-2.21692490577698,-0.76858597993851,0.07158670574427,-2.20778250694275,0.48240624745999,0.46250379951815,0.47199226210368
126.278,right,1,-0.7449317574501,0.1215433999896,-2.23171877861023,-0.76564788818359,0.08047032356262,-2.21425294876099,-0.76858597993851,0.07158670574427,-2.20778250694275,0.43696415239664,0.46568687487131,0.47199226210368
126.431,right,1,-0.7778155207634,0.07946044206619,-2.23091149330139,-0.76650851964951,0.07836040109396,-2.21290493011475,-0.76858597993851,0.07158670574427,-2.20778250694275,0.44833310771552,0.46804442496025,0.47199226210368
126.584,right,1,-0.78288894891739,0.05735878646374,-2.21024394035339,-0.76749086380005,0.07795373350382,-2.21386218070984,-0.76858597993851,0.07158670574427,-2.20778250694275,0.45872894293932,0.4660564347991,0.47199226210368
126.75,right,1,-0.78495115041733,0.04724089801311,-2.20672345161438,-0.76780128479004,0.07748109847307,-2.21374917030334,-0.76858597993851,0.07158670574427,-2.20778250694275,0.50045949812817,0.46430284035746,0.47199226210368
126.902,right,1,-0.76415228843689,0.09337678551674,-2.23186755180359,-0.76943999528885,0.07498659938574,-2.21299982070923,-0.76858597993851,0.07158670574427,-2.20778250694275,0.44607866441868,0.46420599908384,0.47199226210368
127.071,right,1,-0.66515892744064,0.17501819133759,-2.2165641784668,-0.76972424983978,0.07488805800676,-2.2133195400238,-0.76858597993851,0.07158670574427,-2.20778250694275,-0.17853826534724,0.46271912686919,0.47199226210368
127.222,right,1,-0.78164619207382,0.0511814840138,-2.20536327362061,-0.76982855796814,0.07477077096701,-2.21334290504456,-0.76858597993851,0.07158670574427,-2.20778250694275,0.4845713019825,0.46179629505063,0.47199226210368
127.389,right,1,-0.83069163560867,0.03249212726951,-2.23355746269226,-0.7708055973053,0.07306008785963,-2.21261811256409,-0.76858597993851,0.07158670574427,-2.20778250694275,0.47173163781608,0.46267685032139,0.47199226210368
127.555,right,1,-0.76975101232529,0.0885531231761,-2.23279929161072,-0.77189558744431,0.07044634222984,-2.21144914627075,-0.76858597993851,0.07158670574427,-2.20778250694275,0.47127793830059,0.46583737516951,0.47199226210368
127.71,right,1,-0.74978178739548,0.1143845692277,-2.23555779457092,-0.77138078212738,0.07277922332287,-2.21382284164429,-0.76858597993851,0.07158670574427,-2.20778250694275,0.42333475376783,0.46716322372361,0.47199226210368
127.876,right,1,-0.76209884881973,0.09792452305555,-2.23226499557495,-0.77096855640411,0.07464724779129,-2.21572375297546,-0.76858597993851,0.07158670574427,-2.20778250694275,0.46578560894941,0.46812561977712,0.47199226210368
128.028,right,1,-0.71356719732285,0.13549780845642,-2.2250235080719,-0.77066320180893,0.07603070139885,-2.21713185310364,-0.76858597993851,0.07158670574427,-2.20778250694275,0.43916817856812,0.46883822303366,0.47199226210368
128.195,right,1,-0.78684759140015,0.05474973842502,-2.2099711894989,-0.76944416761398,0.07841385900974,-2.21830677986145,-0.76858597993851,0.07158670574427,-2.20778250694275,0.45568204379387,0.46909015312237,0.47199226210368
128.36,right,1,-0.78662246465683,0.06951683014631,-2.23282217979431,-0.76854133605957,0.08017881959677,-2.21917748451233,-0.76858597993851,0.07158670574427,-2.20778250694275,0.47434926724979,0.46930359100621,0.47199226210368
128.515,right,1,-0.74884098768234,0.11558540910482,-2.23438143730164,-0.76774501800537,0.0817354246974,-2.21994519233704,-0.76858597993851,0.07158670574427,-2.20778250694275,0.42380307716998,0.46951836165278,0.47199226210368
128.68,right,1,-0.71322637796402,0.13333533704281,-2.21989417076111,-0.76721322536469,0.08271740376949,-2.22038125991821,-0.76858597993851,0.07158670574427,-2.20778250694275,0.21805048476762,0.46970034517075,0.47199226210368
128.833,right,1,-0.76246458292007,0.09367305040359,-2.23152923583984,-0.76519989967346,0.08571644872427,-2.22111248970032,-0.76858597993851,0.07158670574427,-2.20778250694275,0.46826833765259,0.46459149833472,0.47199226210368
129.0,right,1,-0.75766056776047,0.10791853815317,-2.23440146446228,-0.7654921412468,0.08449672907591,-2.21996188163757,-0.76858597993851,0.07158670574427,-2.20778250694275,0.42435582198339,0.46617486780543,0.47199226210368
129.167,right,1,-0.76204633712769,0.09793537855148,-2.23129558563232,-0.76475256681442,0.08643323928118,-2.22083806991577,-0.76858597993851,0.07158670574427,-2.20778250694275,0.46726259797027,0.46142207055766,0.47199226210368
129.32,right,1,-0.72871422767639,0.10517487674952,-2.19833540916443,-0.76420509815216,0.08786741644144,-2.22148776054382,-0.76858597993851,0.07158670574427,-2.20778250694275,-0.06031084590783,0.45790230173472,0.47199226210368
129.487,right,1,-0.78759574890137,0.05517159774899,-2.21092486381531,-0.76254987716675,0.09292323887348,-2.22472715377808,-0.75766056776047,0.10791853815317,-2.23440146446228,0.47220925002224,0.4547979652197,0.47199228864754
129.653,right,1,-0.78728008270264,0.07814221829176,-2.23315405845642,-0.7615755200386,0.09591124206781,-2.22665500640869,-0.75766056776047,0.10791853815317,-2.23440146446228,0.47658002415616,0.45946343005614,0.47199228864754
129.807,right,1,-0.78963679075241,0.07573594897985,-2.23062896728516,-0.76085406541824,0.09812413901091,-2.22808241844177,-0.75766056776047,0.10791853815317,-2.23440146446228,0.48275329090261,0.46242990900961,0.47199228864754
129.959,right,1,-0.74862450361252,0.11740565299988,-2.23361086845398,-0.76366543769836,0.09651132673025,-2.22910404205322,-0.75766056776047,0.10791853815317,-2.23440146446228,0.43604799395001,0.46561743584678,0.47199228864754
130.113,right,1,-0.74180644750595,0.0995199456811,-2.22420763969421,-0.76595860719681,0.09519576281309,-2.2299370765686,-0.75766056776047,0.10791853815317,-2.23440146446228,0.42712251859959,0.46790637213854,0.47199228864754
130.279,right,1,-0.76148772239685,0.10539561510086,-2.23442935943604,-0.77210080623627,0.09031320363283,-2.23089218139648,-0.78728008270264,0.07814221829176,-2.23315405845642,0.42140324067036,0.46967483519414,0.47199231574749
130.429,right,1,-0.78804343938828,0.05348813906312,-2.21019577980042,-0.77311909198761,0.08949667215347,-2.23104405403137,-0.78728008270264,0.07814221829176,-2.23315405845642,0.47118133455277,0.46473997234905,0.47199231574749
130.597,right,1,-0.78620004653931,0.04508079215884,-2.20706462860107,-0.77347034215927,0.08963675051928,-2.2314248085022,-0.78728008270264,0.07814221829176,-2.23315405845642,0.50260666127175,0.45990690953451,0.47199231574749
130.75,right,1,-0.7908353805542,0.06649742275476,-2.23276448249817,-0.77377742528915,0.0897511318326,-2.23175120353699,-0.78728008270264,0.07814221829176,-2.23315405845642,0.48245087826549,0.45603649944389,0.47199231574749
130.902,right,1,-0.75432306528091,0.10380027443171,-2.23250412940979,-0.77614045143127,0.08519285172224,-2.22957110404968,-0.78728008270264,0.07814221829176,-2.23315405845642,0.4627044660096,0.46010283255308,0.47199231574749
131.07,right,1,-0.7128159403801,0.13293723762035,-2.22284317016602,-0.77862548828125,0.08039899915457,-2.22727847099304,-0.78728008270264,0.07814221829176,-2.23315405845642,0.22012863243373,0.46385235379126,0.47199231574749
131.222,right,1,-0.76889246702194,0.09145545214415,-2.23146343231201,-0.78016889095306,0.07742168009281,-2.22585439682007,-0.78728008270264,0.07814221829176,-2.23315405845642,0.44402078394427,0.46588730195665,0.47199231574749
131.39,right,1,-0.77591449022293,0.05627351999283,-2.20491480827332,-0.78078275918961,0.07748387753963,-2.22648453712463,-0.78728008270264,0.07814221829176,-2.23315405845642,0.48768775132588,0.46346586834635,0.47199231574749
131.543,right,1,-0.78767949342728,0.04490484669805,-2.20689082145691,-0.78126072883606,0.07753228396177,-2.22697520256042,-0.78728008270264,0.07814221829176,-2.23315405845642,0.49508701724026,0.46182684268521,0.47199231574749
131.695,right,1,-0.75075197219849,0.10678971558809,-2.23119735717773,-0.78170341253281,0.07757715135813,-2.22742938995361,-0.78728008270264,0.07814221829176,-2.23315405845642,0.46202319125642,0.46048987984213,0.47199231574749
131.862,right,1,-0.79827553033829,0.05672170221806,-2.23473072052002,-0.78214925527573,0.07762232422829,-2.22788691520691,-0.78728008270264,0.07814221829176,-2.23315405845642,0.46004149647215,0.45931090310218,0.47199231574749
132.014,right,1,-0.80635911226273,0.05894124135375,-2.23711228370667,-0.78179025650024,0.07520793378353,-2.2256166934967,-0.78728008270264,0.07814221829176,-2.23315405845642,0.45395557310823,0.46345000802269,0.47199231574749
132.182,right,1,-0.70451736450195,0.1395525187254,-2.2212016582489,-0.78424870967865,0.07313419133425,-2.22731447219849,-0.78728008270264,0.07814221829176,-2.23315405845642,0.22907123152217,0.46413301492974,0.47199231574749
132.347,right,1,-0.76378446817398,0.09588453918695,-2.23089528083801,-0.78606939315796,0.07159841060638,-2.22857117652893,-0.78728008270264,0.07814221829176,-2.23315405845642,0.46957186153038,0.46471110395326,0.47199231574749
132.515,right,1,-0.75397282838821,0.10325568914413,-2.2304995059967,-0.78319746255875,0.07536280155182,-2.22925090789795,-0.78728008270264,0.07814221829176,-2.23315405845642,0.45261121163761,0.46626859032202,0.47199231574749
132.667,right,1,-0.69636875391006,0.15590679645538,-2.22197461128235,-0.78125286102295,0.07791158556938,-2.22971129417419,-0.78728008270264,0.07814221829176,-2.23315405845642,0.48135310742953,0.46732332077772,0.47199231574749
132.833,right,1,-0.70197677612305,0.15010771155357,-2.22247409820557,-0.77854067087173,0.0808367356658,-2.23004102706909,-0.78728008270264,0.07814221829176,-2.23315405845642,0.47005322482431,0.46595897995493,0.47199231574749
132.986,right,1,-0.79774981737137,0.05831627547741,-2.2335045337677,-0.77035969495773,0.08860068768263,-2.22938919067383,-0.78728008270264,0.07814221829176,-2.23315405845642,0.45889439851237,0.46707059395671,0.47199231574749
133.153,right,1,-0.74885439872742,0.10991766303778,-2.22962951660156,-0.76954138278961,0.08970960229635,-2.22984218597412,-0.78728008270264,0.07814221829176,-2.23315405845642,0.46429495018965,0.46554087973123,0.47199231574749
133.32,right,1,-0.7134108543396,0.13782547414303,-2.22437000274658,-0.76830726861954,0.09134817868471,-2.23006463050842,-0.78728008270264,0.07814221829176,-2.23315405845642,0.4674321312337,0.46605656807875,0.47199231574749
133.473,right,1,-0.75737768411636,0.10246283560991,-2.22999930381775,-0.76332479715347,0.09576509892941,-2.22962546348572,-0.78728008270264,0.07814221829176,-2.23315405845642,0.47919556488294,0.46715029517257,0.47199231574749
133.64,right,1,-0.79869228601456,0.05735000967979,-2.23330187797546,-0.76349169015884,0.09604240208864,-2.22989320755005,-0.78728008270264,0.07814221829176,-2.23315405845642,0.46899960088998,0.46753731732144,0.47199231574749
133.805,right,1,-0.74351119995117,0.09957756847143,-2.22597455978394,-0.76524126529694,0.09472595155239,-2.23013305664063,-0.78728008270264,0.07814221829176,-2.23315405845642,0.42549483384837,0.46918499610943,0.47199231574749
133.958,right,1,-0.666807949543,0.17194648087025,-2.21565055847168,-0.76489228010178,0.09531696885824,-2.23028540611267,-0.78728008270264,0.07814221829176,-2.23315405845642,-0.18678743740382,0.46939150390464,0.47199231574749
134.125,right,1,-0.76701468229294,0.05503886565566,-2.20208096504211,-0.76384973526001,0.09449876844883,-2.22994232177734,-0.78728008270264,0.07814221829176,-2.23315405845642,0.47348991208678,0.46375178066787,0.47199231574749
134.292,right,1,-0.75915598869324,0.09847921133041,-2.23089337348938,-0.7657231092453,0.09319097548723,-2.23019909858704,-0.78728008270264,0.07814221829176,-2.23315405845642,0.45909954532774,0.46628780955114,0.47199231574749
134.446,right,1,-0.75853222608566,0.09799506515265,-2.22994017601013,-0.76730847358704,0.09208422899246,-2.23041653633118,-0.78728008270264,0.07814221829176,-2.23315405845642,0.42614506632082,0.46585925966926,0.47199231574749
134.625,right,1,-0.79986196756363,0.06817595660686,-2.23070025444031,-0.76903241872787,0.09088072925806,-2.23065280914307,-0.78728008270264,0.07814221829176,-2.23315405845642,0.49359115060075,0.46106202677,0.47199231574749
134.779,right,1,-0.77870148420334,0.09410177916288,-2.23273730278015,-0.77037441730499,0.08994388580322,-2.23083710670471,-0.78728008270264,0.07814221829176,-2.23315405845642,0.46743477020991,0.46186634711188,0.47199231574749
134.945,right,1,-0.75748091936111,0.10088580101728,-2.23066163063049,-0.77374303340912,0.08759225159883,-2.23129844665527,-0.78728008270264,0.07814221829176,-2.23315405845642,0.45661446994924,0.46398542058403,0.47199231574749
135.112,right,1,-0.75730413198471,0.10001245141029,-2.22969365119934,-0.77482539415359,0.08683666586876,-2.23144674301147,-0.78728008270264,0.07814221829176,-2.23315405845642,0.44596650431109,0.4643864336123,0.47199231574749
135.264,right,1,-0.78688335418701,0.08718410134315,-2.23277640342712,-0.77370023727417,0.08784492313862,-2.23147511482239,-0.78728008270264,0.07814221829176,-2.23315405845642,0.46655799598135,0.4640225257332,0.47199231574749
135.429,right,1,-0.78606414794922,0.0555338524282,-2.21044611930847,-0.77620303630829,0.08605674654245,-2.23178482055664,-0.78728008270264,0.07814221829176,-2.23315405845642,0.48074093978168,0.46549129939552,0.47199231574749
135.598,right,1,-0.76016920804977,0.08485328406096,-2.22605490684509,-0.77857303619385,0.08436340093613,-2.23207783699036,-0.78728008270264,0.07814221829176,-2.23315405845642,0.41678391114978,0.46688202790985,0.47199231574749
135.763,right,1,-0.75164556503296,0.10655745118856,-2.23011755943298,-0.77675724029541,0.08582749217749,-2.23199009895325,-0.78728008270264,0.07814221829176,-2.23315405845642,0.45194708736895,0.46605875380078,0.47199231574749
135.929,right,1,-0.74365538358688,0.11391612142324,-2.23016667366028,-0.77513372898102,0.08701034635305,-2.23179268836975,-0.78728008270264,0.07814221829176,-2.23315405845642,0.46100026459518,0.46401114358065,0.47199231574749
136.098,right,1,-0.75768154859543,0.09758578985929,-2.2312126159668,-0.7729839682579,0.08889948576689,-2.2316792011261,-0.78728008270264,0.07814221829176,-2.23315405845642,0.428855808699,0.46304752896886,0.47199231574749
136.264,right,1,-0.69127577543259,0.14544297754765,-2.22015380859375,-0.77412694692612,0.08803937584162,-2.23179721832275,-0.78728008270264,0.07814221829176,-2.23315405845642,0.17037834318987,0.45947681136636,0.47199231574749
136.417,right,1,-0.71667450666428,0.13821350038052,-2.22256755828857,-0.77246063947678,0.0894770026207,-2.23169875144959,-0.78728008270264,0.07814221829176,-2.23315405845642,0.47158894349814,0.45948310246263,0.47199231574749
136.584,right,1,-0.79127007722855,0.04152330383658,-2.20626640319824,-0.769999563694,0.09165818244219,-2.23161792755127,-0.78728008270264,0.07814221829176,-2.23315405845642,0.51807744551687,0.46048356231573,0.47199231574749
136.75,right,1,-0.7857763171196,0.07862568646669,-2.23481845855713,-0.76802891492844,0.09340472519398,-2.23155355453491,-0.78728008270264,0.07814221829176,-2.23315405845642,0.47717359870601,0.46140407779882,0.47199231574749
136.917,right,1,-0.76431846618652,0.07171466201544,-2.20283055305481,-0.76956814527512,0.09218440204859,-2.23168158531189,-0.78728008270264,0.07814221829176,-2.23315405845642,-0.01921223361253,0.45816076260132,0.47199231574749
137.07,right,1,-0.77108556032181,0.08771929889917,-2.23222136497498,-0.77328270673752,0.08921931684017,-2.23204064369202,-0.78728008270264,0.07814221829176,-2.23315405845642,0.44138299257505,0.46261540818511,0.47199231574749
137.236,right,1,-0.76742482185364,0.09171829372644,-2.23008441925049,-0.77586233615875,0.0871778652072,-2.2322461605072,-0.78728008270264,0.07814221829176,-2.23315405845642,0.45292206605585,0.46083025201871,0.47199231574749
137.404,right,1,-0.76412910223007,0.09491002559662,-2.23104572296143,-0.77830523252487,0.08524465560913,-2.23244023323059,-0.78728008270264,0.07814221829176,-2.23315405845642,0.43297655786411,0.45914027637474,0.47199231574749
137.57,right,1,-0.71852397918701,0.12687808275223,-2.22109651565552,-0.78009355068207,0.08382941037416,-2.23258233070374,-0.78728008270264,0.07814221829176,-2.23315405845642,0.22884111609177,0.4579021149926,0.47199231574749
137.736,right,1,-0.76775771379471,0.09112697094679,-2.23038291931152,-0.7804359793663,0.08354080468416,-2.23260641098022,-0.78728008270264,0.07814221829176,-2.23315405845642,0.45392744975862,0.45602026498527,0.47199231574749
137.901,right,1,-0.75619524717331,0.10206834226847,-2.23065304756165,-0.78098320960999,0.08310916274786,-2.23265027999878,-0.78728008270264,0.07814221829176,-2.23315405845642,0.45573804957846,0.4572972523377,0.47199231574749
138.056,right,1,-0.66730928421021,0.17282323539257,-2.2140998840332,-0.7804102897644,0.08346656709909,-2.23258829116821,-0.78728008270264,0.07814221829176,-2.23315405845642,-0.19412577145924,0.45538311272935,0.47199231574749
138.221,right,1,-0.7447664141655,0.12075214833021,-2.23291087150574,-0.77810817956924,0.08523166924715,-2.23240566253662,-0.78728008270264,0.07814221829176,-2.23315405845642,0.4213284021877,0.45660442116511,0.47199231574749
138.387,right,1,-0.79642087221146,0.03754419833422,-2.20778775215149,-0.77465951442719,0.08910716325045,-2.23252439498901,-0.78728008270264,0.07814221829176,-2.23315405845642,0.50309953616122,0.45338289369898,0.47199231574749
138.556,right,1,-0.76345658302307,0.09502867609262,-2.23132538795471,-0.77321743965149,0.08994948863983,-2.23232579231262,-0.78728008270264,0.07814221829176,-2.23315405845642,0.45545535354743,0.45498928345552,0.47199231574749
138.723,right,1,-0.77723932266235,0.08308064192533,-2.2325074672699,-0.77234268188477,0.09043603390455,-2.23219799995422,-0.78728008270264,0.07814221829176,-2.23315405845642,0.43161048578639,0.45634872975956,0.47199231574749
138.89,right,1,-0.70342296361923,0.13876475393772,-2.22156977653503,-0.77353703975677,0.0894530788064,-2.23227453231812,-0.78728008270264,0.07814221829176,-2.23315405845642,0.20092404278646,0.45759961743247,0.47199231574749
139.043,right,1,-0.75623083114624,0.10123544931412,-2.23081231117249,-0.77454787492752,0.08862125128508,-2.23233914375305,-0.78728008270264,0.07814221829176,-2.23315405845642,0.45514162779079,0.45865801046074,0.47199231574749
139.21,right,1,-0.80305653810501,0.05466668307781,-2.23394370079041,-0.77556592226028,0.08778339624405,-2.23240423202515,-0.78728008270264,0.07814221829176,-2.23315405845642,0.47784907434199,0.45972444743401,0.47199231574749
139.376,right,1,-0.80128937959671,0.03232108056545,-2.21051454544067,-0.77650266885757,0.08701252937317,-2.2324640750885,-0.78728008270264,0.07814221829176,-2.23315405845642,0.5309307028822,0.4607056873548,0.47199231574749
139.541,right,1,-0.74356865882874,0.11413095146418,-2.23000693321228,-0.77848905324936,0.08537776768208,-2.23259115219116,-0.78728008270264,0.07814221829176,-2.23315405845642,0.47512521748939,0.4581507927465,0.47199231574749
139.71,right,1,-0.7486007809639,0.11617690324783,-2.23250603675842,-0.77623242139816,0.08690699934959,-2.23239922523499,-0.78728008270264,0.07814221829176,-2.23315405845642,0.44128649973062,0.45934608927816,0.47199231574749
139.875,right,1,-0.78349256515503,0.08124417811632,-2.23408579826355,-0.77458029985428,0.08802652359009,-2.23225927352905,-0.78728008270264,0.07814221829176,-2.23315405845642,0.47371969803549,0.46035766544669,0.47199231574749
140.041,right,1,-0.75584000349045,0.10057570785284,-2.23092103004456,-0.77692085504532,0.08620489388704,-2.23242425918579,-0.78728008270264,0.07814221829176,-2.23315405845642,0.45558077404118,0.46382201926284,0.47199231574749
140.194,right,1,-0.66057640314102,0.17902874946594,-2.21338152885437,-0.77522110939026,0.08729399740696,-2.23230242729187,-0.78728008270264,0.07814221829176,-2.23315405845642,-0.19963700450834,0.46344398374905,0.47199231574749
140.375,right,1,-0.79463905096054,0.03640001639724,-2.20914459228516,-0.77247339487076,0.09061396867037,-2.23240494728088,-0.78728008270264,0.07814221829176,-2.23315405845642,0.52336221079695,0.46102878677367,0.47199231574749
140.529,right,1,-0.79427814483643,0.03780817613006,-2.20834898948669,-0.77279430627823,0.09016478806734,-2.23239254951477,-0.78728008270264,0.07814221829176,-2.23315405845642,0.49772009707621,0.46116587894757,0.47199231574749
140.695,right,1,-0.76318675279617,0.09728070348501,-2.23114562034607,-0.77568084001541,0.08776913583279,-2.23254442214966,-0.78728008270264,0.07814221829176,-2.23315405845642,0.46270651854634,0.46464694293399,0.47199231574749
140.861,right,1,-0.76876813173294,0.09047468751669,-2.2312343120575,-0.77653390169144,0.08706112205982,-2.23258948326111,-0.78728008270264,0.07814221829176,-2.23315405845642,0.44802010256084,0.46518702082088,0.47199231574749
141.026,right,1,-0.70600837469101,0.13764104247093,-2.22135329246521,-0.77739310264587,0.08634801208973,-2.23263454437256,-0.78728008270264,0.07814221829176,-2.23315405845642,0.2255021605227,0.46356785422346,0.47199231574749
141.194,right,1,-0.75793904066086,0.09011226892471,-2.22865962982178,-0.77818357944489,0.08569190651178,-2.23267602920532,-0.78728008270264,0.07814221829176,-2.23315405845642,0.35991580609736,0.46227194537037,0.47199231574749
141.361,right,1,-0.70248985290527,0.14025031030178,-2.22132062911987,-0.77891081571579,0.0850882679224,-2.23271417617798,-0.78728008270264,0.07814221829176,-2.23315405845642,0.20332001193325,0.46123419835033,0.47199231574749
141.528,right,1,-0.76819282770157,0.09312083572149,-2.22956323623657,-0.77700859308243,0.08514097332954,-2.23224973678589,-0.78728008270264,0.07814221829176,-2.23315405845642,0.45400366267837,0.44860111198722,0.47199231574749
141.695,right,1,-0.78085309267044,0.07874646782875,-2.23307013511658,-0.77677971124649,0.08486454188824,-2.23212647438049,-0.78728008270264,0.07814221829176,-2.23315405845642,0.44895479581557,0.43935290794536,0.47199231574749
141.86,right,1,-0.78095775842667,0.09121414273977,-2.23564648628235,-0.77692329883575,0.08454954624176,-2.2320876121521,-0.78728008270264,0.07814221829176,-2.23315405845642,0.44616152378942,0.41820541728363,0.35991582708984
142.015,right,1,-0.79650896787643,0.06851527839899,-2.23363494873047,-0.77775132656097,0.08403724431992,-2.23217296600342,-0.78728008270264,0.07814221829176,-2.23315405845642,0.45988686400831,0.41826732252306,0.35991582708984
142.183,right,1,-0.75571948289871,0.1022001132369,-2.23040413856506,-0.77965021133423,0.08286257088184,-2.23236846923828,-0.78728008270264,0.07814221829176,-2.23315405845642,0.44800346624445,0.41734399372365,0.35991582708984
142.346,right,1,-0.74440163373947,0.11971377581358,-2.23315382003784,-0.78105634450912,0.08199262619019,-2.23251342773438,-0.78728008270264,0.07814221829176,-2.23315405845642,0.45244742739958,0.42478227098063,0.44616155067439
142.515,right,1,-0.7549786567688,0.10254001617432,-2.22978758811951,-0.78238791227341,0.08116880059242,-2.23265051841736,-0.78728008270264,0.07814221829176,-2.23315405845642,0.44600494851873,0.43170404014908,0.44616155067439
142.681,right,1,-0.78719967603683,0.07755332440138,-2.23218059539795,-0.77944588661194,0.08355145901442,-2.23241019248962,-0.78728008270264,0.07814221829176,-2.23315405845642,0.4637061189379,0.43629902891846,0.44616155067439
142.848,right,1,-0.75944548845291,0.09931240230799,-2.22978091239929,-0.77709001302719,0.08545934408903,-2.23221731185913,-0.78728008270264,0.07814221829176,-2.23315405845642,0.45346827701157,0.43950147622295,0.44616155067439
143.015,right,1,-0.80755263566971,0.04755921661854,-2.23332142829895,-0.77520364522934,0.08698704838753,-2.23206281661987,-0.78728008270264,0.07814221829176,-2.23315405845642,0.46701218989209,0.44173344410658,0.44616155067439
143.182,right,1,-0.76161450147629,0.10613276809454,-2.23402142524719,-0.77513641119003,0.08708629012108,-2.2320020198822,-0.78728008270264,0.07814221829176,-2.23315405845642,0.42783667188225,0.44352243038953,0.44616155067439
143.348,right,1,-0.79894512891769,0.05861816182733,-2.2320671081543,-0.77506637573242,0.08718095719814,-2.2319483757019,-0.78728008270264,0.07814221829176,-2.23315405845642,0.49877251989962,0.44495514136243,0.44616155067439
143.515,right,1,-0.76119256019592,0.09809270501137,-2.23079466819763,-0.77750009298325,0.08537988364697,-2.23218822479248,-0.78728008270264,0.07814221829176,-2.23315405845642,0.4688799670923,0.44737281229876,0.44616155067439
143.667,right,1,-0.79691034555435,0.03507291525602,-2.20857906341553,-0.77699714899063,0.08579969406128,-2.23215460777283,-0.78728008270264,0.07814221829176,-2.23315405845642,0.51220797316367,0.4497573567824,0.44616155067439
143.831,right,1,-0.72770029306412,0.11819002777338,-2.22192788124084,-0.78023117780685,0.08214737474918,-2.23221397399902,-0.78728008270264,0.07814221829176,-2.23315405845642,0.218972378898,0.45513355097288,0.44616155067439
144.0,right,1,-0.80604177713394,0.0507138967514,-2.23258495330811,-0.77826279401779,0.08394900709391,-2.23210072517395,-0.78728008270264,0.07814221829176,-2.23315405845642,0.48153948912359,0.45624180942811,0.44616155067439
144.153,right,1,-0.79027789831161,0.04072503000498,-2.20772337913513,-0.78126353025436,0.08063779771328,-2.23216986656189,-0.78728008270264,0.07814221829176,-2.23315405845642,0.5019311997032,0.4604233196227,0.44616155067439
144.32,right,1,-0.77192211151123,0.08096095174551,-2.23168349266052,-0.78283458948135,0.07549680769444,-2.22920942306519,-0.78728008270264,0.07814221829176,-2.23315405845642,0.46945577231447,0.46450302701266,0.44616155067439
144.486,right,1,-0.76000446081161,0.06126985326409,-2.2009859085083,-0.78399795293808,0.07168942689896,-2.22701740264893,-0.78728008270264,0.07814221829176,-2.23315405845642,0.46398232849186,0.47445229822485,0.5019311997032
144.654,moving_to_far_front,1,-0.7561861872673,0.10064440220594,-2.22928404808044,-0.78470021486282,0.07307003438473,-2.22833061218262,-0.78728008270264,0.07814221829176,-2.23315405845642,0.4555277533115,0.47609879121468,0.5019311997032
144.807,moving_to_far_front,1,-0.75697058439255,0.10060334205627,-2.22957134246826,-0.78517574071884,0.07400482147932,-2.22921943664551,-0.78728008270264,0.07814221829176,-2.23315405845642,0.44850239330845,0.47713211962128,0.5019311997032
144.987,moving_to_far_front,1,-0.71537739038467,0.1282097697258,-2.22108721733093,-0.78562581539154,0.07489004731178,-2.23006153106689,-0.78728008270264,0.07814221829176,-2.23315405845642,0.20609690891375,0.47811048959531,0.5019311997032
145.153,moving_to_far_front,1,-0.75363254547119,0.10437328368425,-2.23076915740967,-0.78209638595581,0.0783307403326,-2.2301971912384,-0.78728008270264,0.07814221829176,-2.23315405845642,0.45156302721799,0.47709812911387,0.5019311997032
145.307,moving_to_far_front,1,-0.75145846605301,0.11409097164869,-2.23293089866638,-0.77948266267776,0.0808788985014,-2.23029756546021,-0.78728008270264,0.07814221829176,-2.23315405845642,0.42334910614572,0.47634804455109,0.5019311997032
145.471,moving_to_far_front,1,-0.76427870988846,0.09481135010719,-2.23098754882813,-0.77705746889114,0.0833854675293,-2.23055076599121,-0.78728008270264,0.07814221829176,-2.23315405845642,0.4655716674913,0.47528164559051,0.5019311997032
145.638,moving_to_far_front,1,-0.756372153759,0.10969087481499,-2.23331379890442,-0.77491855621338,0.08559612929821,-2.23077416419983,-0.78728008270264,0.07814221829176,-2.23315405845642,0.42418148980085,0.47434132321613,0.5019311997032
145.807,moving_to_far_front,1,-0.75850957632065,0.09795898199081,-2.23205542564392,-0.77344471216202,0.08820540457964,-2.23130440711975,-0.78728008270264,0.07814221829176,-2.23315405845642,0.44085272281407,0.46988376939222,0.5019311997032
145.973,moving_to_far_front,1,-0.75185394287109,0.06736745685339,-2.20083045959473,-0.77202558517456,0.08945561945438,-2.2313768863678,-0.78728008270264,0.07814221829176,-2.23315405845642,0.45221614437631,0.47001886371948,0.5019311997032
146.125,moving_to_far_front,1,-0.69588643312454,0.12827421724796,-2.19436430931091,-0.77314752340317,0.08862359076738,-2.23150753974915,-0.78728008270264,0.07814221829176,-2.23315405845642,0.52832957492807,0.46235633840681,0.44085272433299
146.292,moving_to_far_front,1,-0.72252136468887,0.12323915958405,-2.21972823143005,-0.77427750825882,0.08778554201126,-2.23163914680481,-0.78728008270264,0.07814221829176,-2.23315405845642,0.20793709817654,0.45583883921593,0.44085272433299
146.459,moving_to_far_front,1,-0.77029067277908,0.08993818610907,-2.23082995414734,-0.77531713247299,0.08701451122761,-2.23176026344299,-0.78728008270264,0.07814221829176,-2.23315405845642,0.44759083329979,0.45129644714383,0.44085272433299
146.625,moving_to_far_front,1,-0.76167839765549,0.09397819638252,-2.23180651664734,-0.77516537904739,0.0870294123888,-2.23188734054565,-0.78728008270264,0.07814221829176,-2.23315405845642,0.46576191164345,0.44813145755863,0.44085272433299
146.792,moving_to_far_front,1,-0.73449438810349,0.11456295102835,-2.22206568717957,-0.77613407373428,0.08631881326437,-2.23198890686035,-0.78728008270264,0.07814221829176,-2.23315405845642,0.25741070756959,0.44977271304791,0.44085272433299
146.946,moving_to_far_front,1,-0.76036709547043,0.09681794792414,-2.22898650169373,-0.77695375680923,0.08571746945381,-2.23207473754883,-0.78728008270264,0.07814221829176,-2.23315405845642,0.47492128645731,0.45098830712086,0.44085272433299
147.113,moving_to_far_front,1,-0.78929281234741,0.04231302812696,-2.20566320419312,-0.77777940034866,0.08511179685593,-2.23216080665588,-0.78728008270264,0.07814221829176,-2.23315405845642,0.52118512509264,0.45206027677669,0.44085272433299
147.263,moving_to_far_front,1,-0.76493293046951,0.09356978535652,-2.22993874549866,-0.7784166932106,0.08464422821999,-2.23222732543945,-0.78728008270264,0.07814221829176,-2.23315405845642,0.46124323483911,0.45278843174443,0.44085272433299
147.43,moving_to_far_front,1,-0.75733298063278,0.10274992138147,-2.22963643074036,-0.77912533283234,0.08412435650826,-2.23230147361755,-0.78728008270264,0.07814221829176,-2.23315405845642,0.45288885014926,0.45350093164436,0.44085272433299
147.556,moving_to_far_front,1,-0.69210678339005,0.14443604648113,-2.21606349945068,-0.77767026424408,0.08507943898439,-2.23200726509094,-0.78728008270264,0.07814221829176,-2.23315405845642,0.20421671215283,0.45494967111451,0.44085272433299
147.695,moving_to_far_front,1,-0.74463719129562,0.12353118509054,-2.22801041603088,-0.77664417028427,0.08574862033129,-2.23179388046265,-0.78728008270264,0.07814221829176,-2.23315405845642,0.49240204828759,0.4561542686641,0.44085272433299
147.848,moving_to_far_front,1,-0.75371080636978,0.12346238642931,-2.22835755348206,-0.77516680955887,0.0871713757515,-2.23164057731628,-0.78728008270264,0.07814221829176,-2.23315405845642,0.47457431048215,0.45502905526689,0.44085272433299
147.987,moving_to_far_front,1,-0.72051405906677,0.15361848473549,-2.2222740650177,-0.77368003129959,0.0904166996479,-2.23139142990112,-0.78728008270264,0.07814221829176,-2.23315405845642,0.47807769938942,0.45618319111857,0.44085272433299
148.152,moving_to_far_front,1,-0.74063104391098,0.12967756390572,-2.22871279716492,-0.77129167318344,0.0933645144105,-2.231125831604,-0.78728008270264,0.07814221829176,-2.23315405845642,0.46663689800886,0.45927520994382,0.44085272433299
148.293,moving_to_far_front,1,-0.73830455541611,0.13553370535374,-2.22760891914368,-0.7688837647438,0.09647457301617,-2.23098993301392,-0.78728008270264,0.07814221829176,-2.23315405845642,0.4751657645721,0.4588398328864,0.44085272433299
148.429,moving_to_far_front,1,-0.74262267351151,0.13020123541355,-2.22578167915344,-0.76724749803543,0.09858781099319,-2.23089790344238,-0.78728008270264,0.07814221829176,-2.23315405845642,0.47746662935573,0.45854389479591,0.44085272433299
148.584,moving_to_far_front,1,-0.74016469717026,0.12911188602448,-2.2227418422699,-0.76569712162018,0.10097462683916,-2.2304322719574,-0.78728008270264,0.07814221829176,-2.23315405845642,0.45206526142434,0.45956304419271,0.44085272433299
148.764,moving_to_far_front,1,-0.76224088668823,0.11476217955351,-2.22511506080627,-0.76436406373978,0.10302673280239,-2.23003220558167,-0.78728008270264,0.07814221829176,-2.23315405845642,0.47351926207822,0.46043923326171,0.44085272433299
148.945,moving_to_far_front,1,-0.7736930847168,0.10287404060364,-2.22895979881287,-0.75771164894104,0.11135969310999,-2.22872543334961,-0.74262267351151,0.13020123541355,-2.22578167915344,0.49875502375082,0.46112765405351,0.44085274976693
149.125,moving_to_far_front,1,-0.76739484071732,0.11176913976669,-2.22538757324219,-0.75356018543243,0.1165435090661,-2.2279155254364,-0.74262267351151,0.13020123541355,-2.22578167915344,0.48389102999919,0.46166847909488,0.44085274976693
149.306,moving_to_far_front,1,-0.77422046661377,0.10701290518045,-2.2305691242218,-0.75261598825455,0.11772248148918,-2.22773122787476,-0.74262267351151,0.13020123541355,-2.22578167915344,0.48262473250159,0.46156787915063,0.44085274976693
149.485,moving_to_far_front,1,-0.74953109025955,0.13124291598797,-2.22245693206787,-0.75181704759598,0.11872022598982,-2.22757530212402,-0.74262267351151,0.13020123541355,-2.22578167915344,0.46347263896961,0.46278134195216,0.44085274976693
149.681,moving_to_far_front,1,-0.82881420850754,0.04534598067403,-2.25543475151062,-0.75090748071671,0.11985598504543,-2.22739768028259,-0.74262267351151,0.13020123541355,-2.22578167915344,0.51746757033768,0.46396444231602,0.44085274976693
149.848,moving_to_far_front,1,-0.82252877950668,0.04889469221234,-2.2542085647583,-0.75317800045013,0.11903958022594,-2.22766995429993,-0.74262267351151,0.13020123541355,-2.22578167915344,0.50314440659249,0.46454397067013,0.44085274976693
150.028,moving_to_far_front,1,-0.81504136323929,0.05390895530581,-2.25809955596924,-0.75513017177582,0.11833766847849,-2.22790360450745,-0.74262267351151,0.13020123541355,-2.22578167915344,0.48119855887171,0.46504235836928,0.44085274976693
150.208,moving_to_far_front,1,-0.73695403337479,0.14497144520283,-2.20864748954773,-0.76162552833557,0.11123326420784,-2.23149156570435,-0.74262267351151,0.13020123541355,-2.22578167915344,0.46821020035078,0.4652297236527,0.44085274976693
150.376,moving_to_far_front,1,-0.75870817899704,0.07491510361433,-2.22506403923035,-0.76720994710922,0.10512505471706,-2.23457646369934,-0.74262267351151,0.13020123541355,-2.22578167915344,0.54565468696414,0.46539091270188,0.44085274976693
150.556,moving_to_far_front,1,-0.73711329698563,0.14248089492321,-2.21433639526367,-0.77259743213654,0.09965553879738,-2.23648285865784,-0.74262267351151,0.13020123541355,-2.22578167915344,0.45343570207473,0.46844170990955,0.44085274976693
150.709,moving_to_far_front,1,-0.73566341400146,0.14370553195477,-2.21145439147949,-0.7689197063446,0.09893897920847,-2.23442769050598,-0.74262267351151,0.13020123541355,-2.22578167915344,0.48252462180955,0.47538718368661,0.44085274976693
150.862,moving_to_far_front,1,-0.73484706878662,0.14471544325352,-2.20944762229919,-0.76327437162399,0.10625058412552,-2.2311897277832,-0.74262267351151,0.13020123541355,-2.22578167915344,0.47165166702095,0.4738058278137,0.44085274976693
151.015,moving_to_far_front,1,-0.74125546216965,0.09104130417109,-2.224529504776,-0.75866961479187,0.11221468448639,-2.22854900360107,-0.74262267351151,0.13020123541355,-2.22578167915344,0.52605490441106,0.47251591243609,0.44085274976693
151.181,moving_to_far_front,1,-0.77456074953079,0.07847709208727,-2.2424304485321,-0.7546084523201,0.11747468262911,-2.22621965408325,-0.74262267351151,0.13020123541355,-2.22578167915344,0.50936309519368,0.47137859445332,0.44085274976693
151.348,moving_to_far_front,1,-0.73971337080002,0.14099830389023,-2.21304416656494,-0.75135636329651,0.12168656289577,-2.22435450553894,-0.74262267351151,0.13020123541355,-2.22578167915344,0.48410082974407,0.47046802832849,0.44085274976693
151.501,moving_to_far_front,1,-0.78254598379135,0.07344388961792,-2.25193691253662,-0.74858272075653,0.12524552643299,-2.223388671875,-0.74262267351151,0.13020123541355,-2.22578167915344,0.49233471412878,0.4699747472282,0.44085274976693
151.654,moving_to_far_front,1,-0.72986745834351,0.14448575675488,-2.20558953285217,-0.74732732772827,0.12166388332844,-2.22368597984314,-0.74262267351151,0.13020123541355,-2.22578167915344,0.32595380490094,0.4743877607418,0.44085274976693
151.82,moving_to_far_front,1,-0.77871251106262,0.08006373047829,-2.24688220024109,-0.74622011184692,0.11850506067276,-2.22394847869873,-0.74262267351151,0.13020123541355,-2.22578167915344,0.50931447636589,0.47827969284675,0.44085274976693
151.973,moving_to_far_front,1,-0.77793741226196,0.08320371061563,-2.24734449386597,-0.74922299385071,0.11472348868847,-2.22619700431824,-0.74262267351151,0.13020123541355,-2.22578167915344,0.50446227606594,0.48642852104521,0.50936312425817
152.126,moving_to_far_front,1,-0.78088790178299,0.07610627263784,-2.25399160385132,-0.75206011533737,0.11218137294054,-2.22859573364258,-0.74262267351151,0.13020123541355,-2.22578167915344,0.49652907995662,0.49236567348605,0.50936312425817
152.262,moving_to_far_front,1,-0.73008179664612,0.16168217360973,-2.20423626899719,-0.75398790836334,0.11045406013727,-2.23022532463074,-0.74262267351151,0.13020123541355,-2.22578167915344,0.48065258938867,0.49595511091793,0.50936312425817
152.402,moving_to_far_front,1,-0.7395486831665,0.14455896615982,-2.21711611747742,-0.75981867313385,0.10385545343161,-2.2344126701355,-0.77793741226196,0.08320371061563,-2.24734449386597,0.46012085194826,0.49895445255999,0.50936312425817
152.542,moving_to_far_front,1,-0.77775949239731,0.07106598466635,-2.26916527748108,-0.76492464542389,0.09803561866283,-2.23805737495422,-0.77793741226196,0.08320371061563,-2.24734449386597,0.47429262005917,0.50092432328866,0.50936312425817
152.695,moving_to_far_front,1,-0.77427369356155,0.06555049866438,-2.27182245254517,-0.76768511533737,0.09488929063082,-2.24002718925476,-0.77793741226196,0.08320371061563,-2.24734449386597,0.46048785395359,0.50248018948406,0.50936312425817
152.848,moving_to_far_front,1,-0.78019779920578,0.05910469964147,-2.28075766563416,-0.76955413818359,0.09134246408939,-2.24388074874878,-0.77793741226196,0.08320371061563,-2.24734449386597,0.46715048213695,0.4997232500098,0.50936312425817
153.001,moving_to_far_front,1,-0.76802939176559,0.06621070951223,-2.26787996292114,-0.7710787653923,0.08844929933548,-2.24702382087708,-0.77793741226196,0.08320371061563,-2.24734449386597,0.4665020714488,0.49747418757237,0.50936312425817
153.153,moving_to_far_front,1,-0.77584314346313,0.05459287390113,-2.28467631340027,-0.77192229032516,0.0854562446475,-2.24989295005798,-0.77793741226196,0.08320371061563,-2.24734449386597,0.45913004033205,0.49405501673845,0.50936312425817
153.305,moving_to_far_front,1,-0.77674561738968,0.05405890569091,-2.28480172157288,-0.7725533246994,0.08321677148342,-2.25203895568848,-0.77793741226196,0.08320371061563,-2.24734449386597,0.4708130982286,0.49149711473559,0.50936312425817
153.459,moving_to_far_front,1,-0.77860361337662,0.06002932786942,-2.28842115402222,-0.77390670776367,0.08022332936525,-2.25525045394897,-0.77793741226196,0.08320371061563,-2.24734449386597,0.43965124850083,0.48981847898672,0.50936312425817
153.596,moving_to_far_front,1,-0.77433401346207,0.04558811709285,-2.2804708480835,-0.77432513237,0.07794523239136,-2.2576060295105,-0.77793741226196,0.08320371061563,-2.24734449386597,0.4614366514163,0.48801608949244,0.50936312425817
153.764,moving_to_far_front,1,-0.77744752168655,0.0653677508235,-2.2888400554657,-0.77481907606125,0.07525770366192,-2.26038551330566,-0.77793741226196,0.08320371061563,-2.24734449386597,0.44367936051033,0.48588945585991,0.50936312425817
153.931,moving_to_far_front,1,-0.77217864990234,0.06606515496969,-2.27018165588379,-0.77513176202774,0.06930404901505,-2.26736497879028,-0.77584314346313,0.05459287390113,-2.28467631340027,0.47284019602793,0.48433313364251,0.50936312425817
154.082,moving_to_far_front,1,-0.7678297162056,0.07009198516607,-2.29143500328064,-0.77534455060959,0.06596580892801,-2.27126336097717,-0.77584314346313,0.05459287390113,-2.28467631340027,0.4279349627461,0.48450560640368,0.50936312425817
154.237,moving_to_far_front,1,-0.77780944108963,0.04550304636359,-2.30999779701233,-0.77544385194778,0.06369960308075,-2.2739360332489,-0.77584314346313,0.05459287390113,-2.28467631340027,0.44159229274419,0.48130725212502,0.50936312425817
154.402,moving_to_far_front,1,-0.77835649251938,0.04309551790357,-2.30821657180786,-0.77551746368408,0.0620212815702,-2.27591586112976,-0.77584314346313,0.05459287390113,-2.28467631340027,0.43839547606196,0.47893859734168,0.50936312425817
154.57,moving_to_far_front,1,-0.77649813890457,0.04771488532424,-2.30440068244934,-0.77558702230453,0.06043193489313,-2.27779006958008,-0.77584314346313,0.05459287390113,-2.28467631340027,0.4455237576881,0.46811767594957,0.44367933226292
154.737,moving_to_far_front,1,-0.79009407758713,0.02780364640057,-2.30982303619385,-0.77571928501129,0.05841483175755,-2.28161001205444,-0.77584314346313,0.05459287390113,-2.28467631340027,0.48576251457115,0.46092376141337,0.44367933226292
154.904,moving_to_far_front,1,-0.79374641180038,0.00473337387666,-2.31150364875793,-0.77605575323105,0.05622636154294,-2.28514242172241,-0.77584314346313,0.05459287390113,-2.28467631340027,0.48718215686602,0.45683188183933,0.44367933226292
155.083,moving_to_far_front,1,-0.79016464948654,0.01310240011662,-2.30323266983032,-0.77632528543472,0.05447397008538,-2.28797125816345,-0.77584314346313,0.05459287390113,-2.28467631340027,0.48370002832663,0.45355547324895,0.44367933226292
155.237,moving_to_far_front,1,-0.74204570055008,0.06482710689306,-2.26950573921204,-0.77799785137177,0.05117294564843,-2.2904360294342,-0.77584314346313,0.05459287390113,-2.28467631340027,0.46790541258773,0.45681039614197,0.44367933226292
155.416,moving_to_far_front,1,-0.78916835784912,0.03561435639858,-2.29952454566956,-0.77933722734451,0.04852969571948,-2.29240894317627,-0.77584314346313,0.05459287390113,-2.28467631340027,0.47810339906772,0.45941659519464,0.44367933226292
155.584,moving_to_far_front,1,-0.73219221830368,0.01819073222578,-2.27347469329834,-0.78048878908157,0.04625709727407,-2.29410529136658,-0.77584314346313,0.05459287390113,-2.28467631340027,0.49975741932471,0.46165741700616,0.44367933226292
155.779,moving_to_far_front,1,-0.78443169593811,0.03456692025065,-2.28078389167786,-0.78146487474442,0.04225920513272,-2.29459166526794,-0.77584314346313,0.05459287390113,-2.28467631340027,0.4904458880104,0.46324419697887,0.44367933226292
156.0,moving_to_far_front,1,-0.7261136174202,0.12522354722023,-2.19980382919312,-0.78087371587753,0.04355622082949,-2.29354906082153,-0.77584314346313,0.05459287390113,-2.28467631340027,0.45024739318615,0.46569636449889,0.44367933226292
156.209,moving_to_far_front,1,-0.80002737045288,0.01249366719276,-2.30276465415955,-0.77454829216003,0.04777895659208,-2.28910565376282,-0.77584314346313,0.05459287390113,-2.28467631340027,0.47611014811679,0.46351859393228,0.44367933226292
156.403,moving_to_far_front,1,-0.74446415901184,0.02476288564503,-2.29955387115479,-0.77466803789139,0.04841022565961,-2.28869533538818,-0.77584314346313,0.05459287390113,-2.28467631340027,0.53503103076724,0.46563993363098,0.44367933226292
156.57,moving_to_far_front,1,-0.77647811174393,0.03999772295356,-2.27953028678894,-0.77476197481155,0.04890456795692,-2.28837394714355,-0.77584314346313,0.05459287390113,-2.28467631340027,0.49042455479134,0.46706827430469,0.44367933226292
156.751,moving_to_far_front,1,-0.77874571084976,0.04008970037103,-2.28647637367249,-0.77499318122864,0.05012161657214,-2.28758263587952,-0.77584314346313,0.05459287390113,-2.28467631340027,0.49556197334074,0.46829342124187,0.44367933226292
156.917,moving_to_far_front,1,-0.78844076395035,0.03594555333257,-2.31239628791809,-0.77516257762909,0.0510125644505,-2.28700351715088,-0.77584314346313,0.05459287390113,-2.28467631340027,0.46738753544831,0.46919008762391,0.44367933226292
157.098,moving_to_far_front,1,-0.7846285700798,0.04276432096958,-2.30520534515381,-0.77530819177628,0.0517785847187,-2.28650569915771,-0.77584314346313,0.05459287390113,-2.28467631340027,0.46420269373197,0.47064601388602,0.44367933226292
157.279,moving_to_far_front,1,-0.79798603057861,0.03240793943405,-2.31714248657227,-0.7754225730896,0.05238071084023,-2.28611397743225,-0.77584314346313,0.05459287390113,-2.28467631340027,0.48447046697439,0.47179014961144,0.44367933226292
157.431,moving_to_far_front,1,-0.80729866027832,0.00963085889816,-2.35341906547546,-0.77650851011276,0.05143066868186,-2.28820538520813,-0.77584314346313,0.05459287390113,-2.28467631340027,0.45673085291958,0.46908207560181,0.44367933226292
157.612,moving_to_far_front,1,-0.73506039381027,0.08221516758204,-2.26871681213379,-0.77804487943649,0.04962234944105,-2.29114389419556,-0.77584314346313,0.05459287390113,-2.28467631340027,0.44464211799315,0.46688949176871,0.44367933226292
157.791,moving_to_far_front,1,-0.79417651891708,0.02589409984648,-2.32577633857727,-0.77916949987411,0.04829854145646,-2.29329609870911,-0.77584314346313,0.05459287390113,-2.28467631340027,0.47837211941473,0.46503374835793,0.44367933226292
157.958,moving_to_far_front,1,-0.78576821088791,0.045803245157,-2.31046104431152,-0.78125476837158,0.04679947718978,-2.29560804367065,-0.77584314346313,0.05459287390113,-2.28467631340027,0.45894803087155,0.46584137341493,0.44367933226292
158.279,moving_to_far_front,1,-0.76481944322586,0.02978821843863,-2.33151721954346,-0.7840588092804,0.04478367045522,-2.2987163066864,-0.77584314346313,0.05459287390113,-2.28467631340027,0.43971150731246,0.46692712998135,0.44367933226292
158.445,moving_to_far_front,1,-0.73943668603897,0.11401223391294,-2.2314248085022,-0.7840588092804,0.04478367045522,-2.2987163066864,-0.77584314346313,0.05459287390113,-2.28467631340027,0.47635580234681,0.46692712998135,0.44367933226292
158.597,moving_to_far_front,1,-0.79869985580444,0.00539389625192,-2.33641314506531,-0.7840588092804,0.04478367045522,-2.2987163066864,-0.77584314346313,0.05459287390113,-2.28467631340027,0.4804152368186,0.46692712998135,0.44367933226292
158.764,moving_to_far_front,1,-0.78476697206497,0.04926890134811,-2.3143413066864,-0.7840588092804,0.04478367045522,-2.2987163066864,-0.77584314346313,0.05459287390113,-2.28467631340027,0.46396457557493,0.46692712998135,0.44367933226292
158.931,moving_to_far_front,1,-0.74355643987656,0.06912773102522,-2.29492354393005,-0.7840588092804,0.04478367045522,-2.2987163066864,-0.77584314346313,0.05459287390113,-2.28467631340027,0.41623712102361,0.46692712998135,0.44367933226292
159.083,moving_to_far_front,1,-0.75327330827713,0.02105792798102,-2.34154415130615,-0.78350764513016,0.04544175043702,-2.29777407646179,-0.77584314346313,0.05459287390113,-2.28467631340027,0.52333142223171,0.4653676152492,0.44367933226292
159.251,moving_to_far_front,1,-0.78706139326096,0.0328467823565,-2.31820321083069,-0.78284591436386,0.04623169824481,-2.29664325714111,-0.77584314346313,0.05459287390113,-2.28467631340027,0.47747758650728,0.46349556314554,0.44367933226292
159.403,moving_to_far_front,1,-0.79678392410278,0.00938017200679,-2.33074116706848,-0.78284293413162,0.04527650773525,-2.2982861995697,-0.77584314346313,0.05459287390113,-2.28467631340027,0.48857880892977,0.46372325874278,0.44367933226292
159.569,moving_to_far_front,1,-0.80399084091187,-0.01188519224524,-2.36028385162354,-0.78284084796906,0.04449735954404,-2.29962587356567,-0.77584314346313,0.05459287390113,-2.28467631340027,0.4263881530099,0.46390899782145,0.44367933226292
159.721,moving_to_far_front,1,-0.75600862503052,0.04534316062927,-2.31941366195679,-0.78371280431747,0.04203965887427,-2.30355095863342,-0.78706139326096,0.0328467823565,-2.31820321083069,0.43779493315995,0.46406051056595,0.4436793053461
159.876,moving_to_far_front,1,-0.76249533891678,0.03415336087346,-2.33065581321716,-0.78437995910645,0.04020786657929,-2.3064706325531,-0.78706139326096,0.0328467823565,-2.31820321083069,0.43695935246751,0.46419411044053,0.4436793053461
160.042,moving_to_far_front,1,-0.78811120986938,0.04471348598599,-2.32325768470764,-0.78186547756195,0.03890324011445,-2.31035351753235,-0.78706139326096,0.0328467823565,-2.31820321083069,0.45287834771713,0.45927254436845,0.4436793053461
160.194,moving_to_far_front,1,-0.79763060808182,0.02093358896673,-2.34071516990662,-0.78015732765198,0.03801697865129,-2.31299138069153,-0.78706139326096,0.0328467823565,-2.31820321083069,0.48166159344139,0.45592893897681,0.4436793053461
160.361,moving_to_far_front,1,-0.79065418243408,0.02630759216845,-2.32418274879456,-0.77848422527313,0.03714889660478,-2.31557512283325,-0.78706139326096,0.0328467823565,-2.31820321083069,0.48459343138492,0.45265431721748,0.4436793053461
160.515,moving_to_far_front,1,-0.78028064966202,0.04897242411971,-2.31129336357117,-0.78019338846207,0.03629165142775,-2.31609845161438,-0.78706139326096,0.0328467823565,-2.31820321083069,0.45076168527337,0.45193671748834,0.4436793053461
160.667,moving_to_far_front,1,-0.79001289606094,0.02650200761855,-2.32593321800232,-0.78145915269852,0.03565677627921,-2.316486120224,-0.78706139326096,0.0328467823565,-2.31820321083069,0.46283204173817,0.4513295574678,0.4436793053461
160.819,moving_to_far_front,1,-0.78420478105545,0.04749146476388,-2.31470465660095,-0.78240621089935,0.03518175333738,-2.31677603721619,-0.78706139326096,0.0328467823565,-2.31820321083069,0.47059493998897,0.45205299893974,0.4436793053461
160.973,far_front,1,-0.79549980163574,0.02782144583762,-2.33943724632263,-0.7833337187767,0.03471647948027,-2.31706023216248,-0.78706139326096,0.0328467823565,-2.31820321083069,0.4599846921193,0.45276190696273,0.4436793053461
161.14,far_front,1,-0.81596285104752,-0.01226070243865,-2.38850021362305,-0.78407651185989,0.03434392437339,-2.31728768348694,-0.78706139326096,0.0328467823565,-2.31820321083069,0.49833818951017,0.45332917920432,0.4436793053461
161.292,far_front,1,-0.74860048294067,0.02381127141416,-2.33834266662598,-0.78462660312653,0.03406800702214,-2.31745648384094,-0.78706139326096,0.0328467823565,-2.31820321083069,0.51793699975037,0.45374959283994,0.4436793053461
161.459,far_front,1,-0.79761791229248,0.01456029620022,-2.34043002128601,-0.78511172533035,0.03382466733456,-2.31760501861572,-0.78706139326096,0.0328467823565,-2.31820321083069,0.48152629174334,0.45411999551517,0.4436793053461
161.612,far_front,1,-0.78480952978134,0.04378364607692,-2.32538056373596,-0.78668278455734,0.03154543414712,-2.32026672363281,-0.78706139326096,0.0328467823565,-2.31820321083069,0.44522281433898,0.45654015175013,0.4436793053461
161.764,far_front,1,-0.75665789842606,0.04050229862332,-2.32237505912781,-0.78735935688019,0.03136485815048,-2.32153010368347,-0.78706139326096,0.0328467823565,-2.31820321083069,0.44400534681094,0.45559444952467,0.4436793053461
161.918,far_front,1,-0.78894901275635,0.03885416314006,-2.32368850708008,-0.78851616382599,0.02953896299005,-2.32346796989441,-0.78706139326096,0.0328467823565,-2.31820321083069,0.46159720083374,0.45774281627723,0.4436793053461
162.068,far_front,1,-0.78386259078979,0.05087637528777,-2.31205916404724,-0.788270175457,0.03009815141559,-2.3225781917572,-0.78706139326096,0.0328467823565,-2.31820321083069,0.46816504457151,0.45679941394139,0.4436793053461
162.237,far_front,1,-0.79437351226807,0.02904269099236,-2.34506154060364,-0.78801155090332,0.03068623133004,-2.32164287567139,-0.78706139326096,0.0328467823565,-2.31820321083069,0.44380541501479,0.45614352629557,0.4436793053461
162.389,far_front,1,-0.79034090042114,0.03554360941052,-2.3282253742218,-0.78783655166626,0.03108440712094,-2.32100868225098,-0.78706139326096,0.0328467823565,-2.31820321083069,0.46061726948667,0.4527969879633,0.4436793053461
162.554,far_front,1,-0.69347077608109,0.06190165877342,-2.28691554069519,-0.78769367933273,0.0314092040062,-2.32049179077148,-0.78706139326096,0.0328467823565,-2.31820321083069,0.55089867545872,0.45317341953383,0.4436793053461
162.709,far_front,1,-0.78226846456528,0.04202418029308,-2.3072714805603,-0.78756779432297,0.0316956602037,-2.32003545761108,-0.78706139326096,0.0328467823565,-2.31820321083069,0.47723083527619,0.45350562367171,0.4436793053461
162.876,far_front,1,-0.7759080529213,0.05735989287496,-2.30584692955017,-0.78729462623596,0.03281989693642,-2.31930065155029,-0.78706139326096,0.0328467823565,-2.31820321083069,0.44408607652129,0.45458654866916,0.4436793053461
163.028,far_front,1,-0.78748053312302,0.03221428021789,-2.3182806968689,-0.78726071119308,0.03282381594181,-2.31914114952087,-0.78706139326096,0.0328467823565,-2.31820321083069,0.48187199766864,0.45642784686281,0.4436793053461
163.195,far_front,1,-0.7910138964653,0.03432035446167,-2.32972502708435,-0.78724473714828,0.03282565250993,-2.31906628608704,-0.78706139326096,0.0328467823565,-2.31820321083069,0.45860304499646,0.45805179060376,0.4436793053461
163.361,far_front,1,-0.74781060218811,0.05479933694005,-2.30283999443054,-0.78723126649857,0.03282720595598,-2.31900262832642,-0.78706139326096,0.0328467823565,-2.31820321083069,0.46176209525534,0.45925409876427,0.4436793053461
163.514,far_front,1,-0.77898424863815,0.04052868112922,-2.30675435066223,-0.78721767663956,0.03282877057791,-2.31893873214722,-0.78706139326096,0.0328467823565,-2.31820321083069,0.4698538870101,0.46031488234985,0.4436793053461
163.682,far_front,1,-0.7879244685173,0.02414055168629,-2.32463955879211,-0.78720515966415,0.03283020853996,-2.31888008117676,-0.78706139326096,0.0328467823565,-2.31820321083069,0.48023845562714,0.46024874845573,0.4436793053461
163.833,far_front,1,-0.79465395212173,0.02412224002182,-2.34105134010315,-0.7871955037117,0.03283132240176,-2.31883454322815,-0.78706139326096,0.0328467823565,-2.31820321083069,0.4684346996519,0.46146930509166,0.4436793053461
164.0,far_front,1,-0.73979312181473,0.06739941984415,-2.2923595905304,-0.78718394041061,0.03283265978098,-2.31878018379211,-0.78706139326096,0.0328467823565,-2.31820321083069,0.43731746769039,0.45993399214762,0.4436793053461
164.165,far_front,1,-0.77721232175827,0.05370683595538,-2.30940651893616,-0.78717494010925,0.03283369913697,-2.31873750686646,-0.78706139326096,0.0328467823565,-2.31820321083069,0.4663048695122,0.45994297550607,0.4436793053461
164.32,far_front,1,-0.74237543344498,0.06038853526115,-2.29620051383972,-0.78716588020325,0.03283474594355,-2.3186948299408,-0.78706139326096,0.0328467823565,-2.31820321083069,0.44210428990114,0.45995073240001,0.4436793053461
164.486,far_front,1,-0.7911394238472,0.03335436806083,-2.33122324943542,-0.7860159277916,0.03523137420416,-2.31759428977966,-0.78706139326096,0.0328467823565,-2.31820321083069,0.46481759471058,0.45954950289039,0.4436793053461
164.653,far_front,1,-0.78737688064575,0.03189171478152,-2.33069324493408,-0.7851949930191,0.0369384624064,-2.31680059432983,-0.78706139326096,0.0328467823565,-2.31820321083069,0.45222958025892,0.4591695181379,0.4436793053461
164.819,far_front,1,-0.78712272644043,0.03412547335029,-2.32557845115662,-0.78515630960464,0.03700725734234,-2.31674098968506,-0.78706139326096,0.0328467823565,-2.31820321083069,0.4735015347236,0.45891215159284,0.4436793053461
164.973,far_front,1,-0.79079622030258,0.03066373802722,-2.33114695549011,-0.78553599119186,0.03617823496461,-2.31703281402588,-0.78706139326096,0.0328467823565,-2.31820321083069,0.46617158905962,0.45957858467955,0.4436793053461
165.139,far_front,1,-0.697838306427,0.04745407029986,-2.29954671859741,-0.78584003448486,0.035514395684,-2.31726598739624,-0.78706139326096,0.0328467823565,-2.31820321083069,0.55561821977117,0.45747185244303,0.4436793053461
165.304,far_front,1,-0.77575135231018,0.02867027930915,-2.29984354972839,-0.78606510162354,0.03502276539803,-2.31743860244751,-0.78706139326096,0.0328467823565,-2.31820321083069,0.42652734014814,0.45751173120694,0.4436793053461
165.471,far_front,1,-0.79305154085159,0.02604001760483,-2.33982443809509,-0.78626352548599,0.03458917886019,-2.31759119033813,-0.78706139326096,0.0328467823565,-2.31820321083069,0.45224176308582,0.45845662151216,0.4436793053461
165.624,far_front,1,-0.77932280302048,0.04455350711942,-2.30943703651428,-0.78641051054001,0.03426806256175,-2.31770396232605,-0.78706139326096,0.0328467823565,-2.31820321083069,0.45881720194201,0.45915664293751,0.4436793053461
165.792,far_front,1,-0.73825567960739,0.05171796679497,-2.28541469573975,-0.7865497469902,0.03396396711469,-2.31781077384949,-0.78706139326096,0.0328467823565,-2.31820321083069,0.5145276471541,0.45782065282235,0.4436793053461
165.958,far_front,1,-0.74244672060013,0.05677711591125,-2.29740715026855,-0.78664427995682,0.03375807031989,-2.31788325309753,-0.78706139326096,0.0328467823565,-2.31820321083069,0.45629227062981,0.45678070076717,0.4436793053461
166.291,far_front,1,-0.77444696426392,-0.00759793585166,-2.34548115730286,-0.78671562671661,0.03360227122903,-2.31793785095215,-0.78706139326096,0.0328467823565,-2.31820321083069,0.46562090112088,0.45492456013544,0.4436793053461
166.445,far_front,1,-0.73173457384109,0.06331571936607,-2.27116680145264,-0.78671562671661,0.03360227122903,-2.31793785095215,-0.78706139326096,0.0328467823565,-2.31820321083069,0.51847873653182,0.45492456013544,0.4436793053461
166.625,far_front,1,-0.78274554014206,0.03915960714221,-2.31634473800659,-0.78671562671661,0.03360227122903,-2.31793785095215,-0.78706139326096,0.0328467823565,-2.31820321083069,0.47910215155471,0.45492456013544,0.4436793053461
166.792,far_front,1,-0.79378575086594,0.02159222401679,-2.34081888198853,-0.78671562671661,0.03360227122903,-2.31793785095215,-0.78706139326096,0.0328467823565,-2.31820321083069,0.46843848463378,0.45492456013544,0.4436793053461
166.946,far_front,1,-0.76637488603592,-0.01373421866447,-2.38181805610657,-0.78671562671661,0.03360227122903,-2.31793785095215,-0.78706139326096,0.0328467823565,-2.31820321083069,0.49506149574805,0.45492456013544,0.4436793053461
167.112,far_front,1,-0.79848033189774,0.0066417795606,-2.35781216621399,-0.78761923313141,0.03205496445298,-2.32079768180847,-0.78706139326096,0.0328467823565,-2.31820321083069,0.49284712292488,0.45575662897292,0.4436793053461
167.278,far_front,1,-0.78004765510559,0.03621527180076,-2.32632899284363,-0.7883425951004,0.03081598691642,-2.323086977005,-0.78706139326096,0.0328467823565,-2.31820321083069,0.46520528006152,0.45642283585694,0.4436793053461
167.429,far_front,1,-0.73988169431686,0.05702212080359,-2.30253529548645,-0.78854829072952,0.0304582696408,-2.3237099647522,-0.78706139326096,0.0328467823565,-2.31820321083069,0.46397443831845,0.45687562569024,0.4436793053461
167.584,far_front,1,-0.77689170837402,0.03892592713237,-2.30735683441162,-0.78854370117188,0.03045583330095,-2.32364392280579,-0.78706139326096,0.0328467823565,-2.31820321083069,0.48593256960131,0.45731879063523,0.4436793053461
167.75,far_front,1,-0.79392844438553,0.00823793560266,-2.34821915626526,-0.78824836015701,0.03093226067722,-2.32256007194519,-0.78706139326096,0.0328467823565,-2.31820321083069,0.46986561584086,0.45727256801687,0.4436793053461
167.902,far_front,1,-0.73378372192383,0.07358431071043,-2.28263378143311,-0.7880477309227,0.03125590831041,-2.32182359695435,-0.78706139326096,0.0328467823565,-2.31820321083069,0.44860500352427,0.45724090021802,0.4436793053461
168.056,far_front,1,-0.79261261224747,-0.0827254280448,-2.42737102508545,-0.78785133361816,0.03157291188836,-2.32110214233398,-0.78706139326096,0.0328467823565,-2.31820321083069,-3.03484657244717,0.45721019167424,0.4436793053461
168.221,far_front,1,-0.75302934646606,0.02418741025031,-2.31695342063904,-0.78770571947098,0.03180767968297,-2.3205680847168,-0.78706139326096,0.0328467823565,-2.31820321083069,0.47814991857444,0.45956677600279,0.4436793053461
168.376,far_front,1,-0.78502207994461,0.03857455402613,-2.3300199508667,-0.7833536863327,0.03094005025923,-2.31994152069092,-0.78706139326096,0.0328467823565,-2.31820321083069,0.45288082629501,0.46067908504915,0.4436793053461
168.543,far_front,1,-0.79208040237427,0.02245864830911,-2.34500622749329,-0.78409266471863,0.03131998702884,-2.31959557533264,-0.78706139326096,0.0328467823565,-2.31820321083069,0.47144614298268,0.45843391006889,0.4436793053461
168.693,far_front,1,-0.78390938043594,0.03295278549194,-2.3270251750946,-0.7845943570137,0.03157809376717,-2.31936049461365,-0.78706139326096,0.0328467823565,-2.31820321083069,0.47121780064218,0.45726947632274,0.4436793053461
168.849,far_front,1,-0.78806304931641,0.0232244823128,-2.32634830474854,-0.78508597612381,0.03183088824153,-2.31912970542908,-0.78706139326096,0.0328467823565,-2.31820321083069,0.4806769817736,0.45797957844647,0.4436793053461
169.016,far_front,1,-0.79177170991898,0.01577427238226,-2.33059430122375,-0.78547960519791,0.03203332424164,-2.31894493103027,-0.78706139326096,0.0328467823565,-2.31820321083069,0.50554682270474,0.45854770641915,0.4436793053461
169.165,far_front,1,-0.77801102399826,0.03978463634849,-2.32020926475525,-0.78574699163437,0.03217083960772,-2.31881976127625,-0.78706139326096,0.0328467823565,-2.31820321083069,0.46294346386451,0.45992994036341,0.4436793053461
169.333,far_front,1,-0.7333328127861,0.07086016982794,-2.27631187438965,-0.7860090136528,0.03230552002788,-2.31869673728943,-0.78706139326096,0.0328467823565,-2.31820321083069,0.45737615591179,0.46128375217184,0.4436793053461
169.5,far_front,1,-0.79676753282547,-0.01611910015345,-2.35093903541565,-0.78623414039612,0.03242132812738,-2.31859111785889,-0.78706139326096,0.0328467823565,-2.31820321083069,0.52121375114949,0.46118715047466,0.4436793053461
169.667,far_front,1,-0.7285475730896,0.04143593087792,-2.30789589881897,-0.7863090634346,0.03245984762907,-2.31855583190918,-0.78706139326096,0.0328467823565,-2.31820321083069,0.52765543583068,0.4622900982028,0.4436793053461
169.848,far_front,1,-0.7668571472168,0.05810131505132,-2.29127144813538,-0.78637397289276,0.03249324858189,-2.31852531433105,-0.78706139326096,0.0328467823565,-2.31820321083069,0.44790272070582,0.46068398969345,0.4436793053461
170.015,far_front,1,-0.73628824949265,0.04727774485946,-2.28487133979797,-0.78642892837524,0.03252151608467,-2.31849956512451,-0.78706139326096,0.0328467823565,-2.31820321083069,0.53163587403283,0.45932463110519,0.4436793053461
170.181,far_front,1,-0.72578996419907,0.06642573326826,-2.25856232643127,-0.78025364875793,0.03437730669975,-2.31430411338806,-0.78706139326096,0.0328467823565,-2.31820321083069,0.52120891983453,0.46712294609145,0.4436793053461
170.348,far_front,1,-0.76450198888779,0.0591535679996,-2.27879810333252,-0.77530884742737,0.03586330637336,-2.31094408035278,-0.78706139326096,0.0328467823565,-2.31820321083069,0.46005927624971,0.47336760818496,0.4436793053461
170.528,far_front,1,-0.76597547531128,0.05175437405705,-2.27813124656677,-0.76322782039642,0.03939935564995,-2.30286860466003,-0.73628824949265,0.04727774485946,-2.28487133979797,0.48368072497299,0.49134970167781,0.53163579243866
170.695,far_front,1,-0.77805906534195,0.0235488936305,-2.31209206581116,-0.76154404878616,0.04152479767799,-2.29844617843628,-0.73628824949265,0.04727774485946,-2.28487133979797,0.47564472624581,0.49342596927035,0.53163579243866
170.876,far_front,1,-0.75462359189987,0.07484266906977,-2.26139235496521,-0.75996589660645,0.04315653070807,-2.29502868652344,-0.73628824949265,0.04727774485946,-2.28487133979797,0.45673213265387,0.49521097336301,0.53163579243866
171.056,far_front,1,-0.75616043806076,0.06124590709805,-2.26087784767151,-0.75865966081619,0.04562082141638,-2.29204607009888,-0.73628824949265,0.04727774485946,-2.28487133979797,0.48181355724526,0.49346637093048,0.53163579243866
171.237,far_front,1,-0.76316064596176,0.06047545000911,-2.27493166923523,-0.75672858953476,0.04576386138797,-2.29142665863037,-0.73628824949265,0.04727774485946,-2.28487133979797,0.47560297970685,0.49209510966928,0.53163579243866
171.417,far_front,1,-0.78120368719101,0.02436157502234,-2.30584144592285,-0.75593638420105,0.047846455127,-2.28869986534119,-0.73628824949265,0.04727774485946,-2.28487133979797,0.48766047505225,0.48715581328417,0.47560297970685
171.612,far_front,1,-0.76259189844131,0.06999775767326,-2.2714421749115,-0.75437587499619,0.04820259660482,-2.28790497779846,-0.73628824949265,0.04727774485946,-2.28487133979797,0.4699722685222,0.48318421297553,0.47560297970685
171.779,far_front,1,-0.7736731171608,0.03697469830513,-2.29129338264465,-0.75313472747803,0.04839689657092,-2.28738236427307,-0.73628824949265,0.04727774485946,-2.28487133979797,0.50806523039081,0.48088652888337,0.47560297970685
171.959,far_front,1,-0.76670694351196,0.05871068313718,-2.2819287776947,-0.75214314460754,0.04882327839732,-2.28663325309753,-0.73628824949265,0.04727774485946,-2.28487133979797,0.46811189207068,0.47970841052402,0.47560297970685
172.152,far_front,1,-0.74394726753235,0.01545722316951,-2.3207643032074,-0.7507746219635,0.04868986457586,-2.28648138046265,-0.73628824949265,0.04727774485946,-2.28487133979797,0.52753785215193,0.47783219862769,0.47560297970685
172.332,far_front,1,-0.73011875152588,0.04136913642287,-2.30016732215881,-0.75265693664551,0.04701478406787,-2.28699231147766,-0.73628824949265,0.04727774485946,-2.28487133979797,0.52402215052431,0.48168153658368,0.47560297970685
172.514,far_front,1,-0.76966804265976,0.0432176887989,-2.29332447052002,-0.75114053487778,0.04703914374113,-2.28679585456848,-0.73628824949265,0.04727774485946,-2.28487133979797,0.48161248471817,0.47922822387272,0.47560297970685
172.694,far_front,1,-0.76146978139877,0.06512018293142,-2.27314257621765,-0.75097364187241,0.04685296863317,-2.28699517250061,-0.73628824949265,0.04727774485946,-2.28487133979797,0.46948322870075,0.47893867668898,0.47560297970685
172.876,far_front,1,-0.76621580123901,0.04481407627463,-2.282546043396,-0.7510461807251,0.04662187770009,-2.28727340698242,-0.73628824949265,0.04727774485946,-2.28487133979797,0.48086514751,0.47863028531974,0.47560297970685
173.056,far_front,1,-0.76893728971481,0.03921682760119,-2.28278803825378,-0.74977219104767,0.04667850211263,-2.2870659828186,-0.73628824949265,0.04727774485946,-2.28487133979797,0.50194931443711,0.47836910820098,0.47560297970685
173.251,far_front,1,-0.77877467870712,0.03224793449044,-2.3095486164093,-0.74852293729782,0.04673401638865,-2.28686261177063,-0.73628824949265,0.04727774485946,-2.28487133979797,0.46585320882928,0.47811323622629,0.47560297970685
173.429,far_front,1,-0.73317623138428,0.11186685413122,-2.21165108680725,-0.74754464626312,0.04677748680115,-2.28670334815979,-0.73628824949265,0.04727774485946,-2.28487133979797,0.50693179239061,0.47791289582959,0.47560297970685
173.625,far_front,1,-0.73117971420288,0.11100206524134,-2.21387410163879,-0.7466493844986,0.04680458456278,-2.28647708892822,-0.73628824949265,0.04727774485946,-2.28487133979797,0.4960377350988,0.47768477643865,0.47560297970685
173.792,far_front,1,-0.7612287402153,0.05430029332638,-2.26564145088196,-0.74667805433273,0.04675605520606,-2.28618192672729,-0.73628824949265,0.04727774485946,-2.28487133979797,0.4861552297229,0.47751856079903,0.47560297970685
173.972,far_front,1,-0.77175503969193,0.05320129916072,-2.28984999656677,-0.74770283699036,0.04773155227304,-2.28353404998779,-0.73628824949265,0.04727774485946,-2.28487133979797,0.47283984926944,0.47844681675062,0.47560297970685
174.152,far_front,1,-0.76650553941727,0.05133125185966,-2.27515149116516,-0.74858421087265,0.04857026413083,-2.28125762939453,-0.73628824949265,0.04727774485946,-2.28487133979797,0.49394973143254,0.4792450975689,0.47560297970685
174.319,far_front,1,-0.71450334787369,0.03180095553398,-2.26324963569641,-0.7486886382103,0.0489496961236,-2.28023076057434,-0.73628824949265,0.04727774485946,-2.28487133979797,0.48661444443041,0.47982949709761,0.47560297970685
174.5,far_front,1,-0.7662416100502,0.04056494683027,-2.28307414054871,-0.7482402920723,0.04908487573266,-2.27987003326416,-0.73628824949265,0.04727774485946,-2.28487133979797,0.49261965149191,0.48036575480806,0.47560297970685
174.681,far_front,1,-0.76219254732132,0.05138311907649,-2.27101993560791,-0.74742811918259,0.04895619675517,-2.2802426815033,-0.73628824949265,0.04727774485946,-2.28487133979797,0.48993004660981,0.48179177610157,0.47560297970685
174.861,far_front,1,-0.76172918081284,0.06601681560278,-2.2761390209198,-0.7473857998848,0.0489281155169,-2.28038263320923,-0.73628824949265,0.04727774485946,-2.28487133979797,0.45993785724209,0.48283633976351,0.47560297970685
175.055,far_front,1,-0.76803904771805,0.04247610643506,-2.27806115150452,-0.74635767936707,0.04877521470189,-2.28079843521118,-0.73628824949265,0.04727774485946,-2.28487133979797,0.49336463406317,0.48322305846805,0.47560297970685
175.236,far_front,1,-0.77349370718002,0.03390877693892,-2.29114151000977,-0.74548846483231,0.04864595457911,-2.28115010261536,-0.73628824949265,0.04727774485946,-2.28487133979797,0.47765521204034,0.48350243914806,0.47560297970685
175.431,far_front,1,-0.77190893888474,0.03282455354929,-2.2873649597168,-0.74805331230164,0.04758878052235,-2.28102397918701,-0.73628824949265,0.04727774485946,-2.28487133979797,0.4728871122934,0.48426999760341,0.47560297970685
175.625,far_front,1,-0.76681751012802,0.04170801863074,-2.27916932106018,-0.74885904788971,0.04708565399051,-2.28109264373779,-0.73628824949265,0.04727774485946,-2.28487133979797,0.48933429639532,0.4848174709306,0.47560297970685
175.807,far_front,1,-0.72772794961929,0.01224668230861,-2.28635382652283,-0.74777388572693,0.04710223525763,-2.281418800354,-0.73628824949265,0.04727774485946,-2.28487133979797,0.49473797352866,0.48402257937516,0.47560297970685
176.014,far_front,1,-0.77090853452682,0.0340196415782,-2.28410506248474,-0.74768310785294,0.04683158546686,-2.28163146972656,-0.73628824949265,0.04727774485946,-2.28487133979797,0.47978817599007,0.48405518566833,0.47560297970685
176.193,far_front,1,-0.76272201538086,0.05293807387352,-2.2766375541687,-0.74970924854279,0.04527507722378,-2.28218221664429,-0.73628824949265,0.04727774485946,-2.28487133979797,0.47681224468428,0.48237126768467,0.47560297970685
176.389,far_front,1,-0.75979071855545,0.05633841082454,-2.26337599754334,-0.7516838312149,0.04375806450844,-2.28271913528442,-0.73628824949265,0.04727774485946,-2.28487133979797,0.48835085765951,0.48072990216207,0.47560297970685
176.583,far_front,1,-0.75931435823441,0.0546084754169,-2.2638304233551,-0.75035470724106,0.0440618917346,-2.28290486335754,-0.73628824949265,0.04727774485946,-2.28487133979797,0.4908208871856,0.48146329531382,0.47560297970685
176.763,far_front,1,-0.78888696432114,0.01053499151021,-2.31723499298096,-0.7504135966301,0.04572679847479,-2.28052115440369,-0.73628824949265,0.04727774485946,-2.28487133979797,0.47260747931221,0.48223756756171,0.47560297970685
176.945,far_front,1,-0.76686829328537,0.06241607666016,-2.26870441436768,-0.7491050362587,0.0458704829216,-2.28092408180237,-0.73628824949265,0.04727774485946,-2.28487133979797,0.46371153010491,0.48067452909575,0.47560297970685
177.141,far_front,1,-0.76975435018539,0.05280623957515,-2.28664040565491,-0.74791765213013,0.04600086063147,-2.28128981590271,-0.73628824949265,0.04727774485946,-2.28487133979797,0.46973638528869,0.47951651567499,0.47560297970685
177.332,far_front,1,-0.77294832468033,0.04779594019055,-2.28663992881775,-0.74856132268906,0.04748144745827,-2.2791919708252,-0.73628824949265,0.04727774485946,-2.28487133979797,0.47923712610586,0.48037796645531,0.47560297970685
177.527,far_front,1,-0.72899866104126,0.04223046079278,-2.29514527320862,-0.75051867961884,0.04822129011154,-2.28074049949646,-0.73628824949265,0.04727774485946,-2.28487133979797,0.51948571753337,0.4784534545523,0.47560297970685
177.709,far_front,1,-0.73270279169083,0.03444351628423,-2.30237650871277,-0.75083440542221,0.04851674288511,-2.28160119056702,-0.73628824949265,0.04727774485946,-2.28487133979797,0.52969658576487,0.47696830279835,0.47560297970685
177.902,far_front,1,-0.76384764909744,0.04957431927323,-2.26991534233093,-0.75083285570145,0.04868830740452,-2.28219723701477,-0.73628824949265,0.04727774485946,-2.28487133979797,0.49381748342842,0.47589467161145,0.47560297970685
178.097,far_front,1,-0.73337841033936,0.03021234087646,-2.30722141265869,-0.75272560119629,0.0484398715198,-2.28305912017822,-0.73628824949265,0.04727774485946,-2.28487133979797,0.52525309674717,0.47586819895984,0.47560297970685
178.279,far_front,1,-0.77366524934769,0.0430063791573,-2.28069949150085,-0.74846178293228,0.0463489331305,-2.28596258163452,-0.73628824949265,0.04727774485946,-2.28487133979797,0.50495705547911,0.48350214757743,0.47560297970685
178.473,far_front,1,-0.76084399223328,0.05389241874218,-2.26696515083313,-0.74517178535461,0.04473551735282,-2.28820395469666,-0.73628824949265,0.04727774485946,-2.28487133979797,0.49363638042267,0.48939234434704,0.47560297970685
178.653,far_front,1,-0.69797712564468,0.09581460803747,-2.24242377281189,-0.74694347381592,0.04558547586203,-2.28549790382385,-0.73628824949265,0.04727774485946,-2.28487133979797,0.57796372083012,0.48844178287966,0.47560297970685
178.848,far_front,1,-0.73986262083054,0.00418529426679,-2.30305957794189,-0.74843007326126,0.04629861190915,-2.28322720527649,-0.73628824949265,0.04727774485946,-2.28487133979797,0.50256416714065,0.48810026883477,0.47560297970685
179.014,far_front,1,-0.72726625204086,0.07185824215412,-2.26498818397522,-0.74892318248749,0.047238599509,-2.281498670578,-0.73628824949265,0.04727774485946,-2.28487133979797,0.48280477309874,0.48784768463537,0.47560297970685
179.195,far_front,1,-0.76141136884689,0.06887980550528,-2.27490305900574,-0.748370885849,0.04752933233976,-2.28115558624268,-0.73628824949265,0.04727774485946,-2.28487133979797,0.45545538031172,0.48763082515692,0.47560297970685
179.376,far_front,1,-0.77638387680054,0.04463380947709,-2.30154633522034,-0.74458348751068,0.05075102299452,-2.27930092811584,-0.73628824949265,0.04727774485946,-2.28487133979797,0.45621230035906,0.48659228566486,0.47560297970685
179.542,far_front,1,-0.7752251625061,0.03913436830044,-2.29082632064819,-0.74181079864502,0.05310952290893,-2.27794313430786,-0.73628824949265,0.04727774485946,-2.28487133979797,0.49819754730671,0.48571377514033,0.47560297970685
179.722,far_front,1,-0.77884787321091,0.03462045267224,-2.2991144657135,-0.7455427646637,0.05093682557344,-2.28006267547607,-0.73628824949265,0.04727774485946,-2.28487133979797,0.49442336295061,0.48650323217237,0.47560297970685
179.902,far_front,1,-0.77535945177078,-0.05229744687676,-2.36978530883789,-0.74875146150589,0.04906879365444,-2.28188490867615,-0.73628824949265,0.04727774485946,-2.28487133979797,-2.95584675884948,0.48718186404478,0.47560297970685
180.069,far_front,1,-0.77593088150024,0.05139409378171,-2.29607033729553,-0.75154995918274,0.04714106395841,-2.28424835205078,-0.73628824949265,0.04727774485946,-2.28487133979797,0.47314723291814,0.48721041851987,0.47560297970685
180.251,far_front,1,-0.75376898050308,-0.01234510261565,-2.3290011882782,-0.75411814451218,0.04537190124393,-2.28641629219055,-0.73628824949265,0.04727774485946,-2.28487133979797,0.49938036771929,0.48723644451796,0.47560297970685
180.417,far_front,1,-0.78288108110428,0.04515978693962,-2.30686974525452,-0.76120156049728,0.04226328060031,-2.29009175300598,-0.77884787321091,0.03462045267224,-2.2991144657135,0.46569050018952,0.48725422792979,0.47560297970685
180.598,far_front,1,-0.78465443849564,0.04343323037028,-2.31080198287964,-0.76545041799545,0.04042304307222,-2.29226446151733,-0.77884787321091,0.03462045267224,-2.2991144657135,0.46958175065625,0.48726934648313,0.47560297970685
180.763,far_front,1,-0.78121763467789,0.04731836915016,-2.30893611907959,-0.76984959840775,0.03973419219255,-2.29544997215271,-0.77884787321091,0.03462045267224,-2.2991144657135,0.43474623589734,0.48442820832475,0.47560297970685
180.945,far_front,1,-0.78332614898682,0.03686333447695,-2.30437183380127,-0.77190464735031,0.03856633231044,-2.29628658294678,-0.77884787321091,0.03462045267224,-2.2991144657135,0.47058102514857,0.48100303278304,0.47560297970685
181.112,far_front,1,-0.79719853401184,0.00670594349504,-2.3229558467865,-0.77328819036484,0.03778006881475,-2.29684996604919,-0.77884787321091,0.03462045267224,-2.2991144657135,0.31793073572338,0.47869725227035,0.47560297970685
181.292,far_front,1,-0.79412317276001,0.03359704837203,-2.32471084594727,-0.77447772026062,0.03710405156016,-2.29733443260193,-0.77884787321091,0.03462045267224,-2.2991144657135,0.44617727997476,0.47671446103575,0.47560297970685
181.459,far_front,1,-0.79585814476013,0.00163109658752,-2.32640886306763,-0.77534848451614,0.03660916537046,-2.29768872261047,-0.77884787321091,0.03462045267224,-2.2991144657135,0.39894045392232,0.4757464524775,0.47560297970685
181.639,far_front,1,-0.78899097442627,0.03346691653132,-2.30628108978271,-0.77813279628754,0.03604729473591,-2.30140471458435,-0.77884787321091,0.03462045267224,-2.2991144657135,0.48078306265083,0.47179500171246,0.47560297970685
181.807,far_front,1,-0.73107522726059,0.07100512832403,-2.25776505470276,-0.78017085790634,0.03563596308231,-2.30412578582764,-0.77884787321091,0.03462045267224,-2.2991144657135,0.51525890353416,0.46890238546495,0.47560297970685
181.987,far_front,1,-0.73228979110718,0.07175347208977,-2.25617098808289,-0.78192335367203,0.0352823138237,-2.30646467208862,-0.77884787321091,0.03462045267224,-2.2991144657135,0.49474376047279,0.46641503917953,0.47560297970685
182.153,far_front,1,-0.78292542695999,0.04961523413658,-2.30752778053284,-0.78131055831909,0.03515042364597,-2.30500030517578,-0.77884787321091,0.03462045267224,-2.2991144657135,0.44115305421226,0.4697982816636,0.47560297970685
182.332,far_front,1,-0.78800797462463,0.0455136410892,-2.31306004524231,-0.7808198928833,0.0350448153913,-2.30382704734802,-0.77884787321091,0.03462045267224,-2.2991144657135,0.45023073199904,0.47215617597674,0.47560297970685
182.499,far_front,1,-0.74440735578537,0.03658410906792,-2.27912974357605,-0.7804269194603,0.03496025502682,-2.30288815498352,-0.77884787321091,0.03462045267224,-2.2991144657135,0.54035806537893,0.46856776830518,0.47560297970685
182.667,far_front,1,-0.79076212644577,0.02654799818993,-2.3147885799408,-0.77388495206833,0.03983578458428,-2.29635834693909,-0.77884787321091,0.03462045267224,-2.2991144657135,0.4923683399011,0.47262400776358,0.47560297970685
182.834,far_front,1,-0.79285448789597,0.01761725358665,-2.31724572181702,-0.7748738527298,0.03879656642675,-2.29690766334534,-0.77884787321091,0.03462045267224,-2.2991144657135,0.27580460113596,0.46894252983911,0.47560297970685
183.013,far_front,1,-0.78004932403564,0.04263190552592,-2.29804253578186,-0.7765177488327,0.03842289373279,-2.29840588569641,-0.77884787321091,0.03462045267224,-2.2991144657135,0.47286418725855,0.46712126668061,0.47560297970685
183.182,far_front,1,-0.74097514152527,0.07350665330887,-2.27911019325256,-0.77860403060913,0.03653363510966,-2.30064630508423,-0.77884787321091,0.03462045267224,-2.2991144657135,0.43531605274523,0.47117048506235,0.47560297970685
183.361,far_front,1,-0.78557151556015,0.04542400315404,-2.3072030544281,-0.77865260839462,0.03615241497755,-2.3003408908844,-0.77884787321091,0.03462045267224,-2.2991144657135,0.45734382130595,0.472053866328,0.47560297970685
183.527,far_front,1,-0.77891904115677,0.05595432594419,-2.30076575279236,-0.77869153022766,0.03584715351462,-2.3000967502594,-0.77884787321091,0.03462045267224,-2.2991144657135,0.4450008646212,0.47049535055366,0.47560297970685
183.693,far_front,1,-0.79074245691299,0.03082460910082,-2.31074261665344,-0.77872282266617,0.0356027148664,-2.29990100860596,-0.77884787321091,0.03462045267224,-2.2991144657135,0.48017289961689,0.46924795869892,0.47560297970685
183.862,far_front,1,-0.79969435930252,0.02601564116776,-2.33819937705994,-0.77874952554703,0.03539256006479,-2.29973268508911,-0.77884787321091,0.03462045267224,-2.2991144657135,0.43305085442243,0.46817466723119,0.47560297970685
184.028,far_front,1,-0.74323481321335,0.07173125445843,-2.28163504600525,-0.77875739336014,0.03533082827926,-2.29968309402466,-0.77884787321091,0.03462045267224,-2.2991144657135,0.42811135161098,0.46738916165282,0.47560297970685
184.195,far_front,1,-0.78195160627365,0.03876501694322,-2.29969596862793,-0.77876460552216,0.03527402877808,-2.29963755607605,-0.77884787321091,0.03462045267224,-2.2991144657135,0.47522113279567,0.46676023591615,0.47560297970685
184.361,far_front,1,-0.79136925935745,0.01333052013069,-2.31483340263367,-0.77877068519592,0.03522595390677,-2.29959917068481,-0.77884787321091,0.03462045267224,-2.2991144657135,0.38920597997403,0.46921133272586,0.47560297970685
184.528,far_front,1,-0.79306244850159,0.0258218627423,-2.31524991989136,-0.77877736091614,0.03517368808389,-2.29955744743347,-0.77884787321091,0.03462045267224,-2.2991144657135,0.4789370510664,0.47184458350131,0.47560297970685
184.709,far_front,1,-0.77890998125076,0.05719951912761,-2.29829621315002,-0.78068667650223,0.03388284519315,-2.30161285400391,-0.77884787321091,0.03462045267224,-2.2991144657135,0.44823990760958,0.47347330527932,0.47560297970685
184.876,far_front,1,-0.7920970916748,0.03466515988111,-2.32111358642578,-0.78032022714615,0.03402982652187,-2.30111503601074,-0.77884787321091,0.03462045267224,-2.2991144657135,0.46198246075756,0.47385783695818,0.47560297970685
185.042,far_front,1,-0.7792119383812,0.04405364394188,-2.2988612651825,-0.78087866306305,0.03364190459251,-2.30170559883118,-0.77884787321091,0.03462045267224,-2.2991144657135,0.46785343271186,0.47401615588972,0.47560297970685
185.193,far_front,1,-0.79264408349991,0.02770713530481,-2.31850934028625,-0.78193032741547,0.03381204232574,-2.30358362197876,-0.77884787321091,0.03462045267224,-2.2991144657135,0.47064721384335,0.47285037855967,0.47560297970685
185.362,moving_to_far_left,1,-0.8006489276886,0.01847369037569,-2.34275221824646,-0.78166419267654,0.03388183191419,-2.30319786071777,-0.77884787321091,0.03462045267224,-2.2991144657135,0.45042675049281,0.47343960965363,0.47560297970685
185.516,moving_to_far_left,1,-0.74666613340378,0.03527608141303,-2.28640937805176,-0.78201234340668,0.03397700190544,-2.30385088920593,-0.77884787321091,0.03462045267224,-2.2991144657135,0.55661343418941,0.4722752263599,0.47560297970685
185.681,moving_to_far_left,1,-0.73288488388062,0.07116101682186,-2.26296210289001,-0.78175938129425,0.03402845561504,-2.30347204208374,-0.77884787321091,0.03462045267224,-2.2991144657135,0.50116962386783,0.47293853396925,0.47560297970685
185.848,moving_to_far_left,1,-0.78716725111008,0.02973560988903,-2.31706547737122,-0.78117913007736,0.03414641693234,-2.30260372161865,-0.77884787321091,0.03462045267224,-2.2991144657135,0.45966929610966,0.47303513933985,0.47560297970685
186.014,moving_to_far_left,1,-0.74366253614426,0.06467346847057,-2.28789496421814,-0.7809926867485,0.03418432176113,-2.3023247718811,-0.77884787321091,0.03462045267224,-2.2991144657135,0.45822127228953,0.47156956434435,0.47560297970685
186.167,moving_to_far_left,1,-0.79151850938797,0.00400849198923,-2.32914614677429,-0.77655875682831,0.03771432116628,-2.30044531822205,-0.77884787321091,0.03462045267224,-2.2991144657135,0.40341534900604,0.47031784451209,0.47560297970685
186.334,moving_to_far_left,1,-0.7899529337883,0.01099920179695,-2.32489347457886,-0.77264827489853,0.04082760587335,-2.29878807067871,-0.77884787321091,0.03462045267224,-2.2991144657135,0.38411895780707,0.46921418509696,0.47560297970685
186.5,moving_to_far_left,1,-0.78881573677063,0.03232807666063,-2.31561374664307,-0.77491623163223,0.0389845110476,-2.30108141899109,-0.77884787321091,0.03462045267224,-2.2991144657135,0.47395601570984,0.46850984373296,0.47560297970685
186.667,moving_to_far_left,1,-0.77202558517456,0.05455620959401,-2.28473353385925,-0.77636748552322,0.03778094798326,-2.30242586135864,-0.77884787321091,0.03462045267224,-2.2991144657135,0.46377222583671,0.46794603659795,0.47560297970685
186.847,moving_to_far_left,1,-0.74081373214722,0.04565151035786,-2.27700924873352,-0.77686178684235,0.03715118020773,-2.30176615715027,-0.77884787321091,0.03462045267224,-2.2991144657135,0.54151476917006,0.46968800350432,0.47560297970685
187.015,moving_to_far_left,1,-0.79073309898376,0.03064113296568,-2.3156373500824,-0.77728688716888,0.03660972416401,-2.30119919776917,-0.77884787321091,0.03462045267224,-2.2991144657135,0.46852879651351,0.47095387205093,0.47560297970685
187.182,moving_to_far_left,1,-0.79383045434952,0.02670855633914,-2.32180690765381,-0.77759784460068,0.03621333837509,-2.30078268051147,-0.77884787321091,0.03462045267224,-2.2991144657135,0.47088763023429,0.47188046335832,0.47560297970685
187.334,moving_to_far_left,1,-0.78582030534744,0.03608184680343,-2.31144881248474,-0.77782815694809,0.03591978177428,-2.30047512054443,-0.77884787321091,0.03462045267224,-2.2991144657135,0.45450700328128,0.47256677387972,0.47560297970685
187.501,moving_to_far_left,1,-0.79300493001938,0.02059917710721,-2.31404948234558,-0.77803146839142,0.03566086664796,-2.30020356178284,-0.77884787321091,0.03462045267224,-2.2991144657135,0.5025578164065,0.47055391497952,0.47560297970685
187.668,moving_to_far_left,1,-0.7709087729454,0.05841689184308,-2.27866101264954,-0.77849817276001,0.03541918843985,-2.30060482025146,-0.77884787321091,0.03462045267224,-2.2991144657135,-2.74823017516489,0.47095797755078,0.47560297970685
187.834,moving_to_far_left,1,-0.78783768415451,0.03358517214656,-2.31435084342957,-0.77866286039352,0.03530233725905,-2.30065488815308,-0.77884787321091,0.03462045267224,-2.2991144657135,0.48314427505537,0.47132962594644,0.47560297970685
187.987,moving_to_far_left,1,-0.80003374814987,0.00941422861069,-2.34462261199951,-0.77869695425034,0.03517667576671,-2.30037093162537,-0.77884787321091,0.03462045267224,-2.2991144657135,0.48597781529275,0.47298283780622,0.47560297970685
188.14,moving_to_far_left,1,-0.77993267774582,0.03949937224388,-2.3123471736908,-0.77872478961945,0.03507417067885,-2.30013990402222,-0.77884787321091,0.03462045267224,-2.2991144657135,0.4758784896905,0.47433169966523,0.47560297970685
188.292,moving_to_far_left,1,-0.79135698080063,0.02344464510679,-2.34432053565979,-0.77874267101288,0.03500808775425,-2.2999906539917,-0.77884787321091,0.03462045267224,-2.2991144657135,0.47679683674147,0.47543215599984,0.47560297970685
188.446,moving_to_far_left,1,-0.78268355131149,0.03061950206757,-2.32392287254334,-0.7787504196167,0.03497958183289,-2.29992628097534,-0.77884787321091,0.03462045267224,-2.2991144657135,0.48205827371138,0.47632978412,0.47560297970685
188.597,moving_to_far_left,1,-0.7800527215004,0.01459501311183,-2.34172964096069,-0.7791708111763,0.03449762240052,-2.30240106582642,-0.77884787321091,0.03462045267224,-2.2991144657135,0.46607581375683,0.47682714690827,0.47560297970685
188.763,moving_to_far_left,1,-0.77236825227737,0.04581099748611,-2.31604266166687,-0.78065878152847,0.03313511237502,-2.30735659599304,-0.77884787321091,0.03462045267224,-2.2991144657135,0.46385155411107,0.47672965714525,0.47560297970685
188.93,moving_to_far_left,1,-0.72741430997849,0.07775539904833,-2.28370594978333,-0.78051400184631,0.03325386717916,-2.30669760704041,-0.77884787321091,0.03462045267224,-2.2991144657135,0.44998611360622,0.47686950682601,0.47560297970685
189.084,moving_to_far_left,1,-0.77321577072144,0.0336983166635,-2.32137989997864,-0.78038084506989,0.03336312994361,-2.30609107017517,-0.77884787321091,0.03462045267224,-2.2991144657135,0.48426626518176,0.47682640113182,0.47560297970685
189.251,moving_to_far_left,1,-0.75273656845093,-0.01532306987792,-2.36953091621399,-0.78025823831558,0.0334636606276,-2.30553293228149,-0.77884787321091,0.03462045267224,-2.2991144657135,0.51903754736637,0.4776577705791,0.47560297970685
189.417,moving_to_far_left,1,-0.77915024757385,0.02891181968153,-2.34666132926941,-0.78014546632767,0.03355615586042,-2.30501985549927,-0.77884787321091,0.03462045267224,-2.2991144657135,0.44857263997748,0.4783236538426,0.47560297970685
189.585,moving_to_far_left,1,-0.77700012922287,0.03143702447414,-2.34051871299744,-0.78004151582718,0.03364124521613,-2.30454778671265,-0.77884787321091,0.03462045267224,-2.2991144657135,0.47431269330767,0.47885672614245,0.47560297970685
189.737,moving_to_far_left,1,-0.77597552537918,0.03890545293689,-2.33562827110291,-0.77960932254791,0.03345629945397,-2.30829930305481,-0.77884787321091,0.03462045267224,-2.2991144657135,0.4646268175918,0.47825721994803,0.47560297970685
189.918,moving_to_far_left,1,-0.77693873643875,0.04255456104875,-2.33069920539856,-0.77920019626617,0.03328115865588,-2.311851978302,-0.77884787321091,0.03462045267224,-2.2991144657135,0.47603862447492,0.47768968178316,0.47560297970685
190.084,moving_to_far_left,1,-0.77572196722031,0.03346206247807,-2.32932567596436,-0.77856034040451,0.03275299444795,-2.32010245323181,-0.77700012922287,0.03143702447414,-2.34051871299744,0.48533690334397,0.47735338390224,0.47560292592063
190.25,moving_to_far_left,1,-0.78349596261978,-0.0237258952111,-2.37966156005859,-0.77824938297272,0.03249076381326,-2.3241708278656,-0.77700012922287,0.03143702447414,-2.34051871299744,0.82366706176298,0.47564299293062,0.47560292592063
190.415,moving_to_far_left,1,-0.73881578445435,0.02690438367426,-2.34253239631653,-0.77801918983459,0.03229656070471,-2.32718372344971,-0.77700012922287,0.03143702447414,-2.34051871299744,0.47643220482722,0.47564027453315,0.47560292592063
190.568,moving_to_far_left,1,-0.7785267829895,0.01244963612407,-2.36738657951355,-0.77783125638962,0.03213815391064,-2.32964181900024,-0.77700012922287,0.03143702447414,-2.34051871299744,0.47225691286915,0.47675103831689,0.47560292592063
190.736,moving_to_far_left,1,-0.77187776565552,0.01892370171845,-2.35843396186829,-0.77766561508179,0.03199844062328,-2.3318088054657,-0.77700012922287,0.03143702447414,-2.34051871299744,0.47057345493195,0.47773081580598,0.47560292592063
190.904,moving_to_far_left,1,-0.73190456628799,-0.00553368404508,-2.35152339935303,-0.77684062719345,0.03021083585918,-2.33605933189392,-0.77700012922287,0.03143702447414,-2.34051871299744,0.5068730163608,0.47656882784613,0.47560292592063
191.068,moving_to_far_left,1,-0.73005199432373,0.05180710554123,-2.32165551185608,-0.77628213167191,0.02900047600269,-2.33893728256226,-0.77700012922287,0.03143702447414,-2.34051871299744,0.45007707216795,0.47581336545277,0.47560292592063
191.237,moving_to_far_left,1,-0.77243155241013,-0.01500175148249,-2.3711793422699,-0.77134734392166,0.028917780146,-2.33954381942749,-0.77700012922287,0.03143702447414,-2.34051871299744,0.87917314957246,0.47579542291044,0.47560292592063
191.401,moving_to_far_left,1,-0.77233189344406,0.01564675010741,-2.37146759033203,-0.77179247140884,0.02836116403341,-2.34100794792175,-0.77700012922287,0.03143702447414,-2.34051871299744,0.48258644771122,0.47572605890036,0.47560292592063
191.568,moving_to_far_left,1,-0.77052313089371,0.03644582256675,-2.34729313850403,-0.7722088098526,0.02860709652305,-2.34096884727478,-0.77700012922287,0.03143702447414,-2.34051871299744,0.49383772462523,0.47571641045061,0.47560292592063
191.735,moving_to_far_left,1,-0.76732915639877,0.01418705284595,-2.33463287353516,-0.77258425951004,0.02721131965518,-2.34472012519836,-0.77700012922287,0.03143702447414,-2.34051871299744,0.56048295706139,0.47656093677719,0.47560292592063
191.901,moving_to_far_left,1,-0.74712777137756,-0.07203598320484,-2.43826842308044,-0.77346414327621,0.02805334329605,-2.34388303756714,-0.77700012922287,0.03143702447414,-2.34051871299744,2.6527615993799,0.47863351013479,0.47560292592063
192.053,moving_to_far_left,1,-0.76997548341751,0.03844049945474,-2.32477402687073,-0.77358001470566,0.02686445973814,-2.34681558609009,-0.77700012922287,0.03143702447414,-2.34051871299744,0.51137963755166,0.47841088010792,0.47560292592063
192.222,moving_to_far_left,1,-0.77315163612366,0.00724350148812,-2.34278202056885,-0.77426147460938,0.02777559868991,-2.34556078910828,-0.77700012922287,0.03143702447414,-2.34051871299744,0.51822138820227,0.48011470164178,0.47560292592063
192.389,moving_to_far_left,1,-0.77570199966431,-0.01464919745922,-2.37128043174744,-0.77443695068359,0.02701183222234,-2.34498500823975,-0.77700012922287,0.03143702447414,-2.34051871299744,0.9246449182302,0.48482893608771,0.47560292592063
192.553,moving_to_far_left,1,-0.73064494132996,0.04108805954456,-2.31287479400635,-0.7746108174324,0.0271210949868,-2.34463334083557,-0.77700012922287,0.03143702447414,-2.34051871299744,0.51779426205007,0.48802080880274,0.47560292592063
192.722,moving_to_far_left,1,-0.77187991142273,0.00909949187189,-2.34468340873718,-0.7747688293457,0.02703306637704,-2.34426665306091,-0.77700012922287,0.03143702447414,-2.34051871299744,0.5189054521122,0.49083568667122,0.47560292592063
192.887,moving_to_far_left,1,-0.7351131439209,-0.0054955095984,-2.34808731079102,-0.77494716644287,0.02738519012928,-2.34396696090698,-0.77700012922287,0.03143702447414,-2.34051871299744,0.5302355041808,0.49317497273322,0.47560292592063
193.042,moving_to_far_left,1,-0.76591664552689,0.02009394019842,-2.33895587921143,-0.77511125802994,0.02770915813744,-2.34369134902954,-0.77700012922287,0.03143702447414,-2.34051871299744,0.47896341607312,0.49504797400593,0.47560292592063
193.209,moving_to_far_left,1,-0.76267951726913,0.02683371864259,-2.32873439788818,-0.77526223659515,0.02800722047687,-2.34343767166138,-0.77700012922287,0.03143702447414,-2.34051871299744,0.49310811701909,0.49654740376697,0.47560292592063
193.386,moving_to_far_left,1,-0.75846910476685,0.04835407063365,-2.32296180725098,-0.7756085395813,0.02869065105915,-2.34285616874695,-0.77700012922287,0.03143702447414,-2.34051871299744,0.46653064668544,0.49487281126068,0.47560292592063
193.553,moving_to_far_left,1,-0.76653289794922,0.0223402287811,-2.3422966003418,-0.77588582038879,0.02923789992929,-2.3423900604248,-0.77700012922287,0.03143702447414,-2.34051871299744,0.4975191552754,0.48942047770169,0.47560292592063
193.721,moving_to_far_left,1,-0.75832909345627,0.03588926047087,-2.3390896320343,-0.77610778808594,0.02967610023916,-2.34201717376709,-0.77700012922287,0.03143702447414,-2.34051871299744,0.4444890844194,0.4856205104301,0.47560292592063
193.887,moving_to_far_left,1,-0.75383216142654,0.06462231278419,-2.29557967185974,-0.77628564834595,0.03002698533237,-2.34171891212463,-0.77700012922287,0.03143702447414,-2.34051871299744,0.55946228931806,0.48579699063432,0.47560292592063
194.055,moving_to_far_left,1,-0.76159977912903,0.01398277562112,-2.36583828926086,-0.77642798423767,0.03030795417726,-2.34147953987122,-0.77700012922287,0.03143702447414,-2.34051871299744,0.46266768073714,0.48593800934365,0.47560292592063
194.22,moving_to_far_left,1,-0.73084980249405,-0.00772430747747,-2.38358116149902,-0.77654206752777,0.0305329374969,-2.34128785133362,-0.77700012922287,0.03143702447414,-2.34051871299744,1.30804592129089,0.48001744803143,0.47560292592063
194.376,moving_to_far_left,1,-0.76254385709763,0.01801798306406,-2.34937357902527,-0.77663338184357,0.03071308508515,-2.34113502502441,-0.77700012922287,0.03143702447414,-2.34051871299744,0.51160981159182,0.4818583753093,0.47560292592063
194.542,moving_to_far_left,1,-0.71177244186401,0.02292196452618,-2.31083250045776,-0.77606981992722,0.03023662976921,-2.34143257141113,-0.77700012922287,0.03143702447414,-2.34051871299744,0.46531990106635,0.48508089318013,0.47560292592063
194.722,moving_to_far_left,1,-0.71878606081009,0.04589021205902,-2.32362866401672,-0.77598881721497,0.03019196912646,-2.3414511680603,-0.77700012922287,0.03143702447414,-2.34051871299744,0.47324775755534,0.487661034347,0.47560292592063
194.876,moving_to_far_left,1,-0.76117873191833,0.01165211945772,-2.35490536689758,-0.77606970071793,0.03029151819646,-2.34137654304504,-0.77700012922287,0.03143702447414,-2.34051871299744,0.50732955594339,0.48972677724328,0.47560292592063
195.042,moving_to_far_left,1,-0.75364369153976,0.02765171416104,-2.35843944549561,-0.77599436044693,0.03024712018669,-2.34139657020569,-0.77700012922287,0.03143702447414,-2.34051871299744,0.47755385661311,0.4913812746456,0.47560292592063
195.209,moving_to_far_left,1,-0.74913209676743,0.00822699535638,-2.33858227729797,-0.77329617738724,0.03001444414258,-2.34344577789307,-0.77700012922287,0.03143702447414,-2.34051871299744,0.96093811119502,0.48682438896396,0.47560292592063
195.389,moving_to_far_left,1,-0.75064104795456,0.01472039241344,-2.36203479766846,-0.77097624540329,0.02981439419091,-2.34520721435547,-0.77700012922287,0.03143702447414,-2.34051871299744,0.45879094543783,0.48343218795444,0.47560292592063
195.54,moving_to_far_left,1,-0.75167840719223,0.03035083971918,-2.33221697807312,-0.76953536272049,0.02969014644623,-2.34630155563354,-0.77700012922287,0.03143702447414,-2.34051871299744,0.49039610411424,0.48188972582698,0.47560292592063
195.708,moving_to_far_left,1,-0.71146184206009,0.02939696423709,-2.34220600128174,-0.76923877000809,0.02794952876866,-2.34675288200378,-0.77700012922287,0.03143702447414,-2.34051871299744,0.51276841897223,0.48457460827694,0.47560292592063
195.876,moving_to_far_left,1,-0.74881857633591,0.0236902628094,-2.35311388969421,-0.76954931020737,0.0282389447093,-2.34648466110229,-0.77700012922287,0.03143702447414,-2.34051871299744,0.45767606812302,0.48212127252763,0.47560292592063
196.041,moving_to_far_left,1,-0.74747562408447,0.00869979802519,-2.37486004829407,-0.7676876783371,0.0279391258955,-2.34683108329773,-0.77700012922287,0.03143702447414,-2.34051871299744,0.48120301044092,0.478862459562,0.47560292592063
196.209,moving_to_far_left,1,-0.75147390365601,0.01760566234589,-2.36611938476563,-0.76727843284607,0.02796511352062,-2.34669637680054,-0.77700012922287,0.03143702447414,-2.34051871299744,0.46721642944114,0.47577665668435,0.47560292592063
196.359,moving_to_far_left,1,-0.75135016441345,0.01201461907476,-2.35399508476257,-0.76711291074753,0.02800704352558,-2.34657001495361,-0.77700012922287,0.03143702447414,-2.34051871299744,0.48870469224128,0.47385988909151,0.47560292592063
196.528,moving_to_far_left,1,-0.75115585327148,0.01964429579675,-2.34718918800354,-0.76582688093185,0.02689777687192,-2.34868693351746,-0.77700012922287,0.03143702447414,-2.34051871299744,0.46402084641986,0.47311545811103,0.47560292592063
196.679,moving_to_far_left,1,-0.75146508216858,0.02025289274752,-2.34598994255066,-0.76502799987793,0.02620884589851,-2.3500018119812,-0.77700012922287,0.03143702447414,-2.34051871299744,0.48368445740005,0.47265308937189,0.47560292592063
196.848,moving_to_far_left,1,-0.75611704587936,0.00417213561013,-2.36347889900208,-0.76516228914261,0.02574409544468,-2.34946012496948,-0.77700012922287,0.03143702447414,-2.34051871299744,0.49003078722469,0.47503034262142,0.47560292592063
197.0,moving_to_far_left,1,-0.75400751829147,0.01302816998214,-2.35677981376648,-0.76526135206223,0.02540825493634,-2.34906625747681,-0.77700012922287,0.03143702447414,-2.34051871299744,0.48742722049234,0.47663971247895,0.47560292592063
197.167,moving_to_far_left,1,-0.71601223945618,0.02787858992815,-2.35320019721985,-0.76542502641678,0.02515549957752,-2.34866690635681,-0.77700012922287,0.03143702447414,-2.34051871299744,1.1874470353519,0.4780596252283,0.47560292592063
197.32,moving_to_far_left,1,-0.71154093742371,0.03016252629459,-2.33490371704102,-0.76627629995346,0.02561747096479,-2.34806752204895,-0.77700012922287,0.03143702447414,-2.34051871299744,0.52598041792512,0.47847566288683,0.47560292592063
197.471,moving_to_far_left,1,-0.75224924087524,0.01548066455871,-2.37210774421692,-0.76656854152679,0.02557779103518,-2.34786415100098,-0.77700012922287,0.03143702447414,-2.34051871299744,0.45502369749366,0.47923539471467,0.47560292592063
197.625,moving_to_far_left,1,-0.75082302093506,0.01071838196367,-2.3753821849823,-0.76684206724167,0.0254937466234,-2.34767436981201,-0.77700012922287,0.03143702447414,-2.34051871299744,0.46694187098015,0.47997927235924,0.47560292592063
197.779,moving_to_far_left,1,-0.7095018029213,0.03485072776675,-2.3268301486969,-0.76688086986542,0.02524972893298,-2.34765028953552,-0.77700012922287,0.03143702447414,-2.34051871299744,0.51770878358818,0.48053032658043,0.47560292592063
197.944,moving_to_far_left,1,-0.74880856275558,0.02726805023849,-2.34161972999573,-0.76123207807541,0.02624373137951,-2.34569120407104,-0.77700012922287,0.03143702447414,-2.34051871299744,0.49048169988734,0.4854048656097,0.47560292592063
198.113,moving_to_far_left,1,-0.75127798318863,0.00694331154227,-2.37789130210876,-0.7625932097435,0.02669202536345,-2.34524488449097,-0.77700012922287,0.03143702447414,-2.34051871299744,0.45588412888898,0.48514698852249,0.47560292592063
198.265,moving_to_far_left,1,-0.70910668373108,0.0373963676393,-2.32408738136292,-0.7622435092926,0.0251883212477,-2.34837579727173,-0.77700012922287,0.03143702447414,-2.34051871299744,0.51076746200667,0.4823941186099,0.47560292592063
198.417,moving_to_far_left,1,-0.75070524215698,0.01216383557767,-2.35466647148132,-0.76332873106003,0.02564787864685,-2.34779810905457,-0.77700012922287,0.03143702447414,-2.34051871299744,0.49518593438796,0.4828507628667,0.47560292592063
198.569,moving_to_far_left,1,-0.74825596809387,0.04084909334779,-2.34018659591675,-0.76424592733383,0.02603626064956,-2.34730982780457,-0.77700012922287,0.03143702447414,-2.34051871299744,0.49905042201048,0.48319263831163,0.47560292592063
198.735,moving_to_far_left,1,-0.74815702438354,-0.00521819898859,-2.39311099052429,-0.76526564359665,0.02646808326244,-2.34676694869995,-0.77700012922287,0.03143702447414,-2.34051871299744,0.4850486852659,0.48352755553541,0.47560292592063
198.886,moving_to_far_left,1,-0.74766176939011,0.00701522594318,-2.38041400909424,-0.7644100189209,0.02517157047987,-2.34723901748657,-0.77700012922287,0.03143702447414,-2.34051871299744,0.47279514499246,0.48431502953976,0.47560292592063
199.056,moving_to_far_left,1,-0.75177973508835,-0.00915079750121,-2.38585877418518,-0.76445829868317,0.02474052272737,-2.3472216129303,-0.77700012922287,0.03143702447414,-2.34051871299744,0.49338562208727,0.48506092356115,0.47560292592063
199.208,moving_to_far_left,1,-0.71304911375046,0.01991918496788,-2.36025810241699,-0.76348966360092,0.02330121770501,-2.35028910636902,-0.77700012922287,0.03143702447414,-2.34051871299744,0.52417444925061,0.4823251459045,0.47560292592063
199.36,moving_to_far_left,1,-0.74935126304626,0.0145711414516,-2.35292887687683,-0.76261204481125,0.02199736610055,-2.35306811332703,-0.77700012922287,0.03143702447414,-2.34051871299744,0.47668737753564,0.48012939018195,0.47560292592063
199.515,moving_to_far_left,1,-0.70859974622726,0.01289717387408,-2.35468459129334,-0.75834780931473,0.0176992341876,-2.36093664169312,-0.74766176939011,0.00701522594318,-2.38041400909424,0.5474355044057,0.47843325013012,0.47560297970685
199.68,moving_to_far_left,1,-0.74716979265213,0.01974137127399,-2.36306023597717,-0.7557001709938,0.01505198236555,-2.36576247215271,-0.74766176939011,0.00701522594318,-2.38041400909424,0.4562343989653,0.47770087807344,0.47560297970685
199.834,moving_to_far_left,1,-0.70253485441208,0.01374788489193,-2.3244936466217,-0.75505745410919,0.01440939679742,-2.36693406105042,-0.74766176939011,0.00701522594318,-2.38041400909424,0.45393392725102,0.47734253355208,0.47560297970685
199.986,moving_to_far_left,1,-0.70771723985672,-0.00196700799279,-2.34187698364258,-0.75016283988953,0.01451805699617,-2.36709094047546,-0.74766176939011,0.00701522594318,-2.38041400909424,0.48763325143445,0.48216289244859,0.47560297970685
200.139,moving_to_far_left,1,-0.74618244171143,0.02180414833128,-2.35985541343689,-0.74470710754395,0.01190827134997,-2.3649628162384,-0.74766176939011,0.00701522594318,-2.38041400909424,0.44857365238884,0.48234919364277,0.47560297970685
200.307,moving_to_far_left,1,-0.70748281478882,-0.00368857872672,-2.34390473365784,-0.74033844470978,0.00981851946563,-2.36325907707214,-0.74766176939011,0.00701522594318,-2.38041400909424,0.48682518997377,0.48238732002369,0.47560297970685
200.459,moving_to_far_left,1,-0.75295811891556,0.00607354706153,-2.36527633666992,-0.73162281513214,0.00664180424064,-2.35760927200317,-0.70771723985672,-0.00196700799279,-2.34187698364258,0.50454239171783,0.48235236789473,0.47560297970685
200.613,moving_to_far_left,1,-0.74941653013229,0.00783715862781,-2.37896919250488,-0.72488588094711,0.00421576946974,-2.3531756401062,-0.70771723985672,-0.00196700799279,-2.34187698364258,0.46726158495227,0.48237766774799,0.47560297970685
200.779,moving_to_far_left,1,-0.74749904870987,0.05032396316528,-2.30556559562683,-0.72707945108414,0.0039816563949,-2.35382843017578,-0.70771723985672,-0.00196700799279,-2.34187698364258,0.48968630042206,0.48461953333604,0.47560297970685
200.931,moving_to_far_left,1,-0.70962476730347,-0.00557049363852,-2.34826183319092,-0.72792631387711,0.00561390630901,-2.35368919372559,-0.70771723985672,-0.00196700799279,-2.34187698364258,0.51630977926728,0.4798554919302,0.47560297970685
201.083,moving_to_far_left,1,-0.74844163656235,0.02210940979421,-2.34392237663269,-0.72318714857101,0.00372424675152,-2.35106730461121,-0.70771723985672,-0.00196700799279,-2.34187698364258,0.48216451547193,0.48031830260275,0.47560297970685
201.251,moving_to_far_left,1,-0.74980503320694,0.00303924456239,-2.3686420917511,-0.72530418634415,0.00571492640302,-2.34937381744385,-0.70771723985672,-0.00196700799279,-2.34187698364258,0.49859200240278,0.4799116084135,0.47560297970685
201.417,moving_to_far_left,1,-0.70208781957626,0.01305984705687,-2.32385540008545,-0.72685378789902,0.00717224087566,-2.34813332557678,-0.70771723985672,-0.00196700799279,-2.34187698364258,0.45286299245074,0.47956738098418,0.47560297970685
201.567,moving_to_far_left,1,-0.70231914520264,0.01275352761149,-2.32703137397766,-0.73206299543381,0.01079813856632,-2.34706425666809,-0.74844163656235,0.02210940979421,-2.34392237663269,0.45525697232652,0.47930169635928,0.47560297970685
201.734,moving_to_far_left,1,-0.74499934911728,0.02988738380373,-2.35820984840393,-0.72960257530212,0.01189092826098,-2.34434175491333,-0.74844163656235,0.02210940979421,-2.34392237663269,0.46092400146176,0.47603995717294,0.47560297970685
201.903,moving_to_far_left,1,-0.74817627668381,-0.01745913922787,-2.40903353691101,-0.73413860797882,0.01435132697225,-2.34424090385437,-0.74844163656235,0.02210940979421,-2.34392237663269,0.5054932772629,0.47682130869584,0.47560297970685
202.056,moving_to_far_left,1,-0.71049576997757,-0.00563521310687,-2.3494725227356,-0.737628698349,0.01708476059139,-2.34540152549744,-0.74844163656235,0.02210940979421,-2.34392237663269,0.52189243108046,0.47491211647171,0.47560297970685
202.209,moving_to_far_left,1,-0.74957942962646,0.0186730157584,-2.35029363632202,-0.73432737588882,0.01693687401712,-2.34319019317627,-0.74844163656235,0.02210940979421,-2.34392237663269,0.48093545032167,0.47270440430493,0.47560297970685
202.359,moving_to_far_left,1,-0.70767045021057,0.00130067020655,-2.3343334197998,-0.73671346902847,0.01781129091978,-2.34331393241882,-0.74844163656235,0.02210940979421,-2.34392237663269,0.49102256133114,0.47375621894034,0.47560297970685
202.515,moving_to_far_left,1,-0.74255114793777,0.05441509559751,-2.32534027099609,-0.73905032873154,0.01866774260998,-2.34343504905701,-0.74844163656235,0.02210940979421,-2.34392237663269,0.54842475696951,0.47478642485998,0.47560297970685
202.68,moving_to_far_left,1,-0.75177580118179,0.01257330644876,-2.35757422447205,-0.73642551898956,0.0161173697561,-2.34416151046753,-0.74844163656235,0.02210940979421,-2.34392237663269,0.50142698600101,0.48025071901937,0.47560297970685
202.832,moving_to_far_left,1,-0.7067015171051,0.00642285495996,-2.33858847618103,-0.7386400103569,0.01722167991102,-2.34411716461182,-0.74844163656235,0.02210940979421,-2.34392237663269,0.48910788633395,0.47990929008106,0.47560297970685
202.987,moving_to_far_left,1,-0.74862146377563,0.01550275925547,-2.36823678016663,-0.7405931353569,0.01819561980665,-2.34407830238342,-0.74844163656235,0.02210940979421,-2.34392237663269,0.446608318454,0.47956511551077,0.47560297970685
203.151,moving_to_far_left,1,-0.74714869260788,0.01855623908341,-2.34949827194214,-0.74203950166702,0.01891691982746,-2.34404969215393,-0.74844163656235,0.02210940979421,-2.34392237663269,0.46914434521503,0.48179932020235,0.47560297970685
203.305,far_left,1,-0.75106984376907,0.01737543940544,-2.35170865058899,-0.74321937561035,0.01950528286397,-2.34402656555176,-0.74844163656235,0.02210940979421,-2.34392237663269,0.50007581989761,0.47991646089916,0.47560297970685
203.457,far_left,1,-0.70043557882309,0.01339087728411,-2.31793117523193,-0.7441817522049,0.01998521015048,-2.34400701522827,-0.74844163656235,0.02210940979421,-2.34392237663269,0.4484856774679,0.48193096990958,0.47560297970685
203.612,far_left,1,-0.712815284729,0.01835427433252,-2.36380672454834,-0.7450305223465,0.02040848508477,-2.34399056434631,-0.74844163656235,0.02210940979421,-2.34392237663269,0.5284104067577,0.47986887321572,0.47560297970685
203.764,far_left,1,-0.70996952056885,0.02982168458402,-2.34851813316345,-0.74565905332565,0.02072195708752,-2.34397745132446,-0.74844163656235,0.02210940979421,-2.34392237663269,0.51814557247762,0.47834170251543,0.47560297970685
203.929,far_left,1,-0.75056153535843,0.01274985540658,-2.35851883888245,-0.74175584316254,0.02186290919781,-2.34449481964111,-0.74844163656235,0.02210940979421,-2.34392237663269,0.48571342957883,0.48272047087196,0.47560297970685
204.082,far_left,1,-0.713842689991,-0.00324552017264,-2.3933207988739,-0.73857200145721,0.02279358915985,-2.34491658210754,-0.74844163656235,0.02210940979421,-2.34392237663269,0.50973539271359,0.48629227739346,0.47560297970685
204.251,far_left,1,-0.74684506654739,0.01199715863913,-2.37309813499451,-0.73593610525131,0.02214680798352,-2.34735369682312,-0.74844163656235,0.02210940979421,-2.34392237663269,0.46557977092832,0.49934227629324,0.52841045823284
204.402,far_left,1,-0.71188640594482,0.01829394698143,-2.36507034301758,-0.7342991232872,0.02174511365592,-2.34886765480042,-0.74844163656235,0.02210940979421,-2.34392237663269,0.52471336576686,0.50689628073023,0.52841045823284
204.557,far_left,1,-0.71161895990372,0.02711211144924,-2.35252785682678,-0.73258036375046,0.0213441811502,-2.35050702095032,-0.74844163656235,0.02210940979421,-2.34392237663269,0.51595804624114,0.5129903296703,0.52841045823284
204.71,far_left,1,-0.74468207359314,0.03296513110399,-2.35409092903137,-0.73130750656128,0.02104725316167,-2.35172080993652,-0.74844163656235,0.02210940979421,-2.34392237663269,0.46898027520465,0.51693894075655,0.52841045823284
204.862,far_left,1,-0.75125569105148,0.01243660598993,-2.3571469783783,-0.72686147689819,0.0204096250236,-2.35479807853699,-0.71188640594482,0.01829394698143,-2.36507034301758,0.48761418668391,0.51971673175563,0.52841045823284
205.028,far_left,1,-0.71356678009033,0.01751283556223,-2.36567234992981,-0.7287637591362,0.01926111616194,-2.35586142539978,-0.71188640594482,0.01829394698143,-2.36507034301758,0.51570948698,0.51638633107089,0.52841045823284
205.181,far_left,1,-0.70404547452927,0.01618782617152,-2.32184028625488,-0.7256532907486,0.01908286847174,-2.35755801200867,-0.71188640594482,0.01829394698143,-2.36507034301758,0.46901895351587,0.51727091131483,0.52841045823284
205.332,far_left,1,-0.71241921186447,0.02825988084078,-2.35011982917786,-0.72332602739334,0.01894949935377,-2.35882806777954,-0.71188640594482,0.01829394698143,-2.36507034301758,0.51434860777318,0.51801847485454,0.52841045823284
205.501,far_left,1,-0.70986652374268,0.02849812805653,-2.34729862213135,-0.72087854146957,0.01880923844874,-2.36016345024109,-0.71188640594482,0.01829394698143,-2.36507034301758,0.49442562968894,0.51891581345407,0.52841045823284
205.652,far_left,1,-0.74949932098389,-0.01555681228638,-2.37813067436218,-0.7202752828598,0.01877466961741,-2.36049294471741,-0.71188640594482,0.01829394698143,-2.36507034301758,1.03683865688907,0.51694265204033,0.52841045823284
205.82,far_left,1,-0.74681013822556,0.00866897311062,-2.37886595726013,-0.71848028898239,0.01867181807756,-2.36147236824036,-0.71188640594482,0.01829394698143,-2.36507034301758,0.45527773819096,0.5179329446048,0.52841045823284
205.971,far_left,1,-0.74844789505005,0.02409013174474,-2.36106419563293,-0.71803796291351,0.01864646747708,-2.36171364784241,-0.71188640594482,0.01829394698143,-2.36507034301758,0.44947520145638,0.51612591719575,0.52841045823284
206.125,far_left,1,-0.75038462877274,0.01919369213283,-2.34686088562012,-0.72114646434784,0.01738170161843,-2.36409449577332,-0.71188640594482,0.01829394698143,-2.36507034301758,0.48814146449491,0.50949779552783,0.52841045823284
206.29,far_left,1,-0.7072651386261,0.01719487458467,-2.33192491531372,-0.72363662719727,0.01821514219046,-2.36381435394287,-0.71188640594482,0.01829394698143,-2.36507034301758,0.64059308964088,0.50392289807743,0.52841045823284
206.446,far_left,1,-0.70726203918457,0.00017224128533,-2.33745217323303,-0.72607308626175,0.01834250986576,-2.36180472373962,-0.71188640594482,0.01829394698143,-2.36507034301758,0.49211223030684,0.50380503844551,0.52841045823284
206.598,far_left,1,-0.71523493528366,-0.02068457752466,-2.36795926094055,-0.72787755727768,0.01843683980405,-2.36031651496887,-0.71188640594482,0.01829394698143,-2.36507034301758,0.54666711167892,0.5037176712833,0.52841045823284
206.75,far_left,1,-0.70301389694214,0.01697564311326,-2.32087016105652,-0.72439968585968,0.0163304079324,-2.35802221298218,-0.71188640594482,0.01829394698143,-2.36507034301758,0.46660267160942,0.50410188120669,0.52841045823284
206.902,far_left,1,-0.74801105260849,0.03052465617657,-2.33644890785217,-0.72179740667343,0.01475432701409,-2.35630583763123,-0.71188640594482,0.01829394698143,-2.36507034301758,0.56349774207983,0.50438952439894,0.52841045823284
207.056,far_left,1,-0.71200007200241,0.02843928337097,-2.35172581672668,-0.71924865245819,0.01321062259376,-2.35462498664856,-0.71188640594482,0.01829394698143,-2.36507034301758,0.51711279968535,0.50467156906567,0.52841045823284
207.209,far_left,1,-0.74671703577042,0.01999825052917,-2.34891390800476,-0.7173610329628,0.01206736452878,-2.35337972640991,-0.71188640594482,0.01829394698143,-2.36507034301758,0.49162249842904,0.50488043099264,0.52841045823284
207.374,far_left,1,-0.74372094869614,0.01233663316816,-2.37204670906067,-0.71635216474533,0.0132148982957,-2.35553431510925,-0.71188640594482,0.01829394698143,-2.36507034301758,0.47890401978,0.5079201297916,0.52841045823284
207.526,far_left,1,-0.74628800153732,0.04376702383161,-2.34036421775818,-0.71952724456787,0.01434657350183,-2.35543727874756,-0.71188640594482,0.01829394698143,-2.36507034301758,0.46010837687332,0.50747374171601,0.52841045823284
207.68,far_left,1,-0.74647158384323,0.01156283449382,-2.3750741481781,-0.72211712598801,0.01526968646795,-2.3553581237793,-0.71188640594482,0.01829394698143,-2.36507034301758,0.47006428683992,0.50710970671752,0.52841045823284
207.834,far_left,1,-0.70217007398605,0.00818197336048,-2.33624720573425,-0.72402936220169,0.01513296924531,-2.35815906524658,-0.71188640594482,0.01829394698143,-2.36507034301758,0.45917343665098,0.50521026332969,0.52841045823284
207.987,far_left,1,-0.70623189210892,0.05465686693788,-2.3035032749176,-0.7254456281662,0.015031715855,-2.36023330688477,-0.71188640594482,0.01829394698143,-2.36507034301758,0.47338541575925,0.50380378769332,0.52841045823284
208.14,far_left,1,-0.67008066177368,0.03934814780951,-2.33528399467468,-0.72660082578659,0.0149491224438,-2.36192536354065,-0.71188640594482,0.01829394698143,-2.36507034301758,0.55595007832902,0.50265633132645,0.52841045823284
208.292,far_left,1,-0.70157295465469,0.0115459561348,-2.32126450538635,-0.72277367115021,0.01440485939384,-2.35919690132141,-0.71188640594482,0.01829394698143,-2.36507034301758,0.45930879706621,0.49945550403383,0.52841045823284
208.445,far_left,1,-0.7487587928772,0.01108557078987,-2.37718653678894,-0.71965181827545,0.01396090351045,-2.35697150230408,-0.71188640594482,0.01829394698143,-2.36507034301758,0.44534017394369,0.49684448702925,0.52841045823284
208.612,far_left,1,-0.70955085754395,0.0340323112905,-2.3417329788208,-0.71689856052399,0.01356935780495,-2.3550078868866,-0.71188640594482,0.01829394698143,-2.36507034301758,0.4985478077446,0.48607644067994,0.45917343665098
208.762,far_left,1,-0.75170511007309,-0.02508065663278,-2.38887095451355,-0.71580541133881,0.01602512039244,-2.35425162315369,-0.71188640594482,0.01829394698143,-2.36507034301758,1.05097699432359,0.48567452852456,0.45917343665098
208.931,far_left,1,-0.67456293106079,0.00125733704772,-2.3833122253418,-0.71465575695038,0.01860779337585,-2.35345649719238,-0.71188640594482,0.01829394698143,-2.36507034301758,0.55236951574052,0.48525153099473,0.45917343665098
209.084,far_left,1,-0.74783843755722,0.02905599214137,-2.35534238815308,-0.7142881155014,0.01909030787647,-2.35391330718994,-0.71188640594482,0.01829394698143,-2.36507034301758,0.45351020921531,0.4849644857997,0.45917343665098
209.237,far_left,1,-0.71142381429672,0.03239409998059,-2.3439245223999,-0.71807783842087,0.0181161314249,-2.35736060142517,-0.71188640594482,0.01829394698143,-2.36507034301758,0.51407847733954,0.47862388560136,0.45917343665098
209.389,far_left,1,-0.70392602682114,0.00871902424842,-2.33481287956238,-0.71727532148361,0.0188899859786,-2.35720205307007,-0.71188640594482,0.01829394698143,-2.36507034301758,0.46459176489467,0.48134177804175,0.45917343665098
209.541,far_left,1,-0.74822944402695,0.02319727838039,-2.34482645988464,-0.71685075759888,0.01900251209736,-2.35757613182068,-0.71188640594482,0.01829394698143,-2.36507034301758,0.49216604471909,0.483375106465,0.45917343665098
209.709,far_left,1,-0.70427489280701,0.01833251677454,-2.31693744659424,-0.71630817651749,0.01923938840628,-2.35791087150574,-0.71188640594482,0.01829394698143,-2.36507034301758,0.46809035351827,0.49280914748909,0.51407847733954
209.848,far_left,1,-0.74781280755997,0.02337793447077,-2.34156537055969,-0.71472245454788,0.01807142794132,-2.35593581199646,-0.71188640594482,0.01829394698143,-2.36507034301758,0.50034405359262,0.49119447699089,0.51407847733954
210.014,far_left,1,-0.7471951842308,0.0209461543709,-2.34689784049988,-0.7186159491539,0.0187467224896,-2.35483860969543,-0.71188640594482,0.01829394698143,-2.36507034301758,0.49143273976,0.49404968192358,0.51407847733954
210.167,far_left,1,-0.70919132232666,0.01783731020987,-2.36660122871399,-0.7215473651886,0.01922610588372,-2.35440111160278,-0.71188640594482,0.01829394698143,-2.36507034301758,0.44342349082101,0.49552298042732,0.51407847733954
210.32,far_left,1,-0.70865267515182,0.02836681157351,-2.35680985450745,-0.72393852472305,0.01961714401841,-2.35404419898987,-0.71188640594482,0.01829394698143,-2.36507034301758,0.43833302822515,0.4968880396387,0.51407847733954
210.486,far_left,1,-0.70443028211594,0.01722849160433,-2.31599402427673,-0.72577035427094,0.01967771910131,-2.35399031639099,-0.71188640594482,0.01829394698143,-2.36507034301758,0.47068813167741,0.49745711945665,0.51407847733954
210.638,far_left,1,-0.74805498123169,0.0093650072813,-2.37889122962952,-0.72726458311081,0.01972712390125,-2.35394644737244,-0.71188640594482,0.01829394698143,-2.36507034301758,0.44897641561679,0.49792106733027,0.51407847733954
210.792,far_left,1,-0.75235491991043,0.00387754291296,-2.37060046195984,-0.72385865449905,0.01960158161819,-2.35621452331543,-0.71188640594482,0.01829394698143,-2.36507034301758,0.49306907579629,0.49174039322602,0.51407847733954
210.943,far_left,1,-0.70678377151489,0.03816341981292,-2.32767367362976,-0.72183477878571,0.01938052661717,-2.35771131515503,-0.71188640594482,0.01829394698143,-2.36507034301758,0.51680160338296,0.488077629661,0.51407847733954
211.095,far_left,1,-0.74539357423782,0.0651009529829,-2.31190800666809,-0.72000122070313,0.01918027363718,-2.35906720161438,-0.71188640594482,0.01829394698143,-2.36507034301758,0.53370012815213,0.47486312027951,0.43833305352319
211.25,far_left,1,-0.74948668479919,0.02464871108532,-2.34446358680725,-0.71775090694427,0.02146958559752,-2.35562300682068,-0.71188640594482,0.01829394698143,-2.36507034301758,0.48246175625426,0.47732269951053,0.43833305352319
211.404,far_left,1,-0.70894861221313,0.02313876710832,-2.34158897399902,-0.72098612785339,0.02161375619471,-2.35499835014343,-0.71188640594482,0.01829394698143,-2.36507034301758,0.52465810906151,0.47515416767612,0.43833305352319
211.57,far_left,1,-0.74800652265549,0.03346409276128,-2.33383107185364,-0.72025853395462,0.02134831994772,-2.35580325126648,-0.71188640594482,0.01829394698143,-2.36507034301758,0.48664313372726,0.47853065944514,0.43833305352319
211.722,far_left,1,-0.70879536867142,0.01745373010635,-2.34980583190918,-0.72264629602432,0.02242922596633,-2.35408067703247,-0.71188640594482,0.01829394698143,-2.36507034301758,0.52449170365671,0.47682173410146,0.43833305352319
211.887,far_left,1,-0.7124936580658,0.00377276050858,-2.34264159202576,-0.72498506307602,0.02348793298006,-2.35239386558533,-0.71188640594482,0.01829394698143,-2.36507034301758,0.52174560094273,0.47514835597823,0.43833305352319
212.042,far_left,1,-0.71256083250046,0.02307024784386,-2.35500693321228,-0.72393769025803,0.02307264320552,-2.35340714454651,-0.71188640594482,0.01829394698143,-2.36507034301758,0.53242161372412,0.47852612743431,0.43833305352319
212.193,far_left,1,-0.75251048803329,0.00265517528169,-2.37208151817322,-0.72190034389496,0.02226480841637,-2.35537886619568,-0.71188640594482,0.01829394698143,-2.36507034301758,0.49718096507199,0.48080321597143,0.43833305352319
212.348,far_left,1,-0.74625211954117,0.02919896133244,-2.33583521842957,-0.71990501880646,0.02147356420755,-2.35730981826782,-0.71188640594482,0.01829394698143,-2.36507034301758,0.49450507456186,0.49326270949677,0.52449173350511
212.515,far_left,1,-0.7500861287117,0.00504317320883,-2.38564801216125,-0.71830713748932,0.02083998732269,-2.35885667800903,-0.71188640594482,0.01829394698143,-2.36507034301758,0.45728403071679,0.50272849012198,0.52449173350511
212.665,far_left,1,-0.74919980764389,0.02071077562869,-2.34890198707581,-0.72149884700775,0.01876299269497,-2.36064529418945,-0.71188640594482,0.01829394698143,-2.36507034301758,0.48045391907894,0.50353207637993,0.52449173350511
212.819,far_left,1,-0.74920624494553,0.01186923403293,-2.37658381462097,-0.72401028871536,0.01895396411419,-2.35960459709167,-0.71188640594482,0.01829394698143,-2.36507034301758,0.45082675766217,0.5023403032644,0.52449173350511
212.975,far_left,1,-0.7125238776207,0.02728894166648,-2.35266613960266,-0.72622609138489,0.01802510023117,-2.36212253570557,-0.71188640594482,0.01829394698143,-2.36507034301758,0.51725038444658,0.49761208031488,0.52449173350511
213.14,far_left,1,-0.7506360411644,-0.00424358481541,-2.39590764045715,-0.72799956798553,0.01837861351669,-2.3607029914856,-0.71188640594482,0.01829394698143,-2.36507034301758,0.47814879856002,0.49750328825038,0.52449173350511
213.292,far_left,1,-0.70674580335617,0.01366239134222,-2.32517886161804,-0.7293136715889,0.01762555167079,-2.36282920837402,-0.71188640594482,0.01829394698143,-2.36507034301758,0.48183904441443,0.4940216272397,0.52449173350511
213.447,far_left,1,-0.74958252906799,0.01128773391247,-2.36057734489441,-0.73038494586945,0.01802614703774,-2.36138725280762,-0.71188640594482,0.01829394698143,-2.36507034301758,0.565389123414,0.49458217193678,0.52449173350511
213.611,far_left,1,-0.7076455950737,0.0241237860173,-2.34147453308105,-0.73125946521759,0.01733804121614,-2.3633873462677,-0.71188640594482,0.01829394698143,-2.36507034301758,0.52835895582675,0.49163900546231,0.52449173350511
213.764,far_left,1,-0.70617812871933,0.00541730830446,-2.3305389881134,-0.72607547044754,0.0182771962136,-2.36290311813354,-0.71188640594482,0.01829394698143,-2.36507034301758,0.47902009418268,0.49728676751714,0.52449173350511
213.917,far_left,1,-0.75149393081665,0.00839459057897,-2.3646674156189,-0.72280532121658,0.01680224016309,-2.35933876037598,-0.71188640594482,0.01829394698143,-2.36507034301758,0.49708772572894,0.4970812705606,0.52449173350511
214.082,far_left,1,-0.70358973741531,0.01702089607716,-2.32404971122742,-0.72013771533966,0.01559911761433,-2.35643124580383,-0.71188640594482,0.01829394698143,-2.36507034301758,0.47191306441515,0.49691382966344,0.52449173350511
214.235,far_left,1,-0.75121593475342,0.00333755952306,-2.37034797668457,-0.71874976158142,0.01633360981941,-2.35611081123352,-0.71188640594482,0.01829394698143,-2.36507034301758,0.49555525179251,0.5051010678878,0.52449173350511
214.389,far_left,1,-0.7465962767601,0.01602576486766,-2.37143969535828,-0.71667379140854,0.01512615848333,-2.35360980033875,-0.71188640594482,0.01829394698143,-2.36507034301758,0.46060071614238,0.50332191679563,0.52449173350511
214.556,far_left,1,-0.74628877639771,0.02614542841911,-2.35950064659119,-0.72063541412354,0.01452881004661,-2.35584402084351,-0.71188640594482,0.01829394698143,-2.36507034301758,0.46096715770361,0.5041396305841,0.52449173350511
214.709,far_left,1,-0.74649405479431,0.03808057308197,-2.34851479530334,-0.72300726175308,0.01496235840023,-2.35827565193176,-0.71188640594482,0.01829394698143,-2.36507034301758,0.45258719294872,0.50055691383071,0.52449173350511
214.861,far_left,1,-0.70849281549454,0.01670823805034,-2.35167646408081,-0.72474950551987,0.0163522362709,-2.35883760452271,-0.71188640594482,0.01829394698143,-2.36507034301758,0.52529026937231,0.49791477381325,0.52449173350511
215.015,far_left,1,-0.74793440103531,0.00651148101315,-2.38113284111023,-0.72645598649979,0.01771356351674,-2.35938835144043,-0.71188640594482,0.01829394698143,-2.36507034301758,0.47149207269358,0.48733171243148,0.46096713101197
215.165,far_left,1,-0.75065678358078,0.00884694326669,-2.36366724967957,-0.72761517763138,0.01863835006952,-2.35976219177246,-0.71188640594482,0.01829394698143,-2.36507034301758,0.49688574671663,0.48048071242165,0.46096713101197
215.332,far_left,1,-0.71106886863708,-0.00257765129209,-2.37609934806824,-0.72758442163467,0.01909111998975,-2.36015796661377,-0.71188640594482,0.01829394698143,-2.36507034301758,0.51070923257881,0.47456655200903,0.46096713101197
215.484,far_left,1,-0.74813967943192,0.01719409041107,-2.36859035491943,-0.72914165258408,0.01785982772708,-2.36090159416199,-0.71188640594482,0.01829394698143,-2.36507034301758,0.49904900918386,0.47618348455911,0.46096713101197
215.64,far_left,1,-0.74720841646194,-0.00882424693555,-2.37427973747253,-0.72940969467163,0.01783727481961,-2.36187052726746,-0.71188640594482,0.01829394698143,-2.36507034301758,0.93592636366787,0.47787794594415,0.46096713101197
215.779,far_left,1,-0.71601313352585,-0.01406797766685,-2.36308407783508,-0.73052954673767,0.01691981032491,-2.36226391792297,-0.71188640594482,0.01829394698143,-2.36507034301758,0.5549943251211,0.47880100936912,0.46096713101197
215.931,far_left,1,-0.74721574783325,0.02175888605416,-2.34647560119629,-0.73154401779175,0.01608868129551,-2.36261963844299,-0.71188640594482,0.01829394698143,-2.36507034301758,0.48563845496313,0.47963709670615,0.46096713101197
216.096,far_left,1,-0.7078110575676,0.02450904808939,-2.34243130683899,-0.73009836673737,0.01625086739659,-2.36279988288879,-0.71188640594482,0.01829394698143,-2.36507034301758,0.51790253701922,0.48056759806996,0.46096713101197
216.251,far_left,1,-0.74882960319519,0.01838832162321,-2.35155987739563,-0.72886091470718,0.0164233725518,-2.36304545402527,-0.71188640594482,0.01829394698143,-2.36507034301758,0.47944266985434,0.48138827204619,0.46096713101197
216.404,far_left,1,-0.70733958482742,0.03086647577584,-2.33377170562744,-0.7299730181694,0.01677894219756,-2.36186838150024,-0.71188640594482,0.01829394698143,-2.36507034301758,0.51327827534814,0.47988644283459,0.46096713101197
216.554,far_left,1,-0.74992036819458,-0.00742523791268,-2.40155243873596,-0.72648650407791,0.01768943294883,-2.36002564430237,-0.71188640594482,0.01829394698143,-2.36507034301758,0.48079132708375,0.48268279956807,0.46096713101197
216.695,far_left,1,-0.71242761611938,0.02758570574224,-2.35234308242798,-0.7278510928154,0.01819856651127,-2.35882091522217,-0.71188640594482,0.01829394698143,-2.36507034301758,0.52901854188013,0.48108586550079,0.46096713101197
216.846,far_left,1,-0.66919112205505,0.03813774511218,-2.33648562431335,-0.72472316026688,0.01886907219887,-2.35749363899231,-0.71188640594482,0.01829394698143,-2.36507034301758,0.56060521851529,0.48367971304887,0.46096713101197
217.012,far_left,1,-0.74770021438599,0.03066948056221,-2.33674597740173,-0.72216534614563,0.018754478544,-2.3590030670166,-0.71188640594482,0.01829394698143,-2.36507034301758,0.46859303835392,0.48759954683844,0.46096713101197
217.165,far_left,1,-0.70830130577087,-0.00386687926948,-2.36458897590637,-0.72027105093002,0.01866960711777,-2.36012148857117,-0.71188640594482,0.01829394698143,-2.36507034301758,0.67590067390197,0.49857687765175,0.52901854188013
217.317,far_left,1,-0.74582642316818,0.02000022120774,-2.36751341819763,-0.71872574090958,0.01860037446022,-2.36103320121765,-0.71188640594482,0.01829394698143,-2.36507034301758,0.46879946496029,0.50715588808094,0.52901854188013
217.473,far_left,1,-0.74458533525467,0.02831944823265,-2.35689163208008,-0.71736288070679,0.01853931695223,-2.3618381023407,-0.71188640594482,0.01829394698143,-2.36507034301758,0.45822623030627,0.51378232986061,0.52901854188013
217.625,far_left,1,-0.74788421392441,0.02720453031361,-2.34462380409241,-0.72010684013367,0.0196448713541,-2.36149477958679,-0.71188640594482,0.01829394698143,-2.36507034301758,0.49209060435222,0.50846445307925,0.52901854188013
217.777,far_left,1,-0.74826842546463,0.02171233296394,-2.35146355628967,-0.7221599817276,0.02047207392752,-2.3612380027771,-0.71188640594482,0.01829394698143,-2.36507034301758,0.48498138925437,0.50448559262559,0.52901854188013
217.931,far_left,1,-0.74794787168503,0.01881028153002,-2.35390472412109,-0.72462809085846,0.02046229504049,-2.36031293869019,-0.71188640594482,0.01829394698143,-2.36507034301758,0.47653196015436,0.50390918868168,0.52901854188013
218.098,far_left,1,-0.75242167711258,-0.00384523835965,-2.38222289085388,-0.72660434246063,0.02045447006822,-2.3595724105835,-0.71188640594482,0.01829394698143,-2.36507034301758,0.48445481690768,0.50344732314202,0.52901854188013
218.252,far_left,1,-0.75016164779663,0.00874753948301,-2.36529469490051,-0.72806787490845,0.02044867165387,-2.3590235710144,-0.71188640594482,0.01829394698143,-2.36507034301758,0.5564306076343,0.50310519229973,0.52901854188013
218.402,far_left,1,-0.74421244859695,0.02808313630521,-2.35845065116882,-0.72916299104691,0.02044433355331,-2.35861253738403,-0.71188640594482,0.01829394698143,-2.36507034301758,0.46229108441985,0.50284920131141,0.52901854188013
218.555,far_left,1,-0.71237152814865,0.01201623212546,-2.37659382820129,-0.72854322195053,0.02023533917964,-2.35892105102539,-0.71188640594482,0.01829394698143,-2.36507034301758,0.52841716419155,0.49592174764367,0.47653196015436
218.71,far_left,1,-0.74806642532349,0.01121740043163,-2.35978603363037,-0.72870236635208,0.01997953094542,-2.35902214050293,-0.71188640594482,0.01829394698143,-2.36507034301758,0.56261118671484,0.49004489248623,0.47653196015436
218.86,far_left,1,-0.74789834022522,0.01276979595423,-2.35940957069397,-0.72988957166672,0.01868945173919,-2.36006808280945,-0.71188640594482,0.01829394698143,-2.36507034301758,0.48240462197962,0.49617313823128,0.47653196015436
219.015,far_left,1,-0.74849075078964,0.02197402901947,-2.35214519500732,-0.72888392210007,0.01852483674884,-2.36044526100159,-0.71188640594482,0.01829394698143,-2.36507034301758,0.49693711274932,0.49298843391105,0.47653196015436
219.167,far_left,1,-0.7072389125824,0.03020857833326,-2.33655905723572,-0.72869175672531,0.01819774135947,-2.36072063446045,-0.71188640594482,0.01829394698143,-2.36507034301758,0.51356881207704,0.49062987875741,0.47653196015436
219.32,far_left,1,-0.74889421463013,0.02237099222839,-2.34978628158569,-0.72873038053513,0.01785505190492,-2.36094641685486,-0.71188640594482,0.01829394698143,-2.36507034301758,0.48142740920104,0.48870541105967,0.47653196015436
219.472,far_left,1,-0.74521952867508,0.02236936055124,-2.3634512424469,-0.72973692417145,0.01831672154367,-2.36028265953064,-0.71188640594482,0.01829394698143,-2.36507034301758,0.46463500095578,0.48879567008417,0.47653196015436
219.626,far_left,1,-0.7476966381073,0.02169522084296,-2.3500804901123,-0.73032414913177,0.01869560219347,-2.35980153083801,-0.71188640594482,0.01829394698143,-2.36507034301758,0.47827108251309,0.48888408841131,0.47653196015436
219.778,far_left,1,-0.71257477998734,-0.0739586353302,-2.44601583480835,-0.73031151294708,0.01889096014202,-2.3594491481781,-0.71188640594482,0.01829394698143,-2.36507034301758,2.49690213389106,0.48558987659998,0.47653196015436
219.931,far_left,1,-0.74616938829422,0.03805618360639,-2.34513831138611,-0.7301225066185,0.01902946643531,-2.35924458503723,-0.71188640594482,0.01829394698143,-2.36507034301758,0.42762670215367,0.48328232480789,0.47653196015436
220.068,far_left,1,-0.70768481492996,0.02862179838121,-2.33707499504089,-0.73000276088715,0.01913111098111,-2.35908985137939,-0.71188640594482,0.01829394698143,-2.36507034301758,0.51499596423326,0.48224641780911,0.47653196015436
220.235,far_left,1,-0.70062851905823,0.02260390482843,-2.31522846221924,-0.72992461919785,0.0192575994879,-2.35887932777405,-0.71188640594482,0.01829394698143,-2.36507034301758,0.44866426675586,0.48110802117693,0.47653196015436
220.387,far_left,1,-0.74879509210587,0.01929553225636,-2.35487914085388,-0.72978270053864,0.0193458404392,-2.35875415802002,-0.71188640594482,0.01829394698143,-2.36507034301758,0.49987126071609,0.48026487561253,0.47653196015436
220.528,far_left,1,-0.74601823091507,0.01121217757463,-2.38137245178223,-0.72600227594376,0.02033746056259,-2.35670495033264,-0.71188640594482,0.01829394698143,-2.36507034301758,0.46729439871584,0.48399210376334,0.47653196015436
220.681,far_left,1,-0.74695187807083,0.02204565145075,-2.34849286079407,-0.72763735055923,0.02007581666112,-2.3570761680603,-0.71188640594482,0.01829394698143,-2.36507034301758,0.47864625367076,0.48529664345183,0.47653196015436
220.848,far_left,1,-0.74657821655273,0.00070934556425,-2.39249849319458,-0.72885054349899,0.02018636651337,-2.35661196708679,-0.71188640594482,0.01829394698143,-2.36507034301758,0.45452656967921,0.48314384760099,0.47653196015436
221.001,far_left,1,-0.74848932027817,0.00868352688849,-2.36680960655212,-0.72881418466568,0.02017198130488,-2.35668897628784,-0.71188640594482,0.01829394698143,-2.36507034301758,0.48422333889959,0.48192558312884,0.47653196015436
221.153,far_left,1,-0.70669656991959,0.02487655542791,-2.34180855751038,-0.72989588975906,0.01872273907065,-2.35843324661255,-0.71188640594482,0.01829394698143,-2.36507034301758,0.51717934832271,0.4815291189731,0.47653196015436
221.307,far_left,1,-0.70373529195786,0.02018065191805,-2.31543660163879,-0.73077821731567,0.01754058338702,-2.35985589027405,-0.71188640594482,0.01829394698143,-2.36507034301758,0.46831240060989,0.48116195364871,0.47653196015436
221.473,far_left,1,-0.74810338020325,0.02231725491583,-2.34902095794678,-0.7306901216507,0.01797875389457,-2.35929775238037,-0.71188640594482,0.01829394698143,-2.36507034301758,0.47728897734627,0.48023968251919,0.47653196015436
221.612,far_left,1,-0.74679261445999,0.03251034393907,-2.35525512695313,-0.73113787174225,0.01841164566576,-2.35869121551514,-0.71188640594482,0.01829394698143,-2.36507034301758,0.46987753109383,0.47961323623659,0.47653196015436
221.776,far_left,1,-0.75021702051163,0.0124343810603,-2.3613269329071,-0.73086559772491,0.01865564100444,-2.3585193157196,-0.71188640594482,0.01829394698143,-2.36507034301758,0.4989301824827,0.47904560670374,0.47653196015436
221.931,far_left,1,-0.74517697095871,0.02178319729865,-2.36509418487549,-0.73068434000015,0.01890023052692,-2.35831761360168,-0.71188640594482,0.01829394698143,-2.36507034301758,0.47502714410779,0.47854508251626,0.47653196015436
222.082,far_left,1,-0.74792319536209,0.02785995043814,-2.36198329925537,-0.73058676719666,0.01908157207072,-2.35815596580505,-0.71188640594482,0.01829394698143,-2.36507034301758,0.48373919309354,0.4782642056083,0.47653196015436
222.236,far_left,1,-0.74672657251358,0.02491522394121,-2.34601736068726,-0.72999757528305,0.01940736547112,-2.35881996154785,-0.71188640594482,0.01829394698143,-2.36507034301758,0.46584299954443,0.47854391057622,0.47653196015436
222.388,far_left,1,-0.74790126085281,0.03249131143093,-2.33847212791443,-0.72986060380936,0.01987231336534,-2.35946941375732,-0.71188640594482,0.01829394698143,-2.36507034301758,0.48804051505916,0.47857072830808,0.47653196015436
222.541,far_left,1,-0.70864844322205,0.01346977893263,-2.35773849487305,-0.72954696416855,0.02019020169973,-2.3600070476532,-0.71188640594482,0.01829394698143,-2.36507034301758,0.53757467241464,0.47853639084326,0.47653196015436
222.709,far_left,1,-0.74670308828354,0.02422105520964,-2.34463286399841,-0.72944092750549,0.02060154639184,-2.36057496070862,-0.71188640594482,0.01829394698143,-2.36507034301758,0.47174544593078,0.47853369908345,0.47653196015436
222.862,far_left,1,-0.7484969496727,0.00323886354454,-2.3583562374115,-0.73020225763321,0.02085660584271,-2.35905814170837,-0.71188640594482,0.01829394698143,-2.36507034301758,0.55092423254996,0.47761591728713,0.47653196015436
223.014,far_left,1,-0.74708861112595,-0.00938819814473,-2.37518548965454,-0.73082309961319,0.02106465771794,-2.35782051086426,-0.71188640594482,0.01829394698143,-2.36507034301758,0.97562399728946,0.47692610262661,0.47653196015436
223.165,far_left,1,-0.71788364648819,-0.00669673830271,-2.40106391906738,-0.73147666454315,0.01901113986969,-2.3583390712738,-0.71188640594482,0.01829394698143,-2.36507034301758,0.56998456971972,0.48469232177605,0.47653196015436
223.321,far_left,1,-0.71171998977661,-0.05671866610646,-2.42365193367004,-0.73211669921875,0.01699979789555,-2.35884690284729,-0.71188640594482,0.01829394698143,-2.36507034301758,2.45729429591769,0.49229900545631,0.47653196015436
223.473,far_left,1,-0.74671173095703,0.02210328727961,-2.36582446098328,-0.73538798093796,0.01416427083313,-2.35878014564514,-0.7484969496727,0.00323886354454,-2.3583562374115,0.46629684594097,0.50794883899688,0.55092420134842
223.623,far_left,1,-0.71071034669876,-0.06509623676538,-2.43333268165588,-0.73760396242142,0.01231733523309,-2.35870862007141,-0.7484969496727,0.00323886354454,-2.3583562374115,2.45308733017119,0.51911683778435,0.55092420134842
223.792,far_left,1,-0.743976354599,0.05326781794429,-2.32096457481384,-0.73974692821503,0.00869231205434,-2.36087608337402,-0.7484969496727,0.00323886354454,-2.3583562374115,0.48388249777817,0.58251674561263,0.55092420134842
223.944,far_left,1,-0.71031039953232,0.0313407741487,-2.35049700737,-0.7380028963089,0.00672430032864,-2.36494612693787,-0.7484969496727,0.00323886354454,-2.3583562374115,0.51243636786965,0.5791836721767,0.55092420134842
224.096,far_left,1,-0.74902802705765,0.02023238129914,-2.35370326042175,-0.73877477645874,0.0064679668285,-2.36446166038513,-0.7484969496727,0.00323886354454,-2.3583562374115,0.49494857854412,0.56426174727128,0.55092420134842
224.251,far_left,1,-0.70536381006241,-0.00945630203933,-2.36384725570679,-0.7408065199852,0.0059513580054,-2.36314630508423,-0.7484969496727,0.00323886354454,-2.3583562374115,0.48817223457985,0.55465737954903,0.55092420134842
224.415,far_left,1,-0.7480486035347,0.03120767511427,-2.33665180206299,-0.74222385883331,0.00545145571232,-2.36226344108582,-0.7484969496727,0.00323886354454,-2.3583562374115,0.46754749921667,0.54754413764092,0.55092420134842
224.568,far_left,1,-0.70664578676224,0.02566136978567,-2.34055066108704,-0.74337995052338,0.00504368543625,-2.36154317855835,-0.7484969496727,0.00323886354454,-2.3583562374115,0.51883959115985,0.53344921073241,0.49494852400689
224.723,far_left,1,-0.74795860052109,0.01777997612953,-2.35600781440735,-0.7396605014801,0.00817167758942,-2.35993313789368,-0.7484969496727,0.00323886354454,-2.3583562374115,0.48456730306241,0.52794807792339,0.49494852400689
224.874,far_left,1,-0.74806612730026,0.01307669933885,-2.36136698722839,-0.74115431308746,0.00733778718859,-2.35966682434082,-0.7484969496727,0.00323886354454,-2.3583562374115,0.48101905618176,0.51937276288082,0.49494852400689
225.026,moving_to_far_right,1,-0.70720964670181,0.02840384654701,-2.33830904960632,-0.7425075173378,0.00658237189054,-2.35942459106445,-0.7484969496727,0.00323886354454,-2.3583562374115,0.51497610631452,0.51368021563861,0.49494852400689
225.334,moving_to_far_right,1,-0.74707937240601,0.0308469440788,-2.33774781227112,-0.74451178312302,0.00546354521066,-2.35906672477722,-0.7484969496727,0.00323886354454,-2.3583562374115,0.48341011266294,0.50524897369193,0.49494852400689
225.486,moving_to_far_right,1,-0.74805736541748,0.00806613825262,-2.37894129753113,-0.74451178312302,0.00546354521066,-2.35906672477722,-0.7484969496727,0.00323886354454,-2.3583562374115,0.49582690975732,0.50524897369193,0.49494852400689
225.651,moving_to_far_right,1,-0.74779468774796,0.01794957742095,-2.36655139923096,-0.74451178312302,0.00546354521066,-2.35906672477722,-0.7484969496727,0.00323886354454,-2.3583562374115,0.46587112156286,0.50524897369193,0.49494852400689
225.806,moving_to_far_right,1,-0.75291395187378,-0.02125767618418,-2.38868355751038,-0.74451178312302,0.00546354521066,-2.35906672477722,-0.7484969496727,0.00323886354454,-2.3583562374115,0.56925458578989,0.50524897369193,0.49494852400689
225.957,moving_to_far_right,1,-0.7015101313591,0.00684628495947,-2.33504557609558,-0.74451178312302,0.00546354521066,-2.35906672477722,-0.7484969496727,0.00323886354454,-2.3583562374115,0.45064038989817,0.50524897369193,0.49494852400689
226.123,moving_to_far_right,1,-0.74869155883789,0.01673749834299,-2.35277128219604,-0.74530571699142,0.0050202505663,-2.35892510414124,-0.7484969496727,0.00323886354454,-2.3583562374115,0.48419107961819,0.49958801652762,0.49494852400689
226.278,moving_to_far_right,1,-0.71026039123535,0.03004292212427,-2.34627628326416,-0.74594169855118,0.0046652876772,-2.35881185531616,-0.7484969496727,0.00323886354454,-2.3583562374115,0.50971025538276,0.49505509518336,0.49494852400689
226.43,moving_to_far_right,1,-0.750144302845,-0.00645685335621,-2.35918617248535,-0.74637353420258,0.0044241505675,-2.35873484611511,-0.7484969496727,0.00323886354454,-2.3583562374115,0.53468017200476,0.49390482052127,0.49494852400689
226.584,moving_to_far_right,1,-0.74658387899399,0.01521451678127,-2.36240649223328,-0.74679666757584,0.0041879680939,-2.35865950584412,-0.7484969496727,0.00323886354454,-2.3583562374115,0.46004712114128,0.49904385977872,0.49494852400689
226.72,moving_to_far_right,1,-0.71645003557205,0.01637829840183,-2.3536217212677,-0.74705767631531,0.00404226221144,-2.35861277580261,-0.7484969496727,0.00323886354454,-2.3583562374115,0.5325424635194,0.4973867089677,0.49494852400689
226.874,moving_to_far_right,1,-0.74784564971924,0.02014148421586,-2.33139514923096,-0.74732291698456,0.00389419868588,-2.35856580734253,-0.7484969496727,0.00323886354454,-2.3583562374115,0.48855462515788,0.4957027070745,0.49494852400689
227.053,moving_to_far_right,1,-0.74791079759598,0.03343882784247,-2.32250571250916,-0.74330365657806,0.00550490850583,-2.35788989067078,-0.7484969496727,0.00323886354454,-2.3583562374115,0.4369473004189,0.5005512030023,0.49494852400689
227.222,moving_to_far_right,1,-0.75279408693314,0.02687145210803,-2.31534600257874,-0.74425780773163,0.00715109379962,-2.35463666915894,-0.7484969496727,0.00323886354454,-2.3583562374115,0.48569007313259,0.49864132027085,0.49494852400689
227.389,moving_to_far_right,1,-0.73272722959518,-0.06727590411901,-2.41416001319885,-0.74507802724838,0.00856644567102,-2.35183954238892,-0.7484969496727,0.00323886354454,-2.3583562374115,2.64815798878955,0.49699928400935,0.49494852400689
227.57,moving_to_far_right,1,-0.77035254240036,0.01402548979968,-2.34173512458801,-0.74572283029556,0.0096789766103,-2.34964108467102,-0.7484969496727,0.00323886354454,-2.3583562374115,0.48942727616067,0.49570860314185,0.49494852400689
227.734,moving_to_far_right,1,-0.76716232299805,0.03054531663656,-2.32836318016052,-0.7461194396019,0.01021163538098,-2.34853386878967,-0.7484969496727,0.00323886354454,-2.3583562374115,0.46754086212899,0.49483472675824,0.49494852400689
227.904,moving_to_far_right,1,-0.72683215141296,0.05301020666957,-2.30688309669495,-0.74911546707153,0.01235855463892,-2.34663867950439,-0.7484969496727,0.00323886354454,-2.3583562374115,0.46146991812031,0.49120698345917,0.49494852400689
228.069,moving_to_far_right,1,-0.76536250114441,0.03726879879832,-2.30965781211853,-0.74949467182159,0.01339049451053,-2.34386134147644,-0.7484969496727,0.00323886354454,-2.3583562374115,0.48682356315854,0.49089246381041,0.49494852400689
228.234,moving_to_far_right,1,-0.7657099366188,0.03141053393483,-2.31516814231873,-0.75161224603653,0.01475655846298,-2.34302711486816,-0.7484969496727,0.00323886354454,-2.3583562374115,0.48523753265917,0.48829934170469,0.49494852400689
228.403,moving_to_far_right,1,-0.72111338376999,0.03944618627429,-2.31476211547852,-0.75323939323425,0.01604636386037,-2.34055137634277,-0.7484969496727,0.00323886354454,-2.3583562374115,0.51588090669203,0.48887369251504,0.49494852400689
228.571,moving_to_far_right,1,-0.76547032594681,0.03592556342483,-2.32088303565979,-0.75443059206009,0.01699058897793,-2.33873891830444,-0.7484969496727,0.00323886354454,-2.3583562374115,0.45661748228479,0.4893596809738,0.49494852400689
228.737,moving_to_far_right,1,-0.76884698867798,0.03778586909175,-2.32527804374695,-0.75767225027084,0.02110424637794,-2.3320004940033,-0.7657099366188,0.03141053393483,-2.31516814231873,0.46786979969141,0.4898067982375,0.49494852400689
228.89,moving_to_far_right,1,-0.76843547821045,0.02954971045256,-2.33199620246887,-0.75937724113464,0.02329055033624,-2.32843041419983,-0.7657099366188,0.03141053393483,-2.31516814231873,0.45361955761792,0.49018504402691,0.49494852400689
229.043,moving_to_far_right,1,-0.76894325017929,0.03812463954091,-2.31497478485107,-0.76054430007935,0.02478702925146,-2.32598614692688,-0.7657099366188,0.03141053393483,-2.31516814231873,0.49454161085902,0.48666337132017,0.49494852400689
229.209,moving_to_far_right,1,-0.73522239923477,0.03229828551412,-2.31821537017822,-0.76157361268997,0.0261068418622,-2.32383012771606,-0.7657099366188,0.03141053393483,-2.31516814231873,0.46635767519354,0.48355704291085,0.49494852400689
229.376,moving_to_far_right,1,-0.76105815172195,0.05913481116295,-2.29217267036438,-0.76239788532257,0.02716366946697,-2.32210445404053,-0.7657099366188,0.03141053393483,-2.31516814231873,0.46210060028893,0.48107011094154,0.49494852400689
229.528,moving_to_far_right,1,-0.76601046323776,0.05166159570217,-2.2980751991272,-0.76300829648972,0.02794635109603,-2.32082605361938,-0.7657099366188,0.03141053393483,-2.31516814231873,0.46609500602493,0.48051990241711,0.49494852400689
229.695,moving_to_far_right,1,-0.77517604827881,0.03095098398626,-2.31248569488525,-0.7635840177536,0.0311499144882,-2.31757760047913,-0.7657099366188,0.03141053393483,-2.31516814231873,0.49272205253933,0.4798141686652,0.49494852400689
229.848,moving_to_far_right,1,-0.73145335912704,0.05699074268341,-2.27831053733826,-0.76401031017303,0.03352246060967,-2.31517124176025,-0.7657099366188,0.03141053393483,-2.31516814231873,0.51821233909698,0.47929151125696,0.49494852400689
230.015,moving_to_far_right,1,-0.78657740354538,0.03006320260465,-2.31087851524353,-0.76438629627228,0.03561492264271,-2.31305003166199,-0.7657099366188,0.03141053393483,-2.31516814231873,0.50237772623812,0.47883081281355,0.49494852400689
230.168,moving_to_far_right,1,-0.78476291894913,0.05622977018356,-2.29978251457214,-0.76464909315109,0.03699743747711,-2.31163263320923,-0.7657099366188,0.03141053393483,-2.31516814231873,0.45565400022771,0.4784898987917,0.49494852400689
230.333,moving_to_far_right,1,-0.73733013868332,0.09234818071127,-2.25276899337769,-0.7647705078125,0.0370732434094,-2.31144452095032,-0.7657099366188,0.03141053393483,-2.31516814231873,0.45754774369474,0.4782116333049,0.49494852400689
230.501,moving_to_far_right,1,-0.80867314338684,0.02254832349718,-2.30999112129211,-0.76497143507004,0.03586168214679,-2.31224131584167,-0.7657099366188,0.03141053393483,-2.31516814231873,0.44626357837872,0.4833559640774,0.49494852400689
230.667,moving_to_far_right,1,-0.80004787445068,0.05249402299523,-2.30126857757568,-0.76748305559158,0.03805496543646,-2.31091475486755,-0.7657099366188,0.03141053393483,-2.31516814231873,0.45529048020863,0.48078948786099,0.49494852400689
230.834,moving_to_far_right,1,-0.80906748771667,0.03409011662006,-2.31958699226379,-0.76949435472488,0.03981121256948,-2.30985260009766,-0.7657099366188,0.03141053393483,-2.31516814231873,0.44541295704583,0.47873446866815,0.49494852400689
230.986,moving_to_far_right,1,-0.74218875169754,0.11121650785208,-2.22791004180908,-0.77247005701065,0.04061094671488,-2.30928778648376,-0.7657099366188,0.03141053393483,-2.31516814231873,0.45121279413231,0.47730017273583,0.49494852400689
231.14,moving_to_far_right,1,-0.74571967124939,0.10744816064835,-2.23499202728271,-0.77538454532623,0.04139424115419,-2.30873465538025,-0.7657099366188,0.03141053393483,-2.31516814231873,0.44440872885174,0.47589523036624,0.49494852400689
231.307,moving_to_far_right,1,-0.74162578582764,0.11125806719065,-2.23216462135315,-0.78248924016953,0.04456371814013,-2.30660152435303,-0.80004787445068,0.05249402299523,-2.30126857757568,0.43393474479558,0.47477003094757,0.49494852400689
231.459,moving_to_far_right,1,-0.82154947519302,0.02209566533566,-2.31788277626038,-0.77948921918869,0.0523331426084,-2.29801106452942,-0.80004787445068,0.05249402299523,-2.30126857757568,0.48132988566453,0.47268787705124,0.49494852400689
231.624,moving_to_far_right,1,-0.82294064760208,0.02372003160417,-2.32371711730957,-0.77704191207886,0.05867068842053,-2.29100370407104,-0.80004787445068,0.05249402299523,-2.30126857757568,0.44557478557229,0.47098937865557,0.49494852400689
231.779,moving_to_far_right,1,-0.80857294797897,0.03786071762443,-2.30678391456604,-0.76807242631912,0.07278622686863,-2.27481007575989,-0.74571967124939,0.10744816064835,-2.23499202728271,0.44398417843306,0.46949138561146,0.49494852400689
231.945,moving_to_far_right,1,-0.81291073560715,0.02981828153133,-2.29843473434448,-0.77141886949539,0.07105681300163,-2.27578568458557,-0.74571967124939,0.10744816064835,-2.23499202728271,0.49073603824422,0.46823906893095,0.49494852400689
232.097,moving_to_far_right,1,-0.75459939241409,0.0784573033452,-2.26195073127747,-0.77369213104248,0.06988198310137,-2.27644824981689,-0.74571967124939,0.10744816064835,-2.23499202728271,0.45388029310619,0.46738878817214,0.49494852400689
232.251,moving_to_far_right,1,-0.75603955984116,0.07905050367117,-2.2606041431427,-0.78366911411285,0.06078201532364,-2.28504085540771,-0.80857294797897,0.03786071762443,-2.30678391456604,0.46095382956899,0.46655557033368,0.49494852400689
232.417,moving_to_far_right,1,-0.83757776021957,0.01527608465403,-2.31048774719238,-0.7912175655365,0.05383460968733,-2.29163098335266,-0.80857294797897,0.03786071762443,-2.30678391456604,0.48713661686316,0.4658881813638,0.49494852400689
232.57,moving_to_far_right,1,-0.73406392335892,0.13307495415211,-2.22744059562683,-0.79610848426819,0.04933303967118,-2.29590153694153,-0.80857294797897,0.03786071762443,-2.30678391456604,0.38996107510146,0.46539419143222,0.49494852400689
232.737,moving_to_far_right,1,-0.79152315855026,0.01128969807178,-2.32045269012451,-0.79207241535187,0.05215895548463,-2.29233813285828,-0.80857294797897,0.03786071762443,-2.30678391456604,0.5016317168517,0.46724660422959,0.49494852400689
233.043,moving_to_far_right,1,-0.60208606719971,0.19195437431335,-2.16711258888245,-0.78684693574905,0.05581771954894,-2.28772521018982,-0.80857294797897,0.03786071762443,-2.30678391456604,-1.21855824084045,0.46935026598223,0.49494852400689
233.527,moving_to_far_right,1,-0.77071475982666,0.07081634551287,-2.26420021057129,-0.78684693574905,0.05581771954894,-2.28772521018982,-0.80857294797897,0.03786071762443,-2.30678391456604,0.4673979314678,0.46935026598223,0.49494852400689
233.681,moving_to_far_right,1,-0.73183125257492,0.13174991309643,-2.22838234901428,-0.78684693574905,0.05581771954894,-2.28772521018982,-0.80857294797897,0.03786071762443,-2.30678391456604,0.3831698460197,0.46935026598223,0.49494852400689
233.848,moving_to_far_right,1,-0.56945884227753,0.22088603675365,-2.13661479949951,-0.78684693574905,0.05581771954894,-2.28772521018982,-0.80857294797897,0.03786071762443,-2.30678391456604,-1.29123192594105,0.46935026598223,0.49494852400689
234.015,moving_to_far_right,1,-0.80321675539017,0.04528161883354,-2.28159332275391,-0.78684693574905,0.05581771954894,-2.28772521018982,-0.80857294797897,0.03786071762443,-2.30678391456604,0.48332778285597,0.46935026598223,0.49494852400689
234.167,moving_to_far_right,1,-0.78735655546188,0.08123252540827,-2.26713442802429,-0.78684693574905,0.05581771954894,-2.28772521018982,-0.80857294797897,0.03786071762443,-2.30678391456604,0.38451663921407,0.46935026598223,0.49494852400689
234.334,moving_to_far_right,1,-0.85600012540817,-0.00131481757853,-2.31529259681702,-0.78854310512543,0.05762228369713,-2.28660202026367,-0.80857294797897,0.03786071762443,-2.30678391456604,0.41008989494519,0.4607459921192,0.49494852400689
234.486,moving_to_far_right,1,-0.80649185180664,0.03169877454638,-2.27650141716003,-0.78969538211823,0.05884816497564,-2.28583884239197,-0.80857294797897,0.03786071762443,-2.30678391456604,0.52820955855265,0.45490083544847,0.49494852400689
234.652,moving_to_far_right,1,-0.81884980201721,0.00192008668091,-2.27820420265198,-0.79120486974716,0.05717010051012,-2.287513256073,-0.80857294797897,0.03786071762443,-2.30678391456604,-1.28231557081199,0.46143875720622,0.49494852400689
234.971,moving_to_far_right,1,-0.77388763427734,0.08472687751055,-2.25520539283752,-0.79366558790207,0.05443435534835,-2.29024362564087,-0.80857294797897,0.03786071762443,-2.30678391456604,0.44469861188201,0.47023041119258,0.49494852400689
235.14,moving_to_far_right,1,-0.78950816392899,0.05918689444661,-2.25787377357483,-0.79366558790207,0.05443435534835,-2.29024362564087,-0.80857294797897,0.03786071762443,-2.30678391456604,-0.14291168112461,0.47023041119258,0.49494852400689
235.445,moving_to_far_right,1,-0.87507629394531,-0.01158374827355,-2.2955276966095,-0.79366558790207,0.05443435534835,-2.29024362564087,-0.80857294797897,0.03786071762443,-2.30678391456604,0.45706307473258,0.47023041119258,0.49494852400689
235.613,moving_to_far_right,1,-0.74782299995422,0.09812343120575,-2.2348096370697,-0.79366558790207,0.05443435534835,-2.29024362564087,-0.80857294797897,0.03786071762443,-2.30678391456604,-1.04276618999306,0.47023041119258,0.49494852400689
235.779,moving_to_far_right,1,-0.839330971241,0.02984502911568,-2.28223156929016,-0.79366558790207,0.05443435534835,-2.29024362564087,-0.80857294797897,0.03786071762443,-2.30678391456604,0.50287070558926,0.47023041119258,0.49494852400689
235.945,moving_to_far_right,1,-0.83683007955551,0.03329646959901,-2.2816219329834,-0.79366558790207,0.05443435534835,-2.29024362564087,-0.80857294797897,0.03786071762443,-2.30678391456604,0.46069188007371,0.47023041119258,0.49494852400689
236.098,moving_to_far_right,1,-0.91032409667969,-0.02538828551769,-2.33013510704041,-0.79366558790207,0.05443435534835,-2.29024362564087,-0.80857294797897,0.03786071762443,-2.30678391456604,0.42254126669429,0.47023041119258,0.49494852400689
236.251,moving_to_far_right,1,-0.84682559967041,0.0289763379842,-2.29954743385315,-0.79965627193451,0.05085599794984,-2.29040384292603,-0.80857294797897,0.03786071762443,-2.30678391456604,0.39892028457233,0.47085388278133,0.49494852400689
236.417,moving_to_far_right,1,-0.8297843337059,-0.01397502794862,-2.31600451469421,-0.80493986606598,0.04770007357001,-2.29054522514343,-0.80857294797897,0.03786071762443,-2.30678391456604,0.53198414404787,0.47140378517289,0.49494852400689
236.57,moving_to_far_right,1,-0.762835085392,0.10391219705343,-2.24617576599121,-0.80914014577866,0.04496664181352,-2.29071974754334,-0.80857294797897,0.03786071762443,-2.30678391456604,0.38627791017542,0.47665242857231,0.49494852400689
236.735,moving_to_far_right,1,-0.88097786903381,-0.01637225411832,-2.30179190635681,-0.81342649459839,0.0426372513175,-2.29284906387329,-0.80857294797897,0.03786071762443,-2.30678391456604,0.50018694271005,0.46900181344953,0.49494852400689
236.889,moving_to_far_right,1,-0.79243284463882,0.0660650357604,-2.25395560264587,-0.81720685958862,0.04058286175132,-2.29472732543945,-0.80857294797897,0.03786071762443,-2.30678391456604,0.50453457332571,0.46225440567925,0.49494852400689
237.056,moving_to_far_right,1,-0.80075597763062,0.07310019433498,-2.26845645904541,-0.82023394107819,0.03893782943487,-2.29623126983643,-0.80857294797897,0.03786071762443,-2.30678391456604,0.37071768323999,0.44404917758736,0.39892028457233
237.209,moving_to_far_right,1,-0.85533446073532,0.01631056889892,-2.28446578979492,-0.81623220443726,0.04197674617171,-2.29211235046387,-0.80857294797897,0.03786071762443,-2.30678391456604,0.43143153004698,0.44785508141504,0.39892028457233
237.377,moving_to_far_right,1,-0.88218683004379,0.00133070221636,-2.29288792610168,-0.81373578310013,0.04553002119064,-2.290278673172,-0.80857294797897,0.03786071762443,-2.30678391456604,0.35625702564375,0.43460417848102,0.39892028457233
237.541,moving_to_far_right,1,-0.87241619825363,0.00909750256687,-2.28806519508362,-0.81815189123154,0.04164297506213,-2.29075837135315,-0.80857294797897,0.03786071762443,-2.30678391456604,0.41292175985636,0.43197983278237,0.39892028457233
237.695,moving_to_far_right,1,-0.81370139122009,0.05419549718499,-2.25766062736511,-0.8220466375351,0.038214802742,-2.29118204116821,-0.80857294797897,0.03786071762443,-2.30678391456604,0.50338084397549,0.42933683606138,0.39892028457233
237.861,moving_to_far_right,1,-0.82640260457993,0.05025811865926,-2.25967121124268,-0.83090966939926,0.03233552351594,-2.2894594669342,-0.85533446073532,0.01631056889892,-2.28446578979492,0.49927900861339,0.42709987402984,0.39892028457233
238.181,moving_to_far_right,1,-0.81889146566391,0.05460930988193,-2.25719952583313,-0.84151411056519,0.02537812851369,-2.28729176521301,-0.85533446073532,0.01631056889892,-2.28446578979492,0.52060529143018,0.42425652940277,0.39892028457233
238.348,moving_to_far_right,1,-0.81100249290466,0.06125834584236,-2.24611639976501,-0.84151411056519,0.02537812851369,-2.28729176521301,-0.85533446073532,0.01631056889892,-2.28446578979492,0.548705710834,0.42425652940277,0.39892028457233
238.514,far_right,1,-0.83076268434525,0.03863160684705,-2.25909829139709,-0.84151411056519,0.02537812851369,-2.28729176521301,-0.85533446073532,0.01631056889892,-2.28446578979492,0.45941950061696,0.42425652940277,0.39892028457233
238.666,far_right,1,-0.87901240587234,0.01665752194822,-2.27775955200195,-0.84151411056519,0.02537812851369,-2.28729176521301,-0.85533446073532,0.01631056889892,-2.28446578979492,0.45705073256687,0.42425652940277,0.39892028457233
238.819,far_right,1,-0.84232550859451,0.03609615564346,-2.26687073707581,-0.84151411056519,0.02537812851369,-2.28729176521301,-0.85533446073532,0.01631056889892,-2.28446578979492,0.43028723874443,0.42425652940277,0.39892028457233
238.986,far_right,1,-0.81867694854736,0.05360807105899,-2.24968934059143,-0.8412184715271,0.02634148299694,-2.28358054161072,-0.85533446073532,0.01631056889892,-2.28446578979492,0.50677509589573,0.42671637933071,0.39892028457233
239.139,far_right,1,-0.88510125875473,0.00606084987521,-2.28548812866211,-0.8409817814827,0.0271128769964,-2.2806088924408,-0.85533446073532,0.01631056889892,-2.28446578979492,0.43723456534273,0.42868566476856,0.39892028457233
239.305,far_right,1,-0.79893088340759,0.04054324701428,-2.23720741271973,-0.84203726053238,0.02631842903793,-2.28089237213135,-0.85533446073532,0.01631056889892,-2.28446578979492,-0.98126065447747,0.42649652915191,0.39892028457233
239.459,far_right,1,-0.66800427436829,0.12792038917542,-2.17850589752197,-0.84310042858124,0.02551824785769,-2.28117799758911,-0.85533446073532,0.01631056889892,-2.28446578979492,-1.00907761876362,0.42453866343089,0.39892028457233
239.946,far_right,1,-0.87975507974625,0.01174350827932,-2.28423142433167,-0.84476059675217,0.02426877990365,-2.28162407875061,-0.85533446073532,0.01631056889892,-2.28446578979492,0.43367313316083,0.42257915197347,0.39892028457233
240.25,far_right,1,-0.83977794647217,0.03984116390347,-2.26330208778381,-0.84476059675217,0.02426877990365,-2.28162407875061,-0.85533446073532,0.01631056889892,-2.28446578979492,0.43584930451913,0.42257915197347,0.39892028457233
240.417,far_right,1,-0.8058443069458,0.03778515383601,-2.23990797996521,-0.84476059675217,0.02426877990365,-2.28162407875061,-0.85533446073532,0.01631056889892,-2.28446578979492,-0.94975869926835,0.42257915197347,0.39892028457233
240.584,far_right,1,-0.84261202812195,0.0378593467176,-2.26091265678406,-0.84476059675217,0.02426877990365,-2.28162407875061,-0.85533446073532,0.01631056889892,-2.28446578979492,0.50033375712051,0.42257915197347,0.39892028457233
240.737,far_right,1,-0.82893079519272,0.05023869872093,-2.25553607940674,-0.84476059675217,0.02426877990365,-2.28162407875061,-0.85533446073532,0.01631056889892,-2.28446578979492,0.51286396141842,0.42257915197347,0.39892028457233
240.904,far_right,1,-0.83809393644333,0.04223780706525,-2.25865745544434,-0.84476059675217,0.02426877990365,-2.28162407875061,-0.85533446073532,0.01631056889892,-2.28446578979492,0.50688774437781,0.42257915197347,0.39892028457233
241.07,far_right,1,-0.80137628316879,0.03989988192916,-2.23639273643494,-0.84472799301147,0.02590073831379,-2.27898693084717,-0.85533446073532,0.01631056889892,-2.28446578979492,-0.92784175683564,0.43126452416664,0.39892028457233
241.222,far_right,1,-0.85778093338013,0.02797921001911,-2.26665735244751,-0.84470576047897,0.02700937353075,-2.27719569206238,-0.85533446073532,0.01631056889892,-2.28446578979492,0.44504176248877,0.43716454321449,0.39892028457233
241.392,far_right,1,-0.96055549383163,-0.04711674526334,-2.30194687843323,-0.84291863441467,0.03119518794119,-2.27207159996033,-0.83809393644333,0.04223780706525,-2.25865745544434,-0.35446296776484,0.45866851273058,0.50688777043278
241.709,far_right,1,-0.84280961751938,0.03855165839195,-2.26240110397339,-0.84136426448822,0.03475301712751,-2.26774978637695,-0.83809393644333,0.04223780706525,-2.25865745544434,0.50709903122,0.48125673039463,0.50688777043278
241.876,far_right,1,-0.80274611711502,0.06555599719286,-2.25126242637634,-0.84136426448822,0.03475301712751,-2.26774978637695,-0.83809393644333,0.04223780706525,-2.25865745544434,-0.0843106228687,0.48125673039463,0.50688777043278
242.209,far_right,1,-0.81127643585205,0.03329327329993,-2.24195003509521,-0.84136426448822,0.03475301712751,-2.26774978637695,-0.83809393644333,0.04223780706525,-2.25865745544434,-0.94022122604967,0.48125673039463,0.50688777043278
242.375,far_right,1,-0.83414369821548,0.0449277125299,-2.25825572013855,-0.84136426448822,0.03475301712751,-2.26774978637695,-0.83809393644333,0.04223780706525,-2.25865745544434,0.4908776588788,0.48125673039463,0.50688777043278
242.541,far_right,1,-0.83600288629532,0.0443133674562,-2.26004600524902,-0.84136426448822,0.03475301712751,-2.26774978637695,-0.83809393644333,0.04223780706525,-2.25865745544434,0.49822568714008,0.48125673039463,0.50688777043278
242.693,far_right,1,-0.8085213303566,0.08177378028631,-2.26712512969971,-0.84136426448822,0.03475301712751,-2.26774978637695,-0.83809393644333,0.04223780706525,-2.25865745544434,0.36418222234625,0.48125673039463,0.50688777043278
242.862,far_right,1,-0.85346478223801,0.03061392903328,-2.26929926872253,-0.84136426448822,0.03475301712751,-2.26774978637695,-0.83809393644333,0.04223780706525,-2.25865745544434,0.45865665062225,0.48125673039463,0.50688777043278
243.028,far_right,1,-0.69021910429001,0.13974305987358,-2.21091914176941,-0.84071260690689,0.03624445572495,-2.26593804359436,-0.83809393644333,0.04223780706525,-2.25865745544434,-0.83321178955543,0.48437723005976,0.50688777043278
243.195,far_right,1,-0.83028697967529,0.04725246503949,-2.25652313232422,-0.84019088745117,0.03743870556355,-2.26448750495911,-0.83809393644333,0.04223780706525,-2.25865745544434,0.50059726952495,0.48656114527182,0.50688777043278
243.361,far_right,1,-0.92075425386429,-0.02277782745659,-2.28430867195129,-0.83980447053909,0.03832315281034,-2.26341342926025,-0.83809393644333,0.04223780706525,-2.25865745544434,0.46287469133571,0.48958510403882,0.50688777043278
243.682,far_right,1,-0.85136300325394,0.03186721354723,-2.26657509803772,-0.83923214673996,0.03963309898973,-2.26182222366333,-0.83809393644333,0.04223780706525,-2.25865745544434,0.4621650812799,0.49406397874196,0.50688777043278
243.848,far_right,1,-0.86288887262344,0.02087245322764,-2.27377271652222,-0.83923214673996,0.03963309898973,-2.26182222366333,-0.83809393644333,0.04223780706525,-2.25865745544434,0.41880493407538,0.49406397874196,0.50688777043278
244.015,far_right,1,-0.86143803596497,0.02065259031951,-2.27395629882813,-0.83923214673996,0.03963309898973,-2.26182222366333,-0.83809393644333,0.04223780706525,-2.25865745544434,0.42509059091482,0.49406397874196,0.50688777043278
244.181,far_right,1,-0.49909129738808,0.25506910681725,-2.16605877876282,-0.83923214673996,0.03963309898973,-2.26182222366333,-0.83809393644333,0.04223780706525,-2.25865745544434,-0.75428594759052,0.49406397874196,0.50688777043278
244.348,far_right,1,-0.8507816195488,0.02942930161953,-2.27018928527832,-0.83923214673996,0.03963309898973,-2.26182222366333,-0.83809393644333,0.04223780706525,-2.25865745544434,0.43043070122198,0.49406397874196,0.50688777043278
244.501,far_right,1,-0.83213514089584,0.0464341044426,-2.25884604454041,-0.8391484618187,0.03982466086745,-2.26158928871155,-0.83809393644333,0.04223780706525,-2.25865745544434,0.49141287388939,0.48765138349385,0.50688777043278
244.666,far_right,1,-0.81220763921738,0.0603660941124,-2.24857306480408,-0.83907091617584,0.04000213369727,-2.26137375831604,-0.83809393644333,0.04223780706525,-2.25865745544434,0.52703097558231,0.48242051091424,0.50688777043278
244.834,far_right,1,-0.82040482759476,0.02331562153995,-2.24711775779724,-0.83886188268661,0.04048046469688,-2.26079249382019,-0.83809393644333,0.04223780706525,-2.25865745544434,-0.90513913470332,0.48559331322713,0.50688777043278
245.001,far_right,1,-0.84968423843384,0.02900253795087,-2.26851296424866,-0.83870887756348,0.04083064571023,-2.26036691665649,-0.83809393644333,0.04223780706525,-2.25865745544434,0.4289412372897,0.48747574764286,0.50688777043278
245.167,far_right,1,-0.81191283464432,0.0305043887347,-2.24368095397949,-0.83865976333618,0.04094315692782,-2.26023006439209,-0.83809393644333,0.04223780706525,-2.25865745544434,-0.94127839816728,0.48167039089715,0.50688777043278
245.32,far_right,1,-0.86112594604492,0.02280685119331,-2.27341079711914,-0.83855557441711,0.04118175059557,-2.25994038581848,-0.83809393644333,0.04223780706525,-2.25865745544434,0.43057488389374,0.4845416272355,0.50688777043278
245.487,far_right,1,-0.8437711596489,0.03771086409688,-2.26307106018066,-0.838518679142,0.04126619175076,-2.25983786582947,-0.83809393644333,0.04223780706525,-2.25865745544434,0.49317851919106,0.47932088946172,0.50688777043278
245.653,far_right,1,-0.83799785375595,0.04103752970695,-2.25999474525452,-0.83848470449448,0.04134387522936,-2.25974345207214,-0.83809393644333,0.04223780706525,-2.25865745544434,0.48572748063828,0.47514043920807,0.50688777043278
245.82,far_right,1,-0.80526548624039,0.03513621911407,-2.24003195762634,-0.83845347166061,0.04141535237432,-2.25965666770935,-0.83809393644333,0.04223780706525,-2.25865745544434,-0.93813261576568,0.46189996042391,0.42894118539722
245.987,far_right,1,-0.79407995939255,0.04299131035805,-2.23514533042908,-0.83838176727295,0.04157923534513,-2.2594575881958,-0.83809393644333,0.04223780706525,-2.25865745544434,-0.9851687684295,0.46238014216712,0.42894118539722
246.139,far_right,1,-0.90051156282425,-0.00931787025183,-2.27312302589417,-0.83834844827652,0.04165526479483,-2.25936484336853,-0.83809393644333,0.04223780706525,-2.25865745544434,0.45892468009131,0.46273592008519,0.42894118539722
246.305,far_right,1,-0.80648154020309,0.03477282449603,-2.2408230304718,-0.83832967281342,0.04169811308384,-2.25931286811829,-0.83809393644333,0.04223780706525,-2.25865745544434,-0.96987341612163,0.46873213079116,0.48572748210956
246.473,far_right,1,-0.85598200559616,0.02584333159029,-2.27172875404358,-0.83390456438065,0.0408672504127,-2.25669026374817,-0.83809393644333,0.04223780706525,-2.25865745544434,0.45143416231843,0.28262916001041,0.48572748210956
246.626,far_right,1,-0.81928157806396,0.0258364751935,-2.24909687042236,-0.83090847730637,0.04030468314886,-2.25491499900818,-0.83809393644333,0.04223780706525,-2.25865745544434,-0.90576318860202,0.1566221571823,0.48572748210956
246.79,far_right,1,-0.86116862297058,0.01281819771975,-2.26426315307617,-0.8314368724823,0.0404468588531,-2.25519013404846,-0.83809393644333,0.04223780706525,-2.25865745544434,0.53369796125068,0.05755311271547,0.48572748210956
246.958,far_right,1,-0.80833679437637,0.03361586108804,-2.24235057830811,-0.83498346805573,0.03876907005906,-2.25750327110291,-0.83809393644333,0.04223780706525,-2.25865745544434,-0.94619125200397,0.13861627265248,0.48572748210956
247.112,far_right,1,-0.85386222600937,0.02805479057133,-2.27042126655579,-0.83342826366425,0.0375570319593,-2.25663185119629,-0.83809393644333,0.04223780706525,-2.25865745544434,0.46820108390867,0.03508972544539,0.48572748210956
247.279,far_right,1,-0.82847046852112,0.0499903075397,-2.25791883468628,-0.83657789230347,0.03645507618785,-2.25865769386292,-0.83809393644333,0.04223780706525,-2.25865745544434,0.50666850592282,0.12062896443346,0.48572748210956
247.43,far_right,1,-0.8637866973877,0.02298878133297,-2.27276635169983,-0.83849453926086,0.03593932837248,-2.25989627838135,-0.83809393644333,0.04223780706525,-2.25865745544434,0.42390658232056,0.18050341058007,0.48572748210956
247.597,far_right,1,-0.86702543497086,0.01947255432606,-2.27564764022827,-0.83895820379257,0.03618353977799,-2.2601375579834,-0.83809393644333,0.04223780706525,-2.25865745544434,0.42288949860426,0.23914814943473,0.48572748210956
247.764,far_right,1,-0.8213210105896,0.05575656890869,-2.25284051895142,-0.83904737234116,0.03661435097456,-2.26012325286865,-0.83809393644333,0.04223780706525,-2.25865745544434,0.51144699394318,0.28956943107781,0.48572748210956
247.931,far_right,1,-0.82348281145096,0.05091021582484,-2.25261211395264,-0.8392972946167,0.03687090054154,-2.26023364067078,-0.83809393644333,0.04223780706525,-2.25865745544434,0.51183624529509,0.32648126123564,0.48572748210956
248.083,far_right,1,-0.82843035459518,0.0486228056252,-2.25602507591248,-0.83909380435944,0.03777817264199,-2.25996732711792,-0.83809393644333,0.04223780706525,-2.25865745544434,0.50562149913867,0.35560676469665,0.48572748210956
248.25,far_right,1,-0.83798813819885,0.04292275011539,-2.26086926460266,-0.83887976408005,0.03873233497143,-2.25968647003174,-0.83809393644333,0.04223780706525,-2.25865745544434,0.48728059942053,0.38609767686975,0.48572748210956
248.57,far_right,1,-0.87286311388016,0.0029386121314,-2.25781416893005,-0.8386265039444,0.03986177220941,-2.25935482978821,-0.83809393644333,0.04223780706525,-2.25865745544434,0.37972794318544,0.42218996098319,0.48572748210956
248.904,far_right,1,-0.87696266174316,0.00563208572567,-2.27002644538879,-0.8386265039444,0.03986177220941,-2.25935482978821,-0.83809393644333,0.04223780706525,-2.25865745544434,0.49604331018825,0.42218996098319,0.48572748210956
249.055,far_right,1,-0.83889174461365,0.03861660137773,-2.25997591018677,-0.8386265039444,0.03986177220941,-2.25935482978821,-0.83809393644333,0.04223780706525,-2.25865745544434,0.50296729856409,0.42218996098319,0.48572748210956
249.222,far_right,1,-0.84994524717331,0.03365539014339,-2.26505756378174,-0.8386265039444,0.03986177220941,-2.25935482978821,-0.83809393644333,0.04223780706525,-2.25865745544434,0.46996096651653,0.42218996098319,0.48572748210956
249.39,far_right,1,-0.82869362831116,0.04904411360621,-2.25529289245605,-0.8386265039444,0.03986177220941,-2.25935482978821,-0.83809393644333,0.04223780706525,-2.25865745544434,0.49958569512141,0.42218996098319,0.48572748210956
249.556,far_right,1,-0.80023699998856,0.03745630383492,-2.23776364326477,-0.8386265039444,0.03986177220941,-2.25935482978821,-0.83809393644333,0.04223780706525,-2.25865745544434,-0.95860063667741,0.42218996098319,0.48572748210956
249.722,far_right,1,-0.8575159907341,0.02699827589095,-2.27137398719788,-0.83852827548981,0.04029966890812,-2.25922608375549,-0.83809393644333,0.04223780706525,-2.25865745544434,0.44204933992863,0.43587853081242,0.48572748210956
249.89,far_right,1,-0.83124262094498,0.04786564782262,-2.25903487205505,-0.83843541145325,0.0407143458724,-2.25910449028015,-0.83809393644333,0.04223780706525,-2.25865745544434,0.49906861265934,0.44884141498594,0.48572748210956
250.21,far_right,1,-0.82896548509598,0.04605647921562,-2.25472569465637,-0.83832532167435,0.04120519384742,-2.25896048545837,-0.83809393644333,0.04223780706525,-2.25865745544434,0.50482465055345,0.46340296015615,0.48572748210956
250.376,far_right,1,-0.78652173280716,0.047433745116,-2.23013472557068,-0.83832532167435,0.04120519384742,-2.25896048545837,-0.83809393644333,0.04223780706525,-2.25865745544434,-0.95603398821822,0.46340296015615,0.48572748210956
250.543,far_right,1,-0.85465103387833,0.02894537709653,-2.26808929443359,-0.83832532167435,0.04120519384742,-2.25896048545837,-0.83809393644333,0.04223780706525,-2.25865745544434,0.44474948084835,0.46340296015615,0.48572748210956
250.71,far_right,1,-0.83317518234253,0.04778969287872,-2.25681686401367,-0.83832532167435,0.04120519384742,-2.25896048545837,-0.83809393644333,0.04223780706525,-2.25865745544434,0.4975568423902,0.46340296015615,0.48572748210956
251.055,far_right,1,-0.82771348953247,0.05000120401382,-2.25307035446167,-0.83832532167435,0.04120519384742,-2.25896048545837,-0.83809393644333,0.04223780706525,-2.25865745544434,0.51701226886328,0.46340296015615,0.48572748210956
251.221,far_right,1,-0.7998058795929,0.04098086059093,-2.23531723022461,-0.83832532167435,0.04120519384742,-2.25896048545837,-0.83809393644333,0.04223780706525,-2.25865745544434,-0.98034580755348,0.46340296015615,0.48572748210956
251.404,far_right,1,-0.82134729623795,0.05418011546135,-2.24913311004639,-0.83832532167435,0.04120519384742,-2.25896048545837,-0.83809393644333,0.04223780706525,-2.25865745544434,0.51565295208177,0.46340296015615,0.48572748210956
251.57,far_right,1,-0.81048768758774,0.06301019340754,-2.24391865730286,-0.83832532167435,0.04120519384742,-2.25896048545837,-0.83809393644333,0.04223780706525,-2.25865745544434,0.51438533319333,0.46340296015615,0.48572748210956
251.751,far_right,1,-0.81973880529404,0.05643193796277,-2.2486355304718,-0.83832532167435,0.04120519384742,-2.25896048545837,-0.83809393644333,0.04223780706525,-2.25865745544434,0.50819623973054,0.46340296015615,0.48572748210956
251.917,far_right,1,-0.82451963424683,0.02053818292916,-2.246737241745,-0.83620083332062,0.04289305955172,-2.25771760940552,-0.83809393644333,0.04223780706525,-2.25865745544434,-0.9637546694657,0.47156527191179,0.48572748210956
252.084,far_right,1,-0.82890200614929,0.04926273226738,-2.25548338890076,-0.83430022001266,0.04452406987548,-2.25666117668152,-0.83809393644333,0.04223780706525,-2.25865745544434,0.48910081969199,0.47717615816962,0.48572748210956
252.264,far_right,1,-0.84378415346146,0.04238647595048,-2.27217841148376,-0.83462762832642,0.04432670399547,-2.25683355331421,-0.83809393644333,0.04223780706525,-2.25865745544434,-0.18663096001365,0.48299371925235,0.48572748210956
252.612,far_right,1,-0.82883977890015,0.0466301292181,-2.25368118286133,-0.83574450016022,0.04365367814898,-2.25742101669312,-0.83809393644333,0.04223780706525,-2.25865745544434,0.51729926002537,0.48405451940689,0.48572748210956
252.779,far_right,1,-0.90851831436157,-0.01358183193952,-2.27449059486389,-0.83574450016022,0.04365367814898,-2.25742101669312,-0.83809393644333,0.04223780706525,-2.25865745544434,0.44260169753178,0.48405451940689,0.48572748210956
252.945,far_right,1,-0.82124119997025,0.02492091991007,-2.24562859535217,-0.83574450016022,0.04365367814898,-2.25742101669312,-0.83809393644333,0.04223780706525,-2.25865745544434,-0.97245059866506,0.48405451940689,0.48572748210956
253.125,far_right,1,-0.82286190986633,0.06109014153481,-2.25888633728027,-0.83574450016022,0.04365367814898,-2.25742101669312,-0.83809393644333,0.04223780706525,-2.25865745544434,0.41939074944739,0.48405451940689,0.48572748210956
253.292,far_right,1,-0.84666520357132,0.03266607969999,-2.26344132423401,-0.83574450016022,0.04365367814898,-2.25742101669312,-0.83809393644333,0.04223780706525,-2.25865745544434,0.45795404179789,0.48405451940689,0.48572748210956
253.473,far_right,1,-0.8625710606575,0.01723762415349,-2.26238942146301,-0.83624714612961,0.04335074871778,-2.25768542289734,-0.83809393644333,0.04223780706525,-2.25865745544434,0.52775586637897,0.48071153293434,0.48572748210956
253.64,far_right,1,-0.84789901971817,0.03211966902018,-2.26188898086548,-0.83661508560181,0.04312898591161,-2.25787901878357,-0.83809393644333,0.04223780706525,-2.25865745544434,0.45903943544074,0.47826452505663,0.48572748210956
253.821,far_right,1,-0.78561133146286,0.09664688259363,-2.24643301963806,-0.83693158626556,0.04293832182884,-2.25804591178894,-0.83809393644333,0.04223780706525,-2.25865745544434,0.40859359146657,0.4761604768891,0.48572748210956
254.0,far_right,1,-0.85723966360092,0.01107228547335,-2.25526261329651,-0.83718025684357,0.04278843849897,-2.25817680358887,-0.83809393644333,0.04223780706525,-2.25865745544434,0.42069327937426,0.47450657374534,0.48572748210956
254.168,far_right,1,-0.83000564575195,0.04714888334274,-2.25470089912415,-0.83733648061752,0.04269429668784,-2.25825929641724,-0.83809393644333,0.04223780706525,-2.25865745544434,0.50865225005358,0.47343051986875,0.48572748210956
254.334,far_right,1,-0.84075880050659,0.04002935811877,-2.25991916656494,-0.83739703893661,0.0426577962935,-2.25829100608826,-0.83809393644333,0.04223780706525,-2.25865745544434,0.46939651530462,0.47256882607278,0.48572748210956
254.515,far_right,1,-0.84184211492538,0.03728396818042,-2.25984287261963,-0.83745718002319,0.04262154176831,-2.2583224773407,-0.83809393644333,0.04223780706525,-2.25865745544434,0.47538955684656,0.47370482312762,0.48572748210956
254.682,far_right,1,-0.84965318441391,0.03104895167053,-2.26714825630188,-0.83750802278519,0.04259086027741,-2.25834918022156,-0.83809393644333,0.04223780706525,-2.25865745544434,0.45958463592267,0.47466619961687,0.48572748210956
254.861,far_right,1,-0.82944464683533,0.04755483940244,-2.25456547737122,-0.83755487203598,0.04256263375282,-2.25837397575378,-0.83809393644333,0.04223780706525,-2.25865745544434,0.5011474040449,0.47555083727031,0.48572748210956
255.029,far_right,1,-0.8255872130394,0.05098398402333,-2.25280928611755,-0.83760142326355,0.04253459349275,-2.25839877128601,-0.83809393644333,0.04223780706525,-2.25865745544434,0.49541433027948,0.47555246301292,0.48572748210956
255.21,far_right,1,-0.84723883867264,0.03671263158321,-2.26487231254578,-0.83764392137527,0.04250897094607,-2.25842070579529,-0.83809393644333,0.04223780706525,-2.25865745544434,0.49360277698618,0.47555379651222,0.48572748210956
255.376,far_right,1,-0.85534209012985,0.02958901785314,-2.27076625823975,-0.83767986297607,0.04248728603125,-2.25843977928162,-0.83809393644333,0.04223780706525,-2.25865745544434,0.45595372986782,0.47636731901393,0.48572748210956
255.543,far_right,1,-0.87291049957275,0.01598059386015,-2.2776460647583,-0.83771294355392,0.04246734455228,-2.25845694541931,-0.83809393644333,0.04223780706525,-2.25865745544434,0.44873086056548,0.47921004086809,0.48572748210956
255.723,far_right,1,-0.7303991317749,0.11594555526972,-2.21645712852478,-0.83774584531784,0.04244752973318,-2.25847434997559,-0.83809393644333,0.04223780706525,-2.25865745544434,-0.89566567662713,0.48165404813451,0.48572748210956
255.889,far_right,1,-0.84834313392639,0.03696843609214,-2.26492476463318,-0.83777362108231,0.04243075847626,-2.25848865509033,-0.83809393644333,0.04223780706525,-2.25865745544434,0.49792936344083,0.48344338919821,0.48572748210956
256.071,far_right,1,-0.87322860956192,0.01313936989754,-2.27871060371399,-0.83780121803284,0.04241410270333,-2.25850391387939,-0.83809393644333,0.04223780706525,-2.25865745544434,0.44971187750637,0.48498157665691,0.48572748210956
256.237,far_right,1,-0.90031367540359,-0.00517052644864,-2.29199194908142,-0.83999997377396,0.04080917686224,-2.2600371837616,-0.83809393644333,0.04223780706525,-2.25865745544434,0.40921635673298,0.48143513940542,0.48572748210956
256.404,far_right,1,-0.82159119844437,0.02452510036528,-2.24588584899902,-0.84394109249115,0.03783516585827,-2.26211953163147,-0.83809393644333,0.04223780706525,-2.25865745544434,-1.00177703979344,0.47769903973967,0.48572748210956
256.57,far_right,1,-0.82582950592041,0.02335865795612,-2.24773812294006,-0.84713643789291,0.0351011492312,-2.26391816139221,-0.83809393644333,0.04223780706525,-2.25865745544434,-1.01138090504851,0.47482939657421,0.48572748210956
256.751,far_right,1,-0.88123673200607,0.01570652425289,-2.2800304889679,-0.84988361597061,0.03275050595403,-2.26546502113342,-0.83809393644333,0.04223780706525,-2.25865745544434,0.52731228244514,0.47236199417998,0.48572748210956
256.917,far_right,1,-0.80486327409744,0.06730621308088,-2.24314618110657,-0.8565953373909,0.0271101295948,-2.2692723274231,-0.87322860956192,0.01313936989754,-2.27871060371399,0.52239103145229,0.47055562193591,0.48572748210956
257.097,far_right,1,-0.86430567502975,0.02266272157431,-2.27382016181946,-0.86256170272827,0.02317212149501,-2.27228569984436,-0.87322860956192,0.01313936989754,-2.27871060371399,0.45296594446406,0.47873974736457,0.48572748210956
257.263,far_right,1,-0.83650922775269,0.04602151736617,-2.25765156745911,-0.86468714475632,0.02117296494544,-2.27356553077698,-0.87322860956192,0.01313936989754,-2.27871060371399,0.50727755342144,0.47606650848067,0.48572748210956
257.446,far_right,1,-0.83738470077515,0.04485240578651,-2.26008224487305,-0.86141490936279,0.02401542663574,-2.27174544334412,-0.87322860956192,0.01313936989754,-2.27871060371399,0.50963724602628,0.48133844420432,0.48572748210956
257.612,far_right,1,-0.82793569564819,0.04946711659431,-2.25290465354919,-0.85932052135468,0.0257840231061,-2.27082133293152,-0.87322860956192,0.01313936989754,-2.27871060371399,0.5083390188212,0.48518055672585,0.48572748210956
257.792,far_right,1,-0.85748833417892,0.0308467913419,-2.26945233345032,-0.85740315914154,0.02746040932834,-2.26970314979553,-0.87322860956192,0.01313936989754,-2.27871060371399,0.46061279117673,0.4881692457563,0.48572748210956
257.959,far_right,1,-0.81205385923386,0.06254837661982,-2.24707198143005,-0.85610806941986,0.02854255214334,-2.26918625831604,-0.87322860956192,0.01313936989754,-2.27871060371399,0.53572755414027,0.49065022498844,0.48572748210956
258.126,far_right,1,-0.80114978551865,0.03853837400675,-2.23537278175354,-0.85496246814728,0.02955415658653,-2.26847052574158,-0.87322860956192,0.01313936989754,-2.27871060371399,-1.02071606518893,0.49234354090063,0.48572748210956
258.307,far_right,1,-0.82942390441895,0.04767530784011,-2.25370407104492,-0.85283505916595,0.03088306263089,-2.26722264289856,-0.87322860956192,0.01313936989754,-2.27871060371399,0.51067881253967,0.49394117110972,0.48572748210956
258.652,far_right,1,-0.84236931800842,0.03911320865154,-2.26239252090454,-0.85031688213348,0.03245607018471,-2.26574540138245,-0.87322860956192,0.01313936989754,-2.27871060371399,0.49460588293586,0.49583245648204,0.48572748210956
258.82,far_right,1,-0.79415184259415,0.04326763749123,-2.23242592811584,-0.85031688213348,0.03245607018471,-2.26574540138245,-0.87322860956192,0.01313936989754,-2.27871060371399,-1.02068200334412,0.49583245648204,0.48572748210956
259.001,far_right,1,-0.83959269523621,0.03956756368279,-2.25880336761475,-0.85031688213348,0.03245607018471,-2.26574540138245,-0.87322860956192,0.01313936989754,-2.27871060371399,0.4965125184355,0.49583245648204,0.48572748210956
259.167,far_right,1,-0.81440085172653,0.05884907022119,-2.24902129173279,-0.85031688213348,0.03245607018471,-2.26574540138245,-0.87322860956192,0.01313936989754,-2.27871060371399,0.51367186141904,0.49583245648204,0.48572748210956
259.515,far_right,1,-0.87018871307373,0.01923107169569,-2.2793288230896,-0.85031688213348,0.03245607018471,-2.26574540138245,-0.87322860956192,0.01313936989754,-2.27871060371399,0.45414723824249,0.49583245648204,0.48572748210956
260.027,far_right,1,-0.85281157493591,0.02905175089836,-2.26984620094299,-0.85031688213348,0.03245607018471,-2.26574540138245,-0.87322860956192,0.01313936989754,-2.27871060371399,0.4717183091707,0.49583245648204,0.48572748210956
260.543,far_right,1,-0.82388931512833,0.05372479557991,-2.25563621520996,-0.85031688213348,0.03245607018471,-2.26574540138245,-0.87322860956192,0.01313936989754,-2.27871060371399,0.53519420866024,0.49583245648204,0.48572748210956
260.722,far_right,1,-0.82009762525558,0.02497707866132,-2.24831652641296,-0.85031688213348,0.03245607018471,-2.26574540138245,-0.87322860956192,0.01313936989754,-2.27871060371399,-1.01615115382983,0.49583245648204,0.48572748210956
260.889,far_right,1,-0.86325424909592,0.02473710291088,-2.27566027641296,-0.85031688213348,0.03245607018471,-2.26574540138245,-0.87322860956192,0.01313936989754,-2.27871060371399,0.4610609605333,0.49583245648204,0.48572748210956
261.056,far_right,1,-0.85750180482864,0.0284001454711,-2.27217578887939,-0.85031688213348,0.03245607018471,-2.26574540138245,-0.87322860956192,0.01313936989754,-2.27871060371399,0.4658093328839,0.49583245648204,0.48572748210956
261.235,far_right,1,-0.81443041563034,0.02963943220675,-2.24490165710449,-0.85031688213348,0.03245607018471,-2.26574540138245,-0.87322860956192,0.01313936989754,-2.27871060371399,-1.00727953537602,0.49583245648204,0.48572748210956
261.402,far_right,1,-0.86810922622681,0.02526046521962,-2.27447199821472,-0.85214877128601,0.030911590904,-2.26678204536438,-0.87322860956192,0.01313936989754,-2.27871060371399,0.42761208589867,0.49134714036063,0.48572748210956
261.57,far_right,1,-0.80825042724609,0.07855764776468,-2.25989079475403,-0.85396838188171,0.02937744557858,-2.26781177520752,-0.87322860956192,0.01313936989754,-2.27871060371399,0.37909119434085,0.48749060289217,0.48572748210956
261.75,far_right,1,-0.87502759695053,0.01706434600055,-2.27870631217957,-0.85563093423843,0.02797573432326,-2.26875233650208,-0.87322860956192,0.01313936989754,-2.27871060371399,0.41867381584981,0.48445924334284,0.48572748210956
262.112,moving_to_front_return,1,-0.83604937791824,0.04269123077393,-2.26002430915833,-0.86130076646805,0.0231956038624,-2.27196002006531,-0.87322860956192,0.01313936989754,-2.27871060371399,0.47529073606922,0.47320587918645,0.48572748210956
262.279,moving_to_front_return,1,-0.70275372266769,0.13210634887218,-2.1971218585968,-0.86130076646805,0.0231956038624,-2.27196002006531,-0.87322860956192,0.01313936989754,-2.27871060371399,0.47177503474626,0.47320587918645,0.48572748210956
262.459,moving_to_front_return,1,-1.00978982448578,-0.10491672903299,-2.36058902740479,-0.86130076646805,0.0231956038624,-2.27196002006531,-0.87322860956192,0.01313936989754,-2.27871060371399,-1.12650615936949,0.47320587918645,0.48572748210956
262.625,moving_to_front_return,1,-0.85911458730698,0.0277891959995,-2.27330231666565,-0.86130076646805,0.0231956038624,-2.27196002006531,-0.87322860956192,0.01313936989754,-2.27871060371399,0.46777359755297,0.47320587918645,0.48572748210956
262.807,moving_to_front_return,1,-0.79534870386124,0.0427469946444,-2.2343122959137,-0.86130076646805,0.0231956038624,-2.27196002006531,-0.87322860956192,0.01313936989754,-2.27871060371399,-1.07215799389954,0.47320587918645,0.48572748210956
262.974,moving_to_front_return,1,-0.85827440023422,0.02675040252507,-2.27263951301575,-0.85906326770782,0.02485934644938,-2.27098631858826,-0.87322860956192,0.01313936989754,-2.27871060371399,0.47833045234858,0.47420723549427,0.48572748210956
263.153,moving_to_front_return,1,-0.83114671707153,0.01751475781202,-2.2515606880188,-0.86028617620468,0.02384764514863,-2.27165341377258,-0.87322860956192,0.01313936989754,-2.27871060371399,-0.90049545417162,0.47427985099454,0.48572748210956
263.334,moving_to_front_return,1,-0.96428805589676,-0.04704724624753,-2.30457234382629,-0.8574475646019,0.02213961444795,-2.26954579353333,-0.87322860956192,0.01313936989754,-2.27871060371399,-0.36619902665807,0.29200530672717,0.48572748210956
263.667,moving_to_front_return,1,-0.80548667907715,0.06534366309643,-2.24431800842285,-0.85408753156662,0.02011782489717,-2.26705074310303,-0.87322860956192,0.01313936989754,-2.27871060371399,0.54341232436574,0.07624838735758,0.48572748210956
263.848,moving_to_front_return,1,-0.88944435119629,0.00212080706842,-2.2869884967804,-0.85408753156662,0.02011782489717,-2.26705074310303,-0.87322860956192,0.01313936989754,-2.27871060371399,0.42218742807652,0.07624838735758,0.48572748210956
264.015,moving_to_front_return,1,-0.85172009468079,0.03017752803862,-2.27002310752869,-0.85408753156662,0.02011782489717,-2.26705074310303,-0.87322860956192,0.01313936989754,-2.27871060371399,0.44398775069571,0.07624838735758,0.48572748210956
264.181,moving_to_front_return,1,-0.9246101975441,-0.02637790702283,-2.2888822555542,-0.85408753156662,0.02011782489717,-2.26705074310303,-0.87322860956192,0.01313936989754,-2.27871060371399,0.50846970978787,0.07624838735758,0.48572748210956
264.363,moving_to_front_return,1,-0.84110760688782,0.04129736125469,-2.25976061820984,-0.85408753156662,0.02011782489717,-2.26705074310303,-0.87322860956192,0.01313936989754,-2.27871060371399,0.5087661057239,0.07624838735758,0.48572748210956
264.528,moving_to_front_return,1,-0.81631129980087,0.05652056261897,-2.24799180030823,-0.85561800003052,0.01955985836685,-2.26798295974731,-0.87322860956192,0.01313936989754,-2.27871060371399,0.536438416618,0.15266212806095,0.48572748210956
264.695,moving_to_front_return,1,-0.78343796730042,0.05068334937096,-2.22662258148193,-0.85702610015869,0.01904650591314,-2.26884078979492,-0.87322860956192,0.01313936989754,-2.27871060371399,-1.0687313200909,0.21384946143085,0.48572748210956
264.86,moving_to_front_return,1,-0.84705400466919,0.03842476755381,-2.2644100189209,-0.85632503032684,0.0211899522692,-2.26848483085632,-0.87322860956192,0.01313936989754,-2.27871060371399,0.47802139660745,0.26660007365177,0.48572748210956
265.028,moving_to_front_return,1,-0.84709006547928,0.03134074807167,-2.26774334907532,-0.85566121339798,0.02321974188089,-2.26814746856689,-0.87322860956192,0.01313936989754,-2.27871060371399,0.46805407451743,0.31655358308027,0.48572748210956
265.182,moving_to_front_return,1,-0.83737403154373,0.04072577878833,-2.26437067985535,-0.85222560167313,0.02754963934422,-2.26617002487183,-0.84110760688782,0.04129736125469,-2.25976061820984,0.46711049790359,0.35037645736415,0.48572748210956
265.333,moving_to_front_return,1,-0.81879782676697,0.05467342957854,-2.26020431518555,-0.85034614801407,0.0298736859113,-2.26508569717407,-0.84110760688782,0.04129736125469,-2.25976061820984,0.51229708355963,0.37129753919258,0.48572748210956
265.486,moving_to_front_return,1,-0.8515830039978,0.01539992541075,-2.26334738731384,-0.84864342212677,0.03197902068496,-2.26410388946533,-0.84110760688782,0.04129736125469,-2.25976061820984,0.4105879242382,0.3902495833082,0.48572748210956
265.654,moving_to_front_return,1,-0.83648890256882,0.04058441892266,-2.27453088760376,-0.84703105688095,0.03397272899747,-2.26317429542542,-0.84110760688782,0.04129736125469,-2.25976061820984,0.4221195552502,0.40965058174484,0.48572748210956
265.987,moving_to_front_return,1,-0.83460521697998,0.03748422116041,-2.28113198280334,-0.84512269496918,0.03633265569806,-2.26207447052002,-0.84110760688782,0.04129736125469,-2.25976061820984,0.46425238052917,0.4304260052702,0.48572748210956
266.125,moving_to_front_return,1,-0.80424171686172,0.06309866160154,-2.25735950469971,-0.84512269496918,0.03633265569806,-2.26207447052002,-0.84110760688782,0.04129736125469,-2.25976061820984,0.51910517155747,0.4304260052702,0.48572748210956
266.293,moving_to_front_return,1,-0.79636114835739,0.069401063025,-2.25395894050598,-0.84512269496918,0.03633265569806,-2.26207447052002,-0.84110760688782,0.04129736125469,-2.25976061820984,0.51073298345388,0.4304260052702,0.48572748210956
266.459,moving_to_front_return,1,-0.88391023874283,0.00443512061611,-2.30884289741516,-0.84512269496918,0.03633265569806,-2.26207447052002,-0.84110760688782,0.04129736125469,-2.25976061820984,0.38458356446753,0.4304260052702,0.48572748210956
266.625,moving_to_front_return,1,-0.76870578527451,0.11644216626883,-2.24112820625305,-0.84512269496918,0.03633265569806,-2.26207447052002,-0.84110760688782,0.04129736125469,-2.25976061820984,0.43019973302728,0.4304260052702,0.48572748210956
266.791,moving_to_front_return,1,-0.76737850904465,0.11504409462214,-2.24245762825012,-0.84015113115311,0.03975009173155,-2.26137232780457,-0.84110760688782,0.04129736125469,-2.25976061820984,0.39298155387535,0.44444911933213,0.48572748210956
266.958,moving_to_front_return,1,-0.74569648504257,0.12397864460945,-2.22950005531311,-0.83478844165802,0.04354625940323,-2.26033115386963,-0.84110760688782,0.04129736125469,-2.25976061820984,0.41934232182301,0.45577774166075,0.48572748210956
267.112,moving_to_front_return,1,-0.60101449489594,0.18413263559341,-2.17477536201477,-0.82706207036972,0.05242408439517,-2.25790500640869,-0.84110760688782,0.04129736125469,-2.25976061820984,-1.02345936571692,0.45485447846087,0.48572748210956
267.292,moving_to_front_return,1,-0.81114655733109,0.03123013488948,-2.25925445556641,-0.8202423453331,0.05987073108554,-2.2559962272644,-0.84110760688782,0.04129736125469,-2.25976061820984,-1.32569653474883,0.44910088629851,0.48572748210956
267.473,moving_to_front_return,1,-0.73448419570923,0.12872768938541,-2.21322727203369,-0.81488168239594,0.06572411954403,-2.25449633598328,-0.84110760688782,0.04129736125469,-2.25976061820984,0.41839780525765,0.44457847829193,0.48572748210956
267.64,moving_to_front_return,1,-0.80085611343384,0.07107745110989,-2.25896549224854,-0.80826640129089,0.07111804932356,-2.25178956985474,-0.84110760688782,0.04129736125469,-2.25976061820984,0.51852174556918,0.44453915512579,0.48572748210956
267.821,moving_to_front_return,1,-0.79879623651505,0.08671738952398,-2.25235366821289,-0.80257880687714,0.07575562596321,-2.24946308135986,-0.84110760688782,0.04129736125469,-2.25976061820984,0.43587255698804,0.44450547996275,0.48572748210956
268.001,moving_to_front_return,1,-0.76002591848373,0.1246344819665,-2.2304790019989,-0.80590468645096,0.0727810934186,-2.25035262107849,-0.84110760688782,0.04129736125469,-2.25976061820984,0.40924639096562,0.44668192454159,0.48572748210956
268.167,moving_to_front_return,1,-0.75230413675308,0.0822931677103,-2.26570868492126,-0.80871933698654,0.07026379555464,-2.25110483169556,-0.84110760688782,0.04129736125469,-2.25976061820984,0.50312586617084,0.44827488476273,0.48572748210956
268.334,moving_to_front_return,1,-0.77554875612259,0.1051077246666,-2.25069880485535,-0.80707335472107,0.07313261181116,-2.25138330459595,-0.79879623651505,0.08671738952398,-2.25235366821289,0.35771076267343,0.44955016704811,0.48572748210956
268.501,moving_to_front_return,1,-0.78018170595169,0.08040953427553,-2.25382733345032,-0.80542397499084,0.07583955675364,-2.25157642364502,-0.79879623651505,0.08671738952398,-2.25235366821289,0.50093968833727,0.45057153233695,0.48572748210956
268.667,moving_to_front_return,1,-0.8546866774559,-0.02049629576504,-2.35593628883362,-0.80126506090164,0.07840804755688,-2.25198197364807,-0.79879623651505,0.08671738952398,-2.25235366821289,0.46802469941206,0.45946489612369,0.48572748210956
268.834,moving_to_front_return,1,-0.78105849027634,0.07545756548643,-2.26229882240295,-0.7997915148735,0.08014295250177,-2.25214171409607,-0.79879623651505,0.08671738952398,-2.25235366821289,0.49400050599179,0.466586091527,0.48572748210956
269.001,moving_to_front_return,1,-0.81282359361649,0.02270833589137,-2.27631640434265,-0.79795753955841,0.08021080493927,-2.2531111240387,-0.79879623651505,0.08671738952398,-2.25235366821289,-1.51701797468083,0.47142705588877,0.48572748210956
269.167,moving_to_front_return,1,-0.79059761762619,0.04590133205056,-2.30400538444519,-0.79783076047897,0.08067125827074,-2.25315594673157,-0.79879623651505,0.08671738952398,-2.25235366821289,0.45260851939781,0.47530358541128,0.48572748210956
269.334,moving_to_front_return,1,-0.62760037183762,0.18174858391285,-2.17483067512512,-0.79700577259064,0.07681049406528,-2.25940585136414,-0.79879623651505,0.08671738952398,-2.25235366821289,-1.25164678436099,0.47327046973059,0.48572748210956
269.502,moving_to_front_return,1,-0.85105258226395,0.02839297614992,-2.30589079856873,-0.7963450551033,0.07371903210878,-2.26441121101379,-0.79879623651505,0.08671738952398,-2.25235366821289,0.475936550607,0.47164265736543,0.48572748210956
269.665,moving_to_front_return,1,-0.81177192926407,0.04375000298023,-2.30297923088074,-0.79481536149979,0.06632140278816,-2.27497339248657,-0.79059761762619,0.04590133205056,-2.30400538444519,0.43683674358791,0.47043700000109,0.48572748210956
269.834,moving_to_front_return,1,-0.62604182958603,0.18370918929577,-2.17166328430176,-0.79673463106155,0.06166574731469,-2.28104829788208,-0.79059761762619,0.04590133205056,-2.30400538444519,-1.36293633344142,0.46719339851217,0.48572748210956
269.999,moving_to_front_return,1,-0.8167559504509,0.05772431194782,-2.30131435394287,-0.79500514268875,0.05722319707274,-2.28751730918884,-0.79059761762619,0.04590133205056,-2.30400538444519,0.47723014155983,0.46680789754459,0.48572748210956
270.319,moving_to_front_return,1,-0.81767243146896,0.06022925674915,-2.2981538772583,-0.79778391122818,0.05309358611703,-2.2927029132843,-0.79059761762619,0.04590133205056,-2.30400538444519,0.47569414948078,0.46294951479521,0.48572748210956
270.499,moving_to_front_return,1,-0.87091326713562,-0.08538526296616,-2.41155433654785,-0.79778391122818,0.05309358611703,-2.2927029132843,-0.79059761762619,0.04590133205056,-2.30400538444519,0.42902688270141,0.46294951479521,0.48572748210956
270.666,moving_to_front_return,1,-0.64737415313721,0.16302447021008,-2.1907947063446,-0.79778391122818,0.05309358611703,-2.2927029132843,-0.79059761762619,0.04590133205056,-2.30400538444519,-1.43743427697985,0.46294951479521,0.48572748210956
270.834,moving_to_front_return,1,-0.76400923728943,0.08338510990143,-2.26911354064941,-0.79778391122818,0.05309358611703,-2.2927029132843,-0.79059761762619,0.04590133205056,-2.30400538444519,0.46791127685606,0.46294951479521,0.48572748210956
271.168,moving_to_front_return,1,-0.76762509346008,0.00796333979815,-2.31051969528198,-0.79778391122818,0.05309358611703,-2.2927029132843,-0.79059761762619,0.04590133205056,-2.30400538444519,0.47493093652082,0.46294951479521,0.48572748210956
271.333,moving_to_front_return,1,-0.78876924514771,0.01383456308395,-2.33958888053894,-0.79778391122818,0.05309358611703,-2.2927029132843,-0.79059761762619,0.04590133205056,-2.30400538444519,0.50338191202137,0.46294951479521,0.48572748210956
271.681,moving_to_front_return,1,-0.74618035554886,0.09782203286886,-2.25249028205872,-0.79778391122818,0.05309358611703,-2.2927029132843,-0.79059761762619,0.04590133205056,-2.30400538444519,0.46614437322771,0.46294951479521,0.48572748210956
271.861,moving_to_front_return,1,-0.80984717607498,0.05711730197072,-2.30867552757263,-0.79778391122818,0.05309358611703,-2.2927029132843,-0.79059761762619,0.04590133205056,-2.30400538444519,0.45782289219949,0.46294951479521,0.48572748210956
272.028,moving_to_front_return,1,-0.80121064186096,0.0570591725409,-2.30632853507996,-0.79778391122818,0.05309358611703,-2.2927029132843,-0.79059761762619,0.04590133205056,-2.30400538444519,0.45846677772889,0.46294951479521,0.48572748210956
272.195,moving_to_front_return,1,-0.81087094545364,0.04633479192853,-2.3205451965332,-0.79778391122818,0.05309358611703,-2.2927029132843,-0.79059761762619,0.04590133205056,-2.30400538444519,0.45597342899735,0.46294951479521,0.48572748210956
272.542,moving_to_front_return,1,-0.79413396120071,0.05705570802093,-2.2973301410675,-0.79778391122818,0.05309358611703,-2.2927029132843,-0.79059761762619,0.04590133205056,-2.30400538444519,0.46494218497127,0.46294951479521,0.48572748210956
272.862,moving_to_front_return,1,-0.80847835540771,0.05493508651853,-2.32325720787048,-0.79778391122818,0.05309358611703,-2.2927029132843,-0.79059761762619,0.04590133205056,-2.30400538444519,0.45002156916081,0.46294951479521,0.48572748210956
273.014,moving_to_front_return,1,-0.75571995973587,0.08255232870579,-2.28793406486511,-0.79778391122818,0.05309358611703,-2.2927029132843,-0.79059761762619,0.04590133205056,-2.30400538444519,0.45022806574416,0.46294951479521,0.48572748210956
273.195,moving_to_front_return,1,-0.85157084465027,-0.09919646382332,-2.44902491569519,-0.79778391122818,0.05309358611703,-2.2927029132843,-0.79059761762619,0.04590133205056,-2.30400538444519,0.55620879173183,0.46294951479521,0.48572748210956
273.347,moving_to_front_return,1,-0.82868891954422,0.00330184330232,-2.3828284740448,-0.79778391122818,0.05309358611703,-2.2927029132843,-0.79059761762619,0.04590133205056,-2.30400538444519,0.51284824332269,0.46294951479521,0.48572748210956
273.487,moving_to_front_return,1,-0.81590002775192,0.01258012652397,-2.34732604026794,-0.79778391122818,0.05309358611703,-2.2927029132843,-0.79059761762619,0.04590133205056,-2.30400538444519,0.48602031550302,0.46294951479521,0.48572748210956
273.64,moving_to_front_return,1,-0.75899219512939,0.003999018576,-2.34138703346252,-0.79936367273331,0.04794332012534,-2.29975843429565,-0.79059761762619,0.04590133205056,-2.30400538444519,0.49715512266387,0.46940006064839,0.48572748210956
273.791,moving_to_front_return,1,-0.80981111526489,-0.01980952732265,-2.37352299690247,-0.80054593086243,0.04408978298306,-2.30503702163696,-0.79059761762619,0.04590133205056,-2.30400538444519,0.58206358071693,0.4736718217107,0.48572748210956
273.945,moving_to_front_return,1,-0.79614824056625,-0.01760483346879,-2.36572551727295,-0.80329102277756,0.03916389122605,-2.31461381912231,-0.79059761762619,0.04590133205056,-2.30400538444519,0.60994973778308,0.479440004586,0.48572748210956
274.124,moving_to_front_return,1,-0.74100810289383,0.04932646453381,-2.31377863883972,-0.8031462430954,0.03235127031803,-2.32112717628479,-0.79059761762619,0.04590133205056,-2.30400538444519,0.47498401186929,0.49264879821798,0.48572748210956
274.279,moving_to_front_return,1,-0.77940005064011,0.03467385843396,-2.32602047920227,-0.79672336578369,0.02985095232725,-2.32235550880432,-0.79059761762619,0.04590133205056,-2.30400538444519,0.48980655980995,0.49209567073532,0.48572748210956
274.446,moving_to_front_return,1,-0.78462696075439,0.02431769669056,-2.33342933654785,-0.79158037900925,0.02784884907305,-2.32333874702454,-0.79059761762619,0.04590133205056,-2.30400538444519,0.49602578565998,0.49188161780398,0.48572748210956
274.611,moving_to_front_return,1,-0.78807401657104,0.02188407443464,-2.35508465766907,-0.79150813817978,0.02917650341988,-2.32191681861877,-0.79059761762619,0.04590133205056,-2.30400538444519,0.45919457512956,0.49142916886331,0.48572748210956
274.779,moving_to_front_return,1,-0.78066110610962,0.03435072302818,-2.32205009460449,-0.79142951965332,0.0306202378124,-2.3203706741333,-0.79059761762619,0.04590133205056,-2.30400538444519,0.49697173166903,0.49093704625205,0.48572748210956
274.946,moving_to_front_return,1,-0.78212547302246,0.04720191285014,-2.32829022407532,-0.79136300086975,0.03184204548597,-2.31906247138977,-0.79059761762619,0.04590133205056,-2.30400538444519,0.45444523877452,0.4898986051662,0.48572748210956
275.097,moving_to_front_return,1,-0.78917026519775,0.01004714984447,-2.33970141410828,-0.7913116812706,0.03278525173664,-2.3180525302887,-0.79059761762619,0.04590133205056,-2.30400538444519,0.61523763981591,0.48919353468821,0.48572748210956
275.263,moving_to_front_return,1,-0.79125910997391,0.01196589227766,-2.33649158477783,-0.7911788225174,0.03372616320848,-2.3171169757843,-0.79059761762619,0.04590133205056,-2.30400538444519,0.60195968538007,0.48978106656174,0.48572748210956
275.417,moving_to_front_return,1,-0.77881973981857,0.05267953500152,-2.3192720413208,-0.79113233089447,0.03469963371754,-2.31606817245483,-0.79059761762619,0.04590133205056,-2.30400538444519,0.4450071301789,0.49036884896524,0.48572748210956
275.584,moving_to_front_return,1,-0.73624557256699,0.0646089464426,-2.2852041721344,-0.79108953475952,0.03559527173638,-2.31510353088379,-0.79059761762619,0.04590133205056,-2.30400538444519,0.50547676320345,0.49083958027078,0.48572748210956
275.735,moving_to_front_return,1,-0.78987914323807,-0.00088131055236,-2.35028696060181,-0.79105651378632,0.03628668561578,-2.31435894966125,-0.79059761762619,0.04590133205056,-2.30400538444519,0.6003868715101,0.48668190307474,0.48572748210956
275.904,moving_to_front_return,1,-0.79709023237228,0.01668808795512,-2.36325573921204,-0.79104650020599,0.03382165357471,-2.31647276878357,-0.79059761762619,0.04590133205056,-2.30400538444519,0.4655707344046,0.50196657272209,0.48572748210956
276.056,moving_to_front_return,1,-0.7991800904274,0.01518648024648,-2.36639881134033,-0.79103970527649,0.03215261548758,-2.31790399551392,-0.79059761762619,0.04590133205056,-2.30400538444519,0.47958244502429,0.51231570762249,0.48572748210956
276.209,front_return,1,-0.77910882234573,0.03910765051842,-2.31947660446167,-0.79170352220535,0.03133320808411,-2.3221435546875,-0.79059761762619,0.04590133205056,-2.30400538444519,0.45421886628641,0.50510221421607,0.48572748210956
276.376,front_return,1,-0.78919434547424,0.02107787691057,-2.35314345359802,-0.7922887802124,0.0306105427444,-2.32588243484497,-0.79059761762619,0.04590133205056,-2.30400538444519,0.44883930958956,0.49874030326284,0.48572748210956
276.528,front_return,1,-0.78597742319107,0.0397946536541,-2.33526539802551,-0.79356843233109,0.02695311978459,-2.33579850196838,-0.79709023237228,0.01668808795512,-2.36325573921204,0.45714688282444,0.49402856270025,0.48572748210956
276.681,front_return,1,-0.79127979278564,0.02822711504996,-2.3478090763092,-0.7942174077034,0.0250613167882,-2.34085893630981,-0.79709023237228,0.01668808795512,-2.36325573921204,0.46310606551953,0.48826457115129,0.48572748210956
276.848,front_return,1,-0.73962026834488,0.06633590906858,-2.29927086830139,-0.79444712400436,0.02439183183014,-2.34264969825745,-0.79709023237228,0.01668808795512,-2.36325573921204,0.42861522261977,0.48495163398994,0.48572748210956
277.001,front_return,1,-0.78998202085495,0.02612050436437,-2.34866499900818,-0.79454356431961,0.02400536648929,-2.34406757354736,-0.79709023237228,0.01668808795512,-2.36325573921204,0.46576305790553,0.48181411547638,0.48572748210956
277.153,front_return,1,-0.8020675778389,-0.01972115784883,-2.37565112113953,-0.79473108053207,0.02346722409129,-2.34547877311707,-0.79709023237228,0.01668808795512,-2.36325573921204,0.58549935721406,0.47993920240349,0.48572748210956
277.307,front_return,1,-0.7894811630249,0.02901382744312,-2.3460865020752,-0.79490458965302,0.02296865731478,-2.34678602218628,-0.79709023237228,0.01668808795512,-2.36325573921204,0.46772183103774,0.47840925544925,0.48572748210956
277.459,front_return,1,-0.7903864979744,0.02286885865033,-2.34932708740234,-0.79530739784241,0.02181117422879,-2.34982132911682,-0.79709023237228,0.01668808795512,-2.36325573921204,0.46902031288099,0.47746633635182,0.48572748210956
277.612,front_return,1,-0.79481202363968,-0.00360990315676,-2.35439300537109,-0.7956360578537,0.02086701057851,-2.35229682922363,-0.79709023237228,0.01668808795512,-2.36325573921204,0.49449854078106,0.47669758800418,0.48572748210956
277.764,front_return,1,-0.79144668579102,0.02674534358084,-2.35019016265869,-0.79590421915054,0.02009685151279,-2.35431623458862,-0.79709023237228,0.01668808795512,-2.36325573921204,0.46972036459491,0.47644438698936,0.48572748210956
277.929,front_return,1,-0.78999662399292,0.02660404331982,-2.35215663909912,-0.79612284898758,0.01946862973273,-2.35596370697021,-0.79709023237228,0.01668808795512,-2.36325573921204,0.45963083110612,0.47623805313589,0.48572748210956
278.084,front_return,1,-0.77831220626831,0.04173626378179,-2.3184597492218,-0.79631555080414,0.01891456730664,-2.35741639137268,-0.79709023237228,0.01668808795512,-2.36325573921204,0.45308832887537,0.47614299041699,0.48572748210956
278.237,front_return,1,-0.77978426218033,0.04763147234917,-2.32981562614441,-0.79645836353302,0.0185042321682,-2.35849285125732,-0.79709023237228,0.01668808795512,-2.36325573921204,0.42791495969516,0.47599191881155,0.48572748210956
278.39,front_return,1,-0.75015658140182,0.03725152090192,-2.33264064788818,-0.79657477140427,0.01816952228546,-2.35937118530273,-0.79709023237228,0.01668808795512,-2.36325573921204,0.46011722670676,0.47594913342152,0.48572748210956
278.556,front_return,1,-0.7786865234375,0.04319414868951,-2.31872463226318,-0.79667747020721,0.01787432469428,-2.36014533042908,-0.79709023237228,0.01668808795512,-2.36325573921204,0.45538281996388,0.4746591877506,0.48572748210956
278.71,front_return,1,-0.79657125473022,0.00985874980688,-2.35282039642334,-0.79464101791382,0.02069819532335,-2.35560727119446,-0.79709023237228,0.01668808795512,-2.36325573921204,0.48603428601572,0.47321619560941,0.48572748210956
278.876,front_return,1,-0.78729343414307,0.01161382999271,-2.33474850654602,-0.79284501075745,0.02318870089948,-2.35160493850708,-0.79709023237228,0.01668808795512,-2.36325573921204,0.59040935613098,0.47194334614479,0.48572748210956
279.028,front_return,1,-0.73291474580765,0.06548873335123,-2.28169727325439,-0.78906756639481,0.02852337993681,-2.34284210205078,-0.7786865234375,0.04319414868951,-2.31872463226318,0.51452372498002,0.47100057534529,0.48572748210956
279.182,front_return,1,-0.7862868309021,0.03711909800768,-2.33582782745361,-0.78614223003387,0.03265772387385,-2.33604526519775,-0.7786865234375,0.04319414868951,-2.31872463226318,0.4550750386181,0.47023184979606,0.48572748210956
279.334,front_return,1,-0.79040330648422,0.0279997959733,-2.34864473342896,-0.78476816415787,0.03459954634309,-2.332852602005,-0.7786865234375,0.04319414868951,-2.31872463226318,0.46444027878225,0.46956940858922,0.48572748210956
279.501,front_return,1,-0.78307884931564,0.03433610871434,-2.32666921615601,-0.78428190946579,0.03528673574328,-2.33172297477722,-0.7786865234375,0.04319414868951,-2.31872463226318,0.48122996463684,0.470244645719,0.48572748210956
279.652,front_return,1,-0.73295313119888,0.02000628225505,-2.31489968299866,-0.78333604335785,0.03662347793579,-2.32952547073364,-0.7786865234375,0.04319414868951,-2.31872463226318,0.48214587970162,0.47382264878134,0.48572748210956
279.819,front_return,1,-0.78677135705948,0.03926596045494,-2.33575701713562,-0.78240954875946,0.03793277218938,-2.32737374305725,-0.7786865234375,0.04319414868951,-2.31872463226318,0.4660874357091,0.47675381135176,0.48572748210956
279.972,front_return,1,-0.78345626592636,0.04405521973968,-2.32665300369263,-0.7817234992981,0.03890240937471,-2.32577967643738,-0.7786865234375,0.04319414868951,-2.31872463226318,0.45665528172275,0.47615402697406,0.48572748210956
280.124,front_return,1,-0.79713302850723,-0.01014343183488,-2.36410975456238,-0.78116369247437,0.03969336301088,-2.32447957992554,-0.7786865234375,0.04319414868951,-2.31872463226318,0.58660467878797,0.4756643193992,0.48572748210956
280.277,front_return,1,-0.73987293243408,0.06187598779798,-2.30271506309509,-0.78070729970932,0.04033854976296,-2.32341861724854,-0.7786865234375,0.04319414868951,-2.31872463226318,0.45208856091594,0.47762215436986,0.48572748210956
280.431,front_return,1,-0.78673195838928,0.03649326786399,-2.34187173843384,-0.78030472993851,0.04090755805373,-2.32248330116272,-0.7786865234375,0.04319414868951,-2.31872463226318,0.4523351448612,0.47562942424068,0.48572748210956
280.597,front_return,1,-0.73844546079636,0.05658899620175,-2.29296803474426,-0.78000658750534,0.04132896661758,-2.32179069519043,-0.7786865234375,0.04319414868951,-2.31872463226318,0.50464024876701,0.47523638101599,0.48572748210956
280.75,front_return,1,-0.72857999801636,0.07573558390141,-2.26886963844299,-0.77974337339401,0.04170062765479,-2.32117986679077,-0.7786865234375,0.04319414868951,-2.31872463226318,0.51381934746083,0.47371879231414,0.48572748210956
280.904,front_return,1,-0.79671972990036,-0.00872411765158,-2.36326789855957,-0.77492940425873,0.0435134023428,-2.3177707195282,-0.7786865234375,0.04319414868951,-2.31872463226318,0.57804800155896,0.4781031315722,0.48572748210956
281.068,front_return,1,-0.79375952482224,0.00835895445198,-2.37082958221436,-0.77100276947021,0.04499208927155,-2.31498980522156,-0.7786865234375,0.04319414868951,-2.31872463226318,0.50404295139407,0.48167918955403,0.48572748210956
281.221,front_return,1,-0.74439716339111,0.05147816613317,-2.31359577178955,-0.77334225177765,0.04389157891273,-2.31833434104919,-0.7786865234375,0.04319414868951,-2.31872463226318,0.45530628811637,0.47859243004861,0.48572748210956
281.376,front_return,1,-0.79450160264969,-0.00384876877069,-2.35350489616394,-0.76941299438477,0.04541500285268,-2.3152163028717,-0.7786865234375,0.04319414868951,-2.31872463226318,0.59121137789687,0.48236137779386,0.48572748210956
281.528,front_return,1,-0.79297566413879,-0.00735220173374,-2.36001420021057,-0.77285206317902,0.04100716114044,-2.32184386253357,-0.7786865234375,0.04319414868951,-2.31872463226318,0.57618346850458,0.48508403843771,0.48572748210956
281.681,front_return,1,-0.81379920244217,-0.0486246086657,-2.41484832763672,-0.77556753158569,0.03560826554894,-2.32600831985474,-0.7786865234375,0.04319414868951,-2.31872463226318,0.61559779443347,0.49558565393513,0.48572748210956
281.834,front_return,1,-0.78916424512863,0.03332897648215,-2.34298324584961,-0.77778255939484,0.03120436705649,-2.32940554618835,-0.7786865234375,0.04319414868951,-2.31872463226318,0.4690121559744,0.50415190117933,0.48572748210956
282.001,front_return,1,-0.78157442808151,0.042854052037,-2.33046698570251,-0.7799254655838,0.02775515243411,-2.33159375190735,-0.7786865234375,0.04319414868951,-2.31872463226318,0.46788923208452,0.52930915472099,0.59121144434022
282.153,front_return,1,-0.77635926008224,0.05083763599396,-2.31951260566711,-0.78151255846024,0.02520068734884,-2.33321404457092,-0.7786865234375,0.04319414868951,-2.31872463226318,0.47295399502415,0.546754124046,0.59121144434022
282.32,front_return,1,-0.78442996740341,0.03725623711944,-2.3368980884552,-0.78128659725189,0.02663936652243,-2.33205533027649,-0.7786865234375,0.04319414868951,-2.31872463226318,0.46449633636873,0.54044738619148,0.59121144434022
282.473,front_return,1,-0.78500026464462,0.03232841566205,-2.3276309967041,-0.7808073759079,0.02969034202397,-2.32959818840027,-0.7786865234375,0.04319414868951,-2.31872463226318,0.4936755286146,0.53525831294159,0.59121144434022
282.625,front_return,1,-0.80337733030319,-0.03096272982657,-2.38692140579224,-0.78041654825211,0.03217903524637,-2.3275945186615,-0.7786865234375,0.04319414868951,-2.31872463226318,0.59056131272997,0.51746834295956,0.46788928556565
282.779,front_return,1,-0.78903836011887,0.00703263515607,-2.34156584739685,-0.7800977230072,0.03420907258987,-2.32596015930176,-0.7786865234375,0.04319414868951,-2.31872463226318,0.58144605651918,0.50349686528764,0.46788928556565
282.945,front_return,1,-0.79229897260666,-0.00178779789712,-2.3540506362915,-0.7798165678978,0.03599945828319,-2.32451820373535,-0.7786865234375,0.04319414868951,-2.31872463226318,0.6070629035067,0.4996020709746,0.46788928556565
283.097,front_return,1,-0.73850435018539,0.06657363474369,-2.29878520965576,-0.78071546554565,0.03340832144022,-2.32594394683838,-0.7786865234375,0.04319414868951,-2.31872463226318,0.46541330383001,0.50619738296156,0.46788928556565
283.25,front_return,1,-0.78799223899841,0.03422610089183,-2.33777499198914,-0.78159588575363,0.03087039105594,-2.3273401260376,-0.7786865234375,0.04319414868951,-2.31872463226318,0.46240898397799,0.51265728501022,0.46788928556565
283.417,front_return,1,-0.73955345153809,0.0609387345612,-2.30261421203613,-0.78373974561691,0.0240183211863,-2.33142304420471,-0.78903836011887,0.00703263515607,-2.34156584739685,0.45892153452862,0.5323848138285,0.58144603944624
283.57,front_return,1,-0.77944546937943,0.04074160754681,-2.31738376617432,-0.78412944078445,0.0227691270411,-2.33216857910156,-0.78903836011887,0.00703263515607,-2.34156584739685,0.47523096912885,0.52776331886611,0.58144603944624
283.737,front_return,1,-0.79060739278793,0.00361014460213,-2.34551501274109,-0.78391706943512,0.02381693013012,-2.3310399055481,-0.78903836011887,0.00703263515607,-2.34156584739685,0.57454038507373,0.5252787364376,0.58144603944624
283.903,front_return,1,-0.77795028686523,0.04337489232421,-2.31454396247864,-0.78374707698822,0.02465594932437,-2.33013606071472,-0.78903836011887,0.00703263515607,-2.34156584739685,0.47913523471149,0.51104325815103,0.47523096912885
284.069,front_return,1,-0.7562775015831,-0.01694666221738,-2.36039710044861,-0.78292787075043,0.02773130498827,-2.32768416404724,-0.77944546937943,0.04074160754681,-2.31738376617432,0.50053357128337,0.50095131917092,0.47523099562869
284.221,front_return,1,-0.73643904924393,0.07152166962624,-2.28964304924011,-0.78228604793549,0.03012904897332,-2.32578563690186,-0.77944546937943,0.04074160754681,-2.31738376617432,0.45275668254999,0.49370312915312,0.47523099562869
284.376,front_return,1,-0.78992968797684,0.00388824567199,-2.34264636039734,-0.78172010183334,0.0322437286377,-2.32411074638367,-0.77944546937943,0.04074160754681,-2.31738376617432,0.58641046819334,0.48810469371247,0.47523099562869
284.541,front_return,1,-0.7422833442688,0.05510510876775,-2.30608677864075,-0.78258216381073,0.02954772859812,-2.32609987258911,-0.77944546937943,0.04074160754681,-2.31738376617432,0.45056564081754,0.49713146615913,0.47523099562869
284.695,front_return,1,-0.78781646490097,0.02971868403256,-2.3422110080719,-0.78195714950562,0.03177824243903,-2.32436275482178,-0.77944546937943,0.04074160754681,-2.31738376617432,0.45681772728365,0.49094443012594,0.47523099562869
284.86,front_return,1,-0.78327625989914,0.03421387448907,-2.32606315612793,-0.78177225589752,0.03243744373322,-2.32384943962097,-0.77944546937943,0.04074160754681,-2.31738376617432,0.47301525370792,0.48593520818767,0.47523099562869
285.015,front_return,1,-0.79809182882309,-0.01385971531272,-2.36719441413879,-0.7813087105751,0.03409214690328,-2.32256150245667,-0.77944546937943,0.04074160754681,-2.31738376617432,0.6019413832622,0.48243496293064,0.47523099562869
285.181,front_return,1,-0.77179020643234,0.0728961750865,-2.30231237411499,-0.78170830011368,0.03424281254411,-2.32380247116089,-0.77944546937943,0.04074160754681,-2.31738376617432,0.46776680005411,0.47871431419447,0.47523099562869
285.333,front_return,1,-0.80972719192505,-0.0425775013864,-2.40536904335022,-0.78132569789886,0.03534143418074,-2.3227174282074,-0.77944546937943,0.04074160754681,-2.31738376617432,0.59484518225483,0.47790889593423,0.47523099562869
285.501,front_return,1,-0.78517889976501,0.03058087639511,-2.33092784881592,-0.78177380561829,0.03526801988482,-2.32408928871155,-0.77944546937943,0.04074160754681,-2.31738376617432,0.47568716563189,0.47488220537689,0.47523099562869
285.652,front_return,1,-0.78791385889053,0.0336806923151,-2.34424757957459,-0.78138017654419,0.03619333356619,-2.32295560836792,-0.77944546937943,0.04074160754681,-2.31738376617432,0.46696490190912,0.47490558541336,0.47523099562869
285.82,front_return,1,-0.77716130018234,0.05256048962474,-2.31847214698792,-0.7820947766304,0.03622553870082,-2.32534289360046,-0.77944546937943,0.04074160754681,-2.31738376617432,0.45747774380212,0.47387343127015,0.47523099562869
285.972,front_return,1,-0.78662133216858,0.03728960826993,-2.34024047851563,-0.78164702653885,0.03698897734284,-2.32399797439575,-0.77944546937943,0.04074160754681,-2.31738376617432,0.45924143669742,0.47396436024578,0.47523099562869
286.125,front_return,1,-0.79193782806396,0.02724235318601,-2.3478672504425,-0.78147101402283,0.03728901594877,-2.3234691619873,-0.77944546937943,0.04074160754681,-2.31738376617432,0.46998421076455,0.47223238852924,0.47523099562869
286.292,front_return,1,-0.78841084241867,0.03432081267238,-2.33965611457825,-0.78130906820297,0.03756506741047,-2.32298254966736,-0.77944546937943,0.04074160754681,-2.31738376617432,0.46673302009847,0.47084521932402,0.47523099562869
286.445,front_return,1,-0.79173797369003,0.02690816484392,-2.35103344917297,-0.78117203712463,0.03779868036509,-2.32257056236267,-0.77944546937943,0.04074160754681,-2.31738376617432,0.45873043539548,0.4711676060945,0.47523099562869
286.597,front_return,1,-0.80226254463196,-0.02159697003663,-2.37819647789001,-0.78105622529984,0.03799611702561,-2.32222318649292,-0.77944546937943,0.04074160754681,-2.31738376617432,0.59067334615336,0.47144006487047,0.47523099562869
286.749,front_return,1,-0.76101475954056,-0.01453588251024,-2.36174488067627,-0.78219330310822,0.03695259615779,-2.32483053207397,-0.77944546937943,0.04074160754681,-2.31738376617432,0.5205090374893,0.47171876263077,0.47523099562869
286.904,front_return,1,-0.79042786359787,0.03420340642333,-2.34139895439148,-0.78319609165192,0.03603225946426,-2.32712984085083,-0.77944546937943,0.04074160754681,-2.31738376617432,0.46657460268094,0.47199929971187,0.47523099562869
287.07,front_return,1,-0.73659539222717,0.015316109173,-2.31938934326172,-0.78397417068481,0.03525383770466,-2.32936406135559,-0.77944546937943,0.04074160754681,-2.31738376617432,0.4823436220161,0.47059523356836,0.47523099562869
287.223,front_return,1,-0.78219586610794,0.04102479293942,-2.31934762001038,-0.7845504283905,0.03467734530568,-2.33101844787598,-0.77944546937943,0.04074160754681,-2.31738376617432,0.4763389813932,0.46955565440899,0.47523099562869
287.389,front_return,1,-0.78383111953735,0.04389356449246,-2.32853889465332,-0.78414219617844,0.03516221791506,-2.32992815971375,-0.77944546937943,0.04074160754681,-2.31738376617432,0.45894405923298,0.47000942802393,0.47523099562869
287.542,front_return,1,-0.79165822267532,0.02898082137108,-2.35060977935791,-0.78327661752701,0.03619047254324,-2.32761669158936,-0.77944546937943,0.04074160754681,-2.31738376617432,0.46208170122312,0.47143390658567,0.47523099562869
287.709,front_return,1,-0.79276961088181,0.02623806707561,-2.35407137870789,-0.78251314163208,0.03709733486176,-2.32557725906372,-0.77944546937943,0.04074160754681,-2.31738376617432,0.46182852208369,0.4701690470626,0.47523099562869
287.861,front_return,1,-0.73585730791092,0.06355238705873,-2.28256058692932,-0.78199458122253,0.03771339729428,-2.32419228553772,-0.77944546937943,0.04074160754681,-2.31738376617432,0.50943271484726,0.46930980153023,0.47523099562869
288.026,front_return,1,-0.78627157211304,0.03177749738097,-2.32524585723877,-0.78148657083511,0.03831681236625,-2.32283568382263,-0.77944546937943,0.04074160754681,-2.31738376617432,0.48579136493959,0.46846823329034,0.47523099562869
288.182,front_return,1,-0.73563808202744,0.06361772865057,-2.28095984458923,-0.78107970952988,0.03879998624325,-2.32174921035767,-0.77944546937943,0.04074160754681,-2.31738376617432,0.49906229301231,0.46779430925888,0.47523099562869
288.348,front_return,1,-0.77845424413681,0.05665120482445,-2.31059050559998,-0.78075402975082,0.03918687999249,-2.3208794593811,-0.77944546937943,0.04074160754681,-2.31738376617432,0.47753218237154,0.47058678307731,0.47523099562869
288.515,front_return,1,-0.76335692405701,0.09205494076014,-2.28012347221375,-0.78045099973679,0.03981941193342,-2.319993019104,-0.77944546937943,0.04074160754681,-2.31738376617432,0.45730391662823,0.47226024474657,0.47523099562869
288.667,front_return,1,-0.74539297819138,0.05359018966556,-2.31321215629578,-0.77523732185364,0.04261520504951,-2.31533074378967,-0.77944546937943,0.04074160754681,-2.31738376617432,0.45818318040426,0.47554307949392,0.47523099562869
288.834,front_return,1,-0.80171400308609,-0.0156821962446,-2.36940598487854,-0.77607583999634,0.04224186763167,-2.31574010848999,-0.77944546937943,0.04074160754681,-2.31738376617432,0.5838469895833,0.475518100936,0.47523099562869
289.001,front_return,1,-0.79197603464127,0.02189189754426,-2.34012579917908,-0.77674734592438,0.04194292798638,-2.31606721878052,-0.77944546937943,0.04074160754681,-2.31738376617432,0.4895771871022,0.47549498816812,0.47523099562869
289.153,front_return,1,-0.79750865697861,-0.00796152744442,-2.35674929618835,-0.77724462747574,0.04172152280807,-2.31630992889404,-0.77944546937943,0.04074160754681,-2.31738376617432,0.56614532222726,0.47547542229412,0.47523099562869
289.321,front_return,1,-0.78876787424088,0.02867362461984,-2.33270835876465,-0.77923840284348,0.03918689489365,-2.3193461894989,-0.77944546937943,0.04074160754681,-2.31738376617432,0.48564168073238,0.47720718941453,0.47523099562869
289.486,front_return,1,-0.78786104917526,0.0319177210331,-2.34308362007141,-0.78071486949921,0.03730975836515,-2.32159495353699,-0.77944546937943,0.04074160754681,-2.31738376617432,0.45941355621149,0.47848957836143,0.47523099562869
289.654,front_return,1,-0.79071187973022,0.0142615949735,-2.33309626579285,-0.7821130156517,0.03553216159344,-2.32372450828552,-0.77944546937943,0.04074160754681,-2.31738376617432,0.49036882445534,0.47970379813128,0.47523099562869
289.806,front_return,1,-0.74247461557388,0.05887297168374,-2.3060941696167,-0.78305971622467,0.03432857617736,-2.32516670227051,-0.77944546937943,0.04074160754681,-2.31738376617432,0.46240810436346,0.4805262207904,0.47523099562869
289.972,front_return,1,-0.80513066053391,0.00784715544432,-2.37373900413513,-0.78279387950897,0.03480022028089,-2.32459425926209,-0.77944546937943,0.04074160754681,-2.31738376617432,0.48324406642029,0.48037124718324,0.47523099562869
290.14,front_return,1,-0.78694081306458,0.0140684582293,-2.33030438423157,-0.78250479698181,0.03531309962273,-2.32397174835205,-0.77944546937943,0.04074160754681,-2.31738376617432,0.57324677724905,0.48044760182531,0.47523099562869
290.292,front_return,1,-0.79795670509338,0.01278142631054,-2.35005927085876,-0.78323411941528,0.03327403962612,-2.32456135749817,-0.77944546937943,0.04074160754681,-2.31738376617432,0.49217028548135,0.48122343375241,0.47523099562869
290.459,front_return,1,-0.77998685836792,0.05663549527526,-2.31367588043213,-0.7838773727417,0.03147571161389,-2.32508134841919,-0.77944546937943,0.04074160754681,-2.31738376617432,0.45742880257889,0.48190772293248,0.47523099562869
290.612,front_return,1,-0.79274368286133,0.0309221688658,-2.34570097923279,-0.78518545627594,0.02997398003936,-2.3274130821228,-0.77944546937943,0.04074160754681,-2.31738376617432,0.46252448458102,0.4826216412143,0.47523099562869
290.779,front_return,1,-0.74286216497421,0.05850749090314,-2.30665373802185,-0.78498178720474,0.03085146844387,-2.327223777771,-0.77944546937943,0.04074160754681,-2.31738376617432,0.46257966255449,0.4795719669336,0.47523099562869
290.931,front_return,1,-0.79615467786789,0.01891297847033,-2.35971903800964,-0.78491801023483,0.0315684825182,-2.32731294631958,-0.77944546937943,0.04074160754681,-2.31738376617432,0.46226658749972,0.47731331601554,0.47523099562869
291.098,front_return,1,-0.78997868299484,0.03031263500452,-2.34638142585754,-0.78482502698898,0.03226110711694,-2.32732462882996,-0.77944546937943,0.04074160754681,-2.31738376617432,0.45889535818113,0.47532109845964,0.47523099562869
291.251,front_return,1,-0.79099488258362,0.02947995625436,-2.34933972358704,-0.78460413217545,0.03281144052744,-2.32722854614258,-0.77944546937943,0.04074160754681,-2.31738376617432,0.44402502378703,0.47342929322959,0.47523099562869
291.417,front_return,1,-0.77616316080093,0.04471988976002,-2.30863881111145,-0.78449082374573,0.03329517319798,-2.32749080657959,-0.77944546937943,0.04074160754681,-2.31738376617432,0.46991746284443,0.47176120008567,0.47523099562869
291.57,front_return,1,-0.78176283836365,0.0414584428072,-2.31543612480164,-0.78436803817749,0.03369977325201,-2.32758927345276,-0.77944546937943,0.04074160754681,-2.31738376617432,0.47725514747565,0.47052557921618,0.47523099562869
291.736,front_return,1,-0.79147690534592,0.00692182173952,-2.3403582572937,-0.78425931930542,0.03405766189098,-2.32767629623413,-0.77944546937943,0.04074160754681,-2.31738376617432,0.55770914205807,0.46951748186324,0.47523099562869
291.89,front_return,1,-0.79448729753494,0.02594902180135,-2.34800839424133,-0.78412985801697,0.03441904857755,-2.32767915725708,-0.77944546937943,0.04074160754681,-2.31738376617432,0.46621615803097,0.46862830461166,0.47523099562869
292.056,front_return,1,-0.74401706457138,0.05688124895096,-2.30778884887695,-0.7850633263588,0.03384304791689,-2.32942867279053,-0.77944546937943,0.04074160754681,-2.31738376617432,0.45914424801934,0.46915610062941,0.47523099562869
292.209,front_return,1,-0.80471485853195,-0.02887466549873,-2.38295364379883,-0.78402787446976,0.03511442616582,-2.32720875740051,-0.77944546937943,0.04074160754681,-2.31738376617432,0.59437144960451,0.47108555601863,0.47523099562869
292.377,front_return,1,-0.78513318300247,0.03493504598737,-2.32352876663208,-0.78498142957687,0.03439985960722,-2.32905173301697,-0.77944546937943,0.04074160754681,-2.31738376617432,0.47829016987594,0.47141687380933,0.47523099562869
292.543,front_return,1,-0.79295682907104,0.03004839085042,-2.34776520729065,-0.78574502468109,0.03382768109441,-2.33052730560303,-0.77944546937943,0.04074160754681,-2.31738376617432,0.4692752817984,0.47137486220881,0.47523099562869
292.695,front_return,1,-0.77722996473312,0.06161616742611,-2.3086404800415,-0.78536802530289,0.03428851813078,-2.32976531982422,-0.77944546937943,0.04074160754681,-2.31738376617432,0.46069995692645,0.47165811842177,0.47523099562869
292.848,front_return,1,-0.77882593870163,-0.048883151263,-2.40195918083191,-0.7842766046524,0.03547779843211,-2.32748317718506,-0.77944546937943,0.04074160754681,-2.31738376617432,0.50501609507265,0.47299334118405,0.47523099562869
293.013,front_return,1,-0.78470462560654,0.0443560667336,-2.32591152191162,-0.78493714332581,0.03522048890591,-2.32910871505737,-0.77944546937943,0.04074160754681,-2.31738376617432,0.47794715101592,0.47315770977599,0.47523099562869
293.166,front_return,1,-0.78652971982956,0.03004741109908,-2.32584929466248,-0.78392505645752,0.03623801097274,-2.32694792747498,-0.77944546937943,0.04074160754681,-2.31738376617432,0.48763879812508,0.47348015593561,0.47523099562869
293.473,front_return,1,-0.75391125679016,0.03092177771032,-2.33668160438538,-0.78242623806,0.03774502873421,-2.32374668121338,-0.77944546937943,0.04074160754681,-2.31738376617432,0.46136787864304,0.47665200228558,0.47523099562869
293.64,front_return,1,-0.78462225198746,0.03760447353125,-2.32954859733582,-0.78242623806,0.03774502873421,-2.32374668121338,-0.77944546937943,0.04074160754681,-2.31738376617432,0.46043099642688,0.47665200228558,0.47523099562869
293.792,front_return,1,-0.78061121702194,0.04144499078393,-2.32654905319214,-0.78242623806,0.03774502873421,-2.32374668121338,-0.77944546937943,0.04074160754681,-2.31738376617432,0.46263574681737,0.47665200228558,0.47523099562869
