sample_id,logger_ms,recording_ms,test_type,phase_label,camera_x,camera_y,camera_z,camera_qx,camera_qy,camera_qz,camera_qw,common_x,common_y,common_z,common_qx,common_qy,common_qz,common_qw,chest_x,chest_y,chest_z,chest_qx,chest_qy,chest_qz,chest_qw,navel_x,navel_y,navel_z,navel_qx,navel_qy,navel_qz,navel_qw
0,112112,120,viewpoint,front,0.182725310,1.415765524,-0.553411722,-0.107248023,0.229435548,0.081162982,0.963986397,,,,,,,,,,,,,,,,,,,,,
1,112265,273,viewpoint,front,0.182270408,1.415339470,-0.554309130,-0.108169630,0.231424809,0.081049129,0.963417351,,,,,,,,,,,,,,,,,,,,,
2,112416,424,viewpoint,front,0.180977583,1.415329337,-0.555088401,-0.108092487,0.236192226,0.081368156,0.962241352,,,,,,,,,,,,,,,,,,,,,
3,112556,564,viewpoint,front,0.180661201,1.415448785,-0.556004763,-0.108401828,0.236972690,0.081354462,0.962015808,,,,,,,,,,,,,,,,,,,,,
4,112696,704,viewpoint,front,0.180873871,1.415680408,-0.556154728,-0.108340800,0.237047344,0.080998607,0.962034345,,,,,,,,,,,,,,,,,,,,,
5,112849,857,viewpoint,front,0.181309342,1.415934443,-0.555827975,-0.108414270,0.235431105,0.080049202,0.962502301,,,,,,,,,,,,,,,,,,,,,
6,113023,1031,viewpoint,front,0.181618929,1.416250825,-0.554573178,-0.108121932,0.235286936,0.079579182,0.962609410,,,,,,,,,,,,,,,,,,,,,
7,113191,1199,viewpoint,front,0.182318926,1.416563153,-0.552091360,-0.108099177,0.234319180,0.078549467,0.962932527,,,,,,,,,,,,,,,,,,,,,
8,113387,1395,viewpoint,front,0.182873487,1.417095184,-0.548858166,-0.107236236,0.234182596,0.077520542,0.963145614,,,,,,,,,,,,,,,,,,,,,
9,113541,1549,viewpoint,front,0.183591127,1.417068958,-0.544794798,-0.108131342,0.232952520,0.075833030,0.963478148,,,,,,,,,,,,,,,,,,,,,
10,113707,1715,viewpoint,front,0.183609486,1.417399645,-0.541404247,-0.107306451,0.233155996,0.075233243,0.963568151,,,,,,,,,,,,,,,,,,,,,
11,113874,1882,viewpoint,front,0.183631182,1.417515516,-0.537573099,-0.107007079,0.233457491,0.076450668,0.963432610,,,,,,,,,,,,,,,,,,,,,
12,114027,2035,viewpoint,front,0.183495641,1.418069363,-0.533478260,-0.104461819,0.237643823,0.077003747,0.962644041,,,,,,,,,,,,,,,,,,,,,
13,114184,2192,viewpoint,front,0.182128906,1.418307543,-0.529918075,-0.102474414,0.245868072,0.077715263,0.960733175,,,,,,,,,,,,,,,,,,,,,
14,114332,2340,viewpoint,front,0.179804683,1.418597341,-0.525703311,-0.099781923,0.257118672,0.079448268,0.957925618,,,,,,,,,,,,,,,,,,,,,
15,114486,2494,viewpoint,front,0.177595377,1.419071198,-0.521139145,-0.094657563,0.269574493,0.081776299,0.954820514,,,,,,,,,,,,,,,,,,,,,
16,114637,2645,viewpoint,front,0.175852656,1.419409037,-0.517633200,-0.091067992,0.281392932,0.083877511,0.951572001,,,,,,,,,,,,,,,,,,,,,
17,114789,2797,viewpoint,front,0.175391912,1.419695616,-0.516403675,-0.088924676,0.287397087,0.084573083,0.949917197,,,,,,,,,,,,,,,,,,,,,
18,114957,2965,viewpoint,front,0.175433874,1.420015454,-0.515926242,-0.087692812,0.288743377,0.085001819,0.949585140,,,,,,,,,,,,,,,,,,,,,
19,115125,3133,viewpoint,front,0.175478339,1.420214891,-0.515490532,-0.086530603,0.288289636,0.086361960,0.949706852,,,,,,,,,,,,,,,,,,,,,
20,115276,3284,viewpoint,front,0.175536752,1.420302510,-0.515478730,-0.085629001,0.288043439,0.086754568,0.949827552,,,,,,,,,,,,,,,,,,,,,
21,115429,3437,viewpoint,front,0.175902367,1.420597911,-0.515173554,-0.084621087,0.288900584,0.086775422,0.949655592,,,,,,,,,,,,,,,,,,,,,
22,115581,3589,viewpoint,front,0.176279306,1.420576334,-0.514853597,-0.084437966,0.288632810,0.086374834,0.949789822,,,,,,,,,,,,,,,,,,,,,
23,115721,3729,viewpoint,front,0.176649332,1.420518160,-0.514043689,-0.084614471,0.287179977,0.086006179,0.950247884,,,,,,,,,,,,,,,,,,,,,
24,115864,3872,viewpoint,front,0.177928090,1.420408964,-0.513598204,-0.084801234,0.284414560,0.085110746,0.951143146,,,,,,,,,,,,,,,,,,,,,
25,116010,4018,viewpoint,front,0.179169655,1.420215845,-0.512558103,-0.084910281,0.282510757,0.083947711,0.951803923,,,,,,,,,,,,,,,,,,,,,
26,116156,4164,viewpoint,front,0.180267096,1.419974089,-0.511617184,-0.085021436,0.280964017,0.083221272,0.952315509,,,,,,,,,,,,,,,,,,,,,
27,116291,4299,viewpoint,front,0.180912495,1.420000672,-0.510373950,-0.084515624,0.280833900,0.083201461,0.952400625,,,,,,,,,,,,,,,,,,,,,
28,116444,4452,viewpoint,front,0.181477785,1.420334101,-0.509514689,-0.083469987,0.280513048,0.083027616,0.952602565,,,,,,,,,,,,,,,,,,,,,
29,116612,4620,viewpoint,front,0.181442261,1.420432091,-0.509055257,-0.083243258,0.280847043,0.083310015,0.952499330,,,,,,,,,,,,,,,,,,,,,
30,116753,4761,viewpoint,front,0.181566715,1.420509458,-0.508564353,-0.083206959,0.279920489,0.083169930,0.952787459,,,,,,,,,,,,,,,,,,,,,
31,116913,4921,viewpoint,front,0.181618214,1.420511842,-0.507452607,-0.082863182,0.278654963,0.083809890,0.953132212,,,,,,,,,,,,,,,,,,,,,
32,117053,5061,viewpoint,front,0.181482792,1.420573235,-0.505730033,-0.082327090,0.278292894,0.085033827,0.953176081,,,,,,,,,,,,,,,,,,,,,
33,117207,5215,viewpoint,front,0.180863380,1.420586228,-0.503917217,-0.081481948,0.279120266,0.086371869,0.952886403,,,,,,,,,,,,,,,,,,,,,
34,117359,5367,viewpoint,front,0.180335999,1.420422077,-0.502356887,-0.081290416,0.280258417,0.087336145,0.952480674,,,,,,,,,,,,,,,,,,,,,
35,117511,5519,viewpoint,front,0.180250287,1.420972347,-0.500396490,-0.078822926,0.281290144,0.085444845,0.952555478,,,,,,,,,,,,,,,,,,,,,
36,117666,5674,viewpoint,front,0.180755615,1.421218991,-0.498704195,-0.077645823,0.282632947,0.084348202,0.952352405,,,,,,,,,,,,,,,,,,,,,
37,117818,5826,viewpoint,front,0.181463718,1.421128392,-0.497415781,-0.077736259,0.281056106,0.084834583,0.952768445,,,,,,,,,,,,,,,,,,,,,
38,117957,5965,viewpoint,front,0.182088971,1.420963049,-0.497044325,-0.077217452,0.281821221,0.085083082,0.952562392,,,,,,,,,,,,,,,,,,,,,
39,118108,6116,viewpoint,front,0.182990074,1.420565963,-0.497423291,-0.077709302,0.281890184,0.085789204,0.952438653,,,,,,,,,,,,,,,,,,,,,
40,118276,6284,viewpoint,front,0.184261560,1.420435190,-0.498561978,-0.077474900,0.281441480,0.085508198,0.952615738,,,,,,,,,,,,,,,,,,,,,
41,118429,6437,viewpoint,front,0.185480833,1.420454502,-0.500581622,-0.078023486,0.280227125,0.084854238,0.952987373,,,,,,,,,,,,,,,,,,,,,
42,118596,6604,viewpoint,front,0.186154604,1.420362711,-0.501877666,-0.078930430,0.278869629,0.083705150,0.953412354,,,,,,,,,,,,,,,,,,,,,
43,118767,6775,viewpoint,front,0.186312675,1.420617104,-0.501996636,-0.078380316,0.278645486,0.082685411,0.953612268,,,,,,,,,,,,,,,,,,,,,
44,118921,6929,viewpoint,front,0.185940742,1.421119213,-0.501544595,-0.077178530,0.278388709,0.082053997,0.953839779,,,,,,,,,,,,,,,,,,,,,
45,119082,7090,viewpoint,front,0.185757995,1.421464682,-0.500998378,-0.076425157,0.278306574,0.081619196,0.953961730,,,,,,,,,,,,,,,,,,,,,
46,119318,7326,viewpoint,front,0.185268641,1.421670079,-0.500612378,-0.076295622,0.277568251,0.081574000,0.954191029,,,,,,,,,,,,,,,,,,,,,
47,119401,7409,viewpoint,front,0.185009718,1.421535730,-0.500294089,-0.076383688,0.277159721,0.081613503,0.954299331,,,,,,,,,,,,,,,,,,,,,
48,119556,7564,viewpoint,front,0.184729815,1.420979857,-0.499681354,-0.077038646,0.276386887,0.082041427,0.954434156,,,,,,,,,,,,,,,,,,,,,
49,119710,7718,viewpoint,front,0.184852481,1.420295596,-0.499376774,-0.078262694,0.275366455,0.082797997,0.954564154,,,,,,,,,,,,,,,,,,,,,
50,119862,7870,viewpoint,front,0.185289383,1.419504046,-0.499312520,-0.079125457,0.274200112,0.083716534,0.954748690,,,,,,,,,,,,,,,,,,,,,
51,120013,8021,viewpoint,front,0.185359716,1.418707371,-0.499857426,-0.081337325,0.273306221,0.084877767,0.954716563,,,,,,,,,,,,,,,,,,,,,
52,120153,8161,viewpoint,front,0.185091019,1.417253017,-0.501820922,-0.085618220,0.272560179,0.085506618,0.954499424,,,,,,,,,,,,,,,,,,,,,
53,120294,8302,viewpoint,front,0.185424328,1.414983988,-0.506380200,-0.093751490,0.265357912,0.084788442,0.955827773,,,,,,,,,,,,,,,,,,,,,
54,120432,8440,viewpoint,front,0.189105034,1.407213092,-0.520454884,-0.117909282,0.240058199,0.079493977,0.960286498,,,,,,,,,,,,,,,,,,,,,
55,120544,8552,viewpoint,front,0.194279671,1.391207099,-0.548696280,-0.164628610,0.205415353,0.077454038,0.961614668,,,,,,,,,,,,,,,,,,,,,
56,120683,8691,viewpoint,front,0.200417161,1.376958251,-0.574512720,-0.204884455,0.177907377,0.076363355,0.959447742,,,,,,,,,,,,,,,,,,,,,
57,120807,8815,viewpoint,front,0.209591150,1.362092853,-0.602476239,-0.248259291,0.141689032,0.079252802,0.954992414,-0.070409857,-0.847683370,-1.033817649,0.802199841,0.042950269,-0.035502538,0.594449580,0.086893097,-0.891234398,-1.067860603,0.808687985,-0.056849245,-0.120960854,0.572852850,,,,,,,
58,120974,8982,viewpoint,front,0.215658426,1.357235670,-0.618360400,-0.262978017,0.121093586,0.081780687,0.953672290,-0.110801890,-0.815862000,-1.039425254,0.812773883,0.059265703,-0.046323631,0.577702701,0.043533035,-0.846670866,-1.067843199,0.816193461,-0.042826440,-0.145161644,0.557604074,,,,,,,
59,121141,9149,viewpoint,front,0.216194153,1.362270951,-0.630371809,-0.257814467,0.115038365,0.080516264,0.955936730,-0.124468811,-0.842362285,-1.031638265,0.814001441,0.062122721,-0.060746439,0.574327648,0.030940413,-0.870827317,-1.058493018,0.810899317,-0.037768725,-0.146088526,0.565397203,,,,,,,
60,121294,9302,viewpoint,front,0.208749056,1.367843390,-0.640540838,-0.251281649,0.104885854,0.078256562,0.959026814,-0.133404925,-0.874985039,-1.014436603,0.814289570,0.071500495,-0.061635535,0.572731316,0.022224296,-0.899434268,-1.040986300,0.804572105,-0.027551828,-0.144993916,0.575222909,,,,,,,
61,121472,9480,viewpoint,front,0.196868181,1.375172615,-0.649654627,-0.242603734,0.098991632,0.081514873,0.961612940,-0.141900763,-0.892327309,-0.985085130,0.796364307,0.075355135,-0.072777219,0.595675230,0.013195924,-0.931157708,-1.027311325,0.800176859,-0.023643926,-0.152780578,0.579496384,,,,,,,
62,121636,9644,viewpoint,front,0.183558464,1.385222912,-0.654741883,-0.222978279,0.099785328,0.078732319,0.966501355,,,,,,,,,,,,,,,,,,,,,
63,121794,9802,viewpoint,front,0.173912406,1.393072248,-0.655311942,-0.204760000,0.102204591,0.076191917,0.970475316,,,,,,,,,,,,,,,,,,,,,
64,121945,9953,viewpoint,front,0.165418983,1.398952484,-0.653554440,-0.188196927,0.111413181,0.076508150,0.972787499,,,,,,,,,,,,,,,,,,,,,
65,122109,10117,viewpoint,front,0.159192085,1.403521895,-0.649821401,-0.175749928,0.119070537,0.077933721,0.974094748,,,,,,,,,,,,,,,,,,,,,
66,122252,10260,viewpoint,front,0.155645132,1.407793760,-0.645456195,-0.162994087,0.117869839,0.079370931,0.976340055,,,,,,,,,,,,,,,,,,,,,
67,122387,10395,viewpoint,front,0.155578375,1.410405159,-0.641066074,-0.154113770,0.112295382,0.078949891,0.978471041,,,,,,,,,,,,,,,,,,,,,
68,122540,10548,viewpoint,front,0.158145785,1.410560608,-0.638625383,-0.154660076,0.103764221,0.076466657,0.979523420,,,,,,,,,,,,,,,,,,,,,
69,122680,10688,viewpoint,front,0.162117243,1.408637881,-0.638522863,-0.161370635,0.097594485,0.075145252,0.979177237,,,,,,,,,,,,,,,,,,,,,
70,122816,10824,viewpoint,front,0.166134357,1.405978799,-0.640511274,-0.169412270,0.087539256,0.074320309,0.978832364,,,,,,,,,,,,,,,,,,,,,
71,122972,10980,viewpoint,front,0.168803453,1.402240872,-0.643673062,-0.181410283,0.081427746,0.074773215,0.977173865,,,,,,,,,,,,,,,,,,,,,
72,123111,11119,viewpoint,front,0.170384765,1.398410797,-0.646506548,-0.193428218,0.078764997,0.074323967,0.975119233,,,,,,,,,,,,,,,,,,,,,
73,123263,11271,viewpoint,front,0.171734452,1.394174933,-0.648896098,-0.207871929,0.076316446,0.075822137,0.972222209,,,,,,,,,,,,,,,,,,,,,
74,123417,11425,viewpoint,front,0.173003435,1.385579228,-0.653339744,-0.235008761,0.074849501,0.079381078,0.965850472,,,,,,,,0.000536706,-0.964995027,-1.022862077,0.789060652,-0.004890693,-0.161761746,0.592615068,,,,,,,
75,123582,11590,viewpoint,front,0.172886372,1.368705392,-0.662696600,-0.278460681,0.073095694,0.093764544,0.953060806,-0.172338709,-0.829099238,-1.024572253,0.812583387,0.090562858,-0.084973037,0.569461405,-0.019595841,-0.869123340,-1.080501318,0.816805780,-0.006314818,-0.172418103,0.550509393,,,,,,,
76,123735,11743,viewpoint,front,0.171071172,1.346876860,-0.673680305,-0.330266833,0.075749189,0.105669819,0.934890270,-0.177659839,-0.689647377,-1.088312149,0.849449098,0.085778087,-0.078732327,0.514664412,-0.025622185,-0.716810405,-1.134054184,0.847283900,-0.013284621,-0.187285215,0.496847898,-0.088413969,-0.795336843,-1.009822130,-0.024296539,0.879917860,-0.467827022,-0.079323106
77,123911,11919,viewpoint,front,0.170434833,1.335432768,-0.683722138,-0.353446573,0.073248550,0.122088253,0.924556434,-0.205808416,-0.626822412,-1.110892057,0.869934201,0.075790219,-0.081863016,0.480383962,-0.054239322,-0.654559016,-1.157191515,0.859803617,-0.014748864,-0.189188838,0.474054635,-0.119342603,-0.741428971,-1.040674448,-0.010694068,0.906842053,-0.409186214,-0.100448079
78,124095,12103,viewpoint,front,0.168408394,1.320365548,-0.694175243,-0.381533235,0.082364120,0.138340756,0.910225451,-0.210475966,-0.545911610,-1.126235366,0.878878474,0.062513150,-0.085656367,0.465110481,-0.060243912,-0.576955676,-1.173930645,0.874319553,-0.031493068,-0.206588477,0.438057959,-0.129623175,-0.667886376,-1.063434601,0.004703827,0.917116046,-0.385857195,-0.099951185
79,124302,12310,viewpoint,front,0.165223122,1.310468435,-0.704269052,-0.395496249,0.090741634,0.144533053,0.902473748,-0.201442972,-0.518787026,-1.145870566,0.901106477,0.048610132,-0.087842435,0.421815038,-0.048173871,-0.547225416,-1.185670733,0.887146056,-0.035047006,-0.196781456,0.415957570,-0.120445356,-0.638764262,-1.074141145,0.011841285,0.928234100,-0.357946545,-0.100576051
80,124496,12504,viewpoint,front,0.159281254,1.300645828,-0.715188980,-0.405546576,0.099922039,0.136315688,0.898312628,-0.161135793,-0.501135468,-1.138227105,0.901354373,0.046735391,-0.070012957,0.424822718,-0.008191843,-0.525926948,-1.169785261,0.888225377,-0.036902212,-0.193057105,0.415238380,-0.081922464,-0.623676836,-1.070344448,0.017198870,0.932947397,-0.345056385,-0.101239331
81,124678,12686,viewpoint,front,0.155065060,1.296361804,-0.726229191,-0.398880213,0.082198873,0.103381105,0.907441616,-0.131395057,-0.534300864,-1.112218618,0.890507579,0.081953943,-0.058454249,0.443692327,0.022003599,-0.552193880,-1.150864124,0.885717452,-0.006896850,-0.174677640,0.430052012,-0.043769270,-0.653211951,-1.048178673,-0.017845809,0.926272273,-0.369753420,-0.070594631
82,124875,12883,viewpoint,front,0.153422236,1.292280436,-0.734087348,-0.393485278,0.078021161,0.076642223,0.912802279,-0.088688627,-0.562726498,-1.089317322,0.883190453,0.106487483,-0.037358459,0.455235541,0.066733696,-0.577395320,-1.134589791,0.884028018,0.013524021,-0.162188366,0.438185513,0.004837409,-0.677286088,-1.026162863,-0.043760810,0.926103652,-0.370791227,-0.054138359
83,125083,13091,viewpoint,front,0.150661826,1.286104083,-0.739535809,-0.400561213,0.077594064,0.072349600,0.910107374,-0.077976197,-0.546976805,-1.089952111,0.884696662,0.109341145,-0.037858102,0.451578468,0.076886505,-0.554974854,-1.125177860,0.884655356,0.016334455,-0.157701984,0.438461155,0.015895143,-0.661551476,-1.027614236,-0.045102712,0.930605710,-0.357706249,-0.063127168
84,125279,13287,viewpoint,front,0.149264812,1.275757790,-0.746726394,-0.409853935,0.078952193,0.083786361,0.904856980,-0.091681682,-0.524364591,-1.095764995,0.894178808,0.101188160,-0.041603681,0.434136271,0.063982174,-0.534674168,-1.130680799,0.889661849,0.014784078,-0.154836208,0.429312229,0.000888638,-0.638751626,-1.028980136,-0.039540961,0.930070698,-0.361127526,-0.054698236
85,125473,13481,viewpoint,front,0.160022020,1.259830117,-0.747950554,-0.407325655,0.111130185,0.084712811,0.902529597,-0.055640548,-0.517257810,-1.084386706,0.896735668,0.075715810,-0.025082221,0.435319662,0.101485372,-0.533845305,-1.113966227,0.896025240,-0.016143659,-0.145996571,0.419002622,0.028614253,-0.631002665,-1.007651567,-0.013846368,0.926959038,-0.373609006,-0.031169625
86,125664,13672,viewpoint,front,0.189968705,1.248068333,-0.728925347,-0.402433008,0.139973551,0.084147155,0.900763214,-0.036044247,-0.501567006,-1.086853862,0.894672036,0.053270601,-0.011423321,0.443388939,0.121689305,-0.521955550,-1.109971285,0.897120953,-0.037509572,-0.127504289,0.421319067,0.042523228,-0.619893372,-1.011809111,0.006165909,0.933418989,-0.358529031,-0.012162832
87,125847,13855,viewpoint,front,0.212008953,1.239050150,-0.704754472,-0.395946145,0.162851498,0.099277914,0.898248255,-0.036438424,-0.481671810,-1.098871946,0.894869089,0.024110371,-0.009891052,0.445567369,0.120881140,-0.508753777,-1.118100882,0.895403981,-0.063816264,-0.119896851,0.424032927,0.033213958,-0.599093914,-1.016034484,0.035319682,0.929890275,-0.365714580,-0.017592108
88,126025,14033,viewpoint,front,0.206369877,1.196479917,-0.721680164,-0.415587127,0.133130118,0.113647267,0.892551422,-0.096309394,-0.416703343,-1.073644638,0.902021945,0.036718331,-0.029405558,0.429119468,0.059635401,-0.442849398,-1.102605581,0.899593353,-0.048238147,-0.144819558,0.409184754,,,,,,,
89,126197,14205,viewpoint,front,0.180903435,1.110965729,-0.778250933,-0.433534354,0.097430333,0.103329144,0.889875472,,,,,,,,0.037192941,-0.385803223,-1.012847543,0.904322624,-0.010312256,-0.152954191,0.398370713,,,,,,,
90,126374,14382,viewpoint,front,0.159948349,1.006660581,-0.830784440,-0.472394764,0.090081215,0.113797240,0.869355381,-0.112828203,-0.276560724,-0.889776468,0.928642094,0.078456573,-0.055220481,0.358356118,0.041940235,-0.289385676,-0.921759367,0.919778049,-0.004283394,-0.159799069,0.358405232,,,,,,,
91,126560,14568,viewpoint,front,0.138452291,0.896245956,-0.871573567,-0.505924106,0.091710530,0.117867202,0.849551201,-0.084464416,-0.194710732,-0.783734977,0.941485882,0.072183996,-0.045486242,0.326074839,0.069529831,-0.205306157,-0.809236825,0.931009233,-0.005752287,-0.164532840,0.325757086,-0.002136065,-0.324262321,-0.738972306,-0.018159645,0.963050067,-0.267908156,-0.020739065
92,126790,14798,viewpoint,front,0.121242404,0.815952659,-0.893434167,-0.529421747,0.079906620,0.092895828,0.839462876,-0.047512963,-0.153026745,-0.707564116,0.944796741,0.098677397,-0.024839338,0.311456114,0.108039841,-0.155643269,-0.739736140,0.940859020,0.023447821,-0.145813122,0.304914802,,,,,,,
93,127044,15052,viewpoint,front,0.117924690,0.768667936,-0.905817151,-0.532200813,0.062035535,0.073164530,0.841166377,-0.042410560,-0.142272145,-0.660300910,0.942691565,0.125658348,-0.016694121,0.308648586,0.112561077,-0.136024803,-0.690979242,0.940614164,0.051343575,-0.141363382,0.304343969,,,,,,,
94,127309,15317,viewpoint,front,0.121218204,0.742889404,-0.917173028,-0.529983461,0.053150319,0.056562848,0.844448507,-0.038352866,-0.146947533,-0.629036963,0.940152049,0.141717970,-0.012330457,0.309641838,0.116433188,-0.135341123,-0.662286282,0.937818527,0.067476891,-0.133875877,0.313082278,,,,,,,
95,127574,15582,viewpoint,front,0.121319771,0.735604465,-0.926186562,-0.539193332,0.049739104,0.051071614,0.839159250,-0.037269697,-0.139532685,-0.622888148,0.940644860,0.148205429,-0.006443269,0.305255413,0.117862433,-0.125508830,-0.655947089,0.941435337,0.075553991,-0.126714870,0.303206950,,,,,,,
96,127831,15839,viewpoint,front,0.122874498,0.735233903,-0.932399988,-0.536909819,0.045266099,0.050247770,0.840924501,-0.042795509,-0.147514582,-0.616708517,0.938571930,0.152400315,-0.007647564,0.309513122,0.111482054,-0.133084327,-0.651887178,0.940011203,0.079380125,-0.132384524,0.304223686,,,,,,,
97,128095,16103,viewpoint,front,0.121022224,0.737170815,-0.934685111,-0.538983822,0.041632719,0.053312656,0.839595735,-0.047116984,-0.147667795,-0.619404793,0.940920055,0.150805503,-0.016885614,0.302724272,0.107103944,-0.133212104,-0.655783117,0.939855754,0.080422655,-0.134071708,0.303690910,,,,,,,
98,128360,16368,viewpoint,front,0.117834568,0.738034964,-0.936019659,-0.540019751,0.041162889,0.055917066,0.838783383,-0.046782471,-0.147685766,-0.620204628,0.941560268,0.149551749,-0.019056637,0.301223099,0.107238829,-0.133451074,-0.655619264,0.940287888,0.078322984,-0.138531610,0.300887287,,,,,,,
99,128627,16635,viewpoint,front,0.119005322,0.737025917,-0.938963771,-0.541211486,0.039648198,0.055346522,0.838125825,-0.049254499,-0.148293063,-0.618046045,0.941335559,0.153902933,-0.014014318,0.300008059,0.104844242,-0.133978203,-0.654889584,0.941309452,0.081045866,-0.137990043,0.297198296,,,,,,,
100,128892,16900,viewpoint,front,0.118786693,0.732702613,-0.943540692,-0.546250999,0.036724247,0.054265443,0.835054755,-0.050429001,-0.143644437,-0.613836944,0.943722248,0.157251537,-0.010501034,0.290774882,0.103737190,-0.128143087,-0.651884913,0.942437768,0.084685758,-0.136469126,0.293284118,,,,,,,
101,129140,17148,viewpoint,front,0.113782525,0.728736281,-0.948823571,-0.550152659,0.035698537,0.057229154,0.832335591,-0.049020357,-0.141170695,-0.609643579,0.942834020,0.154837936,-0.017372774,0.294596940,0.104640454,-0.125733495,-0.645567298,0.942872047,0.083122373,-0.142619908,0.289383084,,,,,,,
102,129402,17410,viewpoint,front,0.113139153,0.728540301,-0.952060580,-0.550091088,0.036736988,0.053291563,0.832592487,-0.044537418,-0.144341975,-0.607994556,0.941776454,0.156522200,-0.013314552,0.297288865,0.109501004,-0.128436789,-0.645279527,0.943625331,0.086036190,-0.136557043,0.289000362,,,,,,,
103,129665,17673,viewpoint,front,0.113768935,0.724984825,-0.953461170,-0.554869950,0.038617600,0.048650581,0.829615057,-0.038813934,-0.138332933,-0.606591105,0.943906426,0.156984165,-0.007946351,0.290402204,0.115502000,-0.121207029,-0.641721189,0.945415318,0.087965690,-0.130292863,0.285439521,,,,,,,
104,129916,17924,viewpoint,front,0.114423275,0.723771751,-0.953705668,-0.555002809,0.040582068,0.044108067,0.829686403,-0.034052569,-0.138025984,-0.605356395,0.943894088,0.159836769,-0.003859317,0.288965911,0.120278552,-0.119588584,-0.638785243,0.945265174,0.089592010,-0.127362892,0.286750346,,,,,,,
105,130180,18188,viewpoint,front,0.112996817,0.723565936,-0.952948213,-0.555255175,0.040707402,0.043896087,0.829522610,-0.032701917,-0.137521148,-0.605879545,0.944245338,0.158876106,-0.002725263,0.288360357,0.121765926,-0.119158685,-0.638939023,0.945573151,0.088749252,-0.125056848,0.287011892,,,,,,,
106,130444,18452,viewpoint,front,0.112576008,0.721890807,-0.952752948,-0.555772483,0.041035354,0.039293893,0.829390824,-0.027694352,-0.136169255,-0.604983568,0.941616714,0.162495151,0.000832844,0.294877321,0.127148196,-0.116998702,-0.637554228,0.945704877,0.091919057,-0.121388465,0.287155181,0.079179876,-0.255629450,-0.569470525,0.941242516,0.120591104,0.120000973,0.291753531
107,130712,18720,viewpoint,front,0.112070918,0.720344245,-0.953095436,-0.556053877,0.042278491,0.035497803,0.829310894,-0.022669429,-0.135744125,-0.603355169,0.941599011,0.163561642,0.006191956,0.294279784,0.131894603,-0.115712598,-0.634101450,0.945874810,0.093007468,-0.121078633,0.286374629,0.085341662,-0.257163107,-0.569585145,0.941696167,0.129486740,0.114962012,0.288487941
108,130957,18965,viewpoint,front,0.112486601,0.719226241,-0.954240322,-0.557702303,0.041297939,0.035100352,0.828269660,-0.023526564,-0.134550288,-0.602318525,0.943829238,0.164048508,0.006467092,0.286762357,0.131122679,-0.114025056,-0.633918405,0.946762383,0.095050782,-0.118343577,0.283903450,,,,,,,
109,131208,19216,viewpoint,front,0.112164855,0.718592584,-0.956095219,-0.558063269,0.041194487,0.034678277,0.828049481,-0.022849616,-0.135410652,-0.601307690,0.942459166,0.165613532,0.007780873,0.290314198,0.132040188,-0.114991352,-0.633757949,0.946203709,0.095517613,-0.118286408,0.285627902,0.081604339,-0.256297320,-0.562466323,0.922130704,0.161921933,0.117441870,0.331155121
110,131458,19466,viewpoint,front,0.106579423,0.718743145,-0.959156752,-0.558810472,0.041963466,0.038297098,0.827347100,-0.020233197,-0.136612147,-0.600210607,0.943461597,0.162187681,0.006397377,0.289023340,0.134412378,-0.116833195,-0.632084548,0.946497142,0.092858322,-0.120591469,0.284566700,,,,,,,
111,131709,19717,viewpoint,front,0.095253348,0.718867719,-0.961337805,-0.556144714,0.046867527,0.038703904,0.828859746,,,,,,,,0.148151875,-0.125009626,-0.623966813,0.945557296,0.086311989,-0.124121904,0.288210690,,,,,,,
112,131959,19967,viewpoint,front,0.077289820,0.717123151,-0.963886261,-0.556830585,0.055045459,0.045084029,0.827573061,,,,,,,,0.167135298,-0.130573735,-0.620843172,0.946962595,0.076275416,-0.119646676,0.288320243,,,,,,,
113,132209,20217,viewpoint,front,0.066099882,0.717631459,-0.967460394,-0.556397796,0.057794347,0.049872834,0.827401996,,,,,,,,0.175551280,-0.137352139,-0.619575977,0.947254300,0.069756784,-0.121949628,0.288047940,,,,,,,
114,132458,20466,viewpoint,front,0.062252283,0.716372848,-0.970033407,-0.556904852,0.056532551,0.049193237,0.827188671,,,,,,,,0.178348958,-0.138967067,-0.617297292,0.946596563,0.071332268,-0.121158265,0.290150613,,,,,,,
115,132708,20716,viewpoint,front,0.062081099,0.714602351,-0.970735192,-0.559187353,0.055392776,0.047578730,0.825819254,,,,,,,,0.179373607,-0.134856820,-0.614666224,0.947636247,0.073614843,-0.121812522,0.285881251,,,,,,,
116,132961,20969,viewpoint,front,0.066754580,0.716930866,-0.969511747,-0.558146775,0.050992765,0.048264623,0.826766253,,,,,,,,0.172260970,-0.134692237,-0.625733495,0.948267579,0.079053812,-0.123362720,0.281639487,,,,,,,
117,133181,21189,viewpoint,front,0.080717802,0.756973267,-0.959275961,-0.555437744,0.048511833,0.076615714,0.826598823,-0.028033856,-0.152801916,-0.636184037,0.949895680,0.084761776,0.005673191,0.300801307,0.128463581,-0.147231057,-0.671909988,0.947327077,0.059871234,-0.150797710,0.276128352,,,,,,,
118,133408,21416,viewpoint,front,0.099941969,0.844566047,-0.934334040,-0.530669510,0.078335717,0.124290787,0.834748566,-0.074548185,-0.189810082,-0.719739616,0.946810544,0.033143226,-0.025506748,0.319062293,0.080289759,-0.202107787,-0.752783239,0.940724909,0.003007058,-0.174403533,0.290879726,0.010137882,-0.332910597,-0.682644844,0.973667204,0.057709560,-0.062196873,0.211597145
119,133583,21591,viewpoint,front,0.125701189,0.965822697,-0.884498239,-0.486589342,0.111247398,0.155172303,0.852511823,-0.112496100,-0.260736912,-0.827690959,0.932172596,-0.013441171,-0.034547869,0.360111207,0.040907420,-0.293361366,-0.869959593,0.926258922,-0.045911711,-0.174438000,0.330919832,-0.043429431,-0.402384818,-0.771524966,0.934945226,0.021752296,-0.011709420,0.353931010
120,133750,21758,viewpoint,front,0.151590109,1.093123317,-0.824207902,-0.423054188,0.136886373,0.160426542,0.881221116,-0.135776892,-0.396973252,-0.925135672,0.900186896,-0.035178151,-0.040654603,0.432172656,0.016216911,-0.441372395,-0.960867167,0.898687720,-0.078175426,-0.165886670,0.398410141,-0.072753876,-0.530104995,-0.843888998,0.910805166,-0.007081384,-0.035436343,0.411251783
121,133930,21938,viewpoint,front,0.183815718,1.204156399,-0.752022266,-0.380864114,0.150058001,0.145525724,0.900692761,-0.133065909,-0.507594228,-1.034852982,0.893311143,-0.039963532,-0.024953566,0.446962476,0.021246508,-0.539790452,-1.039760828,0.877568007,-0.090019569,-0.161239937,0.442461878,-0.067731045,-0.631973922,-0.936959803,0.918703616,-0.021739438,-0.059584454,0.389821559
122,134125,22133,viewpoint,front,0.225369215,1.283527136,-0.685365319,-0.359083265,0.154981464,0.103333995,0.914528310,-0.091229260,-0.567897201,-1.099488258,0.873146117,-0.018029641,-0.000177637,0.487124950,0.064311177,-0.601526141,-1.116614938,0.871667981,-0.074767828,-0.135780960,0.464938998,-0.022506736,-0.688665032,-1.003941894,0.908617854,-0.004599906,-0.048546582,0.414771855
123,134305,22313,viewpoint,front,0.251258373,1.321234345,-0.654535294,-0.333849281,0.147810131,0.099444494,0.925639033,-0.117807105,-0.642873168,-1.130616188,0.865477860,-0.004345193,-0.001062934,0.500927210,0.039135054,-0.671260536,-1.142735124,0.859612405,-0.068059556,-0.135922521,0.487810940,-0.045310333,-0.752237320,-1.022043347,0.896027207,0.010681983,-0.036882404,0.442335576
124,134500,22508,viewpoint,front,0.249223828,1.334532261,-0.650915504,-0.320213526,0.151145101,0.095632173,0.930307984,-0.109402739,-0.682819843,-1.118086934,0.855727255,-0.006970580,-0.001412138,0.517378211,0.047435343,-0.716085196,-1.136157036,0.855207741,-0.070401825,-0.135022357,0.495411247,-0.037264183,-0.786930978,-1.005496264,0.882192552,0.008577991,-0.040577449,0.469058901
125,134666,22674,viewpoint,front,0.242810249,1.342243791,-0.654669166,-0.308067620,0.159185633,0.087025210,0.933906257,-0.078032769,-0.721884370,-1.096310616,0.845772386,-0.007690804,0.009847571,0.533397555,0.079337589,-0.754457712,-1.111597061,0.848101735,-0.071647622,-0.123351105,0.510269046,-0.006437294,-0.826610088,-0.985686541,0.875392139,0.006120451,-0.033607572,0.482205063
126,134860,22868,viewpoint,front,0.244944811,1.344935894,-0.659140348,-0.301875383,0.157234505,0.063689828,0.938132286,-0.042887852,-0.748255134,-1.076752186,0.838013411,0.010508719,0.025466936,0.544953704,0.115765259,-0.775163293,-1.091577053,0.842631757,-0.054594472,-0.108034685,0.524709225,0.032274365,-0.853052199,-0.970955491,0.869859457,0.026661605,-0.016734228,0.492294282
127,135055,23063,viewpoint,front,0.254822016,1.347091198,-0.661779046,-0.300646275,0.136849359,0.050087761,0.942536592,-0.056307107,-0.758266985,-1.070909977,0.833137929,0.034903791,0.018579762,0.551650047,0.102365851,-0.781741261,-1.093711615,0.840997338,-0.032233156,-0.112961218,0.528132856,0.025236394,-0.860033691,-0.967525780,0.868909478,0.046050888,-0.027318798,0.492066443
128,135251,23259,viewpoint,front,0.263052940,1.346698046,-0.662900805,-0.303550661,0.123380736,0.045934092,0.943675935,-0.078153342,-0.754301667,-1.076525807,0.837095380,0.046650417,0.011973259,0.544932902,0.079419494,-0.769084156,-1.094482303,0.836684883,-0.015931223,-0.113470338,0.535564423,0.007520113,-0.851025701,-0.970384002,0.865822196,0.064042464,-0.028742805,0.495403260
129,135431,23439,viewpoint,front,0.263013363,1.344184160,-0.663613558,-0.307644367,0.119191617,0.050448138,0.942657530,-0.093406096,-0.744790971,-1.084665537,0.847984612,0.050076939,0.007545267,0.527595997,0.064986244,-0.758686900,-1.102822661,0.840615332,-0.018678293,-0.116564222,0.528611183,-0.006517678,-0.839972556,-0.976556242,0.869526148,0.061908644,-0.039050519,0.488432914
130,135625,23633,viewpoint,front,0.261820793,1.341918349,-0.665073752,-0.311415881,0.116642848,0.053459875,0.941571355,-0.101359889,-0.733868659,-1.086911559,0.846165657,0.051412717,0.002990349,0.530425668,0.056228340,-0.750752866,-1.109589934,0.845538616,-0.016307024,-0.126079470,0.518558204,-0.014872050,-0.826833487,-0.976244569,0.863689125,0.061311081,-0.039460100,0.498723358
131,135820,23828,viewpoint,front,0.260915518,1.339401126,-0.668661833,-0.313831985,0.115650162,0.054741655,0.940817714,-0.104043320,-0.726782739,-1.082064867,0.845020413,0.049819682,0.002662381,0.532401681,0.053608105,-0.747818589,-1.110880136,0.844498098,-0.011521459,-0.122030593,0.521343350,-0.017909003,-0.822553575,-0.974805892,0.864967465,0.061007582,-0.034833793,0.496886224
132,136000,24008,viewpoint,front,0.247934222,1.337279320,-0.674712062,-0.305854350,0.126223356,0.071337447,0.940973818,-0.113039784,-0.739106774,-1.063037753,0.841250539,0.033242248,-0.000359299,0.539622307,0.044080630,-0.765903234,-1.089074016,0.840190232,-0.035945699,-0.131908640,0.524774671,-0.031671952,-0.840429664,-0.958356142,0.865902662,0.039498527,-0.048346512,0.496301323
133,136195,24203,viewpoint,front,0.217352390,1.327618957,-0.695045710,-0.305335164,0.136629120,0.084594876,0.938587546,-0.100443043,-0.745934844,-1.043102145,0.843267560,0.015318159,-0.006665272,0.537234426,0.056600191,-0.776682198,-1.064446449,0.846283257,-0.054919548,-0.140336856,0.510973692,-0.022506639,-0.852532685,-0.938824236,0.868822336,0.024160372,-0.053439293,0.491638362
134,136384,24392,viewpoint,front,0.172403574,1.307542443,-0.735946059,-0.313408315,0.114199191,0.088841781,0.938531220,-0.105976671,-0.743843794,-1.001998067,0.847916543,0.031605672,-0.024170991,0.528634548,0.050722130,-0.769148231,-1.026575923,0.841803133,-0.029162182,-0.143470332,0.519551098,,,,,,,
135,136568,24576,viewpoint,front,0.140384078,1.277077913,-0.775254011,-0.326790929,0.082893528,0.078484632,0.938177228,-0.098869696,-0.724907279,-0.959680378,0.846375823,0.060819384,-0.032854386,0.528081119,0.057157971,-0.749134779,-0.998481810,0.845927954,-0.000152731,-0.157431215,0.509530365,,,,,,,
136,136777,24785,viewpoint,front,0.135846257,1.230133653,-0.816714168,-0.336139083,0.062483873,0.068599470,0.937230170,-0.100721538,-0.708928704,-0.920499384,0.860635281,0.086551845,-0.044957895,0.499794453,0.055146180,-0.718477726,-0.952414989,0.848531663,0.022754436,-0.160223708,0.503790438,,,,,,,
137,136959,24967,viewpoint,front,0.148956776,1.123859763,-0.883461833,-0.366005868,0.061680581,0.066986755,0.926146865,-0.109167404,-0.597717524,-0.815826178,0.856802106,0.085224748,-0.030971283,0.507609725,0.045011207,-0.617310703,-0.864663064,0.863229215,0.031661965,-0.153988421,0.479708612,,,,,,,
138,137153,25161,viewpoint,front,0.162489533,0.996038675,-0.934439421,-0.385530949,0.067307204,0.068898082,0.917653918,-0.115915716,-0.520970583,-0.731734514,0.872759879,0.080105945,-0.037597183,0.480062246,0.039148219,-0.528874755,-0.763150215,0.873605549,0.025915932,-0.154558733,0.460709572,,,,,,,
139,137361,25369,viewpoint,front,0.179866314,0.868051887,-0.974274874,-0.409668446,0.063737631,0.066528015,0.907570004,-0.129464358,-0.440061271,-0.654499471,0.967396080,0.103177510,0.012084645,0.230983227,0.026834611,-0.425439000,-0.660819411,0.886830091,0.035474442,-0.144837067,0.437374234,,,,,,,
140,137584,25592,viewpoint,front,0.188108563,0.791235507,-1.002397776,-0.443573892,0.063733578,0.068034530,0.891376197,-0.135093778,-0.356503546,-0.596077859,0.926411927,0.086212561,-0.042442977,0.364042491,0.020933114,-0.348345965,-0.610734582,0.901384950,0.039767686,-0.144051760,0.406414658,,,,,,,
141,137850,25858,viewpoint,front,0.187280655,0.769801378,-1.021820784,-0.465944916,0.066932157,0.070758209,0.879436612,-0.133447915,-0.323962599,-0.576823473,0.923138559,0.081302673,-0.021174792,0.375175655,0.021804415,-0.319801629,-0.595706582,0.910715640,0.036586370,-0.149333909,0.383350879,,,,,,,
142,138111,26119,viewpoint,front,0.186473012,0.756226659,-1.033176661,-0.479322642,0.069567643,0.069787346,0.872089386,,,,,,,,0.025968138,-0.303139240,-0.586266577,0.915693998,0.036262214,-0.142761171,0.373910189,,,,,,,
143,138377,26385,viewpoint,front,0.189590693,0.749330163,-1.036869526,-0.487748146,0.068145752,0.071448423,0.867382884,,,,,,,,0.021154933,-0.292991102,-0.589495897,0.922401845,0.041671157,-0.135228142,0.359376818,,,,,,,
144,138639,26647,viewpoint,front,0.190245986,0.744903266,-1.038147092,-0.491531163,0.071134172,0.071039177,0.865037858,,,,,,,,0.023378704,-0.285241634,-0.583769917,0.921841264,0.037805203,-0.141075164,0.358994842,,,,,,,
145,138901,26909,viewpoint,front,0.188998699,0.740893543,-1.039955854,-0.494728625,0.071233690,0.073832020,0.862970591,,,,,,,,0.022583961,-0.281441510,-0.583117306,0.924425066,0.035588305,-0.139980897,0.352954894,,,,,,,
146,139166,27174,viewpoint,front,0.185336351,0.739709258,-1.041655183,-0.496376842,0.072934933,0.074694462,0.861806989,,,,,,,,0.026519801,-0.280726045,-0.581809044,0.924475789,0.034037072,-0.140008807,0.352964044,,,,,,,
147,139433,27441,viewpoint,front,0.184137702,0.739311278,-1.044264436,-0.497603834,0.074986935,0.072342113,0.861123681,,,,,,,,0.031064250,-0.280886889,-0.582322776,0.926157057,0.036415286,-0.131849825,0.351458013,,,,,,,
148,139694,27702,viewpoint,front,0.184034228,0.738911152,-1.043115616,-0.503190994,0.073459893,0.070047870,0.858193278,,,,,,,,0.033389166,-0.272303015,-0.582836449,0.927377880,0.037903506,-0.132640436,0.347764522,-0.027813684,-0.392856628,-0.492532730,0.977935731,0.087964237,-0.058724571,0.180154130
149,139958,27966,viewpoint,front,0.178384304,0.742339313,-1.039279342,-0.502258837,0.079457983,0.071797431,0.858060420,-0.108085617,-0.275727808,-0.569480836,0.932079554,0.079269022,-0.000438608,0.353474021,0.041716002,-0.273568749,-0.587494671,0.928489029,0.032250967,-0.131810948,0.345678866,-0.021582402,-0.393293887,-0.497076333,0.979220271,0.086232610,-0.047034811,0.177424163
150,140222,28230,viewpoint,front,0.176442981,0.743176877,-1.036046147,-0.502438009,0.079544470,0.074157849,0.857746661,-0.108045369,-0.273040235,-0.571887076,0.931320667,0.094734482,0.010480462,0.351507336,0.041194998,-0.269361019,-0.585759342,0.926316440,0.027433334,-0.142488495,0.347681284,-0.022264594,-0.390188485,-0.498684943,0.981223047,0.084101073,-0.045112900,0.167610198
151,140486,28494,viewpoint,front,0.177400947,0.742967606,-1.034965515,-0.504096925,0.076655641,0.073182248,0.857119977,-0.109297350,-0.270224571,-0.573288798,0.923322618,0.124198347,0.034750670,0.361721516,0.039479472,-0.266093165,-0.589050591,0.926253438,0.031782594,-0.139973417,0.348499537,-0.021747541,-0.396328688,-0.512700021,0.970453084,0.094863966,-0.036790848,0.218787938
152,140750,28758,viewpoint,front,0.178853989,0.742832780,-1.036458731,-0.508734226,0.075060710,0.070022807,0.854781985,-0.108293615,-0.267168134,-0.576337695,0.932864845,0.106501013,0.019979361,0.343542695,0.041470617,-0.263291091,-0.596328437,0.931432188,0.040615529,-0.127184600,0.338538885,-0.019365892,-0.392464280,-0.515721083,0.970677614,0.097290196,-0.036397494,0.216782823
153,141015,29023,viewpoint,front,0.182579160,0.741489708,-1.038522601,-0.513528407,0.071978450,0.071119644,0.852085531,-0.114330940,-0.262487918,-0.577540457,0.935081720,0.106480673,0.014794411,0.337735385,0.035152830,-0.255477607,-0.591910958,0.929327190,0.037442971,-0.141022950,0.339207292,-0.024712112,-0.387690842,-0.517895222,0.972157896,0.098665208,-0.038472120,0.209031224
154,141292,29300,viewpoint,front,0.185779572,0.739902258,-1.037102461,-0.517193377,0.070317984,0.076776110,0.849512696,-0.124470375,-0.252728164,-0.578348517,0.937555254,0.102236435,0.008436930,0.332365304,0.025047459,-0.247688890,-0.595986485,0.932393670,0.036909372,-0.142258495,0.330215484,-0.036011480,-0.363538146,-0.496777117,0.973401427,0.072370410,-0.122705765,0.179431155
155,141542,29550,viewpoint,front,0.183929682,0.739366293,-1.030675888,-0.512498975,0.071690828,0.084755652,0.851482093,-0.129753083,-0.249356300,-0.576958060,0.937093079,0.097219415,0.007885646,0.335175782,0.019471958,-0.246612415,-0.594555020,0.929477036,0.028315196,-0.149692222,0.335950732,-0.042593129,-0.361553222,-0.496045858,0.972854495,0.063406199,-0.129891828,0.180726126
156,141822,29830,viewpoint,front,0.186833143,0.731823444,-1.025563598,-0.521842122,0.067770146,0.097017258,0.844793260,-0.143998027,-0.225343689,-0.576974750,0.942977667,0.091977559,-0.004010045,0.319870591,0.005209874,-0.224508762,-0.596756577,0.931951165,0.026642889,-0.162643731,0.322961658,-0.057512186,-0.356207132,-0.524291873,0.974010229,0.083512999,-0.057512283,0.202538878
157,142069,30077,viewpoint,front,0.187150598,0.738065898,-1.026964068,-0.519291759,0.072350547,0.085945979,0.847180486,-0.131131291,-0.235941634,-0.582096517,0.940285921,0.094721645,0.003811190,0.326918483,0.018395782,-0.233377114,-0.599865258,0.931945682,0.029518474,-0.147474647,0.329935104,-0.044875696,-0.358383179,-0.521234334,0.888184249,0.095439181,-0.015998041,0.449181706
158,142334,30342,viewpoint,front,0.186636209,0.735019743,-1.026395082,-0.521191180,0.070179954,0.090437345,0.845727861,-0.136056408,-0.230531201,-0.580187440,0.942579925,0.093493260,0.003192186,0.320611775,0.013329994,-0.228516772,-0.598737240,0.932927251,0.028556284,-0.154745623,0.323859692,-0.048481904,-0.359712362,-0.526327550,0.976803482,0.072312921,-0.049851522,0.195296377
159,142596,30604,viewpoint,front,0.178763866,0.749658108,-1.018541217,-0.519992411,0.072236709,0.092423171,0.846077859,-0.128864259,-0.233026251,-0.597364187,0.944274843,0.089832902,0.004845854,0.316625386,0.020592686,-0.231709659,-0.614839017,0.931689858,0.024002075,-0.155719623,0.327306181,-0.043098051,-0.357684702,-0.540050268,0.897761106,0.079039179,-0.011913068,0.433169603
160,142762,30770,viewpoint,front,0.151019454,0.882386923,-1.000121355,-0.477710634,0.085723639,0.097128116,0.868913233,-0.111431524,-0.338766366,-0.687835634,0.922662079,0.076404229,-0.004655965,0.377935678,0.039005816,-0.347810268,-0.714768231,0.922357082,0.010259532,-0.145175815,0.357877225,-0.029084781,-0.460318953,-0.613864541,0.980145216,0.057141859,-0.043662477,0.184780449
161,142929,30937,viewpoint,front,0.137813330,1.002320647,-0.975269318,-0.429106683,0.087795667,0.095979802,0.893838525,-0.110429548,-0.478460729,-0.758923054,0.899619043,0.077187493,-0.009192093,0.429701328,0.039578155,-0.491330802,-0.786350310,0.898282826,0.001689306,-0.155331790,0.411043972,,,,,,,
162,143095,31103,viewpoint,front,0.128492594,1.123762727,-0.933457375,-0.392862231,0.093581602,0.106901430,0.908555925,-0.124137379,-0.587202072,-0.831447184,0.879487634,0.065421753,-0.018990502,0.471021026,0.025181338,-0.613911510,-0.869459152,0.883352160,-0.017163107,-0.164409503,0.438593090,,,,,,,
163,143278,31286,viewpoint,front,0.120741844,1.227862000,-0.882683039,-0.346611381,0.107098877,0.113112383,0.924984336,-0.127399683,-0.703297496,-0.885125995,0.861342609,0.049718920,-0.028343847,0.504790664,0.022881154,-0.731777847,-0.913465679,0.860266328,-0.035388943,-0.163338870,0.481674105,,,,,,,
164,143476,31484,viewpoint,front,0.115913272,1.299484015,-0.827325225,-0.320374042,0.114524469,0.114451267,0.933351755,-0.119194388,-0.784205794,-0.937551618,0.849285781,0.038999781,-0.028254291,0.525732219,0.030744031,-0.816324115,-0.963485122,0.845477641,-0.047458544,-0.163208753,0.506239235,,,,,,,
165,143657,31665,viewpoint,front,0.113297462,1.340460539,-0.780804515,-0.300328553,0.116316356,0.119391493,0.939158618,-0.125623271,-0.823908508,-0.961737990,0.833185673,0.036999069,-0.037120558,0.550504148,0.024067000,-0.864080131,-0.993756890,0.836017907,-0.056415744,-0.171949625,0.518000662,,,,,,,
166,143842,31850,viewpoint,front,0.118885279,1.357597351,-0.755686045,-0.291980356,0.103772350,0.113489501,0.943980336,-0.132923573,-0.838589668,-0.972084165,0.826966345,0.047891498,-0.039002109,0.558848798,0.016425364,-0.877594709,-1.008088231,0.828611970,-0.044612139,-0.172563151,0.530692041,,,,,,,
167,144025,32033,viewpoint,front,0.128546715,1.364537001,-0.743095756,-0.292571515,0.089625433,0.106260896,0.946085513,-0.144532725,-0.842294693,-0.993475854,0.831356049,0.065247782,-0.042433873,0.550262928,0.005490348,-0.865537405,-1.019123912,0.824775636,-0.028988604,-0.177122936,0.536220372,,,,,,,
168,144221,32229,viewpoint,front,0.135422468,1.368110657,-0.738065481,-0.291507423,0.084764302,0.099204503,0.947627008,-0.140823156,-0.839789748,-0.989554346,0.824914575,0.076176167,-0.039281290,0.558721900,0.008415800,-0.872692645,-1.030022264,0.824216902,-0.020979170,-0.178701490,0.536928654,,,,,,,
169,144429,32437,viewpoint,front,0.139093399,1.370730400,-0.736149192,-0.290620476,0.082097776,0.093876988,0.948676348,-0.137920201,-0.849742293,-0.995421886,0.827264369,0.080792479,-0.037233386,0.554725111,0.012184139,-0.875305533,-1.029934883,0.823589444,-0.014271946,-0.169130951,0.541194439,,,,,,,
170,144596,32604,viewpoint,front,0.140544295,1.370951295,-0.736641526,-0.292800367,0.080661543,0.089643292,0.948538721,-0.130445421,-0.845513105,-0.998405516,0.829975486,0.083438978,-0.036337413,0.550325513,0.019830685,-0.867710352,-1.030360937,0.824132383,-0.010979666,-0.175433517,0.538431406,,,,,,,
171,144763,32771,viewpoint,front,0.141338825,1.370241165,-0.738263011,-0.295943111,0.079409301,0.086258344,0.947982788,-0.124800503,-0.836686194,-0.995625973,0.826083779,0.086985335,-0.030722518,0.555945396,0.025278699,-0.862193882,-1.033247948,0.828146756,-0.008576981,-0.172644556,0.533191562,,,,,,,
172,144944,32952,viewpoint,front,0.142083645,1.370071054,-0.740411401,-0.296492457,0.078352369,0.083493724,0.948146582,-0.122456498,-0.844659984,-1.002241135,0.830983877,0.090909056,-0.034629203,0.547724605,0.028710071,-0.867239177,-1.037647247,0.828861952,-0.006576389,-0.165092781,0.534498870,,,,,,,
173,145111,33119,viewpoint,front,0.143369675,1.370112658,-0.741825104,-0.297541738,0.077560559,0.080668285,0.948127568,-0.117881387,-0.835378587,-0.991917610,0.821651578,0.092820920,-0.029189629,0.561623514,0.032392159,-0.859973907,-1.030522108,0.827304840,-0.005815677,-0.173423126,0.534282148,,,,,,,
174,145280,33288,viewpoint,front,0.144042253,1.370915413,-0.742666602,-0.295666397,0.079288252,0.078728326,0.948734224,-0.112901665,-0.842612147,-0.989787936,0.821386218,0.088962190,-0.029862117,0.562599838,0.038155384,-0.872567177,-1.033506513,0.829835832,-0.004413492,-0.165192410,0.532977045,,,,,,,
175,145458,33466,viewpoint,front,0.145236969,1.372855425,-0.742933512,-0.290786833,0.082066692,0.077103235,0.950138509,-0.108472951,-0.857656717,-0.986849964,0.822975218,0.085959919,-0.033684310,0.560524881,0.043030255,-0.886438251,-1.027741551,0.828402579,-0.005858270,-0.162060499,0.536144912,,,,,,,
176,145641,33649,viewpoint,front,0.146304846,1.373867393,-0.742418766,-0.289668709,0.084342413,0.075146355,0.950437486,-0.102916539,-0.858094037,-0.983044207,0.815611959,0.086967088,-0.028481698,0.571316659,0.048120365,-0.884182096,-1.020430088,0.823080480,-0.005546278,-0.155277774,0.546256959,,,,,,,
177,145807,33815,viewpoint,front,0.145974636,1.374570370,-0.741073132,-0.288567185,0.086132258,0.076436587,0.950509131,-0.103159420,-0.860116601,-0.982612133,0.816904843,0.086382039,-0.026221601,0.569664001,0.048179947,-0.889153957,-1.022446513,0.822107255,-0.007076054,-0.155169964,0.547733486,,,,,,,
178,145986,33994,viewpoint,front,0.143625259,1.375120401,-0.741068482,-0.287302345,0.089693479,0.080245383,0.950249016,-0.105222791,-0.865095615,-0.986295998,0.821806133,0.077980027,-0.031263560,0.563539147,0.046578474,-0.891480207,-1.020689607,0.823363781,-0.014109255,-0.158402190,0.544776857,,,,,,,
179,146153,34161,viewpoint,front,0.141870499,1.375023842,-0.741474271,-0.287079751,0.090898767,0.082397811,0.950017512,-0.106468454,-0.861883581,-0.982091546,0.817567825,0.076798789,-0.029493820,0.569925427,0.044749774,-0.892167211,-1.019308209,0.824291587,-0.016062783,-0.157264158,0.543648303,,,,,,,
180,146335,34343,viewpoint,front,0.140868425,1.375012398,-0.742507935,-0.286734343,0.091936938,0.083914056,0.949889183,-0.107441753,-0.863301396,-0.981627226,0.816116631,0.075268671,-0.036176808,0.571821153,0.043987431,-0.892641127,-1.017051697,0.823583305,-0.018879611,-0.162333518,0.543140769,,,,,,,
181,146516,34524,viewpoint,front,0.140062451,1.374624491,-0.743936419,-0.287028790,0.092475660,0.084879011,0.949662209,-0.107703619,-0.857182503,-0.974463165,0.814309776,0.077627294,-0.026224893,0.574618042,0.043637358,-0.899116993,-1.023463488,0.826204300,-0.020281442,-0.165169343,0.538232386,,,,,,,
182,146667,34675,viewpoint,front,0.140749693,1.374137640,-0.744919777,-0.287268430,0.088561766,0.082435586,0.950177908,-0.108381279,-0.862677574,-0.979512215,0.821601510,0.072415523,-0.040332120,0.564003766,0.042864911,-0.889079511,-1.012953997,0.819957435,-0.014798931,-0.164675564,0.548026264,,,,,,,
183,146847,34855,viewpoint,front,0.141304731,1.375397801,-0.746007919,-0.282408237,0.086813875,0.083754368,0.951679647,-0.115503825,-0.871860445,-0.970305979,0.816368163,0.075311616,-0.039656445,0.571225524,0.035290122,-0.902936101,-1.008738399,0.817169666,-0.012850765,-0.164333180,0.552325308,,,,,,,
184,147035,35043,viewpoint,front,0.141353369,1.376526356,-0.747420311,-0.279231966,0.089448221,0.081504002,0.952567935,-0.107709408,-0.883466721,-0.964429975,0.816916287,0.073924318,-0.037586264,0.570762932,0.043730296,-0.917642295,-1.005213380,0.817873061,-0.014431669,-0.154718474,0.554019511,,,,,,,
185,147259,35267,viewpoint,front,0.140695930,1.376194715,-0.749963045,-0.280583203,0.090376332,0.080723621,0.952149630,-0.104926959,-0.880440652,-0.963900328,0.817416549,0.074548058,-0.037289929,0.569984436,0.046878263,-0.915054798,-1.005005121,0.819387555,-0.013618874,-0.154387444,0.551890492,,,,,,,
186,147468,35476,viewpoint,front,0.138753414,1.375291109,-0.753724694,-0.283296049,0.090816423,0.082431592,0.951157570,-0.106389523,-0.875906169,-0.965474546,0.809140205,0.066330679,-0.045861632,0.582055926,0.045206651,-0.908831656,-1.003575087,0.820471168,-0.014155358,-0.161014915,0.548362017,,,,,,,
187,147679,35687,viewpoint,front,0.137182832,1.374579310,-0.755823255,-0.284927666,0.093495838,0.084659927,0.950214446,-0.106545135,-0.871804953,-0.964984000,0.814646304,0.070592396,-0.035913274,0.574524462,0.045204401,-0.906745076,-1.004777074,0.820906281,-0.016378419,-0.153234944,0.549876153,,,,,,,
188,147859,35867,viewpoint,front,0.136013269,1.374683619,-0.757135272,-0.284242183,0.094593756,0.087773293,0.950028539,-0.110556789,-0.870412230,-0.960167229,0.811255276,0.067211494,-0.041303411,0.579345882,0.039827384,-0.891311049,-0.982805133,0.816159248,-0.032612301,-0.175937355,0.549423814,,,,,,,
189,148013,36021,viewpoint,front,0.135091543,1.375590444,-0.757398009,-0.282358795,0.097000383,0.088775389,0.950254381,-0.110295355,-0.880224824,-0.962774158,0.817233682,0.064628467,-0.037565779,0.571437716,,,,,,,,,,,,,,
190,148180,36188,viewpoint,front,0.134865284,1.376706839,-0.756558061,-0.279382110,0.096259661,0.089355595,0.951154709,-0.112974979,-0.887934983,-0.959969759,0.813924849,0.065377481,-0.040622611,0.575848997,,,,,,,,,,,,,,
191,148351,36359,viewpoint,front,0.134312391,1.378633380,-0.755064368,-0.274663836,0.096038394,0.090040222,0.952485740,,,,,,,,0.035497472,-0.936716378,-0.994028509,0.816028774,-0.023626383,-0.157200977,0.555721760,,,,,,,
192,148514,36522,viewpoint,front,0.133161783,1.380314589,-0.752996802,-0.270670682,0.096440502,0.092100419,0.953390837,,,,,,,,,,,,,,,,,,,,,
193,148652,36660,viewpoint,front,0.131966114,1.384606004,-0.749544024,-0.257943660,0.098218314,0.093107991,0.956634283,,,,,,,,,,,,,,,,,,,,,
194,148777,36785,viewpoint,front,0.126723409,1.401461720,-0.741283894,-0.191074967,0.126743302,0.096448466,0.968568087,,,,,,,,,,,,,,,,,,,,,
195,148894,36902,viewpoint,front,0.122668862,1.414114356,-0.731308103,-0.137519896,0.150081158,0.090722658,0.974850416,,,,,,,,,,,,,,,,,,,,,
196,149052,37060,viewpoint,front,0.121572256,1.419423938,-0.722724557,-0.116575263,0.154489741,0.081219696,0.977725148,,,,,,,,,,,,,,,,,,,,,
197,149204,37212,viewpoint,front,0.125329494,1.419889092,-0.717794538,-0.119026974,0.121616848,0.078670911,0.982269228,,,,,,,,,,,,,,,,,,,,,
198,149359,37367,viewpoint,front,0.128980994,1.419666648,-0.715202093,-0.120019019,0.105855308,0.080395848,0.983832598,,,,,,,,,,,,,,,,,,,,,
199,149499,37507,viewpoint,front,0.134351969,1.417924166,-0.713530660,-0.127782539,0.089264542,0.078704737,0.984636486,,,,,,,,,,,,,,,,,,,,,
200,149638,37646,viewpoint,front,0.139366865,1.416453838,-0.711418033,-0.134061664,0.072233826,0.078399561,0.985222459,,,,,,,,,,,,,,,,,,,,,
201,149789,37797,viewpoint,front,0.142792702,1.415971875,-0.708962679,-0.136951461,0.060248952,0.079078957,0.985576451,,,,,,,,,,,,,,,,,,,,,
202,149929,37937,viewpoint,front,0.144469857,1.416246295,-0.705858707,-0.135819435,0.058843452,0.081022784,0.985660136,,,,,,,,,,,,,,,,,,,,,
203,150082,38090,viewpoint,front,0.145150900,1.416565537,-0.703994513,-0.134251460,0.059696648,0.081244506,0.985805333,,,,,,,,,,,,,,,,,,,,,
204,150221,38229,viewpoint,front,0.145007133,1.417154193,-0.703109860,-0.132873610,0.059516832,0.082719706,0.985880196,,,,,,,,,,,,,,,,,,,,,
205,150371,38379,viewpoint,front,0.144690633,1.417396307,-0.703538537,-0.132872999,0.058987636,0.083952725,0.985807896,,,,,,,,,,,,,,,,,,,,,
206,150512,38520,viewpoint,front,0.143552423,1.417766094,-0.703830242,-0.132218316,0.060129274,0.084025152,0.985820770,,,,,,,,,,,,,,,,,,,,,
207,150654,38662,viewpoint,front,0.142268896,1.417811275,-0.705290198,-0.131395638,0.057406336,0.085888684,0.985932469,,,,,,,,,,,,,,,,,,,,,
208,150788,38796,viewpoint,front,0.140615702,1.417672873,-0.707414627,-0.130563244,0.043152008,0.096137427,0.985823929,,,,,,,,,,,,,,,,,,,,,
209,150930,38938,viewpoint,front,0.140898466,1.417038918,-0.709460616,-0.132443950,0.021466579,0.104674868,0.985414088,,,,,,,,,,,,,,,,,,,,,
210,151068,39076,viewpoint,front,0.142333031,1.416934967,-0.710332632,-0.132237628,0.005858091,0.106706157,0.985440373,,,,,,,,,,,,,,,,,,,,,
211,151207,39215,viewpoint,front,0.143965364,1.416281581,-0.710907817,-0.133967429,-0.007256537,0.109020248,0.984943986,,,,,,,,,,,,,,,,,,,,,
212,151347,39355,viewpoint,front,0.145280004,1.416392326,-0.709882259,-0.132549584,-0.012212795,0.107738972,0.985227764,,,,,,,,,,,,,,,,,,,,,
213,151489,39497,viewpoint,front,0.145528913,1.416394711,-0.708710909,-0.133212879,-0.015717743,0.109417818,0.984903574,,,,,,,,,,,,,,,,,,,,,
214,151639,39647,viewpoint,front,0.145832539,1.416277766,-0.707732797,-0.133882627,-0.013652576,0.106583588,0.985154271,,,,,,,,,,,,,,,,,,,,,
215,151791,39799,viewpoint,front,0.145150661,1.416684747,-0.706114054,-0.132301003,-0.007088198,0.104370244,0.985673904,,,,,,,,,,,,,,,,,,,,,
216,151971,39979,viewpoint,front,0.143873215,1.417378187,-0.704120159,-0.129090011,0.002943261,0.102557428,0.986310899,,,,,,,,,,,,,,,,,,,,,
217,152129,40137,viewpoint,front,0.142638564,1.418827295,-0.701115370,-0.124288276,0.013350965,0.100969158,0.987005234,,,,,,,,,,,,,,,,,,,,,
218,152288,40296,viewpoint,front,0.142538309,1.419716835,-0.698309302,-0.122340061,0.018546924,0.099009335,0.987363160,,,,,,,,,,,,,,,,,,,,,
219,152497,40505,viewpoint,front,0.142197013,1.420268893,-0.695823073,-0.121598281,0.023644777,0.097451150,0.987500906,,,,,,,,,,,,,,,,,,,,,
220,152650,40658,viewpoint,front,0.141402721,1.420698047,-0.694182634,-0.120401680,0.026301414,0.097317912,0.987593472,,,,,,,,,,,,,,,,,,,,,
221,152819,40827,viewpoint,front,0.134526491,1.425489664,-0.689684987,-0.095897712,0.064951755,0.096194863,0.988600731,,,,,,,,,,,,,,,,,,,,,
222,153013,41021,viewpoint,front,0.125703454,1.430382371,-0.681533694,-0.070319600,0.124194942,0.086374611,0.985986948,,,,,,,,,,,,,,,,,,,,,
223,153165,41173,viewpoint,front,0.120514393,1.431370854,-0.675082803,-0.063031115,0.150634319,0.083653115,0.983025193,,,,,,,,,,,,,,,,,,,,,
224,153330,41338,viewpoint,front,0.119168043,1.430957556,-0.672575593,-0.064903080,0.156827927,0.084011115,0.981903613,,,,,,,,,,,,,,,,,,,,,
225,153485,41493,viewpoint,front,0.119839668,1.430335522,-0.670487523,-0.067185625,0.156477049,0.084337123,0.981778145,,,,,,,,,,,,,,,,,,,,,
226,153621,41629,viewpoint,front,0.120835066,1.430101156,-0.668172598,-0.067788199,0.154522628,0.083923668,0.982081652,,,,,,,,,,,,,,,,,,,,,
227,153775,41783,viewpoint,front,0.121342421,1.430116653,-0.666264653,-0.067720465,0.151544943,0.083273508,0.982605517,,,,,,,,,,,,,,,,,,,,,
228,153928,41936,viewpoint,front,0.121404886,1.429978609,-0.664126635,-0.068445794,0.150378332,0.083038755,0.982754350,,,,,,,,,,,,,,,,,,,,,
229,154072,42080,viewpoint,front,0.122919202,1.429432392,-0.663310647,-0.071523488,0.145484582,0.082103871,0.983350217,,,,,,,,,,,,,,,,,,,,,
230,154220,42228,viewpoint,front,0.125238180,1.428529501,-0.664065003,-0.076606862,0.139121428,0.080583379,0.984013677,,,,,,,,,,,,,,,,,,,,,
231,154359,42367,viewpoint,front,0.128600478,1.427280307,-0.665284872,-0.083006114,0.131237194,0.078146927,0.984773993,,,,,,,,,,,,,,,,,,,,,
232,155443,43451,viewpoint,front,0.131889582,1.426153421,-0.667868972,-0.088765822,0.122067980,0.076185785,0.985604286,,,,,,,,,,,,,,,,,,,,,
233,155597,43605,viewpoint,front,0.146902442,1.411254168,-0.699914694,-0.157447204,0.034769088,0.071311705,0.984335363,,,,,,,,,,,,,,,,,,,,,
234,155722,43730,viewpoint,front,0.149958968,1.410362363,-0.702703476,-0.162414238,0.019412609,0.070685275,0.983996093,,,,,,,,,,,,,,,,,,,,,
235,155849,43857,viewpoint,front,0.155666947,1.409763575,-0.706418753,-0.168429077,-0.006909758,0.071459271,0.983095884,,,,,,,,,,,,,,,,,,,,,
236,155973,43981,viewpoint,front,0.162767291,1.409503818,-0.709355950,-0.173622757,-0.040369004,0.069658250,0.981515765,,,,,,,,,,,,,,,,,,,,,
237,156111,44119,viewpoint,front,0.170909882,1.409180641,-0.711272597,-0.177781537,-0.079408646,0.070273533,0.978340268,,,,,,,,,,,,,,,,,,,,,
238,156237,44245,viewpoint,front,0.178806424,1.410120964,-0.711316586,-0.177982315,-0.116587594,0.069534354,0.974625349,,,,,,,,,,,,,,,,,,,,,
239,156377,44385,viewpoint,front,0.184597135,1.412886620,-0.709734559,-0.170525789,-0.144306660,0.071895517,0.972073853,,,,,,,,,,,,,,,,,,,,,
240,156500,44508,viewpoint,front,0.187524438,1.418304443,-0.706449628,-0.152944356,-0.166818708,0.078521788,0.970883071,,,,,,,,,,,,,,,,,,,,,
241,156641,44649,viewpoint,front,0.189025164,1.420109034,-0.703500986,-0.147565007,-0.181332856,0.082065962,0.968817949,,,,,,,,,,,,,,,,,,,,,
242,156766,44774,viewpoint,front,0.189514637,1.418963075,-0.701786160,-0.153188854,-0.178037211,0.077291019,0.968948901,,,,,,,,,,,,,,,,,,,,,
243,156878,44886,viewpoint,front,0.187927127,1.410488725,-0.703053355,-0.189780563,-0.143675193,0.064827718,0.969091415,,,,,,,,,,,,,,,,,,,,,
244,156986,44994,viewpoint,front,0.184906244,1.397372365,-0.707064748,-0.235499829,-0.095435150,0.054276425,0.965653181,,,,,,,,,,,,,,,,,,,,,
245,157113,45121,viewpoint,front,0.182037830,1.386858463,-0.710962534,-0.268126935,-0.043463815,0.055031817,0.960827947,,,,,,,,-0.132109910,-0.921594203,-1.015307784,0.781378508,0.100800641,-0.237704828,0.568140268,,,,,,,
246,157264,45272,viewpoint,front,0.182385087,1.379369736,-0.713541985,-0.291781574,-0.001288371,0.059364565,0.954640090,-0.218508646,-0.851225615,-1.002736449,0.818301439,0.159595117,-0.084051885,0.545754015,-0.072098717,-0.860250354,-1.057389379,0.814482272,0.066322118,-0.207444727,0.537760854,,,,,,,
247,157403,45411,viewpoint,front,0.185146809,1.377164006,-0.716448665,-0.294412076,0.038805634,0.068234786,0.952449322,-0.182675481,-0.836393178,-1.012047172,0.826180160,0.121306293,-0.066815495,0.546119869,-0.033977091,-0.855174184,-1.060813785,0.820358813,0.034113433,-0.186527520,0.539495289,,,,,,,
248,157558,45566,viewpoint,front,0.187462449,1.374077797,-0.717606664,-0.301141351,0.071780220,0.074685626,0.947936475,-0.151193798,-0.814499497,-1.027869225,0.831233799,0.091620795,-0.045427959,0.546436131,-0.000462931,-0.835105121,-1.065004468,0.828172863,0.002705489,-0.172778875,0.533169568,,,,,,,
249,157724,45732,viewpoint,front,0.188757658,1.370923042,-0.718656182,-0.308314770,0.091388501,0.078278378,0.943643272,-0.129644901,-0.796822667,-1.041765928,0.838727534,0.077097453,-0.028828686,0.538294554,0.021642067,-0.817441642,-1.071716070,0.835398495,-0.015099053,-0.164444670,0.524251282,,,,,,,
250,157891,45899,viewpoint,front,0.189046144,1.369505048,-0.720954180,-0.310589522,0.104494408,0.080750473,0.941325903,-0.115806408,-0.787386179,-1.042544842,0.841497779,0.067009881,-0.019776354,0.535723925,0.036038756,-0.816096604,-1.077244163,0.842513740,-0.023548881,-0.154939860,0.515373409,,,,,,,
251,158056,46064,viewpoint,front,0.188517809,1.367845774,-0.724479318,-0.316111565,0.109565638,0.083049595,0.938707411,-0.112461701,-0.781798422,-1.055343151,0.851786315,0.059453879,-0.020953126,0.520082891,0.039974980,-0.805568695,-1.081618428,0.845653713,-0.031933978,-0.154471740,0.509890795,-0.031462025,-0.880695283,-0.950868726,0.861710012,0.036963664,-0.046466038,0.503915131
252,158238,46246,viewpoint,front,0.186747432,1.366905570,-0.728260875,-0.318791211,0.110343628,0.084839292,0.937549353,-0.113550454,-0.775338650,-1.053593755,0.852368832,0.058429267,-0.011037788,0.519549429,0.038193814,-0.795173645,-1.074895740,0.843776107,-0.030710081,-0.155124694,0.512869477,-0.033098169,-0.879599571,-0.955116808,0.864729762,0.039242037,-0.034582946,0.499506265
253,158405,46413,viewpoint,front,0.185064197,1.366299510,-0.731382012,-0.320599258,0.109354645,0.085837081,0.936957657,-0.115196384,-0.769632041,-1.050141931,0.847696185,0.058128435,-0.019154126,0.526939750,0.035997011,-0.793869853,-1.077039838,0.844257891,-0.028956402,-0.154687166,0.512310624,-0.035377372,-0.880704522,-0.958582222,0.874279857,0.035013177,-0.046742491,0.481896192
254,158569,46577,viewpoint,front,0.183532357,1.366263628,-0.734670758,-0.321238935,0.109138653,0.086105563,0.936739087,-0.114327513,-0.768922389,-1.046693325,0.845858335,0.062210307,-0.019350795,0.529413879,0.037063561,-0.799267650,-1.081280708,0.849230707,-0.032317262,-0.160104185,0.502124906,-0.033857130,-0.880598664,-0.956072032,0.871434450,0.038588133,-0.050407629,0.486386716
255,158739,46747,viewpoint,front,0.181393147,1.366229296,-0.737107992,-0.321835160,0.109318227,0.086193904,0.936505377,-0.113450237,-0.770476341,-1.046491504,0.846564770,0.060103077,-0.015704555,0.528648376,0.038269497,-0.795620084,-1.074995399,0.846595228,-0.029464049,-0.155696094,0.508101463,-0.033248167,-0.879439712,-0.953078508,0.866534770,0.039003149,-0.037377801,0.496184558
256,158916,46924,viewpoint,front,0.179174662,1.366351843,-0.739250660,-0.321933717,0.109487191,0.086392187,0.936433494,-0.111937962,-0.774806023,-1.048400402,0.852478385,0.059761968,-0.019995792,0.518950224,0.040266819,-0.804650486,-1.081971765,0.852180898,-0.029846771,-0.148226723,0.500924885,-0.031408153,-0.881829619,-0.951497018,0.871201873,0.037179459,-0.048298255,0.487126589
257,159085,47093,viewpoint,front,0.176632762,1.366465211,-0.741503119,-0.322007656,0.109737091,0.086418577,0.936376393,-0.109363288,-0.772991538,-1.042271733,0.848345280,0.061932568,-0.016092435,0.525562286,0.042677499,-0.801780820,-1.074932814,0.847735345,-0.029436860,-0.149383619,0.508097231,,,,,,,
258,159252,47260,viewpoint,front,0.174336314,1.366477728,-0.743402004,-0.322635025,0.109903462,0.086325824,0.936149418,-0.107072808,-0.773328125,-1.041027188,0.849492550,0.058992013,-0.019221727,0.523939729,0.045003481,-0.801238656,-1.072481155,0.847588539,-0.028960345,-0.147509530,0.508916438,,,,,,,
259,159432,47440,viewpoint,front,0.172167540,1.366439462,-0.745152593,-0.323105901,0.109632805,0.086050607,0.936044097,-0.104900934,-0.771902323,-1.038411736,0.842500150,0.057768270,-0.019377820,0.535239100,0.046549007,-0.802843869,-1.073352814,0.848511040,-0.029380973,-0.156731576,0.504580081,,,,,,,
260,159599,47607,viewpoint,front,0.169994354,1.366165996,-0.746948719,-0.323504210,0.108340353,0.084868468,0.936164916,-0.103892513,-0.778525591,-1.043934703,0.851630926,0.061013598,-0.019775307,0.520203054,0.048365094,-0.800942123,-1.069205403,0.849351108,-0.031578593,-0.157702282,0.502728045,,,,,,,
261,159765,47773,viewpoint,front,0.169104338,1.366318703,-0.748874187,-0.323551983,0.105542712,0.083708830,0.936572313,-0.104229890,-0.778187752,-1.038603783,0.848856390,0.065232821,-0.018783892,0.524246871,0.048142865,-0.804911852,-1.071526408,0.848293722,-0.025566975,-0.152606443,0.506414294,,,,,,,
262,159947,47955,viewpoint,front,0.168745279,1.366312504,-0.750481606,-0.324453771,0.103222653,0.082338303,0.936640382,-0.104052305,-0.777814388,-1.038541913,0.848339677,0.068327188,-0.019936467,0.524646282,0.048239909,-0.803035736,-1.070269465,0.850629568,-0.024347253,-0.155501515,0.501653075,,,,,,,
263,160113,48121,viewpoint,front,0.167950630,1.366219997,-0.750941038,-0.324712187,0.101501323,0.080940187,0.936860800,-0.102839492,-0.780139327,-1.040670633,0.849225104,0.067872681,-0.024971601,0.523054957,0.049101539,-0.798439085,-1.064436793,0.846376419,-0.020148104,-0.157152012,0.508472502,,,,,,,
264,160280,48288,viewpoint,front,0.166722775,1.365377426,-0.751691103,-0.327633470,0.100714117,0.080146499,0.935996532,-0.100050047,-0.773996115,-1.042159915,0.851780057,0.073288448,-0.018785154,0.518407822,0.051865727,-0.794598579,-1.069770336,0.848292112,-0.018131072,-0.153730109,0.506397903,,,,,,,
265,160446,48454,viewpoint,front,0.163924217,1.360914826,-0.753346562,-0.341621161,0.101026058,0.079747446,0.930982828,-0.092690557,-0.742955446,-1.057202101,0.856992662,0.073303491,-0.009257675,0.510004401,0.060220830,-0.767944336,-1.092963815,0.858502090,-0.016785655,-0.152656853,0.489273220,-0.008176245,-0.854238987,-0.968528748,0.879997909,0.047605660,-0.052081127,0.469707310
266,160613,48621,viewpoint,front,0.160601616,1.358147144,-0.755884290,-0.349689990,0.100871265,0.080782898,0.927909493,-0.088382795,-0.718473792,-1.064588308,0.860897899,0.069486670,-0.014125824,0.503812373,0.063102394,-0.738852322,-1.094028950,0.858411252,-0.014952569,-0.154541224,0.488900363,-0.005398106,-0.832473874,-0.978716075,0.885406613,0.051401064,-0.032800660,0.460800648
267,160794,48802,viewpoint,front,0.158512115,1.356663942,-0.757856488,-0.354200423,0.100248203,0.080468789,0.926292121,-0.085657492,-0.708602607,-1.066762686,0.863186538,0.071214803,-0.010657093,0.499723792,0.066524312,-0.733338892,-1.103757620,0.862454236,-0.010309031,-0.147408307,0.484083861,-0.002627661,-0.823022902,-0.981457174,0.887030303,0.053389605,-0.029720321,0.457650006
268,160973,48981,viewpoint,front,0.157044411,1.355295539,-0.759047627,-0.358343422,0.098716646,0.079340100,0.924959540,-0.083312050,-0.704023957,-1.076592803,0.868398368,0.070453420,-0.017311700,0.490531236,0.068851426,-0.724153221,-1.108520865,0.867655456,-0.010875980,-0.156858876,0.471647203,0.000711959,-0.819949508,-0.992655516,0.901396394,0.051076751,-0.048442494,0.427234203
269,161154,49162,viewpoint,front,0.155586481,1.354415655,-0.759746909,-0.360955328,0.097712666,0.078766480,0.924099207,-0.081628919,-0.696136713,-1.075121403,0.868366420,0.078216046,-0.003909711,0.489700645,0.070471257,-0.716041923,-1.108005524,0.866996050,-0.011546055,-0.154745921,0.473538041,0.002799023,-0.813993394,-0.994109154,0.897310138,0.054287512,-0.043199703,0.435914159
270,161336,49344,viewpoint,front,0.154274702,1.354057193,-0.760077834,-0.362100691,0.097206190,0.078937300,0.923689842,-0.081262767,-0.695692301,-1.079226375,0.870368481,0.077281378,-0.011071603,0.486172497,0.070889495,-0.713459313,-1.109393835,0.868915498,-0.011870324,-0.159874648,0.468278825,0.002816048,-0.808225989,-0.992020190,0.894196033,0.060446955,-0.024794148,0.442882448
271,161502,49510,viewpoint,front,0.153185606,1.354172468,-0.759761095,-0.362525821,0.097127184,0.078719005,0.923550010,-0.079546228,-0.694685340,-1.079129577,0.870041668,0.075119145,-0.007479189,0.487163901,0.072991006,-0.711359203,-1.107347727,0.867920935,-0.010231905,-0.160010949,0.470111758,0.005237114,-0.809259176,-0.994096577,0.898044109,0.055079084,-0.039163705,0.434682935
272,161683,49691,viewpoint,front,0.152022600,1.354273915,-0.759130478,-0.362711519,0.096840024,0.078124151,0.923557818,-0.077788413,-0.695026755,-1.079465389,0.867794275,0.075110510,-0.009608140,0.491120338,0.074146569,-0.709417701,-1.105189443,0.864823759,-0.007415454,-0.150943965,0.478790939,0.007513613,-0.809486687,-0.994608343,0.895795703,0.056656394,-0.036335450,0.439340234
273,161863,49871,viewpoint,front,0.151192307,1.354488850,-0.759381413,-0.363165647,0.096095555,0.077668294,0.923495531,-0.076713547,-0.692775846,-1.078454971,0.869441211,0.077663675,-0.004982762,0.487868339,0.075363606,-0.710261345,-1.108635902,0.867374420,-0.009746534,-0.159725338,0.471226513,0.007862866,-0.809832156,-0.996698022,0.897039413,0.061102398,-0.026445467,0.436906636
274,162058,50066,viewpoint,front,0.150968432,1.354582310,-0.759381533,-0.363505274,0.095233597,0.076702163,0.923531950,-0.075919092,-0.695230961,-1.083252430,0.869916618,0.075537384,-0.016747456,0.487092108,0.076488659,-0.709372163,-1.109085560,0.869598150,-0.007110907,-0.160134450,0.467017651,0.009843700,-0.808870971,-0.996747911,0.901334763,0.056384105,-0.042589549,0.427320272
275,162224,50232,viewpoint,front,0.150410652,1.354749680,-0.759041548,-0.363273710,0.094967514,0.076590024,0.923659801,-0.075811349,-0.697405457,-1.084559441,0.874579966,0.077585392,-0.010913000,0.478509516,0.076224051,-0.707545102,-1.104905963,0.866434813,-0.008090980,-0.157162264,0.473840982,0.009824932,-0.810057580,-0.997142375,0.895133257,0.063252948,-0.025452483,0.440553784
276,162419,50427,viewpoint,front,0.150000811,1.355097771,-0.759022117,-0.362578750,0.094914205,0.076425128,0.923951924,-0.075020388,-0.693667233,-1.075228691,0.865067184,0.079090811,-0.007366732,0.495327353,0.076079257,-0.707154751,-1.100355864,0.864260495,-0.008555788,-0.159635380,0.476966709,0.009957734,-0.810767233,-0.994784474,0.897562623,0.059681516,-0.031401824,0.435698807
277,162585,50593,viewpoint,front,0.150121450,1.355478168,-0.758904219,-0.361873031,0.095133826,0.076436736,0.924205005,-0.074916825,-0.695536971,-1.073737144,0.864029944,0.081466362,-0.002654943,0.496798247,0.076475181,-0.710324645,-1.101526976,0.865654349,-0.007317649,-0.159428418,0.474522471,0.010265987,-0.811921716,-0.993410528,0.891129851,0.062444497,-0.025900418,0.448684096
278,162766,50774,viewpoint,front,0.150341749,1.355542660,-0.759316564,-0.362009972,0.095007151,0.076244220,0.924180329,-0.075005665,-0.695984662,-1.075249553,0.868738115,0.080430567,-0.004525991,0.488676339,0.077209078,-0.714723527,-1.109425783,0.864847600,-0.003300939,-0.150973350,0.478784740,0.011106238,-0.815178752,-0.997432590,0.907226682,0.048811160,-0.070134573,0.411871821
279,162960,50968,viewpoint,front,0.150568366,1.355704546,-0.759258032,-0.361597747,0.094702169,0.075544856,0.924430430,-0.074037328,-0.695658922,-1.073596954,0.862348914,0.082078479,-0.009365068,0.499529481,0.077221073,-0.711448610,-1.102025151,0.863813460,-0.007158367,-0.157920972,0.478368104,0.011897989,-0.815714061,-0.996887684,0.904373348,0.059098572,-0.043805767,0.420353800
280,163127,51135,viewpoint,front,0.149756670,1.355849862,-0.758827925,-0.361273497,0.094657354,0.076456703,0.924486816,-0.076172598,-0.704835296,-1.085853219,0.875640213,0.078172475,-0.011970139,0.476445168,0.076812059,-0.719321370,-1.112906575,0.868152678,-0.006676095,-0.154032439,0.471741885,0.009811461,-0.811878085,-0.991420031,0.889180779,0.058395881,-0.032054938,0.452680856
281,163307,51315,viewpoint,front,0.149260044,1.355975270,-0.758917212,-0.361047149,0.094757222,0.076678418,0.924546599,-0.075402960,-0.700072527,-1.077811360,0.865266263,0.076045409,-0.012512099,0.495353222,0.077111259,-0.721195042,-1.114712238,0.868151069,-0.004833199,-0.150454462,0.472920507,0.009925466,-0.813489139,-0.992456734,0.895338535,0.057042077,-0.038857751,0.440005898
282,163487,51495,viewpoint,front,0.149091005,1.356281877,-0.758749485,-0.360597998,0.094827421,0.077044182,0.924684286,-0.076074645,-0.702253282,-1.079638362,0.869036257,0.080160864,-0.012889385,0.488041043,0.076374106,-0.718197227,-1.107695937,0.867767394,-0.010425199,-0.160418615,0.470252007,0.009817027,-0.818831801,-0.996840894,0.901485085,0.057368487,-0.043101646,0.426820546
283,163667,51675,viewpoint,front,0.148920774,1.356466889,-0.758306980,-0.359950811,0.094997339,0.077244751,0.924902260,-0.076265872,-0.705735981,-1.082125187,0.868925750,0.075801596,-0.020013820,0.488693833,0.076519556,-0.721190572,-1.109204531,0.868924081,-0.008325452,-0.161258861,0.467864543,0.009950146,-0.821405768,-0.997829258,0.903929770,0.056295928,-0.046293948,0.421424538
284,163836,51844,viewpoint,front,0.148884773,1.356744409,-0.757755280,-0.359517694,0.095186032,0.077489071,0.925030887,-0.076293573,-0.703953087,-1.078665972,0.869073868,0.079037525,-0.013164654,0.488149971,0.076346382,-0.720837355,-1.108027458,0.868589103,-0.010227144,-0.160870358,0.468582034,0.009815749,-0.820661306,-0.996574640,0.904891849,0.053602945,-0.052040711,0.419033647
285,164030,52038,viewpoint,front,0.149141073,1.356844187,-0.757157445,-0.359401464,0.095655009,0.077194743,0.925052285,-0.074545428,-0.698686838,-1.071564078,0.858786225,0.075693682,-0.010517443,0.506602407,0.076962747,-0.716244221,-1.101695180,0.863717139,-0.007500918,-0.161419734,0.477367908,0.010411263,-0.813473761,-0.989493966,0.887662292,0.060604520,-0.029918170,0.455508113
286,164212,52220,viewpoint,front,0.149436951,1.357035041,-0.756234407,-0.359081775,0.095492326,0.076755635,0.925229728,-0.073864140,-0.699062705,-1.071749806,0.858310223,0.081038930,-0.011530322,0.506560385,0.078522608,-0.721011281,-1.108984828,0.866570532,-0.007223823,-0.159523696,0.472816586,0.012117293,-0.819597661,-0.995999753,0.901691198,0.057969917,-0.042964853,0.426317394
287,164376,52384,viewpoint,front,0.149103165,1.357312083,-0.755080700,-0.358447731,0.095782965,0.076803304,0.925441563,-0.073737919,-0.699721396,-1.071386695,0.860770583,0.081261657,-0.011068803,0.502342582,0.078415640,-0.720233202,-1.106440783,0.865132570,-0.010471169,-0.159091398,0.475526989,0.011984818,-0.820310831,-0.995475590,0.905656815,0.053558029,-0.052604441,0.417312890
288,164555,52563,viewpoint,front,0.149081111,1.357429147,-0.754287720,-0.358157873,0.096238159,0.076780215,0.925508499,-0.072877407,-0.703864336,-1.077515244,0.866023958,0.079531491,-0.004550006,0.493615776,0.079384245,-0.722420573,-1.109217763,0.866399765,-0.009515875,-0.155030116,0.474580437,0.012189567,-0.817514241,-0.991903841,0.894270778,0.061164360,-0.023332058,0.442712486
289,164737,52745,viewpoint,front,0.148723841,1.357221723,-0.753565311,-0.357990891,0.096835695,0.076640740,0.925522327,-0.071254864,-0.705529392,-1.081053972,0.868857563,0.076176092,-0.012045477,0.489018083,0.081355594,-0.722451627,-1.109490275,0.865677238,-0.011071289,-0.158616766,0.474680007,0.014479231,-0.820967317,-0.996544480,0.906570196,0.051953066,-0.051353820,0.415685147
290,164919,52927,viewpoint,front,0.148820281,1.357169867,-0.753017664,-0.357798040,0.097162709,0.076210983,0.925598145,-0.069953337,-0.702180982,-1.075471878,0.864204943,0.076708592,-0.005478844,0.497227937,0.082031496,-0.721781552,-1.108552456,0.865349531,-0.010827705,-0.155271217,0.476386279,0.014796264,-0.819082439,-0.994239151,0.900180161,0.056383837,-0.033580400,0.430544853
291,165097,53105,viewpoint,front,0.149247527,1.356742263,-0.753022790,-0.358120114,0.097104773,0.075646736,0.925525963,-0.069224276,-0.697154701,-1.069510221,0.857480049,0.076221980,-0.009418417,0.508752942,0.082330152,-0.718652248,-1.105244279,0.864410996,-0.006735510,-0.152879938,0.478932202,0.015032008,-0.812739670,-0.988149285,0.884387672,0.064352311,-0.022641007,0.461740851
292,165277,53285,viewpoint,front,0.149419308,1.356184363,-0.753545642,-0.359084547,0.097232722,0.075297900,0.925167203,-0.068384945,-0.701953590,-1.080283642,0.869063556,0.077406593,-0.008504308,0.488533020,0.084256746,-0.718991220,-1.109866500,0.867964745,-0.009670229,-0.153737381,0.472131878,0.016431753,-0.813681364,-0.992045879,0.888994634,0.062931612,-0.028135588,0.452699184
293,165460,53468,viewpoint,front,0.149633169,1.356013894,-0.753887415,-0.359210908,0.097022951,0.074729882,0.925186217,-0.068156719,-0.701422513,-1.078894973,0.868479669,0.079658084,-0.006129398,0.489244401,0.084164396,-0.717458308,-1.107499242,0.868363678,-0.010265346,-0.158276603,0.469880521,0.017092712,-0.815367639,-0.993871510,0.895983934,0.060792111,-0.024892969,0.439200938
294,165640,53648,viewpoint,front,0.149565339,1.356261373,-0.754010320,-0.358869135,0.096934706,0.075145140,0.925294459,-0.069238730,-0.698439181,-1.071291685,0.863475740,0.078944586,-0.004458750,0.498154134,0.082455412,-0.718026996,-1.105068445,0.863013685,-0.008004447,-0.152156949,0.481655091,0.016008098,-0.815334916,-0.991163135,0.891145110,0.062828757,-0.032698922,0.448155969
295,165822,53830,viewpoint,front,0.149634123,1.356345296,-0.754586577,-0.359137058,0.096777253,0.075239316,0.925199330,-0.069764316,-0.701004386,-1.076124430,0.864915729,0.077446833,-0.002815929,0.495898068,0.082710743,-0.721083164,-1.110765696,0.863847792,-0.003692055,-0.145112038,0.482385635,0.015875168,-0.815615654,-0.992418885,0.891316652,0.058721524,-0.045849245,0.447218359
296,166002,54010,viewpoint,front,0.150126100,1.356472731,-0.755583882,-0.359157681,0.096103616,0.075177886,0.925266504,-0.070940062,-0.705483496,-1.081924558,0.868629813,0.076879285,-0.015053868,0.489229202,0.081861809,-0.721799731,-1.110493779,0.868747592,-0.007840772,-0.156025976,0.469970226,0.014417555,-0.815513492,-0.991066873,0.889567673,0.062014777,-0.027127441,0.451760560
297,166181,54189,viewpoint,front,0.150741935,1.356788874,-0.755812287,-0.358537078,0.094589725,0.074594200,0.925710380,-0.073145375,-0.706691146,-1.078591228,0.868937016,0.079760499,-0.009559422,0.488359839,0.079546236,-0.722904205,-1.109007478,0.863536954,-0.004256002,-0.149141446,0.481708080,0.012623262,-0.814277053,-0.986513078,0.885153115,0.064968742,-0.023489142,0.460142702
298,166361,54369,viewpoint,front,0.151174545,1.357481480,-0.755765676,-0.356578320,0.093100689,0.074639224,0.926613808,-0.076068714,-0.711145937,-1.076303244,0.866301477,0.078780875,-0.020394038,0.492848217,0.076899506,-0.731305122,-1.111893177,0.868067801,-0.004110442,-0.152976096,0.472270817,0.010160454,-0.816831708,-0.982171297,0.882024765,0.066111989,-0.023895798,0.465929717
299,166530,54538,viewpoint,front,0.151752353,1.358063459,-0.755470753,-0.355188161,0.091269553,0.074808694,0.927315950,-0.079173669,-0.709060788,-1.067296863,0.859627903,0.085892096,-0.008341691,0.503579974,0.071905732,-0.726133943,-1.098712206,0.861165583,-0.004952325,-0.162099689,0.481760353,0.006792799,-0.825400531,-0.987221360,0.888710022,0.066021755,-0.030511430,0.452663958
300,166708,54716,viewpoint,front,0.152037621,1.359135270,-0.754950047,-0.351889104,0.089722030,0.075384066,0.928677142,-0.084051058,-0.718127668,-1.066969395,0.862725556,0.084683239,-0.014624198,0.498316675,0.067864485,-0.734350443,-1.098041296,0.860986948,-0.003885182,-0.159155875,0.483069181,0.002973590,-0.831731617,-0.984124184,0.888446212,0.065682024,-0.035628669,0.452857435
301,166891,54899,viewpoint,front,0.152131677,1.362734914,-0.752285957,-0.341523319,0.087978996,0.077903986,0.932497978,-0.096084721,-0.745937228,-1.058934331,0.859255016,0.083058916,-0.019372623,0.504387558,0.056240819,-0.763845086,-1.090504169,0.853632450,-0.005727617,-0.159536794,0.495809317,-0.008678365,-0.854990005,-0.969782531,0.881316423,0.066227622,-0.036278643,0.466453731
302,167042,55050,viewpoint,front,0.152711153,1.368541360,-0.747447729,-0.324814379,0.082130499,0.081614479,0.938663602,-0.116848521,-0.775787175,-1.030826211,0.841042280,0.086457312,-0.029168267,0.533218741,0.033918932,-0.802731216,-1.073535919,0.845780730,-0.008380316,-0.173858866,0.504339039,,,,,,,
303,167208,55216,viewpoint,front,0.153549671,1.373859763,-0.742713332,-0.308916777,0.072620280,0.087760694,0.944243014,-0.148117840,-0.813009202,-1.017190695,0.837139308,0.088158861,-0.047418676,0.537752032,0.001975901,-0.836011231,-1.055113673,0.833114207,-0.003510176,-0.181709483,0.522388935,,,,,,,
304,167400,55408,viewpoint,front,0.154499888,1.378644109,-0.736703038,-0.293259591,0.063256189,0.092701435,0.949422956,-0.173962608,-0.838753879,-0.995412946,0.824089408,0.092024654,-0.062677935,0.555409431,-0.024795135,-0.868690610,-1.041868925,0.826034606,-0.002076861,-0.188696727,0.531089425,,,,,,,
305,167580,55588,viewpoint,front,0.157761097,1.384161592,-0.728490472,-0.275113523,0.045316078,0.093487844,0.955781877,-0.206835225,-0.877364874,-0.972871304,0.813767433,0.098910503,-0.082567856,0.566729069,-0.059437353,-0.907022297,-1.022312880,0.809703767,0.009246414,-0.198566258,0.552146614,,,,,,,
306,167746,55754,viewpoint,front,0.160698891,1.389855742,-0.720349312,-0.256079942,0.028789800,0.092302360,0.961807907,,,,,,,,,,,,,,,,,,,,,
307,167900,55908,viewpoint,front,0.161900282,1.393829226,-0.712714434,-0.243458793,0.025922805,0.088976488,0.965473473,,,,,,,,,,,,,,,,,,,,,
308,168053,56061,viewpoint,front,0.162649512,1.395949602,-0.706307173,-0.237193078,0.022679612,0.087195769,0.967275560,,,,,,,,,,,,,,,,,,,,,
309,168217,56225,viewpoint,front,0.161388397,1.398860455,-0.699120998,-0.226787686,0.025386376,0.086858027,0.969731152,,,,,,,,,,,,,,,,,,,,,
310,168366,56374,viewpoint,front,0.159702539,1.400691271,-0.694040179,-0.220033884,0.028240591,0.085581653,0.971320391,,,,,,,,,,,,,,,,,,,,,
311,168526,56534,viewpoint,front,0.156868935,1.403393388,-0.688047886,-0.208545730,0.035421543,0.084538206,0.973708034,,,,,,,,,,,,,,,,,,,,,
312,168694,56702,viewpoint,front,0.153690577,1.404590368,-0.684567451,-0.203537643,0.040828940,0.084975556,0.974517643,,,,,,,,,,,,,,,,,,,,,
313,168852,56860,viewpoint,front,0.149186850,1.405724406,-0.679551721,-0.196616039,0.050147466,0.085253254,0.975479007,,,,,,,,,,,,,,,,,,,,,
314,169009,57017,viewpoint,front,0.145909309,1.406107306,-0.676257253,-0.194718540,0.053442474,0.084146209,0.975780725,,,,,,,,,,,,,,,,,,,,,
315,169177,57185,viewpoint,front,0.141566992,1.405288458,-0.674697399,-0.196068078,0.056272291,0.084815376,0.975293338,,,,,,,,,,,,,,,,,,,,,
316,169329,57337,viewpoint,front,0.137291551,1.403866887,-0.673983455,-0.200180814,0.053697541,0.086280756,0.974474132,,,,,,,,,,,,,,,,,,,,,
317,169485,57493,viewpoint,front,0.134003878,1.402989864,-0.673965812,-0.203520581,0.050568968,0.086033069,0.973971486,,,,,,,,,,,,,,,,,,,,,
318,169650,57658,viewpoint,front,0.131586313,1.401913166,-0.674902081,-0.205853909,0.049814776,0.086661249,0.973464191,,,,,,,,,,,,,,,,,,,,,
319,169803,57811,viewpoint,front,0.131483912,1.400879860,-0.675732970,-0.208429873,0.049115159,0.087217204,0.972901762,,,,,,,,,,,,,,,,,,,,,
320,169970,57978,viewpoint,front,0.132585287,1.400590181,-0.676233172,-0.208689988,0.050420322,0.087645248,0.972740769,,,,,,,,,,,,,,,,,,,,,
321,170124,58132,viewpoint,front,0.134154081,1.400289893,-0.677272677,-0.209225014,0.051667992,0.087095343,0.972609758,,,,,,,,,,,,,,,,,,,,,
322,170262,58270,viewpoint,front,0.133593321,1.402557373,-0.676918626,-0.199158281,0.060295116,0.089042991,0.974049211,,,,,,,,,,,,,,,,,,,,,
323,170389,58397,viewpoint,front,0.129193068,1.408592105,-0.673738599,-0.173695102,0.083074912,0.090166278,0.977137983,,,,,,,,,,,,,,,,,,,,,
324,170513,58521,viewpoint,front,0.125830650,1.413266540,-0.668680310,-0.154093146,0.105482392,0.091556847,0.978133976,,,,,,,,,,,,,,,,,,,,,
325,170652,58660,viewpoint,front,0.122893333,1.416200399,-0.663949370,-0.142469063,0.123207800,0.091970585,0.977785170,,,,,,,,,,,,,,,,,,,,,
326,170803,58811,viewpoint,front,0.119687319,1.417389989,-0.660671830,-0.137835637,0.136436895,0.096301384,0.976274729,,,,,,,,,,,,,,,,,,,,,
327,170928,58936,viewpoint,front,0.117466688,1.417412996,-0.659421325,-0.137971371,0.146504179,0.099925265,0.974430799,,,,,,,,,,,,,,,,,,,,,
328,171071,59079,viewpoint,front,0.117082834,1.417654276,-0.658853412,-0.138561621,0.150594622,0.100130796,0.973702133,,,,,,,,,,,,,,,,,,,,,
329,171208,59216,viewpoint,front,0.118392229,1.417410731,-0.658434749,-0.140818119,0.148295358,0.098009750,0.973947048,,,,,,,,,,,,,,,,,,,,,
330,171351,59359,viewpoint,front,0.120007157,1.417266488,-0.658337951,-0.142299056,0.142376393,0.096372426,0.974778056,,,,,,,,,,,,,,,,,,,,,
331,171487,59495,viewpoint,front,0.120586395,1.417136192,-0.658570170,-0.143674135,0.138493434,0.096673600,0.975105882,,,,,,,,,,,,,,,,,,,,,
332,171634,59642,viewpoint,front,0.120577455,1.416370630,-0.659680128,-0.146737665,0.136725634,0.096977286,0.974869013,,,,,,,,,,,,,,,,,,,,,
333,171772,59780,viewpoint,front,0.120887280,1.416096568,-0.660389185,-0.148322344,0.136226460,0.097004831,0.974696279,,,,,,,,,,,,,,,,,,,,,
334,171913,59921,viewpoint,front,0.121670365,1.416215658,-0.661487341,-0.148669168,0.134617463,0.096208692,0.974945903,,,,,,,,,,,,,,,,,,,,,
335,172069,60077,viewpoint,front,0.121170521,1.416078806,-0.662251353,-0.148822933,0.136689276,0.096292399,0.974625885,,,,,,,,,,,,,,,,,,,,,
336,172305,60313,viewpoint,front,0.120697737,1.415395737,-0.663953066,-0.151217237,0.136648342,0.097757548,0.974117041,,,,,,,,,,,,,,,,,,,,,
337,172346,60354,viewpoint,front,0.120852709,1.414642811,-0.665567517,-0.153999224,0.134141430,0.097303160,0.974075198,,,,,,,,,,,,,,,,,,,,,
338,172484,60492,viewpoint,front,0.120824575,1.414293289,-0.666304708,-0.154948875,0.132342219,0.097653151,0.974135637,,,,,,,,,,,,,,,,,,,,,
339,172641,60649,viewpoint,front,0.123069048,1.413211107,-0.668647885,-0.158739135,0.121464364,0.095132537,0.975191355,,,,,,,,,,,,,,,,,,,,,
340,172764,60772,viewpoint,front,0.124440789,1.412287474,-0.669789314,-0.161628440,0.116965458,0.093666606,0.975408614,,,,,,,,,,,,,,,,,,,,,
341,172905,60913,viewpoint,front,0.125424862,1.411694765,-0.670842409,-0.163786978,0.113935351,0.092946902,0.975476027,,,,,,,,,,,,,,,,,,,,,
342,173044,61052,viewpoint,front,0.126302958,1.410733938,-0.671706557,-0.167562708,0.112633802,0.091510579,0.975121617,,,,,,,,,,,,,,,,,,,,,
343,173182,61190,viewpoint,front,0.126217008,1.410116792,-0.672116160,-0.169447005,0.112838663,0.090794273,0.974839211,,,,,,,,,,,,,,,,,,,,,
344,173321,61329,viewpoint,front,0.125665903,1.408942938,-0.672824025,-0.174152881,0.112888746,0.089606680,0.974113762,,,,,,,,,,,,,,,,,,,,,
345,173458,61466,viewpoint,front,0.125560045,1.405813694,-0.675902486,-0.187081069,0.108879089,0.088335253,0.972287476,,,,,,,,,,,,,,,,,,,,,
346,173612,61620,viewpoint,front,0.127151370,1.403985620,-0.679351807,-0.193619058,0.102092296,0.089055881,0.971677899,,,,,,,,,,,,,,,,,,,,,
347,173766,61774,viewpoint,front,0.129517555,1.402900696,-0.681874156,-0.197203770,0.096230634,0.087338418,0.971711040,,,,,,,,,,,,,,,,,,,,,
348,173916,61924,viewpoint,front,0.131706715,1.403336883,-0.682700396,-0.195252687,0.091425359,0.086254224,0.972665429,,,,,,,,,,,,,,,,,,,,,
349,174071,62079,viewpoint,front,0.132562160,1.404056311,-0.683358550,-0.193622187,0.089370362,0.085735030,0.973228097,,,,,,,,,,,,,,,,,,,,,
350,174237,62245,viewpoint,front,0.132359266,1.404646277,-0.683627248,-0.191932172,0.089182019,0.086664200,0.973497808,,,,,,,,,,,,,,,,,,,,,
351,174417,62425,viewpoint,front,0.130991817,1.405272603,-0.683602333,-0.190062314,0.091300234,0.087473772,0.973595917,,,,,,,,,,,,,,,,,,,,,
352,174559,62567,viewpoint,front,0.128963113,1.405210376,-0.683785319,-0.189957470,0.091977522,0.089488566,0.973369420,,,,,,,,,,,,,,,,,,,,,
353,174727,62735,viewpoint,front,0.127142668,1.404727340,-0.684529543,-0.190896422,0.092424996,0.091314740,0.972973704,,,,,,,,,,,,,,,,,,,,,
354,174880,62888,viewpoint,front,0.126295447,1.403534770,-0.685908556,-0.193624437,0.090902977,0.092997096,0.972418487,,,,,,,,,,,,,,,,,,,,,
355,175036,63044,viewpoint,front,0.126739979,1.401747465,-0.688194633,-0.199843422,0.088949576,0.092059337,0.971429706,,,,,,,,,,,,,,,,,,,,,
356,175221,63229,viewpoint,front,0.128524542,1.398224473,-0.693261266,-0.210928500,0.089156859,0.091296092,0.969136357,,,,,,,,,,,,,,,,,,,,,
357,175379,63387,viewpoint,front,0.130664229,1.389450431,-0.706832409,-0.231959596,0.085932553,0.093800984,0.964371145,,,,,,,,,,,,,,,,,,,,,
358,175528,63536,viewpoint,front,0.132029414,1.373292923,-0.728636503,-0.274130583,0.083954558,0.102758415,0.952493966,-0.151949406,-0.868961275,-0.968896508,0.806282640,0.069767497,-0.060650609,0.584262133,-0.002372365,-0.917026639,-1.022175908,0.813078761,-0.021588428,-0.174557164,0.554947495,,,,,,,
359,175724,63732,viewpoint,front,0.133440971,1.354673386,-0.753327608,-0.313145697,0.079288781,0.117126934,0.939113617,-0.181843027,-0.778322339,-1.003171563,0.838734865,0.060608461,-0.065395884,0.537190616,-0.034423579,-0.817608774,-1.050874472,0.836734891,-0.028118009,-0.196115360,0.510512471,,,,,,,
360,175914,63922,viewpoint,front,0.137326479,1.327721477,-0.786874890,-0.346581846,0.079775438,0.123349167,0.926445842,-0.188078299,-0.715498209,-1.019134402,0.862893462,0.059164707,-0.057742558,0.498578161,-0.039663572,-0.744923115,-1.057405591,0.852899849,-0.025563134,-0.192328051,0.484683752,-0.105763942,-0.837829947,-0.941013157,0.889435709,0.029149221,-0.106476530,0.443528175
361,176081,64089,viewpoint,front,0.139369488,1.289754987,-0.826506019,-0.372264653,0.089540355,0.119523764,0.916032553,-0.162997276,-0.654793322,-1.003614426,0.878481686,0.056464922,-0.049069755,0.471883267,-0.013515290,-0.679903686,-1.035395503,0.869000375,-0.025879217,-0.181987226,0.459401071,-0.082700595,-0.779775023,-0.926904380,0.905008078,0.029535670,-0.086287268,0.415502757
362,176263,64271,viewpoint,front,0.137538075,1.238385081,-0.866272926,-0.392665029,0.117533229,0.115375221,0.904814184,-0.118112378,-0.608408093,-0.974224925,0.885234296,0.035530496,-0.025942346,0.463060230,0.032744460,-0.634650111,-0.999498248,0.880672097,-0.041103482,-0.168178096,0.440957308,-0.043815024,-0.740668058,-0.901181042,0.917858779,0.016493617,-0.057024390,0.392443001
363,176456,64464,viewpoint,front,0.138742089,1.192364454,-0.890425205,-0.442931533,0.127508149,0.106941909,0.880974889,-0.074350044,-0.498175621,-0.986584008,0.911636114,0.031865768,0.002441113,0.409753948,0.077326298,-0.517049253,-1.000746608,0.906177461,-0.035801627,-0.144764036,0.395732254,-0.001820115,-0.630026817,-0.912804842,0.928318918,0.027794730,0.006216212,0.370692313
364,176671,64679,viewpoint,front,0.144028664,1.167083859,-0.903473258,-0.459499061,0.122717239,0.108446829,0.872949243,-0.083542779,-0.456467271,-0.978834748,0.919215858,0.037004299,-0.000102052,0.392011255,0.068866536,-0.476067603,-0.999038458,0.914853871,-0.030135538,-0.146120548,0.375210673,-0.010384243,-0.592476487,-0.912626565,0.954190969,0.019397235,-0.021840366,0.297769010
365,176903,64911,viewpoint,front,0.150547981,1.150633335,-0.911528945,-0.468148559,0.126174033,0.103876062,0.868404746,-0.075187996,-0.431384981,-0.963648975,0.915923834,0.033542521,-0.008593814,0.399855822,0.077183329,-0.451882899,-0.987122297,0.920380771,-0.028172776,-0.140683964,0.363749415,-0.002059449,-0.568120837,-0.900556624,0.947339296,0.021126576,-0.030464312,0.318078339
366,177124,65132,viewpoint,front,0.164582491,1.137288213,-0.914483070,-0.480661809,0.121570110,0.097211972,0.862980187,-0.079881802,-0.399313211,-0.967400134,0.922540843,0.042550102,-0.002403510,0.383538991,0.073082000,-0.415591359,-0.990005612,0.925311089,-0.017606229,-0.123967096,0.357940823,-0.004458791,-0.534936726,-0.905230880,0.949394226,0.030823505,-0.012986509,0.312300980
367,177335,65343,viewpoint,front,0.179394841,1.126258016,-0.909012556,-0.500727654,0.110499598,0.092614301,0.853512883,-0.093782082,-0.345400870,-0.978552938,0.931887686,0.055578724,0.007645422,0.358382314,0.059562348,-0.357141227,-1.002912164,0.931044817,-0.001944732,-0.125003293,0.342820615,-0.014843378,-0.482310295,-0.923896849,0.957973242,0.045288701,-0.003921942,0.283232898
368,177569,65577,viewpoint,front,0.188368082,1.125663877,-0.902737856,-0.508548141,0.094017804,0.096962221,0.850375116,-0.125595719,-0.318922937,-0.982476294,0.936088920,0.067193061,-0.008100621,0.345191330,0.026126686,-0.328877509,-1.012250423,0.932587504,0.007153494,-0.137817532,0.333520114,-0.043873683,-0.454585165,-0.931379080,0.959404707,0.054073088,-0.028580589,0.275321275
369,177817,65825,viewpoint,front,0.175445318,1.118726254,-0.891406775,-0.511564016,0.104468420,0.101219505,0.846843123,-0.101785667,-0.300228238,-0.985821843,0.938039064,0.054821491,-0.005561019,0.342120409,0.050662458,-0.311438411,-1.009676099,0.935189903,-0.003118413,-0.143370762,0.323813111,-0.023351811,-0.437804163,-0.934498727,0.954336047,0.041804805,-0.016063498,0.295359164
370,178032,66040,viewpoint,front,0.158875227,1.111250162,-0.867820263,-0.508713782,0.098118886,0.090385236,0.850537181,-0.074586421,-0.293238312,-0.987394512,0.941521704,0.068458855,0.008716957,0.329809427,0.077040918,-0.298050255,-1.002121091,0.932503462,0.006483531,-0.148685873,0.329071194,0.007896863,-0.428532779,-0.934263468,0.966124892,0.047705308,-0.052803390,0.248069957
371,178248,66256,viewpoint,front,0.150624275,1.112757444,-0.839465618,-0.502773106,0.101535991,0.076207370,0.855045080,-0.033627406,-0.288694531,-0.991862595,0.931703568,0.075299598,0.021581499,0.354672641,0.119617358,-0.294161797,-1.014607549,0.931539893,0.011791359,-0.126841441,0.340595990,0.050574563,-0.422966361,-0.940903783,0.956308007,0.059910111,-0.003420041,0.286136538
372,178444,66452,viewpoint,front,0.169480085,1.120061636,-0.818674803,-0.496986359,0.121288680,0.087019518,0.854822338,-0.038688630,-0.278587610,-1.011903882,0.930518329,0.050436605,0.018947398,0.362260729,0.115484953,-0.291112989,-1.035931349,0.931940675,-0.012935960,-0.125620246,0.339909941,0.039580412,-0.415293485,-0.957289696,0.958703578,0.036820523,-0.021650845,0.281181484
373,178667,66675,viewpoint,front,0.207926631,1.133496046,-0.801250696,-0.491839141,0.100533202,0.103033952,0.858703256,-0.124492712,-0.265622824,-1.026986599,0.934509516,0.058112971,-0.000308565,0.351161987,0.026931655,-0.279316425,-1.059953570,0.927932858,-0.007731410,-0.148732916,0.341700733,-0.045893870,-0.402773321,-0.978105128,0.961350441,0.037342962,-0.050766241,0.268018067
374,178891,66899,viewpoint,front,0.230213046,1.148978233,-0.785689354,-0.479961783,0.129399508,0.100312479,0.861875772,-0.098551132,-0.282957256,-1.050620079,0.929394662,0.039772347,0.012337484,0.366730899,0.053901665,-0.300530434,-1.073105574,0.926444411,-0.029545940,-0.133817717,0.350600362,-0.025599122,-0.417073607,-0.985438824,0.953345597,0.015540344,-0.030382644,0.299945951
375,179113,67121,viewpoint,front,0.222786784,1.141091347,-0.781141400,-0.485088319,0.132724628,0.111222476,0.857148230,-0.097436160,-0.259691268,-1.048460007,0.932745278,0.028398016,0.007246921,0.359342873,0.054702200,-0.278324634,-1.066409349,0.926588655,-0.036597159,-0.140188053,0.347046733,-0.027167445,-0.397976518,-0.990477204,0.959521294,0.007506011,-0.043673865,0.278127998
376,179352,67360,viewpoint,front,0.198375821,1.129076838,-0.785970330,-0.490204513,0.138543501,0.118635662,0.852309108,-0.076276064,-0.248894915,-1.036637664,0.933928609,0.020398406,0.011829142,0.356680989,0.075715289,-0.270876288,-1.056094527,0.930551827,-0.047847334,-0.145280212,0.332682371,-0.009145968,-0.389451921,-0.979996026,0.961836040,-0.002365630,-0.038829640,0.270847082
377,179583,67591,viewpoint,front,0.193027854,1.104332447,-0.801848292,-0.505855501,0.137879819,0.113651246,0.843909264,-0.061715446,-0.214200795,-1.014266610,0.937890708,0.021769403,0.011263561,0.346064001,0.090550005,-0.233733922,-1.033521652,0.935585797,-0.038739104,-0.132709622,0.324910313,0.007502437,-0.356503129,-0.964456439,0.965008438,0.007334988,-0.029742496,0.260423392
378,179822,67830,viewpoint,front,0.190158248,1.091696739,-0.810349464,-0.518761098,0.141265288,0.117306605,0.834967196,-0.057096153,-0.190183669,-1.010022283,0.946042776,0.019338839,0.014865684,0.323122442,0.095588639,-0.209332228,-1.026542306,0.941759527,-0.039902143,-0.135308251,0.305267960,0.011038952,-0.332571387,-0.956825018,0.968242705,0.003198470,-0.020842541,0.249121368
379,180082,68090,viewpoint,front,0.190084338,1.079964757,-0.818868995,-0.525231481,0.134007052,0.121562429,0.831502616,-0.073059104,-0.175564498,-0.995950997,0.949460208,0.020622762,0.009465463,0.313066214,0.079103574,-0.195260599,-1.016924262,0.943892837,-0.039872333,-0.140615374,0.296148419,-0.005188985,-0.318142682,-0.944826722,0.966368079,0.003614255,-0.021084527,0.256271631
380,180337,68345,viewpoint,front,0.189117432,1.055036664,-0.831324458,-0.530999660,0.137647912,0.116761804,0.827924609,-0.061095983,-0.163080618,-0.965418041,0.946116924,0.018101329,0.011200292,0.323124856,0.091209188,-0.183200464,-0.990429223,0.948028624,-0.039433144,-0.135991782,0.284943849,0.007013105,-0.307639897,-0.921489894,0.970726788,0.002734357,-0.019592978,0.239370525
381,180598,68606,viewpoint,front,0.190553308,1.043462038,-0.840528727,-0.529655933,0.135548159,0.108234338,0.830287099,-0.058546856,-0.174965292,-0.956621110,0.950380385,0.028671054,0.024277801,0.308813274,0.094235256,-0.191636264,-0.974031150,0.946028709,-0.030962154,-0.129719183,0.295370996,0.011491332,-0.317470193,-0.906727433,0.972247779,0.008743227,-0.027301049,0.232190564
382,180865,68873,viewpoint,front,0.194791913,1.037657857,-0.842970610,-0.530398428,0.130636051,0.107766092,0.830661297,-0.068922311,-0.171119452,-0.946137011,0.947556853,0.031296898,0.019954991,0.317424476,0.083614305,-0.187233612,-0.968583465,0.945829213,-0.026115347,-0.129712850,0.296478868,0.002565838,-0.314618468,-0.902522445,0.975235522,0.015908157,-0.017761722,0.219879836
383,181113,69121,viewpoint,front,0.201979995,1.029278755,-0.845305562,-0.529242754,0.126275629,0.100086488,0.833030164,-0.072687730,-0.173551813,-0.939532638,0.947720230,0.036865443,0.015465596,0.316588312,0.079523914,-0.186322108,-0.956571519,0.945568502,-0.018782236,-0.133638874,0.296121806,-0.000387773,-0.309640586,-0.878182113,0.954596758,0.026707154,-0.000432273,0.296701193
384,181378,69386,viewpoint,front,0.205653548,1.022561550,-0.847653747,-0.533723414,0.124222569,0.098276109,0.830692410,-0.075612664,-0.163856417,-0.934625268,0.950824380,0.046965901,0.024659043,0.305154294,0.076804802,-0.174882203,-0.950474977,0.945101976,-0.015309648,-0.130176589,0.299335718,-0.002634203,-0.297777474,-0.868736506,0.949478984,0.030356007,-0.001025589,0.312357396
385,181655,69663,viewpoint,front,0.206793308,1.018698573,-0.850239515,-0.536749244,0.124508284,0.096812829,0.828869879,-0.074677989,-0.158276543,-0.932214797,0.951002300,0.043037895,0.020301616,0.305499941,0.078165002,-0.169081017,-0.949559927,0.947563171,-0.010391764,-0.128102258,0.292584836,-0.000844527,-0.293717504,-0.870822966,0.956454039,0.031184569,0.003781790,0.290187806
386,181906,69914,viewpoint,front,0.203406453,1.014829278,-0.853512049,-0.539924860,0.126233891,0.099326901,0.826244712,-0.072457664,-0.153475434,-0.929971516,0.953267694,0.042629026,0.024494482,0.298099786,0.080061756,-0.164471641,-0.942607224,0.948007882,-0.017425310,-0.128649607,0.290562719,0.000331152,-0.290322840,-0.870618641,0.958687246,0.025286397,0.002440086,0.283325702
387,182166,70174,viewpoint,front,0.198544502,1.008321285,-0.859485030,-0.545350254,0.128776640,0.099855781,0.822215617,-0.064813092,-0.144961551,-0.922857940,0.954479337,0.037181497,0.027130762,0.294704467,0.088156953,-0.156605870,-0.935198903,0.949487448,-0.018319441,-0.119726501,0.289488405,0.007420935,-0.283172190,-0.865084648,0.960954070,0.025080381,0.002442067,0.275558203
388,182431,70439,viewpoint,front,0.195113182,1.001764059,-0.864173055,-0.549909770,0.130569696,0.100753918,0.818779230,-0.059422269,-0.136476889,-0.912611842,0.953617275,0.035985433,0.026653541,0.297672331,0.092932835,-0.148960903,-0.928619325,0.951799870,-0.018772792,-0.122795448,0.280438721,0.011874016,-0.275778085,-0.859819949,0.961193502,0.023975482,0.013248933,0.274511755
389,182694,70702,viewpoint,front,0.196695566,0.997970283,-0.865461349,-0.553858817,0.128736421,0.098510712,0.816678047,-0.059946489,-0.129366308,-0.915824950,0.957338452,0.035271034,0.023854315,0.285814643,0.092449836,-0.140190601,-0.926064789,0.953318715,-0.015403255,-0.122803248,0.275437027,0.012114275,-0.268169254,-0.859339356,0.964161813,0.025413398,0.011794241,0.263831586
390,182960,70968,viewpoint,front,0.201067209,0.996635497,-0.866365075,-0.555829585,0.125348538,0.095645808,0.816206574,-0.065455452,-0.126054004,-0.918903828,0.961015224,0.043454621,0.031150252,0.271276772,0.087245569,-0.134666443,-0.924106956,0.953770876,-0.010246966,-0.124045387,0.273548692,0.008292042,-0.263261855,-0.857173562,0.962931812,0.029118115,0.002055890,0.268160939
391,183224,71232,viewpoint,front,0.204535127,0.996631265,-0.868199110,-0.555793464,0.123351514,0.093088575,0.816830814,-0.068903692,-0.127523854,-0.913216829,0.956844926,0.048506971,0.028791407,0.285071671,0.084158406,-0.136220634,-0.927920699,0.953608215,-0.009339608,-0.117157489,0.277161092,0.005470455,-0.263664365,-0.852869451,0.957968056,0.033262134,0.014469296,0.284572393
392,183488,71496,viewpoint,front,0.206663489,0.992423475,-0.870208025,-0.559017956,0.122371137,0.091215976,0.814987063,-0.069695726,-0.122038022,-0.911512136,0.960076272,0.051056474,0.035306931,0.272764027,0.083419003,-0.129103631,-0.923238039,0.954382122,-0.004766367,-0.115625359,0.275250554,0.005537938,-0.257782340,-0.851295710,0.959008098,0.035078887,0.014729097,0.280813187
393,183750,71758,viewpoint,front,0.208841920,0.988908112,-0.871867657,-0.560734570,0.121304505,0.090322651,0.814066231,-0.072000116,-0.117037266,-0.906699777,0.959897101,0.049731493,0.037064355,0.273405463,0.080825001,-0.124269277,-0.919434786,0.954479754,-0.004223940,-0.118465975,0.273708701,0.003529161,-0.254548758,-0.851504445,0.964833260,0.038854565,0.021398691,0.259093106
394,184001,72009,viewpoint,front,0.211761951,0.983754694,-0.873647809,-0.563415110,0.119315580,0.087888263,0.812774777,-0.074345283,-0.112244636,-0.903862774,0.961615682,0.054838926,0.034585904,0.266630501,0.078944080,-0.118624315,-0.918407619,0.957084417,0.000476151,-0.120061301,0.263769716,0.002587166,-0.249744937,-0.849770308,0.964543462,0.040853266,0.007552654,0.260633737
395,184267,72275,viewpoint,front,0.212162018,0.980171442,-0.877655864,-0.566127360,0.118740708,0.086884588,0.811080456,-0.074641794,-0.109310076,-0.902082264,0.960852861,0.053056192,0.033480790,0.269862741,0.078224339,-0.114342660,-0.908567429,0.956356525,-0.000601185,-0.115842633,0.268257886,0.002555374,-0.246695325,-0.845959008,0.965090215,0.040928692,0.008097976,0.258573353
396,184531,72539,viewpoint,front,0.210628271,0.974726677,-0.883629203,-0.570458889,0.120094240,0.087277927,0.807797372,-0.071917549,-0.102467850,-0.890986085,0.958635092,0.050475240,0.032163322,0.278274298,0.081335381,-0.108963400,-0.907006204,0.959120691,0.001305238,-0.112609327,0.259624720,0.004621454,-0.241674766,-0.842493594,0.968634427,0.038999297,0.012720736,0.245080858
397,184792,72800,viewpoint,front,0.210484266,0.966363549,-0.891309023,-0.577250063,0.120404728,0.086249731,0.803023100,-0.070601359,-0.093893632,-0.885100305,0.964605093,0.053451780,0.039111990,0.255245268,0.082680747,-0.099007338,-0.895541668,0.961091578,0.002825310,-0.113032013,0.252029330,0.005660541,-0.231036156,-0.830496728,0.962742507,0.040745635,0.011288591,0.267094105
398,185056,73064,viewpoint,front,0.210823298,0.958119869,-0.901341438,-0.583385587,0.121960647,0.083545446,0.798628211,-0.067132786,-0.087756634,-0.869420409,0.966753006,0.052548133,0.043489758,0.246446818,0.086139157,-0.092096284,-0.885856330,0.963157773,0.004620758,-0.106194884,0.247039363,0.010002732,-0.226876646,-0.827513337,0.970018566,0.040525522,0.013785944,0.239231467
399,185306,73314,viewpoint,front,0.211080551,0.949180663,-0.910317302,-0.591108859,0.122657530,0.082133085,0.792968810,-0.065400749,-0.078036144,-0.863872766,0.970048666,0.053246301,0.042271048,0.233202949,0.086898565,-0.080750093,-0.866235197,0.964626193,0.003996481,-0.113884144,0.237719819,0.011754006,-0.216747612,-0.818681657,0.968176603,0.040134575,0.016695770,0.246464029
400,185583,73591,viewpoint,front,0.211867213,0.942920923,-0.917367697,-0.595872700,0.122489385,0.080708392,0.789568424,-0.065340385,-0.073003948,-0.852683306,0.968958318,0.053381633,0.037397649,0.238477781,0.086231068,-0.075545073,-0.855631411,0.964355350,0.003754344,-0.110907800,0.240216881,0.012401287,-0.213032469,-0.816159070,0.970469356,0.042367034,0.016492963,0.236901358
401,185833,73841,viewpoint,front,0.213743210,0.940865517,-0.922101021,-0.597198725,0.121825501,0.078543946,0.788887203,-0.066358387,-0.074457020,-0.855250657,0.970959306,0.056511257,0.046995580,0.227675036,0.085959986,-0.076434642,-0.854230464,0.965277255,0.007384206,-0.108106583,0.237693682,0.011605494,-0.212776080,-0.809229910,0.967604756,0.046010472,0.021464577,0.247312412
402,186114,74122,viewpoint,front,0.216141224,0.941248655,-0.920315981,-0.596503377,0.120785318,0.077194713,0.789706051,-0.068169467,-0.073857903,-0.853478789,0.969004571,0.059348334,0.046684623,0.235219941,0.083985642,-0.075216740,-0.856423318,0.964981973,0.009288567,-0.103548326,0.240834579,0.010535732,-0.213114411,-0.815286636,0.971368432,0.043611914,0.021269280,0.232570335
403,186375,74383,viewpoint,front,0.216590047,0.941249967,-0.918912530,-0.593638182,0.122055605,0.076502070,0.791734517,-0.066355556,-0.079017684,-0.854718745,0.970082939,0.056885835,0.049569581,0.230750740,0.085654162,-0.080513611,-0.856316268,0.964359879,0.007145932,-0.105958521,0.242346436,0.011706933,-0.217059910,-0.809241891,0.965738237,0.045836262,0.017877130,0.254812002
404,186626,74634,viewpoint,front,0.211548209,0.954209685,-0.919454455,-0.582752824,0.124066807,0.078367539,0.799290359,-0.063833371,-0.106080443,-0.860356987,0.965444326,0.056259539,0.049440823,0.249615148,0.089697853,-0.110209137,-0.877805591,0.962499201,0.006728103,-0.097128198,0.253211647,0.013322156,-0.244501635,-0.816750646,0.965189874,0.042877130,0.020607954,0.257187575
405,186847,74855,viewpoint,front,0.202541590,0.993115604,-0.918361306,-0.550181210,0.129632071,0.084393896,0.820593596,-0.063662916,-0.185269937,-0.891308188,0.954689264,0.046487402,0.036606379,0.291662991,0.089630976,-0.193356410,-0.901333809,0.952599764,-0.006354281,-0.105929643,0.285117924,0.011200182,-0.322221398,-0.833650768,0.957145691,0.033230770,0.008048964,0.287581384
406,187084,75092,viewpoint,front,0.197021484,1.022188187,-0.911702156,-0.525613010,0.132847071,0.087990746,0.835667551,-0.064134158,-0.241062537,-0.899396777,0.940170765,0.042779341,0.030028647,0.336670697,0.089181975,-0.254376829,-0.919950366,0.944098592,-0.016251810,-0.106727585,0.311485112,0.008848768,-0.375149041,-0.837422371,0.943173945,0.028974107,0.017142819,0.330589682
407,187305,75313,viewpoint,front,0.191683769,1.050094485,-0.901739120,-0.500149727,0.136443198,0.086675406,0.850717902,-0.058331553,-0.298351645,-0.916119337,0.934944391,0.041135468,0.026889868,0.351374149,0.095074445,-0.312480211,-0.932083309,0.935676754,-0.020609891,-0.113436535,0.333491147,0.013521772,-0.427409798,-0.840250790,0.934711397,0.028124163,0.014873746,0.353980839
408,187527,75535,viewpoint,front,0.190206051,1.083196282,-0.888970017,-0.468971223,0.128997251,0.083139740,0.869777858,-0.068025813,-0.375565886,-0.925560117,0.920659184,0.048645046,0.019291291,0.386843890,0.085150458,-0.387849152,-0.939083159,0.919273913,-0.019200467,-0.119896546,0.374421746,0.006671969,-0.498861015,-0.842524230,0.919709742,0.037873380,0.006814615,0.390708596
409,187737,75745,viewpoint,front,0.198068142,1.113172293,-0.876265407,-0.439386427,0.111175612,0.069616668,0.888669312,-0.082329139,-0.445937574,-0.922962248,0.903134584,0.075427681,0.011127084,0.422533840,0.070219964,-0.456078351,-0.944860041,0.905778885,-0.001848002,-0.130193844,0.403250277,-0.000924215,-0.562193513,-0.838050842,0.909505486,0.061434671,0.001931812,0.411122710
410,187929,75937,viewpoint,front,0.218608737,1.138908029,-0.862520218,-0.412371397,0.084403850,0.041199241,0.906161368,-0.091948591,-0.508814335,-0.917118549,0.886235952,0.112621740,0.014312636,0.449107200,0.060438663,-0.512739778,-0.947920322,0.891411543,0.032249056,-0.117676482,0.436460406,-0.001085039,-0.613560438,-0.827693880,0.887391388,0.094984598,-0.007978702,0.451055259
411,188122,76130,viewpoint,front,0.242298365,1.162344575,-0.849900723,-0.377682567,0.065554917,0.008436070,0.923573136,-0.083734311,-0.601989150,-0.905709147,0.867029428,0.148266315,0.015503233,0.475433141,0.067950696,-0.593476295,-0.933336735,0.870580077,0.065169632,-0.110951804,0.474903136,0.016161405,-0.687330663,-0.803692997,0.859020948,0.126755357,-0.015767548,0.495749354
412,188308,76316,viewpoint,front,0.260220289,1.178721070,-0.839059591,-0.349053800,0.061012708,-0.013816084,0.935012341,-0.066817217,-0.665883303,-0.885298610,0.844915628,0.164009407,0.023665963,0.508584619,0.085031770,-0.654471457,-0.914116859,0.852266490,0.077106766,-0.097937226,0.508040190,,,,,,,
413,188512,76520,viewpoint,front,0.272022605,1.190200686,-0.830711603,-0.329813808,0.066383570,-0.015890833,0.941575050,-0.070596412,-0.704833984,-0.875947118,0.833560407,0.158625945,0.022534382,0.528684378,0.081605263,-0.693053722,-0.901203275,0.843351185,0.069950789,-0.098622642,0.523583174,,,,,,,
414,188708,76716,viewpoint,front,0.276846528,1.195088267,-0.821763396,-0.321509957,0.089657687,0.008820524,0.942610741,-0.092046924,-0.709444284,-0.880696654,0.836813569,0.128148600,0.015351112,0.532057643,0.061181754,-0.707818151,-0.903389871,0.840310156,0.038817808,-0.098409288,0.531683862,,,,,,,
415,188904,76912,viewpoint,front,0.266859531,1.189528704,-0.814498067,-0.323450178,0.127881095,0.047813848,0.936344087,-0.107866004,-0.676807106,-0.895030677,0.846901834,0.070154779,0.013840276,0.526919425,0.045502067,-0.692136168,-0.911680877,0.849874258,-0.020274842,-0.109720774,0.515037954,,,,,,,
416,189098,77106,viewpoint,front,0.246871829,1.177706361,-0.807705879,-0.329772294,0.161285698,0.084479034,0.926337123,-0.107675314,-0.638547719,-0.913365960,0.861962914,0.021725489,0.015178937,0.506278098,0.044670261,-0.664116979,-0.920065284,0.858609736,-0.069752038,-0.118658714,0.493805736,,,,,,,
417,189305,77313,viewpoint,front,0.219299316,1.168548822,-0.800058603,-0.334359437,0.181879997,0.116473928,0.917364299,-0.107420526,-0.606639206,-0.920138478,0.865327179,-0.015387923,0.001916465,0.500967622,0.042713687,-0.639903665,-0.920671761,0.857920110,-0.104609169,-0.128244877,0.486398309,-0.050992042,-0.706715226,-0.798944890,0.859104276,-0.033464544,-0.013931938,0.510515213
418,189508,77516,viewpoint,front,0.179471970,1.155460358,-0.788486600,-0.347143173,0.189105645,0.148095071,0.906531036,-0.101296708,-0.558899939,-0.930440545,0.872076929,-0.040293477,-0.002554051,0.487700492,0.046918154,-0.604645312,-0.937945485,0.864438236,-0.127325177,-0.143851846,0.464587480,-0.051823378,-0.674391270,-0.822273433,0.878034890,-0.059828367,-0.026878728,0.474081099
419,189692,77700,viewpoint,front,0.139616132,1.134234667,-0.778426170,-0.375301212,0.184268504,0.166930348,0.892932475,-0.078811109,-0.486588627,-0.946653724,0.882255912,-0.048906706,-0.017612394,0.467891544,0.068595819,-0.536591947,-0.962096691,0.876422286,-0.129506826,-0.160573319,0.435118705,-0.031449627,-0.610855162,-0.847998500,0.891833961,-0.062419981,-0.023931444,0.447396040
420,189915,77923,viewpoint,front,0.113669395,1.114350200,-0.771025062,-0.409525603,0.167109713,0.164494857,0.881648779,-0.052391496,-0.414430290,-0.966617584,0.903308570,-0.031539917,-0.020841185,0.427322507,0.095828235,-0.458032846,-0.985596895,0.894344449,-0.110923715,-0.165724173,0.400474072,0.001224101,-0.551528990,-0.888071954,0.935863733,-0.057269253,-0.053202942,0.343582302
421,190151,78159,viewpoint,front,0.093140960,1.110065341,-0.766036630,-0.417594612,0.153092161,0.158588275,0.881491542,-0.037762251,-0.400132120,-0.965610325,0.901709676,-0.022105062,-0.028940476,0.430805594,0.110995665,-0.441239715,-0.989034534,0.898598373,-0.096775763,-0.177978203,0.389203310,0.020355400,-0.539019406,-0.893009901,0.940803707,-0.042119712,-0.064073980,0.330164999
422,190386,78394,viewpoint,front,0.075504541,1.114898920,-0.765662551,-0.413459301,0.150469556,0.157500833,0.884083629,-0.025911985,-0.419287026,-0.964546025,0.902428389,-0.016985470,-0.026162241,0.429709285,0.122826278,-0.458022475,-0.984306872,0.894903541,-0.094181061,-0.178466529,0.398029268,0.033024833,-0.556606174,-0.889644384,0.939812243,-0.042451374,-0.059816189,0.333725840
423,190624,78632,viewpoint,front,0.065774679,1.115273595,-0.768448114,-0.411681235,0.151922628,0.158934340,0.884408236,-0.019431092,-0.428510785,-0.961791039,0.904356241,-0.017815420,-0.025690863,0.425631762,0.129434586,-0.467725813,-0.980338275,0.894374907,-0.095310532,-0.176953658,0.399620801,0.039116576,-0.565312743,-0.885082603,0.939521730,-0.042079110,-0.057135280,0.335058093
424,190874,78882,viewpoint,front,0.059228182,1.113177299,-0.769965291,-0.411193818,0.154473424,0.163939133,0.883278906,-0.018100562,-0.428798556,-0.956068695,0.903089762,-0.026157681,-0.025749197,0.427880496,0.130988136,-0.473228931,-0.982070088,0.896497726,-0.103221454,-0.176979721,0.392829984,0.038754880,-0.566428781,-0.879780829,0.936957002,-0.049800921,-0.071862914,0.338330001
425,191111,79119,viewpoint,front,0.052307129,1.112749577,-0.769536138,-0.409349382,0.159209743,0.169924632,0.882162690,-0.015505945,-0.433536351,-0.954086900,0.903800011,-0.031098744,-0.023517847,0.426175207,0.132526547,-0.477970183,-0.974909425,0.892464221,-0.110818632,-0.176108122,0.400265932,0.039688714,-0.571654797,-0.877405167,0.938934267,-0.059140198,-0.072847493,0.331056058
426,191332,79340,viewpoint,front,0.044978738,1.112304211,-0.769584656,-0.407086313,0.164256915,0.174604371,0.881370366,-0.009711150,-0.441438287,-0.955730081,0.905629039,-0.037274383,-0.029352676,0.421408504,0.138216197,-0.487100184,-0.974019229,0.893501699,-0.117325373,-0.176921546,0.395712256,0.043172941,-0.580376208,-0.877504110,0.940188050,-0.063891031,-0.061278675,0.328951836
427,191555,79563,viewpoint,front,0.036169648,1.111212134,-0.768384695,-0.405150920,0.169275999,0.179878026,0.880251229,-0.003994729,-0.444315135,-0.951170743,0.902224064,-0.046333879,-0.026334217,0.427962005,0.143395841,-0.493199944,-0.970676601,0.892858922,-0.124906637,-0.182801738,0.392154038,0.046271056,-0.581596971,-0.869967639,0.936201215,-0.072078109,-0.066925406,0.337421209
428,191778,79786,viewpoint,front,0.028224468,1.111245155,-0.766165972,-0.402360439,0.174279153,0.183194771,0.879870772,0.004715040,-0.452060372,-0.950213492,0.901039362,-0.050593905,-0.024764532,0.430064023,0.151858822,-0.502515793,-0.968265474,0.891112387,-0.132402509,-0.173722655,0.397754550,0.052716672,-0.588870466,-0.866757810,0.935864031,-0.080219567,-0.076708660,0.334423572
429,192017,80025,viewpoint,front,0.023825765,1.109800816,-0.764747858,-0.402772248,0.178469166,0.183209196,0.878838837,0.013694439,-0.449360311,-0.943717659,0.897319615,-0.054154165,-0.021844884,0.437501520,0.160949543,-0.502616048,-0.965392172,0.891087353,-0.132733896,-0.179695785,0.395037323,0.061900154,-0.591338277,-0.868925273,0.937295556,-0.083288573,-0.062827729,0.332554847
430,192237,80245,viewpoint,front,0.022511601,1.107535601,-0.764605522,-0.404357314,0.180613309,0.182923272,0.877731800,0.020160295,-0.447659731,-0.947065532,0.897471249,-0.059701420,-0.026825864,0.436189741,0.167047232,-0.499104321,-0.963868201,0.892010570,-0.135119244,-0.177708820,0.393038779,0.065990537,-0.587832630,-0.868083477,0.924301088,-0.067155562,-0.010224368,0.375570416
431,192476,80484,viewpoint,front,0.023151994,1.104681134,-0.765860319,-0.406964242,0.180834398,0.181974500,0.876677990,0.022279602,-0.440292865,-0.943128347,0.899310350,-0.056923170,-0.020107599,0.433123976,0.169464737,-0.492016971,-0.961337209,0.892132819,-0.133009925,-0.169568062,0.397056758,0.068625428,-0.582549214,-0.868280709,0.923582911,-0.065233409,0.003026258,0.377796382
432,192697,80705,viewpoint,front,0.026014805,1.103357196,-0.768053889,-0.409122497,0.178414047,0.180565640,0.876460671,0.019660331,-0.438142478,-0.948576748,0.903461874,-0.055337045,-0.027257366,0.424206913,0.166448385,-0.486771256,-0.962050021,0.893302381,-0.129768759,-0.176222295,0.392576903,0.066020504,-0.577756166,-0.868556142,0.922664165,-0.059694290,0.006124834,0.380906701
433,192915,80923,viewpoint,front,0.040834427,1.103633285,-0.773698807,-0.412624359,0.167768672,0.171417236,0.878755331,0.005572163,-0.430938900,-0.949502230,0.906765699,-0.037775662,-0.022745550,0.419322848,0.154332846,-0.477456242,-0.970240593,0.897219360,-0.116121799,-0.174143776,0.388827890,0.057668954,-0.568931580,-0.870353281,0.938038051,-0.065364823,-0.068029270,0.333442867
434,193143,81151,viewpoint,front,0.073549867,1.102689385,-0.785462499,-0.421845257,0.144527480,0.150524184,0.882326961,-0.024277650,-0.412099808,-0.950629592,0.908660650,-0.003256174,-0.018189875,0.417126358,0.125644729,-0.447265327,-0.971238792,0.899582982,-0.084361605,-0.176220924,0.390614569,0.037873819,-0.548523664,-0.876509309,0.942189634,-0.029070169,-0.058935057,0.328573048
435,193332,81340,viewpoint,front,0.126163960,1.100708127,-0.804937720,-0.434070259,0.106486708,0.120363757,0.886428833,-0.076532841,-0.394321769,-0.951866090,0.911300600,0.039758038,-0.018510617,0.409399450,0.074753568,-0.416155040,-0.977773249,0.901517093,-0.034059532,-0.167907372,0.397383958,-0.001096748,-0.524985790,-0.879573584,0.942156017,0.018735623,-0.064454675,0.328384846
436,193566,81574,viewpoint,front,0.180675507,1.098779559,-0.826107383,-0.441823006,0.076576643,0.091255978,0.889157355,-0.131913662,-0.391465783,-0.942122638,0.912964642,0.086691566,-0.018811783,0.398279071,0.019461177,-0.400013775,-0.972706676,0.904266894,0.010312189,-0.165482193,0.393459976,-0.044063941,-0.515957177,-0.874581099,0.936997235,0.068131797,-0.048488937,0.339180052
437,193820,81828,viewpoint,front,0.228337765,1.099187613,-0.848366022,-0.443650246,0.064236768,0.077014551,0.890571117,-0.176345274,-0.403183877,-0.929065704,0.909140408,0.105657510,-0.018959139,0.402418673,-0.025894862,-0.408136189,-0.964854419,0.904526949,0.028260292,-0.159327105,0.394521594,-0.084116235,-0.515756905,-0.848366022,0.915142179,0.087874874,-0.042213257,0.391166031
438,194055,82063,viewpoint,front,0.243665457,1.103685021,-0.865472555,-0.434030890,0.084141329,0.082214870,0.893184304,-0.179934427,-0.432328731,-0.923209250,0.910300136,0.086636536,-0.014720080,0.404513448,-0.028202813,-0.440874696,-0.950915337,0.902154684,0.009439278,-0.151353538,0.403881073,-0.092111707,-0.543965876,-0.834100008,0.911610126,0.065511674,-0.049752176,0.402740568
439,194291,82299,viewpoint,front,0.219586134,1.099616885,-0.877670527,-0.430580169,0.073288590,0.081115201,0.895907283,-0.171289280,-0.450670332,-0.904645026,0.906969488,0.090859823,-0.019002080,0.410840303,-0.020181669,-0.457199037,-0.933015883,0.898172677,0.018075306,-0.157339141,0.410126299,-0.081585422,-0.561316490,-0.817513883,0.905124247,0.075445220,-0.050683923,0.415318340
440,194514,82522,viewpoint,front,0.147006869,1.086822152,-0.892127395,-0.439159095,0.005047859,0.069955565,0.895667315,-0.160152137,-0.462890208,-0.881046653,0.909108877,0.160920992,-0.054118041,0.380390286,-0.012377404,-0.452290237,-0.920511246,0.889967084,0.081047237,-0.197000295,0.403213143,-0.053056605,-0.565212131,-0.805546045,0.898582697,0.144834667,-0.047911804,0.411432356
441,194748,82756,viewpoint,front,0.079142809,1.085699558,-0.902637959,-0.443614185,-0.013322952,0.033324894,0.895498931,-0.059271291,-0.474513888,-0.882458091,0.902605832,0.193072632,-0.052602496,0.381128192,0.086872533,-0.452483505,-0.922547102,0.887302935,0.119130068,-0.177119717,0.408815503,0.054564655,-0.572442114,-0.812298834,0.891686738,0.195087999,0.017153427,0.408094615
442,194929,82937,viewpoint,front,0.047355533,1.130966544,-0.902219892,-0.413394809,-0.021918181,0.041071139,0.909361064,-0.048456620,-0.554664016,-0.881824791,0.892076135,0.203148589,-0.042396687,0.401414096,0.097741663,-0.540155053,-0.934553623,0.877063692,0.118635528,-0.187409461,0.426101625,0.066556126,-0.651050091,-0.812822104,0.872064114,0.205649748,0.022469748,0.443517178
443,195068,83076,viewpoint,front,0.042564034,1.211416721,-0.882980227,-0.347002178,-0.023827849,0.065188661,0.935292542,-0.095625557,-0.704895496,-0.849901736,0.840866446,0.186242729,-0.056279529,0.505064249,0.050595462,-0.722649097,-0.930037618,0.846353471,0.093696468,-0.215168610,0.478131026,,,,,,,
444,195193,83201,viewpoint,front,0.043343186,1.279526711,-0.852653503,-0.278625160,-0.011847753,0.081751436,0.956840813,,,,,,,,,,,,,,,,,,,,,
445,195319,83327,viewpoint,front,0.046131849,1.333321214,-0.815582991,-0.219487444,0.001291868,0.099449821,0.970532477,,,,,,,,,,,,,,,,,,,,,
446,195472,83480,viewpoint,front,0.047878742,1.370971918,-0.775961518,-0.174154148,0.026189087,0.121038243,0.976900339,,,,,,,,,,,,,,,,,,,,,
447,195611,83619,viewpoint,front,0.047378540,1.395348549,-0.732077479,-0.138993621,0.062790327,0.136575714,0.978818297,,,,,,,,,,,,,,,,,,,,,
448,195764,83772,viewpoint,front,0.045842409,1.409860969,-0.699817777,-0.105194323,0.091315404,0.142319575,0.979969800,,,,,,,,,,,,,,,,,,,,,
449,195916,83924,viewpoint,front,0.046111584,1.416636229,-0.674328327,-0.092933699,0.100332737,0.144425854,0.980019331,,,,,,,,,,,,,,,,,,,,,
450,196069,84077,viewpoint,front,0.046122432,1.420028567,-0.659232974,-0.086363234,0.101984695,0.146466732,0.980146945,,,,,,,,,,,,,,,,,,,,,
451,196235,84243,viewpoint,front,0.046128035,1.422928572,-0.650948167,-0.081386223,0.097287409,0.142769963,0.981594682,,,,,,,,,,,,,,,,,,,,,
452,196388,84396,viewpoint,front,0.047396660,1.423105240,-0.648245454,-0.083672777,0.087243930,0.138700277,0.982929051,,,,,,,,,,,,,,,,,,,,,
453,196527,84535,viewpoint,front,0.048845291,1.418087125,-0.654113412,-0.105854675,0.074690677,0.130869880,0.982898355,,,,,,,,,,,,,,,,,,,,,
454,196680,84688,viewpoint,front,0.047526360,1.415610433,-0.664309859,-0.116078004,0.072198063,0.126823932,0.982460678,,,,,,,,,,,,,,,,,,,,,
455,196832,84840,viewpoint,front,0.044876814,1.413900852,-0.675094247,-0.122452602,0.063912027,0.125907227,0.982378721,,,,,,,,,,,,,,,,,,,,,
456,196999,85007,viewpoint,front,0.042410851,1.411830306,-0.683691263,-0.132923484,0.050039135,0.123196498,0.982165992,,,,,,,,,,,,,,,,,,,,,
457,197152,85160,viewpoint,front,0.038676023,1.409291029,-0.691342592,-0.141901210,0.039694168,0.122005984,0.981530964,,,,,,,,,,,,,,,,,,,,,
458,197305,85313,viewpoint,front,0.035113931,1.405724525,-0.698813915,-0.152343690,0.034364149,0.120844707,0.980309665,,,,,,,,,,,,,,,,,,,,,
459,197458,85466,viewpoint,front,0.032658339,1.396585464,-0.711637616,-0.178969815,0.019411981,0.118197002,0.976535976,,,,,,,,,,,,,,,,,,,,,
460,197596,85604,viewpoint,front,0.029175520,1.379390359,-0.732481480,-0.221939474,0.005369710,0.105051734,0.969370008,,,,,,,,,,,,,,,,,,,,,
461,197750,85758,viewpoint,front,0.024370909,1.351080179,-0.762520432,-0.264973581,-0.000306513,0.096841671,0.959380329,,,,,,,,,,,,,,,,,,,,,
462,197929,85937,viewpoint,front,0.016534805,1.294588089,-0.800845265,-0.282989711,-0.008801017,0.092628166,0.954599082,,,,,,,,,,,,,,,,,,,,,
463,198111,86119,viewpoint,front,0.011717319,1.203115940,-0.841218352,-0.273326099,-0.008636849,0.080562018,0.958503008,,,,,,,,,,,,,,,,,,,,,
464,198305,86313,viewpoint,front,0.018220186,1.063899398,-0.877896667,-0.241654873,-0.010300338,0.075147867,0.967393219,,,,,,,,,,,,,,,,,,,,,
465,198472,86480,viewpoint,front,0.034959078,0.922083378,-0.897754788,-0.237420186,-0.043081827,0.060226161,0.968580604,,,,,,,,,,,,,,,,,,,,,
466,198679,86687,viewpoint,front,0.042648196,0.820542932,-0.900041461,-0.232539386,-0.053433564,0.042618055,0.970182478,,,,,,,,,,,,,,,,,,,,,
467,198898,86906,viewpoint,front,0.045280337,0.739602983,-0.888294935,-0.215875760,-0.050606295,0.025804378,0.974767029,,,,,,,,,,,,,,,,,,,,,
468,199110,87118,viewpoint,front,0.051275253,0.707044840,-0.872951984,-0.205406755,-0.065937109,0.017933365,0.976288259,,,,,,,,,,,,,,,,,,,,,
469,199319,87327,viewpoint,front,0.059423923,0.702825487,-0.865629196,-0.206640229,-0.083694443,-0.001194115,0.974830091,,,,,,,,,,,,,,,,,,,,,
470,199514,87522,viewpoint,front,0.063023686,0.692565620,-0.858355403,-0.224317983,-0.106688753,-0.013879028,0.968558908,,,,,,,,,,,,,,,,,,,,,
471,199681,87689,viewpoint,front,0.065624475,0.681484044,-0.861372709,-0.259818405,-0.119349122,-0.019801497,0.958049119,,,,,,,,0.101036102,-0.376996338,-0.533423901,0.764256656,0.200113565,-0.207584813,0.576866448,,,,,,,
472,199903,87911,viewpoint,front,0.072869182,0.677231848,-0.862880588,-0.284656107,-0.136647522,-0.023777712,0.948542595,,,,,,,,0.079596743,-0.340233684,-0.547451854,0.776656985,0.218532950,-0.216288030,0.549787939,,,,,,,
473,200139,88147,viewpoint,front,0.082672238,0.674839079,-0.868455768,-0.297192603,-0.150307775,-0.029509710,0.942450702,,,,,,,,0.061453916,-0.324292898,-0.549672723,0.781228900,0.235575423,-0.222206116,0.533675849,,,,,,,
474,200388,88396,viewpoint,front,0.089698553,0.667939246,-0.872589231,-0.304553986,-0.161726594,-0.032615043,0.938097894,,,,,,,,,,,,,,,,,,,,,
475,200624,88632,viewpoint,front,0.094417810,0.661837399,-0.881179929,-0.311618596,-0.161615744,-0.034689467,0.935719430,,,,,,,,,,,,,,,,,,,,,
476,200861,88869,viewpoint,front,0.099601984,0.658067286,-0.884132624,-0.310531497,-0.163855121,-0.034564529,0.935696006,,,,,,,,,,,,,,,,,,,,,
477,201096,89104,viewpoint,front,0.104151011,0.653261483,-0.884856701,-0.312694371,-0.172698006,-0.034852944,0.933371782,,,,,,,,,,,,,,,,,,,,,
478,201331,89339,viewpoint,front,0.109602213,0.650020361,-0.888335109,-0.307095796,-0.184270844,-0.021394249,0.933423102,,,,,,,,,,,,,,,,,,,,,
479,201570,89578,viewpoint,front,0.117915750,0.641992986,-0.894506812,-0.314209908,-0.193870544,-0.023527294,0.929049432,,,,,,,,,,,,,,,,,,,,,
480,201807,89815,viewpoint,front,0.124022961,0.641772091,-0.899786592,-0.316373438,-0.198850036,-0.021054981,0.927320480,,,,,,,,,,,,,,,,,,,,,
481,202044,90052,viewpoint,front,0.133589029,0.645271361,-0.915277600,-0.318267375,-0.197020024,-0.017123682,0.927143872,,,,,,,,,,,,,,,,,,,,,
482,202290,90298,viewpoint,front,0.151509404,0.632910490,-0.945616961,-0.328950971,-0.195082545,-0.019259211,0.923776567,,,,,,,,,,,,,,,,,,,,,
483,202514,90522,viewpoint,front,0.140840292,0.651544869,-0.915162563,-0.323289156,-0.186977908,-0.000822658,0.927643657,,,,,,,,,,,,,,,,,,,,,
484,202763,90771,viewpoint,front,0.130981326,0.651466668,-0.889789462,-0.309436232,-0.186409742,-0.002528626,0.932466745,,,,,,,,,,,,,,,,,,,,,
485,202986,90994,viewpoint,front,0.125888348,0.648079455,-0.893196940,-0.310312212,-0.187774912,0.000433371,0.931904912,,,,,,,,,,,,,,,,,,,,,
486,203249,91257,viewpoint,front,0.126398325,0.639986694,-0.918521523,-0.324565113,-0.187259451,0.003278905,0.927135706,,,,,,,,,,,,,,,,,,,,,
487,203445,91453,viewpoint,front,0.119020939,0.641903400,-0.920410991,-0.325178206,-0.182685569,0.009473076,0.927790582,,,,,,,,,,,,,,,,,,,,,
488,203694,91702,viewpoint,front,0.103055477,0.645843089,-0.898212433,-0.307833493,-0.183922693,0.022114573,0.933232009,,,,,,,,,,,,,,,,,,,,,
489,203930,91938,viewpoint,front,0.086495519,0.648269236,-0.883356571,-0.299845576,-0.180774212,0.024300426,0.936388195,,,,,,,,,,,,,,,,,,,,,
490,204154,92162,viewpoint,front,0.083168745,0.648990810,-0.883883715,-0.302207828,-0.178513750,0.021593390,0.936128736,,,,,,,,,,,,,,,,,,,,,
491,204375,92383,viewpoint,front,0.088351727,0.647397995,-0.894014359,-0.308398068,-0.183935702,0.017598730,0.933139145,,,,,,,,,,,,,,,,,,,,,
492,204611,92619,viewpoint,front,0.099297523,0.642569661,-0.913068533,-0.322383374,-0.188661516,0.012188942,0.927538276,,,,,,,,,,,,,,,,,,,,,
493,204847,92855,viewpoint,front,0.122127056,0.634380341,-0.965456605,-0.346976191,-0.178422585,0.010817382,0.920682311,,,,,,,,,,,,,,,,,,,,,
494,205083,93091,viewpoint,front,0.134851098,0.626557708,-1.004477262,-0.371326208,-0.162791848,0.015884511,0.913982153,,,,,,,,,,,,,,,,,,,,,
495,205332,93340,viewpoint,front,0.106148601,0.644241333,-0.947234631,-0.329514295,-0.156760812,0.039784003,0.930195451,,,,,,,,,,,,,,,,,,,,,
496,205573,93581,viewpoint,front,0.086379290,0.651370525,-0.892130256,-0.304022074,-0.144490540,0.040860407,0.940756857,,,,,,,,,,,,,,,,,,,,,
497,205750,93758,viewpoint,front,0.075590968,0.658265412,-0.859624386,-0.299635917,-0.117159441,0.026191451,0.946470320,,,,,,,,,,,,,,,,,,,,,
498,205916,93924,viewpoint,front,0.055009007,0.658222437,-0.857475281,-0.336936444,-0.071188889,0.014326663,0.938722908,,,,,,,,,,,,,,,,,,,,,
499,206125,94133,viewpoint,front,0.036893964,0.654180467,-0.863031149,-0.357196510,-0.048290722,0.005896104,0.932761431,,,,,,,,0.156486973,-0.250187337,-0.565223694,0.838297904,0.131047353,-0.177517980,0.498568505,,,,,,,
500,206362,94370,viewpoint,front,0.009787083,0.651776493,-0.874134898,-0.361238062,-0.017087325,0.018910348,0.932125270,0.052331746,-0.278769523,-0.508080304,0.870660424,0.197074756,-0.044368554,0.448490173,0.200670794,-0.261499405,-0.553592980,0.847728729,0.100662157,-0.165573224,0.493769825,,,,,,,
501,206597,94605,viewpoint,front,0.000056386,0.647986770,-0.883227468,-0.355581582,-0.005384400,0.028848983,0.934184432,0.060842611,-0.289824367,-0.494321823,0.870223522,0.185731649,-0.037266623,0.454781234,0.211806893,-0.278610528,-0.541129827,0.848556280,0.085592717,-0.165549591,0.495196372,,,,,,,
502,206833,94841,viewpoint,front,0.003172278,0.645947933,-0.885580182,-0.348725200,-0.014643504,0.026612312,0.936732650,0.053951457,-0.295994163,-0.487591743,0.864285767,0.191992491,-0.043321494,0.462895513,0.204697460,-0.284886360,-0.538128257,0.842630625,0.092426866,-0.168340847,0.503082752,,,,,,,
503,207097,95105,viewpoint,front,0.010715961,0.645269692,-0.884220004,-0.346206039,-0.031376913,0.025459111,0.937287927,0.035118856,-0.295565814,-0.487438738,0.859820724,0.206755131,-0.052517951,0.463899285,0.183328241,-0.281837881,-0.541850150,0.835769415,0.105621353,-0.179989249,0.507875502,,,,,,,
504,207322,95330,viewpoint,front,0.022758842,0.694157600,-0.890549064,-0.345495224,-0.027337534,0.041683767,0.937095642,0.006148666,-0.337742120,-0.515328288,0.858629882,0.190304771,-0.063183442,0.471748501,0.154167354,-0.329171866,-0.568671227,0.836405039,0.089951441,-0.189312845,0.506454349,,,,,,,
505,207540,95548,viewpoint,front,0.020491123,0.828619719,-0.900254250,-0.383036762,-0.005148246,0.102941714,0.917964816,-0.055120200,-0.390301347,-0.617224395,0.881123006,0.140677065,-0.081483319,0.444063783,0.092733920,-0.399080098,-0.673723519,0.859075904,0.041249637,-0.223839700,0.458457083,,,,,,,
506,207722,95730,viewpoint,front,-0.001613379,0.988566399,-0.888887167,-0.368790954,0.017435838,0.146644771,0.917706132,-0.108847842,-0.508260965,-0.728725374,0.881787956,0.096422076,-0.099782452,0.450772911,0.037760742,-0.533639729,-0.784927011,0.854734600,-0.005733551,-0.246497244,0.456765860,,,,,,,
507,207876,95884,viewpoint,front,-0.022044539,1.124790430,-0.860871553,-0.334325701,0.027417887,0.167553127,0.927038610,-0.152681142,-0.637779474,-0.794856071,0.853926361,0.072701298,-0.119754680,0.501181781,-0.008505329,-0.685273707,-0.862726927,0.837139487,-0.031390931,-0.257485002,0.481574059,,,,,,,
508,208015,96023,viewpoint,front,-0.030886889,1.242197156,-0.811054826,-0.277067870,0.062759444,0.176538035,0.942405939,,,,,,,,,,,,,,,,,,,,,
509,208139,96147,viewpoint,front,-0.021934628,1.306793571,-0.752675056,-0.224961355,0.132115692,0.182137877,0.948031485,,,,,,,,,,,,,,,,,,,,,
510,208278,96286,viewpoint,front,-0.004817724,1.347392797,-0.706245780,-0.189205661,0.187445149,0.180618733,0.946806431,,,,,,,,,,,,,,,,,,,,,
511,208420,96428,viewpoint,front,0.014902592,1.373257160,-0.671867490,-0.169991970,0.244846389,0.169880375,0.939304888,,,,,,,,,,,,,,,,,,,,,
512,208570,96579,viewpoint,front,0.022189379,1.383762836,-0.650524735,-0.167244196,0.304221213,0.162781626,0.923569679,,,,,,,,,,,,,,,,,,,,,
513,208708,96716,viewpoint,front,0.012598276,1.390059471,-0.631016970,-0.154845417,0.357564837,0.168952078,0.905331731,,,,,,,,,,,,,,,,,,,,,
514,208865,96873,viewpoint,front,-0.007823110,1.391059041,-0.611310720,-0.149459615,0.401594460,0.174285531,0.886571109,,,,,,,,,,,,,,,,,,,,,
515,209000,97008,viewpoint,front,-0.037528872,1.392983079,-0.588849545,-0.143614486,0.438904375,0.167839125,0.870958030,,,,,,,,,,,,,,,,,,,,,
516,209166,97174,viewpoint,front,-0.068848729,1.395334721,-0.572135687,-0.118790992,0.468644142,0.149701133,0.862467945,,,,,,,,,,,,,,,,,,,,,
517,209305,97313,viewpoint,front,-0.109485626,1.394199133,-0.562074304,-0.095164038,0.493609667,0.116179712,0.856618702,,,,,,,,,,,,,,,,,,,,,
518,209483,97491,viewpoint,front,-0.140399456,1.406597137,-0.553446293,-0.084771000,0.533843696,0.063845843,0.838897228,,,,,,,,,,,,,,,,,,,,,
519,209646,97654,viewpoint,front,-0.164582133,1.442080975,-0.543548703,-0.056303933,0.566065967,0.033363771,0.821757853,,,,,,,,,,,,,,,,,,,,,
520,209783,97791,viewpoint,front,-0.219249487,1.460087180,-0.540566802,-0.138993219,0.599108458,0.115564197,0.779996693,,,,,,,,,,,,,,,,,,,,,
521,209923,97931,viewpoint,front,-0.295177221,1.424738646,-0.526480556,-0.153006762,0.636073411,0.155542597,0.740139246,,,,,,,,,,,,,,,,,,,,,
522,210066,98074,viewpoint,front,-0.402259827,1.343780398,-0.493375182,-0.181066349,0.683651924,0.182795569,0.682950079,,,,,,,,,,,,,,,,,,,,,
523,210204,98212,viewpoint,front,-0.509085059,1.232038736,-0.447700143,-0.195124984,0.707561910,0.197212711,0.649915040,,,,,,,,,,,,,,,,,,,,,
524,210360,98368,viewpoint,front,-0.596567392,1.127110004,-0.398182511,-0.171468824,0.741511881,0.152995214,0.630357862,,,,,,,,,,,,,,,,,,,,,
525,210524,98532,viewpoint,front,-0.691927910,1.001428246,-0.340363264,-0.166937888,0.782408655,0.048787806,0.597986758,,,,,,,,,,,,,,,,,,,,,
526,210687,98695,viewpoint,front,-0.741224051,0.917958856,-0.312892437,-0.187572315,0.785080969,0.021922696,0.589901626,,,,,,,,,,,,,,,,,,,,,
527,210839,98847,viewpoint,front,-0.765665531,0.880695879,-0.300039172,-0.193465367,0.798262000,0.023001468,0.569929779,,,,,,,,,,,,,,,,,,,,,
528,210964,98972,viewpoint,front,-0.780232191,0.856363893,-0.291072488,-0.176909164,0.813302696,0.002930007,0.554286242,,,,,,,,,,,,,,,,,,,,,
529,211101,99109,viewpoint,front,-0.785393000,0.846354365,-0.288045287,-0.157416224,0.823206961,-0.014110041,0.545299351,,,,,,,,,,,,,,,,,,,,,
530,211244,99252,viewpoint,front,-0.791173220,0.836941719,-0.284823060,-0.151667088,0.828759134,-0.002428970,0.538655341,,,,,,,,,,,,,,,,,,,,,
531,211357,99365,viewpoint,front,-0.793689966,0.829129636,-0.283436179,-0.146275476,0.833747566,-0.001075382,0.532416523,,,,,,,,,,,,,,,,,,,,,
532,211457,99465,viewpoint,front,-0.794891596,0.824074090,-0.284109950,-0.138113528,0.838668287,-0.004678494,0.526818931,,,,,,,,,,,,,,,,,,,,,
533,211569,99577,viewpoint,front,-0.798809528,0.820472717,-0.286598325,-0.121110626,0.841016054,0.000941321,0.527279258,,,,,,,,,,,,,,,,,,,,,
534,211677,99685,viewpoint,front,-0.804322481,0.818251550,-0.289350510,-0.088726722,0.842720747,0.018019598,0.530683160,,,,,,,,,,,,,,,,,,,,,
535,211802,99810,viewpoint,front,-0.806810141,0.816236317,-0.291024685,-0.066184521,0.844422877,0.020769836,0.531166732,,,,,,,,,,,,,,,,,,,,,
536,211899,99907,viewpoint,front,-0.809941769,0.814887166,-0.293526649,-0.027637867,0.849514008,0.016133880,0.526594579,,,,,,,,,,,,,,,,,,,,,
537,212012,100020,viewpoint,front,-0.809213400,0.810889304,-0.294803977,-0.019810159,0.852890790,-0.006729085,0.521669984,,,,,,,,,,,,,,,,,,,,,
538,212130,100138,viewpoint,front,-0.809522867,0.811024070,-0.295815468,-0.020195652,0.859209061,-0.003893070,0.511211216,,,,,,,,,,,,,,,,,,,,,
539,212234,100242,viewpoint,front,-0.811152220,0.812546849,-0.296243787,-0.029847583,0.864781857,0.009067934,0.501177907,,,,,,,,,,,,,,,,,,,,,
540,212344,100352,viewpoint,front,-0.810357809,0.811735272,-0.296455741,-0.023045784,0.867218614,0.004840333,0.497370511,,,,,,,,,,,,,,,,,,,,,
541,212442,100450,viewpoint,front,-0.810106039,0.811452150,-0.297032475,-0.020798573,0.869974613,0.001800113,0.492654383,,,,,,,,,,,,,,,,,,,,,
542,212553,100561,viewpoint,front,-0.810235262,0.811487556,-0.297441483,-0.020673549,0.871982753,0.001382647,0.489097923,,,,,,,,,,,,,,,,,,,,,
543,212660,100668,viewpoint,front,-0.810164213,0.811349154,-0.297639370,-0.019344218,0.872878015,-0.000158086,0.487554908,,,,,,,,,,,,,,,,,,,,,
544,212764,100772,viewpoint,front,-0.810104132,0.811234355,-0.298038006,-0.018395819,0.874950051,-0.000686413,0.483863115,,,,,,,,,,,,,,,,,,,,,
545,212880,100888,viewpoint,front,-0.810095072,0.811262608,-0.298076987,-0.018406548,0.875231206,-0.001413932,0.483352393,,,,,,,,,,,,,,,,,,,,,
546,212980,100988,viewpoint,front,-0.810079575,0.811298251,-0.298122048,-0.018345427,0.875256062,-0.001320138,0.483310044,,,,,,,,,,,,,,,,,,,,,
547,213093,101101,viewpoint,front,-0.810148954,0.811359286,-0.298032880,-0.018349983,0.875268996,-0.001320730,0.483286411,,,,,,,,,,,,,,,,,,,,,
548,213192,101200,viewpoint,front,-0.810212851,0.811376393,-0.298038960,-0.018358072,0.875272393,-0.001399252,0.483279735,,,,,,,,,,,,,,,,,,,,,
549,213303,101311,viewpoint,front,-0.810111523,0.811237335,-0.298457980,-0.017746234,0.877258539,-0.001658708,0.479687124,,,,,,,,,,,,,,,,,,,,,
550,213412,101420,viewpoint,front,-0.809969187,0.810979366,-0.299709439,-0.016517440,0.883039474,-0.003769598,0.468992889,,,,,,,,,,,,,,,,,,,,,
551,213523,101531,viewpoint,front,-0.809859514,0.810710549,-0.301231265,-0.015238881,0.889791906,-0.005967986,0.456072956,,,,,,,,,,,,,,,,,,,,,
552,213635,101643,viewpoint,front,-0.809865236,0.810429811,-0.303369522,-0.011845656,0.900579333,-0.008073254,0.434455305,,,,,,,,,,,,,,,,,,,,,
553,213732,101740,viewpoint,front,-0.809198141,0.809978485,-0.305617332,-0.008064644,0.913917005,-0.011132348,0.405668318,,,,,,,,,,,,,,,,,,,,,
554,213844,101852,viewpoint,front,-0.809025049,0.810018063,-0.306348920,-0.007583563,0.921581566,-0.009053865,0.388005108,,,,,,,,,,,,,,,,,,,,,
555,213949,101957,viewpoint,front,-0.808632612,0.809800267,-0.307444930,-0.006212352,0.928410411,-0.010827143,0.371346653,,,,,,,,,,,,,,,,,,,,,
556,214046,102054,viewpoint,front,-0.808561087,0.809966207,-0.308090329,-0.006072638,0.932435691,-0.011413109,0.361104608,,,,,,,,,,,,,,,,,,,,,
557,214157,102165,viewpoint,front,-0.808437347,0.809923530,-0.308618069,-0.005395908,0.936094761,-0.011655984,0.351513386,,,,,,,,,,,,,,,,,,,,,
558,214268,102276,viewpoint,front,-0.808232546,0.809812546,-0.308964849,-0.005778879,0.938043714,-0.012094923,0.346257538,,,,,,,,,,,,,,,,,,,,,
559,214384,102392,viewpoint,front,-0.808078527,0.809711218,-0.309138298,-0.005060056,0.939665079,-0.011839837,0.341853499,,,,,,,,,,,,,,,,,,,,,
560,214491,102499,viewpoint,front,-0.808076620,0.809656739,-0.309280992,-0.004944126,0.940764368,-0.011660877,0.338824391,,,,,,,,,,,,,,,,,,,,,
561,214603,102611,viewpoint,front,-0.808011532,0.809622586,-0.309265137,-0.005059537,0.940774262,-0.011721133,0.338793278,,,,,,,,,,,,,,,,,,,,,
562,214714,102722,viewpoint,front,-0.807954311,0.809631109,-0.309263945,-0.004982508,0.940809309,-0.011844147,0.338692605,,,,,,,,,,,,,,,,,,,,,
563,214826,102834,viewpoint,front,-0.807946444,0.809592843,-0.309314013,-0.004658837,0.941010058,-0.011915534,0.338136613,,,,,,,,,,,,,,,,,,,,,
564,214939,102947,viewpoint,front,-0.807910204,0.809557199,-0.309461594,-0.004424362,0.942099571,-0.011823352,0.335095584,,,,,,,,,,,,,,,,,,,,,
565,215046,103054,viewpoint,front,-0.807822227,0.809590101,-0.309548020,-0.004337364,0.942773044,-0.011907517,0.333194196,,,,,,,,,,,,,,,,,,,,,
566,215158,103166,viewpoint,front,-0.807777166,0.809556723,-0.309535384,-0.004249850,0.943090618,-0.011938223,0.332294315,,,,,,,,,,,,,,,,,,,,,
567,215270,103278,viewpoint,front,-0.807686567,0.809503019,-0.309621096,-0.004204376,0.943784773,-0.012169017,0.330309808,,,,,,,,,,,,,,,,,,,,,
568,215383,103391,viewpoint,front,-0.807686329,0.809543490,-0.309647799,-0.004254474,0.943883121,-0.012177559,0.330027580,,,,,,,,,,,,,,,,,,,,,
569,215495,103503,viewpoint,front,-0.807647705,0.809557259,-0.309595942,-0.004204781,0.943878233,-0.012219732,0.330040723,,,,,,,,,,,,,,,,,,,,,
570,215608,103616,viewpoint,front,-0.807702303,0.809484601,-0.309680223,-0.004217433,0.943890095,-0.012220314,0.330006570,,,,,,,,,,,,,,,,,,,,,
571,215725,103733,viewpoint,front,-0.807763100,0.809504628,-0.309710145,-0.004213755,0.943900406,-0.012233496,0.329976737,,,,,,,,,,,,,,,,,,,,,
572,215837,103845,viewpoint,front,-0.807770014,0.809491754,-0.309745908,-0.004195931,0.943923831,-0.012251367,0.329909235,,,,,,,,,,,,,,,,,,,,,
573,215949,103957,viewpoint,front,-0.807678938,0.809470475,-0.309865594,-0.004137649,0.943927765,-0.012263390,0.329898238,,,,,,,,,,,,,,,,,,,,,
574,216062,104070,viewpoint,front,-0.807684183,0.809557915,-0.309796691,-0.004013534,0.943958819,-0.012203780,0.329813272,,,,,,,,,,,,,,,,,,,,,
575,216190,104198,viewpoint,front,-0.807620287,0.809466124,-0.310037017,-0.003547055,0.945432007,-0.012721650,0.325551718,,,,,,,,,,,,,,,,,,,,,
576,216289,104297,viewpoint,front,-0.807548761,0.809475422,-0.310166121,-0.003346080,0.946581900,-0.012544265,0.322202027,,,,,,,,,,,,,,,,,,,,,
577,216406,104414,viewpoint,front,-0.807533026,0.809461594,-0.310176969,-0.003416922,0.946599305,-0.012529288,0.322150797,,,,,,,,,,,,,,,,,,,,,
578,216524,104532,viewpoint,front,-0.807523966,0.809491277,-0.310182333,-0.003364107,0.946613669,-0.012516850,0.322109610,,,,,,,,,,,,,,,,,,,,,
579,216628,104636,viewpoint,front,-0.807533264,0.809511006,-0.310202718,-0.003362186,0.946648657,-0.012547359,0.322005600,,,,,,,,,,,,,,,,,,,,,
580,216748,104756,viewpoint,front,-0.807480574,0.809488297,-0.310292006,-0.002988255,0.947475255,-0.012588287,0.319567382,,,,,,,,,,,,,,,,,,,,,
581,216855,104863,viewpoint,front,-0.807476044,0.809493899,-0.310354114,-0.003007374,0.948086619,-0.012662136,0.317745954,,,,,,,,,,,,,,,,,,,,,
582,216970,104978,viewpoint,front,-0.807568789,0.809397340,-0.310549498,-0.003816694,0.949516118,-0.011950949,0.313467383,,,,,,,,,,,,,,,,,,,,,
583,217084,105092,viewpoint,front,-0.807340384,0.809299231,-0.310714483,-0.002531944,0.950036466,-0.013684132,0.311828613,,,,,,,,,,,,,,,,,,,,,
584,217195,105203,viewpoint,front,-0.807504892,0.809270978,-0.310677290,-0.002610560,0.950106442,-0.013049390,0.311641842,,,,,,,,,,,,,,,,,,,,,
585,217303,105311,viewpoint,front,-0.807553053,0.809290171,-0.310688376,-0.002604196,0.950120032,-0.013207120,0.311593860,,,,,,,,,,,,,,,,,,,,,
586,217417,105425,viewpoint,front,-0.807538748,0.809237063,-0.310793281,-0.002512042,0.950120032,-0.013337702,0.311588943,,,,,,,,,,,,,,,,,,,,,
587,217532,105540,viewpoint,front,-0.807457685,0.809132814,-0.310830832,-0.002497737,0.950149059,-0.013274244,0.311503321,,,,,,,,,,,,,,,,,,,,,
588,217631,105639,viewpoint,front,-0.807461977,0.809194922,-0.310861707,-0.002500542,0.950152814,-0.013353546,0.311488509,,,,,,,,,,,,,,,,,,,,,
589,217746,105754,viewpoint,front,-0.807435274,0.809218645,-0.310858488,-0.002469321,0.950160027,-0.013302476,0.311468929,,,,,,,,,,,,,,,,,,,,,
590,217857,105865,viewpoint,front,-0.807430983,0.809191406,-0.310858130,-0.002478084,0.950163484,-0.013306800,0.311457992,,,,,,,,,,,,,,,,,,,,,
591,217973,105981,viewpoint,front,-0.807437181,0.809194326,-0.310835838,-0.002418879,0.950171590,-0.013264077,0.311435670,,,,,,,,,,,,,,,,,,,,,
592,218074,106082,viewpoint,front,-0.807443857,0.809235573,-0.310848713,-0.002412192,0.950179517,-0.013353336,0.311407655,,,,,,,,,,,,,,,,,,,,,
593,218189,106197,viewpoint,front,-0.807449341,0.809232950,-0.310846448,-0.002433226,0.950197220,-0.013294081,0.311356068,,,,,,,,,,,,,,,,,,,,,
594,218302,106310,viewpoint,front,-0.807443142,0.809193254,-0.310852885,-0.002412865,0.950192332,-0.013353186,0.311368644,,,,,,,,,,,,,,,,,,,,,
595,218414,106422,viewpoint,front,-0.807461500,0.809170485,-0.310822845,-0.002387849,0.950194240,-0.013304850,0.311365157,,,,,,,,,,,,,,,,,,,,,
596,218528,106536,viewpoint,front,-0.807527781,0.809164643,-0.310792565,-0.002428462,0.950197041,-0.013339845,0.311354697,,,,,,,,,,,,,,,,,,,,,
597,218637,106645,viewpoint,front,-0.807511568,0.809161901,-0.310771108,-0.002421504,0.950196326,-0.013350914,0.311356425,,,,,,,,,,,,,,,,,,,,,
598,218750,106758,viewpoint,front,-0.807478666,0.809205413,-0.310790300,-0.002440961,0.950198829,-0.013323401,0.311349899,,,,,,,,,,,,,,,,,,,,,
599,218872,106880,viewpoint,front,-0.807439089,0.809150815,-0.310830712,-0.002496680,0.950194001,-0.013333938,0.311363667,,,,,,,,,,,,,,,,,,,,,
600,218983,106991,viewpoint,front,-0.807426214,0.809108377,-0.310876131,-0.002447557,0.950202644,-0.013283719,0.311339885,,,,,,,,,,,,,,,,,,,,,
601,219081,107089,viewpoint,front,-0.807401419,0.809108377,-0.310855508,-0.002471145,0.950196445,-0.013340484,0.311356097,,,,,,,,,,,,,,,,,,,,,
602,219192,107200,viewpoint,front,-0.807419538,0.809161186,-0.310859799,-0.002483587,0.950204015,-0.013361420,0.311332017,,,,,,,,,,,,,,,,,,,,,
603,219304,107312,viewpoint,front,-0.807392836,0.809172273,-0.310860634,-0.002482158,0.950198829,-0.013368440,0.311347604,,,,,,,,,,,,,,,,,,,,,
604,219413,107421,viewpoint,front,-0.807400942,0.809156656,-0.310845137,-0.002482730,0.950199962,-0.013333560,0.311345637,,,,,,,,,,,,,,,,,,,,,
605,219522,107530,viewpoint,front,-0.807431221,0.809131622,-0.310852051,-0.002468405,0.950208724,-0.013366918,0.311317652,,,,,,,,,,,,,,,,,,,,,
606,219629,107637,viewpoint,front,-0.807443857,0.809096813,-0.310805798,-0.002454361,0.950201333,-0.013369641,0.311340123,,,,,,,,,,,,,,,,,,,,,
607,219751,107759,viewpoint,front,-0.807445288,0.809107780,-0.310819626,-0.002458913,0.950201154,-0.013384655,0.311340034,,,,,,,,,,,,,,,,,,,,,
608,219859,107867,viewpoint,front,-0.807429552,0.809120893,-0.310818315,-0.002428248,0.950201094,-0.013412494,0.311339200,,,,,,,,,,,,,,,,,,,,,
609,219974,107982,viewpoint,front,-0.807433844,0.809130728,-0.310813785,-0.002446891,0.950205684,-0.013411844,0.311325163,,,,,,,,,,,,,,,,,,,,,
610,220088,108096,viewpoint,front,-0.807430983,0.809128284,-0.310813785,-0.002436708,0.950200617,-0.013412502,0.311340600,,,,,,,,,,,,,,,,,,,,,
611,220200,108208,viewpoint,front,-0.807457447,0.809145153,-0.310805082,-0.002426821,0.950200140,-0.013449975,0.311340630,,,,,,,,,,,,,,,,,,,,,
612,220299,108307,viewpoint,front,-0.807421207,0.809124351,-0.310772181,-0.002413857,0.950192571,-0.013409717,0.311365545,,,,,,,,,,,,,,,,,,,,,
613,220411,108419,viewpoint,front,-0.807433128,0.809196115,-0.310826778,-0.002416504,0.950198472,-0.013422923,0.311346799,,,,,,,,,,,,,,,,,,,,,
614,220522,108530,viewpoint,front,-0.807415009,0.809153438,-0.310842156,-0.002412747,0.950206220,-0.013425424,0.311323076,,,,,,,,,,,,,,,,,,,,,
615,220640,108648,viewpoint,front,-0.807406664,0.809127688,-0.310854673,-0.002409508,0.950205266,-0.013430806,0.311325848,,,,,,,,,,,,,,,,,,,,,
616,220748,108756,viewpoint,front,-0.807407141,0.809125781,-0.310846448,-0.002396166,0.950213671,-0.013395848,0.311301738,,,,,,,,,,,,,,,,,,,,,
617,220862,108870,viewpoint,front,-0.807396650,0.809098542,-0.310833693,-0.002444786,0.950206220,-0.013428657,0.311322749,,,,,,,,,,,,,,,,,,,,,
618,220970,108978,viewpoint,front,-0.807398081,0.809092879,-0.310845733,-0.002411867,0.950209975,-0.013434234,0.311311185,,,,,,,,,,,,,,,,,,,,,
619,221088,109096,viewpoint,front,-0.807424784,0.809078932,-0.310835838,-0.002429654,0.950207293,-0.013440018,0.311319023,,,,,,,,,,,,,,,,,,,,,
620,221199,109207,viewpoint,front,-0.807428122,0.809085369,-0.310825706,-0.002420021,0.950218379,-0.013424721,0.311285913,,,,,,,,,,,,,,,,,,,,,
621,221313,109321,viewpoint,front,-0.807412624,0.809105635,-0.310819745,-0.002396435,0.950214148,-0.013452619,0.311297894,,,,,,,,,,,,,,,,,,,,,
622,221425,109433,viewpoint,front,-0.807388067,0.809108198,-0.310811281,-0.002372995,0.950206816,-0.013438910,0.311321080,,,,,,,,,,,,,,,,,,,,,
623,221523,109531,viewpoint,front,-0.807467699,0.809182882,-0.310794353,-0.002444485,0.950208187,-0.013384911,0.311318696,,,,,,,,,,,,,,,,,,,,,
624,221643,109651,viewpoint,front,-0.807495832,0.809139788,-0.310771108,-0.002451533,0.950222135,-0.013430406,0.311274052,,,,,,,,,,,,,,,,,,,,,
625,221756,109764,viewpoint,front,-0.807419300,0.809093714,-0.310777545,-0.002428642,0.950210750,-0.013439833,0.311308503,,,,,,,,,,,,,,,,,,,,,
626,221868,109876,viewpoint,front,-0.807388544,0.809127867,-0.310869932,-0.002392858,0.950212002,-0.013480584,0.311303258,,,,,,,,,,,,,,,,,,,,,
627,221980,109988,viewpoint,front,-0.807387114,0.809127212,-0.310865283,-0.002431120,0.950207710,-0.013488125,0.311315715,,,,,,,,,,,,,,,,,,,,,
628,222094,110102,viewpoint,front,-0.807370901,0.809128881,-0.310853839,-0.002386721,0.950213671,-0.013415182,0.311301082,,,,,,,,,,,,,,,,,,,,,
629,222209,110217,viewpoint,front,-0.807366610,0.809130788,-0.310885787,-0.002464152,0.950210929,-0.013496917,0.311305314,,,,,,,,,,,,,,,,,,,,,
630,222320,110328,viewpoint,front,-0.807356119,0.809147418,-0.310909271,-0.002446319,0.950214446,-0.013474451,0.311295629,,,,,,,,,,,,,,,,,,,,,
631,222427,110435,viewpoint,front,-0.807350159,0.809142113,-0.310916662,-0.002388699,0.950214624,-0.013520106,0.311293602,,,,,,,,,,,,,,,,,,,,,
632,222543,110551,viewpoint,front,-0.807383776,0.809131622,-0.310881019,-0.002402755,0.950218856,-0.013449629,0.311283708,,,,,,,,,,,,,,,,,,,,,
633,222650,110658,viewpoint,front,-0.807418823,0.809114456,-0.310852647,-0.002361323,0.950225055,-0.013435210,0.311265558,,,,,,,,,,,,,,,,,,,,,
634,222750,110758,viewpoint,front,-0.807433367,0.809093475,-0.310851812,-0.002352409,0.950221241,-0.013517132,0.311273754,,,,,,,,,,,,,,,,,,,,,
635,222873,110881,viewpoint,front,-0.807432413,0.809106469,-0.310830116,-0.002378761,0.950226784,-0.013430249,0.311260462,,,,,,,,,,,,,,,,,,,,,
636,222982,110990,viewpoint,front,-0.807397366,0.809088707,-0.310830832,-0.002336654,0.950222075,-0.013520127,0.311271191,,,,,,,,,,,,,,,,,,,,,
637,223081,111089,viewpoint,front,-0.807398081,0.809095144,-0.310820699,-0.002332862,0.950232029,-0.013499253,0.311241806,,,,,,,,,,,,,,,,,,,,,
638,223191,111199,viewpoint,front,-0.807401419,0.809135079,-0.310809493,-0.002377753,0.950222254,-0.013521517,0.311270267,,,,,,,,,,,,,,,,,,,,,
639,223302,111310,viewpoint,front,-0.807392359,0.809104681,-0.310800791,-0.002363936,0.950218797,-0.013493066,0.311282247,,,,,,,,,,,,,,,,,,,,,
640,223418,111426,viewpoint,front,-0.807395458,0.809107125,-0.310871959,-0.002375026,0.950237453,-0.013511703,0.311224341,,,,,,,,,,,,,,,,,,,,,
641,223524,111532,viewpoint,front,-0.807397604,0.809100509,-0.310856819,-0.002373492,0.950221360,-0.013493177,0.311274409,,,,,,,,,,,,,,,,,,,,,
642,223629,111637,viewpoint,front,-0.807426214,0.809128761,-0.310817838,-0.002359640,0.950234950,-0.013458983,0.311234385,,,,,,,,,,,,,,,,,,,,,
643,223747,111755,viewpoint,front,-0.807451963,0.809138894,-0.310809255,-0.002323666,0.950223386,-0.013522130,0.311267287,,,,,,,,,,,,,,,,,,,,,
644,223844,111852,viewpoint,front,-0.807471514,0.809132576,-0.310828686,-0.002330196,0.950227678,-0.013501744,0.311255068,,,,,,,,,,,,,,,,,,,,,
645,223956,111964,viewpoint,front,-0.807463169,0.809131980,-0.310805082,-0.002326824,0.950238883,-0.013483520,0.311221540,,,,,,,,,,,,,,,,,,,,,
646,224070,112078,viewpoint,front,-0.807454824,0.809157968,-0.310821891,-0.002328152,0.950234473,-0.013550056,0.311232120,,,,,,,,,,,,,,,,,,,,,
647,224186,112194,viewpoint,front,-0.807393312,0.809147835,-0.310852528,-0.002316848,0.950227737,-0.013580214,0.311251342,,,,,,,,,,,,,,,,,,,,,
648,224284,112292,viewpoint,front,-0.807375669,0.809112549,-0.310876489,-0.002294743,0.950228333,-0.013587582,0.311249524,,,,,,,,,,,,,,,,,,,,,
