sample_id,logger_ms,recording_ms,test_type,phase_label,camera_x,camera_y,camera_z,camera_qx,camera_qy,camera_qz,camera_qw,common_x,common_y,common_z,common_qx,common_qy,common_qz,common_qw,chest_x,chest_y,chest_z,chest_qx,chest_qy,chest_qz,chest_qw,navel_x,navel_y,navel_z,navel_qx,navel_qy,navel_qz,navel_qw
0,461834,78,viewpoint,front,-0.403939009,1.401752472,-1.712687373,-0.268155813,0.227999657,0.133318499,0.926463604,-0.196364328,-0.716899931,-1.234997392,0.842089951,-0.007005430,-0.011148159,0.539176345,-0.057880942,-0.736895919,-1.250002742,0.861019135,-0.079760633,-0.096690334,0.492884606,-0.139985740,-0.808348298,-1.120221257,0.856738210,-0.019096205,-0.048741806,0.513087988
1,461959,203,viewpoint,front,-0.403999805,1.401738405,-1.712482810,-0.268487215,0.228055760,0.132827878,0.926424265,-0.194653854,-0.716100812,-1.233886361,0.842150152,-0.007377618,-0.007407364,0.539141774,-0.056349412,-0.732602119,-1.244763613,0.859303296,-0.073644757,-0.103511848,0.495438844,-0.138035342,-0.800732613,-1.111692786,0.845943868,-0.015279266,-0.053732995,0.530337870
2,462084,328,viewpoint,front,-0.404138565,1.401569366,-1.712319016,-0.268699139,0.227994263,0.132471964,0.926428914,-0.193614930,-0.715830207,-1.233899474,0.842375696,-0.006894087,-0.007178148,0.538798749,-0.055278786,-0.736767411,-1.251913786,0.864467680,-0.074625343,-0.096727498,0.487617165,-0.137437165,-0.806451857,-1.119637728,0.853652775,-0.018458601,-0.046431161,0.518440306
3,462209,453,viewpoint,front,-0.404366493,1.401749015,-1.712262750,-0.268527120,0.228247270,0.132073089,0.926473439,-0.192933202,-0.715943694,-1.232551455,0.839897096,-0.005729878,-0.008335288,0.542651474,-0.054812059,-0.739389539,-1.253970027,0.863005221,-0.078566320,-0.093596540,0.490192920,-0.135689586,-0.799861073,-1.108733654,0.848785162,-0.017330024,-0.050383437,0.526046574
4,462333,577,viewpoint,front,-0.404626846,1.401646376,-1.712718844,-0.269272476,0.228558868,0.131586030,0.926249564,-0.190194041,-0.712416291,-1.228226423,0.839430094,-0.005254282,-0.009582013,0.543357909,-0.052947827,-0.733443618,-1.246513724,0.861180484,-0.072801925,-0.104456022,0.492094547,-0.135184720,-0.812335134,-1.126671433,0.863640428,-0.014894289,-0.045654230,0.501815796
5,462446,690,viewpoint,front,-0.404804587,1.401719093,-1.712918639,-0.269107670,0.229136139,0.131619081,0.926150143,-0.190095410,-0.716163695,-1.233216286,0.841281831,-0.006723936,-0.006836704,0.540511787,-0.051868342,-0.739848137,-1.254542828,0.864177883,-0.080268137,-0.095493302,0.487477869,-0.133106977,-0.799741983,-1.108529568,0.848924875,-0.017559873,-0.049288772,0.525917113
6,462570,814,viewpoint,front,-0.404965758,1.401917815,-1.713041663,-0.267827779,0.230179146,0.131549716,0.926272392,-0.186067834,-0.708582580,-1.214254618,0.828389227,-0.005741925,-0.009125895,0.560049117,-0.050382912,-0.734442413,-1.238604903,0.853931606,-0.074766427,-0.102650426,0.504652202,-0.132417321,-0.803315938,-1.107612491,0.845231891,-0.015480382,-0.050197534,0.531811655
7,462695,939,viewpoint,front,-0.405476689,1.401945114,-1.713227868,-0.267550409,0.230792701,0.132097602,0.926121891,-0.186430365,-0.713789284,-1.222098589,0.830404043,-0.005659717,-0.012074782,0.557002127,-0.049749881,-0.742254972,-1.250565767,0.862423897,-0.076471217,-0.101967722,0.489877313,-0.132207513,-0.803516865,-1.107061148,0.845382631,-0.016891820,-0.051845483,0.531370819
8,462819,1063,viewpoint,front,-0.406167388,1.402071714,-1.713429809,-0.267336756,0.230929673,0.133025005,0.926016688,-0.189896658,-0.719553947,-1.230615377,0.837168157,-0.011435702,-0.011288535,0.546709538,-0.051733844,-0.742739081,-1.250115991,0.864049494,-0.077442184,-0.094489440,0.488357455,-0.134357899,-0.810546279,-1.115826488,0.854889572,-0.020923825,-0.044980060,0.516432881
9,462932,1176,viewpoint,front,-0.406745315,1.402164578,-1.713952422,-0.267424345,0.231039524,0.133771107,0.925856531,-0.190437436,-0.719732523,-1.231730461,0.838435411,-0.011751478,-0.011609650,0.544750690,-0.052127145,-0.742673635,-1.250596762,0.863725543,-0.077576518,-0.093454406,0.489107728,-0.135155797,-0.804985940,-1.108381748,0.849491894,-0.015454761,-0.050024316,0.524997234
10,463057,1301,viewpoint,front,-0.407078981,1.402357697,-1.714350104,-0.266771138,0.231060684,0.134402677,0.925948203,-0.191930458,-0.718285024,-1.225652456,0.836643875,-0.010401998,-0.012830464,0.547498167,-0.054708503,-0.742361188,-1.245899200,0.858986974,-0.078067616,-0.092513524,0.497481734,-0.136832610,-0.810361564,-1.113276958,0.853233278,-0.024953092,-0.047912385,0.518724203
11,463181,1425,viewpoint,front,-0.407181382,1.402765155,-1.714976907,-0.265955985,0.231416598,0.134816930,0.926033616,-0.192840248,-0.722596765,-1.228702068,0.839314938,-0.008285891,-0.011046022,0.543470144,-0.054795898,-0.746439338,-1.247736812,0.861630976,-0.082679272,-0.096281238,0.491412401,-0.137561008,-0.807058215,-1.104425311,0.845850587,-0.018094921,-0.052978773,0.530473948
12,463306,1550,viewpoint,front,-0.407499075,1.402652264,-1.715655923,-0.265573680,0.232122555,0.135251239,0.925903261,-0.192976236,-0.725075424,-1.229025364,0.838693321,-0.011982023,-0.012080826,0.544338107,-0.054658610,-0.743053377,-1.238547325,0.857324660,-0.084577121,-0.100789063,0.497677296,-0.136702448,-0.803525329,-1.097014427,0.841212034,-0.019115467,-0.049328055,0.538111210
13,463417,1661,viewpoint,front,-0.408000827,1.402767777,-1.716167092,-0.264881492,0.232504547,0.136241227,0.925860584,-0.192164004,-0.719151080,-1.217713237,0.833401859,-0.010410577,-0.010281365,0.552473903,-0.055200156,-0.748767018,-1.245229244,0.861132324,-0.080397718,-0.093123868,0.493270010,-0.139228538,-0.814412475,-1.109222531,0.853039861,-0.022725653,-0.049221095,0.519022167
14,463543,1787,viewpoint,front,-0.408030868,1.402939796,-1.716404319,-0.264685839,0.232943714,0.136235163,0.925806999,-0.192504346,-0.722585797,-1.221701622,0.836874723,-0.015328913,-0.010797296,0.547073364,-0.054813072,-0.746825814,-1.240083218,0.859867275,-0.083331183,-0.100548416,0.493532360,-0.133388057,-0.788280308,-1.070244312,0.996545374,-0.050423700,-0.033639718,0.056772761
15,463653,1897,viewpoint,front,-0.408264875,1.402899623,-1.716054082,-0.264743477,0.233386397,0.136660159,0.925616384,-0.192699641,-0.725255966,-1.227709174,0.838678777,-0.009495756,-0.012445562,0.544401467,-0.054836161,-0.747522354,-1.242625952,0.860244811,-0.080854602,-0.095605321,0.494268239,-0.139279813,-0.819882452,-1.116223097,0.857605338,-0.022928020,-0.056785922,0.510649383
16,463778,2022,viewpoint,front,-0.408315063,1.403150201,-1.715372682,-0.264163405,0.233345553,0.136760965,0.925777495,-0.192614272,-0.723990262,-1.223669648,0.835736334,-0.015478287,-0.013183376,0.548754334,-0.054682765,-0.745192051,-1.236630321,0.856437683,-0.085077159,-0.100679636,0.499139339,-0.139127105,-0.816368461,-1.110347152,0.850116372,-0.024959393,-0.051218346,0.523503363
17,463903,2147,viewpoint,front,-0.408424854,1.403076649,-1.714310527,-0.263448417,0.233582497,0.137091383,0.925872624,-0.192317724,-0.721678138,-1.217841625,0.830833673,-0.012258713,-0.009462208,0.556305230,-0.055068322,-0.752350450,-1.245709419,0.863211572,-0.084399603,-0.095828816,0.488425374,-0.139151037,-0.813379526,-1.104981184,0.847812593,-0.027643664,-0.053046353,0.526911497
18,464028,2272,viewpoint,front,-0.408331633,1.403335929,-1.713528752,-0.262975514,0.233617336,0.137043402,0.926005363,-0.193957821,-0.729034483,-1.227186680,0.838989973,-0.016834611,-0.005066958,0.543862879,-0.054927655,-0.748174310,-1.236775041,0.856187582,-0.086752161,-0.100684181,0.499279141,-0.139098451,-0.815232158,-1.105496407,0.847627580,-0.024332233,-0.049789932,0.527689695
19,464139,2383,viewpoint,front,-0.407975316,1.403512239,-1.713103175,-0.263015687,0.234156400,0.136358082,0.925958991,-0.190841779,-0.726334691,-1.223151445,0.836368024,-0.015314850,-0.007418528,0.547904193,-0.053393107,-0.756631732,-1.251163244,0.862580299,-0.087999284,-0.090879291,0.489849299,-0.136542857,-0.813877583,-1.105194092,0.846920550,-0.027743854,-0.050895225,0.528550446
20,464265,2509,viewpoint,front,-0.407906055,1.403648138,-1.712421536,-0.262390912,0.234081566,0.136761144,0.926095724,-0.191277832,-0.726490319,-1.222124338,0.833915412,-0.017589550,-0.011458698,0.551492870,-0.054182313,-0.748695493,-1.236871123,0.855221093,-0.085296050,-0.104267858,0.500449359,-0.136910558,-0.817152083,-1.107627392,0.850585341,-0.025648186,-0.043687247,0.523391008
21,464391,2635,viewpoint,front,-0.408178329,1.403683662,-1.711486459,-0.261919618,0.234601721,0.137014270,0.926060081,-0.190524071,-0.724956155,-1.218595505,0.831773400,-0.015948376,-0.009469269,0.554805398,-0.053653538,-0.756166339,-1.248442888,0.860947967,-0.088167690,-0.097499333,0.491415143,-0.136522129,-0.814610720,-1.103656888,0.847036541,-0.026631489,-0.045513596,0.528912425
22,464501,2745,viewpoint,front,-0.408185244,1.403703690,-1.710747600,-0.261764675,0.234741420,0.137423322,0.926007867,-0.190821663,-0.725112438,-1.219682932,0.832175374,-0.018399760,-0.013701463,0.554037869,-0.054187182,-0.749879360,-1.238339901,0.855725408,-0.085534401,-0.103179939,0.499771804,-0.137966096,-0.823982418,-1.116213083,0.857139409,-0.029268268,-0.043591887,0.512401342
23,464625,2869,viewpoint,front,-0.408433557,1.403880119,-1.710070968,-0.261223525,0.235134378,0.137751997,0.926012158,-0.190557107,-0.724805832,-1.217922926,0.830894172,-0.015683051,-0.010425175,0.556111753,-0.054518260,-0.755284250,-1.244961500,0.858409226,-0.084551640,-0.102004617,0.495559901,-0.137293279,-0.819974720,-1.110075235,0.851095438,-0.029309530,-0.046911821,0.522089005
24,464750,2994,viewpoint,front,-0.408558011,1.403970480,-1.709794641,-0.260942817,0.235715628,0.137998611,0.925906777,-0.190079615,-0.730025589,-1.226553798,0.835576534,-0.014455371,-0.011830777,0.549056530,-0.052120417,-0.754289210,-1.242774129,0.860838413,-0.086242333,-0.100273766,0.491390526,-0.136426181,-0.816733003,-1.105701447,0.846609414,-0.028487051,-0.049987748,0.529095590
25,464863,3107,viewpoint,front,-0.408826590,1.403643370,-1.710014701,-0.261471957,0.235144570,0.138168201,0.925877452,-0.190807447,-0.724354863,-1.220495939,0.830410421,-0.019738140,-0.015034222,0.556599319,-0.054173317,-0.749110281,-1.238017797,0.855180144,-0.086453669,-0.103539452,0.500472069,-0.137361407,-0.817717552,-1.109964013,0.851001799,-0.030070541,-0.047814589,0.522116363
26,464987,3231,viewpoint,front,-0.408830881,1.403584242,-1.709554076,-0.261063635,0.235187888,0.138026968,0.926002681,-0.190770611,-0.726188958,-1.221441865,0.832950294,-0.018282881,-0.011449493,0.552927256,-0.053821031,-0.757775426,-1.251038790,0.861611545,-0.089185312,-0.101492457,0.489255339,-0.137007147,-0.818221986,-1.108809352,0.851678312,-0.028793393,-0.048538752,0.521017313
27,465111,3355,viewpoint,front,-0.408947825,1.403742194,-1.709463239,-0.261071324,0.235267594,0.137788251,0.926015854,-0.191079155,-0.730497241,-1.228004456,0.837221086,-0.018991636,-0.005593546,0.546506107,-0.053103648,-0.758225739,-1.251019716,0.861497939,-0.089701727,-0.093394957,0.490970790,-0.136568367,-0.816071749,-1.105398655,0.846865594,-0.027638355,-0.050067563,0.528723061
28,465239,3483,viewpoint,front,-0.409027457,1.403836846,-1.709050775,-0.260760069,0.235722288,0.137733221,0.925996125,-0.188557670,-0.726439595,-1.219696045,0.833278775,-0.012861633,-0.007040482,0.552658677,-0.051955499,-0.753403068,-1.241258979,0.858502805,-0.084000714,-0.096729964,0.496548235,-0.136304885,-0.818488479,-1.107688546,0.846260726,-0.027209975,-0.055563755,0.529164553
29,465346,3590,viewpoint,front,-0.408956409,1.404118419,-1.708638072,-0.260672420,0.236616939,0.137481093,0.925830066,-0.186496735,-0.729813933,-1.224845409,0.835039794,-0.012451082,-0.009666237,0.549963772,-0.048898950,-0.751269221,-1.236590624,0.854592860,-0.086684354,-0.097280301,0.502686322,-0.133646846,-0.818220437,-1.106810212,0.847099125,-0.028156750,-0.056232784,0.527700782
30,465473,3717,viewpoint,front,-0.408925176,1.404078960,-1.708340287,-0.260398746,0.237785667,0.136876330,0.925697207,-0.182955906,-0.729362428,-1.222142577,0.833153307,-0.019419974,-0.010130269,0.552608311,-0.045645215,-0.753028929,-1.238373041,0.855699539,-0.087149166,-0.098001152,0.500578761,-0.130787522,-0.819669068,-1.107361078,0.841940165,-0.027163398,-0.050268237,0.536537111
31,465598,3842,viewpoint,front,-0.408460021,1.404194951,-1.707970738,-0.259983867,0.238164857,0.136505529,0.925771117,-0.182286993,-0.732682586,-1.226488709,0.835358679,-0.019407332,-0.002752612,0.549355745,-0.044845361,-0.765002191,-1.255947232,0.864373863,-0.091452107,-0.097975694,0.484659761,-0.128392696,-0.817583680,-1.103303194,0.845628679,-0.028733470,-0.044522870,0.531134844
32,465708,3952,viewpoint,front,-0.407628059,1.404465437,-1.707986951,-0.260095417,0.237999126,0.135646492,0.925908685,-0.181195319,-0.733138323,-1.226378441,0.833010077,-0.014685587,-0.011629300,0.552940607,-0.043124482,-0.755232453,-1.238523126,0.855848134,-0.086908646,-0.095690228,0.500813663,-0.128357619,-0.821168184,-1.107354641,0.846893787,-0.028072044,-0.049944766,0.528666615
33,465834,4078,viewpoint,front,-0.407443285,1.404529810,-1.707889438,-0.260334939,0.237490788,0.135094941,0.926052511,-0.181401506,-0.732930541,-1.226491690,0.834396899,-0.014961033,-0.009102602,0.550885677,-0.043156184,-0.755494833,-1.240734339,0.858391225,-0.089013405,-0.098252408,0.495567948,-0.128288940,-0.821016550,-1.107464075,0.845970392,-0.027560525,-0.051332045,0.530037344
34,465945,4189,viewpoint,front,-0.407116532,1.404843092,-1.707584500,-0.259856462,0.237279624,0.134987399,0.926256657,-0.181796148,-0.731466174,-1.222279787,0.831036448,-0.017504096,-0.005335727,0.555916965,-0.044455167,-0.758553982,-1.243138433,0.857369304,-0.089069426,-0.093167804,0.498301387,-0.128197849,-0.818972826,-1.103436947,0.848662078,-0.025683144,-0.043448612,0.526521802
35,466071,4315,viewpoint,front,-0.407387257,1.404958487,-1.707183957,-0.259044021,0.237637267,0.135594994,0.926303804,-0.182047710,-0.730991721,-1.218018651,0.830486000,-0.016561527,-0.008908304,0.556721926,-0.045628645,-0.759727895,-1.242294073,0.854966402,-0.083334066,-0.092357755,0.503545463,-0.128639892,-0.821212709,-1.104110003,0.846988380,-0.028474852,-0.044470016,0.528982401
36,466196,4440,viewpoint,front,-0.407401204,1.404670715,-1.706606030,-0.259749383,0.237674624,0.135123208,0.926165640,-0.181084111,-0.733639777,-1.225512385,0.833584249,-0.012912549,-0.009718261,0.552155912,-0.043152928,-0.754329562,-1.236140132,0.854079008,-0.087054387,-0.094679788,0.503990412,-0.128281772,-0.821519494,-1.106863499,0.847811818,-0.028037596,-0.049500261,0.527236938
37,466306,4550,viewpoint,front,-0.406798959,1.404802084,-1.706334949,-0.259702116,0.237816691,0.135036632,0.926155031,-0.180687174,-0.732799470,-1.223942995,0.833450854,-0.014026698,-0.009639047,0.552331507,-0.042871252,-0.753546357,-1.234716415,0.852636635,-0.086678520,-0.095088899,0.506414592,-0.128108799,-0.821888685,-1.107253075,0.847285807,-0.027400309,-0.048954867,0.528166056
38,466432,4676,viewpoint,front,-0.406866431,1.404860377,-1.706344008,-0.259724379,0.237670422,0.134825259,0.926217139,-0.182542786,-0.739345491,-1.233545542,0.839342058,-0.017625391,-0.006211045,0.543282449,-0.043029368,-0.753866792,-1.235241055,0.854200900,-0.087027416,-0.094846085,0.503757238,-0.128375500,-0.823557794,-1.108574867,0.848077118,-0.025914449,-0.049250130,0.526942313
39,466557,4801,viewpoint,front,-0.406522393,1.404994249,-1.706386685,-0.259652793,0.237370163,0.134916708,0.926300883,-0.182438970,-0.732463241,-1.222128391,0.832624376,-0.018841617,-0.007078768,0.553472281,-0.045256868,-0.754725456,-1.236289859,0.853403926,-0.086323053,-0.097223558,0.504774868,-0.128431499,-0.819729805,-1.103695869,0.846373379,-0.027754810,-0.045178507,0.529944122
40,466668,4912,viewpoint,front,-0.406928182,1.404824138,-1.706722617,-0.259208381,0.237564027,0.135364950,0.926310241,-0.183446616,-0.734252572,-1.222944856,0.833518088,-0.013954933,-0.009674587,0.552231252,-0.045753032,-0.758516669,-1.240081429,0.858383715,-0.088494204,-0.099536955,0.495417595,-0.130110189,-0.820689201,-1.102783680,0.843366206,-0.027223358,-0.053970300,0.533928394
41,466792,5036,viewpoint,front,-0.407228231,1.404485464,-1.707030416,-0.259515941,0.237328157,0.135715693,0.926233292,-0.185402244,-0.738056242,-1.230765939,0.837733090,-0.019449655,-0.004591723,0.545714080,-0.046031833,-0.755147576,-1.236649871,0.855069816,-0.087160096,-0.092765272,0.502646565,-0.130793780,-0.820014238,-1.102942109,0.842084110,-0.024536457,-0.049868293,0.536475122
42,466903,5147,viewpoint,front,-0.407280087,1.404621959,-1.706916451,-0.259255677,0.238064080,0.136027262,0.926071584,-0.182545498,-0.730978847,-1.218638778,0.831901908,-0.018736934,-0.012597374,0.554463327,-0.045795798,-0.755402207,-1.235967398,0.855766296,-0.089144729,-0.100482725,0.499620378,-0.130824089,-0.823953867,-1.107258320,0.847349823,-0.027675148,-0.051851157,0.527772486
43,467030,5274,viewpoint,front,-0.407517552,1.404655695,-1.707047105,-0.259015411,0.238314196,0.136196181,0.926049650,-0.181768179,-0.729578137,-1.214062572,0.828451633,-0.014634250,-0.006624591,0.559830248,-0.045583509,-0.757978618,-1.236827970,0.854953170,-0.086174138,-0.096976154,0.502219856,-0.130618080,-0.823654771,-1.105993748,0.844962358,-0.029019298,-0.050622754,0.531633198
44,467153,5397,viewpoint,front,-0.407220840,1.404927015,-1.707125545,-0.258795142,0.238420501,0.136178270,0.926086485,-0.183141947,-0.734912992,-1.221316338,0.831967592,-0.018815637,-0.006900677,0.554462194,-0.045623098,-0.756104350,-1.233310580,0.852874219,-0.087000027,-0.096495889,0.505692661,-0.130914778,-0.825691164,-1.106777668,0.846554637,-0.028471714,-0.052702934,0.528920591
45,467267,5511,viewpoint,front,-0.407400608,1.404480934,-1.707581639,-0.259856969,0.237730563,0.136479408,0.925922215,-0.183523387,-0.730231643,-1.220295310,0.831770182,-0.013572291,-0.008433534,0.554890156,-0.046227522,-0.752862215,-1.233853221,0.852600634,-0.088478170,-0.090761982,0.506957531,-0.130905375,-0.818751216,-1.102379680,0.846239150,-0.027193055,-0.046959646,0.530032635
46,467388,5632,viewpoint,front,-0.407633066,1.404179096,-1.708185554,-0.260574073,0.237236395,0.136263698,0.925879180,-0.185103938,-0.733927786,-1.228493571,0.838429689,-0.019342287,-0.005115164,0.544642448,-0.046456881,-0.752538800,-1.236837387,0.855371594,-0.087906204,-0.088903405,0.502700686,-0.131070018,-0.818875492,-1.104768991,0.846500814,-0.028451681,-0.049531519,0.529314280
47,467514,5758,viewpoint,front,-0.407599688,1.404282808,-1.708518386,-0.260336906,0.237158969,0.136470318,0.925935328,-0.184788033,-0.729253292,-1.220044851,0.831756294,-0.015750263,-0.004042874,0.554902732,-0.048314631,-0.759497643,-1.245455027,0.860735655,-0.083459571,-0.095915437,0.492918730,-0.131296501,-0.818082809,-1.103340507,0.845900238,-0.029337088,-0.048347991,0.530334473
48,467626,5870,viewpoint,front,-0.407580137,1.404594183,-1.708583474,-0.259874344,0.237754136,0.136228666,0.925948203,-0.183762103,-0.734054446,-1.223903418,0.835627377,-0.017643528,-0.014564853,0.548820078,-0.045776602,-0.754731178,-1.235093594,0.856579065,-0.089065969,-0.101149656,0.498104721,-0.130945221,-0.822371244,-1.105112910,0.847314894,-0.027510716,-0.052226424,0.527800143
49,467751,5995,viewpoint,front,-0.407305717,1.404542327,-1.708431840,-0.259954154,0.238106549,0.135976732,0.925872266,-0.182305798,-0.731653571,-1.219959855,0.833511591,-0.019457236,-0.009076801,0.552084684,-0.045506690,-0.757112145,-1.238990664,0.856772363,-0.087878853,-0.098034166,0.498605758,-0.128731400,-0.813591719,-1.093902826,0.839583158,-0.026057547,-0.051251266,0.540179908
50,467876,6120,viewpoint,front,-0.406890154,1.404767513,-1.708392024,-0.259509414,0.238158241,0.135973439,0.925984204,-0.181964830,-0.730045140,-1.214573383,0.827914894,-0.015139280,-0.010477713,0.560551524,-0.045652639,-0.756692946,-1.234631538,0.854059875,-0.086322956,-0.096339896,0.503834069,-0.131021261,-0.826898873,-1.108815193,0.852781355,-0.028939614,-0.052943941,0.518771112
51,468002,6246,viewpoint,front,-0.406943083,1.404729128,-1.708489060,-0.259467632,0.238547042,0.135908455,0.925905347,-0.181511730,-0.729210496,-1.214070916,0.827547669,-0.016114525,-0.008812615,0.561094999,-0.045376714,-0.757274210,-1.235377789,0.854020357,-0.085204422,-0.094438240,0.504451096,-0.129914045,-0.828734875,-1.111555696,0.856087387,-0.031895235,-0.056147669,0.512781143
52,468111,6355,viewpoint,front,-0.407159209,1.404941082,-1.707937360,-0.258911997,0.238378569,0.136660323,0.925993621,-0.184921250,-0.737978578,-1.225975037,0.837511182,-0.018815804,-0.003919046,0.546082079,-0.045976102,-0.755546987,-1.232147098,0.853640735,-0.087735511,-0.093654267,0.504805684,-0.130766556,-0.820206523,-1.099147558,0.843494654,-0.028763136,-0.050599098,0.533974946
53,468238,6482,viewpoint,front,-0.407214522,1.404896498,-1.707710147,-0.258915901,0.238533437,0.136634603,0.925956428,-0.184138119,-0.737818360,-1.225843072,0.836182535,-0.019231606,-0.008673945,0.548045278,-0.045751486,-0.757249713,-1.234819770,0.854094565,-0.086970225,-0.096281968,0.503674984,-0.130827099,-0.822813213,-1.102450490,0.845346987,-0.027880892,-0.050765466,0.531068683
54,468347,6591,viewpoint,front,-0.407078981,1.404896855,-1.707536578,-0.259032696,0.238044396,0.136402711,0.926083863,-0.183508992,-0.733370066,-1.220365286,0.832097411,-0.012684814,-0.007608484,0.554432392,-0.046095569,-0.755602658,-1.233075738,0.853083074,-0.086870581,-0.092346437,0.506137252,-0.130747169,-0.820225716,-1.100808859,0.844138443,-0.029636471,-0.050462555,0.532921672
55,468473,6717,viewpoint,front,-0.407032371,1.404780626,-1.707462192,-0.258891165,0.237975627,0.136137709,0.926180065,-0.183738098,-0.734278202,-1.221493244,0.832135677,-0.014061147,-0.009017888,0.554320574,-0.046104535,-0.755971491,-1.233438969,0.853049695,-0.087242737,-0.091640510,0.506257892,-0.130879417,-0.821588993,-1.101707578,0.847357810,-0.029405870,-0.049946461,0.527849913
56,468598,6842,viewpoint,front,-0.407111764,1.404621840,-1.707347512,-0.258933574,0.237608984,0.135493442,0.926356792,-0.183984324,-0.737022877,-1.224936366,0.835160851,-0.016574545,-0.014123510,0.549574494,-0.045818001,-0.755934358,-1.233105898,0.852830231,-0.086653180,-0.096136309,0.505894840,-0.130942762,-0.824964345,-1.105745673,0.848514497,-0.027340839,-0.051516719,0.525948346
57,468709,6953,viewpoint,front,-0.406956077,1.404878497,-1.706874728,-0.258111596,0.237244442,0.135674864,0.926653028,-0.185035095,-0.737195015,-1.223449230,0.834305048,-0.019231606,-0.006041244,0.550934374,-0.047732987,-0.769021869,-1.252251506,0.862368941,-0.089422859,-0.097387254,0.488711596,-0.131070435,-0.822359562,-1.101309538,0.845497131,-0.029062433,-0.045974784,0.531202734
58,468833,7077,viewpoint,front,-0.406615257,1.405194640,-1.706002831,-0.257230133,0.237801850,0.135141104,0.926833212,-0.182680070,-0.737321794,-1.218560815,0.830501437,-0.018251291,-0.009266890,0.556640327,-0.045675632,-0.762584209,-1.237524629,0.854694068,-0.087036751,-0.096457727,0.502611697,-0.130301684,-0.826355517,-1.102612615,0.842236638,-0.026214326,-0.053166166,0.535839260
59,468944,7188,viewpoint,front,-0.405900240,1.405620217,-1.705441356,-0.256329060,0.238106072,0.134448394,0.927105486,-0.182021394,-0.738909960,-1.217177629,0.828863621,-0.018524194,-0.009879082,0.559056699,-0.045212511,-0.762560368,-1.233107567,0.851309896,-0.086915091,-0.098813750,0.507890880,-0.128648549,-0.829883635,-1.104509234,0.847764254,-0.030113930,-0.045249503,0.527580738
60,469069,7313,viewpoint,front,-0.405153751,1.405658960,-1.704844832,-0.256042987,0.237795562,0.134108648,0.927313387,-0.182630524,-0.740993619,-1.219743371,0.829775095,-0.018721344,-0.009321609,0.557705998,-0.045567282,-0.765108526,-1.236703873,0.853625596,-0.087050386,-0.096242711,0.504463017,-0.129301473,-0.832649291,-1.107294798,0.848589540,-0.029310128,-0.048758406,0.525984049
61,469197,7441,viewpoint,front,-0.404793620,1.405648589,-1.704282403,-0.255197287,0.238008589,0.134005398,0.927506804,-0.182051003,-0.740199804,-1.215548515,0.826614380,-0.014485132,-0.008536737,0.562517643,-0.045733035,-0.767480612,-1.237357497,0.854070425,-0.084983826,-0.094793662,0.504336774,-0.129877537,-0.838065743,-1.112519979,0.853082895,-0.027895255,-0.052560348,0.518371284
62,469306,7550,viewpoint,front,-0.404661417,1.406058192,-1.703674912,-0.254940361,0.237743437,0.133590579,0.927705228,-0.182595104,-0.742609441,-1.218783259,0.827378750,-0.015807284,-0.009552749,0.561340630,-0.045705833,-0.766043067,-1.234425068,0.850736141,-0.086183175,-0.095891401,0.509534419,-0.129979938,-0.831281543,-1.102751732,0.839719594,-0.020337533,-0.053026654,0.540042281
63,469432,7676,viewpoint,front,-0.404865146,1.406134725,-1.702644467,-0.254223108,0.238743052,0.133452550,0.927665234,-0.182380155,-0.751371026,-1.230764508,0.835210383,-0.018674444,-0.004518087,0.549594879,-0.043081656,-0.768609643,-1.236471534,0.854019821,-0.089143626,-0.095094524,0.503647268,-0.128263593,-0.832956016,-1.103480577,0.841439843,-0.027806437,-0.050002351,0.537313163
64,469542,7786,viewpoint,front,-0.405191302,1.406118989,-1.701874614,-0.254117340,0.239280432,0.133438542,0.927557766,-0.179414600,-0.744417191,-1.221050620,0.828608572,-0.018178679,-0.003530283,0.559522033,-0.042332195,-0.768038213,-1.236444473,0.851883709,-0.087018043,-0.097913772,0.507084727,-0.125933334,-0.831401110,-1.103126526,0.843624890,-0.028693661,-0.044065502,0.534351885
65,469667,7911,viewpoint,front,-0.405462027,1.405936956,-1.701375604,-0.254241794,0.240119383,0.133303583,0.927326262,-0.176350743,-0.740411937,-1.216355085,0.824225128,-0.017497228,-0.006926749,0.565949380,-0.039796866,-0.766327143,-1.234642029,0.849758625,-0.086914644,-0.094915539,0.511221111,-0.125740200,-0.843751490,-1.120465875,0.854812443,-0.031472810,-0.048129521,0.515740931
66,469778,8022,viewpoint,front,-0.405627966,1.405875683,-1.700916171,-0.254093498,0.240795702,0.133489221,0.927164793,-0.176940799,-0.748452783,-1.230345607,0.831263840,-0.019038673,-0.001495624,0.555549920,-0.039070092,-0.774642825,-1.248643756,0.855503917,-0.091739677,-0.093610138,0.500933111,-0.123147994,-0.827769458,-1.100820303,0.841170847,-0.029206626,-0.039490853,0.538534224
67,469903,8147,viewpoint,front,-0.405180693,1.405577898,-1.700200677,-0.254677266,0.240358248,0.133710980,0.927086174,-0.176533073,-0.740849495,-1.222350717,0.826236963,-0.019602023,-0.003960616,0.562967718,-0.039427590,-0.766447306,-1.239519954,0.852151394,-0.087191395,-0.096769974,0.506824732,-0.124161631,-0.831068814,-1.108585715,0.845131636,-0.030619483,-0.045292318,0.531755090
68,470014,8258,viewpoint,front,-0.404730558,1.405786991,-1.699527383,-0.253846079,0.240564451,0.133424938,0.927301884,-0.176716000,-0.744182706,-1.223332882,0.827757120,-0.018600727,-0.001729633,0.560775578,-0.039610099,-0.767711461,-1.237279296,0.848753631,-0.088150144,-0.093803532,0.512881756,-0.123752244,-0.829779625,-1.103287578,0.843727350,-0.029483851,-0.040172748,0.534453988
69,470139,8383,viewpoint,front,-0.404501915,1.406148434,-1.699469686,-0.253187001,0.240428433,0.133480430,0.927509308,-0.179646626,-0.753227115,-1.234106779,0.835375249,-0.018481519,-0.006609399,0.549329519,-0.040217601,-0.770029783,-1.238385797,0.853228986,-0.090898536,-0.095905848,0.504519582,-0.125670910,-0.833795905,-1.104803085,0.841149926,-0.026004307,-0.048033431,0.538036704
70,470250,8494,viewpoint,front,-0.404459596,1.406183481,-1.699878097,-0.253234506,0.240238816,0.133696958,0.927514315,-0.179933190,-0.749930263,-1.228420258,0.831443489,-0.019875670,-0.003599316,0.555242002,-0.042058159,-0.779903591,-1.253101110,0.861179173,-0.092270091,-0.096665509,0.490420610,-0.125964552,-0.831929386,-1.102335930,0.842545986,-0.029421549,-0.042782851,0.536116004
71,470375,8619,viewpoint,front,-0.404776454,1.406301856,-1.700137973,-0.252815962,0.240186825,0.133913383,0.927610695,-0.179148912,-0.743779302,-1.215586543,0.825978577,-0.016271314,-0.005629216,0.563438535,-0.042664129,-0.769040108,-1.233228445,0.849472821,-0.086745188,-0.094202362,0.511856675,-0.128102064,-0.835525572,-1.104496241,0.837410092,-0.025076881,-0.047400061,0.543938220
72,470486,8730,viewpoint,front,-0.404211044,1.406175375,-1.700527787,-0.253040105,0.240248218,0.134821922,0.927402079,-0.182654321,-0.750274539,-1.228533506,0.830895543,-0.020645773,-0.007269915,0.555997729,-0.044371668,-0.775370002,-1.244161367,0.853271842,-0.092050992,-0.088154219,0.505650759,-0.128524065,-0.830855966,-1.100252986,0.841807246,-0.030012134,-0.042560440,0.537260115
73,470600,8844,viewpoint,front,-0.403845429,1.406445503,-1.700776696,-0.252666712,0.240510955,0.135043442,0.927403510,-0.182320103,-0.746275425,-1.218818307,0.827965736,-0.019579783,-0.006176536,0.560402751,-0.045709737,-0.769724786,-1.233192801,0.851605654,-0.089994065,-0.099814259,0.506661713,-0.130716115,-0.833184779,-1.100067139,0.837849736,-0.027232375,-0.050905298,0.542839646
74,470723,8967,viewpoint,front,-0.403513789,1.407054663,-1.700963855,-0.251602054,0.240788639,0.135370687,0.927573204,-0.183812663,-0.750986695,-1.220538497,0.829190373,-0.021640304,-0.004673263,0.558527768,-0.045849938,-0.771852732,-1.231065035,0.851443589,-0.091472149,-0.100846544,0.506464839,-0.130831838,-0.834379911,-1.097795367,0.840214610,-0.031319465,-0.049213812,0.539107025
75,470834,9078,viewpoint,front,-0.403017879,1.407305956,-1.701144814,-0.251305103,0.241059989,0.135567844,0.927554429,-0.184777319,-0.752256751,-1.221105337,0.827848911,-0.020088773,-0.005246271,0.560566843,-0.046806108,-0.776393056,-1.234607577,0.850019038,-0.091022953,-0.087695949,0.511362791,-0.132336497,-0.844782412,-1.108247876,0.850750923,-0.033822678,-0.044283785,0.522606850
76,470944,9188,viewpoint,front,-0.403097749,1.407316089,-1.701285481,-0.251224905,0.241756573,0.135455921,0.927411199,-0.182016626,-0.747560978,-1.212718129,0.824298024,-0.020025874,-0.009753839,0.565717936,-0.045630030,-0.773268819,-1.229624987,0.847760856,-0.087920144,-0.094119258,0.514502764,-0.130417943,-0.831089973,-1.091021180,0.831930697,-0.032504342,-0.048884220,0.551765561
77,471069,9313,viewpoint,front,-0.403229594,1.407184124,-1.701927781,-0.251822740,0.241530240,0.136100486,0.927213609,-0.185238555,-0.754563212,-1.226790667,0.832102120,-0.021286335,-0.006248002,0.554178655,-0.046228819,-0.769429326,-1.227249742,0.850647509,-0.092832893,-0.094877809,0.508703172,-0.131815284,-0.838771403,-1.103200436,0.844575882,-0.032959688,-0.047166504,0.532334924
78,471181,9425,viewpoint,front,-0.403548360,1.406981587,-1.702071309,-0.252219111,0.242118999,0.136415303,0.926906049,-0.181827143,-0.743152916,-1.211364865,0.823501468,-0.020005770,-0.010134026,0.566870809,-0.045708373,-0.769292116,-1.227903843,0.850457311,-0.091035143,-0.100383475,0.508289337,-0.131064504,-0.836140990,-1.100939155,0.844214618,-0.033241842,-0.049790844,0.532651365
79,471305,9549,viewpoint,front,-0.403826118,1.406803012,-1.701997638,-0.252261251,0.242791504,0.136659741,0.926682651,-0.182810307,-0.751147926,-1.224089742,0.833480895,-0.025429968,-0.004909187,0.551940858,-0.044963971,-0.778807402,-1.242668152,0.858637929,-0.095062315,-0.094731688,0.494701922,-0.130351067,-0.828713238,-1.091675639,0.832281709,-0.031622011,-0.049008891,0.551276088
80,471417,9661,viewpoint,front,-0.403900385,1.406980634,-1.701687455,-0.251493484,0.243399024,0.137066931,0.926671803,-0.182163477,-0.749176741,-1.217759371,0.829576492,-0.022324359,-0.006975912,0.557903051,-0.044636447,-0.780648351,-1.242019892,0.856658459,-0.095295310,-0.093697764,0.498272866,-0.125212342,-0.803544164,-1.052875280,0.997465968,-0.056003664,-0.012339502,0.042106800
81,471528,9772,viewpoint,front,-0.403771043,1.407377243,-1.701002002,-0.250723273,0.243920162,0.137739509,0.926643729,-0.182600945,-0.753361464,-1.221967697,0.832599998,-0.026390770,-0.006945813,0.553202033,-0.044524081,-0.777649879,-1.234344363,0.853094518,-0.098563492,-0.095613934,0.503361702,-0.130467370,-0.832206130,-1.091117859,0.836539090,-0.031496953,-0.046561968,0.545015931
82,471653,9897,viewpoint,front,-0.404182553,1.407382965,-1.701338172,-0.251515925,0.243798241,0.137370244,0.926515818,-0.182137012,-0.751397431,-1.221029043,0.831007600,-0.022641936,-0.003660728,0.555788100,-0.044367094,-0.779035926,-1.238042474,0.856225312,-0.094726674,-0.088206425,0.500124633,-0.130239844,-0.830349267,-1.090347648,0.834374666,-0.034573629,-0.050826784,0.547759235
83,471764,10008,viewpoint,front,-0.404021978,1.407324672,-1.701341987,-0.251315683,0.244094342,0.137602404,0.926457763,-0.181729764,-0.750579357,-1.219866872,0.829998672,-0.023045858,-0.003825592,0.557276070,-0.044121753,-0.777744472,-1.236069560,0.855516434,-0.095012680,-0.086717248,0.501541972,-0.130077288,-0.831278682,-1.091529608,0.834422231,-0.035061162,-0.046276420,0.548059165
84,471876,10120,viewpoint,front,-0.404085040,1.407213330,-1.701418519,-0.251452625,0.244611472,0.137473509,0.926303327,-0.179189995,-0.748148918,-1.216150284,0.828248203,-0.022536835,-0.006765996,0.559867203,-0.042471495,-0.773451924,-1.229405403,0.850778520,-0.092628114,-0.094732806,0.508548617,-0.128382564,-0.835862994,-1.097584963,0.841964602,-0.036047809,-0.048831686,0.536107838
85,472000,10244,viewpoint,front,-0.404400826,1.407056093,-1.701402068,-0.251260370,0.244799867,0.137663707,0.926277459,-0.179201499,-0.750753045,-1.219517350,0.830086470,-0.023118328,-0.003974513,0.557141125,-0.041560441,-0.776406646,-1.233247638,0.853785515,-0.097130440,-0.092870735,0.502982020,-0.127768308,-0.830614746,-1.090534210,0.834276319,-0.036722459,-0.051994260,0.547659576
86,472112,10356,viewpoint,front,-0.403802276,1.407521725,-1.701141238,-0.250618398,0.245548233,0.137563378,0.926268220,-0.178745314,-0.752619028,-1.219633222,0.826916873,-0.027046602,-0.008197119,0.561613500,-0.040697210,-0.779253364,-1.234918594,0.852894545,-0.096645795,-0.089151867,0.505254865,-0.126650661,-0.830848038,-1.087987065,0.833309293,-0.036090314,-0.043924082,0.549876153
87,472223,10467,viewpoint,front,-0.404088020,1.407275438,-1.701153874,-0.250733227,0.245564416,0.137501776,0.926241994,-0.177544236,-0.749404788,-1.214290857,0.824735641,-0.027432792,-0.005183733,0.564828992,-0.039956965,-0.775579691,-1.229465842,0.851129770,-0.095126390,-0.100405365,0.506406844,-0.126926959,-0.840338409,-1.100652337,0.844091177,-0.038280532,-0.043381616,0.533069134
88,472336,10580,viewpoint,front,-0.404150844,1.406846881,-1.701424479,-0.251188666,0.245889410,0.137094751,0.926092744,-0.176363558,-0.751973927,-1.221556187,0.831327081,-0.024800675,-0.002584071,0.555223942,-0.038548540,-0.777584791,-1.235081673,0.854396880,-0.097357944,-0.089686409,0.502477646,-0.125001401,-0.831794858,-1.092125297,0.834954739,-0.035656467,-0.049616799,0.546916366
89,472459,10703,viewpoint,front,-0.404033542,1.406656861,-1.701684117,-0.251556635,0.245875612,0.137118921,0.925992906,-0.176194265,-0.750670135,-1.221491694,0.828209877,-0.026994705,-0.007890915,0.559711874,-0.037921976,-0.780004740,-1.241142273,0.855967879,-0.097191967,-0.085577495,0.500548780,-0.124324709,-0.829692125,-1.090811491,0.834248781,-0.033954419,-0.042383820,0.548707247
90,472569,10813,viewpoint,front,-0.403856516,1.406721592,-1.701505780,-0.251428545,0.246213093,0.136736855,0.925994515,-0.173281133,-0.746246219,-1.213362217,0.826726615,-0.022415863,-0.007014346,0.562113464,-0.037005436,-0.774119318,-1.231241703,0.849347353,-0.089949585,-0.090688840,0.512146235,-0.122958496,-0.832945585,-1.094525099,0.839539468,-0.036772702,-0.047915734,0.539930880
91,472695,10939,viewpoint,front,-0.403560162,1.406824112,-1.701363683,-0.251447618,0.246165320,0.136505887,0.926036119,-0.173308849,-0.748035610,-1.216318607,0.828219354,-0.022773931,-0.004664788,0.559921622,-0.036747649,-0.775393963,-1.233261108,0.849441051,-0.089455694,-0.089282021,0.512324393,-0.122784548,-0.832454085,-1.094045997,0.836947799,-0.034244213,-0.047331881,0.544155777
92,472806,11050,viewpoint,front,-0.403587461,1.407042980,-1.700845122,-0.251177698,0.246458322,0.136221662,0.926073313,-0.173026845,-0.750473142,-1.220068693,0.826451361,-0.025764097,-0.005678104,0.562389612,-0.035454951,-0.780342817,-1.239907265,0.857610166,-0.095373221,-0.085105903,0.498162419,-0.122393563,-0.836121082,-1.097833633,0.839062989,-0.036053780,-0.051278118,0.540410936
93,472931,11175,viewpoint,front,-0.403590798,1.407157063,-1.700407863,-0.250886768,0.246514589,0.136011511,0.926168025,-0.172780946,-0.751221836,-1.219729662,0.829555571,-0.025906881,-0.002596465,0.557816863,-0.035249952,-0.779884458,-1.238675833,0.856543899,-0.096032359,-0.088927895,0.499201566,-0.122251607,-0.845185637,-1.109188199,0.846728384,-0.039593969,-0.043556128,0.528759181
94,473042,11286,viewpoint,front,-0.403773069,1.407232761,-1.700521111,-0.251142085,0.246816903,0.135772139,0.926053405,-0.170447230,-0.749780416,-1.218398452,0.827335477,-0.024223644,-0.001792557,0.561182737,-0.033971470,-0.773326457,-1.229240656,0.850778580,-0.093449205,-0.094831608,0.508379877,-0.120207861,-0.834211469,-1.095859766,0.837782502,-0.036697075,-0.047386006,0.542704642
95,473167,11411,viewpoint,front,-0.403988242,1.407214642,-1.700442195,-0.251348048,0.247329801,0.135566473,0.925890863,-0.169112384,-0.750706553,-1.220374823,0.829056263,-0.024511950,-0.001805347,0.558624744,-0.031409923,-0.775046349,-1.233105898,0.849644661,-0.093348615,-0.089366600,0.511276424,-0.118612647,-0.838011265,-1.102308869,0.840534806,-0.037030566,-0.039049279,0.539078176
96,473293,11537,viewpoint,front,-0.404372334,1.407330871,-1.700058341,-0.251250237,0.248792246,0.135176286,0.925582588,-0.164796129,-0.750282645,-1.220208287,0.826212108,-0.026831921,-0.002321231,0.562715113,-0.027858360,-0.775735617,-1.232819676,0.851950169,-0.093494475,-0.093134440,0.506720543,-0.114735395,-0.834941864,-1.097266078,0.838421345,-0.035355568,-0.044036057,0.542089105
97,473403,11647,viewpoint,front,-0.404337764,1.407647491,-1.699890733,-0.250817627,0.248821646,0.134887502,0.925734103,-0.165088832,-0.754939437,-1.224956274,0.829088449,-0.028382046,-0.000723508,0.558396161,-0.026884699,-0.782390714,-1.241315603,0.853549182,-0.098907217,-0.092484422,0.503108144,-0.115018576,-0.848394036,-1.113013268,0.849323928,-0.039411567,-0.043557607,0.524593472
98,473529,11773,viewpoint,front,-0.403906226,1.407762527,-1.699584842,-0.250655651,0.248359933,0.134089574,0.926017880,-0.164988235,-0.755469680,-1.223737240,0.827381492,-0.026240321,-0.000459670,0.561026871,-0.026681859,-0.785795867,-1.244426370,0.855475783,-0.094938837,-0.085109770,0.501900494,-0.114819780,-0.851180375,-1.115001440,0.851186335,-0.038248271,-0.040956113,0.521863580
99,473639,11883,viewpoint,front,-0.403710723,1.408017993,-1.699086785,-0.250058144,0.248164013,0.133755237,0.926280260,-0.165280387,-0.757644534,-1.223883390,0.829653442,-0.027068254,0.001046514,0.557621181,-0.027308846,-0.786239386,-1.242950678,0.857699454,-0.097369760,-0.099475130,0.494949996,-0.114894718,-0.849631369,-1.110791445,0.846206069,-0.040090010,-0.044823464,0.529451609
100,473765,12009,viewpoint,front,-0.403174281,1.408392191,-1.699010015,-0.249596119,0.247459054,0.133685425,0.926603496,-0.167874634,-0.762342215,-1.228198290,0.832533121,-0.022199029,-0.000996721,0.553529501,-0.028947672,-0.785990834,-1.239638209,0.852734506,-0.094191678,-0.081465267,0.507282257,-0.115993977,-0.846601486,-1.104437590,0.843129218,-0.036642157,-0.038544975,0.535074592
101,473876,12120,viewpoint,front,-0.403525114,1.408427358,-1.698653579,-0.249528944,0.247325018,0.133843735,0.926634490,-0.168071657,-0.762565851,-1.229208589,0.832301915,-0.022850696,-0.001279054,0.553849936,-0.029049722,-0.783856452,-1.237773538,0.851075411,-0.097898573,-0.085088104,0.508769631,-0.115989529,-0.845015943,-1.103528976,0.845629871,-0.035371993,-0.037146010,0.531299472
102,473986,12230,viewpoint,front,-0.403469563,1.408525705,-1.698342204,-0.249266833,0.247703344,0.134386823,0.926525354,-0.168100819,-0.760588408,-1.226601958,0.827933490,-0.025997903,-0.003284928,0.560213685,-0.029602159,-0.790477037,-1.246656060,0.855575979,-0.095792077,-0.090791903,0.500570118,-0.117514029,-0.852543414,-1.112664104,0.848155379,-0.036635894,-0.041662976,0.526834309
103,474111,12355,viewpoint,front,-0.403188229,1.409080029,-1.698145509,-0.247997388,0.247897521,0.134160593,0.926846802,-0.167941973,-0.762578726,-1.223639846,0.827301562,-0.024921466,-0.001334958,0.561203420,-0.030084983,-0.793087602,-1.244359732,0.856604278,-0.095806219,-0.092576772,0.498477578,-0.117468789,-0.853367984,-1.108468652,0.845737278,-0.040325928,-0.043430880,0.530298114
104,474224,12468,viewpoint,front,-0.402696490,1.409408808,-1.698169827,-0.247359529,0.247514054,0.133855700,0.927163839,-0.168740526,-0.762405872,-1.219410539,0.823623180,-0.026084445,-0.003564354,0.566525996,-0.030931078,-0.785342693,-1.229929805,0.845104873,-0.094145127,-0.090504810,0.518404663,-0.117296793,-0.842209816,-1.091387272,0.833875060,-0.034228962,-0.043226231,0.549192429
105,474334,12578,viewpoint,front,-0.402389407,1.409601569,-1.697640300,-0.246790975,0.247517362,0.133818448,0.927319765,-0.168757617,-0.762560368,-1.218009114,0.824324250,-0.021318179,-0.008242357,0.565656364,-0.031297985,-0.786160350,-1.228445411,0.848574519,-0.093525015,-0.092921019,0.512386560,-0.118010357,-0.851921141,-1.101596475,0.843615413,-0.034843817,-0.043672424,0.534033358
106,474458,12702,viewpoint,front,-0.402265072,1.409684896,-1.697315097,-0.246225208,0.247601107,0.134139091,0.927401543,-0.170608297,-0.766187549,-1.221396685,0.825527549,-0.025046069,-0.001222028,0.563804507,-0.032258961,-0.790902495,-1.234115720,0.847469032,-0.099675171,-0.088508956,0.513835847,-0.119898841,-0.857272744,-1.107820511,0.846721530,-0.037081566,-0.044013977,0.528914392
107,474570,12814,viewpoint,front,-0.402110100,1.409916282,-1.697455049,-0.246110022,0.247261927,0.133454964,0.927621245,-0.170531973,-0.767918229,-1.222152710,0.827141702,-0.023503724,-0.002408863,0.561496496,-0.032387231,-0.795292556,-1.238591909,0.849508762,-0.097316138,-0.082903273,0.511851072,-0.119425312,-0.856966376,-1.105503201,0.843440294,-0.038368110,-0.041588139,0.534234822
108,474681,12925,viewpoint,front,-0.402340651,1.410160661,-1.697761655,-0.245813012,0.247510955,0.133495286,0.927627802,-0.170606107,-0.767662704,-1.220479012,0.826434374,-0.025593862,-0.002012061,0.562447488,-0.032437742,-0.793700576,-1.234414458,0.849515140,-0.098601855,-0.089154907,0.510541916,-0.119972311,-0.858998954,-1.106724977,0.845135689,-0.037512664,-0.042747151,0.531517744
109,474806,13050,viewpoint,front,-0.402596712,1.410225749,-1.697796226,-0.245413840,0.247152239,0.133779421,0.927788138,-0.170587048,-0.764389873,-1.211780667,0.822232246,-0.022965465,-0.004498837,0.568670809,-0.033723801,-0.790830731,-1.227929592,0.846624911,-0.095115840,-0.095686920,0.514803946,-0.119977511,-0.848372936,-1.091108322,0.833412766,-0.035336420,-0.047766387,0.549447954
110,474917,13161,viewpoint,front,-0.402768731,1.410609961,-1.697545409,-0.244002849,0.247600660,0.133893818,0.928024232,-0.170306131,-0.766356111,-1.208697796,0.818875372,-0.022333588,-0.008202923,0.573477983,-0.033998352,-0.793094099,-1.223964095,0.845352590,-0.094053432,-0.095886245,0.517048240,-0.120990530,-0.861639023,-1.101572275,0.843381882,-0.036880661,-0.044993568,0.534155726
111,475042,13286,viewpoint,front,-0.402966976,1.410982609,-1.697653651,-0.243075088,0.248344138,0.134069681,0.928043664,-0.170520619,-0.773766279,-1.215681314,0.823122203,-0.023985375,-0.002175672,0.567353368,-0.033291258,-0.803756952,-1.235024691,0.851133585,-0.097471416,-0.092402451,0.507476866,-0.119871274,-0.854413986,-1.088729501,0.834831655,-0.037964154,-0.049749482,0.546936870
112,475153,13397,viewpoint,front,-0.403142333,1.411647797,-1.697444558,-0.241609439,0.248740628,0.134277493,0.928290129,-0.170200795,-0.774519742,-1.207867622,0.819226980,-0.023248794,-0.007337545,0.572951019,-0.033732310,-0.802217484,-1.223658323,0.844784737,-0.094404101,-0.093643598,0.518321812,-0.120746918,-0.863139629,-1.092677474,0.838220835,-0.038960692,-0.043804411,0.542170703
113,475265,13509,viewpoint,front,-0.403317451,1.412534475,-1.696787000,-0.239384502,0.249236226,0.133393869,0.928860843,-0.170259133,-0.785417020,-1.210957408,0.823225975,-0.026195610,-0.003038303,0.567101002,-0.032541513,-0.813285589,-1.226402760,0.848580837,-0.100110941,-0.087108187,0.512152851,-0.119823955,-0.867745876,-1.087037802,0.834703386,-0.039020814,-0.049978491,0.547037184
114,475389,13633,viewpoint,front,-0.403368592,1.413403630,-1.696063399,-0.236870512,0.250427365,0.132978380,0.929244459,-0.169245481,-0.790923476,-1.206661224,0.820304513,-0.027910003,-0.002421896,0.571240544,-0.031238480,-0.813296616,-1.212768078,0.840866089,-0.099576853,-0.094340622,0.523572922,-0.118265487,-0.869211376,-1.077771187,0.826209188,-0.037292890,-0.039513998,0.560737312
115,475500,13744,viewpoint,front,-0.403469324,1.413849354,-1.695958495,-0.235743240,0.250946254,0.132624194,0.929441750,-0.166638598,-0.788124144,-1.195371866,0.812931716,-0.024413468,-0.006815488,0.581807137,-0.030646207,-0.820329607,-1.216875553,0.843030274,-0.099334754,-0.093448795,0.520288289,-0.118285790,-0.880692959,-1.085743427,0.837890863,-0.040739764,-0.036140960,0.543114185
116,475611,13855,viewpoint,front,-0.404009342,1.414138675,-1.696203589,-0.234924302,0.251680940,0.132474899,0.929471731,-0.166989714,-0.799204409,-1.207170010,0.819745898,-0.026809255,-0.002275429,0.572095096,-0.029235592,-0.829947114,-1.225759149,0.848348677,-0.102075905,-0.081374981,0.513091743,-0.116905175,-0.877994895,-1.078898191,0.831362069,-0.042708572,-0.052957553,0.551551104
117,475721,13965,viewpoint,front,-0.404502869,1.413584709,-1.696414828,-0.235616133,0.252142012,0.132745326,0.929132998,-0.165383399,-0.793118358,-1.201266646,0.818254828,-0.030032322,0.000131573,0.574070752,-0.028342055,-0.818001270,-1.211626768,0.840426981,-0.098405406,-0.089473166,0.525350809,-0.115668103,-0.874669254,-1.077436328,0.828001201,-0.038219985,-0.041578025,0.557874978
118,475833,14077,viewpoint,front,-0.404402018,1.413249969,-1.696517587,-0.235614464,0.252067238,0.132634029,0.929169595,-0.165356010,-0.792888045,-1.201001048,0.818804681,-0.029743772,0.000027899,0.573301077,-0.028177310,-0.817549109,-1.211143017,0.840627968,-0.098203354,-0.089784428,0.525013804,-0.115545392,-0.873627961,-1.076254368,0.827306867,-0.038751446,-0.041398682,0.558880866
119,475959,14203,viewpoint,front,-0.404026985,1.412891507,-1.696450591,-0.236351386,0.251866072,0.132170811,0.929103017,-0.164725646,-0.791037917,-1.201330781,0.817664742,-0.028098622,-0.003534694,0.574997723,-0.027360458,-0.814282060,-1.208775401,0.839507759,-0.098140195,-0.085993871,0.527447045,-0.115467347,-0.878560483,-1.084776402,0.834738672,-0.040236093,-0.038091596,0.547851682
120,476069,14313,viewpoint,front,-0.403624654,1.412918568,-1.695963979,-0.236038059,0.252085060,0.132181317,0.929121792,-0.163696706,-0.788681030,-1.196386456,0.813351333,-0.025053198,-0.006570606,0.581195951,-0.027173728,-0.817763209,-1.213096499,0.842406452,-0.100242712,-0.086822197,0.522268891,-0.115554027,-0.882341504,-1.087770820,0.839388371,-0.041315958,-0.036464382,0.540731490
121,476181,14425,viewpoint,front,-0.403416514,1.412895560,-1.695483088,-0.235892281,0.252261758,0.132168904,0.929112613,-0.164356440,-0.795540750,-1.206345916,0.821427703,-0.027464978,-0.000508480,0.569650710,-0.026480570,-0.825699091,-1.224093080,0.848525703,-0.101044133,-0.078855187,0.513396680,-0.114913575,-0.881309390,-1.086333275,0.837573707,-0.042155005,-0.043907773,0.542922974
122,476292,14536,viewpoint,front,-0.403102994,1.413250089,-1.695300937,-0.235264510,0.252364516,0.132013097,0.929265976,-0.164176837,-0.793216884,-1.199637294,0.818388760,-0.025536688,-0.004960274,0.574075937,-0.026620556,-0.825936198,-1.220779181,0.847189844,-0.101782016,-0.082363687,0.514904082,-0.115541607,-0.884830952,-1.087885618,0.839512825,-0.040325049,-0.035556536,0.540673435
123,476404,14648,viewpoint,front,-0.402840137,1.413637400,-1.694858909,-0.234137759,0.253041714,0.131844118,0.929390430,-0.164064914,-0.798372924,-1.202193499,0.820373416,-0.025993498,-0.001606694,0.571234882,-0.026380168,-0.828557193,-1.219645500,0.846928716,-0.100978352,-0.079483159,0.515943348,-0.114625461,-0.882663906,-1.081277013,0.835801303,-0.041396704,-0.043030515,0.545775533
124,476528,14772,viewpoint,front,-0.402671337,1.413843036,-1.694314837,-0.233441234,0.253637046,0.131482139,0.929454625,-0.161972538,-0.796199262,-1.194906712,0.812487125,-0.031594634,-0.002997783,0.582114637,-0.025318608,-0.821069419,-1.204958797,0.836340129,-0.100624010,-0.085851192,0.532014668,-0.112957239,-0.878963053,-1.072648168,0.825613797,-0.036989309,-0.041175067,0.561514199
125,476639,14883,viewpoint,front,-0.402473330,1.414050341,-1.693810821,-0.232648298,0.253961146,0.131051123,0.929625809,-0.160232976,-0.793496192,-1.187334180,0.810934961,-0.027322007,-0.003538109,0.584487438,-0.023659378,-0.831510901,-1.215186238,0.843960583,-0.102053896,-0.081123054,0.520321727,-0.112849779,-0.891140282,-1.084350109,0.838052630,-0.041437879,-0.033097129,0.543005884
126,476750,14994,viewpoint,front,-0.402268291,1.414481640,-1.693134904,-0.231438428,0.253998727,0.131039381,0.929919124,-0.162058011,-0.802555144,-1.194714069,0.810489476,-0.032047797,-0.003635189,0.584864557,-0.025249230,-0.827823341,-1.204983830,0.836189151,-0.100041233,-0.087126397,0.532154620,-0.113557674,-0.887207866,-1.074661493,0.826086938,-0.036474124,-0.044090394,0.560630023
127,476875,15119,viewpoint,front,-0.401834846,1.414699793,-1.692270637,-0.230195686,0.254385591,0.130662560,0.930174828,-0.160135090,-0.799363375,-1.185026646,0.807980716,-0.026121058,-0.002742158,0.588623345,-0.023671366,-0.839298725,-1.215171695,0.845360696,-0.105589598,-0.084101915,0.516858995,-0.113064356,-0.900253773,-1.085717440,0.839991033,-0.042225689,-0.032759976,0.539961934
128,476986,15230,viewpoint,front,-0.401474476,1.414848804,-1.691880345,-0.229872093,0.254624814,0.129954785,0.930288553,-0.161107555,-0.814123273,-1.203689456,0.818760991,-0.028304070,0.001634748,0.573434055,-0.022647992,-0.833240390,-1.204544544,0.836753666,-0.100553013,-0.085512355,0.531432033,-0.111583203,-0.895757616,-1.079094291,0.833631516,-0.041610852,-0.044894051,0.548918486
129,477099,15343,viewpoint,front,-0.400936842,1.415107965,-1.691317439,-0.229312569,0.254567444,0.129678741,0.930480838,-0.161056608,-0.815403938,-1.203121424,0.818424821,-0.027587278,0.002576682,0.573945224,-0.022722349,-0.836746275,-1.207292199,0.841177166,-0.104383782,-0.089182399,0.523040712,-0.111379214,-0.894130111,-1.075296998,0.829243720,-0.042634714,-0.045684464,0.555382848
130,477208,15452,viewpoint,front,-0.401030302,1.415151358,-1.691119790,-0.229010686,0.254713953,0.129526839,0.930536270,-0.160934582,-0.815968513,-1.202944636,0.819561660,-0.030536899,0.001518283,0.572174609,-0.022520227,-0.834583819,-1.203618288,0.839067578,-0.102478079,-0.089099593,0.526806533,-0.111303240,-0.895215273,-1.075521111,0.830457449,-0.039772928,-0.045700617,0.553777933
131,477320,15564,viewpoint,front,-0.400969744,1.414989471,-1.690803170,-0.228748575,0.254430354,0.129847273,0.930633664,-0.160673454,-0.809360325,-1.194193125,0.812507391,-0.026808247,-0.004108806,0.582319677,-0.023421973,-0.842346549,-1.214829564,0.844782412,-0.104494460,-0.082311884,0.518313050,-0.111745179,-0.891543806,-1.072318912,0.826446235,-0.043807920,-0.042496532,0.559697747
132,477431,15675,viewpoint,front,-0.401052713,1.415053368,-1.690260768,-0.228410795,0.254397929,0.129946575,0.930711627,-0.161446676,-0.809078038,-1.192765236,0.814292789,-0.031007646,-0.000845491,0.579625070,-0.023504971,-0.842520714,-1.213641763,0.843401074,-0.104571685,-0.083593599,0.520338058,-0.112781838,-0.901876211,-1.082979321,0.836239636,-0.042376276,-0.034451891,0.545637786
133,477542,15786,viewpoint,front,-0.401101351,1.414999843,-1.689852595,-0.228211269,0.254493028,0.130024061,0.930723727,-0.160604596,-0.806731224,-1.188556671,0.809345901,-0.028182065,-0.004764851,0.586636424,-0.023665708,-0.841531038,-1.211214781,0.840660989,-0.101322614,-0.079771362,0.525984347,-0.112587102,-0.899094045,-1.079306722,0.832435787,-0.042180032,-0.035381399,0.551379859
134,477653,15897,viewpoint,front,-0.400988460,1.415053129,-1.690011621,-0.227650896,0.254806042,0.130288064,0.930738389,-0.160248548,-0.807312727,-1.187974572,0.807320774,-0.028416339,-0.007328399,0.589382708,-0.023720298,-0.844613850,-1.213800073,0.842656255,-0.104468979,-0.080658898,0.522025764,-0.112673439,-0.902629733,-1.081592321,0.835846245,-0.041427117,-0.036712654,0.546165824
135,477764,16008,viewpoint,front,-0.401236534,1.414981723,-1.689845443,-0.227358207,0.255230367,0.130507603,0.930662930,-0.160997361,-0.817212224,-1.201074004,0.816979051,-0.029374698,0.000385396,0.575918555,-0.022941727,-0.845478177,-1.214478135,0.843237340,-0.105272315,-0.085025877,0.520229876,-0.111595340,-0.896274209,-1.074242949,0.827492177,-0.042358380,-0.042489979,0.558262527
136,477875,16119,viewpoint,front,-0.401373982,1.414841771,-1.689524055,-0.227425188,0.255053520,0.130868852,0.930644333,-0.160713866,-0.811430395,-1.194762588,0.812096596,-0.026695466,-0.002562946,0.582906425,-0.023507953,-0.845096231,-1.215229630,0.842348158,-0.103129514,-0.079923704,0.522901654,-0.112387903,-0.898160338,-1.077932119,0.829437196,-0.045375157,-0.040133443,0.555305660
137,478001,16245,viewpoint,front,-0.401644468,1.414777040,-1.688652158,-0.227062345,0.255233854,0.131495476,0.930595160,-0.160126507,-0.804602206,-1.185127020,0.807232499,-0.027200442,-0.004973470,0.589585543,-0.023884928,-0.844610512,-1.214262605,0.842140615,-0.105959095,-0.080915049,0.522517562,-0.112875991,-0.901075840,-1.081094146,0.832887769,-0.045308352,-0.037348080,0.550318420
138,478112,16356,viewpoint,front,-0.401932359,1.414816022,-1.687797904,-0.226559967,0.256066918,0.131934658,0.930426538,-0.160877123,-0.814980090,-1.199032784,0.813306689,-0.030366402,-0.001288124,0.581040919,-0.023302058,-0.845801711,-1.214782357,0.842799366,-0.106613517,-0.082922660,0.521005511,-0.112582512,-0.900498748,-1.079740524,0.831384778,-0.047012728,-0.039098669,0.552322805
139,478222,16466,viewpoint,front,-0.402047276,1.414666653,-1.687255740,-0.226534903,0.256022424,0.132310748,0.930391490,-0.160863370,-0.811869383,-1.196090579,0.811608791,-0.030396713,-0.002636602,0.583403945,-0.023716856,-0.844693780,-1.214358449,0.842689812,-0.106093012,-0.081644386,0.521490633,-0.112774149,-0.897865474,-1.077847958,0.829933882,-0.045337133,-0.035569951,0.554877579
140,478334,16578,viewpoint,front,-0.402138472,1.414694071,-1.686767220,-0.226330340,0.256055802,0.132875621,0.930351615,-0.162196815,-0.811041951,-1.195044041,0.813229442,-0.033122893,-0.000388543,0.580999672,-0.025286732,-0.835084796,-1.201350331,0.834955335,-0.103185005,-0.090545438,0.532920301,-0.113776229,-0.892249286,-1.071394324,0.825711846,-0.042233717,-0.046590962,0.560576081
141,478459,16703,viewpoint,front,-0.402228594,1.414580345,-1.686727643,-0.226569548,0.256337911,0.133194074,0.930170119,-0.161991820,-0.809088409,-1.194349408,0.811178625,-0.034793206,-0.002245984,0.583758175,-0.024676353,-0.836578250,-1.205248833,0.832937598,-0.104047388,-0.090938427,0.535835147,-0.113687724,-0.890040696,-1.070730805,0.821265697,-0.041253719,-0.047920518,0.567031264
142,478570,16814,viewpoint,front,-0.402240992,1.414425254,-1.686599374,-0.226671666,0.256633490,0.133864149,0.929967523,-0.162304968,-0.808832705,-1.196830392,0.813338339,-0.033654537,-0.001616768,0.580814540,-0.025363896,-0.833351970,-1.203034520,0.835536718,-0.106170081,-0.091773964,0.531209767,-0.109770246,-0.860470593,-1.035335779,0.995392859,-0.059845679,-0.005263610,0.074725173
143,478681,16925,viewpoint,front,-0.402021408,1.414434910,-1.686228156,-0.226430237,0.257449269,0.134162053,0.929757953,-0.161091134,-0.811435819,-1.200482368,0.816058815,-0.032550681,-0.002433268,0.577046335,-0.023761660,-0.840538025,-1.212414503,0.841596782,-0.108315706,-0.084935822,0.522272527,-0.113155462,-0.889753819,-1.071869850,0.822346091,-0.045588907,-0.044161566,0.565436482
144,478807,17051,viewpoint,front,-0.402190566,1.414183497,-1.685963273,-0.226640567,0.258251220,0.134678453,0.929409504,-0.160688087,-0.811192632,-1.202415824,0.812502444,-0.033342253,-0.002982954,0.581995904,-0.023189165,-0.841127038,-1.215080619,0.839597166,-0.106177852,-0.083546601,0.526139498,-0.112863734,-0.894938290,-1.080253839,0.831102192,-0.048683748,-0.040999893,0.552465439
145,478917,17161,viewpoint,front,-0.402286649,1.413992882,-1.686093688,-0.226710305,0.258550048,0.135343164,0.929212868,-0.161111042,-0.811041594,-1.203826785,0.815004766,-0.035185967,-0.006128299,0.578352451,-0.023463070,-0.836392760,-1.210317612,0.837826610,-0.111309856,-0.085533127,0.527580261,-0.113264449,-0.893399954,-1.080095053,0.829002559,-0.051037960,-0.039797846,0.555487156
146,479029,17273,viewpoint,front,-0.402226329,1.413736105,-1.685830712,-0.227040827,0.258790702,0.135748550,0.929006040,-0.161148250,-0.809041560,-1.203408003,0.814972341,-0.037455220,-0.006258409,0.578254402,-0.023592703,-0.837872446,-1.214491725,0.840706825,-0.109559149,-0.082956150,0.523762465,-0.113614775,-0.892757237,-1.081323743,0.833550036,-0.050746296,-0.039070871,0.548719108
147,479140,17384,viewpoint,front,-0.402300119,1.413528681,-1.686067939,-0.227543056,0.258866370,0.135714009,0.928867102,-0.159958288,-0.803485632,-1.198090076,0.809954524,-0.040343031,-0.007777102,0.585051835,-0.023261484,-0.833217800,-1.210731030,0.839308619,-0.111004204,-0.089012846,0.524705470,-0.113029957,-0.893053055,-1.084094524,0.832771719,-0.050379723,-0.041766915,0.549735188
148,479265,17509,viewpoint,front,-0.402234554,1.413507462,-1.686180711,-0.227503687,0.258973658,0.135820150,0.928831339,-0.161339253,-0.809085727,-1.206331968,0.817478359,-0.036929820,-0.007594005,0.574724019,-0.023343986,-0.834762275,-1.212773800,0.839847147,-0.111500695,-0.086300418,0.524191499,-0.113086231,-0.880041003,-1.068200707,0.819015503,-0.046303995,-0.042274453,0.570335329
149,479375,17619,viewpoint,front,-0.401685238,1.413205266,-1.685968995,-0.228699297,0.258747458,0.135678932,0.928621352,-0.159895703,-0.799865723,-1.198834300,0.813550174,-0.037589282,-0.001782133,0.580275774,-0.023217646,-0.833471119,-1.217420459,0.843448222,-0.105942294,-0.086278751,0.519545257,-0.112948865,-0.887676060,-1.083171248,0.830149472,-0.050519034,-0.041659150,0.553682446
150,479486,17730,viewpoint,front,-0.401475668,1.412832737,-1.685947537,-0.229810596,0.258558482,0.135835320,0.928376734,-0.159697384,-0.796065569,-1.198880672,0.811471701,-0.034787066,-0.001388025,0.583353758,-0.023197282,-0.827986240,-1.215380788,0.838675678,-0.106305912,-0.084095858,0.527494133,-0.112977840,-0.885067165,-1.084361076,0.830855310,-0.050464429,-0.042991865,0.552525580
151,479611,17855,viewpoint,front,-0.400889516,1.412953496,-1.685563922,-0.230112284,0.257197589,0.135737330,0.928694308,-0.162766263,-0.796756089,-1.201937199,0.816536367,-0.034801207,0.000163367,0.576244056,-0.026067382,-0.828977883,-1.220096827,0.843060255,-0.106412396,-0.088329576,0.519734323,-0.115183070,-0.877983034,-1.078619599,0.825296462,-0.048838645,-0.040781997,0.561103761
152,479723,17967,viewpoint,front,-0.401103973,1.412645698,-1.685416102,-0.231414780,0.259228647,0.135206997,0.927882969,-0.158005223,-0.796721756,-1.207126260,0.815846205,-0.034746472,-0.001947593,0.577220857,-0.020352514,-0.824953318,-1.217460990,0.842605531,-0.109915316,-0.086821295,0.519996822,-0.110400423,-0.882180214,-1.086483598,0.835907876,-0.047692891,-0.039202809,0.545386553
153,479832,18076,viewpoint,front,-0.401499748,1.412339926,-1.685529113,-0.232224867,0.260388941,0.135762364,0.927274406,-0.154278696,-0.789601088,-1.202455640,0.815570295,-0.038594697,0.000844736,0.577368915,-0.017500542,-0.822336912,-1.219225526,0.844901979,-0.109332621,-0.087783694,0.516218066,-0.107802384,-0.876426876,-1.084693789,0.832489669,-0.050157700,-0.034103740,0.550710618
154,479945,18189,viewpoint,front,-0.401253939,1.412015676,-1.685925841,-0.233656347,0.259107679,0.135995552,0.927239478,-0.157201931,-0.786044598,-1.204084635,0.815132260,-0.036677174,0.000803039,0.578112125,-0.020297963,-0.817214131,-1.220000982,0.843950689,-0.110000655,-0.088601299,0.517490923,-0.110345721,-0.870147288,-1.083682656,0.830253243,-0.048666958,-0.036582343,0.554051280
155,480070,18314,viewpoint,front,-0.400408864,1.412057400,-1.686969876,-0.234247088,0.256483018,0.134814203,0.927992404,-0.161729723,-0.791948199,-1.213091612,0.821589708,-0.032507516,-0.002315595,0.569146931,-0.023512822,-0.816401899,-1.220626712,0.842229366,-0.105817288,-0.081975475,0.522238016,-0.113003366,-0.871838629,-1.086071849,0.833253205,-0.048461281,-0.036397226,0.549559653
156,480181,18425,viewpoint,front,-0.399438381,1.411668658,-1.688279986,-0.236365601,0.253544122,0.134413064,0.928320944,-0.165314183,-0.780090690,-1.204271913,0.816790164,-0.032384425,-0.000686987,0.576024830,-0.028523184,-0.810730457,-1.222495198,0.845958531,-0.101587594,-0.090711601,0.515563488,-0.116689689,-0.866347790,-1.085682154,0.830944002,-0.035388842,-0.048892796,0.553072631
157,480306,18550,viewpoint,front,-0.399180174,1.411679506,-1.688956141,-0.236689866,0.253231198,0.135089517,0.928225517,-0.168654650,-0.790043354,-1.220618367,0.827519596,-0.029770767,0.004277558,0.560630798,-0.029524010,-0.811260343,-1.224359393,0.844476283,-0.104709171,-0.084400214,0.518432677,-0.118192054,-0.867188096,-1.088759542,0.832733929,-0.044953875,-0.042666323,0.550193429
158,480417,18661,viewpoint,front,-0.400802016,1.411409616,-1.689114451,-0.237349838,0.256261557,0.136731237,0.926984191,-0.162700087,-0.776914477,-1.206189275,0.814963698,-0.036365312,-0.002548137,0.578364372,-0.026144173,-0.808578968,-1.224462509,0.847141325,-0.105385922,-0.089375570,0.513086319,-0.115623035,-0.866673112,-1.091795206,0.835073531,-0.046124846,-0.043717824,0.546455324
159,480529,18773,viewpoint,front,-0.402270794,1.411629081,-1.689417720,-0.236212030,0.258386612,0.138444111,0.926430464,-0.163013563,-0.786459446,-1.216681600,0.826156199,-0.038167249,0.003448290,0.562136352,-0.024822704,-0.815910816,-1.229186654,0.846503437,-0.111440457,-0.087221086,0.513230383,-0.115480743,-0.867179453,-1.088187099,0.831911981,-0.048143502,-0.045709986,0.550922215
160,480653,18897,viewpoint,front,-0.403714418,1.411580563,-1.690227866,-0.235916853,0.259771913,0.139971271,0.925888717,-0.162785202,-0.785704374,-1.215628743,0.824832499,-0.040395327,0.000898475,0.563931465,-0.024624169,-0.815409303,-1.227116585,0.848271072,-0.114127137,-0.081866406,0.510596693,-0.115477674,-0.865094125,-1.085463643,0.832655430,-0.050466184,-0.043981414,0.549730778
161,480765,19009,viewpoint,front,-0.404867530,1.411367297,-1.691731095,-0.236025780,0.260148644,0.140989333,0.925600648,-0.162750512,-0.778414011,-1.204311848,0.818403423,-0.043125860,-0.006600675,0.572985590,-0.026307413,-0.807466149,-1.215254426,0.842833459,-0.112325154,-0.091384120,0.518327832,-0.116901763,-0.869668543,-1.090801120,0.837409735,-0.054075290,-0.034926128,0.542771578
162,480889,19133,viewpoint,front,-0.405130744,1.411121607,-1.693124175,-0.236397609,0.259652376,0.141874462,0.925509810,-0.165666208,-0.779279947,-1.206726909,0.822008908,-0.040465951,-0.001522732,0.568033159,-0.029085465,-0.808535397,-1.217608452,0.844291031,-0.113124542,-0.093767777,0.515347660,-0.119454704,-0.867952108,-1.089282036,0.838263929,-0.052309543,-0.032960955,0.541747987
163,481001,19245,viewpoint,front,-0.405093193,1.410985589,-1.694807887,-0.236893460,0.259214818,0.141777098,0.925520599,-0.166508988,-0.776990175,-1.205413103,0.815369904,-0.038149413,-0.010116628,0.577593505,-0.029883809,-0.805840671,-1.215268970,0.840170979,-0.112011082,-0.087981313,0.523283422,-0.120567396,-0.861451864,-1.082500100,0.828137219,-0.052558783,-0.047007825,0.556072414
164,481125,19369,viewpoint,front,-0.404786825,1.410602093,-1.696178555,-0.237840444,0.259007484,0.141984761,0.925303936,-0.168554574,-0.780600071,-1.213632107,0.825221300,-0.041282613,-0.001046845,0.563297808,-0.030595528,-0.811943471,-1.227086067,0.850070000,-0.115184136,-0.083478011,0.507094622,-0.121040463,-0.863228738,-1.087001443,0.835442543,-0.052093368,-0.048523530,0.544947147
165,481236,19480,viewpoint,front,-0.404772520,1.410345078,-1.697209001,-0.238643631,0.259329677,0.141801268,0.925035000,-0.165436044,-0.770580947,-1.200563073,0.816953719,-0.039846417,-0.009370418,0.575248778,-0.029680178,-0.802796304,-1.216606975,0.843343735,-0.108538553,-0.086480878,0.519145191,-0.120726064,-0.861314416,-1.086487412,0.830972135,-0.049393140,-0.047285184,0.552095830
166,481362,19606,viewpoint,front,-0.405086040,1.410241127,-1.697651982,-0.238739863,0.259876430,0.142168254,0.924800396,-0.165374845,-0.772453129,-1.204151392,0.819131374,-0.042732716,-0.006789041,0.571971714,-0.029384898,-0.804007053,-1.218427539,0.844116569,-0.107879788,-0.087857470,0.517793536,-0.119861424,-0.865249157,-1.091798306,0.838788688,-0.055077802,-0.037150919,0.540388644
167,481473,19717,viewpoint,front,-0.405932307,1.410056353,-1.698148131,-0.238849565,0.260597497,0.142505988,0.924517095,-0.165261984,-0.776397586,-1.209873080,0.820545673,-0.043291826,-0.002440165,0.569934070,-0.027989067,-0.808893442,-1.224273205,0.845942438,-0.117280282,-0.083190374,0.513523161,-0.119509250,-0.867489576,-1.093678951,0.842465281,-0.057475444,-0.039181150,0.534241259
168,481598,19842,viewpoint,front,-0.406726599,1.409784079,-1.698595405,-0.239452913,0.260678858,0.142576292,0.924327254,-0.165557668,-0.777245700,-1.213092208,0.825393796,-0.041631971,0.001990589,0.563016832,-0.027515387,-0.807726264,-1.225211620,0.850277245,-0.115376696,-0.080820508,0.507133842,-0.118623964,-0.858775020,-1.084956646,0.836316764,-0.053003248,-0.042650480,0.544009089
169,481709,19953,viewpoint,front,-0.407505512,1.409859419,-1.698796391,-0.239043191,0.260898173,0.143454790,0.924235523,-0.165231749,-0.774340868,-1.207169533,0.822056532,-0.043995105,-0.002145610,0.567699671,-0.029124776,-0.804429352,-1.218752384,0.844644248,-0.111714140,-0.090813518,0.515605390,-0.119600311,-0.864990592,-1.090965271,0.840802372,-0.057232995,-0.035339009,0.537147105
170,481834,20078,viewpoint,front,-0.408130646,1.410068870,-1.699034095,-0.238902345,0.260639369,0.144222811,0.924225390,-0.165070072,-0.766842306,-1.196082830,0.815035582,-0.044138085,-0.011481135,0.577613175,-0.029866075,-0.801579475,-1.214408517,0.842679918,-0.111845940,-0.089070663,0.519083321,-0.120633155,-0.856619239,-1.080952644,0.831001401,-0.056998972,-0.055029258,0.550599396
171,481945,20189,viewpoint,front,-0.408907413,1.409795046,-1.699392438,-0.239727825,0.260463864,0.144641012,0.923995733,-0.167266145,-0.774095416,-1.210537195,0.820613384,-0.044146266,-0.008332751,0.569715083,-0.030266032,-0.803209901,-1.219664931,0.847305477,-0.115893327,-0.087285005,0.510904670,-0.120889857,-0.855220199,-1.081972241,0.830849469,-0.054576546,-0.048156075,0.551716983
172,482070,20314,viewpoint,front,-0.409095049,1.409676075,-1.699450135,-0.239619777,0.260165691,0.144773141,0.924087048,-0.167691723,-0.771447062,-1.206619740,0.819179177,-0.043163076,-0.003961625,0.571897447,-0.030923566,-0.805787563,-1.223369837,0.848163962,-0.117988087,-0.085591227,0.509284616,-0.122118376,-0.862606585,-1.090298295,0.841202974,-0.054952197,-0.037265621,0.536627591
173,482181,20425,viewpoint,front,-0.409324884,1.409706473,-1.699422717,-0.239174679,0.260380656,0.145146981,0.924083173,-0.168221071,-0.775332391,-1.210678577,0.826179564,-0.042237323,0.000335184,0.561821401,-0.030593552,-0.806961179,-1.224182606,0.849984646,-0.117139153,-0.084224112,0.506666362,-0.122102626,-0.863957763,-1.091228604,0.842004538,-0.055240653,-0.039551649,0.535175085
174,482292,20536,viewpoint,front,-0.409531474,1.409679651,-1.699534297,-0.239743173,0.260654658,0.144730821,0.923923850,-0.165108427,-0.767414272,-1.200255513,0.816189289,-0.042125095,-0.010607386,0.576149344,-0.029414786,-0.798794746,-1.213221312,0.843300521,-0.114123680,-0.093075491,0.516872346,-0.120444573,-0.855796456,-1.082697988,0.830451548,-0.053838842,-0.048291665,0.552376211
175,482415,20659,viewpoint,front,-0.409501195,1.409500599,-1.699399829,-0.240170583,0.261156082,0.144466639,0.923712611,-0.164734274,-0.773643494,-1.211409688,0.823369384,-0.045033962,-0.003349300,0.565706313,-0.027061438,-0.802345037,-1.220293045,0.845157564,-0.114132367,-0.085998930,0.515059829,-0.118571639,-0.857102752,-1.085688829,0.835214019,-0.054315362,-0.043481585,0.545506001
176,482542,20786,viewpoint,front,-0.409313917,1.409504294,-1.698976874,-0.240252703,0.261008978,0.144022435,0.923802197,-0.162845060,-0.769463301,-1.204976916,0.820732653,-0.043377947,-0.008548844,0.569599092,-0.026587944,-0.800314784,-1.218114018,0.844647527,-0.109715834,-0.090052418,0.516162336,-0.117833056,-0.857131898,-1.086058736,0.833879530,-0.052575637,-0.046589572,0.547457933
177,482653,20897,viewpoint,front,-0.409212351,1.409725428,-1.698112130,-0.239790201,0.261007726,0.143762484,0.923963189,-0.162541792,-0.771883011,-1.207154632,0.819383919,-0.043272059,-0.003291491,0.571600139,-0.026371289,-0.798565745,-1.213297606,0.842924118,-0.114373744,-0.092701748,0.517497838,-0.117325418,-0.861210346,-1.089692831,0.837923884,-0.057012007,-0.038270522,0.541450500
178,482765,21009,viewpoint,front,-0.409273386,1.409991026,-1.697254539,-0.239299923,0.261888921,0.143347546,0.923905432,-0.161215603,-0.776869118,-1.211742997,0.821699262,-0.044600811,-0.003442206,0.568163097,-0.023585392,-0.801946700,-1.216507912,0.845829487,-0.112811886,-0.090626732,0.513451934,-0.115419582,-0.859141886,-1.085198760,0.834178627,-0.052274410,-0.050796766,0.546656251
179,482875,21119,viewpoint,front,-0.409146070,1.410112619,-1.696554065,-0.239087582,0.261933267,0.143333346,0.923950016,-0.160779253,-0.775721788,-1.210058689,0.822044194,-0.044781394,-0.002368601,0.567655206,-0.023587111,-0.802432179,-1.216662884,0.844339907,-0.109946534,-0.088622078,0.516863644,-0.115163781,-0.857035518,-1.082698941,0.831719458,-0.051485810,-0.044340696,0.551022530
180,483001,21245,viewpoint,front,-0.408968091,1.410394430,-1.695952773,-0.238555819,0.262356907,0.142942116,0.924027860,-0.159921423,-0.778411031,-1.212964892,0.821471095,-0.046521220,-0.000701976,0.568348944,-0.022431370,-0.811118186,-1.226960182,0.848857701,-0.117951386,-0.089811109,0.507407069,-0.114222534,-0.865822911,-1.091673851,0.841249764,-0.056717057,-0.038218167,0.536303401
181,483111,21355,viewpoint,front,-0.408650637,1.410772920,-1.695040107,-0.237685889,0.262514889,0.143101692,0.924182475,-0.160186306,-0.780856848,-1.213959217,0.821539938,-0.046903323,-0.000319311,0.568218291,-0.022518169,-0.815693855,-1.231353164,0.852518916,-0.115847707,-0.088848382,0.501893342,-0.114375427,-0.867441595,-1.091478705,0.839488387,-0.055864215,-0.036198236,0.539284885
182,483222,21466,viewpoint,front,-0.408505201,1.411122203,-1.694292426,-0.237168387,0.262921631,0.142789245,0.924248159,-0.159304932,-0.784180939,-1.216514468,0.822299182,-0.044292882,-0.004611958,0.567310214,-0.021238597,-0.812159181,-1.223277807,0.846221924,-0.118194163,-0.087608874,0.512116432,-0.112758011,-0.860470474,-1.081445932,0.827416658,-0.054156508,-0.046444725,0.557038248
183,483347,21591,viewpoint,moving_to_left,-0.408124804,1.411229610,-1.693608880,-0.237164393,0.263223886,0.142577320,0.924195826,-0.157228231,-0.780104399,-1.211261749,0.821755469,-0.045655910,0.001045035,0.568007410,-0.020476405,-0.805435717,-1.214375615,0.841102242,-0.114897370,-0.090147525,0.520786941,-0.112864703,-0.873589635,-1.098454952,0.842944980,-0.057552308,-0.039715681,0.533436239
184,483459,21703,viewpoint,moving_to_left,-0.407420278,1.411478162,-1.692644477,-0.236360654,0.263289243,0.142238557,0.924435318,-0.157674730,-0.783184111,-1.213435173,0.821312726,-0.045626767,0.002184930,0.568646550,-0.019677162,-0.814436376,-1.225273371,0.849146903,-0.116625614,-0.088635683,0.507436335,-0.111945949,-0.870642126,-1.092407227,0.839813113,-0.055492487,-0.034676913,0.538917422
185,483569,21813,viewpoint,moving_to_left,-0.406631470,1.411730766,-1.691781402,-0.235768065,0.263458282,0.141923338,0.924586892,-0.157075524,-0.782271385,-1.209815264,0.820375741,-0.045863658,0.000292598,0.569982648,-0.020422380,-0.809180856,-1.215001702,0.840663254,-0.114729784,-0.090271540,0.521510839,-0.112063676,-0.869842887,-1.090336204,0.835707784,-0.056969065,-0.035837714,0.545034587
186,483695,21939,viewpoint,moving_to_left,-0.405668736,1.411699772,-1.691286445,-0.235769734,0.263474286,0.141304865,0.924676657,-0.156746924,-0.782887578,-1.211368084,0.820421398,-0.044623557,0.001638826,0.570012927,-0.019394830,-0.816799223,-1.227932215,0.846441209,-0.114342034,-0.083065078,0.513384402,-0.111203313,-0.870358646,-1.091624022,0.836364865,-0.054764625,-0.035201054,0.544293642
187,483806,22050,viewpoint,moving_to_left,-0.404639244,1.411696076,-1.690844417,-0.235441148,0.264190048,0.141524956,0.924522460,-0.157310367,-0.789165020,-1.220793247,0.824208319,-0.045111898,-0.002692385,0.564480603,-0.018800074,-0.815297008,-1.225151896,0.842779160,-0.117576316,-0.076510228,0.519658923,-0.110901512,-0.868071437,-1.088943720,0.833953500,-0.055128708,-0.039541889,0.547648489
188,483917,22161,viewpoint,moving_to_left,-0.403527498,1.411740541,-1.690611482,-0.234841168,0.265535027,0.141893253,0.924233258,-0.156183720,-0.784694195,-1.213622212,0.820054233,-0.047036983,-0.003609534,0.570338130,-0.018767057,-0.814234793,-1.222494602,0.842023551,-0.119005777,-0.078969978,0.520190001,-0.111257881,-0.869903803,-1.090773582,0.834536552,-0.055284992,-0.036281284,0.546969771
189,484042,22286,viewpoint,moving_to_left,-0.401846886,1.411959529,-1.690115571,-0.233641639,0.267710298,0.143303543,0.923691988,-0.156760693,-0.783761382,-1.210976839,0.819182336,-0.047216184,0.002211801,0.571582079,-0.019318163,-0.820167899,-1.228078008,0.848419487,-0.119237937,-0.086761706,0.508369088,-0.108589664,-0.845148563,-1.059423923,0.819242060,-0.057585157,-0.007063944,0.570505500
190,484153,22397,viewpoint,moving_to_left,-0.398638248,1.412854552,-1.689126849,-0.229037091,0.270428807,0.145348087,0.923733830,-0.161179051,-0.795584381,-1.215018034,0.820308208,-0.051539280,0.003425794,0.569584548,-0.023854129,-0.828484535,-1.225146294,0.845013142,-0.128147140,-0.083241992,0.512446940,-0.117487513,-0.876521826,-1.086145520,0.832569242,-0.063915446,-0.036254458,0.549025476
191,484265,22509,viewpoint,moving_to_left,-0.394553661,1.413714409,-1.687797189,-0.224079669,0.273718089,0.148312852,0.923509598,-0.167605802,-0.800078332,-1.206300139,0.811193109,-0.061811522,-0.003617360,0.581491232,-0.030985542,-0.827425480,-1.205547333,0.833265305,-0.129897073,-0.086487785,0.530391991,-0.125560671,-0.883597612,-1.081521749,0.828251541,-0.071796775,-0.037142765,0.554495275
192,484375,22619,viewpoint,moving_to_left,-0.388893127,1.415086269,-1.685990691,-0.217974469,0.277272522,0.150287345,0.923591256,-0.174053192,-0.812546015,-1.206171751,0.811219752,-0.063865393,-0.000306179,0.581243098,-0.037745353,-0.842883706,-1.207313180,0.834651709,-0.134896591,-0.082854360,0.527536333,-0.133226439,-0.889354110,-1.072747111,0.820502818,-0.073464863,-0.045107339,0.565104783
193,484486,22730,viewpoint,moving_to_left,-0.382187009,1.416042328,-1.684856772,-0.213499561,0.279757321,0.151791066,0.923641324,-0.180264696,-0.814410865,-1.196676850,0.805964172,-0.067679092,-0.002161652,0.588078797,-0.043780796,-0.845091343,-1.196778178,0.827356696,-0.139334753,-0.085995719,0.537281513,-0.135781735,-0.872425199,-1.043700337,0.801864803,-0.080267668,-0.015320935,0.591891348
194,484598,22842,viewpoint,moving_to_left,-0.375825882,1.417031050,-1.685303330,-0.209696278,0.280464798,0.150943667,0.924436569,-0.186015472,-0.823260665,-1.194736958,0.805001616,-0.068450324,-0.004326730,0.589294672,-0.050132107,-0.859239340,-1.201302052,0.828352988,-0.139956504,-0.081571482,0.536273837,-0.146609992,-0.903351307,-1.067457914,0.813885808,-0.076748773,-0.044621650,0.574202478
195,484708,22952,viewpoint,moving_to_left,-0.371098638,1.417417765,-1.687036395,-0.207394660,0.281130224,0.149746358,0.924948275,-0.188108996,-0.829167902,-1.193165064,0.801526427,-0.067863733,-0.003467669,0.594085813,-0.052556772,-0.864267588,-1.198508024,0.827785611,-0.138996571,-0.083252952,0.537140489,-0.149197966,-0.909120619,-1.065948844,0.813206911,-0.078642905,-0.044649422,0.574905455
196,484806,23050,viewpoint,moving_to_left,-0.367321253,1.416944504,-1.689340472,-0.207420290,0.280884594,0.147600725,0.925361931,-0.190211445,-0.835611582,-1.198434234,0.805404484,-0.065607272,-0.005648366,0.589056313,-0.052948575,-0.862215936,-1.192505717,0.824401975,-0.139560148,-0.080358550,0.542611122,-0.150054008,-0.913506091,-1.067863345,0.817490041,-0.077162296,-0.037085306,0.569544375
197,484917,23161,viewpoint,moving_to_left,-0.364586830,1.416730523,-1.691110969,-0.207251936,0.280166030,0.145607114,0.925933123,-0.190162137,-0.833786786,-1.191742420,0.802995741,-0.063515916,0.003224512,0.592581749,-0.054054536,-0.870529056,-1.200510740,0.829906404,-0.137763768,-0.079526894,0.534744918,-0.150046170,-0.916447580,-1.067375302,0.819917142,-0.075915508,-0.035605166,0.566308081
198,485029,23273,viewpoint,moving_to_left,-0.362980366,1.416460037,-1.693063617,-0.206959516,0.281300843,0.143661708,0.925958395,-0.187491655,-0.836892426,-1.191164136,0.802631736,-0.062767990,0.006744978,0.593124747,-0.051377259,-0.876044631,-1.203023553,0.832403600,-0.136243343,-0.075710431,0.531798899,-0.147587329,-0.919885993,-1.067170620,0.820673406,-0.075239360,-0.035112858,0.565333068
199,485138,23382,viewpoint,moving_to_left,-0.362087369,1.416199684,-1.694587827,-0.206490129,0.283586532,0.143160492,0.925443411,-0.184426546,-0.841236413,-1.193682432,0.804230213,-0.065353185,0.004010646,0.590700150,-0.047064774,-0.868136525,-1.188641429,0.826563299,-0.134551033,-0.073328480,0.541583002,-0.144812346,-0.922533691,-1.067282796,0.820727527,-0.076129131,-0.031737767,0.565334797
200,485251,23495,viewpoint,moving_to_left,-0.361600876,1.415456891,-1.695699811,-0.207834616,0.285039753,0.142591432,0.924783647,-0.178983733,-0.831157625,-1.185142398,0.800338507,-0.065183289,-0.001638877,0.595992267,-0.043588392,-0.866016865,-1.190929890,0.827027678,-0.137071162,-0.077744998,0.539622545,-0.140681803,-0.911791682,-1.060088396,0.813257039,-0.075878344,-0.041489605,0.575442493
201,485362,23606,viewpoint,moving_to_left,-0.361565709,1.414720058,-1.696292043,-0.209255576,0.285595387,0.143067151,0.924218178,-0.179256096,-0.833084166,-1.196213603,0.806760907,-0.067113906,0.008326303,0.586995065,-0.042271443,-0.864683270,-1.196322322,0.828891397,-0.139187545,-0.067818277,0.537556112,-0.139455378,-0.910680473,-1.065395236,0.818299830,-0.079744942,-0.028541068,0.568516910
202,485473,23717,viewpoint,moving_to_left,-0.361600041,1.414592505,-1.696262717,-0.209604666,0.286188811,0.143307969,0.923918128,-0.178659201,-0.834035754,-1.198408246,0.806472182,-0.064633332,0.005742914,0.587700784,-0.041104835,-0.858652353,-1.190087199,0.826785028,-0.140622586,-0.073485747,0.539677382,-0.139518812,-0.911564767,-1.067664862,0.820114136,-0.078708515,-0.031902824,0.565862179
203,485582,23826,viewpoint,moving_to_left,-0.363437772,1.417278886,-1.696690917,-0.208748490,0.288383901,0.145102099,0.923149049,-0.175996155,-0.832810462,-1.190223217,0.801775515,-0.070820615,0.002516385,0.593408883,-0.040250361,-0.871671021,-1.199094892,0.832715571,-0.143794730,-0.077429831,0.529067636,-0.139448434,-0.916792393,-1.066855431,0.819874644,-0.081059530,-0.036043651,0.565628648
204,485695,23939,viewpoint,moving_to_left,-0.370629907,1.419644117,-1.697174191,-0.205365688,0.290122032,0.146655574,0.923117697,-0.173868492,-0.840205669,-1.178834438,0.795327544,-0.072676741,0.003511885,0.601797223,-0.038625456,-0.881169915,-1.189808249,0.827123284,-0.144745633,-0.070638418,0.538447678,-0.136983976,-0.918053985,-1.050318599,0.807753503,-0.081624091,-0.031873792,0.582971632
205,485806,24050,viewpoint,moving_to_left,-0.386104822,1.421061635,-1.693441510,-0.202407762,0.285757899,0.150189504,0.924562991,-0.177591726,-0.851764500,-1.177729964,0.798624635,-0.069395803,0.000649430,0.597814798,-0.042045701,-0.889063478,-1.183074832,0.825872064,-0.143915161,-0.070788905,0.540567100,-0.139345795,-0.926923454,-1.045115590,0.808175266,-0.082070351,-0.034913626,0.582149625
206,485903,24147,viewpoint,moving_to_left,-0.411260128,1.421201944,-1.685009360,-0.200893521,0.276220143,0.155272394,0.926949143,-0.182675064,-0.856092751,-1.168638945,0.800296485,-0.064169288,-0.010504169,0.596068442,-0.046581000,-0.893418193,-1.176125288,0.822786570,-0.139827028,-0.088592082,0.543711543,-0.142511010,-0.942059815,-1.049291015,0.814183950,-0.082142256,-0.049571093,0.572625399
207,486014,24258,viewpoint,moving_to_left,-0.441494226,1.419155121,-1.672934175,-0.202407405,0.262391269,0.155588165,0.930577457,-0.175907508,-0.861531615,-1.167764664,0.805156291,-0.052279305,-0.014727746,0.590570390,-0.039446130,-0.898164511,-1.179499030,0.827687800,-0.131053224,-0.098445900,0.536718190,-0.130566865,-0.936695695,-1.037008166,0.807763755,-0.066411488,-0.060203236,0.582651556
208,486112,24356,viewpoint,moving_to_left,-0.485290885,1.413865209,-1.653613925,-0.204357207,0.240032211,0.144917667,0.937881410,-0.149092838,-0.858181298,-1.145673156,0.793206394,-0.030465921,-0.027736917,0.607557476,-0.013116833,-0.908121586,-1.183408380,0.829340637,-0.109455004,-0.105368175,0.537690639,-0.098506436,-0.947129846,-1.034767747,0.810214102,-0.043761373,-0.064826928,0.580892026
209,486222,24466,viewpoint,moving_to_left,-0.530101538,1.406626821,-1.631902575,-0.204486415,0.216120899,0.130042762,0.945814967,-0.107628666,-0.882103145,-1.149138927,0.801021397,0.004101140,-0.032036908,0.597763777,0.030702598,-0.909656882,-1.172740817,0.822746217,-0.073330358,-0.112347730,0.552348912,-0.045185469,-0.961706519,-1.031659603,0.813640177,-0.010485894,-0.070362225,0.576999843
210,486334,24578,viewpoint,moving_to_left,-0.581329107,1.397704720,-1.606037021,-0.211369649,0.190465406,0.117682874,0.951418161,-0.063981496,-0.868111610,-1.152617216,0.798154712,0.035059176,-0.035623215,0.600375652,0.074638635,-0.892357230,-1.185308337,0.823261321,-0.042970970,-0.126044005,0.551821709,0.006312348,-0.947777152,-1.040103912,0.813506782,0.021637350,-0.070055351,0.576914907
211,486445,24689,viewpoint,moving_to_left,-0.625551939,1.394395709,-1.582348943,-0.224052563,0.168576330,0.104887754,0.954138875,-0.025087137,-0.840040982,-1.164137840,0.796757698,0.058968142,-0.027653683,0.600778878,0.113847882,-0.866720498,-1.212154388,0.827616215,-0.018694822,-0.130011097,0.545709729,0.051917635,-0.927857280,-1.066201329,0.819980443,0.043485604,-0.072388701,0.566128075
212,486569,24813,viewpoint,moving_to_left,-0.658843517,1.395637155,-1.561118960,-0.234394118,0.145106137,0.094027184,0.956641257,-0.001282010,-0.816288829,-1.195239067,0.807338476,0.087820284,-0.035355818,0.582445025,0.138503268,-0.840701699,-1.256793618,0.834504664,0.012399625,-0.130238846,0.535243988,0.081954382,-0.881905079,-1.074223161,0.987800419,0.127430424,0.045868337,0.076863058
213,486679,24923,viewpoint,moving_to_left,-0.683101058,1.400689363,-1.541189551,-0.235675976,0.121417664,0.093251549,0.959697187,-0.013177183,-0.813434720,-1.213252902,0.806201935,0.106453843,-0.048691712,0.579944015,0.122892156,-0.825221658,-1.265536427,0.831140995,0.022726627,-0.154577434,0.533660889,0.076173544,-0.894606054,-1.118075848,0.820789397,0.092135146,-0.079710998,0.558087945
214,486791,25035,viewpoint,moving_to_left,-0.695297956,1.404677629,-1.526937604,-0.228746533,0.109753400,0.097971506,0.962304950,-0.036938883,-0.833263636,-1.220525980,0.804904640,0.115975261,-0.056680132,0.579193950,0.100196838,-0.861689746,-1.298220992,0.831077039,0.029666135,-0.187776089,0.522657633,0.054870367,-0.908668578,-1.120519519,0.815944672,0.096240111,-0.096632436,0.561813414
215,486903,25147,viewpoint,moving_to_left,-0.700599790,1.407832623,-1.518169999,-0.217888266,0.111655883,0.107411742,0.963597596,-0.049536362,-0.851498961,-1.210690379,0.800932229,0.107370555,-0.064511195,0.585506141,0.085782334,-0.872051120,-1.272386789,0.824277878,0.021838387,-0.175014392,0.538013935,0.041204460,-0.930476427,-1.113708019,0.809243619,0.092042990,-0.098844983,0.571736395
216,487027,25271,viewpoint,moving_to_left,-0.701158881,1.410419464,-1.511884809,-0.215831265,0.120847888,0.114346430,0.962152600,-0.046713784,-0.856963158,-1.212664723,0.796954811,0.092363834,-0.070614606,0.592744052,0.088959932,-0.879779577,-1.271197319,0.821873724,0.009299165,-0.171302989,0.543224156,0.040975749,-0.933946192,-1.111072063,0.806638479,0.078856714,-0.098341368,0.577446878
217,487138,25382,viewpoint,moving_to_left,-0.699012756,1.412911654,-1.504846215,-0.208855808,0.128830984,0.120755173,0.961873174,-0.048627060,-0.867636502,-1.207749844,0.792904139,0.082672022,-0.069856182,0.599656999,0.087885149,-0.896618485,-1.269129395,0.821867526,-0.002916194,-0.173773840,0.542519987,0.036685362,-0.949512303,-1.109947205,0.804575622,0.067701407,-0.100581646,0.581341505
218,487264,25508,viewpoint,moving_to_left,-0.696753979,1.412678599,-1.498011947,-0.207815930,0.133801594,0.125785276,0.960774541,-0.049567647,-0.869541526,-1.217446327,0.797461867,0.071899690,-0.070516676,0.594905376,0.086872272,-0.897357345,-1.274057150,0.822661579,-0.012434877,-0.171742901,0.541828215,0.035792716,-0.959765315,-1.126329780,0.813195884,0.058371466,-0.130572662,0.564141929
219,487375,25619,viewpoint,moving_to_left,-0.696453094,1.411373258,-1.490054727,-0.206568047,0.147528470,0.131244987,0.958300471,-0.031851076,-0.866303682,-1.221695304,0.798975110,0.058461566,-0.065348081,0.594937563,0.104912505,-0.893597484,-1.270865083,0.822104275,-0.026795413,-0.170327842,0.542600214,0.047408946,-0.945930958,-1.115653992,0.807295740,0.044148952,-0.095171034,0.580746889
220,487486,25730,viewpoint,moving_to_left,-0.697866201,1.410771132,-1.485138059,-0.207121402,0.158169970,0.132837057,0.956262171,-0.011359215,-0.865488827,-1.226627350,0.796753347,0.051629640,-0.058346570,0.599261343,0.129119173,-0.915781558,-1.302260637,0.830019832,-0.033418667,-0.177414522,0.527706742,0.066177055,-0.952454150,-1.126109123,0.811355054,0.037564982,-0.089033566,0.576510906
221,487611,25855,viewpoint,moving_to_left,-0.702087641,1.409767985,-1.484365582,-0.210379094,0.162231758,0.132945940,0.954854369,0.001731806,-0.858472049,-1.230688691,0.799180269,0.049455132,-0.056969408,0.596338451,0.141097173,-0.897062063,-1.290830851,0.825754225,-0.030976620,-0.172798067,0.536014259,0.077839069,-0.939933300,-1.123855352,0.811359406,0.037643529,-0.082788534,0.577429652
222,487722,25966,viewpoint,moving_to_left,-0.711648226,1.408756614,-1.487432361,-0.215666786,0.159642309,0.134392351,0.953908205,0.004323442,-0.848297954,-1.236062169,0.805514514,0.049233429,-0.059332140,0.587539077,0.145623863,-0.897139013,-1.312224627,0.834143162,-0.032674305,-0.173491389,0.522530615,0.081187710,-0.935573339,-1.135513663,0.818795025,0.035296250,-0.090279967,0.565843046
223,487848,26092,viewpoint,moving_to_left,-0.723886490,1.407994151,-1.492067218,-0.219189018,0.150873542,0.132574275,0.954786599,0.003169224,-0.838897586,-1.229282618,0.802071154,0.061709248,-0.056404244,0.591347933,0.144335851,-0.893326998,-1.318287730,0.837814748,-0.023159586,-0.182473242,0.514036536,0.082190916,-0.928066373,-1.133966327,0.814085484,0.047425300,-0.087776780,0.572110891
224,487958,26202,viewpoint,moving_to_left,-0.743074894,1.406040072,-1.497007012,-0.225969106,0.137958288,0.126318932,0.956006825,0.010904599,-0.832709670,-1.237488747,0.805541813,0.073327944,-0.062531747,0.584649742,0.147501826,-0.853537917,-1.286376357,0.829258084,-0.008950850,-0.162379220,0.534681141,0.093738422,-0.914888203,-1.134906292,0.817640543,0.059441581,-0.093668357,0.564939797
225,488084,26328,viewpoint,moving_to_left,-0.762585402,1.404496551,-1.498855472,-0.231762528,0.126947284,0.123455167,0.956519425,0.015995756,-0.821184337,-1.240303159,0.810098886,0.085204847,-0.063666992,0.576564372,0.154990122,-0.855764091,-1.313990235,0.834023952,0.003451086,-0.188015193,0.518693030,0.101981312,-0.910601854,-1.148259640,0.819572568,0.074296713,-0.086970307,0.561441898
226,488196,26440,viewpoint,moving_to_left,-0.782742739,1.402936101,-1.498604178,-0.235506132,0.121903867,0.126756340,0.955829024,0.020529695,-0.815709352,-1.247591734,0.813813686,0.086579956,-0.067531168,0.570658147,0.160858884,-0.853598356,-1.328483820,0.839096785,0.007237527,-0.193520278,0.508344412,0.107565269,-0.901824296,-1.152105927,0.827190399,0.071518488,-0.100314736,0.548250139
227,488320,26564,viewpoint,moving_to_left,-0.796583533,1.402148008,-1.496520162,-0.238241896,0.117374033,0.128327161,0.955508411,0.022369273,-0.812226176,-1.254043937,0.818798602,0.091890641,-0.070929758,0.562222421,0.161795348,-0.846336603,-1.332381845,0.840077221,0.005852113,-0.197890669,0.505049706,0.110825628,-0.901103497,-1.161944151,0.826979399,0.078204624,-0.097302161,0.548198283
228,488444,26688,viewpoint,moving_to_left,-0.807394743,1.402588367,-1.492400050,-0.235692382,0.110785022,0.131315976,0.956520736,0.013977323,-0.816902995,-1.253944039,0.816599011,0.089455888,-0.085173897,0.563834250,0.151447669,-0.848904133,-1.330036521,0.834774733,0.007571984,-0.219752446,0.504779875,0.103135094,-0.904185116,-1.161180139,0.823530138,0.077513173,-0.103886791,0.552265644
229,488570,26814,viewpoint,moving_to_left,-0.814633846,1.403237700,-1.488414407,-0.233488277,0.106412433,0.130122110,0.957720160,0.014307179,-0.823422670,-1.253429651,0.811053157,0.097684845,-0.077803887,0.571486652,0.150517046,-0.849495649,-1.323470712,0.826848328,0.012678206,-0.195308477,0.527271926,0.107460663,-0.910858631,-1.159373045,0.971470416,0.183531940,0.106693029,0.105725400
230,488696,26940,viewpoint,moving_to_left,-0.821278095,1.403002858,-1.486596942,-0.232629463,0.103165194,0.127786860,0.958598435,0.018793758,-0.824145198,-1.251030922,0.808884203,0.104948163,-0.079280078,0.573068023,0.155723378,-0.853870869,-1.326415658,0.829643071,0.020668404,-0.215767100,0.514499605,0.111139506,-0.915077865,-1.165589809,0.822564721,0.086717419,-0.107929237,0.551560223
231,488806,27050,viewpoint,moving_to_left,-0.828007221,1.401080608,-1.485612988,-0.235742912,0.098994233,0.127094999,0.958369613,0.020160951,-0.819824398,-1.259346008,0.815070927,0.107576795,-0.075293727,0.564284980,0.158528179,-0.849790215,-1.336453319,0.830024004,0.018427070,-0.188815832,0.524470448,0.115680858,-0.912393034,-1.175412297,0.827369452,0.094255805,-0.136553377,0.536589980
232,488932,27176,viewpoint,moving_to_left,-0.834975958,1.399354100,-1.483508706,-0.237959534,0.098716758,0.126633644,0.957911372,0.030444518,-0.811123252,-1.261636615,0.814409554,0.109086826,-0.078220904,0.564551771,0.170221195,-0.845896006,-1.347071528,0.832303822,0.020100584,-0.194976762,0.518507898,0.123430774,-0.897407889,-1.171703100,0.823893309,0.090354823,-0.107294627,0.549111724
233,489056,27300,viewpoint,moving_to_left,-0.844143867,1.397848129,-1.479993701,-0.239708468,0.099720001,0.126149967,0.957435131,0.042392053,-0.806141138,-1.263901114,0.814303458,0.107073180,-0.076050334,0.565386295,0.179440305,-0.831013381,-1.335181355,0.831917107,0.022407524,-0.225810215,0.506380916,0.135395125,-0.894394279,-1.175400615,0.829519153,0.091744266,-0.107971519,0.540206611
234,489168,27412,viewpoint,moving_to_left,-0.851861238,1.396898150,-1.475767255,-0.241091534,0.097534359,0.127298579,0.957160890,0.050723553,-0.828857541,-1.314713955,0.831865847,0.109905146,-0.111887924,0.532354295,0.183338985,-0.826118469,-1.343153715,0.834807277,0.025762411,-0.217547745,0.505080402,0.141091928,-0.892247140,-1.185277104,0.830380380,0.089546211,-0.141663551,0.531395733
235,489291,27535,viewpoint,moving_to_left,-0.856893063,1.395877004,-1.472595572,-0.242809489,0.095903412,0.127511814,0.956862986,0.052281484,-0.815474987,-1.301164150,0.980246007,0.180222079,0.080163300,-0.014550006,0.186106652,-0.833400249,-1.364468455,0.934835911,0.208395615,0.286542088,0.023381026,0.142365649,-0.888363123,-1.191424251,0.830810189,0.096506961,-0.105274111,0.537920237
236,489416,27660,viewpoint,moving_to_left,-0.858642340,1.395781755,-1.469346881,-0.246053517,0.095357470,0.128818184,0.955913424,0.052282929,-0.807640672,-1.318822861,0.832643986,0.111343764,-0.124979191,0.527907848,0.185294509,-0.810397744,-1.357432127,0.833922148,0.031237178,-0.213450328,0.507973492,0.141979679,-0.868428469,-1.186376929,0.820178866,0.093709759,-0.059453066,0.561240196
237,489541,27785,viewpoint,moving_to_left,-0.856881857,1.395864487,-1.467064261,-0.244882464,0.096055865,0.130400777,0.955929637,0.048000835,-0.806655645,-1.317126751,0.833031237,0.109978326,-0.114156678,0.530030131,0.182373658,-0.813465357,-1.360716939,0.834843397,0.029735416,-0.212366492,0.507003725,0.139641538,-0.879315376,-1.200276256,0.832250893,0.091403931,-0.141436607,0.528204083
238,489653,27897,viewpoint,moving_to_left,-0.853016138,1.396282434,-1.465092301,-0.242656156,0.100769445,0.134828284,0.955397725,0.044834085,-0.811736465,-1.314803243,0.831263304,0.105134889,-0.114564970,0.533688128,0.178746194,-0.821143746,-1.359845519,0.834355056,0.025308555,-0.207779735,0.509939969,0.133931607,-0.886694133,-1.200109601,0.832744122,0.083092175,-0.118989617,0.534298003
239,489776,28020,viewpoint,moving_to_left,-0.849225283,1.396393538,-1.463875651,-0.238537654,0.102228679,0.134612262,0.956309915,0.038591206,-0.801720142,-1.278045535,0.815407276,0.097672015,-0.080348320,0.564902961,0.176670313,-0.831409216,-1.353502274,0.835293114,0.016986798,-0.216831684,0.504956365,0.130054489,-0.890543938,-1.188699126,0.821833134,0.083976910,-0.107315041,0.553192258
240,489903,28147,viewpoint,moving_to_left,-0.844998360,1.395480752,-1.464245200,-0.236939132,0.101021454,0.133945316,0.956929028,0.036892973,-0.826089501,-1.311470509,0.830247760,0.099613547,-0.116318010,0.535943985,0.171715647,-0.838875413,-1.360076666,0.837626159,0.015431179,-0.214892238,0.501961768,0.124943972,-0.891864896,-1.185344458,0.825254261,0.086455584,-0.108159728,0.547523856
241,490027,28271,viewpoint,moving_to_left,-0.842217445,1.395875335,-1.465690970,-0.236487970,0.100704707,0.131610632,0.957397819,0.038177192,-0.824323416,-1.303480864,0.825934887,0.105448440,-0.112622134,0.542243898,0.172135532,-0.837160587,-1.352544904,0.830967784,0.024296779,-0.213298038,0.513231218,0.126879111,-0.893470526,-1.183473825,0.826682448,0.086834967,-0.114094228,0.544094086
242,490139,28383,viewpoint,moving_to_left,-0.841665983,1.395971060,-1.467553735,-0.235988915,0.101390183,0.131256357,0.957497299,0.034902297,-0.806514263,-1.269303441,0.813267052,0.103033639,-0.077502631,0.567427695,0.173821658,-0.850529313,-1.364329576,0.940746427,0.193961754,0.276418090,0.031113833,0.126800269,-0.894227743,-1.179537535,0.825746119,0.085587084,-0.112815917,0.545976937
243,490265,28509,viewpoint,moving_to_left,-0.842076302,1.395759821,-1.469327807,-0.236578286,0.101793304,0.131642744,0.957256019,0.035873912,-0.807311058,-1.270637035,0.815144777,0.101037331,-0.079111062,0.564864516,0.173449263,-0.837959409,-1.348780155,0.835037470,0.014788796,-0.214142814,0.506593049,0.127060741,-0.893687546,-1.178521395,0.823713362,0.083994247,-0.111382052,0.549577475
244,490389,28633,viewpoint,moving_to_left,-0.843302250,1.395656347,-1.470683694,-0.236946568,0.101976380,0.131946117,0.957103610,0.035922796,-0.805211663,-1.268013477,0.811170399,0.100665078,-0.078238264,0.570743203,0.173349053,-0.834236622,-1.343310833,0.830853045,0.022372371,-0.207644805,0.515816271,0.127220809,-0.893252850,-1.177783132,0.824356437,0.083751686,-0.111322574,0.548661530
245,490514,28758,viewpoint,moving_to_left,-0.843979836,1.395431757,-1.471557260,-0.237111613,0.102908030,0.131462157,0.957029641,0.039562032,-0.806453705,-1.267723799,0.816257715,0.098412424,-0.082152657,0.563284397,0.176778674,-0.835015535,-1.342176437,0.832033217,0.021556264,-0.211314946,0.512447178,0.131191194,-0.896279156,-1.180238962,0.828373730,0.081110597,-0.116599262,0.541869640
246,490639,28883,viewpoint,moving_to_left,-0.844197989,1.395557284,-1.471354365,-0.236600667,0.102692723,0.130897403,0.957256615,0.040252134,-0.805678010,-1.263006687,0.811703861,0.101505771,-0.076771989,0.570034623,0.181854352,-0.848540902,-1.357992411,0.832692802,0.019355975,-0.189217553,0.520043194,0.131762668,-0.884006202,-1.161094785,0.810361683,0.081134886,-0.065194674,0.576611400
247,490750,28994,viewpoint,moving_to_left,-0.844806433,1.395710945,-1.470963836,-0.235944182,0.103254221,0.130367592,0.957430482,0.042738184,-0.806960940,-1.262138009,0.812764406,0.099014349,-0.083854839,0.567959964,0.180084124,-0.837576866,-1.338390470,0.830685794,0.018707283,-0.227358252,0.507857680,0.135181740,-0.899665356,-1.178056717,0.826940835,0.085291162,-0.110859893,0.544613957
248,490875,29119,viewpoint,moving_to_left,-0.845393419,1.395560503,-1.470865846,-0.236228272,0.103330135,0.130425230,0.957344413,0.043602221,-0.809520006,-1.266770005,0.816930234,0.096293457,-0.082483485,0.562626958,0.182517111,-0.847687960,-1.352428555,0.938654780,0.198942155,0.280273497,0.028213544,0.135074541,-0.887196600,-1.161820173,0.807310522,0.081973590,-0.064055815,0.580884695
249,491001,29245,viewpoint,moving_to_left,-0.845591068,1.395419121,-1.470527053,-0.236195669,0.103194401,0.130348310,0.957377613,0.043604791,-0.808831573,-1.266034007,0.816121817,0.097276881,-0.081208743,0.563815236,0.182641298,-0.842696905,-1.348114967,0.835982800,0.014098844,-0.218357369,0.503243446,0.136134520,-0.900846243,-1.180683374,0.825814486,0.088574551,-0.101308674,0.547650933
250,491110,29354,viewpoint,moving_to_left,-0.845247507,1.395478606,-1.470183492,-0.235864311,0.102966994,0.130194038,0.957504749,0.043397002,-0.809464335,-1.266550541,0.816636443,0.096132815,-0.085992284,0.562555611,0.181225583,-0.840979815,-1.344540596,0.832526624,0.017494317,-0.228342146,0.504433572,0.135676906,-0.899475276,-1.178960562,0.823132694,0.086940043,-0.102350235,0.551741183
251,491236,29480,viewpoint,moving_to_left,-0.845076323,1.395433903,-1.470072627,-0.236004531,0.102303319,0.130016387,0.957565486,0.042363867,-0.810651362,-1.268903852,0.816300094,0.098796949,-0.081838869,0.563201368,0.179177403,-0.835648298,-1.338099837,0.830428958,0.020950092,-0.211392716,0.515035927,0.134416923,-0.898711026,-1.179260850,0.822551191,0.086917855,-0.105591848,0.552001119
252,491362,29606,viewpoint,moving_to_left,-0.844840765,1.395545244,-1.469402194,-0.235405698,0.102700040,0.130106628,0.957658172,0.042643055,-0.812827706,-1.269726634,0.811598063,0.102257274,-0.077042796,0.570014477,0.179319158,-0.837612391,-1.338376760,0.831529558,0.019583929,-0.212459654,0.512870312,0.134355158,-0.897670865,-1.175679207,0.823196411,0.086056031,-0.107708827,0.550763905
253,491486,29730,viewpoint,moving_to_left,-0.844452381,1.395726681,-1.469393134,-0.234738871,0.102957331,0.129992127,0.957809746,0.042341299,-0.809099197,-1.260799050,0.813650012,0.097111858,-0.086144686,0.566676319,0.179757819,-0.842764497,-1.343604684,0.829134047,0.016562074,-0.196594194,0.523080409,0.134605393,-0.900478065,-1.176037550,0.823545098,0.084920175,-0.110069290,0.549951613
254,491613,29857,viewpoint,moving_to_left,-0.843894482,1.395844579,-1.469551444,-0.234606266,0.103289902,0.129857004,0.957824767,0.042807423,-0.809186697,-1.260084987,0.811011255,0.099820986,-0.082144424,0.570568919,0.181846291,-0.844731450,-1.343595982,0.833918452,0.017985862,-0.210859850,0.509700537,0.134791136,-0.899782181,-1.174230337,0.823862314,0.083155766,-0.110859998,0.549587190
255,491736,29980,viewpoint,moving_to_left,-0.843480110,1.396088123,-1.469748139,-0.234436184,0.103682160,0.129710600,0.957843840,0.047390953,-0.833265185,-1.295289397,0.826526582,0.100395851,-0.115507536,0.541694105,0.183379233,-0.851677895,-1.351768017,0.835137725,0.019086290,-0.208035707,0.508824050,0.134869546,-0.899466395,-1.172036648,0.824887931,0.081875160,-0.112763546,0.547851086
256,491847,30091,viewpoint,moving_to_left,-0.843444824,1.395879626,-1.470077634,-0.235047132,0.104001917,0.129439324,0.957696140,0.044882208,-0.813063681,-1.267184854,0.815724492,0.098500565,-0.076759264,0.564800084,0.182779983,-0.840934992,-1.340117574,0.831628561,0.019626940,-0.206796870,0.515018284,0.138076365,-0.901728630,-1.176965117,0.825340867,0.088353306,-0.138867855,0.540112793
257,491973,30217,viewpoint,moving_to_left,-0.843554258,1.395802379,-1.469860673,-0.234829172,0.104024418,0.129603401,0.957724988,0.044881821,-0.814530015,-1.268856645,0.816838503,0.095978834,-0.081566423,0.562947512,0.182385460,-0.839620233,-1.337634563,0.831417441,0.019314580,-0.210031345,0.514061153,0.138187662,-0.903169036,-1.178351998,0.826505423,0.085217685,-0.141914040,0.538040221
258,492098,30342,viewpoint,moving_to_left,-0.843484163,1.395605564,-1.469715238,-0.234873548,0.104776382,0.129429534,0.957655668,0.046538278,-0.812452316,-1.265837431,0.815976083,0.097166032,-0.081971116,0.563934922,0.185486495,-0.844990075,-1.344873667,0.834294021,0.016541002,-0.212746426,0.508349240,0.138607278,-0.902405977,-1.177811146,0.825275660,0.085090525,-0.105584085,0.548207700
259,492221,30465,viewpoint,moving_to_left,-0.843379974,1.395621896,-1.469248176,-0.234719783,0.104991190,0.129348874,0.957680762,0.047123641,-0.812694550,-1.265792966,0.815942824,0.094788112,-0.082899727,0.564251840,0.185798869,-0.841061532,-1.339268088,0.832878530,0.020058941,-0.206580088,0.513064921,0.138744324,-0.901422679,-1.175705075,0.826180696,0.088013224,-0.102510624,0.546965122
260,492347,30591,viewpoint,moving_to_left,-0.843631983,1.395772099,-1.468685508,-0.234049752,0.105841793,0.129288882,0.957759142,0.048913166,-0.813826442,-1.263352752,0.813318789,0.098835148,-0.078644715,0.567942917,0.188276321,-0.846924543,-1.342592955,0.830057085,0.015350300,-0.209898457,0.516441822,0.140956193,-0.904370129,-1.176455140,0.825626552,0.084790327,-0.106060058,0.547633708
261,492473,30717,viewpoint,moving_to_left,-0.844010592,1.395741940,-1.468522191,-0.233910888,0.106261291,0.129433140,0.957727194,0.050392449,-0.816746116,-1.267018437,0.815815091,0.095018148,-0.079940677,0.564824522,0.188787371,-0.843566656,-1.337661862,0.832112670,0.019433720,-0.204917014,0.514994979,0.141637594,-0.904610097,-1.175888777,0.822881699,0.083025835,-0.103952117,0.552418709
262,492583,30827,viewpoint,moving_to_left,-0.844581366,1.395644426,-1.468635917,-0.234272659,0.106454022,0.129269749,0.957639396,0.051568374,-0.816672921,-1.268185258,0.815293431,0.094702408,-0.081157312,0.565456986,0.189166173,-0.843348861,-1.338262081,0.831316888,0.017699247,-0.208784968,0.514789283,0.143140197,-0.903956890,-1.176703572,0.823251665,0.085315786,-0.098631829,0.552494109
263,492707,30951,viewpoint,moving_to_left,-0.844714642,1.395721078,-1.468418241,-0.234308749,0.106349222,0.129201472,0.957651436,0.051728964,-0.817165971,-1.268740892,0.814866662,0.098010026,-0.077420361,0.566032290,0.189625964,-0.844342411,-1.339695930,0.831477702,0.017641518,-0.207626119,0.514999866,0.141881183,-0.888247192,-1.155384302,0.803084493,0.079526104,-0.054457910,0.588018060
264,492833,31077,viewpoint,moving_to_left,-0.844816685,1.395957828,-1.468295217,-0.233821258,0.106413357,0.128727093,0.957827330,0.051991239,-0.813799620,-1.261273503,0.810166776,0.099533476,-0.077906258,0.572410226,0.191895589,-0.850102663,-1.344974518,0.835133553,0.015612337,-0.207920983,0.508996069,0.143571183,-0.893878937,-1.160639763,0.813552678,0.082230024,-0.061291058,0.572375476
265,492945,31189,viewpoint,moving_to_left,-0.844859600,1.395867825,-1.468274713,-0.233873591,0.105866440,0.128150865,0.957952380,0.052609138,-0.816320419,-1.264951587,0.816500366,0.099479564,-0.080574952,0.562973082,0.192723393,-0.852328777,-1.348662972,0.834320366,0.019580916,-0.202486992,0.512372017,0.144221187,-0.904116690,-1.174341440,0.824735999,0.084624432,-0.102916814,0.549597502
266,493069,31313,viewpoint,moving_to_left,-0.844937563,1.396147013,-1.468186736,-0.233521357,0.105485611,0.127809122,0.958126009,0.052031808,-0.814684331,-1.260025978,0.812219322,0.099794813,-0.078655921,0.569345355,0.199439868,-0.872722864,-1.377255678,0.841264307,0.014692420,-0.186712742,0.507145762,0.144429639,-0.906442881,-1.175732732,0.823127031,0.087167323,-0.099159136,0.552296281
267,493195,31439,viewpoint,moving_to_left,-0.844974041,1.395943165,-1.468542457,-0.234131709,0.105201565,0.127332047,0.958071768,0.052547276,-0.814711273,-1.264001608,0.813868344,0.096911237,-0.080256477,0.567261279,0.182975814,-0.807892501,-1.281295180,0.818278134,0.017650818,-0.209163353,0.535126150,0.145991504,-0.901900113,-1.172655225,0.821544766,0.085658342,-0.138288304,0.546445966
268,493306,31550,viewpoint,moving_to_left,-0.845186234,1.396091580,-1.469100356,-0.234432846,0.104107007,0.127501532,0.958095133,0.051219724,-0.817208767,-1.269809127,0.813064337,0.100984626,-0.076272659,0.568252563,0.189007521,-0.841530323,-1.337886810,0.831590116,0.019762900,-0.202960253,0.516598940,0.142496482,-0.899562240,-1.172180176,0.824394524,0.084022693,-0.115329869,0.547734261
269,493432,31676,viewpoint,moving_to_left,-0.845487118,1.396032929,-1.469534278,-0.234882250,0.103840403,0.127795577,0.957974851,0.049865901,-0.814160109,-1.265843987,0.813688338,0.104309328,-0.076670922,0.566703200,0.190064415,-0.850594342,-1.352116585,0.836458325,0.021229004,-0.203159198,0.508540154,0.143210575,-0.899990737,-1.173936963,0.821200609,0.084900036,-0.139594227,0.546749473
270,493556,31800,viewpoint,moving_to_left,-0.845452309,1.395850420,-1.469481111,-0.234938398,0.103759035,0.127929434,0.957952023,0.050221957,-0.814314127,-1.266422033,0.815868199,0.099251904,-0.079830438,0.564034820,0.189421207,-0.845416903,-1.344846368,0.831980705,0.028098365,-0.195277676,0.518541515,0.143443674,-0.901236296,-1.175339699,0.822050571,0.083773009,-0.140348136,0.545451641
271,493681,31925,viewpoint,moving_to_left,-0.845764637,1.395984173,-1.469585299,-0.234537259,0.104291491,0.127907023,0.957995474,0.051509544,-0.817291260,-1.268056035,0.816321194,0.097468518,-0.082356319,0.563326776,0.189454719,-0.844198585,-1.339625359,0.831713080,0.019824483,-0.204640627,0.515734971,0.143318713,-0.903093696,-1.174836040,0.824447513,0.085965365,-0.104776897,0.549470723
272,493806,32050,viewpoint,moving_to_left,-0.846009254,1.396185994,-1.469642997,-0.233840451,0.105042219,0.128237724,0.958039582,0.051909305,-0.814920664,-1.259729028,0.812987804,0.100263655,-0.079904683,0.567990661,0.190229237,-0.847280085,-1.338401675,0.830386877,0.017235447,-0.223364934,0.510165453,0.144209072,-0.907083631,-1.175177813,0.827367842,0.086438358,-0.101929046,0.545528650
273,493916,32160,viewpoint,moving_to_left,-0.846107006,1.396466017,-1.469724536,-0.233559802,0.104707979,0.128518149,0.958107054,0.050881110,-0.820332766,-1.266940355,0.816902399,0.097034119,-0.078746803,0.563075364,0.188569620,-0.845075727,-1.334855318,0.831435621,0.019237243,-0.208024457,0.514850020,0.142388001,-0.904898822,-1.172219753,0.822141290,0.086142674,-0.106526233,0.552553415
274,494040,32284,viewpoint,moving_to_left,-0.846132517,1.396696687,-1.469729304,-0.233319953,0.105242491,0.128732324,0.958078206,0.051424496,-0.822000265,-1.267428279,0.812791824,0.101304241,-0.076109409,0.568607450,0.188014299,-0.844585180,-1.331478596,0.831223369,0.013336708,-0.214303181,0.512800217,0.143493295,-0.910426974,-1.176884413,0.822653174,0.086240716,-0.106584579,0.551764607
275,494168,32412,viewpoint,moving_to_left,-0.845922470,1.396692872,-1.469745994,-0.233681366,0.105015896,0.128614798,0.958030760,0.050683342,-0.819317222,-1.265907526,0.815204680,0.096758485,-0.078730181,0.565579891,0.188788652,-0.846094966,-1.336757302,0.830790043,0.019285010,-0.204788446,0.517182469,0.143998519,-0.907429636,-1.175304413,0.823625922,0.084866852,-0.135954961,0.544016898
276,494290,32534,viewpoint,moving_to_left,-0.845798016,1.396698356,-1.469720244,-0.233655870,0.105081417,0.128298938,0.958072126,0.051505119,-0.815906763,-1.260965824,0.812884271,0.098211400,-0.080772176,0.568374395,0.189367443,-0.848900318,-1.342004657,0.829014122,0.014035058,-0.193923533,0.524339795,0.143558621,-0.906179190,-1.174108624,0.825538039,0.084824897,-0.104761153,0.548011780
277,494404,32648,viewpoint,moving_to_left,-0.845968246,1.396901369,-1.469401002,-0.233094603,0.105303481,0.128089830,0.958212435,0.056426458,-0.844166279,-1.301129580,0.828008890,0.102038711,-0.117501035,0.538686156,0.193214461,-0.856246948,-1.347132921,0.831610620,0.015290746,-0.188840330,0.522043407,0.144186929,-0.908431888,-1.174076438,0.821888328,0.087158062,-0.101337917,0.553745151
278,494529,32773,viewpoint,moving_to_left,-0.846059322,1.396981597,-1.469154477,-0.232838929,0.105449960,0.127956793,0.958276272,0.052176252,-0.817862749,-1.259080410,0.812594414,0.096968360,-0.080428444,0.569050729,0.192416891,-0.854639053,-1.344593763,0.835358083,0.012801462,-0.211134627,0.507380724,0.146604553,-0.911212504,-1.176413059,0.823913157,0.085561514,-0.138848588,0.542740643
279,494653,32897,viewpoint,moving_to_left,-0.846601009,1.396929264,-1.468914866,-0.232761413,0.104768552,0.128696889,0.958270729,0.051030695,-0.822867632,-1.267290592,0.815174580,0.096902221,-0.081211790,0.565247715,0.188411787,-0.846584558,-1.333349824,0.830088913,0.017331250,-0.207784131,0.517182589,0.143090412,-0.909938514,-1.175489545,0.821599424,0.088678487,-0.105648644,0.553126633
280,494777,33021,viewpoint,moving_to_left,-0.847223997,1.396959543,-1.468329310,-0.232432470,0.105188176,0.128989130,0.958265305,0.051516227,-0.818530977,-1.259783506,0.812099397,0.098570667,-0.081294544,0.569359004,0.189360872,-0.849503636,-1.335811973,0.831438184,0.017554909,-0.210980847,0.513701856,0.143373579,-0.908608973,-1.172397375,0.826653540,0.084914804,-0.107125267,0.545854926
281,494903,33147,viewpoint,moving_to_left,-0.847715378,1.396706939,-1.467876315,-0.232921004,0.105465852,0.128759861,0.958146989,0.053624794,-0.820729136,-1.266034603,0.815035224,0.096940853,-0.081380330,0.565417826,0.192874357,-0.851593614,-1.341949463,0.829098940,0.024601040,-0.195948035,0.523062229,0.146123096,-0.911240637,-1.177963257,0.822729111,0.088343762,-0.100430131,0.552472711
282,495029,33273,viewpoint,moving_to_left,-0.848624468,1.396483541,-1.467072606,-0.232739896,0.105852105,0.128820643,0.958140254,0.059701398,-0.845958531,-1.304203153,0.828847587,0.101319157,-0.117261633,0.537583351,0.193848491,-0.851680040,-1.340922356,0.829666257,0.017928731,-0.219758034,0.512873113,0.147380516,-0.911311269,-1.177444100,0.824400008,0.085535616,-0.101710930,0.550184786
283,495139,33383,viewpoint,moving_to_left,-0.849651575,1.396533012,-1.466523767,-0.231999606,0.105942853,0.129304886,0.958244503,0.054562166,-0.819097817,-1.260264158,0.810347140,0.098624170,-0.078615658,0.572215378,0.191868141,-0.848940015,-1.333357334,0.832065642,0.012231716,-0.213684961,0.511718512,0.146170005,-0.909106433,-1.172275424,0.825307727,0.081340514,-0.109780475,0.547904313
284,495265,33509,viewpoint,moving_to_left,-0.849851608,1.396536708,-1.466088891,-0.231984600,0.106484435,0.128993466,0.958230078,0.056669921,-0.823073745,-1.265649199,0.813349664,0.095098980,-0.081735015,0.568100333,0.194945648,-0.849484444,-1.334771395,0.829964340,0.017841335,-0.201807588,0.519725561,0.146906704,-0.905144811,-1.167499661,0.817524254,0.082708761,-0.107567221,0.559680760
285,495390,33634,viewpoint,moving_to_left,-0.850527525,1.396409035,-1.465640664,-0.231614351,0.107252352,0.128698781,0.958273649,0.059867010,-0.826660931,-1.267945766,0.815430641,0.093877040,-0.080835082,0.565442860,0.199222535,-0.854998946,-1.339898586,0.831422150,0.017624713,-0.200823173,0.517780423,0.149052516,-0.894551277,-1.148100853,0.979827523,0.170407563,0.092228286,0.048921093
286,495501,33745,viewpoint,moving_to_left,-0.850966454,1.396619797,-1.464880586,-0.231131062,0.107922219,0.128814459,0.958299577,0.060781226,-0.821436763,-1.258265615,0.808067083,0.098151527,-0.076890707,0.575744450,0.201323703,-0.860155582,-1.342534304,0.827184021,0.012798293,-0.201175049,0.524529696,0.152126312,-0.911412716,-1.170424104,0.824035347,0.079141162,-0.109350815,0.550222695
287,495626,33870,viewpoint,moving_to_left,-0.850519180,1.396641731,-1.464531779,-0.231179506,0.108013406,0.128682867,0.958295286,0.061042085,-0.820279002,-1.257154584,0.809156358,0.096246079,-0.078326695,0.574341118,0.204727918,-0.869024813,-1.356264949,0.832027078,0.013196215,-0.182436571,0.523711503,0.152501673,-0.902838588,-1.159687042,0.813063085,0.080559865,-0.061856817,0.573247194
288,495750,33994,viewpoint,moving_to_left,-0.850799799,1.396631122,-1.464270234,-0.231100261,0.108045615,0.129106969,0.958253741,0.060721271,-0.820759058,-1.257659197,0.808704913,0.097830489,-0.076812074,0.574913383,0.199225575,-0.854391873,-1.335626483,0.829398274,0.013621991,-0.222188637,0.512391567,0.152380720,-0.912428200,-1.172218442,0.823295295,0.079667464,-0.108833373,0.551355839
289,495876,34120,viewpoint,moving_to_left,-0.850373030,1.396623015,-1.464237809,-0.231037244,0.108154178,0.129171163,0.958248019,0.060794055,-0.822993696,-1.260826111,0.809218526,0.097568490,-0.077609450,0.574127614,0.198496893,-0.852831125,-1.332908154,0.830251038,0.013305593,-0.210290849,0.516026974,0.152198374,-0.913049221,-1.172323942,0.825386822,0.080022313,-0.108379528,0.548258185
290,496001,34245,viewpoint,moving_to_left,-0.850864887,1.396522999,-1.464451909,-0.230901271,0.107751407,0.129710808,0.958253264,0.059256956,-0.826295733,-1.264994383,0.815393686,0.097260386,-0.079441473,0.565121770,0.199795380,-0.861691892,-1.346367598,0.829118371,0.024552848,-0.192754358,0.524219096,0.149497837,-0.904758453,-1.158595681,0.977934778,0.173695907,0.093159422,0.069243230
291,496111,34355,viewpoint,moving_to_left,-0.851273060,1.396949291,-1.464288116,-0.230132163,0.108488679,0.130418897,0.958258986,0.058998756,-0.827000022,-1.261752963,0.811017394,0.094435498,-0.078765385,0.571951687,0.200218722,-0.865698755,-1.347020388,0.829287529,0.022955367,-0.193031013,0.523922086,0.151138648,-0.921892345,-1.178100467,0.821769476,0.086595781,-0.094398506,0.555234194
292,496235,34479,viewpoint,moving_to_left,-0.850914240,1.397187352,-1.463708043,-0.229399934,0.108928598,0.130462483,0.958378732,0.059282109,-0.829716086,-1.261817217,0.812468529,0.093508631,-0.076464117,0.570354521,0.198592603,-0.860506594,-1.335631371,0.829480588,0.016570555,-0.202989966,0.520079434,0.151259094,-0.915248692,-1.166816115,0.823154151,0.080690235,-0.141999528,0.543822110
293,496362,34606,viewpoint,moving_to_left,-0.850611925,1.397370934,-1.463816762,-0.229000017,0.109460630,0.130553484,0.958401322,0.059662633,-0.831012368,-1.260090947,0.815727174,0.089173958,-0.080247097,0.565860093,0.197122484,-0.857031703,-1.325868487,0.830045879,0.009209141,-0.213729471,0.515032828,0.149677739,-0.916348815,-1.165355802,0.818311036,0.083534755,-0.101060726,0.559621096
294,496487,34731,viewpoint,moving_to_left,-0.849912167,1.397407770,-1.463557839,-0.228914201,0.110494398,0.130359322,0.958329678,0.060944661,-0.827474296,-1.254051328,0.807586730,0.094192885,-0.076829620,0.577086329,0.201227859,-0.865860522,-1.337533116,0.832345128,0.012805140,-0.204260781,0.515087545,0.152194321,-0.920280695,-1.169350743,0.823877931,0.078227527,-0.107009888,0.551048577
295,496611,34855,viewpoint,moving_to_left,-0.849728107,1.397467136,-1.463767171,-0.228647888,0.111022957,0.130757079,0.958277941,0.060958266,-0.829016149,-1.255066276,0.808725119,0.094349414,-0.078302547,0.575265646,0.201673269,-0.874098659,-1.344835162,0.936630964,0.200134441,0.285241544,0.036137238,0.151530474,-0.918453693,-1.165987134,0.822272480,0.076353118,-0.107472382,0.553613484
296,496736,34980,viewpoint,moving_to_left,-0.849621773,1.397730231,-1.464054704,-0.227724791,0.112028554,0.131292149,0.958307564,0.061660960,-0.833477080,-1.255721211,0.811631322,0.088746980,-0.083741516,0.571284473,0.200651690,-0.863808215,-1.327362180,0.828673840,0.010224999,-0.205713615,0.520458639,0.151659578,-0.914328456,-1.154452085,0.807473779,0.074869677,-0.061975498,0.581841648
297,496848,35092,viewpoint,moving_to_left,-0.849554300,1.397524834,-1.463807225,-0.227656096,0.112487845,0.131626412,0.958224237,0.061196752,-0.831822038,-1.252919912,0.807682276,0.086621620,-0.083375126,0.577230155,0.201118305,-0.865803480,-1.329637408,0.829012036,0.011252359,-0.206251651,0.519685209,0.151743233,-0.924345136,-1.166947365,0.820849895,0.076038025,-0.102361970,0.556727648
298,496972,35216,viewpoint,moving_to_left,-0.849677086,1.397465110,-1.464298129,-0.227253735,0.112944946,0.131891668,0.958229482,0.061393090,-0.833647013,-1.253048301,0.805497468,0.092464037,-0.073317848,0.580731273,0.200132906,-0.864436805,-1.323920250,0.827372849,0.009444483,-0.205224440,0.522731245,0.150784701,-0.920347571,-1.160062313,0.819904208,0.073471442,-0.108969420,0.557211578
299,497097,35341,viewpoint,moving_to_left,-0.849640131,1.397498012,-1.464457631,-0.226465568,0.113438256,0.132006362,0.958342016,0.062416084,-0.836417198,-1.253009915,0.811860919,0.088615812,-0.075088017,0.572180808,0.200551897,-0.868039131,-1.324037075,0.828280628,0.006155543,-0.213985339,0.517806590,0.152751014,-0.928029180,-1.164540291,0.820214808,0.083344758,-0.094740100,0.557965636
300,497209,35453,viewpoint,moving_to_left,-0.849470377,1.397663355,-1.465265155,-0.226169482,0.113173731,0.131471917,0.958516657,0.062657207,-0.840715885,-1.255271077,0.813834846,0.088925980,-0.077172205,0.569042683,0.200524673,-0.868828416,-1.322053075,0.828907967,0.007026566,-0.212261245,0.517501116,0.151920229,-0.925500274,-1.159305692,0.820593119,0.079143085,-0.106140055,0.555965424
301,497335,35579,viewpoint,moving_to_left,-0.849133492,1.397436976,-1.465336680,-0.225967124,0.113956571,0.130999878,0.958536267,0.064176954,-0.838689566,-1.250956655,0.804659426,0.093091585,-0.074085675,0.581694424,0.203423619,-0.870701790,-1.323354840,0.828645825,0.009230950,-0.203698754,0.521313429,0.153988808,-0.926420152,-1.159138918,0.822086513,0.075144954,-0.109319732,0.553693235
302,497460,35704,viewpoint,moving_to_left,-0.848948717,1.397445917,-1.465368867,-0.225213513,0.114184171,0.130840138,0.958708346,0.064161390,-0.838344812,-1.245968580,0.806847513,0.090014420,-0.077737734,0.578663409,0.204358354,-0.875039458,-1.323302865,0.822595358,0.002978672,-0.194576323,0.534292221,0.153272361,-0.923781455,-1.152183056,0.819502413,0.074923083,-0.106993154,0.557991803
303,497584,35828,viewpoint,moving_to_left,-0.849297523,1.397553205,-1.465336919,-0.224397957,0.115114532,0.131316036,0.958723247,0.065338179,-0.845090628,-1.251478314,0.810977340,0.087237559,-0.073996171,0.573785603,0.206652448,-0.883411169,-1.329937577,0.827606440,0.000552244,-0.182196438,0.530916035,0.152652502,-0.912130475,-1.133109570,0.799949706,0.070170030,-0.056860868,0.593231440
304,497696,35940,viewpoint,moving_to_left,-0.849576950,1.397435904,-1.465330005,-0.224094301,0.115090936,0.132119864,0.958686709,0.063285492,-0.840567172,-1.244546771,0.804304540,0.089728795,-0.076782800,0.582363605,0.202769160,-0.875241518,-1.318856359,0.826121747,0.007702436,-0.207271889,0.523929358,0.156071156,-0.940433621,-1.165756822,0.825009346,0.072701760,-0.133728310,0.544234097
305,497820,36064,viewpoint,moving_to_left,-0.849619865,1.397206664,-1.465299487,-0.224279061,0.115589522,0.132148340,0.958579600,0.064659201,-0.843419135,-1.248991132,0.808570385,0.086807065,-0.077470638,0.576781392,0.203248665,-0.875755131,-1.320018291,0.826979637,0.006389685,-0.208626419,0.522052646,0.155045122,-0.937553227,-1.163262963,0.820008159,0.076180875,-0.100239471,0.558332443
306,497932,36176,viewpoint,moving_to_left,-0.849825859,1.397163272,-1.464683890,-0.223868683,0.115281835,0.132260650,0.958697081,0.063968651,-0.844029427,-1.248479009,0.804339051,0.092310160,-0.074058563,0.582265377,0.202089459,-0.873219967,-1.314826012,0.827107787,0.003064773,-0.213762119,0.519797266,0.154203713,-0.936963379,-1.162242889,0.818809688,0.073533490,-0.100443363,0.560405850
307,498055,36299,viewpoint,moving_to_left,-0.849589825,1.397421479,-1.463975549,-0.223313168,0.115568466,0.131979614,0.958830833,0.065546609,-0.847739697,-1.251132846,0.810015559,0.087202534,-0.072012000,0.575399756,0.204262286,-0.882075846,-1.324358106,0.829671085,0.004716804,-0.218457952,0.513711810,0.154025063,-0.930708945,-1.152837515,0.817511857,0.073926158,-0.103439845,0.561702371
308,498166,36410,viewpoint,moving_to_left,-0.849789858,1.397581339,-1.463502765,-0.222938895,0.115668319,0.131605372,0.958957314,0.066043094,-0.843864918,-1.244463444,0.803915024,0.088464618,-0.076765142,0.583096683,0.205890447,-0.879255772,-1.319233179,0.823846519,0.012038128,-0.201566085,0.529625535,0.158823103,-0.942935705,-1.164812565,0.823274910,0.073651917,-0.131356657,0.547301769
309,498292,36536,viewpoint,moving_to_left,-0.850391626,1.397798777,-1.463311076,-0.222577572,0.116449565,0.131398201,0.958975077,0.068629093,-0.846561074,-1.245166421,0.808072209,0.087897949,-0.075604871,0.577561438,0.214506835,-0.900561690,-1.345664382,0.833714128,-0.009076010,-0.192725137,0.517392874,0.157037139,-0.932608366,-1.151032209,0.816672146,0.073620759,-0.098970883,0.563765347
310,498404,36648,viewpoint,moving_to_left,-0.851484299,1.397946000,-1.462968230,-0.221941337,0.116940133,0.132089838,0.958967865,0.068534054,-0.847884595,-1.244074225,0.807169557,0.084914260,-0.077149354,0.579063833,0.209179252,-0.884197116,-1.320356250,0.824794948,0.011865444,-0.199136883,0.529071867,0.157926694,-0.937978625,-1.154233813,0.817233145,0.075245000,-0.098920636,0.562745929
311,498529,36773,viewpoint,moving_to_left,-0.851887465,1.398047686,-1.462647796,-0.221754640,0.115939014,0.131996766,0.959145427,0.067361012,-0.850247145,-1.246685266,0.805138230,0.089221969,-0.076338626,0.581347048,0.206232682,-0.882335186,-1.317360520,0.826916635,0.002185533,-0.210560650,0.521409988,0.156505540,-0.936752915,-1.153573871,0.813128829,0.073568955,-0.103749752,0.568018675
312,498640,36884,viewpoint,moving_to_left,-0.852210522,1.398702502,-1.461660504,-0.220579267,0.115165390,0.131854460,0.959529102,0.065675072,-0.853897333,-1.247801304,0.809236825,0.086619146,-0.076415159,0.576015294,0.205637217,-0.890927076,-1.324753761,0.828890026,0.002250745,-0.199711829,0.522543132,0.154555038,-0.938627422,-1.151968241,0.811352849,0.073868819,-0.097699106,0.571581006
313,498765,37009,viewpoint,moving_to_left,-0.852186918,1.399116755,-1.460759282,-0.219871625,0.114304438,0.132087141,0.959762454,0.063241005,-0.854484677,-1.247346640,0.803998172,0.088966362,-0.078606561,0.582660198,0.204308122,-0.893049121,-1.326550126,0.824398458,0.016407792,-0.197306171,0.530253053,0.154750243,-0.944617748,-1.157302141,0.824282348,0.072903693,-0.136694446,0.544571638
314,498890,37134,viewpoint,moving_to_left,-0.851892948,1.399197102,-1.459311128,-0.219763637,0.114742175,0.131345585,0.959836721,0.065926991,-0.856738925,-1.251349688,0.809938490,0.088242158,-0.075547680,0.574896097,0.204215735,-0.888450861,-1.321554303,0.825454712,0.003929832,-0.213809028,0.522393405,0.155222580,-0.941350460,-1.155253291,0.814176977,0.076064549,-0.102466740,0.566419065
315,499000,37244,viewpoint,moving_to_left,-0.851927042,1.399619818,-1.457667470,-0.218368009,0.115391046,0.131471306,0.960060239,0.066628724,-0.856542051,-1.244601130,0.802311182,0.089828923,-0.078871220,0.584813476,0.207289010,-0.895676017,-1.324054241,0.824490190,0.013048103,-0.197467268,0.530143917,0.155945659,-0.943225563,-1.152583599,0.812672377,0.070795886,-0.101824954,0.569370985
316,499124,37368,viewpoint,moving_to_left,-0.852609396,1.400104284,-1.456693292,-0.217623442,0.116780177,0.130703911,0.960166097,0.070371434,-0.860187590,-1.244581580,0.804402947,0.087581150,-0.078232221,0.582361698,0.209344462,-0.892670751,-1.315007567,0.825653076,0.002264098,-0.211004794,0.523229241,0.159324095,-0.944578111,-1.149549007,0.814841926,0.072965294,-0.105855159,0.565246344
317,499237,37481,viewpoint,moving_to_left,-0.852641582,1.400445223,-1.455910802,-0.216714606,0.117511645,0.131051302,0.960235059,0.071853973,-0.865363121,-1.248244166,0.807042241,0.088826604,-0.071087942,0.579430044,0.211075082,-0.898544669,-1.318227410,0.828198791,0.000811781,-0.204545215,0.521773279,0.162297159,-0.951056123,-1.152716756,0.818717420,0.070479274,-0.138406545,0.552791238
318,499363,37607,viewpoint,moving_to_left,-0.852371693,1.400716186,-1.455576301,-0.216111436,0.117784932,0.130635291,0.960394204,0.071973719,-0.861474395,-1.240088582,0.804023325,0.082576096,-0.080985926,0.583240032,0.211517304,-0.895567656,-1.310693502,0.821876585,0.006004425,-0.202665031,0.532362401,0.161791950,-0.952381194,-1.152394176,0.812798440,0.071334042,-0.101680905,0.569149375
319,499472,37716,viewpoint,moving_to_left,-0.852171898,1.401092529,-1.455230117,-0.214977488,0.117932066,0.130482182,0.960651398,0.072790720,-0.868065715,-1.243471622,0.802896202,0.085936658,-0.080535524,0.584368527,0.213215441,-0.904943585,-1.317987800,0.823390961,0.008139746,-0.198569328,0.531536758,0.161914870,-0.952957928,-1.148649335,0.813711703,0.071914889,-0.107264258,0.566741467
320,499584,37828,viewpoint,moving_to_left,-0.851785898,1.401209235,-1.454774737,-0.214412212,0.118052207,0.130248353,0.960794687,0.072937600,-0.867532909,-1.240810633,0.800894558,0.087104492,-0.078988917,0.587147057,0.212499604,-0.902211189,-1.312963247,0.824776709,0.001600223,-0.208325773,0.525681674,0.162996456,-0.958326221,-1.152359605,0.813509464,0.077157699,-0.096676789,0.568245292
321,499709,37953,viewpoint,moving_to_left,-0.851464272,1.401376128,-1.454540610,-0.214297310,0.117609128,0.129053786,0.961035848,0.073944703,-0.869886279,-1.242875338,0.804277956,0.083716869,-0.076916620,0.583277285,0.214019150,-0.908074379,-1.319485307,0.824803531,0.001324937,-0.210029259,0.524962008,0.163618565,-0.957775116,-1.150985360,0.812581778,0.075925618,-0.095588595,0.569920182
322,499821,38065,viewpoint,moving_to_left,-0.851314545,1.401513100,-1.454512715,-0.213828966,0.117971390,0.128548816,0.961163461,0.075597934,-0.870314360,-1.241247296,0.801715553,0.089167342,-0.075102083,0.586226165,0.216547012,-0.909520388,-1.319034815,0.823425710,0.010111965,-0.196031183,0.532390475,0.164631844,-0.954446673,-1.146038294,0.811635077,0.071615279,-0.104752742,0.570216417
323,499944,38188,viewpoint,moving_to_left,-0.851325035,1.401447296,-1.454479098,-0.213887870,0.118430682,0.128642797,0.961081266,0.076836340,-0.872663021,-1.244561553,0.803319693,0.090035990,-0.071978100,0.584285975,0.216233194,-0.905480027,-1.314184189,0.825069368,-0.000373104,-0.210615873,0.524310350,0.167660803,-0.958333015,-1.150032401,0.815711260,0.070503220,-0.136468321,0.557692468
324,500056,38300,viewpoint,moving_to_left,-0.851640701,1.401451349,-1.454539657,-0.213717148,0.119276255,0.128994182,0.960967600,0.078200370,-0.871189356,-1.241342902,0.799825788,0.087715261,-0.072300911,0.589370251,0.217682168,-0.904198349,-1.309148431,0.820824862,0.004464849,-0.200566098,0.534789562,0.167618021,-0.957848430,-1.147826552,0.811356425,0.075043865,-0.098591648,0.571269512
325,500181,38425,viewpoint,moving_to_left,-0.852481365,1.401247382,-1.454756618,-0.213606119,0.120129377,0.129674971,0.960794389,0.078692034,-0.870787263,-1.239156365,0.801860988,0.082181007,-0.081652559,0.586172462,0.218457714,-0.906318307,-1.311091900,0.822987676,-0.001218867,-0.206561148,0.529171288,0.167407721,-0.956506491,-1.145113945,0.813549757,0.069612518,-0.106241509,0.567453623
326,500292,38536,viewpoint,moving_to_left,-0.852985144,1.401207089,-1.455592752,-0.213371754,0.120483391,0.129688933,0.960800231,0.079437897,-0.872944593,-1.238965273,0.799305677,0.084911861,-0.071103454,0.590630770,0.222153589,-0.915849447,-1.319928408,0.823399127,-0.005370766,-0.178804696,0.538529396,0.166939586,-0.945654273,-1.127935410,0.791535437,0.067630075,-0.051206876,0.605207205
327,500404,38648,viewpoint,moving_to_left,-0.852586031,1.401171923,-1.456263185,-0.213561609,0.119263433,0.129266575,0.960967124,0.077709459,-0.872029006,-1.238975406,0.801278055,0.088782586,-0.071659550,0.587312639,0.215369120,-0.898876309,-1.298329115,0.822291672,0.000387896,-0.205885634,0.530516267,0.167332217,-0.960397363,-1.147601008,0.808941722,0.075414710,-0.091926426,0.575739086
328,500529,38773,viewpoint,moving_to_left,-0.852512121,1.400831699,-1.457238555,-0.214198336,0.119191974,0.129110947,0.960855246,0.076879039,-0.868186712,-1.235604644,0.803044856,0.082382984,-0.077040933,0.585146725,0.216845095,-0.901655316,-1.305094242,0.819331586,0.008182457,-0.199827403,0.537306011,0.167746410,-0.954795480,-1.138722181,0.968555450,0.188813999,0.131324500,0.094886906
329,500639,38883,viewpoint,moving_to_left,-0.852155209,1.401034832,-1.457749724,-0.213928819,0.119706899,0.129561409,0.960790634,0.076828539,-0.872607231,-1.238486528,0.800622344,0.084877402,-0.071634866,0.588785350,0.217322797,-0.907839537,-1.310089231,0.820275009,0.008625548,-0.186455995,0.540655732,0.169051811,-0.967809975,-1.153541446,0.817426324,0.073079050,-0.127142742,0.557053328
330,500765,39009,viewpoint,moving_to_left,-0.852028370,1.401046515,-1.458504558,-0.213544101,0.120922849,0.130109996,0.960649788,0.077830106,-0.874163985,-1.236731172,0.801803648,0.087505832,-0.071199656,0.586842537,0.218200371,-0.911604464,-1.309804678,0.823765635,0.003196566,-0.204318628,0.528823018,0.168312445,-0.963048577,-1.144701123,0.814353704,0.070139460,-0.126941353,0.561955988
331,500875,39119,viewpoint,moving_to_left,-0.851764917,1.400922656,-1.460071206,-0.213796660,0.122766517,0.130407006,0.960319400,0.080162615,-0.872920454,-1.233694792,0.802360415,0.080838479,-0.072840787,0.586836696,0.221233591,-0.912629128,-1.309221029,0.823158920,0.004951070,-0.199855909,0.531453252,0.170131713,-0.968550324,-1.149250984,0.814453721,0.072600879,-0.087395318,0.568995953
332,501001,39245,viewpoint,moving_to_left,-0.851104736,1.400728345,-1.461503386,-0.214337900,0.123701833,0.129840553,0.960155487,0.082553223,-0.874060512,-1.235314250,0.804977953,0.081389949,-0.073015966,0.583142281,0.223011270,-0.909070611,-1.305045724,0.822648883,0.003551619,-0.188883498,0.536245465,0.169245720,-0.947249651,-1.124578476,0.799082279,0.066641793,-0.051667750,0.595278800
333,501111,39355,viewpoint,moving_to_left,-0.850171089,1.400609851,-1.463188052,-0.214905113,0.123916104,0.129617393,0.960031211,0.082875520,-0.870287180,-1.231846929,0.803684354,0.083429068,-0.068942845,0.585130692,0.224018857,-0.909823060,-1.306426883,0.825879931,0.000551146,-0.204766318,0.525350213,0.172492981,-0.959165394,-1.139681816,0.812593043,0.066010572,-0.129528746,0.564409018
334,501235,39479,viewpoint,moving_to_left,-0.849170685,1.400551200,-1.464230180,-0.215391502,0.124612428,0.128943920,0.959922791,0.084275350,-0.869794011,-1.231542826,0.802722335,0.083777905,-0.073813923,0.585806787,0.223903999,-0.900155187,-1.295506835,0.823433220,0.000995690,-0.189662591,0.534775496,0.172190920,-0.957350254,-1.138622761,0.811076522,0.067706980,-0.092739888,0.573559165
335,501345,39589,viewpoint,moving_to_left,-0.848104954,1.400666714,-1.464826941,-0.215504035,0.124688745,0.128076509,0.960003734,0.085159086,-0.870490074,-1.232031703,0.800847292,0.088948540,-0.064224206,0.588733435,0.225372985,-0.905528605,-1.302028418,0.825265884,0.001868640,-0.193577304,0.530528545,0.175343305,-0.960023761,-1.140915275,0.813392222,0.067800470,-0.128172338,0.563354373
336,501458,39702,viewpoint,moving_to_left,-0.847452879,1.400734186,-1.464844346,-0.215622470,0.124782085,0.127905831,0.959987760,0.084636196,-0.867498994,-1.228591561,0.803307950,0.084539525,-0.071425408,0.585190356,0.224389598,-0.901792288,-1.297634840,0.825508058,-0.000915654,-0.195315242,0.529516518,0.171809375,-0.944782913,-1.122392654,0.796786547,0.067030601,-0.051851239,0.598288894
337,501582,39826,viewpoint,moving_to_left,-0.846694946,1.400694251,-1.464512467,-0.215810463,0.124083191,0.127816036,0.960048020,0.082843758,-0.868866622,-1.233254313,0.804687917,0.082976580,-0.070715174,0.583602309,0.224161163,-0.907298684,-1.307826161,0.825158179,0.003911291,-0.199560434,0.528464198,0.174095407,-0.967268884,-1.149967313,0.955588460,0.212012783,0.162985638,0.123842604
338,501695,39939,viewpoint,moving_to_left,-0.845910788,1.400731444,-1.463995814,-0.215665847,0.124190219,0.127855092,0.960061491,0.083210826,-0.873027503,-1.239088774,0.806424379,0.084676333,-0.068099722,0.581267655,0.223621175,-0.905637026,-1.305731297,0.823757350,0.002778855,-0.202811182,0.529418230,0.172839805,-0.958397031,-1.142277598,0.814264715,0.066803470,-0.129493847,0.561908960
339,501806,40050,viewpoint,moving_to_left,-0.845024824,1.400732160,-1.463260055,-0.216010615,0.123399094,0.127200261,0.960173011,0.081521310,-0.864699841,-1.230502605,0.801432490,0.080590032,-0.075533450,0.587797523,0.221983150,-0.900205672,-1.302225232,0.823990703,0.003954225,-0.187750295,0.534577966,0.169119403,-0.941383243,-1.125034451,0.801141024,0.066619053,-0.052733898,0.592413843
340,501931,40175,viewpoint,moving_to_left,-0.844565392,1.400739670,-1.462478042,-0.215842962,0.123422042,0.127388686,0.960182786,0.080583796,-0.866459489,-1.232654214,0.803005695,0.081664436,-0.073957272,0.585698843,0.221319333,-0.905352592,-1.309204936,0.825833619,-0.002252646,-0.207675725,0.524275303,0.168639064,-0.952152550,-1.139026165,0.810199797,0.066969268,-0.097816251,0.574041307
341,502042,40286,viewpoint,moving_to_left,-0.843955278,1.401131630,-1.462128043,-0.215421110,0.123427399,0.127211869,0.960300267,0.081061415,-0.868910670,-1.234954119,0.800491869,0.088054754,-0.067280263,0.589009762,0.222525403,-0.906906545,-1.310222864,0.829183042,-0.001563731,-0.195584387,0.523640871,0.169607833,-0.956596732,-1.142693281,0.808933675,0.069671161,-0.095124081,0.575954676
342,502153,40397,viewpoint,moving_to_left,-0.843683958,1.401260972,-1.461977124,-0.215574279,0.123152077,0.127175391,0.960306048,0.080480382,-0.868362188,-1.235886812,0.804074287,0.081813626,-0.074169233,0.584183216,0.220837340,-0.903752387,-1.307273507,0.826711416,-0.002205647,-0.205879256,0.523600161,0.168361098,-0.952018738,-1.139047384,0.811860621,0.069649398,-0.097373448,0.571445346
343,502265,40509,viewpoint,moving_to_left,-0.843673229,1.401292920,-1.462008357,-0.215487793,0.123282306,0.127156600,0.960311234,0.080613852,-0.866950095,-1.233225822,0.802891612,0.082809590,-0.072532333,0.585872591,0.221508041,-0.905338287,-1.308795452,0.826224685,-0.001548957,-0.204813644,0.524787426,0.168474019,-0.951761723,-1.137989998,0.810322225,0.067698218,-0.101983011,0.573056936
344,502387,40631,viewpoint,moving_to_left,-0.843942165,1.401121616,-1.462436318,-0.215866730,0.123247147,0.127111927,0.960236549,0.081308059,-0.867116630,-1.235635281,0.799268663,0.086920552,-0.070490949,0.590462029,0.222631231,-0.904623032,-1.310479641,0.828113735,-0.002871221,-0.197351322,0.524663627,0.169841662,-0.953428030,-1.141321898,0.814567447,0.070286758,-0.098019786,0.567390382
345,502501,40745,viewpoint,moving_to_left,-0.844149590,1.400842071,-1.462844491,-0.216248676,0.122902557,0.127270460,0.960173786,0.080579638,-0.866434574,-1.235823989,0.803582609,0.086806148,-0.069304034,0.584736347,0.223075613,-0.914975882,-1.323114276,0.934976637,0.194675282,0.291402936,0.054814421,0.169574574,-0.955053627,-1.144191742,0.812921762,0.072617643,-0.097211324,0.569591820
346,502611,40855,viewpoint,moving_to_left,-0.844466686,1.400893450,-1.463084102,-0.216234997,0.123150021,0.127241448,0.960149050,0.081365205,-0.866914928,-1.234895349,0.799993396,0.085936196,-0.071374223,0.589517832,0.222436324,-0.901281595,-1.306373477,0.823170960,0.004781642,-0.189542875,0.535201192,0.169572458,-0.952544689,-1.140233397,0.813885212,0.068235941,-0.101061158,0.568085670
347,502737,40981,viewpoint,moving_to_left,-0.844916582,1.401000261,-1.463608384,-0.215999693,0.123441212,0.127032489,0.960192204,0.082511455,-0.866830707,-1.232873082,0.804506660,0.085200951,-0.068872698,0.583751917,0.222144380,-0.899068177,-1.299615622,0.823660851,0.003587493,-0.198371783,0.531242490,0.173071057,-0.958615601,-1.143722415,0.815674961,0.072411619,-0.124023914,0.560400724
348,502847,41091,viewpoint,moving_to_left,-0.845396996,1.401150703,-1.464436889,-0.215969652,0.123517059,0.127183214,0.960169315,0.082930572,-0.871676803,-1.237522125,0.804030120,0.086123154,-0.065886363,0.584617198,0.222894058,-0.903073430,-1.302830219,0.824278712,0.003462541,-0.201435730,0.529128015,0.173062012,-0.959548116,-1.143843055,0.814738929,0.068562657,-0.127888963,0.561376929
349,502959,41203,viewpoint,moving_to_left,-0.845791340,1.401274443,-1.464855790,-0.215784416,0.123748370,0.127466992,0.960143507,0.082015388,-0.867439032,-1.229980588,0.801904261,0.083436251,-0.070817575,0.587343931,0.222302988,-0.903764725,-1.301926374,0.824839592,0.002672118,-0.194904864,0.530702114,0.171159342,-0.960908413,-1.143444419,0.812949479,0.073567867,-0.087585419,0.570990145
350,503083,41327,viewpoint,moving_to_left,-0.846038580,1.401221991,-1.465309978,-0.215805471,0.123838343,0.127501369,0.960122645,0.082603395,-0.871737242,-1.235862255,0.804227948,0.081481367,-0.070215844,0.584506512,0.222553357,-0.903558552,-1.301527262,0.824240983,0.002830512,-0.201200113,0.529279888,0.168822318,-0.942074776,-1.122098804,0.800347507,0.067288280,-0.052821171,0.593402088
351,503195,41439,viewpoint,moving_to_left,-0.846121788,1.401165247,-1.465367198,-0.215905696,0.123460770,0.128200263,0.960055649,0.080506049,-0.869613528,-1.233496070,0.801472843,0.083092205,-0.069750957,0.588108718,0.223957166,-0.912773609,-1.314093232,0.828202426,-0.004631414,-0.177906319,0.531421363,0.168058097,-0.952857494,-1.135731816,0.812302172,0.069299683,-0.098916687,0.570594549
352,503305,41549,viewpoint,moving_to_left,-0.846107006,1.401253939,-1.464890361,-0.215480939,0.124167107,0.128404021,0.960032761,0.081037082,-0.867943406,-1.229416609,0.801750839,0.082662463,-0.072803520,0.587419987,0.221799567,-0.903518081,-1.300780058,0.824119627,0.003881053,-0.187069371,0.534618437,0.169601291,-0.958366811,-1.140047431,0.810398638,0.067461982,-0.094999410,0.574175954
353,503417,41661,viewpoint,moving_to_left,-0.846150160,1.401371360,-1.464202762,-0.215271398,0.124600939,0.128581524,0.959999800,0.081986383,-0.871411204,-1.233296633,0.801339507,0.088040628,-0.064944893,0.588120759,0.220245704,-0.898619950,-1.292771578,0.823058605,-0.001615087,-0.198055550,0.532302558,0.168834671,-0.945432901,-1.123209119,0.796775579,0.065617137,-0.051863771,0.598459065
354,503542,41786,viewpoint,moving_to_left,-0.846309185,1.401496649,-1.463392615,-0.215085745,0.125141039,0.128940940,0.959922910,0.082880795,-0.874558449,-1.236716509,0.805529833,0.082566448,-0.067888163,0.582834125,0.222880647,-0.906729519,-1.302049994,0.822417200,0.001775516,-0.205409095,0.530503273,0.169200778,-0.946861148,-1.124346733,0.798716486,0.066336557,-0.052319322,0.595746696
355,503653,41897,viewpoint,moving_to_left,-0.846775770,1.401546478,-1.462306142,-0.214648083,0.125425458,0.129547566,0.959902108,0.082480162,-0.874170363,-1.235884190,0.803746700,0.083477236,-0.069559112,0.584965289,0.222590432,-0.907851696,-1.303748965,0.822115242,0.003300995,-0.193170935,0.535537601,0.169786170,-0.958772182,-1.139388561,0.812243164,0.065085456,-0.097047530,0.571495175
356,503765,42009,viewpoint,moving_to_left,-0.847187042,1.401275873,-1.461269975,-0.215061948,0.125829607,0.129484534,0.959765077,0.083736651,-0.870247245,-1.234609365,0.801292658,0.081837311,-0.069289960,0.588584423,0.225402251,-0.909889698,-1.310220242,0.829529762,-0.004414781,-0.196802989,0.522617936,0.171211779,-0.958481193,-1.142337561,0.810868859,0.064395450,-0.095233954,0.573825240
357,503889,42133,viewpoint,moving_to_left,-0.847608566,1.401186943,-1.459956527,-0.215087250,0.125837371,0.130011186,0.959687173,0.083623089,-0.865819573,-1.231502175,0.800205529,0.080301754,-0.071855903,0.589965641,0.225060508,-0.905904531,-1.307203054,0.827146232,-0.008074559,-0.199175954,0.525445461,0.174546570,-0.963151455,-1.148663521,0.817852080,0.068970218,-0.125780463,0.557261527
358,504001,42245,viewpoint,moving_to_left,-0.848216772,1.401228905,-1.458519816,-0.214902908,0.125840828,0.129911631,0.959741533,0.084787659,-0.868130088,-1.234508157,0.800508499,0.080065794,-0.073155381,0.589426816,0.225853637,-0.904898405,-1.306794286,0.822789013,0.000750370,-0.187932730,0.536375880,0.172996417,-0.958869219,-1.144407034,0.812958181,0.068418570,-0.097107835,0.570077121
359,504111,42355,viewpoint,moving_to_left,-0.848713398,1.401283503,-1.457434535,-0.214461103,0.125825152,0.129654482,0.959877193,0.086084954,-0.871396959,-1.237831354,0.804868937,0.082281545,-0.068676472,0.583694518,0.227139428,-0.907060623,-1.307302594,0.821098804,0.003089727,-0.199209884,0.534885645,0.176312059,-0.959459424,-1.140406489,0.966964722,0.188463554,0.138291761,0.101666525
360,504237,42481,viewpoint,moving_to_left,-0.849357605,1.401384354,-1.456530213,-0.214412615,0.125384212,0.129405826,0.959979236,0.086259477,-0.869829059,-1.236312985,0.803784549,0.083752953,-0.066957675,0.585177362,0.226867452,-0.906217277,-1.306565881,0.821923733,0.002249114,-0.198710650,0.533807516,0.172146350,-0.943400025,-1.125253677,0.792085588,0.064456873,-0.051133972,0.604839683
361,504348,42592,viewpoint,moving_to_left,-0.850127935,1.401575089,-1.455789924,-0.214013398,0.125018865,0.129112497,0.960155487,0.086813018,-0.871685624,-1.236031055,0.802085102,0.082698777,-0.071487688,0.587119997,0.227513507,-0.907936215,-1.307488680,0.825913191,-0.002605783,-0.205897331,0.524849355,0.176270574,-0.959412336,-1.143217206,0.812383413,0.065550871,-0.127249345,0.565282166
362,504472,42716,viewpoint,moving_to_left,-0.850799322,1.401631474,-1.455229640,-0.213362917,0.124804661,0.128536925,0.960405290,0.087718219,-0.873555064,-1.236281037,0.797085822,0.084854469,-0.069820784,0.593783677,0.230432466,-0.914043188,-1.312421560,0.824289739,-0.010061576,-0.181678340,0.536132634,0.176299989,-0.962252319,-1.144493818,0.812119365,0.069218941,-0.092613153,0.571921110
363,504582,42826,viewpoint,moving_to_left,-0.851493597,1.401589394,-1.454920650,-0.213060513,0.124258615,0.128646970,0.960528493,0.087831013,-0.874873042,-1.236851454,0.798738837,0.085104994,-0.069958873,0.591505885,0.229396954,-0.913790286,-1.311559916,0.822689474,-0.011075046,-0.198174536,0.532715976,0.175798863,-0.960702538,-1.142150283,0.813140213,0.067487963,-0.097514972,0.569858968
364,504695,42939,viewpoint,moving_to_left,-0.851606607,1.401587367,-1.454517484,-0.212788403,0.124338046,0.128138542,0.960646510,0.088997535,-0.873798132,-1.234275579,0.800884426,0.081589922,-0.069158554,0.589189529,0.229187354,-0.908144116,-1.302813649,0.822132647,0.003253203,-0.195793703,0.534557879,0.178023741,-0.963795602,-1.144125700,0.808926344,0.070529506,-0.092147388,0.576344192
365,504806,43050,viewpoint,moving_to_left,-0.851609230,1.401741385,-1.454528451,-0.212471440,0.123904929,0.127365842,0.960875332,0.089863107,-0.876505256,-1.236242294,0.800992310,0.085891791,-0.069491655,0.588391662,0.231860176,-0.917753458,-1.313791633,0.825220466,0.003299018,-0.197851658,0.529013216,0.178987458,-0.965712190,-1.145008922,0.811502934,0.069753297,-0.099118777,0.571640611
366,504917,43161,viewpoint,moving_to_left,-0.851668835,1.401612878,-1.454560161,-0.212631881,0.124062285,0.127045661,0.960861921,0.090987824,-0.877546966,-1.237562656,0.799405813,0.088027470,-0.066846669,0.590536177,0.233106181,-0.916425467,-1.313384891,0.826426208,-0.003231060,-0.192784920,0.529002130,0.182723776,-0.971278429,-1.150944948,0.817632258,0.072524793,-0.122252747,0.557917416
367,505029,43273,viewpoint,moving_to_left,-0.851681232,1.401533961,-1.454452634,-0.212467074,0.124211632,0.127247438,0.960852385,0.090907507,-0.875975728,-1.235132813,0.798408449,0.089014441,-0.065264009,0.591912985,0.231755152,-0.908804655,-1.303614974,0.822727144,0.004070645,-0.187320516,0.536669850,0.179822788,-0.964482844,-1.143561363,0.810409546,0.071557038,-0.089257874,0.574585974
368,505153,43397,viewpoint,moving_to_left,-0.851571560,1.401463032,-1.454430223,-0.212871775,0.124030419,0.127101243,0.960805595,0.090696946,-0.874816775,-1.235696912,0.800486982,0.082675017,-0.074431136,0.588935852,0.233286873,-0.916626811,-1.314566016,0.823093712,-0.005324375,-0.194003150,0.533714473,0.177512184,-0.946739197,-1.124458194,0.798188746,0.067125499,-0.048320651,0.596702695
369,505266,43510,viewpoint,moving_to_left,-0.851472139,1.401507378,-1.454142451,-0.212548450,0.124688290,0.127692163,0.960713625,0.090201609,-0.874948025,-1.235095859,0.800542712,0.081437632,-0.073748529,0.589118361,0.231338307,-0.913997173,-1.310277820,0.828066945,-0.005692848,-0.207770988,0.520676315,0.179511964,-0.966896415,-1.146924376,0.811535835,0.070909649,-0.093490176,0.572399318
370,505375,43619,viewpoint,moving_to_left,-0.851221561,1.401605129,-1.454042554,-0.212255493,0.124977037,0.127843544,0.960720778,0.090293109,-0.876980186,-1.236366272,0.800025225,0.084112339,-0.071553402,0.589715958,0.232591316,-0.916761041,-1.311593175,0.820351779,-0.010511264,-0.193800777,0.537916124,0.178838596,-0.964987278,-1.143692732,0.812343240,0.067748375,-0.101641692,0.570243537
371,505502,43746,viewpoint,moving_to_left,-0.850911617,1.401591301,-1.454376101,-0.212603703,0.125113666,0.128052041,0.960598230,0.089840770,-0.873582184,-1.233463764,0.800191104,0.081756562,-0.072885387,0.589659095,0.231821463,-0.916688919,-1.312954187,0.826439857,0.000602822,-0.198890150,0.526725352,0.179381251,-0.967650414,-1.147554755,0.812529385,0.070766166,-0.095527031,0.570668697
372,505611,43855,viewpoint,moving_to_left,-0.850698709,1.401441097,-1.454539418,-0.212887630,0.125488341,0.128292948,0.960454285,0.090107605,-0.874214292,-1.235103250,0.801638842,0.079092920,-0.074658334,0.587831259,0.232765660,-0.915986538,-1.313433766,0.824905634,-0.006265450,-0.191688880,0.531739414,0.177998111,-0.961080790,-1.141622782,0.811938226,0.066255890,-0.100954898,0.571117043
373,505723,43967,viewpoint,moving_to_left,-0.850620508,1.401486874,-1.454666257,-0.212972596,0.125790775,0.128257900,0.960400581,0.090516448,-0.874090195,-1.234654069,0.800813913,0.080005258,-0.075558074,0.588716626,0.233245447,-0.916831970,-1.314717650,0.824080050,-0.005898273,-0.192318425,0.532795489,0.178299159,-0.961057186,-1.141437054,0.812473178,0.065756597,-0.099996492,0.570582271
374,505847,44091,viewpoint,moving_to_left,-0.850361824,1.401535153,-1.454721093,-0.212669447,0.125243172,0.128801882,0.960466504,0.087855197,-0.872613311,-1.231880903,0.798214436,0.082573637,-0.070103668,0.592554450,0.228879169,-0.908911526,-1.303362489,0.822562099,0.002868222,-0.187127575,0.536997795,0.176810607,-0.965162992,-1.144138813,0.812306464,0.070282713,-0.089564443,0.572011113
375,505959,44203,viewpoint,moving_to_left,-0.850358486,1.401651263,-1.454695106,-0.212067127,0.126121074,0.129035637,0.960453451,0.088798776,-0.874965191,-1.232067943,0.800384223,0.079798408,-0.069522031,0.590071261,0.231550738,-0.921024978,-1.315165043,0.827644467,-0.002941606,-0.204604626,0.522621155,0.177705884,-0.961726546,-1.137329459,0.814475954,0.067700356,-0.127806902,0.561881661
376,506068,44312,viewpoint,moving_to_left,-0.850246429,1.401766181,-1.455027938,-0.212093279,0.126416773,0.129012987,0.960411847,0.089172743,-0.874927700,-1.231253862,0.799858868,0.078857519,-0.069349326,0.590929687,0.229452834,-0.912153363,-1.302152276,0.824144244,-0.002559926,-0.201950788,0.529146135,0.179802209,-0.970383584,-1.145874023,0.813695490,0.071628951,-0.119337216,0.564382553
377,506181,44425,viewpoint,moving_to_left,-0.850043535,1.401734114,-1.455402255,-0.212216541,0.126605853,0.129148260,0.960341513,0.089559816,-0.876294672,-1.232686043,0.802059174,0.080267578,-0.071592249,0.587480009,0.231113955,-0.924288511,-1.316000938,0.929347396,0.200994059,0.303403199,0.062139783,0.180115610,-0.971184015,-1.146700382,0.813828588,0.071898356,-0.116858445,0.564674914
378,506291,44535,viewpoint,moving_to_left,-0.849865437,1.401914120,-1.455525756,-0.211754382,0.126601100,0.129196182,0.960437715,0.088681631,-0.879411101,-1.234632492,0.804718852,0.077788629,-0.073061951,0.583984971,0.229298517,-0.914224386,-1.302196145,0.821490824,0.001011295,-0.199157670,0.534310699,0.176029310,-0.965407670,-1.138876319,0.812892199,0.067114040,-0.092771493,0.571047664
379,506404,44648,viewpoint,moving_to_left,-0.849515915,1.402162790,-1.455599189,-0.211218327,0.126515999,0.128827363,0.960616469,0.088889033,-0.878752291,-1.231139660,0.802985013,0.080731951,-0.069890894,0.586355388,0.228427246,-0.911599755,-1.296220541,0.822199702,-0.003901154,-0.204262018,0.531271696,0.178870812,-0.971154094,-1.142600179,0.812262654,0.067235790,-0.125973776,0.565543473
380,506529,44773,viewpoint,moving_to_left,-0.849243402,1.402432561,-1.455546737,-0.210863948,0.125965670,0.128963917,0.960748374,0.087284312,-0.880982935,-1.232714057,0.799383521,0.085174337,-0.068125002,0.590838671,0.228372470,-0.914039969,-1.298278809,0.816642344,-0.005721981,-0.175770178,0.549697638,0.175332561,-0.968253136,-1.139196992,0.812234402,0.067784220,-0.095815048,0.571401894
381,506639,44883,viewpoint,moving_to_left,-0.849171638,1.402630329,-1.455005765,-0.210537806,0.126740053,0.128910527,0.960725188,0.088470362,-0.880315423,-1.229966521,0.797998428,0.079837993,-0.069361836,0.593307078,0.228967592,-0.916633725,-1.298866630,0.822414577,-0.002949945,-0.200852707,0.532244086,0.179690972,-0.978733778,-1.147768855,0.814682484,0.068019733,-0.127099782,0.561704099
382,506749,44993,viewpoint,moving_to_left,-0.849061251,1.402918339,-1.454460740,-0.209722131,0.126953915,0.128752559,0.960896552,0.088869654,-0.883255243,-1.230515599,0.800273061,0.080297641,-0.070056118,0.590091050,0.230864361,-0.924708724,-1.306310654,0.822388113,-0.000355282,-0.201210186,0.532158017,0.180226073,-0.980239272,-1.146474600,0.814525127,0.072035134,-0.118985057,0.563207209
383,506861,45105,viewpoint,moving_to_left,-0.848926067,1.403030157,-1.454157710,-0.209564641,0.127477899,0.128467947,0.960899591,0.090578437,-0.884568095,-1.230595589,0.798814058,0.078786656,-0.073313691,0.591873169,0.231560662,-0.920039535,-1.299663305,0.820693970,0.000840320,-0.184888899,0.540626347,0.177416325,-0.959939003,-1.122304916,0.791193008,0.062423889,-0.050109897,0.606305122
384,506972,45216,viewpoint,moving_to_left,-0.848891497,1.403016925,-1.454247594,-0.209625468,0.127294675,0.127859771,0.960991740,0.091020718,-0.885162473,-1.231625915,0.799194634,0.080563791,-0.070248708,0.591491818,0.232115284,-0.919804037,-1.298859000,0.821671724,-0.003223971,-0.201622784,0.533098042,0.182223246,-0.979192853,-1.145048857,0.814264834,0.068932272,-0.122860238,0.563139737
385,507098,45342,viewpoint,moving_to_left,-0.848888397,1.403239489,-1.453473210,-0.208935603,0.126911685,0.127176479,0.961283267,0.090900123,-0.884730577,-1.229285598,0.798287749,0.083390772,-0.069904186,0.592364728,0.231923923,-0.920292437,-1.296826720,0.814177036,-0.006929891,-0.178637683,0.552409589,0.178952739,-0.972673416,-1.136866450,0.810074627,0.067443237,-0.092041388,0.575116456
386,507208,45452,viewpoint,moving_to_left,-0.848821640,1.403666258,-1.452429175,-0.207355201,0.126787663,0.127371848,0.961615920,0.090024911,-0.888275206,-1.226579666,0.795316577,0.080711938,-0.071459547,0.596532166,0.230838135,-0.923498392,-1.294836044,0.818794429,0.001342915,-0.188034043,0.542417884,0.176690593,-0.964809954,-1.118133307,0.976314425,0.168685451,0.110551290,0.078318089
387,507320,45564,viewpoint,moving_to_left,-0.848773956,1.404083848,-1.451630950,-0.205967233,0.126851723,0.127139479,0.961936414,0.090230964,-0.894156516,-1.228251815,0.797958374,0.081939109,-0.073216423,0.592611015,0.230082437,-0.925033629,-1.290692329,0.818336904,-0.002603590,-0.190652579,0.542189598,0.177663982,-0.976959825,-1.130281925,0.805978954,0.066108309,-0.093696468,0.580731094
388,507432,45676,viewpoint,moving_to_left,-0.848500729,1.404496193,-1.450986981,-0.204875171,0.126688927,0.126540065,0.962270081,0.090546183,-0.895250559,-1.224743962,0.792665482,0.086189374,-0.064940512,0.600029647,0.231224939,-0.930550098,-1.291673422,0.812357187,-0.010572380,-0.180247381,0.554504216,0.179974690,-0.980710149,-1.130086660,0.808191001,0.066037558,-0.128204212,0.570990384
389,507542,45786,viewpoint,moving_to_left,-0.848256111,1.404703140,-1.450794339,-0.204388469,0.126431882,0.126162454,0.962456942,0.090179399,-0.897099376,-1.225078702,0.791873515,0.081913561,-0.070915408,0.600997031,0.230672196,-0.932242274,-1.292128682,0.819035232,-0.003368615,-0.193132564,0.540249765,0.178757131,-0.982773781,-1.130530357,0.803259850,0.072179005,-0.089677133,0.584398687
390,507653,45897,viewpoint,moving_to_left,-0.847936392,1.404915571,-1.450574040,-0.204041913,0.125879213,0.125960335,0.962629378,0.089346863,-0.898800731,-1.226089239,0.796650350,0.082526386,-0.070657961,0.594596565,0.231262311,-0.942444801,-1.304191351,0.820391357,-0.001519988,-0.199029088,0.536044061,0.177300930,-0.981640697,-1.128451586,0.805316567,0.067100704,-0.096640423,0.581053674
391,507765,46009,viewpoint,moving_to_left,-0.847698450,1.405121088,-1.450477242,-0.203759134,0.125518382,0.125622109,0.962780595,0.088467687,-0.897439480,-1.223181844,0.793650448,0.085624143,-0.064757518,0.598827064,0.228934720,-0.935228705,-1.294526100,0.817816198,-0.001747677,-0.203549549,0.538276076,0.177040845,-0.983567715,-1.130047679,0.805690467,0.066489704,-0.101227492,0.579823196
392,507875,46119,viewpoint,moving_to_left,-0.847608805,1.405401587,-1.450377107,-0.202883601,0.125067875,0.125898823,0.962987959,0.087224409,-0.901901126,-1.225136876,0.795742333,0.083323911,-0.076047778,0.595036209,0.227091536,-0.934237361,-1.289321899,0.817075133,-0.001379651,-0.193219289,0.543187618,0.177615434,-0.987742066,-1.130977511,0.806938231,0.068695068,-0.123836063,0.573407590
393,508002,46246,viewpoint,moving_to_left,-0.847481251,1.405581236,-1.450019956,-0.202461332,0.125500962,0.125925675,0.963016987,0.087412775,-0.901958764,-1.222942829,0.792646646,0.083032884,-0.070171587,0.599910736,0.228270188,-0.938561440,-1.292390108,0.816636443,-0.001029336,-0.201228976,0.540935099,0.176153123,-0.987454712,-1.128760576,0.802133918,0.072609030,-0.089962110,0.585846364
394,508111,46355,viewpoint,moving_to_left,-0.847397566,1.405557275,-1.450129628,-0.202562094,0.125747249,0.125989541,0.962955296,0.087921873,-0.898655057,-1.219315171,0.790677071,0.084166706,-0.068008177,0.602594852,0.231462315,-0.947600484,-1.303323746,0.814690650,-0.005118087,-0.186043382,0.549218357,0.177767649,-0.992100358,-1.134028554,0.804957867,0.072522298,-0.091650575,0.581707418
395,508221,46465,viewpoint,moving_to_left,-0.847426414,1.405354857,-1.450005889,-0.202748001,0.126000509,0.125996321,0.962882161,0.088486984,-0.899762869,-1.221961379,0.797392070,0.079023771,-0.072984494,0.593796551,0.230681881,-0.949895680,-1.306432724,0.931307435,0.207792535,0.292885333,0.060884364,0.176850066,-0.986402452,-1.129190683,0.806673646,0.066176958,-0.101754092,0.578397989
396,508347,46591,viewpoint,moving_to_left,-0.847292900,1.405290008,-1.450056672,-0.202678159,0.125998065,0.126242578,0.962864935,0.087844357,-0.900498807,-1.222393036,0.792581975,0.085568748,-0.067704238,0.599923313,0.228720084,-0.938681364,-1.293939829,0.818613768,-0.004570495,-0.204382956,0.536729276,0.173805133,-0.968921721,-1.105626106,0.978712082,0.165419474,0.102045447,0.065922581
397,508459,46703,viewpoint,moving_to_left,-0.847000360,1.405136704,-1.450035214,-0.203039005,0.125567883,0.126303151,0.962837160,0.086873606,-0.898040235,-1.221837401,0.790274262,0.080285512,-0.072407611,0.603140116,0.227760807,-0.936465085,-1.292894125,0.819218695,-0.003165892,-0.196562916,0.538733482,0.177638814,-0.988136411,-1.132026792,0.808866560,0.069605209,-0.125209585,0.570273995
398,508570,46814,viewpoint,moving_to_left,-0.846779823,1.405215979,-1.449765325,-0.202535197,0.126053438,0.126414746,0.962865174,0.087559782,-0.902963042,-1.225523233,0.794535816,0.083475932,-0.072502688,0.597066045,0.227697209,-0.935150504,-1.289212942,0.817161143,-0.003486091,-0.203061253,0.539445639,0.175062686,-0.975697219,-1.115540385,0.789392829,0.074313223,-0.045533065,0.607670367
399,508681,46925,viewpoint,moving_to_left,-0.846713066,1.405225635,-1.449709058,-0.202499509,0.126700401,0.126390800,0.962790906,0.088592075,-0.901152372,-1.222468853,0.794243097,0.080409437,-0.069168180,0.598270893,0.230700627,-0.946457148,-1.301843762,0.819981456,-0.003910143,-0.204886079,0.534449995,0.178036183,-0.992451131,-1.133932829,0.808366835,0.068821914,-0.094265029,0.576992810
400,508793,47037,viewpoint,moving_to_left,-0.846729755,1.405097485,-1.449996591,-0.202815726,0.126768246,0.126546562,0.962694943,0.088397816,-0.899425864,-1.221919894,0.797883391,0.078405105,-0.073331684,0.593175530,0.230794474,-0.950055957,-1.306635618,0.931485713,0.206604481,0.293017477,0.061560981,0.176380396,-0.980651736,-1.120453119,0.972694874,0.172978342,0.106175855,0.112560719
401,508903,47147,viewpoint,moving_to_left,-0.846632004,1.405003905,-1.450114131,-0.202889532,0.126914382,0.126961812,0.962605476,0.087088190,-0.896935463,-1.219713211,0.790281415,0.080848612,-0.070993751,0.603223562,0.228139713,-0.935949564,-1.291216254,0.818046093,-0.004926930,-0.204187244,0.537665248,0.174468666,-0.980650783,-1.123639941,0.801518381,0.067677259,-0.091147564,0.587094665
402,509029,47273,viewpoint,moving_to_left,-0.846276760,1.404928565,-1.450278878,-0.202663779,0.127220139,0.127313077,0.962566257,0.087576374,-0.901575685,-1.223805070,0.793971598,0.083425671,-0.068954036,0.598242998,0.229194120,-0.938661456,-1.292366505,0.812389195,-0.008737096,-0.191078112,0.550850868,0.174159989,-0.980350554,-1.122127414,0.802719712,0.066019535,-0.094188042,0.585159063
403,509139,47383,viewpoint,moving_to_left,-0.845804930,1.404916883,-1.450284839,-0.202998370,0.126870692,0.127192676,0.962557793,0.086529523,-0.899690270,-1.223475456,0.794060230,0.080660783,-0.070132747,0.598367512,0.227787957,-0.936922312,-1.293712854,0.816821575,0.000671247,-0.186531395,0.545901060,0.174910769,-0.986765504,-1.130333185,0.807821989,0.066699870,-0.096061200,0.577708542
404,509249,47493,viewpoint,moving_to_left,-0.845561981,1.404867649,-1.449874759,-0.202876642,0.127223939,0.127422765,0.962506413,0.086532302,-0.902050674,-1.225801229,0.797281444,0.081730209,-0.069417208,0.594006419,0.228766486,-0.941688061,-1.299615264,0.817615986,0.000139324,-0.184325621,0.545461476,0.173356503,-0.976430833,-1.117762089,0.792396188,0.061798975,-0.065045364,0.603372455
405,509361,47605,viewpoint,moving_to_left,-0.845606089,1.405133724,-1.449784875,-0.202483222,0.127548039,0.127806723,0.962495446,0.085750476,-0.901047528,-1.223137379,0.797437966,0.077448085,-0.074177615,0.593794763,0.222586438,-0.923502266,-1.273177624,0.812986612,-0.005042518,-0.174504071,0.555495858,0.174262702,-0.990185261,-1.131576896,0.806439579,0.067648888,-0.094924077,0.579713941
406,509472,47716,viewpoint,moving_to_left,-0.845710516,1.405111670,-1.449958205,-0.202704310,0.127451152,0.128204152,0.962408900,0.084472634,-0.900627255,-1.223308444,0.796164453,0.080885738,-0.072752252,0.595219970,0.226130500,-0.938975453,-1.292661309,0.812278092,-0.009109005,-0.191945344,0.550707102,0.171830431,-0.983573318,-1.125605106,0.806099713,0.064972386,-0.097175136,0.580119789
407,509583,47827,viewpoint,moving_to_left,-0.845734596,1.405259609,-1.449919820,-0.202445820,0.126966283,0.128718883,0.962458730,0.082750544,-0.901699424,-1.224517703,0.798073530,0.077092692,-0.076164775,0.592734575,0.225704148,-0.948648572,-1.304476976,0.814716876,-0.005284673,-0.188264132,0.548420668,0.170449361,-0.987977922,-1.129258990,0.803923547,0.070955403,-0.091134779,0.583409548
408,509695,47939,viewpoint,moving_to_left,-0.845693111,1.405317545,-1.449923635,-0.202544451,0.127008155,0.129032388,0.962390423,0.082348533,-0.903321087,-1.226799965,0.798164546,0.079259358,-0.074625760,0.592521966,0.223706737,-0.943703353,-1.299047947,0.817943215,-0.001939100,-0.203450248,0.538120031,0.168437958,-0.979798079,-1.121291399,0.803581238,0.063178673,-0.099133052,0.583470821
409,509806,48050,viewpoint,moving_to_left,-0.845802784,1.405124426,-1.450016379,-0.203045934,0.127471492,0.128895849,0.962241769,0.083735973,-0.900509238,-1.225262523,0.794382155,0.080696352,-0.070849635,0.597850680,0.225270197,-0.939039111,-1.297250986,0.817112803,0.001590259,-0.184591249,0.546122968,0.172156140,-0.989491761,-1.134123564,0.805710912,0.067045733,-0.095016561,0.580781102
410,509931,48175,viewpoint,moving_to_left,-0.845789194,1.404948235,-1.449926019,-0.203189433,0.128062472,0.128970236,0.962123036,0.084863737,-0.897301674,-1.221686244,0.793800831,0.080658481,-0.071320273,0.598571539,0.225819394,-0.939749062,-1.297249079,0.819157124,-0.003906603,-0.197452053,0.538497031,0.171845078,-0.975501299,-1.117455006,0.787900984,0.064259030,-0.051565450,0.610265493
411,510042,48286,viewpoint,moving_to_left,-0.845716953,1.404894710,-1.449933887,-0.203250468,0.128182590,0.128635034,0.962139010,0.085897036,-0.897902250,-1.223408341,0.798519015,0.075704128,-0.075169683,0.592440605,0.224155411,-0.924828887,-1.279805064,0.814463973,-0.007766128,-0.173711941,0.553545237,0.174906015,-0.991245508,-1.136556745,0.807117581,0.069307119,-0.091998100,0.579045832
412,510152,48396,viewpoint,moving_to_left,-0.845532894,1.404579401,-1.450272202,-0.203739777,0.127834320,0.128225505,0.962136567,0.086408623,-0.897813916,-1.225010753,0.796357572,0.081690475,-0.069861375,0.595198035,0.226999983,-0.932878256,-1.291735888,0.816636205,-0.003952116,-0.191141769,0.544568241,0.173409000,-0.981750667,-1.128559351,0.802031815,0.061842188,-0.099431373,0.585691035
413,510263,48507,viewpoint,moving_to_left,-0.845381737,1.404704094,-1.450205922,-0.203678444,0.127788752,0.127879933,0.962201595,0.086534373,-0.896293163,-1.222614765,0.793456435,0.081181042,-0.068680540,0.599265873,0.227012709,-0.932211161,-1.290365696,0.817057908,-0.004334166,-0.191631883,0.543759823,0.174431205,-0.983225703,-1.129239678,0.805793762,0.062267527,-0.098786905,0.580568969
414,510375,48619,viewpoint,moving_to_left,-0.845580578,1.404728413,-1.450332761,-0.203497767,0.127826571,0.127684548,0.962260723,0.087442465,-0.898739934,-1.223283768,0.793668389,0.081765108,-0.068490833,0.598927438,0.227658674,-0.935716152,-1.292449832,0.819064260,-0.005216681,-0.197097719,0.538756907,0.175482571,-0.986085057,-1.130732536,0.803679705,0.069472931,-0.087159678,0.584530354
415,510500,48744,viewpoint,moving_to_left,-0.845777512,1.404810190,-1.450946689,-0.203594819,0.128078744,0.127187282,0.962272525,0.088600367,-0.897107959,-1.222215295,0.796470344,0.076745801,-0.074227437,0.595176756,0.231381521,-0.941351473,-1.300179243,0.818288326,-0.011917377,-0.194951013,0.540607333,0.176773801,-0.987595081,-1.132116199,0.804627657,0.071382172,-0.087397881,0.582958460
416,510610,48854,viewpoint,moving_to_left,-0.845666647,1.404871464,-1.451145768,-0.203812465,0.127920344,0.127168104,0.962250054,0.088743217,-0.897784948,-1.223325968,0.798181772,0.076918729,-0.073089615,0.592998505,0.233353838,-0.946985960,-1.306968212,0.818996787,-0.003949593,-0.168819889,0.548387170,0.177863419,-0.990504324,-1.135818362,0.806114495,0.067703523,-0.094231486,0.580272555
417,510721,48965,viewpoint,moving_to_left,-0.845529318,1.404921651,-1.451365590,-0.203697190,0.128081962,0.126832590,0.962297261,0.089577511,-0.899598658,-1.224154949,0.795070231,0.079480298,-0.069774985,0.597225010,0.227247760,-0.922608435,-1.276252627,0.816316903,-0.009743838,-0.175693735,0.550148606,0.177790686,-0.986763477,-1.130944371,0.808084071,0.068498969,-0.092063844,0.577782214
418,510846,49090,viewpoint,moving_to_left,-0.845256329,1.404957056,-1.451619506,-0.204151720,0.127862379,0.126224920,0.962310016,0.090344399,-0.899712324,-1.226358533,0.797481656,0.079903141,-0.074970752,0.593310952,0.230720863,-0.931389391,-1.288760543,0.818500817,-0.004527466,-0.205524892,0.536465585,0.176517546,-0.975819826,-1.121200562,0.800548017,0.063068852,-0.095072746,0.588308036
419,510958,49202,viewpoint,moving_to_left,-0.844975710,1.404750466,-1.451797366,-0.204421565,0.127511144,0.125849023,0.962348580,0.089912593,-0.896238327,-1.223594904,0.792468190,0.079761043,-0.070680000,0.600530326,0.231048658,-0.933480382,-1.293381095,0.819754541,-0.003056316,-0.191618845,0.539699316,0.177390501,-0.978692055,-1.125571728,0.802641451,0.069603853,-0.087581038,0.585876822
420,511070,49314,viewpoint,moving_to_left,-0.844766617,1.404875517,-1.451977849,-0.204366505,0.127305731,0.125596702,0.962420404,0.089444049,-0.897401333,-1.224361897,0.796446800,0.081436157,-0.069102541,0.595202088,0.229918107,-0.931037962,-1.290135622,0.818246126,-0.002864467,-0.189043298,0.542888224,0.176861033,-0.977922499,-1.124480605,0.802570701,0.068534650,-0.090159900,0.585708618
421,511195,49439,viewpoint,moving_to_left,-0.844795465,1.404760122,-1.452489972,-0.204629317,0.127260014,0.125319704,0.962406754,0.089775510,-0.897354484,-1.224768877,0.795799732,0.081240058,-0.070603020,0.595917821,0.230333313,-0.931444228,-1.290907741,0.819189727,-0.003573665,-0.192924201,0.540088534,0.177601323,-0.979841828,-1.126898170,0.804378569,0.069941618,-0.088187940,0.583357692
422,511305,49549,viewpoint,moving_to_left,-0.844401121,1.404744029,-1.453055739,-0.205173180,0.127302960,0.125681520,0.962238073,0.089676239,-0.895858169,-1.225094557,0.797006905,0.080749050,-0.072384976,0.594154894,0.229424343,-0.925934792,-1.286380410,0.818127394,-0.004919448,-0.193911627,0.541333258,0.176703930,-0.975045145,-1.123969555,0.802303314,0.065008439,-0.095424265,0.585642874
423,511417,49661,viewpoint,moving_to_left,-0.844384909,1.404718041,-1.453327537,-0.205184087,0.127986118,0.125772357,0.962133229,0.090217903,-0.892364502,-1.219581962,0.793041766,0.083332025,-0.067970239,0.599600375,0.231217667,-0.931985557,-1.292975545,0.819837749,-0.000942158,-0.198693678,0.537015915,0.178624347,-0.982196629,-1.130052447,0.805218101,0.071140282,-0.089284338,0.581885934
424,511527,49771,viewpoint,moving_to_left,-0.844448805,1.404587388,-1.454072595,-0.205541655,0.128204867,0.125791818,0.962025225,0.090906337,-0.892236769,-1.220420480,0.798029423,0.078964606,-0.071737267,0.593099952,0.235780641,-0.944837511,-1.308862567,0.816904604,-0.004049841,-0.183181748,0.546895862,0.178669542,-0.972721815,-1.119610548,0.791995645,0.069606878,-0.049735710,0.604503155
425,511639,49883,viewpoint,moving_to_left,-0.844426394,1.404410601,-1.454383254,-0.206022128,0.128551438,0.125820249,0.961872458,0.091899067,-0.892847300,-1.222929001,0.796617866,0.081871778,-0.066682912,0.595189333,0.233049348,-0.928517759,-1.290919900,0.819911182,-0.002288676,-0.188197091,0.540668428,0.179671377,-0.979813159,-1.129389882,0.808148563,0.064578608,-0.095472723,0.577590287
426,511765,50009,viewpoint,moving_to_left,-0.844636440,1.404402733,-1.454856515,-0.205723748,0.128672987,0.125985414,0.961898506,0.091900475,-0.895549893,-1.223480105,0.801022708,0.082291193,-0.070012890,0.588802993,0.235129341,-0.935726404,-1.297011971,0.817145228,-0.001205375,-0.166037887,0.551999807,0.180156007,-0.984174371,-1.131371856,0.808775961,0.067717731,-0.093087792,0.576741278
427,511875,50119,viewpoint,moving_to_left,-0.844824076,1.404365182,-1.455377698,-0.205763161,0.129156947,0.125790685,0.961850643,0.092886090,-0.894328475,-1.221648097,0.792955279,0.079567030,-0.066408090,0.600400746,0.233757362,-0.930654883,-1.289636016,0.819938123,-0.004163772,-0.200244009,0.536270797,0.180164963,-0.978509307,-1.125030756,0.805011928,0.068392910,-0.086504519,0.582919538
428,511986,50230,viewpoint,moving_to_left,-0.845203400,1.404139161,-1.456164241,-0.206313789,0.129156634,0.126239553,0.961673975,0.092526346,-0.891467094,-1.219314575,0.797378778,0.076944835,-0.069110617,0.594550550,0.234512910,-0.935317397,-1.297940731,0.824793696,-0.009405357,-0.199208736,0.529096305,0.179129958,-0.966132641,-1.111895323,0.793070495,0.071487807,-0.041936755,0.603465021
429,512098,50342,viewpoint,moving_to_left,-0.845982313,1.403989792,-1.456914306,-0.206611291,0.129974961,0.126415640,0.961476684,0.094283193,-0.891931295,-1.220056534,0.799961507,0.075534023,-0.071245186,0.590999365,0.233121857,-0.919520676,-1.277487516,0.817813575,-0.008440780,-0.170403019,0.549611390,0.184716269,-0.988666058,-1.135867596,0.815137863,0.068037026,-0.118669085,0.562884390
430,512221,50465,viewpoint,moving_to_left,-0.846769094,1.403862238,-1.457616448,-0.206823125,0.130214706,0.126683146,0.961363494,0.094743147,-0.892380595,-1.220459819,0.799946368,0.074997090,-0.071711384,0.591031969,0.232912943,-0.917502165,-1.274761200,0.817845285,-0.009284999,-0.173191383,0.548678100,0.183266476,-0.984334469,-1.131694317,0.810745120,0.066836976,-0.092833869,0.574114144
431,512335,50579,viewpoint,moving_to_left,-0.847367048,1.403600812,-1.457948089,-0.206911564,0.130298004,0.126977548,0.961294293,0.095078290,-0.893425941,-1.221885324,0.800035954,0.075431041,-0.072757266,0.590727568,0.235276446,-0.925567210,-1.284414768,0.821855605,-0.008914233,-0.193588287,0.535721540,0.183022007,-0.982969165,-1.130128503,0.810498953,0.066105545,-0.092792124,0.574553072
432,512459,50703,viewpoint,moving_to_left,-0.847990990,1.403489709,-1.458410621,-0.206937060,0.130200088,0.127229914,0.961268723,0.094449237,-0.892446995,-1.220538497,0.799753904,0.076045737,-0.070972070,0.591247618,0.231723085,-0.913968325,-1.268846512,0.818643212,-0.012290308,-0.179436415,0.545412481,0.182347015,-0.982333243,-1.129106402,0.808701336,0.065533683,-0.091524877,0.577348113
433,512570,50814,viewpoint,moving_to_left,-0.848228931,1.403314590,-1.458901525,-0.207390994,0.130556270,0.127002954,0.961152613,0.096199781,-0.892941117,-1.222326279,0.799186766,0.079634234,-0.069600150,0.591704965,0.239768431,-0.938933492,-1.302276611,0.824135005,-0.000427054,-0.198668838,0.530407548,0.183442667,-0.979564846,-1.127180696,0.806033611,0.069773696,-0.083725020,0.581748724
434,512679,50923,viewpoint,moving_to_left,-0.848680019,1.403062582,-1.459324956,-0.208033249,0.130263433,0.127358690,0.961006463,0.095841467,-0.890940666,-1.221971393,0.796827018,0.079583250,-0.064871274,0.595419943,0.238716707,-0.932655513,-1.296290636,0.820222914,-0.005523656,-0.177884430,0.543655157,0.182865575,-0.976207852,-1.126048684,0.806920469,0.066480860,-0.088159703,0.580247819
435,512793,51037,viewpoint,moving_to_left,-0.849278450,1.402894735,-1.459014535,-0.208383560,0.130455315,0.127337903,0.960907280,0.097029105,-0.888285041,-1.219855189,0.799436510,0.076568067,-0.070129253,0.591709733,0.232677713,-0.906026959,-1.263036847,0.816369116,-0.008223990,-0.174734578,0.550401449,0.184014499,-0.975846827,-1.126243114,0.804089725,0.066772453,-0.085455611,0.584532857
436,512917,51161,viewpoint,moving_to_left,-0.850129843,1.402917624,-1.458675981,-0.208297670,0.130839095,0.127426684,0.960861921,0.098375455,-0.890758574,-1.222552299,0.798144698,0.077599630,-0.068233132,0.593538225,0.239500925,-0.926756263,-1.289345741,0.822020233,-0.004919724,-0.191559613,0.536249340,0.185737818,-0.976739049,-1.126635194,0.807437658,0.066854045,-0.086739071,0.579699278
437,513027,51271,viewpoint,moving_to_left,-0.850715160,1.402959704,-1.457982659,-0.208215654,0.130480424,0.127671942,0.960895956,0.098101109,-0.891258597,-1.223426700,0.800502717,0.076429650,-0.070147812,0.590282440,0.235529765,-0.912836492,-1.272107124,0.820279062,-0.011991924,-0.177632868,0.543548524,0.186196208,-0.981776237,-1.132437468,0.811153173,0.065449722,-0.089775473,0.574184000
438,513152,51396,viewpoint,moving_to_left,-0.851074696,1.403164983,-1.457189679,-0.207924411,0.130522639,0.127490565,0.960977316,0.098917559,-0.892713428,-1.224217892,0.794827700,0.078679800,-0.066703655,0.598004282,0.240289435,-0.929580092,-1.292737365,0.821986616,-0.004092116,-0.190022573,0.536854446,0.185816690,-0.976157367,-1.125891805,0.806373715,0.066906117,-0.086416438,0.581220567
439,513263,51507,viewpoint,moving_to_left,-0.851073980,1.403502703,-1.456600070,-0.207538992,0.130141839,0.126620933,0.961227238,0.099174768,-0.889405847,-1.219677806,0.792104542,0.081667654,-0.065395541,0.601352036,0.241843447,-0.933916628,-1.297979236,0.823282361,-0.006135999,-0.203028262,0.530045271,0.188512832,-0.979848027,-1.129253268,0.811053991,0.064737640,-0.122286260,0.568371832
440,513375,51619,viewpoint,moving_to_left,-0.850556850,1.403652430,-1.456023812,-0.207693309,0.129544064,0.126162142,0.961335003,0.099385321,-0.888430417,-1.219119787,0.794483364,0.082248345,-0.063707747,0.598308265,0.242609039,-0.934455872,-1.300830007,0.822710276,-0.002258531,-0.195587531,0.533749282,0.188280687,-0.982673466,-1.134205341,0.807303309,0.070009500,-0.089072578,0.579159796
441,513486,51730,viewpoint,moving_to_left,-0.850159883,1.403743386,-1.455543160,-0.207953677,0.128951609,0.125754476,0.961411774,0.099153921,-0.890010834,-1.223979115,0.795940459,0.080447853,-0.069281861,0.595992446,0.242563412,-0.934468389,-1.303620338,0.825408638,-0.007438313,-0.202283561,0.526997685,0.188931331,-0.979445100,-1.132681847,0.812821388,0.066969149,-0.121990785,0.565645576
442,513598,51842,viewpoint,moving_to_left,-0.849677086,1.403850436,-1.455342174,-0.207768396,0.128829420,0.125222102,0.961537659,0.099194854,-0.889178038,-1.222768426,0.795405149,0.081595615,-0.068097316,0.596687198,0.240854576,-0.927174449,-1.294037223,0.821079195,-0.003630849,-0.199846849,0.534674764,0.188756332,-0.975232303,-1.124537110,0.965799689,0.191494301,0.137369648,0.108122498
443,513721,51965,viewpoint,moving_to_left,-0.849548578,1.403869510,-1.455394864,-0.207707092,0.128864080,0.125136837,0.961557388,0.099260166,-0.889589071,-1.223351002,0.795016348,0.081141420,-0.068021491,0.597275674,0.242750600,-0.934975624,-1.304113150,0.825549841,-0.007172174,-0.202955946,0.526521564,0.185398042,-0.962973237,-1.113852262,0.789298534,0.064053386,-0.052755456,0.608376443
444,513835,52079,viewpoint,moving_to_left,-0.849195480,1.403886199,-1.455710053,-0.207709625,0.129342720,0.124944843,0.961517513,0.099994227,-0.890605211,-1.223520160,0.799826026,0.079489194,-0.068209678,0.591022253,0.242562369,-0.938739419,-1.306811571,0.933691919,0.200237438,0.292949557,0.048009835,0.188844591,-0.983250260,-1.135397673,0.807493150,0.071395680,-0.086641252,0.579094768
445,513945,52189,viewpoint,moving_to_left,-0.848824978,1.403717756,-1.456778407,-0.208287880,0.129289165,0.124637224,0.961439550,0.100831002,-0.890724301,-1.224858046,0.799353302,0.081211954,-0.067305282,0.591531038,0.242806539,-0.925945818,-1.292985082,0.816226304,-0.002217449,-0.183301419,0.547878027,0.188604221,-0.977394938,-1.130934834,0.810604095,0.068208486,-0.089163795,0.574733436
446,514070,52314,viewpoint,moving_to_left,-0.848409653,1.403526545,-1.457664609,-0.208693430,0.128973812,0.124639653,0.961393654,0.099180475,-0.885642052,-1.219931245,0.796159089,0.084054515,-0.063281551,0.595870018,0.241771832,-0.926825345,-1.295273066,0.818301737,-0.009963862,-0.187615812,0.543215752,0.187803805,-0.976817608,-1.131540179,0.808044493,0.070514508,-0.087911375,0.578241706
447,514180,52424,viewpoint,moving_to_left,-0.848064899,1.403559208,-1.458141923,-0.208562493,0.129226863,0.124673031,0.961383760,0.099057108,-0.886828542,-1.220502257,0.793228686,0.081568614,-0.067112997,0.599692166,0.241420701,-0.928764462,-1.296709895,0.821924806,-0.002964500,-0.200114816,0.533277571,0.186662778,-0.974156022,-1.127799988,0.804784834,0.067074396,-0.091105551,0.582685351
448,514291,52535,viewpoint,moving_to_left,-0.847710371,1.403502226,-1.458680034,-0.208594993,0.129209489,0.124976568,0.961339653,0.098451465,-0.890633106,-1.224841833,0.799705327,0.080962650,-0.067395933,0.591078937,0.239576891,-0.924464524,-1.291121840,0.821396112,-0.003719181,-0.187780887,0.538547158,0.185782686,-0.974059820,-1.127573729,0.807389259,0.069652207,-0.085555740,0.579613149
449,514404,52648,viewpoint,moving_to_left,-0.847421885,1.403343797,-1.459047914,-0.208950445,0.129707560,0.124895640,0.961205900,0.098968074,-0.887545466,-1.221292973,0.794755340,0.080300160,-0.066667289,0.597889125,0.242316201,-0.929908037,-1.297406077,0.820552945,-0.005851622,-0.184314176,0.541005433,0.187761694,-0.978051186,-1.129807949,0.953750670,0.216270879,0.172410086,0.117734119
450,514527,52771,viewpoint,moving_to_left,-0.847163916,1.403355956,-1.459373355,-0.208723843,0.130285174,0.125208765,0.961136281,0.099181250,-0.885302067,-1.217693329,0.793938220,0.082483061,-0.063643016,0.599006116,0.241972044,-0.929830790,-1.297038436,0.822885394,-0.004453233,-0.199970320,0.531837940,0.186579585,-0.974514008,-1.126735687,0.806318700,0.065150455,-0.093388870,0.580417216
451,514640,52884,viewpoint,moving_to_left,-0.847184658,1.403355479,-1.459543109,-0.208898857,0.130363077,0.125308916,0.961074650,0.098957434,-0.885965288,-1.218784451,0.793562591,0.082103655,-0.065760441,0.599327147,0.241380796,-0.928365469,-1.294957161,0.823330224,-0.005438459,-0.202710941,0.530100167,0.188211843,-0.973388076,-1.122196198,0.965032697,0.191926062,0.141467944,0.108918123
452,514750,52994,viewpoint,moving_to_left,-0.847297668,1.403371334,-1.459481120,-0.208728284,0.130840927,0.125496835,0.961022198,0.099254712,-0.887166739,-1.218627214,0.799305677,0.079474069,-0.068702362,0.591670811,0.245639667,-0.939206421,-1.306436300,0.820851266,-0.004632668,-0.165832266,0.546517491,0.188945368,-0.984087467,-1.133598566,0.954632282,0.213772446,0.166373596,0.123686381
453,514862,53106,viewpoint,moving_to_left,-0.847287178,1.403566360,-1.459643245,-0.208583891,0.131043941,0.125434592,0.961034060,0.099935040,-0.888835311,-1.220237255,0.799707294,0.078164764,-0.067025170,0.591494858,0.236593172,-0.908852696,-1.266908288,0.816311538,-0.006303563,-0.170318991,0.551894188,0.186892211,-0.976285756,-1.126378298,0.805377305,0.066203341,-0.085319690,0.582842290
454,514986,53230,viewpoint,moving_to_left,-0.847140789,1.403566718,-1.460029006,-0.208623111,0.130973399,0.125438422,0.961034656,0.099345803,-0.886961818,-1.217311025,0.795563102,0.081157342,-0.064682908,0.596916258,0.237144932,-0.910652518,-1.270343781,0.815922499,-0.006012590,-0.170142770,0.552526772,0.187125802,-0.977703273,-1.128261924,0.806564033,0.068123065,-0.086976051,0.580731392
455,515098,53342,viewpoint,moving_to_left,-0.846712828,1.403718472,-1.460032821,-0.208439127,0.130759269,0.125244960,0.961128950,0.099078521,-0.887952507,-1.218230963,0.794280171,0.083130285,-0.063072622,0.598523378,0.241656944,-0.931880713,-1.296384335,0.822483361,-0.002180740,-0.198873863,0.532884300,0.188425511,-0.975828052,-1.122642040,0.964417279,0.191259265,0.135154992,0.122688107
456,515208,53452,viewpoint,moving_to_left,-0.846475601,1.403739929,-1.460018277,-0.208450660,0.130823597,0.124792628,0.961176515,0.099622235,-0.888064861,-1.218340158,0.795122683,0.081995577,-0.062669300,0.597602904,0.236930594,-0.910169184,-1.268428564,0.817637444,-0.005904758,-0.171173096,0.549667180,0.187301338,-0.976719618,-1.126397133,0.808196545,0.066907309,-0.092363901,0.577763498
457,515334,53578,viewpoint,moving_to_left,-0.846560478,1.403714418,-1.459957242,-0.208140612,0.130574778,0.125432506,0.961194277,0.098845512,-0.893741727,-1.224258304,0.798889995,0.081035338,-0.064697504,0.592471361,0.242042437,-0.937307060,-1.302540660,0.827241838,-0.007550974,-0.195576161,0.526653528,0.185202166,-0.974260688,-1.123186827,0.806636751,0.064356960,-0.089693487,0.580646574
458,515444,53688,viewpoint,moving_to_left,-0.846564054,1.403699517,-1.459949136,-0.208075508,0.131154075,0.125572696,0.961111188,0.098974794,-0.888714433,-1.217745662,0.793344080,0.081249610,-0.064676628,0.599850535,0.242875293,-0.934782982,-1.298298001,0.823266268,-0.006158644,-0.185512990,0.536451042,0.185632989,-0.974501193,-1.122547269,0.808220744,0.063294500,-0.095593177,0.577611446
459,515570,53814,viewpoint,moving_to_left,-0.846497536,1.403592110,-1.460087180,-0.208465919,0.131123051,0.125305802,0.961065650,0.099798381,-0.888928652,-1.219638944,0.795906961,0.082257681,-0.062778011,0.596510530,0.236113206,-0.907428920,-1.264862657,0.816313446,-0.006893803,-0.172248334,0.551285207,0.187056199,-0.976756275,-1.126596451,0.806970716,0.066652089,-0.090001792,0.579875350
460,515679,53923,viewpoint,moving_to_left,-0.846557856,1.403424740,-1.460154176,-0.208668813,0.130922243,0.125106886,0.961074889,0.099624738,-0.887825787,-1.219247103,0.800445259,0.077604644,-0.068708755,0.590376198,0.236926809,-0.910314620,-1.270331025,0.814776182,-0.006545792,-0.163835570,0.556106925,0.187415332,-0.978240252,-1.128945231,0.806050420,0.068398997,-0.086433597,0.581492543
461,515791,54035,viewpoint,moving_to_left,-0.846547604,1.403251648,-1.460107923,-0.208838984,0.130493000,0.125029966,0.961106300,0.099044979,-0.887471914,-1.220149875,0.796574652,0.082521036,-0.064055406,0.595446110,0.240772709,-0.926825941,-1.292440772,0.823848605,-0.004746007,-0.204560935,0.528588533,0.187814891,-0.969569802,-1.116866350,0.969808996,0.182910174,0.132378906,0.092142321
462,515902,54146,viewpoint,moving_to_left,-0.846547365,1.403082490,-1.460182786,-0.209364668,0.130575284,0.124476112,0.961052656,0.100813821,-0.888787627,-1.224646926,0.802811384,0.078670003,-0.067972809,0.587098539,0.242723241,-0.922565818,-1.289190412,0.820271552,-0.012374187,-0.177995592,0.543432593,0.189037576,-0.976490736,-1.130773187,0.808226585,0.071916565,-0.081869468,0.578701377
463,516027,54271,viewpoint,moving_to_left,-0.846950054,1.403069019,-1.459890485,-0.209175557,0.130868778,0.124617092,0.961035669,0.101769269,-0.889042795,-1.223371744,0.796654940,0.079814121,-0.064361267,0.595674634,0.243109718,-0.923915565,-1.290164828,0.821743131,-0.004657959,-0.200839311,0.533273041,0.191379264,-0.978021920,-1.131061792,0.812979400,0.066929333,-0.120345816,0.565775454
464,516139,54383,viewpoint,moving_to_left,-0.846905708,1.403189182,-1.459663033,-0.209007040,0.131198525,0.124346860,0.961062372,0.102760211,-0.887040377,-1.219784260,0.796432316,0.082430840,-0.061910111,0.595875800,0.245909497,-0.927802026,-1.293871760,0.820906639,0.004126086,-0.180565581,0.541748524,0.192189783,-0.983909667,-1.135985374,0.811776519,0.070497721,-0.084524594,0.573501945
465,516250,54494,viewpoint,moving_to_left,-0.846957684,1.403215647,-1.459726453,-0.208948240,0.131501630,0.124112025,0.961064100,0.104323670,-0.891364813,-1.224570274,0.802101254,0.078351162,-0.067710266,0.588141143,0.245502517,-0.924088240,-1.288654208,0.824341834,-0.004562454,-0.189624101,0.533369005,0.191793844,-0.977246463,-1.128438115,0.807219684,0.070897281,-0.080548137,0.580415308
466,516374,54618,viewpoint,moving_to_left,-0.847059965,1.403198957,-1.459835649,-0.209049284,0.131652042,0.123994827,0.961036623,0.104908749,-0.890838325,-1.223902583,0.799674034,0.079295717,-0.067986399,0.591279626,0.247574732,-0.927251816,-1.292336464,0.826392174,-0.005663285,-0.186658457,0.531227350,0.193404973,-0.981777430,-1.133040428,0.807898581,0.072103292,-0.080861934,0.579277456
467,516487,54731,viewpoint,moving_to_left,-0.847064734,1.403181314,-1.459826112,-0.208992481,0.131597489,0.123956122,0.961061478,0.104479849,-0.889684260,-1.221324205,0.799380183,0.075354785,-0.070108362,0.591944098,0.247331873,-0.928259730,-1.291656375,0.819745541,-0.011598268,-0.188682973,0.540630639,0.190599620,-0.966536224,-1.113104343,0.973280132,0.173746675,0.110063270,0.102097422
468,516600,54844,viewpoint,moving_to_left,-0.846781254,1.403300166,-1.459873796,-0.208851486,0.131573394,0.123535424,0.961149573,0.104581133,-0.886755705,-1.216455221,0.793138683,0.081203863,-0.062747620,0.600332975,0.246994182,-0.928952813,-1.292969227,0.822756171,-0.004164170,-0.199728608,0.532131135,0.191983804,-0.976403236,-1.126288414,0.809193075,0.067578994,-0.086977638,0.577126086
469,516709,54953,viewpoint,moving_to_left,-0.846445560,1.403509140,-1.459862113,-0.208291009,0.131732136,0.123273879,0.961283028,0.104737654,-0.887994289,-1.215512276,0.798095405,0.078802578,-0.067450941,0.593535364,0.242623761,-0.912112474,-1.269140482,0.817567348,-0.004391924,-0.164100617,0.551937819,0.192082494,-0.976214170,-1.124192595,0.809544504,0.065341137,-0.095865786,0.575480700
470,516834,55078,viewpoint,moving_to_left,-0.846155643,1.403482556,-1.459972262,-0.208216757,0.131793484,0.123246051,0.961294293,0.104761943,-0.888419509,-1.215883136,0.796861589,0.079689525,-0.066635571,0.595164597,0.242456272,-0.911240697,-1.267355680,0.818512857,-0.004118330,-0.168490544,0.549209237,0.193148956,-0.981733024,-1.129275322,0.808186829,0.068722621,-0.089410737,0.578028500
471,516944,55188,viewpoint,moving_to_left,-0.846014500,1.403536201,-1.460339189,-0.208214775,0.131972298,0.123323604,0.961260259,0.104668066,-0.889177084,-1.216751456,0.797207594,0.079449333,-0.067323133,0.594655752,0.246756747,-0.929090679,-1.289989114,0.824119985,-0.004866289,-0.197035208,0.531017601,0.189922348,-0.962671816,-1.104389191,0.976786911,0.167266831,0.106619924,0.080878869
472,517054,55298,viewpoint,moving_to_left,-0.846057415,1.403670549,-1.460954309,-0.208091587,0.132597491,0.123617120,0.961163163,0.104579911,-0.888159275,-1.213414073,0.792015195,0.080918521,-0.061203018,0.602011859,0.241864964,-0.910751581,-1.263973951,0.816599786,-0.007944132,-0.167280525,0.552375793,0.191694021,-0.976971626,-1.122514725,0.806746185,0.064155906,-0.087254643,0.580888331
473,517181,55425,viewpoint,moving_to_left,-0.845947027,1.403527260,-1.461763263,-0.208542153,0.132723093,0.123612091,0.961048782,0.104494467,-0.887311161,-1.214412332,0.796573997,0.078549445,-0.065370440,0.595841110,0.243021563,-0.912721574,-1.268882155,0.819523275,-0.003407163,-0.167917341,0.547881186,0.189711392,-0.961942434,-1.103618741,0.976645052,0.167150080,0.107578836,0.081560142
474,517291,55535,viewpoint,moving_to_left,-0.845487118,1.403508663,-1.462479949,-0.208676562,0.132426724,0.123800263,0.961036325,0.104189336,-0.892906547,-1.221700430,0.800998747,0.077315681,-0.065691344,0.590006769,0.248223767,-0.935836911,-1.297420979,0.822578847,-0.013457205,-0.186032876,0.537191570,0.191106111,-0.976927757,-1.123761892,0.807296991,0.067779422,-0.083060950,0.580326080
475,517404,55648,viewpoint,moving_to_left,-0.845020771,1.403568506,-1.463212848,-0.208654046,0.132625178,0.123813838,0.961012065,0.103981033,-0.892760634,-1.220238686,0.801665366,0.077336118,-0.067639671,0.588877559,0.245363727,-0.928399503,-1.286949873,0.823841214,-0.008083029,-0.189905897,0.533999979,0.190710410,-0.976585209,-1.122065544,0.809789300,0.066259950,-0.085605659,0.576647758
476,517528,55772,viewpoint,moving_to_left,-0.844770432,1.403441906,-1.464169383,-0.209142670,0.133218005,0.123650678,0.960844874,0.104449198,-0.887442589,-1.214483261,0.796415448,0.079040907,-0.066211909,0.595895052,0.242776766,-0.911829472,-1.266975641,0.818168879,-0.005148640,-0.169031993,0.549546540,0.194107518,-0.982165039,-1.128417492,0.812858284,0.064600594,-0.119348347,0.566431165
477,517639,55883,viewpoint,moving_to_left,-0.844263792,1.403265119,-1.465062976,-0.209597647,0.133543804,0.123746864,0.960688114,0.104530215,-0.886201024,-1.213048100,0.797207117,0.078929059,-0.064647406,0.595022500,0.243741199,-0.913872361,-1.270461082,0.820167482,-0.002506937,-0.163592502,0.548230350,0.194053367,-0.975788176,-1.118005514,0.969386697,0.182328194,0.126143813,0.105516098
478,517749,55993,viewpoint,moving_to_left,-0.843900681,1.403233767,-1.465946317,-0.209368423,0.133915052,0.124107502,0.960639894,0.104244247,-0.887771368,-1.213312387,0.792590261,0.081434071,-0.059063654,0.601398885,0.241915450,-0.910747051,-1.263711810,0.818468213,-0.008707659,-0.167693883,0.549465895,0.189747438,-0.965414345,-1.107968569,0.797126710,0.064244933,-0.049162522,0.598368406
479,517874,56118,viewpoint,moving_to_left,-0.843556166,1.403103113,-1.466935515,-0.209883243,0.133940578,0.123929821,0.960546911,0.103999123,-0.887425005,-1.213926196,0.799279451,0.076584995,-0.064555667,0.592553556,0.240976974,-0.906676412,-1.259274483,0.817949593,-0.008918371,-0.174145281,0.548226476,0.189043209,-0.964621902,-1.106962800,0.973565400,0.170244604,0.111805029,0.103377067
480,517986,56230,viewpoint,moving_to_left,-0.843153715,1.403088450,-1.467590928,-0.209874406,0.134353369,0.124127470,0.960465670,0.103757471,-0.887694001,-1.213490486,0.797337413,0.077655777,-0.060959447,0.595404565,0.248292729,-0.933495998,-1.293090940,0.826524079,-0.008537283,-0.191173136,0.529375136,0.189550102,-0.965542436,-1.108188629,0.797508836,0.062922351,-0.049151611,0.598000526
481,518099,56343,viewpoint,moving_to_left,-0.842691898,1.403126717,-1.468189359,-0.209745139,0.134764731,0.124216706,0.960424721,0.104002506,-0.888965011,-1.212901711,0.799312472,0.077023193,-0.061167687,0.592811525,0.247536257,-0.928783953,-1.286026120,0.824503362,-0.002489968,-0.178119719,0.537086070,0.191320583,-0.980658591,-1.123885036,0.808092296,0.066439375,-0.082441382,0.579461873
482,518222,56466,viewpoint,moving_to_left,-0.842209578,1.403190851,-1.468591809,-0.209816143,0.134908631,0.124307565,0.960377276,0.103976548,-0.890950680,-1.215375900,0.800862789,0.077563293,-0.060782343,0.590684533,0.243297383,-0.916296959,-1.268938780,0.819537282,-0.003182687,-0.161590680,0.549760818,0.190677956,-0.978361368,-1.121323228,0.808694661,0.065195747,-0.085452452,0.578325510
483,518334,56578,viewpoint,moving_to_left,-0.841721773,1.403266191,-1.469003320,-0.209720105,0.135271609,0.124258660,0.960353494,0.103570372,-0.887164354,-1.210005999,0.797421455,0.078836814,-0.059891999,0.595245063,0.240971431,-0.909791052,-1.259082913,0.818643868,-0.008796535,-0.165212408,0.549954236,0.190474510,-0.978316247,-1.120251894,0.810495317,0.065957487,-0.083390839,0.576014638
484,518443,56687,viewpoint,moving_to_left,-0.841110229,1.403334975,-1.469499230,-0.209617868,0.135342717,0.124471001,0.960338295,0.103340268,-0.892344296,-1.216442466,0.800588608,0.075205348,-0.061608374,0.591275215,0.240081742,-0.908424973,-1.256838918,0.818216681,-0.010061404,-0.169601262,0.549231887,0.187512726,-0.961564362,-1.100662351,0.793199837,0.062652200,-0.047066264,0.603898644
485,518555,56799,viewpoint,moving_to_left,-0.840457439,1.403349519,-1.469752669,-0.209850147,0.135188952,0.124022715,0.960367262,0.102958590,-0.890770733,-1.215032458,0.798759103,0.076475322,-0.061009552,0.593644083,0.244975105,-0.927960873,-1.282015800,0.818699241,-0.013502157,-0.180700839,0.544882059,0.187954187,-0.964888155,-1.104540944,0.792321205,0.064974509,-0.041223072,0.605232298
486,518681,56925,viewpoint,moving_to_left,-0.839877605,1.403184295,-1.470006108,-0.209977433,0.135875061,0.123858422,0.960263789,0.103813842,-0.889012516,-1.212716818,0.799531579,0.076763049,-0.060111523,0.592657924,0.243484214,-0.917052567,-1.269986629,0.820520282,-0.003185581,-0.157207280,0.549565494,0.190610319,-0.978532255,-1.121015668,0.810237885,0.067202441,-0.080553025,0.576636493
487,518791,57035,viewpoint,moving_to_left,-0.839020252,1.403190732,-1.470264316,-0.210264698,0.136378780,0.123477601,0.960178554,0.104723781,-0.885516405,-1.209960222,0.793631613,0.079538114,-0.059332900,0.600251734,0.245329306,-0.916671515,-1.271339536,0.822846293,-0.010934609,-0.165052548,0.543656290,0.189042181,-0.959440708,-1.100279689,0.788339317,0.055769689,-0.043799214,0.611140311
488,518902,57146,viewpoint,moving_to_left,-0.838324547,1.403186321,-1.470502257,-0.210347891,0.136481196,0.123352155,0.960161924,0.104859397,-0.886939764,-1.212173223,0.793940842,0.080554992,-0.057722870,0.599864125,0.244841233,-0.915114999,-1.269487023,0.821931779,-0.010113755,-0.165102422,0.545038581,0.188848063,-0.958950043,-1.099808216,0.787442863,0.057337739,-0.041042998,0.612341166
489,519014,57258,viewpoint,moving_to_left,-0.837830305,1.403077006,-1.470418096,-0.210514486,0.137075663,0.123060830,0.960078120,0.106301188,-0.887945831,-1.214535117,0.799845278,0.074331105,-0.058814269,0.592674732,0.244345054,-0.908939004,-1.261787295,0.818842947,-0.009477320,-0.164528012,0.549851894,0.192233413,-0.973261416,-1.117263556,0.809550345,0.062502727,-0.088805005,0.576918840
490,519126,57370,viewpoint,moving_to_left,-0.837231636,1.403015614,-1.470361352,-0.210366011,0.137848511,0.123055719,0.960000634,0.107452273,-0.885701656,-1.210412025,0.791824222,0.078619197,-0.058043182,0.602880120,0.248625442,-0.918297589,-1.271994591,0.823955953,-0.007044370,-0.165150657,0.542007625,0.194476679,-0.979916453,-1.122899175,0.808201492,0.067087382,-0.073440485,0.580444753
491,519250,57494,viewpoint,moving_to_left,-0.836642265,1.403065085,-1.470492244,-0.210905328,0.137835354,0.122531943,0.959951162,0.107777953,-0.885742426,-1.212318540,0.798218489,0.076427579,-0.061470293,0.594329476,0.246821985,-0.910527945,-1.264475584,0.822470129,-0.012490115,-0.164690405,0.544301331,0.193250328,-0.971828222,-1.116264343,0.809139013,0.064025581,-0.078402407,0.578833222
492,519362,57606,viewpoint,moving_to_left,-0.835617542,1.402886748,-1.470768571,-0.211362809,0.138023317,0.122061208,0.959883511,0.108768672,-0.886184812,-1.215237856,0.800126672,0.075694807,-0.058758572,0.592127621,0.248566732,-0.912560284,-1.270503521,0.822310746,-0.011090119,-0.158383340,0.546440125,0.194499046,-0.972349167,-1.118631601,0.805608749,0.069492653,-0.070092581,0.584168077
493,519473,57717,viewpoint,moving_to_left,-0.834835529,1.402952909,-1.471078753,-0.211699128,0.138361737,0.121535219,0.959827423,0.109402180,-0.884232163,-1.214154363,0.801404774,0.075519927,-0.055894472,0.590696990,0.247191086,-0.904073775,-1.260012627,0.819383502,-0.008904068,-0.161923379,0.549829245,0.196034893,-0.973534465,-1.121267080,0.812870204,0.063946560,-0.086089961,0.572487056
494,519598,57842,viewpoint,moving_to_left,-0.834164858,1.402723312,-1.471593738,-0.212820172,0.138117686,0.121221274,0.959654331,0.109218881,-0.881415009,-1.215470672,0.802349031,0.075222075,-0.056048393,0.589437246,0.246955946,-0.900284052,-1.260330081,0.820544302,-0.008995983,-0.165789008,0.546937108,0.195747077,-0.969751298,-1.122269273,0.808605909,0.064572155,-0.079402134,0.579380989
495,519708,57952,viewpoint,moving_to_left,-0.833540201,1.402452707,-1.472210288,-0.214046240,0.137083530,0.120995834,0.959558368,0.107172936,-0.874545574,-1.213085175,0.793035150,0.079884581,-0.055455800,0.601363719,0.250705659,-0.915688634,-1.287713766,0.827949941,-0.007320797,-0.186378688,0.528874636,0.191197276,-0.946803331,-1.100603819,0.789725661,0.058646686,-0.038421340,0.609440625
496,519818,58062,viewpoint,moving_to_left,-0.832828999,1.402482867,-1.473080993,-0.215010568,0.135204241,0.120309904,0.959695697,0.104568124,-0.874426246,-1.218389273,0.797300518,0.082362480,-0.057406101,0.595174611,0.242542282,-0.895805359,-1.268358231,0.822142005,-0.002717668,-0.158669233,0.546716750,0.193398654,-0.960355341,-1.118388534,0.968732715,0.182834074,0.129866436,0.106128961
497,519945,58189,viewpoint,moving_to_left,-0.832799673,1.402264118,-1.474010587,-0.216242298,0.132788241,0.120452389,0.959738433,0.100392461,-0.872575402,-1.222374558,0.803380668,0.081150562,-0.058992434,0.586953223,0.242112890,-0.907364130,-1.290940762,0.828256071,-0.003523582,-0.188237473,0.527774632,0.186797708,-0.955348849,-1.123648405,0.807988286,0.067928225,-0.079595357,0.579832196
498,520054,58298,viewpoint,moving_to_left,-0.833249092,1.402035236,-1.474986911,-0.217503846,0.129830748,0.120611511,0.959837973,0.095432371,-0.871205211,-1.226712227,0.803812921,0.085051350,-0.060922116,0.585610449,0.235283569,-0.898994923,-1.287329316,0.827834964,-0.001096469,-0.200914845,0.523756981,0.181458235,-0.941859722,-1.113132238,0.798269629,0.072095081,-0.042453587,0.596460879
499,520180,58424,viewpoint,moving_to_left,-0.834190845,1.402049661,-1.475731015,-0.217772722,0.127502844,0.120904982,0.960052133,0.090542071,-0.866628349,-1.221364498,0.802421391,0.086511709,-0.064034760,0.586971223,0.231531367,-0.898845613,-1.289416909,0.827147663,0.000235095,-0.187747627,0.529695809,0.177953601,-0.941331148,-1.113890886,0.797275484,0.068665922,-0.046114512,0.597921669
500,520292,58536,viewpoint,moving_to_left,-0.835521698,1.401986003,-1.476169944,-0.217892453,0.125396848,0.121037535,0.960285604,0.087140590,-0.864231586,-1.219102740,0.799160123,0.091475077,-0.060691308,0.591009319,0.224050656,-0.884757996,-1.271852136,0.822724223,0.002154086,-0.168288276,0.542954206,0.176308557,-0.954320729,-1.130539536,0.813321352,0.074303754,-0.090541206,0.569903195
501,520404,58648,viewpoint,moving_to_left,-0.836788177,1.402012587,-1.476775527,-0.217686474,0.123973042,0.121386617,0.960473120,0.084808052,-0.867845654,-1.221665382,0.805457175,0.086260907,-0.067878611,0.582400560,0.226336136,-0.901812673,-1.293728232,0.825260699,0.006118445,-0.184516430,0.533723772,0.174149111,-0.954961538,-1.129929185,0.808634400,0.077095009,-0.082895972,0.577317119
502,520527,58771,viewpoint,moving_to_left,-0.838196754,1.401863933,-1.477827191,-0.218146488,0.122197449,0.121289857,0.960608482,0.083214864,-0.869141161,-1.226204038,0.804423630,0.087863125,-0.068677589,0.583494782,0.223606274,-0.899893522,-1.293862939,0.830126762,0.004069627,-0.191997826,0.523459494,0.173989043,-0.955280721,-1.131547689,0.818188488,0.075845316,-0.122543789,0.556595087
503,520638,58882,viewpoint,moving_to_left,-0.838768005,1.401092410,-1.479653001,-0.220166340,0.118923038,0.120633557,0.960641265,0.079189636,-0.861329377,-1.224543214,0.805368245,0.093059689,-0.067134723,0.581562519,0.220541432,-0.892430902,-1.294703484,0.823670387,0.006846767,-0.173273280,0.539904177,0.171350077,-0.945764184,-1.126532316,0.969222307,0.191791713,0.121691495,0.094948918
504,520764,59008,viewpoint,moving_to_left,-0.837860823,1.400823355,-1.482328534,-0.222697169,0.113521107,0.118570365,0.960968256,0.072379827,-0.853001654,-1.224540710,0.802305639,0.103999071,-0.063636340,0.584328949,0.211643890,-0.882999420,-1.296783566,0.826780200,0.012530906,-0.203554869,0.524254620,0.164519340,-0.941983461,-1.137948751,0.814200521,0.086055167,-0.097063467,0.565907121
505,520875,59119,viewpoint,moving_to_left,-0.836732388,1.399957895,-1.486409545,-0.226460069,0.104182348,0.116408683,0.961410880,0.057903901,-0.841260076,-1.228914142,0.800231814,0.110328652,-0.068876386,0.585416734,0.197584078,-0.874607801,-1.310477376,0.829081297,0.023393653,-0.200792611,0.521305382,0.150103778,-0.912921906,-1.122799516,0.797681093,0.090376578,-0.054535747,0.593769968
506,520986,59230,viewpoint,moving_to_left,-0.834571600,1.398123860,-1.490823388,-0.232637689,0.093420595,0.114377961,0.961285591,0.040967755,-0.827037632,-1.241945505,0.808427811,0.117970176,-0.077161856,0.571466148,0.178146303,-0.851043224,-1.316621542,0.827996254,0.033073172,-0.214827344,0.516892314,0.137037247,-0.911698580,-1.153625846,0.821898758,0.101528674,-0.106086574,0.550381780
507,521111,59355,viewpoint,moving_to_left,-0.829855442,1.395785570,-1.496101975,-0.240491956,0.078775018,0.110070169,0.961167336,0.018186752,-0.803655744,-1.252602339,0.812100768,0.128681600,-0.083184950,0.563039720,0.153882489,-0.825316548,-1.332112074,0.830986619,0.050666165,-0.211387902,0.512063801,0.118242219,-0.892251909,-1.172029376,0.819345057,0.120171204,-0.101941310,0.551217258
508,521235,59479,viewpoint,left,-0.820582151,1.392685175,-1.503400445,-0.253646642,0.054622892,0.103797823,0.960159242,-0.023016986,-0.763448834,-1.265250921,0.815437734,0.156581491,-0.084071271,0.550886273,0.111456335,-0.785991311,-1.362443566,0.827650785,0.079158314,-0.182825729,0.524693072,0.081235036,-0.845748782,-1.185542226,0.824643612,0.139331579,-0.116895333,0.535616517
509,521362,59606,viewpoint,left,-0.806322336,1.388269782,-1.510995746,-0.268885493,0.022949159,0.098127142,0.957885683,-0.084480889,-0.715898752,-1.275613785,0.815523326,0.183425918,-0.096713498,0.540299118,0.043628648,-0.732470989,-1.382256508,0.834588945,0.109083302,-0.215288028,0.495190114,0.026560545,-0.788144588,-1.186333895,0.978537738,0.205851451,0.003259349,0.008859466
510,521486,59730,viewpoint,left,-0.786701441,1.385617018,-1.519427896,-0.278677195,-0.002861070,0.089981206,0.956155956,-0.138223618,-0.687459946,-1.279309511,0.817034364,0.210132986,-0.097247332,0.528054953,-0.016506165,-0.695275903,-1.388585448,0.829681098,0.129218593,-0.218394861,0.497227848,-0.022492679,-0.772170126,-1.221049428,0.826768637,0.202365324,-0.122151457,0.510471463
511,521624,59868,viewpoint,left,-0.760368347,1.381399632,-1.529097199,-0.291144311,-0.019712776,0.082989797,0.952868879,-0.177073136,-0.653512239,-1.276020288,0.820129514,0.219137102,-0.110474609,0.516877234,-0.058367133,-0.662286162,-1.397897720,0.837043285,0.149525985,-0.240969807,0.467903972,-0.059546262,-0.735710740,-1.220893741,0.829138577,0.211269587,-0.134865999,0.499705523
512,521750,59994,viewpoint,left,-0.717344284,1.377818227,-1.540028691,-0.299692541,-0.031498894,0.074700914,0.950585067,-0.231600448,-0.628883421,-1.271426439,0.821434081,0.238969103,-0.107973710,0.506440043,-0.117265202,-0.629837036,-1.391496181,0.838302732,0.165890396,-0.236849472,0.462202579,-0.111686431,-0.704723597,-1.213504553,0.829641700,0.223360941,-0.140442207,0.492016762
513,521890,60134,viewpoint,left,-0.652446508,1.375201941,-1.547191978,-0.292195886,-0.029511878,0.073524684,0.953071237,-0.289292991,-0.647145450,-1.248036981,0.822760463,0.234455109,-0.110285588,0.505898237,-0.176272169,-0.648938060,-1.365271449,0.834880054,0.165492445,-0.232756227,0.470544457,-0.170370236,-0.731096089,-1.201694131,0.837755740,0.218848288,-0.172459647,0.469604552
514,522001,60245,viewpoint,left,-0.571069479,1.373532176,-1.547150731,-0.266591519,-0.003560890,0.083246686,0.960201144,-0.340530992,-0.690983772,-1.215723038,0.811597764,0.203512058,-0.114477873,0.535524786,-0.226358622,-0.704252601,-1.330119848,0.828205645,0.138968363,-0.220910773,0.495945215,-0.228864148,-0.778073728,-1.162210345,0.835885048,0.192650884,-0.165554672,0.486593813
515,522125,60369,viewpoint,left,-0.482488513,1.375633955,-1.543328643,-0.253332734,0.037324544,0.108567931,0.960542798,-0.404719651,-0.690940619,-1.231198788,0.813160658,0.155472025,-0.121151179,0.547650099,-0.288957834,-0.715566278,-1.338546872,0.836886168,0.081940949,-0.221732840,0.493702203,-0.303081810,-0.779158115,-1.161369085,0.834857225,0.141286463,-0.165048063,0.505777419
516,522250,60494,viewpoint,left,-0.383752465,1.388110995,-1.540513158,-0.253202200,0.050823051,0.127453566,0.957633138,-0.514855385,-0.664140403,-1.256021023,0.825526774,0.129886523,-0.118483543,0.536280513,-0.398673415,-0.686711192,-1.349312663,0.835436344,0.063845783,-0.209075749,0.504239261,-0.423080087,-0.765288830,-1.196800470,0.850505531,0.116168901,-0.183761761,0.478932947
517,522376,60620,viewpoint,left,-0.306892872,1.402114868,-1.542381644,-0.249807596,0.052826583,0.130718306,0.957976103,-0.594976962,-0.663843691,-1.262877464,0.824027002,0.126155272,-0.124113932,0.538200796,-0.469016075,-0.669879079,-1.324890614,0.828846753,0.059314743,-0.217493668,0.512046337,-0.502313673,-0.758697271,-1.194393754,0.846188784,0.116815835,-0.180701941,0.487509400
518,522514,60758,viewpoint,left,-0.249769330,1.406536341,-1.546408057,-0.239474624,0.061977446,0.121758416,0.961241722,-0.616862655,-0.688723207,-1.253737688,0.824148297,0.129006520,-0.106301837,0.541144013,-0.491100490,-0.695431828,-1.315239429,0.826139688,0.051452104,-0.213913485,0.518735826,-0.530053914,-0.787548184,-1.192776680,0.844434023,0.111830197,-0.174768463,0.493843287
519,522640,60884,viewpoint,left,-0.198576212,1.401341438,-1.556754708,-0.243425220,0.068386964,0.110342361,0.961192966,-0.637480378,-0.694735289,-1.276249886,0.823986650,0.128744125,-0.109627508,0.540789127,-0.517692804,-0.710572183,-1.355358958,0.836050212,0.053978488,-0.207729444,0.504930496,-0.537983596,-0.771685004,-1.181703091,0.832700670,0.113411047,-0.155119672,0.519312441
520,522764,61008,viewpoint,left,-0.154791951,1.397866726,-1.569501519,-0.229565814,0.070824221,0.105901092,0.964918911,-0.691942632,-0.745109797,-1.280755877,0.824268758,0.127812177,-0.111697659,0.540156186,-0.545163751,-0.728063583,-1.300864339,0.821346879,0.051271088,-0.195163563,0.533546448,-0.586668134,-0.817029297,-1.175220966,0.837509930,0.112465680,-0.157770514,0.510917902
521,522875,61119,viewpoint,left,-0.110698938,1.398547649,-1.591973901,-0.216217041,0.076583035,0.114944711,0.966526270,-0.753009200,-0.766141057,-1.249693155,0.819156945,0.114007168,-0.113663271,0.550513506,-0.602165580,-0.749900222,-1.264464140,0.812363446,0.036720105,-0.204666883,0.544819951,-0.649413943,-0.836417854,-1.141523123,0.823222280,0.092267275,-0.168029979,0.534376085
522,523001,61245,viewpoint,left,-0.066385388,1.396863341,-1.615873694,-0.198686063,0.092190377,0.123042844,0.967928350,-0.786148071,-0.778658390,-1.216248631,0.799069643,0.087990984,-0.123947017,0.581706464,-0.636840284,-0.770408571,-1.231991410,0.804361641,0.019123623,-0.202894166,0.558095455,-0.694094300,-0.856883049,-1.116758466,0.812625706,0.069819540,-0.177778840,0.550599158
523,523124,61368,viewpoint,left,-0.032180190,1.395506263,-1.635570168,-0.204967782,0.101045221,0.119284019,0.966203630,-0.803090453,-0.771531403,-1.236508250,0.804740727,0.083191276,-0.113070361,0.576789975,-0.645687222,-0.756073475,-1.238678217,0.804673493,0.013117592,-0.197176054,0.559866250,-0.710288942,-0.848957658,-1.132321239,0.822788537,0.065695792,-0.165892839,0.539613426
524,523250,61494,viewpoint,left,-0.003274798,1.400129199,-1.648718715,-0.202297688,0.112917058,0.117829457,0.965630174,-0.807816207,-0.778320432,-1.242592812,0.801037073,0.072580241,-0.109304674,0.584058404,-0.651869357,-0.766486287,-1.245544910,0.808886707,0.008415129,-0.185608938,0.557835817,-0.721817613,-0.858970642,-1.140426517,0.814741433,0.051791310,-0.169139162,0.552183092
525,523376,61620,viewpoint,left,0.019212961,1.402148247,-1.659267068,-0.206105947,0.123317853,0.111611135,0.964290440,-0.799354851,-0.779578805,-1.257716537,0.802178919,0.070990488,-0.097567253,0.584764957,-0.642934382,-0.766149998,-1.256582975,0.808668852,0.005902512,-0.176892519,0.561007082,-0.714570105,-0.858363628,-1.151799798,0.821694255,0.056189775,-0.146011576,0.548034549
526,523501,61745,viewpoint,left,0.036919117,1.404916406,-1.666044354,-0.207213193,0.131353751,0.112607956,0.962875009,-0.799991667,-0.770966172,-1.263754487,0.805239916,0.065680765,-0.088317767,0.582644641,-0.646322846,-0.762116075,-1.268059492,0.811154485,-0.007595395,-0.170672238,0.559322655,-0.718454480,-0.851773977,-1.160209537,0.824708879,0.049134754,-0.139087617,0.545981467
527,523626,61870,viewpoint,left,0.056051612,1.406965137,-1.674804807,-0.207389787,0.143852696,0.111754797,0.961148679,-0.793254733,-0.771156907,-1.279504299,0.810494065,0.054048385,-0.071641654,0.578831315,-0.638418376,-0.762551069,-1.279692173,0.816669643,-0.012011734,-0.157587275,0.555043042,-0.715969384,-0.852972925,-1.175303340,0.828170538,0.039962858,-0.124608725,0.544985652
528,523748,61992,viewpoint,left,0.079936743,1.405532598,-1.688524365,-0.209391668,0.155260757,0.110500857,0.959082246,-0.794010639,-0.763678670,-1.297106743,0.807964206,0.047688946,-0.069661848,0.583152533,-0.639960885,-0.757426739,-1.296926618,0.821748018,-0.019409603,-0.142825574,0.551320493,-0.716679692,-0.842587411,-1.185168028,0.832311392,0.035125993,-0.113882624,0.541345298
529,523890,62134,viewpoint,left,0.110538006,1.400784254,-1.698800206,-0.215342358,0.173567995,0.113256656,0.954292774,-0.782937109,-0.729568601,-1.319210172,0.812115610,0.032951739,-0.050857384,0.580341220,-0.629657984,-0.726049960,-1.315198541,0.825876653,-0.031519849,-0.130744234,0.547576785,-0.719353795,-0.819316745,-1.220189452,0.836136341,0.022651065,-0.106594764,0.537587702
530,524014,62258,viewpoint,left,0.154526234,1.399306774,-1.710267663,-0.210730478,0.205573395,0.124736413,0.947508872,-0.798176944,-0.719026566,-1.395174146,0.819905758,0.009543161,-0.039463688,0.571057022,-0.638850033,-0.715706706,-1.371336579,0.826340437,-0.072029583,-0.116562985,0.546247482,-0.683803737,-0.744925737,-1.184222937,0.924727559,-0.221387789,-0.308482230,-0.026554991
531,524126,62370,viewpoint,left,0.191326261,1.404345393,-1.727781653,-0.206162885,0.237128094,0.137709588,0.939309955,-0.775373042,-0.679331124,-1.400365472,0.808927476,-0.019360142,-0.030258942,0.586809993,-0.632966399,-0.698005199,-1.400069833,0.826482892,-0.098194838,-0.103610151,0.544562936,-0.688183367,-0.725780904,-1.217164040,0.921471894,-0.246441334,-0.297807187,-0.038303349
532,524265,62509,viewpoint,left,0.213413417,1.405519366,-1.740334630,-0.210449681,0.265756935,0.147190854,0.929203451,-0.741782725,-0.637660801,-1.456158161,0.810286880,-0.053312924,-0.016558727,0.583368480,-0.595929861,-0.656944036,-1.438225985,0.824612737,-0.132364824,-0.085588634,0.543293655,-0.687070251,-0.707585335,-1.302862883,0.832017839,-0.065982938,-0.053119175,0.548243582
533,524388,62632,viewpoint,left,0.230116308,1.407825828,-1.748843312,-0.208234534,0.302280217,0.155276090,0.917144716,-0.684871376,-0.619599938,-1.511747956,0.815901697,-0.091293894,0.018297356,0.570644438,-0.539875984,-0.644460142,-1.485672951,0.829474151,-0.167739689,-0.059772469,0.529399037,-0.704870999,-0.761681437,-1.487764239,0.825627208,-0.105430827,-0.050449878,0.551977277
534,524514,62758,viewpoint,left,0.241168201,1.409621954,-1.753853202,-0.201827273,0.330205888,0.167292252,0.906776249,-0.640106082,-0.601639152,-1.532434225,0.808383167,-0.118426614,0.021768574,0.576209962,-0.499541581,-0.632767856,-1.501881838,0.823696077,-0.195434242,-0.054551944,0.529485106,-0.620761871,-0.686047912,-1.400349617,0.831571460,-0.139654189,-0.009432659,0.537491143
535,524653,62897,viewpoint,left,0.252372384,1.409596086,-1.761234403,-0.196555763,0.350669742,0.171489403,0.899437606,-0.604689777,-0.594785273,-1.538673759,0.793860853,-0.123725399,0.015591897,0.595175445,-0.471328974,-0.634581745,-1.518389821,0.821682215,-0.213047296,-0.049450208,0.526311636,-0.600194693,-0.685497999,-1.425194860,0.832141519,-0.154944927,0.012484720,0.532331288
536,524791,63035,viewpoint,left,0.265878916,1.409591079,-1.772034764,-0.192940041,0.363244534,0.173459589,0.894840419,-0.590837777,-0.594295084,-1.547199607,0.790512919,-0.134755030,0.020951075,0.597069025,-0.460151196,-0.637453973,-1.528493643,0.819872737,-0.226292521,-0.036954749,0.524628282,-0.559947848,-0.652526617,-1.361389041,0.913335085,-0.333160460,-0.209819987,-0.103916749
537,524917,63161,viewpoint,left,0.279832482,1.410403728,-1.781823277,-0.190269172,0.376398116,0.172110140,0.890224814,-0.572667599,-0.603375793,-1.570069909,0.795685470,-0.157096773,0.045758728,0.583190680,-0.440482199,-0.643571854,-1.535557270,0.820018291,-0.235342652,-0.026800854,0.521023631,,,,,,,
538,525057,63301,viewpoint,left,0.290409446,1.411055088,-1.788181186,-0.187565967,0.385625243,0.169410557,0.887362540,,,,,,,,-0.421309948,-0.647049367,-1.527254939,0.812050641,-0.239576906,-0.023201361,0.531637430,,,,,,,
539,525195,63439,viewpoint,left,0.295570850,1.413433790,-1.794150710,-0.186164245,0.386983067,0.162134245,0.888425291,-0.552763760,-0.635590911,-1.577011466,0.791945994,-0.161015958,0.060487360,0.585864067,-0.417308450,-0.669015646,-1.527784705,0.808601141,-0.238944948,-0.021981070,0.537202418,-0.527777493,-0.687238455,-1.382954359,0.914614916,-0.340149552,-0.196381956,-0.095979132
540,525320,63564,viewpoint,left,0.290620804,1.413234591,-1.797170281,-0.183459476,0.377776086,0.153930768,0.894389868,,,,,,,,-0.429842591,-0.692363143,-1.506537676,0.801327169,-0.215997070,-0.016398896,0.557629943,,,,,,,
541,525445,63689,viewpoint,left,0.286673903,1.409706712,-1.802562356,-0.184842691,0.364265263,0.152796432,0.899887383,-0.606307805,-0.663097620,-1.534219384,0.793339908,-0.137174562,0.047265518,0.591236770,-0.470414877,-0.696307540,-1.500072360,0.816596746,-0.214250073,-0.017110582,0.535699427,-0.573027253,-0.715173602,-1.347051978,0.915203333,-0.330366731,-0.219625518,-0.070889525
542,525584,63828,viewpoint,left,0.295811772,1.404786587,-1.809282184,-0.193084270,0.361631185,0.155928075,0.898681164,-0.621451735,-0.633622527,-1.548108101,0.799604237,-0.135677204,0.051398586,0.582737446,-0.480730355,-0.660691679,-1.499390364,0.816205919,-0.212908298,-0.031302761,0.536188364,,,,,,,
543,525709,63953,viewpoint,left,0.323466897,1.406148076,-1.818963170,-0.186078057,0.374715865,0.154043302,0.895116568,-0.617709816,-0.646131933,-1.564633846,0.794858754,-0.145098269,0.056267042,0.586498201,-0.477378428,-0.673420429,-1.512111902,0.814259052,-0.220239297,-0.020508170,0.536708713,-0.527896702,-0.630211353,-1.239852667,0.896538258,-0.346532941,-0.252456218,-0.111354820
544,525834,64078,viewpoint,left,0.361111641,1.405276656,-1.832672715,-0.179660380,0.397831291,0.168427855,0.883789837,-0.577376366,-0.571313143,-1.507589459,0.771650553,-0.173608333,0.064373896,0.608499467,-0.475505948,-0.643679261,-1.548632503,0.803914666,-0.251377195,-0.021016913,0.538599074,-0.613943279,-0.684197426,-1.463234305,0.814321101,-0.189748943,0.040070273,0.547056675
545,525957,64201,viewpoint,left,0.405139804,1.404690385,-1.849212527,-0.182292491,0.415226221,0.188986689,0.870999813,-0.623049080,-0.540783167,-1.652132511,0.783969045,-0.188739717,0.054200191,0.588924646,-0.489731669,-0.582455397,-1.595682383,0.808836460,-0.271195173,-0.014937323,0.521549344,-0.599632978,-0.590267181,-1.438945651,0.876423955,-0.400721043,-0.235386997,-0.126081869
546,526097,64341,viewpoint,left,0.444025517,1.406234264,-1.862487912,-0.176794752,0.431381077,0.196546137,0.862568021,,,,,,,,-0.490649223,-0.555571437,-1.628592372,0.803264916,-0.289881557,-0.013038668,0.520157933,-0.626209497,-0.580348730,-1.529753923,0.868983805,-0.415435672,-0.238547385,-0.123998269
547,526235,64479,viewpoint,left,0.472668529,1.409369826,-1.873963714,-0.172374696,0.450071365,0.198428228,0.853433609,,,,,,,,-0.464371979,-0.552494049,-1.651397347,0.796724021,-0.304759711,-0.001613691,0.521871269,,,,,,,
548,526375,64619,viewpoint,left,0.488578916,1.409920335,-1.887183070,-0.173645124,0.454845488,0.194116876,0.851634681,-0.589938521,-0.508601785,-1.733325839,0.776658297,-0.236908168,0.079091653,0.578291416,-0.465099931,-0.557228386,-1.669838428,0.799960315,-0.304345727,0.001069189,0.517142117,,,,,,,
549,526501,64745,viewpoint,left,0.497440815,1.409087300,-1.899740100,-0.176513255,0.445661694,0.194440559,0.855816364,-0.630141735,-0.498602331,-1.730258465,0.775813162,-0.218007788,0.062049862,0.588843346,-0.501792133,-0.544790149,-1.660940886,0.802951753,-0.299821466,0.001649272,0.515143633,,,,,,,
550,526640,64884,viewpoint,left,0.500494003,1.409381151,-1.908720136,-0.177630261,0.443882585,0.190338075,0.857430577,,,,,,,,-0.509597600,-0.548318267,-1.639934421,0.792363584,-0.283097833,-0.010231148,0.540287852,,,,,,,
551,526778,65022,viewpoint,left,0.499014974,1.409994364,-1.915603042,-0.178260580,0.443471730,0.186944008,0.858258665,,,,,,,,-0.512716949,-0.559075952,-1.640765786,0.804353774,-0.293569565,0.002246657,0.516552866,-0.621711969,-0.559790254,-1.480021477,0.794768393,-0.225851849,0.039690711,0.561924219
552,526917,65161,viewpoint,left,0.496942759,1.410284042,-1.918663144,-0.177881837,0.444717705,0.187185138,0.857639790,-0.606647313,-0.486439735,-1.606775999,0.771974742,-0.210424572,0.077873804,0.594737113,-0.516491652,-0.565650582,-1.654709220,0.805134833,-0.293846905,0.006620232,0.515138924,,,,,,,
553,527055,65299,viewpoint,left,0.495417714,1.413199067,-1.920681119,-0.174676478,0.447102487,0.188018873,0.856875956,-0.641114295,-0.527833104,-1.708214879,0.770415843,-0.209524497,0.060226101,0.599109113,-0.513430595,-0.573208809,-1.645051003,0.801957369,-0.297327250,0.002976530,0.518123686,,,,,,,
554,527196,65440,viewpoint,left,0.493968487,1.415048718,-1.922155738,-0.169767946,0.452371716,0.189406425,0.854788780,-0.634529054,-0.541071832,-1.721490860,0.770749211,-0.222929880,0.073031276,0.592380404,-0.500259876,-0.580033123,-1.637520075,0.787587404,-0.289081246,-0.006179941,0.544150770,,,,,,,
555,527318,65562,viewpoint,left,0.494390726,1.413801074,-1.922807574,-0.171274900,0.461988449,0.188979864,0.849422276,-0.598589301,-0.535797298,-1.728312016,0.772406340,-0.236485630,0.085272938,0.583259463,-0.470786631,-0.578721344,-1.648779154,0.795790315,-0.307412505,0.016421653,0.521484077,,,,,,,
556,527459,65703,viewpoint,left,0.497625947,1.413698435,-1.925259233,-0.170610547,0.461475432,0.189954042,0.849617541,-0.569845140,-0.497763753,-1.610622287,0.755615771,-0.212309405,0.081556961,0.614262104,-0.478993535,-0.577153683,-1.651606917,0.795831442,-0.308192253,0.013066689,0.521055818,-0.603552639,-0.580994368,-1.512763619,0.855672240,-0.436616808,-0.228735104,-0.157705501
557,527599,65843,viewpoint,left,0.501534700,1.413733482,-1.927609086,-0.171776146,0.455445558,0.188379154,0.852980435,-0.629875720,-0.535119772,-1.731034756,0.766057193,-0.217151612,0.070398033,0.600870728,-0.500985742,-0.578888237,-1.653401494,0.801043749,-0.305789411,0.003863866,0.514593780,-0.621707797,-0.582539797,-1.512233615,0.779594481,-0.231829301,0.011835067,0.581676483
558,527736,65980,viewpoint,left,0.504273772,1.414668798,-1.928719401,-0.169123724,0.451936305,0.186397806,0.855807602,-0.645808637,-0.547218919,-1.724020123,0.775838375,-0.226307154,0.085001886,0.582781732,-0.514217138,-0.587622881,-1.643375754,0.799022913,-0.301848352,0.006249349,0.520010531,-0.636021376,-0.594342768,-1.509842515,0.860770643,-0.428405106,-0.227357775,-0.154438823
559,527863,66107,viewpoint,left,0.504608989,1.415339351,-1.929494500,-0.167183816,0.449964225,0.186528742,0.857198238,-0.651873946,-0.548654079,-1.707547903,0.765178502,-0.210137010,0.057211194,0.605863988,-0.527125299,-0.596886039,-1.650611758,0.800865948,-0.300462246,0.007264880,0.517960787,,,,,,,
560,528001,66245,viewpoint,left,0.503258109,1.415522695,-1.929765344,-0.166700035,0.448342413,0.186670348,0.858110964,-0.660975337,-0.552899897,-1.706847191,0.767757654,-0.216131479,0.066636801,0.599495530,-0.533534288,-0.598838329,-1.644929171,0.801210105,-0.299808621,0.003436856,0.517846823,,,,,,,
561,528139,66383,viewpoint,left,0.501054049,1.416241288,-1.929066300,-0.163963944,0.447895318,0.186579376,0.858891010,-0.665486813,-0.563678801,-1.710340381,0.773175716,-0.222671211,0.079576656,0.588459313,-0.534345865,-0.604565620,-1.633297324,0.797739327,-0.299926281,0.003135195,0.523112237,,,,,,,
562,528266,66510,viewpoint,left,0.497863889,1.416619062,-1.928028941,-0.162108600,0.449306756,0.187039524,0.858405769,-0.659124374,-0.566893339,-1.702084303,0.759454787,-0.208253905,0.054778732,0.613887608,-0.530518115,-0.610616446,-1.632237911,0.796441078,-0.301546216,0.004529230,0.524147809,,,,,,,
563,528404,66648,viewpoint,left,0.494185209,1.416526198,-1.926555037,-0.161255062,0.451790005,0.187870443,0.857080698,-0.653050780,-0.570711076,-1.710296988,0.766863406,-0.224098176,0.075729884,0.596628547,-0.522173226,-0.612889171,-1.635757446,0.794181228,-0.303492039,0.005122319,0.526443422,,,,,,,
564,528541,66785,viewpoint,left,0.489790916,1.416093111,-1.923859239,-0.160290733,0.453919917,0.190185785,0.855624318,-0.642947614,-0.565434277,-1.705604792,0.766857922,-0.227197915,0.072747342,0.595833778,-0.511360586,-0.606101215,-1.624184132,0.790229380,-0.304230899,0.009055519,0.531882584,-0.624696136,-0.599481523,-1.469202042,0.853500843,-0.438498348,-0.253023922,-0.123427816
565,528668,66912,viewpoint,left,0.486519217,1.415537596,-1.921988606,-0.160136089,0.456771731,0.192483038,0.853619576,-0.634717166,-0.562693119,-1.713212967,0.760530412,-0.215506375,0.052403867,0.610249519,-0.501737833,-0.601645827,-1.622098684,0.780854702,-0.295729160,-0.000570206,0.550281644,,,,,,,
566,528806,67050,viewpoint,left,0.484631658,1.415544748,-1.920754790,-0.158537388,0.459189922,0.193330467,0.852428257,-0.624185324,-0.562125742,-1.708308935,0.768015325,-0.244385913,0.089122310,0.585222244,-0.499548137,-0.609438062,-1.639263034,0.795499444,-0.312476188,0.008933163,0.519094884,,,,,,,
567,528945,67189,viewpoint,left,0.483342171,1.415219426,-1.920654416,-0.158841282,0.456891477,0.194485262,0.853343487,-0.595138729,-0.521918595,-1.594221115,0.759727478,-0.227146104,0.084988363,0.603320658,-0.498250365,-0.594231725,-1.603498816,0.768627882,-0.283089399,-0.019547228,0.573314488,,,,,,,
568,529084,67328,viewpoint,left,0.481284618,1.415194392,-1.920617461,-0.158067927,0.455236018,0.194985285,0.854257286,-0.599345624,-0.523005128,-1.586047053,0.757054031,-0.223079026,0.086433426,0.607975543,-0.512335956,-0.606493652,-1.628812194,0.792478919,-0.310180724,0.003809870,0.525119603,,,,,,,
569,529209,67453,viewpoint,left,0.478155971,1.414880514,-1.921237588,-0.158713773,0.454207510,0.195290044,0.854615271,-0.637665629,-0.556415856,-1.687486529,0.765333414,-0.232320681,0.073409170,0.595737338,-0.514609516,-0.606359363,-1.628758430,0.793079197,-0.309725821,0.004626442,0.524474919,-0.613542378,-0.585069835,-1.442055345,0.788551807,-0.241540805,0.040230773,0.564114988
570,529347,67591,viewpoint,left,0.475438714,1.414412022,-1.921330571,-0.159092665,0.455105126,0.195530951,0.854012012,-0.635150254,-0.556338131,-1.692432284,0.770462751,-0.236819193,0.059015363,0.588915169,-0.511409998,-0.607258618,-1.632483006,0.794785082,-0.310879111,0.004760234,0.521198869,-0.625361443,-0.599924088,-1.476497293,0.788084388,-0.255477101,0.022655262,0.559590161
571,529473,67717,viewpoint,left,0.473077893,1.414210796,-1.921011090,-0.158527344,0.456365883,0.196244732,0.853280306,-0.631613314,-0.558020473,-1.693376780,0.763825655,-0.235667393,0.070789129,0.596674323,-0.505861402,-0.605585814,-1.625941277,0.793086946,-0.311874807,0.005547570,0.523179293,-0.621522546,-0.598531783,-1.473172188,0.854516804,-0.440699041,-0.238321498,-0.137070417
572,529611,67855,viewpoint,left,0.471356869,1.413933992,-1.921043038,-0.158591256,0.456121117,0.196888506,0.853250980,-0.630708873,-0.555556178,-1.687968850,0.761756241,-0.227429420,0.058673069,0.603788733,-0.507049501,-0.605417013,-1.627399206,0.794642866,-0.311712354,0.006054871,0.520904481,-0.611556411,-0.588545561,-1.449732900,0.767531574,-0.233637199,0.003174512,0.596907854
573,529750,67994,viewpoint,left,0.469502449,1.413715005,-1.921207786,-0.158720538,0.457134426,0.197428808,0.852559566,-0.631121397,-0.558237374,-1.701567769,0.772906005,-0.244580090,0.088900320,0.578700006,-0.502689898,-0.604858398,-1.626266122,0.789944470,-0.314613432,0.031146208,0.525391340,-0.610982060,-0.588581920,-1.454251289,0.791743159,-0.256742954,0.033793077,0.553248405
574,529889,68133,viewpoint,left,0.468367934,1.413390756,-1.922024846,-0.159059808,0.457468569,0.197812453,0.852228105,-0.626932800,-0.553730488,-1.692146063,0.764715075,-0.236723930,0.069564797,0.595259130,-0.497713268,-0.597474217,-1.608863235,0.779033363,-0.299277723,-0.012057883,0.550812602,-0.617645323,-0.595789313,-1.472578049,0.795830548,-0.263517737,0.036504298,0.543948174
575,530014,68258,viewpoint,left,0.467788696,1.413010597,-1.922662139,-0.160283521,0.456927955,0.198066026,0.852230012,-0.627029955,-0.549567103,-1.690478444,0.767201126,-0.236759052,0.075702325,0.591284037,-0.502188444,-0.600718975,-1.627439380,0.786941767,-0.312644333,0.025430202,0.531346977,-0.625270784,-0.600437641,-1.494263053,0.863017201,-0.427923113,-0.230149403,-0.138255045
576,530152,68396,viewpoint,left,0.467827678,1.412832022,-1.922868133,-0.160414547,0.456875741,0.198551506,0.852120340,-0.587466478,-0.509354591,-1.573368669,0.761547804,-0.231450021,0.089708172,0.598688841,-0.504367411,-0.597319663,-1.626799941,0.795210063,-0.312510878,0.005439572,0.519565523,,,,,,,
577,530278,68522,viewpoint,left,0.468259215,1.412573576,-1.923255563,-0.161383957,0.456988752,0.198761404,0.851827681,-0.627350271,-0.544654369,-1.690425396,0.764330029,-0.230306298,0.060001433,0.599298358,-0.501768351,-0.592608869,-1.622404695,0.794224262,-0.312897503,0.002707689,0.520860434,,,,,,,
578,530417,68661,viewpoint,left,0.468978763,1.412709475,-1.923210740,-0.161141515,0.457172930,0.198723316,0.851783633,-0.629845738,-0.546967506,-1.696921587,0.764824331,-0.231711835,0.056902349,0.598427534,-0.505313694,-0.596202612,-1.629519582,0.879367411,-0.438099533,-0.139402643,-0.123889863,-0.608903170,-0.580909252,-1.454599380,0.871728480,-0.422098219,-0.205340251,-0.140562937
579,530555,68799,viewpoint,left,0.469956160,1.413223743,-1.922925353,-0.160270423,0.457292199,0.198464140,0.851944387,-0.629189491,-0.548865438,-1.695762277,0.772615552,-0.241832510,0.075839221,0.582091630,-0.503148973,-0.596206546,-1.623931170,0.794797540,-0.312838316,0.005661154,0.519997180,,,,,,,
580,530680,68924,viewpoint,left,0.471303701,1.413763762,-1.922602296,-0.159472674,0.457809716,0.198059708,0.851910293,-0.629079640,-0.551931739,-1.695616484,0.770640433,-0.239623174,0.076465219,0.585531533,-0.502923548,-0.601452231,-1.628345728,0.788821459,-0.314688057,0.027714305,0.527222931,,,,,,,
581,530806,69050,viewpoint,left,0.472647548,1.414235592,-1.922108531,-0.159188777,0.457813740,0.197639704,0.852058768,-0.628076792,-0.552625775,-1.691145539,0.761949003,-0.226698413,0.055911515,0.604082346,-0.502569199,-0.600941658,-1.625712276,0.793868780,-0.312327534,0.007701480,0.521693885,,,,,,,
582,530945,69189,viewpoint,left,0.474066854,1.414791107,-1.921452403,-0.158325925,0.457308918,0.196969345,0.852645636,-0.592590868,-0.519445360,-1.580014110,0.752162218,-0.215041593,0.073247425,0.618582308,-0.505349874,-0.604246020,-1.626395464,0.792022645,-0.313714117,0.003782913,0.523707271,,,,,,,
583,531082,69326,viewpoint,left,0.475940228,1.415324688,-1.919904590,-0.157481447,0.456577152,0.196291551,0.853350163,-0.635777831,-0.562400103,-1.704570651,0.768440425,-0.235979632,0.075723298,0.589982152,-0.507364690,-0.609408736,-1.629479289,0.786553383,-0.313128412,0.027127493,0.531552851,-0.629639924,-0.608269215,-1.494912744,0.792584538,-0.250641733,0.021114554,0.555466175
584,531222,69466,viewpoint,left,0.477983236,1.415853024,-1.917885900,-0.156452239,0.456550479,0.195874661,0.853649497,-0.634322882,-0.562713623,-1.696341634,0.761663496,-0.229184628,0.057105228,0.603392184,-0.508563995,-0.610437155,-1.629028678,0.792278051,-0.311751336,0.002972787,0.524497807,,,,,,,
585,531346,69590,viewpoint,left,0.480118155,1.416063428,-1.916053891,-0.156048089,0.456562340,0.195396498,0.853826702,-0.632413328,-0.563296795,-1.697225809,0.766192496,-0.241962776,0.083130993,0.589484811,-0.507190704,-0.610436022,-1.628086329,0.791314423,-0.312353015,0.003624450,0.525589168,-0.622965276,-0.602843523,-1.474306822,0.850425541,-0.447918564,-0.246260464,-0.124503791
586,531486,69730,viewpoint,left,0.481857061,1.415954232,-1.914483666,-0.156150088,0.457027197,0.195140719,0.853617847,-0.631632507,-0.563301206,-1.700096488,0.762077868,-0.229491681,0.064491861,0.602006376,-0.504313707,-0.609009981,-1.628224015,0.790810287,-0.310706526,0.001743671,0.527330518,,,,,,,
587,531611,69855,viewpoint,left,0.483773351,1.415718436,-1.913369060,-0.156416610,0.456439912,0.195570350,0.853784919,-0.635526061,-0.562042475,-1.708739638,0.764900208,-0.230345502,0.070834659,0.597370207,-0.505669832,-0.605515122,-1.630671740,0.788820148,-0.311510026,-0.005121304,0.529809475,,,,,,,
588,531750,69994,viewpoint,left,0.485736966,1.415441990,-1.912477136,-0.156922385,0.456144542,0.195893511,0.853775918,-0.636626899,-0.558955133,-1.710521936,0.765046954,-0.233608454,0.069801785,0.596035242,-0.509202719,-0.605071664,-1.638914824,0.792395592,-0.312561005,0.001387984,0.523844302,,,,,,,
589,531875,70119,viewpoint,left,0.487680793,1.415548563,-1.911994576,-0.156117305,0.456864536,0.196317330,0.853441119,-0.634986520,-0.557898343,-1.708259463,0.764007211,-0.232011512,0.067582607,0.598244369,-0.507777512,-0.603820980,-1.636376619,0.790449798,-0.312931478,-0.001379011,0.526555836,,,,,,,
590,532014,70258,viewpoint,left,0.488967299,1.415147185,-1.912304759,-0.157646477,0.455533236,0.196694717,0.853784680,-0.640218019,-0.553426683,-1.716892481,0.766101301,-0.237172872,0.068771958,0.593387127,-0.513917446,-0.601031840,-1.646830916,0.795377851,-0.312019557,0.004719777,0.519610941,,,,,,,
591,532153,70397,viewpoint,left,0.490076900,1.415013552,-1.912152648,-0.157604739,0.455579638,0.196591109,0.853791475,-0.638784826,-0.551892698,-1.712186933,0.765975893,-0.239728019,0.074905559,0.591777503,-0.513744712,-0.600698292,-1.646689534,0.795788825,-0.312319100,0.003409570,0.518811524,,,,,,,
592,532278,70522,viewpoint,left,0.491134763,1.415164471,-1.911824107,-0.156671599,0.456353903,0.196202651,0.853639066,-0.595274389,-0.515518904,-1.592729211,0.758400500,-0.231097370,0.088905245,0.602924943,-0.509811521,-0.599999070,-1.638253689,0.789720595,-0.312240869,0.002552059,0.528053582,-0.626992285,-0.593911767,-1.487558961,0.847696006,-0.448366284,-0.253081918,-0.127784014
593,532417,70661,viewpoint,left,0.491886735,1.415208220,-1.911870599,-0.156529903,0.455957174,0.196184650,0.853881180,-0.637670696,-0.553570688,-1.706595063,0.763719618,-0.231779560,0.062978148,0.599203050,-0.511174917,-0.600133777,-1.636333585,0.791825712,-0.311328113,0.000452602,0.525439560,,,,,,,
594,532556,70800,viewpoint,left,0.492502332,1.415780783,-1.911588311,-0.155425563,0.456072927,0.195838451,0.854100525,-0.642393112,-0.560640275,-1.714968443,0.764355838,-0.235079274,0.066665143,0.596702337,-0.513252616,-0.605245590,-1.638723850,0.791615129,-0.310531914,0.001373108,0.526225746,-0.645390213,-0.613769591,-1.523899913,0.849836707,-0.462460309,-0.218637198,-0.126908600
595,532679,70923,viewpoint,left,0.492986441,1.415984273,-1.911126256,-0.154933721,0.455659151,0.195431709,0.854503810,,,,,,,,-0.514323115,-0.606476128,-1.637294292,0.788708150,-0.309980065,0.004443035,0.530878663,,,,,,,
596,532819,71063,viewpoint,left,0.493420720,1.416204810,-1.910542369,-0.154363737,0.455295384,0.195626199,0.854756296,-0.601548195,-0.521824121,-1.587441683,0.751740873,-0.220752165,0.082063466,0.615970552,-0.517246366,-0.608000159,-1.639251113,0.787525952,-0.311454773,0.004410465,0.531770110,-0.635435939,-0.602161348,-1.490478277,0.847689867,-0.449758768,-0.251476973,-0.126088709
597,532945,71189,viewpoint,left,0.493455648,1.416350484,-1.909814715,-0.154054180,0.455546796,0.195596799,0.854684949,-0.643162191,-0.562343180,-1.709424496,0.762776256,-0.229549259,0.063451707,0.601209998,-0.514681756,-0.607246518,-1.635319710,0.788133740,-0.310488284,-0.005926073,0.531420052,,,,,,,
598,533082,71326,viewpoint,left,0.493167520,1.416252613,-1.909251094,-0.154195338,0.454809904,0.196268171,0.854897976,-0.643802464,-0.558827519,-1.708162665,0.765901268,-0.240565568,0.076159209,0.591373980,-0.518086493,-0.608773649,-1.642374992,0.783924997,-0.307802707,0.033352498,0.538151205,,,,,,,
599,533209,71453,viewpoint,left,0.492687464,1.416003108,-1.908571124,-0.154463872,0.454334766,0.196783319,0.854983747,-0.646241188,-0.557464182,-1.707851887,0.763096690,-0.228928417,0.064562432,0.600921690,-0.520678699,-0.605848610,-1.643585443,0.788729787,-0.312038451,-0.002466440,0.529652059,,,,,,,
600,533346,71590,viewpoint,left,0.492331743,1.415963650,-1.908497214,-0.154600739,0.454897940,0.196194425,0.854794860,-0.645799518,-0.560996056,-1.715423107,0.765160024,-0.234237999,0.060966093,0.596611977,-0.516990662,-0.606232107,-1.640882134,0.792347610,-0.310762048,0.001182274,0.524986446,,,,,,,
601,533486,71730,viewpoint,left,0.492215753,1.415798903,-1.908665299,-0.154964834,0.455077022,0.195982367,0.854682267,-0.640415311,-0.557977140,-1.706822276,0.763137817,-0.236500651,0.069844879,0.597335577,-0.514925361,-0.605869770,-1.640104771,0.791933060,-0.310480893,0.001956514,0.525775373,,,,,,,
602,533612,71856,viewpoint,left,0.491952300,1.415982366,-1.908594728,-0.154178247,0.455980062,0.195705786,0.854406536,-0.638784707,-0.561606824,-1.707567453,0.762972534,-0.230323464,0.067540251,0.600218594,-0.510251999,-0.606272340,-1.633508086,0.786145091,-0.308272183,-0.007019331,0.535625756,,,,,,,
603,533750,71994,viewpoint,left,0.491367936,1.416022062,-1.908743739,-0.154051706,0.456516743,0.195676386,0.854149461,-0.639157474,-0.565090060,-1.716458440,0.764094293,-0.235472649,0.069484875,0.596560478,-0.509662032,-0.609146655,-1.638904691,0.790871501,-0.312626898,0.002303505,0.526100159,,,,,,,
604,533875,72119,viewpoint,left,0.490487456,1.415941238,-1.909042001,-0.154298723,0.457212925,0.195513219,0.853769779,-0.591553390,-0.521594167,-1.587256551,0.746414185,-0.231627956,0.075929478,0.619232774,-0.506308734,-0.607946157,-1.635459900,0.789785147,-0.311217397,0.000252400,0.528567016,,,,,,,
605,534014,72258,viewpoint,left,0.489640951,1.415722489,-1.909442782,-0.155065924,0.456997514,0.194985896,0.853866696,-0.636662185,-0.565967381,-1.718983173,0.764038622,-0.236142308,0.071155630,0.596170068,-0.505991101,-0.608208179,-1.636367202,0.791983366,-0.311945081,0.003736971,0.524822474,,,,,,,
606,534140,72384,viewpoint,left,0.488995314,1.415697455,-1.909506202,-0.155027017,0.456399053,0.194581330,0.854286015,-0.636952341,-0.566763282,-1.713745713,0.759299815,-0.222602785,0.064316131,0.608091533,-0.508932889,-0.611987889,-1.639999032,0.789488196,-0.311756372,0.002220060,0.528688431,,,,,,,
607,534277,72521,viewpoint,left,0.488382220,1.415866137,-1.909370542,-0.154548958,0.456498891,0.194192633,0.854407787,-0.634156048,-0.567187190,-1.708545327,0.766195714,-0.237441003,0.071107633,0.592882454,-0.507661939,-0.613752604,-1.636959434,0.791450858,-0.311723500,0.003091314,0.525760889,,,,,,,
608,534417,72661,viewpoint,left,0.487581611,1.415998220,-1.909358382,-0.154338196,0.456625462,0.194251195,0.854364932,-0.632576704,-0.566415668,-1.700673342,0.756779373,-0.218565032,0.055890795,0.613506794,-0.506023109,-0.613200486,-1.633127451,0.787107110,-0.311078519,0.003787845,0.532614350,,,,,,,
609,534542,72786,viewpoint,left,0.486840248,1.416004419,-1.909240127,-0.154210538,0.457146823,0.195089266,0.853918076,-0.634462059,-0.568793535,-1.714744925,0.766855121,-0.243972719,0.081277937,0.588051438,-0.505870998,-0.612772584,-1.635783672,0.791860700,-0.311570168,0.006135234,0.525207639,-0.617477119,-0.601933718,-1.476366282,0.776914060,-0.251677722,0.011541647,0.577000618
610,534681,72925,viewpoint,left,0.486566424,1.416084409,-1.909466624,-0.154091984,0.457193494,0.194936797,0.853949308,-0.633391619,-0.568031013,-1.711843014,0.766421139,-0.242932916,0.080386959,0.589169085,-0.504833460,-0.612155318,-1.633102298,0.789419770,-0.312220991,0.005258413,0.528494895,-0.616925776,-0.601569057,-1.475153685,0.777360439,-0.251052439,0.015564551,0.576577187
611,534806,73050,viewpoint,left,0.486762404,1.416049838,-1.909883618,-0.154489607,0.457145035,0.194669724,0.853964329,-0.633402228,-0.568030238,-1.712460160,0.766725838,-0.241999224,0.079327263,0.589300513,-0.506005108,-0.613374770,-1.637414336,0.791929543,-0.311366141,0.005522857,0.525231659,-0.618045509,-0.602632880,-1.478070140,0.778212905,-0.252402276,0.013473988,0.574887991
612,534945,73189,viewpoint,left,0.487083912,1.415948153,-1.910189509,-0.154748306,0.457237750,0.194484457,0.853910089,-0.630896032,-0.565817595,-1.707933784,0.768747330,-0.241669834,0.080206513,0.586677253,-0.504889727,-0.612002134,-1.635439038,0.791931152,-0.311862171,0.006517555,0.524923384,,,,,,,
613,535084,73328,viewpoint,left,0.487640142,1.415870547,-1.910268426,-0.154702649,0.457710624,0.194577977,0.853643656,-0.629231691,-0.564393818,-1.703970909,0.761834741,-0.229482532,0.066532053,0.602095604,-0.503071487,-0.611165404,-1.635132790,0.788359404,-0.312149465,-0.003005234,0.530135036,,,,,,,
614,535208,73452,viewpoint,left,0.488436699,1.415652156,-1.910459876,-0.155010521,0.458026141,0.194739252,0.853381753,-0.631291032,-0.565491736,-1.717017412,0.767522693,-0.244366303,0.082218871,0.586885154,-0.502197564,-0.608935118,-1.636098146,0.791844368,-0.312001467,0.005407569,0.524984062,-0.612475932,-0.598329782,-1.474836826,0.873471260,-0.421617061,-0.190830454,-0.151230976
615,535347,73591,viewpoint,left,0.489542484,1.415468931,-1.910706639,-0.155523986,0.458064675,0.194489688,0.853324592,-0.630772293,-0.564329028,-1.716568947,0.768499672,-0.243515596,0.083669066,0.585754216,-0.502154648,-0.608044147,-1.636760712,0.791280210,-0.312663198,0.003493083,0.525457144,,,,,,,
616,535473,73717,viewpoint,left,0.490973592,1.415602446,-1.910396934,-0.154847547,0.458703071,0.194444150,0.853115022,-0.632135153,-0.566573083,-1.719383240,0.765522182,-0.236995593,0.066373967,0.594477355,-0.502229571,-0.610099494,-1.639269352,0.791783988,-0.312252045,0.008353193,0.524887621,,,,,,,
617,535611,73855,viewpoint,left,0.492120743,1.415528178,-1.910846591,-0.155150831,0.458099604,0.194388554,0.853396833,-0.632857084,-0.563314438,-1.714296579,0.761829257,-0.227162942,0.066729590,0.602959633,-0.506086111,-0.610101581,-1.644276500,0.789621890,-0.313800603,0.001988099,0.527278423,-0.612373710,-0.595328569,-1.471869588,0.871042490,-0.424006820,-0.206702009,-0.137030974
618,535737,73981,viewpoint,left,0.493213773,1.415503979,-1.911818147,-0.156088904,0.457280785,0.194168180,0.853715003,-0.631640911,-0.558321476,-1.707139730,0.766819894,-0.242818281,0.083737798,0.588230014,-0.506601334,-0.605739176,-1.638659716,0.792460680,-0.310427457,0.004503139,0.524995804,,,,,,,
619,535875,74119,viewpoint,left,0.494575024,1.415460706,-1.912210107,-0.156358495,0.457086325,0.193766192,0.853861094,-0.635687888,-0.560898423,-1.715010047,0.764434338,-0.237582281,0.069737032,0.595257580,-0.508456409,-0.607040405,-1.642930269,0.792769969,-0.309444010,0.003099289,0.525119662,,,,,,,
620,536001,74245,viewpoint,left,0.496070504,1.415511370,-1.912820935,-0.156440318,0.457804590,0.193236053,0.853581429,-0.634547651,-0.562103093,-1.718392611,0.769434750,-0.242889866,0.080190457,0.585272729,-0.507246017,-0.607925057,-1.644860744,0.793525159,-0.311149299,0.005886728,0.522943020,,,,,,,
621,536140,74384,viewpoint,left,0.497313261,1.415572286,-1.913309455,-0.156283498,0.458510756,0.193316132,0.853212893,-0.632852077,-0.561680317,-1.718730330,0.764136553,-0.236659586,0.072692543,0.595653713,-0.505489409,-0.606786966,-1.643743634,0.791115701,-0.310480982,-0.000856253,0.527007401,,,,,,,
622,536265,74509,viewpoint,left,0.499225974,1.415788531,-1.913701653,-0.155980080,0.458947420,0.193150327,0.853071213,-0.635242403,-0.564188004,-1.725858331,0.764899671,-0.237679854,0.071425207,0.594420135,-0.504887700,-0.606555641,-1.643748283,0.789316535,-0.309762448,-0.001753425,0.530116498,,,,,,,
623,536403,74647,viewpoint,left,0.500968337,1.415895343,-1.914070487,-0.156266958,0.458086938,0.193122298,0.853487432,-0.593481183,-0.520372391,-1.596470237,0.750679493,-0.214582890,0.080285810,0.619668245,-0.507744312,-0.604582012,-1.642537594,0.788616419,-0.311140299,0.005923500,0.530321360,,,,,,,
624,536542,74786,viewpoint,left,0.502956152,1.415933847,-1.914216876,-0.156703681,0.457219839,0.192483857,0.854016364,-0.640871346,-0.560954332,-1.721274972,0.760972083,-0.217370749,0.052792959,0.609002769,-0.510762513,-0.603465974,-1.639149427,0.780701756,-0.295955569,-0.001833289,0.550374269,,,,,,,
625,536667,74911,viewpoint,left,0.505030632,1.416061282,-1.913940310,-0.156995520,0.457484424,0.191386744,0.854067683,-0.597456276,-0.522997200,-1.603657484,0.753497601,-0.219211042,0.091431879,0.613048196,-0.513681889,-0.612304807,-1.662817478,0.789882302,-0.310960352,0.041832104,0.526915312,,,,,,,
626,536806,75050,viewpoint,left,0.506232858,1.415872216,-1.914080262,-0.158496633,0.456691861,0.191357419,0.854221106,-0.642077684,-0.559881151,-1.730436087,0.764027655,-0.222840831,0.066178262,0.601850569,-0.512522936,-0.602989316,-1.649851084,0.785985589,-0.297589809,-0.007212218,0.541862547,,,,,,,
627,536931,75175,viewpoint,left,0.506812692,1.415175796,-1.914079070,-0.161249101,0.456591934,0.190919340,0.853857338,-0.634227037,-0.550399303,-1.723099947,0.767662287,-0.235943243,0.083242394,0.589996696,-0.508705378,-0.597234964,-1.656012654,0.794087887,-0.308210611,0.008975556,0.523784459,,,,,,,
628,537070,75314,viewpoint,left,0.506700277,1.414158225,-1.913535953,-0.164170995,0.456677347,0.191924930,0.853029013,-0.632986307,-0.541412234,-1.739216328,0.773390710,-0.237086713,0.088318706,0.581254303,-0.505827904,-0.586974740,-1.666459322,0.797226906,-0.308234930,0.009806938,0.518964648,-0.608028889,-0.570450723,-1.483033419,0.781968176,-0.237869620,0.026567269,0.575532794
629,537208,75452,viewpoint,left,0.505550385,1.413373351,-1.912141681,-0.166549996,0.457989514,0.192876056,0.851648748,-0.621061027,-0.529112339,-1.733264804,0.773216724,-0.242927760,0.082342565,0.579949796,-0.494885027,-0.575880289,-1.662596464,0.796815276,-0.310066491,0.010121173,0.518499553,,,,,,,
630,537346,75590,viewpoint,left,0.503844738,1.412778139,-1.910735965,-0.167649478,0.459334642,0.194002092,0.850451946,-0.616209090,-0.523948908,-1.735963106,0.768789172,-0.226208255,0.064116314,0.594711840,-0.488866985,-0.569967747,-1.664984941,0.796482980,-0.312718540,0.010378258,0.517411232,,,,,,,
631,537486,75730,viewpoint,left,0.502420545,1.412587404,-1.909150243,-0.167214930,0.460501969,0.195282474,0.849612772,-0.612643003,-0.524435580,-1.747531056,0.773168683,-0.239662543,0.078985706,0.581836224,-0.484322369,-0.569106460,-1.666170120,0.796708405,-0.313453853,0.007300648,0.516671300,,,,,,,
632,537611,75855,viewpoint,left,0.501181245,1.412840843,-1.908145308,-0.166418925,0.462106079,0.195786491,0.848781705,-0.607586503,-0.525396883,-1.743547201,0.764600277,-0.229747683,0.066166788,0.598518491,-0.480357468,-0.571312487,-1.669653058,0.795757413,-0.315004051,0.008410271,0.517176747,-0.611699700,-0.582238793,-1.553411484,0.792598665,-0.289021969,0.007396722,0.536841750
633,537749,75993,viewpoint,left,0.499704719,1.413081408,-1.907709479,-0.165908098,0.463535666,0.196306184,0.847981751,-0.603436053,-0.525325656,-1.742547154,0.765025437,-0.231603459,0.066791587,0.597189069,-0.478404820,-0.571971118,-1.671444774,0.792602122,-0.315076828,0.039818291,0.520502687,,,,,,,
634,537890,76134,viewpoint,left,0.498644948,1.413257718,-1.907587886,-0.165938437,0.462273270,0.196687371,0.848576427,-0.607099175,-0.525031984,-1.741479874,0.765112340,-0.230764672,0.066263266,0.597461343,-0.481990218,-0.572801769,-1.669388533,0.878440857,-0.432854533,-0.140266448,-0.145958811,-0.595775127,-0.564381301,-1.506724000,0.847051799,-0.448493898,-0.234480023,-0.162405729
635,538028,76272,viewpoint,left,0.497790813,1.413519740,-1.907961488,-0.165574178,0.461797565,0.196233258,0.849011600,-0.571509004,-0.492034346,-1.623595953,0.761536777,-0.232004583,0.082792953,0.599483967,-0.482639313,-0.574219704,-1.667425632,0.794850886,-0.316048563,0.006633068,0.517958820,-0.603732824,-0.573188066,-1.518037796,0.847265065,-0.457711130,-0.219157293,-0.156883791
636,538167,76411,viewpoint,left,0.497067213,1.413478732,-1.908298135,-0.165777907,0.461703509,0.196779653,0.848896563,-0.606627703,-0.524755239,-1.735502243,0.767475247,-0.232686311,0.069496825,0.593303561,-0.482705534,-0.573597133,-1.667408943,0.794380367,-0.315554798,0.004084543,0.519006968,-0.592134535,-0.560824335,-1.494317055,0.851459205,-0.435548961,-0.246439204,-0.156786546
637,538305,76549,viewpoint,left,0.496587038,1.413535357,-1.908503652,-0.165516227,0.462281436,0.197078183,0.848563790,-0.606481254,-0.525484324,-1.737348199,0.767451942,-0.233634189,0.064984091,0.593472600,-0.480583310,-0.573133528,-1.665157676,0.794260263,-0.317307264,0.007601064,0.518082023,,,,,,,
638,538431,76675,viewpoint,left,0.496168733,1.413606524,-1.908674121,-0.165118366,0.462908179,0.197037593,0.848308980,-0.608316779,-0.530369818,-1.750048757,0.774390280,-0.249368414,0.086910151,0.574962378,-0.481586397,-0.574817419,-1.668816566,0.791907609,-0.316094488,0.037367031,0.521124065,-0.595981598,-0.568793297,-1.511505246,0.789568305,-0.260085404,0.029004335,0.555064142
639,538570,76814,viewpoint,left,0.495854139,1.413782358,-1.908408761,-0.164483532,0.463019431,0.197222516,0.848328650,-0.567279160,-0.491716981,-1.615600705,0.755790770,-0.222236499,0.080761306,0.610630035,-0.479896069,-0.576438665,-1.664728522,0.794655621,-0.316198528,0.009041057,0.518130600,,,,,,,
640,538708,76952,viewpoint,left,0.495140195,1.413889885,-1.908200622,-0.164280772,0.462727308,0.197218582,0.848528206,-0.604082406,-0.526553512,-1.728839993,0.766502678,-0.231576294,0.069092274,0.595039845,-0.481735408,-0.578084528,-1.668132424,0.793920219,-0.318172693,0.005611169,0.518097818,,,,,,,
641,538846,77090,viewpoint,left,0.494187236,1.413728714,-1.907804847,-0.164437145,0.462178290,0.197899908,0.848638475,-0.610367119,-0.528434873,-1.739187837,0.764020801,-0.230549589,0.064412341,0.599141181,-0.475627363,-0.567249060,-1.642130733,0.792040467,-0.311710358,0.003695537,0.524876058,-0.597930610,-0.567310095,-1.507174969,0.858032405,-0.430007726,-0.226658523,-0.165830255
642,538985,77229,viewpoint,left,0.493452907,1.413783193,-1.906549335,-0.164067104,0.461934000,0.198071435,0.848803103,-0.605739832,-0.525083601,-1.726017833,0.765334666,-0.230008006,0.064050108,0.597709596,-0.483964562,-0.580277920,-1.673965216,0.792854249,-0.318904132,0.034433540,0.518166542,,,,,,,
643,539111,77355,viewpoint,left,0.493019462,1.413966894,-1.905065656,-0.163034663,0.462371647,0.198298320,0.848710775,-0.610261202,-0.533607960,-1.747646213,0.773930252,-0.249365166,0.080882229,0.576460898,-0.478245199,-0.574669003,-1.653808713,0.793041229,-0.315425813,0.008554840,0.521074891,,,,,,,
644,539250,77494,viewpoint,left,0.492739797,1.414000869,-1.904026628,-0.162702322,0.462834567,0.198493674,0.848476529,-0.606741786,-0.532524765,-1.739442468,0.762483954,-0.231491208,0.065339930,0.600633621,-0.476825774,-0.576252341,-1.656194210,0.794245541,-0.315562099,0.001733420,0.519222140,,,,,,,
645,539389,77633,viewpoint,left,0.492476463,1.414158106,-1.903085828,-0.162429869,0.462842166,0.198559135,0.848509252,-0.603839457,-0.530489326,-1.731811643,0.762360394,-0.232004464,0.062192604,0.600926518,-0.479464889,-0.582963884,-1.670518875,0.791242838,-0.319153517,0.036254536,0.520347357,,,,,,,
646,539529,77773,viewpoint,left,0.492310643,1.414319277,-1.901897311,-0.161932096,0.462267578,0.199126825,0.848784566,-0.606980145,-0.531157494,-1.734242797,0.762340009,-0.227558106,0.052545037,0.603567779,-0.477667153,-0.575675368,-1.649510980,0.783317745,-0.304428190,-0.005379545,0.541948199,-0.602774024,-0.579632878,-1.522831082,0.873594880,-0.427636385,-0.185677916,-0.139581010
647,539668,77912,viewpoint,left,0.492273569,1.413986683,-1.901187062,-0.162961170,0.461878121,0.199449882,0.848723710,-0.608137608,-0.529029846,-1.741303802,0.763016343,-0.232121080,0.065914094,0.599650979,-0.476525784,-0.570405662,-1.646564364,0.783069909,-0.302688807,-0.005046292,0.543282151,,,,,,,
648,539806,78050,viewpoint,left,0.492128372,1.413888097,-1.900600791,-0.162882060,0.462424010,0.199504837,0.848428726,-0.605727434,-0.528999627,-1.745592952,0.774148941,-0.251145720,0.081820972,0.575260460,-0.473111153,-0.569358766,-1.648911238,0.792307258,-0.315877944,0.000366315,0.521986783,,,,,,,
649,539932,78176,viewpoint,left,0.492088199,1.413789153,-1.899578214,-0.162633777,0.463107616,0.199954748,0.847997487,-0.604614735,-0.529854894,-1.749063015,0.771022558,-0.244605958,0.071709350,0.583566546,-0.477889717,-0.576149821,-1.668119431,0.879279435,-0.434277892,-0.128787220,-0.147255793,,,,,,,
650,540070,78314,viewpoint,left,0.492057920,1.413768291,-1.899005771,-0.162284359,0.463643551,0.200423494,0.847660840,-0.598974824,-0.525548756,-1.737335801,0.765715837,-0.236503184,0.063441679,0.594744205,-0.474428892,-0.574810922,-1.667746782,0.793641627,-0.318975508,0.007114729,0.518012524,-0.594769776,-0.572633862,-1.523806453,0.872143686,-0.418431729,-0.189717934,-0.168188632
651,540209,78453,viewpoint,left,0.492106795,1.413871527,-1.898408055,-0.161978841,0.463824391,0.200520709,0.847597301,-0.599678814,-0.528037310,-1.746050239,0.765462577,-0.237357110,0.068291701,0.594192743,-0.472745419,-0.573544919,-1.663662076,0.792222202,-0.318968207,0.009172303,0.520153105,,,,,,,
652,540346,78590,viewpoint,left,0.492516875,1.413852334,-1.897928357,-0.162468910,0.463843405,0.200354561,0.847532392,-0.596308470,-0.523054242,-1.732938528,0.763745964,-0.236784935,0.062121574,0.597298801,-0.473751724,-0.574815333,-1.670156121,0.794204295,-0.319206327,0.007568586,0.517000556,,,,,,,
653,540486,78730,viewpoint,left,0.492817640,1.413693905,-1.897690177,-0.163000941,0.463804752,0.200175047,0.847493887,-0.601940334,-0.528053641,-1.756033540,0.774519026,-0.251126885,0.085424699,0.574245751,-0.467175245,-0.566200852,-1.650723219,0.787057757,-0.312341332,-0.000945117,0.531960666,,,,,,,
654,540626,78870,viewpoint,left,0.493226767,1.413690329,-1.897616744,-0.162885576,0.463349491,0.200045288,0.847795665,,,,,,,,-0.471685290,-0.569885850,-1.655876398,0.783985496,-0.306213289,-0.006010505,0.539966702,,,,,,,
655,540765,79009,viewpoint,left,0.493255258,1.413486004,-1.897722125,-0.163184941,0.463397473,0.200068891,0.847706258,-0.603568435,-0.528041422,-1.756540895,0.774110675,-0.251329213,0.086490713,0.574548304,-0.468489945,-0.564578652,-1.644293070,0.779486597,-0.303205967,0.003053346,0.548139989,,,,,,,
656,540890,79134,viewpoint,left,0.493199229,1.413428664,-1.897626758,-0.162963018,0.463616312,0.200470701,0.847534359,-0.599977553,-0.524658799,-1.748529673,0.766194046,-0.236367792,0.066882819,0.593804419,-0.472929418,-0.570195854,-1.665347576,0.792915165,-0.318631917,0.007473237,0.519329786,,,,,,,
657,541027,79271,viewpoint,left,0.493137240,1.413557649,-1.897704482,-0.162422940,0.464136928,0.200473294,0.847352445,-0.599068284,-0.525092185,-1.741579294,0.763476372,-0.234073266,0.064810477,0.598425508,-0.471858144,-0.572181344,-1.664565206,0.793770432,-0.318838179,0.007464856,0.517894685,-0.606363654,-0.580033064,-1.556240559,0.784503996,-0.272103250,0.057460979,0.554266810
658,541168,79412,viewpoint,left,0.493220329,1.413711309,-1.898064971,-0.162477776,0.464146733,0.200458273,0.847340107,-0.599270701,-0.524978340,-1.740782380,0.762860775,-0.231238604,0.058138132,0.600992560,-0.472312927,-0.572873116,-1.666285157,0.793700516,-0.318592370,0.007079092,0.518158555,-0.606596828,-0.580034852,-1.556256533,0.784653902,-0.271642029,0.054604016,0.554569364
659,541306,79550,viewpoint,left,0.493098855,1.413832784,-1.898206830,-0.162400335,0.464354306,0.200678855,0.847189009,-0.599553287,-0.525491714,-1.743312597,0.763318300,-0.233702913,0.064815268,0.598771274,-0.470820367,-0.571160913,-1.661995530,0.792806983,-0.317375809,0.003841603,0.520302832,,,,,,,
660,541445,79689,viewpoint,left,0.493174195,1.413792372,-1.898661494,-0.162768021,0.464109361,0.200343177,0.847332120,-0.602432787,-0.528124988,-1.756124258,0.773140192,-0.251685977,0.085151963,0.575897157,-0.469550192,-0.568566322,-1.655532718,0.791457117,-0.318246841,0.006476424,0.521797538,,,,,,,
661,541584,79828,viewpoint,left,0.493698001,1.413720608,-1.899047494,-0.162906110,0.463483930,0.200125396,0.847699285,-0.559914052,-0.486860991,-1.617130518,0.748823047,-0.247669771,0.104840957,0.605749130,-0.475741386,-0.575642824,-1.672982693,0.791234374,-0.319644570,0.033707019,0.520230055,,,,,,,
662,541722,79966,viewpoint,left,0.494117975,1.413700223,-1.899355292,-0.162913725,0.463268757,0.199816689,0.847888231,-0.599034131,-0.521977067,-1.729915738,0.763337016,-0.233690009,0.062139194,0.599036217,-0.475923538,-0.573318124,-1.666694403,0.793730676,-0.317417771,0.003211467,0.518871069,-0.593220711,-0.565865457,-1.509175420,0.852297187,-0.447073519,-0.225196764,-0.151661530
663,541846,80090,viewpoint,left,0.494613767,1.413691521,-1.899612546,-0.163065419,0.463401049,0.199667454,0.847821951,-0.597992003,-0.521465600,-1.728353977,0.761430800,-0.230574578,0.058231384,0.603048563,-0.476291478,-0.574334264,-1.670553327,0.794293344,-0.317370921,0.003302755,0.518037558,,,,,,,
664,541985,80229,viewpoint,left,0.495082378,1.413689852,-1.899846911,-0.163128152,0.463545680,0.199517652,0.847766101,-0.600694537,-0.524731755,-1.739885330,0.764164448,-0.238442108,0.075508118,0.594555855,-0.476232231,-0.576452017,-1.675265312,0.791814923,-0.319156289,0.033679850,0.519648015,,,,,,,
665,542126,80370,viewpoint,left,0.495262027,1.413664937,-1.899985671,-0.163387239,0.463969409,0.199113667,0.847579360,-0.600163758,-0.525128186,-1.741250515,0.763373613,-0.229532868,0.058800552,0.600930810,-0.469121695,-0.567021191,-1.648839593,0.784023523,-0.304528892,-0.007173907,0.540849209,,,,,,,
666,542266,80510,viewpoint,left,0.495547295,1.413680077,-1.899595857,-0.163260579,0.463635594,0.199636161,0.847663522,-0.604507804,-0.526677847,-1.752063155,0.772372305,-0.243643582,0.068061121,0.582620442,-0.474731863,-0.570457697,-1.665899277,0.792974710,-0.317248851,0.007914473,0.520078540,-0.600840569,-0.572419286,-1.531694055,0.851927698,-0.444733799,-0.235533074,-0.144759268
667,542404,80648,viewpoint,left,0.495874047,1.413692474,-1.899090648,-0.163067356,0.463094443,0.199653313,0.847992420,-0.605471551,-0.526078403,-1.744819283,0.761792421,-0.225945234,0.054154765,0.604721665,-0.468927801,-0.561491370,-1.637985349,0.773701072,-0.291884333,-0.010568028,0.562208533,,,,,,,
668,542542,80786,viewpoint,left,0.496187806,1.413766146,-1.898600936,-0.163149923,0.462488055,0.199388444,0.848369718,-0.607322037,-0.526351750,-1.746503234,0.764200211,-0.229986325,0.057813808,0.599801540,-0.474458575,-0.567078829,-1.654087901,0.792029321,-0.315669090,0.009530677,0.522447944,,,,,,,
669,542667,80911,viewpoint,left,0.496569395,1.413772702,-1.897784591,-0.163410604,0.461659372,0.199169099,0.848822296,-0.610465527,-0.527769685,-1.755390048,0.773884296,-0.247921675,0.079475045,0.577340126,-0.476965964,-0.566420257,-1.650056481,0.781165779,-0.299739927,-0.003402675,0.547653556,,,,,,,
670,542806,81050,viewpoint,left,0.497101784,1.413960934,-1.897164464,-0.163275242,0.461017132,0.198468298,0.849361360,-0.606177092,-0.524780929,-1.735602260,0.766741097,-0.233425200,0.066130839,0.594346225,-0.482620776,-0.575243950,-1.671586037,0.794305563,-0.317479521,0.004863219,0.517939866,,,,,,,
671,542945,81189,viewpoint,left,0.497665048,1.414056659,-1.896870494,-0.163192526,0.460346282,0.198496878,0.849734366,-0.609215736,-0.526883364,-1.742261171,0.766669035,-0.234020382,0.067091942,0.594097316,-0.483682275,-0.574401975,-1.669121027,0.792742789,-0.314804316,0.002111162,0.521970093,,,,,,,
672,543084,81328,viewpoint,left,0.498307347,1.414375305,-1.896539569,-0.162640318,0.460638821,0.197907329,0.849819183,-0.605761766,-0.525718093,-1.728985310,0.763335288,-0.227119923,0.055195548,0.602236867,-0.480910242,-0.575159907,-1.663291335,0.792482495,-0.311977893,0.006453632,0.524022520,,,,,,,
673,543222,81466,viewpoint,left,0.498858809,1.414329529,-1.896557450,-0.163220882,0.461158574,0.197607040,0.849495828,-0.609958887,-0.532108784,-1.755720258,0.773952842,-0.248313978,0.083904572,0.576452255,-0.480245054,-0.575356483,-1.669607520,0.793353498,-0.314800382,0.005954056,0.521013916,-0.603719771,-0.575573623,-1.530388117,0.855383575,-0.438436091,-0.228479832,-0.154562920
674,543363,81607,viewpoint,left,0.499291182,1.414186478,-1.896508336,-0.163571492,0.461978614,0.197765246,0.848945856,-0.601652086,-0.524508417,-1.736439347,0.766377866,-0.232138112,0.065820090,0.595352530,-0.477106810,-0.574045062,-1.669628382,0.794393837,-0.315991282,0.007076496,0.518688738,,,,,,,
675,543486,81730,viewpoint,left,0.499875546,1.414080381,-1.896746039,-0.163790166,0.462097794,0.198049217,0.848772585,-0.605909944,-0.526959062,-1.755462408,0.768347859,-0.236940593,0.066367611,0.590843439,-0.478354871,-0.572794437,-1.674771905,0.794510424,-0.317229867,0.002116535,0.517797112,,,,,,,
676,543625,81869,viewpoint,left,0.500330925,1.413875580,-1.897248387,-0.164122432,0.462060571,0.197899058,0.848763704,-0.601751328,-0.522310138,-1.741274357,0.767197669,-0.239541650,0.078338400,0.589822531,-0.477996826,-0.571640968,-1.673294544,0.795535028,-0.316860795,0.007324340,0.516400754,,,,,,,
677,543765,82009,viewpoint,left,0.500846744,1.413822293,-1.897781491,-0.164097697,0.461894721,0.197902352,0.848857999,-0.603448987,-0.522051096,-1.740496635,0.767644227,-0.233837768,0.067209147,0.592895627,-0.481502295,-0.574335754,-1.681143641,0.796087563,-0.317902148,0.003008386,0.514950275,-0.589191973,-0.560469627,-1.501426578,0.788695216,-0.260406405,0.076812752,0.551586926
678,543903,82147,viewpoint,left,0.500840068,1.413664341,-1.898544908,-0.164801866,0.462053865,0.197893307,0.848637044,-0.605655134,-0.522722721,-1.747475266,0.766865492,-0.231445655,0.062588088,0.595342815,-0.475267649,-0.564758778,-1.656548023,0.783468902,-0.300680190,0.002449140,0.543839991,,,,,,,
679,544042,82286,viewpoint,left,0.500586629,1.413175583,-1.899021029,-0.165747002,0.462038547,0.197852761,0.848470747,-0.602561772,-0.519131303,-1.744740248,0.769383430,-0.238592103,0.079734951,0.587167144,-0.477887869,-0.568107486,-1.675355792,0.796401680,-0.316565812,0.003631308,0.515283644,,,,,,,
680,544181,82425,viewpoint,left,0.500549197,1.412996292,-1.899632812,-0.166359827,0.461278826,0.197517574,0.848842204,-0.604623199,-0.517717659,-1.742618203,0.767778873,-0.231132582,0.070794329,0.593364537,-0.479118466,-0.565265596,-1.670223951,0.796183407,-0.311476082,0.012980283,0.518561721,,,,,,,
681,544320,82564,viewpoint,left,0.500724435,1.413053274,-1.900093675,-0.166051805,0.460835218,0.197565541,0.849132240,-0.608644187,-0.520726264,-1.749129295,0.770362675,-0.238871947,0.079883665,0.585747540,-0.481874168,-0.567316055,-1.672518969,0.796400189,-0.316187978,0.005998974,0.515495718,,,,,,,
682,544458,82702,viewpoint,left,0.500618458,1.412909031,-1.901105285,-0.166420445,0.460847288,0.197718546,0.849017918,-0.608179271,-0.517775893,-1.742909670,0.767932892,-0.230869442,0.069336236,0.593439877,-0.476038396,-0.558229804,-1.650285125,0.776965678,-0.288097382,-0.007223630,0.559707105,,,,,,,
683,544582,82826,viewpoint,left,0.500494480,1.412497997,-1.902299285,-0.167396620,0.461384386,0.198051482,0.848456502,-0.605573714,-0.512581825,-1.739666820,0.766800523,-0.230397820,0.062851056,0.595804989,-0.480103910,-0.561454058,-1.672080517,0.796096981,-0.311013997,0.013167671,0.518966734,,,,,,,
684,544721,82965,viewpoint,left,0.500365734,1.412097692,-1.903229356,-0.168088019,0.462198704,0.198207378,0.847839952,-0.604484558,-0.512874603,-1.750591636,0.771255612,-0.240120232,0.078805558,0.584206104,-0.478831887,-0.561206758,-1.678116918,0.797527254,-0.317883044,0.007170712,0.512688279,,,,,,,
685,544860,83104,viewpoint,left,0.500014544,1.411800742,-1.904626012,-0.168915451,0.462309331,0.198149338,0.847628772,-0.605351329,-0.511014163,-1.749486685,0.767189920,-0.229945943,0.061426383,0.595626831,-0.473797739,-0.552398443,-1.655644178,0.784835756,-0.297270119,0.000536470,0.543749034,,,,,,,
686,545001,83245,viewpoint,left,0.499749064,1.411444068,-1.905692220,-0.170491546,0.461578578,0.198480800,0.847633898,-0.607855558,-0.507574022,-1.757659554,0.777997673,-0.247659534,0.080898769,0.571699023,-0.479891658,-0.554052234,-1.678809643,0.799434721,-0.317521811,0.006388268,0.509944439,,,,,,,
687,545140,83384,viewpoint,left,0.499514461,1.410951257,-1.907189250,-0.172421366,0.460464329,0.198281735,0.847896159,-0.608136773,-0.502191424,-1.755670786,0.775188386,-0.240016773,0.075408719,0.579472542,-0.479903162,-0.547576308,-1.671978951,0.798592269,-0.314903498,0.002842111,0.512911379,,,,,,,
688,545278,83522,viewpoint,left,0.499245405,1.410513282,-1.907961726,-0.174614578,0.459842056,0.198387206,0.847760320,-0.606682479,-0.493772388,-1.745486140,0.774096906,-0.228589058,0.067260616,0.586512625,-0.479635775,-0.540857196,-1.672795057,0.800896823,-0.311107904,0.009273891,0.511556566,,,,,,,
689,545415,83659,viewpoint,left,0.498843908,1.409957767,-1.908471227,-0.177419633,0.460481167,0.198226854,0.846868038,-0.603464425,-0.490413785,-1.759650111,0.778213799,-0.232921541,0.070406877,0.578941941,-0.471283019,-0.532655239,-1.665077806,0.794278145,-0.297781736,-0.005665621,0.529543400,,,,,,,
690,545556,83800,viewpoint,left,0.498036861,1.409521222,-1.909165502,-0.179394349,0.461185157,0.197554976,0.846225739,-0.594220817,-0.484304875,-1.756639600,0.781289577,-0.240274146,0.084290586,0.569868386,-0.470804036,-0.534352720,-1.688553452,0.804139018,-0.311442524,0.015359231,0.506090999,,,,,,,
691,545695,83939,viewpoint,left,0.497302532,1.409423113,-1.909361005,-0.180228159,0.460840672,0.197703525,0.846201539,-0.593173385,-0.480716258,-1.745055676,0.773221135,-0.229866937,0.067875765,0.587097228,-0.466209710,-0.527852595,-1.673653841,0.802396476,-0.312748134,0.006309999,0.508240640,,,,,,,
692,545835,84079,viewpoint,left,0.496404886,1.409375429,-1.909659743,-0.181021303,0.459843963,0.197304025,0.846667588,-0.594103813,-0.478857994,-1.739208937,0.772293985,-0.227778003,0.064532757,0.589503825,-0.467723072,-0.527015924,-1.672319293,0.803716540,-0.311823696,0.005670638,0.506728292,,,,,,,
693,545973,84217,viewpoint,left,0.495517850,1.409391046,-1.909799218,-0.181663871,0.458790958,0.197059959,0.847157896,-0.594992876,-0.478144586,-1.741284251,0.782693982,-0.244728744,0.091600686,0.564895928,-0.472777307,-0.529500961,-1.681117415,0.806301236,-0.309459746,0.005601003,0.504065216,,,,,,,
694,546111,84355,viewpoint,left,0.494614959,1.409080505,-1.909873128,-0.183310866,0.458463728,0.197020948,0.846989334,-0.591620564,-0.472467422,-1.730373383,0.773345947,-0.225453764,0.069211334,0.588486552,-0.469270170,-0.523820162,-1.675491571,0.806699157,-0.309165955,0.005321851,0.503611445,,,,,,,
695,546251,84495,viewpoint,left,0.493092179,1.408869267,-1.910469651,-0.183706462,0.458930880,0.196692795,0.846726835,-0.589596689,-0.473615289,-1.738535881,0.783562660,-0.243332192,0.088597052,0.564773977,-0.466041386,-0.523194551,-1.673562527,0.805369973,-0.309092224,0.006321949,0.505767882,-0.595930159,-0.536025584,-1.548279047,0.863945782,-0.409711689,-0.216451690,-0.197186917
696,546390,84634,viewpoint,left,0.491741061,1.408824205,-1.910944104,-0.184289485,0.459015608,0.197485343,0.846369684,-0.596453607,-0.477650791,-1.760475039,0.780298769,-0.231746346,0.079431675,0.575428665,-0.464599788,-0.519436359,-1.669079542,0.805331647,-0.311049312,0.010882792,0.504550099,,,,,,,
697,546529,84773,viewpoint,left,0.490468264,1.408587575,-1.911507249,-0.184937179,0.458983600,0.197622329,0.846213758,-0.590479016,-0.470759511,-1.739448071,0.778391242,-0.230490744,0.068424270,0.579913139,-0.463975966,-0.518553078,-1.670141101,0.806452394,-0.309433699,0.006970571,0.503822148,,,,,,,
698,546680,84924,viewpoint,left,0.489198923,1.408572078,-1.911982656,-0.184684634,0.458326489,0.197793707,0.846584916,-0.558147371,-0.442049444,-1.630714059,0.774856329,-0.230428502,0.095278732,0.580880702,-0.467628419,-0.520712852,-1.672843456,0.806287587,-0.308689207,0.009040824,0.504509151,,,,,,,
699,546820,85064,viewpoint,left,0.487895608,1.408534408,-1.912164330,-0.185197443,0.457513660,0.198481828,0.846751511,-0.594448507,-0.468242675,-1.737394452,0.779158831,-0.228146076,0.062602051,0.580467045,-0.471814036,-0.520170629,-1.677854419,0.806973696,-0.308063000,0.001791815,0.503872514,-0.592924714,-0.527716339,-1.536211371,0.873020768,-0.410393685,-0.206354186,-0.163797751
700,546958,85202,viewpoint,left,0.486534715,1.408091784,-1.912832856,-0.187080964,0.456430495,0.198899165,0.846824050,-0.600396574,-0.467179418,-1.751100183,0.781234264,-0.231319517,0.075496159,0.574860573,-0.472326815,-0.513998151,-1.676052570,0.809348047,-0.308323652,0.006811854,0.499845833,,,,,,,
701,547099,85343,viewpoint,left,0.485209107,1.407998800,-1.912207246,-0.187773854,0.455879748,0.199485064,0.846829593,-0.599609554,-0.462601811,-1.748418093,0.782541811,-0.231410637,0.076385200,0.572924793,-0.473445296,-0.511545956,-1.679133773,0.810063541,-0.308468878,0.004692275,0.498620123,,,,,,,
702,547250,85494,viewpoint,left,0.483427644,1.407527208,-1.911255479,-0.189248204,0.455401152,0.200587869,0.846498311,-0.595825791,-0.454172671,-1.739630461,0.787234008,-0.242613003,0.086136498,0.560341060,-0.469541907,-0.502305269,-1.668604493,0.808443069,-0.308171839,0.004771089,0.501425147,,,,,,,
703,547390,85634,viewpoint,left,0.481150508,1.406947732,-1.909772038,-0.190771550,0.455643862,0.201819092,0.845732808,-0.596454799,-0.450195074,-1.750317454,0.783391416,-0.224205315,0.058908451,0.576679885,-0.466988087,-0.497123659,-1.674048185,0.810639203,-0.309556335,0.006392355,0.496989071,-0.591049552,-0.507562578,-1.535527587,0.856015325,-0.431056768,-0.234797329,-0.162166759
704,547528,85772,viewpoint,left,0.479544044,1.406681895,-1.907611728,-0.190969914,0.455987662,0.202864856,0.845252395,-0.593283117,-0.447184920,-1.752687216,0.784035087,-0.227319703,0.061737712,0.574284971,-0.466116786,-0.496607721,-1.682244182,0.811457932,-0.309921533,0.002566814,0.495457470,,,,,,,
705,547681,85925,viewpoint,left,0.477602482,1.406548500,-1.906399846,-0.191099271,0.455511689,0.204340667,0.845124304,-0.590380371,-0.441032201,-1.743398070,0.783272505,-0.228652164,0.061782423,0.574791551,-0.465224743,-0.491997510,-1.676552534,0.811333299,-0.310425043,0.002582508,0.495346248,,,,,,,
706,547819,86063,viewpoint,left,0.477022767,1.406681538,-1.905264735,-0.191474348,0.455347240,0.204831719,0.845009148,-0.590632617,-0.439148009,-1.745650291,0.787981868,-0.244858667,0.076448977,0.559718192,-0.462245643,-0.486481786,-1.666679382,0.807827950,-0.311928570,-0.001329629,0.500112832,,,,,,,
707,547959,86203,viewpoint,left,0.477042198,1.406260252,-1.904873729,-0.192031026,0.455041289,0.205090597,0.844984829,-0.594205916,-0.439516664,-1.755550861,0.784638345,-0.226270124,0.062514842,0.573791265,-0.467304587,-0.489799500,-1.684786201,0.815201223,-0.311759770,-0.004492185,0.488090843,-0.580629230,-0.489684850,-1.517250776,0.851856232,-0.423948437,-0.252668440,-0.175406322
708,548111,86355,viewpoint,left,0.477907896,1.406473279,-1.904850364,-0.192118466,0.454753816,0.205119312,0.845112741,-0.593072236,-0.435905695,-1.742604733,0.783197224,-0.224482179,0.056647729,0.577062368,-0.466761410,-0.486104548,-1.676218033,0.811790645,-0.310395628,0.003284699,0.494610667,,,,,,,
709,548251,86495,viewpoint,left,0.479163647,1.406091332,-1.905741572,-0.193560898,0.454570860,0.204679430,0.844988644,-0.597626984,-0.437651962,-1.763333797,0.787931561,-0.232530549,0.071805753,0.565630078,-0.462604940,-0.479802489,-1.664566278,0.793344080,-0.282423019,-0.017027842,0.539029241,,,,,,,
710,548390,86634,viewpoint,left,0.480426908,1.406066298,-1.906122088,-0.194216877,0.453780591,0.204816833,0.845229566,-0.595049143,-0.430073828,-1.747308850,0.785562158,-0.229987428,0.061264794,0.571178138,-0.470758438,-0.482361555,-1.685032964,0.813503981,-0.309401840,-0.002274335,0.492419153,,,,,,,
711,548530,86774,viewpoint,left,0.481115341,1.405782461,-1.906484246,-0.195067331,0.452820003,0.204468891,0.845633090,-0.599416316,-0.429938912,-1.750828505,0.785934448,-0.224702671,0.063503906,0.572523475,-0.469060957,-0.475971341,-1.671108842,0.811772168,-0.308853686,0.001153888,0.495614797,-0.593962669,-0.489585578,-1.542516112,0.808789194,-0.250271827,0.024360212,0.531630099
712,548681,86925,viewpoint,left,0.481447935,1.405668497,-1.906265140,-0.195333123,0.452307761,0.204444543,0.845851660,-0.599010229,-0.427644640,-1.742844462,0.784376383,-0.222712934,0.056759633,0.576134562,-0.471029222,-0.476473242,-1.675215960,0.812630713,-0.307268620,-0.001896406,0.495190620,,,,,,,
713,548820,87064,viewpoint,left,0.481352687,1.405782461,-1.905398488,-0.195138469,0.452612340,0.204685763,0.845675349,-0.592739582,-0.424308509,-1.736039400,0.789785445,-0.243769616,0.085274540,0.556366503,-0.469211102,-0.475216389,-1.669804573,0.805292428,-0.296252757,-0.011373091,0.513428867,-0.595046759,-0.489858985,-1.545979381,0.860118747,-0.414858818,-0.232445315,-0.184545815
714,548958,87202,viewpoint,left,0.481001139,1.405639887,-1.904765725,-0.195531949,0.452906698,0.204898283,0.845375359,-0.597543061,-0.427007109,-1.757325053,0.795246780,-0.235566422,0.062077679,0.555191278,-0.470390022,-0.477605283,-1.686007142,0.814083159,-0.307908565,0.001490733,0.492401063,,,,,,,
715,549099,87343,viewpoint,left,0.480933189,1.406067967,-1.903502345,-0.194600895,0.453580618,0.205268160,0.845139086,-0.590192318,-0.425153375,-1.740976930,0.789051771,-0.246318370,0.087190188,0.555987775,-0.466987312,-0.477044791,-1.678902864,0.812482715,-0.308585048,-0.004360924,0.494598925,,,,,,,
716,549249,87493,viewpoint,left,0.480832100,1.406251669,-1.902658820,-0.193918526,0.453607023,0.205384701,0.845253468,-0.595498741,-0.429829299,-1.751073003,0.785591185,-0.224571630,0.057558056,0.573673427,-0.466265798,-0.477229178,-1.674334764,0.811381876,-0.310200542,0.001968250,0.495410144,-0.592573047,-0.491639137,-1.543869019,0.808634102,-0.251966864,0.024346264,0.531065822
717,549389,87633,viewpoint,left,0.481211424,1.406607866,-1.901859641,-0.193758041,0.453455836,0.205416292,0.845363677,-0.596896648,-0.431344509,-1.755738974,0.786587775,-0.225845575,0.061214916,0.571424723,-0.468089283,-0.479680330,-1.681282997,0.812889457,-0.309734434,0.002359470,0.493223816,,,,,,,
718,549530,87774,viewpoint,left,0.481513858,1.406797051,-1.901564956,-0.193781242,0.453568220,0.204951271,0.845410943,-0.592750847,-0.431092948,-1.751646996,0.785576940,-0.229761496,0.061694581,0.571202636,-0.468948245,-0.483713746,-1.690127373,0.813362956,-0.309554279,-0.001201408,0.492560089,,,,,,,
719,549679,87923,viewpoint,left,0.481634140,1.406870604,-1.901321054,-0.193896845,0.453854561,0.204189524,0.845415115,-0.591617346,-0.432938755,-1.747912884,0.782634199,-0.224734277,0.058443639,0.577548742,-0.462982655,-0.480875283,-1.676547289,0.811489403,-0.309108585,0.001586659,0.495917618,,,,,,,
720,549819,88063,viewpoint,left,0.481708288,1.406960011,-1.901292205,-0.193802327,0.453389168,0.203920767,0.845751345,-0.597472429,-0.437322617,-1.766275048,0.792930663,-0.241595894,0.082108490,0.553308785,-0.463343918,-0.480098963,-1.670483112,0.810471952,-0.307928473,0.001614943,0.498309851,,,,,,,
721,549959,88203,viewpoint,left,0.481562495,1.406791925,-1.901452422,-0.193877622,0.452996165,0.203865573,0.845957875,-0.596423030,-0.434845507,-1.754159927,0.785778284,-0.225211471,0.060318019,0.572882235,-0.466569006,-0.481945872,-1.677520394,0.812170506,-0.308634579,0.001983236,0.495095819,,,,,,,
722,550100,88344,viewpoint,left,0.481414318,1.406720281,-1.901857495,-0.194269836,0.452473074,0.203539491,0.846226335,-0.598568022,-0.435752064,-1.757338047,0.786780894,-0.228354186,0.068832733,0.569291055,-0.466226876,-0.480097830,-1.672783375,0.812068224,-0.306382418,0.003227941,0.496653378,,,,,,,
723,550250,88494,viewpoint,left,0.481312275,1.406354904,-1.902533174,-0.194697201,0.451330632,0.203454524,0.846758485,-0.600409508,-0.434214890,-1.752356410,0.784933448,-0.224887803,0.064768948,0.573681176,-0.470229805,-0.480284452,-1.674712420,0.811654150,-0.304959238,-0.003313947,0.498203248,,,,,,,
724,550388,88632,viewpoint,left,0.480866909,1.406109571,-1.903555036,-0.195465624,0.451234013,0.203167871,0.846701801,-0.594992042,-0.428832233,-1.739495873,0.790217221,-0.236633345,0.078720011,0.559789836,-0.467729151,-0.477198184,-1.668417335,0.795856535,-0.281024396,-0.015983239,0.536080480,-0.595360518,-0.495333493,-1.548829794,0.871699691,-0.407151878,-0.213157609,-0.170090809
725,550528,88772,viewpoint,left,0.480418801,1.405815482,-1.903996587,-0.196200594,0.451469332,0.203176156,0.846404314,-0.558914185,-0.399226844,-1.629264116,0.778035104,-0.235603705,0.084153958,0.576255500,-0.465740740,-0.474307716,-1.665410399,0.812584817,-0.305730253,0.003129752,0.496210814,,,,,,,
726,550680,88924,viewpoint,left,0.479651690,1.405128121,-1.904528975,-0.197857708,0.451773643,0.203528956,0.845771194,-0.590949059,-0.421732873,-1.740467668,0.793034256,-0.237191811,0.078845687,0.555535853,-0.466898918,-0.472951412,-1.676423550,0.807345331,-0.295666158,-0.011378504,0.510534644,,,,,,,
727,550819,89063,viewpoint,left,0.478935719,1.404660463,-1.905217528,-0.198208362,0.451651007,0.203785107,0.845692873,-0.596463323,-0.423243821,-1.753555059,0.789557040,-0.226894692,0.063319616,0.566664934,-0.468474030,-0.472619474,-1.683551908,0.815574229,-0.307059646,-0.000457646,0.490461886,,,,,,,
728,550959,89203,viewpoint,left,0.478470445,1.404278517,-1.906235814,-0.198895529,0.451426506,0.203459546,0.845729828,-0.598081291,-0.423823357,-1.758155704,0.788186967,-0.224324107,0.062504642,0.569678187,-0.467216194,-0.470180690,-1.677305818,0.815768480,-0.304368824,0.003244059,0.491803706,-0.617420971,-0.503345013,-1.604027867,0.857839942,-0.420750439,-0.257501811,-0.144126952
729,551098,89342,viewpoint,left,0.478223562,1.404162049,-1.907117724,-0.199340194,0.451026112,0.203746662,0.845769644,-0.596718788,-0.420238733,-1.743840098,0.786576271,-0.218837544,0.056315664,0.574662030,-0.469248056,-0.469584167,-1.679061294,0.816212475,-0.306469291,0.000505942,0.489768893,,,,,,,
730,551250,89494,viewpoint,left,0.477750897,1.403943896,-1.908243060,-0.199482024,0.450903177,0.203723967,0.845807195,-0.597914934,-0.421073139,-1.748071432,0.787363768,-0.222840339,0.063560531,0.571279705,-0.470611513,-0.470036805,-1.680694342,0.816831589,-0.306272209,0.000909897,0.488858581,,,,,,,
731,551389,89633,viewpoint,left,0.477193475,1.403730631,-1.909409881,-0.200296298,0.450991869,0.203888878,0.845527709,-0.597723901,-0.418544412,-1.752676725,0.794550896,-0.236901209,0.076163247,0.553864539,-0.470527887,-0.468713701,-1.683068514,0.816322505,-0.306305081,-0.000960134,0.489687532,,,,,,,
732,551541,89785,viewpoint,left,0.476710081,1.403480411,-1.910326838,-0.200664788,0.451186091,0.204016864,0.845305800,-0.597952366,-0.417543352,-1.749406219,0.789781570,-0.223264143,0.058740031,0.568284929,-0.465630293,-0.462543964,-1.665788770,0.815567255,-0.306078941,0.004901658,0.491061896,-0.578673244,-0.470414400,-1.512074709,0.866752446,-0.400514841,-0.224191293,-0.195105925
733,551680,89924,viewpoint,left,0.476517200,1.403120041,-1.911725879,-0.202113152,0.450954944,0.203836724,0.845127523,-0.596088231,-0.412973523,-1.744837165,0.791034162,-0.224967062,0.062926337,0.565415919,-0.467445016,-0.461918443,-1.673499942,0.816042900,-0.305786788,0.000867910,0.490477026,,,,,,,
734,551819,90063,viewpoint,left,0.476533413,1.403108597,-1.912575364,-0.202294707,0.451152086,0.203829721,0.844980538,-0.597026765,-0.413471282,-1.747502804,0.790769279,-0.224756628,0.062252011,0.565944433,-0.466798007,-0.460882276,-1.671020389,0.817745566,-0.305297971,0.006678071,0.487894237,-0.583833158,-0.470474273,-1.521888494,0.816899300,-0.248699933,0.039261352,0.518924356
735,551972,90216,viewpoint,left,0.476705790,1.403011084,-1.913609862,-0.202694610,0.451188892,0.204081357,0.844804347,-0.593821108,-0.409919858,-1.741074800,0.796809018,-0.239792600,0.086835422,0.547772348,-0.468819141,-0.460032493,-1.671820402,0.809413016,-0.294838846,-0.010492373,0.507750511,,,,,,,
736,552111,90355,viewpoint,left,0.477355957,1.403145790,-1.914126992,-0.202737525,0.451447576,0.204258457,0.844612956,-0.557188094,-0.381432027,-1.622831345,0.783982515,-0.221732497,0.089980505,0.572808623,-0.467480779,-0.458203018,-1.675105453,0.809925675,-0.295319170,-0.011011850,0.506641626,,,,,,,
737,552249,90493,viewpoint,left,0.477842212,1.403108716,-1.914796472,-0.202568769,0.452003211,0.204085782,0.844398022,-0.590407550,-0.408518255,-1.736603379,0.796400368,-0.239870220,0.085741110,0.548504472,-0.468441606,-0.461928159,-1.681646943,0.817026794,-0.306437492,0.000949658,0.488428503,,,,,,,
738,552403,90647,viewpoint,left,0.478811741,1.403431892,-1.915139079,-0.202698305,0.452304184,0.203435332,0.844362736,-0.596659184,-0.415183723,-1.756312966,0.788944364,-0.224236980,0.062510036,0.568662524,-0.464798748,-0.460379332,-1.671480298,0.816710174,-0.304431826,0.004414535,0.490190089,,,,,,,
739,552544,90788,viewpoint,left,0.479451776,1.403738379,-1.915200830,-0.201792359,0.452264786,0.203127563,0.844674826,,,,,,,,-0.468249500,-0.464844823,-1.677704811,0.816505253,-0.306386262,0.001535129,0.489330500,,,,,,,
740,552696,90940,viewpoint,left,0.479943633,1.404053092,-1.914788604,-0.201491997,0.452061951,0.202886909,0.844912946,-0.599549294,-0.419340640,-1.755090952,0.791064024,-0.224841207,0.062723882,0.565446556,-0.467852592,-0.465581030,-1.674467683,0.817017436,-0.305354744,0.005057441,0.489096612,-0.584830284,-0.473803759,-1.522183299,0.849949539,-0.420252472,-0.263807535,-0.177141890
741,552834,91078,viewpoint,left,0.480116367,1.405003071,-1.913747191,-0.198820323,0.452322155,0.202845424,0.845416427,-0.602272332,-0.427612275,-1.756844640,0.788601637,-0.228827372,0.071870834,0.566197932,-0.469210863,-0.471446902,-1.670642614,0.813559413,-0.305595875,0.000433558,0.494704038,,,,,,,
742,552972,91216,viewpoint,left,0.480059505,1.405556679,-1.912575126,-0.197792530,0.452774405,0.201912493,0.845638692,-0.598645210,-0.431503952,-1.756348848,0.792780280,-0.240167901,0.084900908,0.553724289,-0.469504058,-0.479054511,-1.677942514,0.814252257,-0.307994097,0.003939816,0.492054343,,,,,,,
743,553111,91355,viewpoint,left,0.479776621,1.405460358,-1.911149383,-0.198570311,0.453005761,0.202234715,0.845255435,-0.588494122,-0.423943579,-1.739390254,0.790354311,-0.233969837,0.080718949,0.560430765,-0.464767575,-0.474816263,-1.677918911,0.807774484,-0.296315938,-0.007930003,0.509543419,,,,,,,
744,553265,91509,viewpoint,left,0.479400158,1.405430436,-1.909158349,-0.198161125,0.453470528,0.202261806,0.845095754,-0.585491657,-0.424220920,-1.735710740,0.791314065,-0.236456707,0.080778278,0.558018863,-0.459625721,-0.472799063,-1.666612625,0.796315908,-0.281740457,-0.013886685,0.535079896,,,,,,,
745,553404,91648,viewpoint,left,0.478816509,1.405573726,-1.907504439,-0.198143318,0.453139991,0.202525601,0.845214009,-0.589037895,-0.425991505,-1.747729182,0.788399518,-0.232732624,0.075563282,0.564404070,-0.465254426,-0.478046954,-1.687476516,0.816706240,-0.308438808,0.003313435,0.487694025,,,,,,,
746,553542,91786,viewpoint,left,0.478608847,1.405344725,-1.906016469,-0.197722375,0.453176945,0.203269511,0.845114231,-0.591261446,-0.426646113,-1.752154589,0.787537992,-0.225977302,0.060395040,0.570149720,-0.464179456,-0.476506829,-1.684115887,0.815863252,-0.308016121,0.003245500,0.489369720,,,,,,,
747,553696,91940,viewpoint,left,0.478568912,1.405193925,-1.905065656,-0.198069468,0.453032553,0.203734234,0.844998419,-0.587667584,-0.421899915,-1.747622371,0.788409531,-0.229465216,0.066700526,0.566839576,-0.461051524,-0.471187592,-1.675336123,0.797282755,-0.282944798,-0.016742574,0.532918513,,,,,,,
748,553835,92079,viewpoint,left,0.478897929,1.404934883,-1.904114127,-0.198025927,0.453226417,0.204045251,0.844829619,-0.591934502,-0.424965143,-1.763170958,0.788262069,-0.225772798,0.063751109,0.568863273,-0.461567700,-0.471857727,-1.681515932,0.814036846,-0.308130562,0.001204972,0.492339462,-0.594598413,-0.490041524,-1.570605516,0.805426478,-0.260953307,0.045493938,0.530209243
749,553986,92230,viewpoint,left,0.479211211,1.404973745,-1.903609872,-0.197699934,0.453561008,0.204331174,0.844657242,-0.591369450,-0.424913347,-1.762467504,0.788772404,-0.226525187,0.063377619,0.567897618,-0.460985661,-0.471942902,-1.681909561,0.813951612,-0.308716655,0.002374707,0.492108911,,,,,,,
750,554124,92368,viewpoint,left,0.479135275,1.405080676,-1.903391242,-0.197419375,0.454103291,0.204767644,0.844325781,-0.587991834,-0.422420621,-1.754045367,0.788632929,-0.227176607,0.061122593,0.568078279,-0.458825946,-0.470119536,-1.677869797,0.812706769,-0.309934467,0.002592656,0.493398041,,,,,,,
751,554264,92508,viewpoint,left,0.478826165,1.404978395,-1.903762698,-0.197459251,0.454433471,0.205039144,0.844072878,-0.582627356,-0.418368101,-1.747782230,0.786876857,-0.236983061,0.074421011,0.564911842,-0.460569501,-0.471272290,-1.686279297,0.814637303,-0.310280144,0.000967754,0.489991188,,,,,,,
752,554416,92660,viewpoint,left,0.478815794,1.404680371,-1.904592156,-0.198161349,0.454027981,0.205582574,0.843994379,-0.591172755,-0.419989169,-1.760316372,0.788579643,-0.231532186,0.071608663,0.565161288,-0.457893014,-0.463838220,-1.670610785,0.812110126,-0.306652188,0.000372075,0.496428728,,,,,,,
753,554554,92798,viewpoint,left,0.479122996,1.404475331,-1.905198455,-0.198305726,0.453998089,0.205450431,0.844008744,-0.552980721,-0.390523911,-1.635555744,0.777216434,-0.223842293,0.083409846,0.582127213,-0.458977044,-0.464611590,-1.672748566,0.812019229,-0.310291439,-0.001014723,0.494310588,,,,,,,
754,554696,92940,viewpoint,left,0.479472756,1.404508471,-1.905652642,-0.198458508,0.453895450,0.205656379,0.843977809,-0.585005164,-0.413318306,-1.742614508,0.792033911,-0.245042220,0.082292818,0.553050220,-0.463590324,-0.467536151,-1.687757850,0.816476464,-0.309597135,0.000973175,0.487354994,,,,,,,
755,554848,93092,viewpoint,left,0.479714155,1.404052019,-1.906044364,-0.198867813,0.454397917,0.205966949,0.843535244,-0.590485156,-0.415797472,-1.760131359,0.788051248,-0.230685785,0.068369411,0.566643596,-0.457624495,-0.460174054,-1.671391249,0.812547803,-0.308446974,0.000257816,0.494597316,-0.583535850,-0.475640357,-1.543334961,0.857829809,-0.407319039,-0.229938954,-0.212949052
756,554987,93231,viewpoint,left,0.480037093,1.403698683,-1.906132579,-0.199547678,0.455525279,0.206217319,0.842705071,-0.585421741,-0.411950558,-1.760416031,0.789210916,-0.228074148,0.063024037,0.566706598,-0.456081450,-0.459868371,-1.682077050,0.815213084,-0.311298668,0.004198945,0.488367826,,,,,,,
757,555137,93381,viewpoint,left,0.480261445,1.403443575,-1.905892491,-0.199409708,0.456821322,0.207121328,0.841813982,-0.577432871,-0.406792283,-1.752201438,0.789508998,-0.236243248,0.074082211,0.561583936,-0.454541981,-0.459894061,-1.690115929,0.813991845,-0.310279548,0.005664731,0.491031259,,,,,,,
758,555277,93521,viewpoint,left,0.480761051,1.403126478,-1.905614734,-0.200484753,0.457981825,0.206906557,0.840980530,-0.572770059,-0.404554069,-1.759972572,0.790929198,-0.240413427,0.074459352,0.557752788,-0.451122940,-0.459186554,-1.700306177,0.818335474,-0.313553393,0.001286556,0.481673807,,,,,,,
759,555433,93677,viewpoint,left,0.481221080,1.403213501,-1.905775428,-0.200566143,0.458239228,0.206650466,0.840883851,-0.571804821,-0.404612511,-1.758831978,0.789629459,-0.240095451,0.073558897,0.559846997,-0.448104918,-0.457083821,-1.692291737,0.816294253,-0.313345343,0.002211641,0.485256106,,,,,,,
760,555568,93812,viewpoint,left,0.481571913,1.403277278,-1.906155467,-0.200437307,0.458102673,0.206547439,0.841014266,-0.573695183,-0.406554580,-1.757477403,0.786144137,-0.235254124,0.071966574,0.566968977,-0.446618795,-0.456176341,-1.685295820,0.813050866,-0.314407378,-0.002572223,0.489989489,,,,,,,
761,555723,93967,viewpoint,left,0.481894374,1.403452635,-1.906250596,-0.200604096,0.458546937,0.206244394,0.840806723,-0.570075929,-0.404881567,-1.750621915,0.784587026,-0.226559833,0.058066361,0.574214399,-0.445048988,-0.456126481,-1.686571360,0.814737201,-0.313690782,0.001337212,0.487647057,,,,,,,
762,555864,94108,viewpoint,left,0.482293725,1.403582096,-1.905828357,-0.200206190,0.459777772,0.206191525,0.840242207,-0.571435511,-0.411009997,-1.776297808,0.795794845,-0.246153980,0.085811488,0.546585023,-0.442469895,-0.458662122,-1.691316366,0.814250886,-0.314182937,0.006006200,0.488107175,,,,,,,
763,555999,94243,viewpoint,left,0.482218862,1.404031873,-1.904754043,-0.199225113,0.463558435,0.205519587,0.838561058,-0.552539706,-0.410439968,-1.762300611,0.775805056,-0.216228843,0.051957518,0.590484560,-0.431238174,-0.464718014,-1.701682925,0.814619064,-0.318693370,0.002753239,0.484585196,,,,,,,
764,556152,94396,viewpoint,left,0.482046366,1.404400468,-1.903580308,-0.198316365,0.466890514,0.204886034,0.837081611,-0.544277251,-0.417414039,-1.774412990,0.780140758,-0.227389082,0.059082482,0.579813659,-0.418241143,-0.467088997,-1.697441101,0.812236309,-0.320740968,0.003255571,0.487223566,,,,,,,
765,556291,94535,viewpoint,left,0.482425690,1.404767036,-1.902825236,-0.197662368,0.467425972,0.204799354,0.836958647,-0.539088845,-0.417302579,-1.771148920,0.788066685,-0.253048003,0.090803094,0.553780079,-0.417171359,-0.469379604,-1.700839758,0.810735345,-0.318617761,0.013306651,0.490931690,,,,,,,
766,556431,94675,viewpoint,left,0.482957482,1.404873013,-1.902444005,-0.197540686,0.467317939,0.204940200,0.837013245,-0.541082680,-0.417299330,-1.767773032,0.785518765,-0.240694001,0.074900195,0.565169632,-0.415860772,-0.466281086,-1.687132239,0.800291836,-0.304711133,0.001319675,0.516412914,-0.553486347,-0.488795757,-1.592224121,0.859722495,-0.422659576,-0.235265836,-0.163969874
767,556584,94828,viewpoint,left,0.483787417,1.404986978,-1.902356982,-0.197448805,0.466760427,0.204841077,0.837370157,-0.544675887,-0.418920636,-1.777570367,0.790372550,-0.252197683,0.090636730,0.550901711,-0.420959949,-0.470208436,-1.703882337,0.811749756,-0.318463027,0.010833767,0.489414215,,,,,,,
768,556722,94966,viewpoint,left,0.484841824,1.405210614,-1.902454734,-0.197447062,0.466372281,0.204490125,0.837672591,-0.545040250,-0.418312252,-1.771813989,0.791941047,-0.249696985,0.089728586,0.549935997,-0.418795109,-0.465525478,-1.683183789,0.801286638,-0.303413391,0.002749238,0.515628278,-0.570002496,-0.498068213,-1.621906400,0.835291862,-0.277335852,0.038924847,0.473135471
769,556861,95105,viewpoint,left,0.485858560,1.405345321,-1.902471423,-0.197083980,0.466373444,0.204273477,0.837810278,-0.547079384,-0.420995742,-1.779485464,0.786739469,-0.243378028,0.079353549,0.561703742,-0.421366692,-0.469773322,-1.697893620,0.811619282,-0.315651894,0.016426038,0.491292357,,,,,,,
770,557014,95258,viewpoint,left,0.486720085,1.405459046,-1.902627826,-0.196892411,0.466392398,0.204418585,0.837809384,-0.546577752,-0.418804288,-1.770906925,0.788156927,-0.241429165,0.078205317,0.560717821,-0.420165122,-0.466692626,-1.686398506,0.803535044,-0.303328067,0.007461899,0.512121022,,,,,,,
771,557152,95396,viewpoint,left,0.487612247,1.405437112,-1.902008653,-0.196304545,0.467006385,0.204467699,0.837593317,-0.548793375,-0.423132956,-1.787511110,0.788142383,-0.244615138,0.077040561,0.559517503,-0.421640754,-0.471331269,-1.702653527,0.810817897,-0.317745209,0.015789542,0.491287142,,,,,,,
772,557306,95550,viewpoint,left,0.487969160,1.405714512,-1.901608825,-0.195833132,0.467456520,0.204545453,0.837433577,-0.544753730,-0.421552032,-1.775269985,0.777967215,-0.225748435,0.057118662,0.583559811,-0.421228528,-0.473342180,-1.705486655,0.812928259,-0.320539266,0.007110324,0.486160219,,,,,,,
773,557446,95690,viewpoint,left,0.488415956,1.405676484,-1.901250720,-0.195425883,0.467262983,0.204291105,0.837698758,-0.543610334,-0.421206117,-1.768686771,0.788448930,-0.252479732,0.094684601,0.552844584,-0.419383228,-0.469848424,-1.685285211,0.799577951,-0.304035246,0.001136744,0.517915368,,,,,,,
774,557600,95844,viewpoint,left,0.488570929,1.406029224,-1.901240230,-0.194960117,0.467512101,0.203650862,0.837824166,-0.548366368,-0.427733451,-1.781299829,0.779029608,-0.230562449,0.061534818,0.579799414,-0.422134578,-0.477537453,-1.705812573,0.811546147,-0.320166707,0.006344559,0.488718599,-0.532124102,-0.472432852,-1.521157980,0.811961293,-0.266990542,0.056828406,0.515950978
775,557737,95981,viewpoint,left,0.488653064,1.405836105,-1.900861382,-0.195122048,0.466832966,0.203908652,0.838102400,-0.547037363,-0.425220132,-1.779379368,0.786653161,-0.247842386,0.084925801,0.559051573,-0.421668828,-0.473755956,-1.696391463,0.809434712,-0.317453742,0.014626950,0.493786097,,,,,,,
776,557875,96119,viewpoint,left,0.488670111,1.405892015,-1.900467277,-0.195000052,0.466748774,0.203806981,0.838202417,-0.547807038,-0.425917566,-1.781522155,0.787341535,-0.250226408,0.084252931,0.557118952,-0.422033548,-0.474658787,-1.699016571,0.809275687,-0.317977726,0.012241221,0.493774414,,,,,,,
777,558015,96259,viewpoint,left,0.488525987,1.405650377,-1.899876952,-0.195410118,0.466612250,0.203936458,0.838151455,-0.546038032,-0.421990454,-1.769222736,0.787182450,-0.240146607,0.076781385,0.562830389,-0.420521975,-0.470544338,-1.687915683,0.800612569,-0.303451777,0.004071074,0.516642928,,,,,,,
778,558167,96411,viewpoint,left,0.488340974,1.405417919,-1.898813605,-0.195308998,0.466110766,0.204271466,0.838372409,-0.548746824,-0.422755599,-1.774854302,0.783663392,-0.242221206,0.078614637,0.566586673,-0.424660325,-0.473892659,-1.704715252,0.812455475,-0.319843262,0.005158368,0.487431854,,,,,,,
779,558306,96550,viewpoint,left,0.488130569,1.405459046,-1.897977471,-0.195551634,0.465628475,0.204038858,0.838640511,-0.547672331,-0.422083646,-1.770507574,0.785284519,-0.240544662,0.082282230,0.564531684,-0.425288141,-0.474268377,-1.705498457,0.813313007,-0.319105178,0.008483998,0.486437947,,,,,,,
780,558444,96688,viewpoint,moving_to_right,0.488032460,1.405485630,-1.897049785,-0.195510611,0.464953125,0.203608185,0.839129269,-0.551291585,-0.425674766,-1.781536937,0.787826598,-0.243515909,0.079804897,0.560054004,-0.426661015,-0.476186007,-1.707670331,0.812830210,-0.315418005,0.017223235,0.489409745,,,,,,,
781,558598,96842,viewpoint,moving_to_right,0.487781525,1.405723095,-1.896069884,-0.195522532,0.464444399,0.203195661,0.839508116,-0.553192377,-0.427629024,-1.782065511,0.781762540,-0.232185513,0.062165018,0.575389266,-0.425208986,-0.475949913,-1.701538086,0.811597943,-0.316973329,0.004076642,0.490734279,-0.547800541,-0.483383030,-1.555945039,0.859473467,-0.416051060,-0.216471612,-0.203339428
782,558737,96981,viewpoint,moving_to_right,0.487459540,1.405966520,-1.894394517,-0.194759265,0.463945866,0.203267410,0.839943707,-0.551050305,-0.427189827,-1.771471739,0.787558138,-0.239837170,0.076969624,0.562410831,-0.424986184,-0.475322932,-1.689645886,0.802297652,-0.301916450,0.005143445,0.514916122,-0.576160133,-0.507227182,-1.626059413,0.835391760,-0.273207933,0.039340127,0.475321352
783,558890,97134,viewpoint,moving_to_right,0.486936808,1.406284451,-1.892755389,-0.194183111,0.464176893,0.203897610,0.839796722,-0.548982024,-0.427088439,-1.771401882,0.785541713,-0.243341595,0.082106873,0.562998772,-0.426891208,-0.479504317,-1.706107140,0.811861694,-0.315274298,0.015369780,0.491168529,,,,,,,
784,559029,97273,viewpoint,moving_to_right,0.486379147,1.406890273,-1.890452743,-0.191592023,0.465802699,0.205013081,0.839219868,-0.541903257,-0.428341120,-1.761471748,0.781221449,-0.242809981,0.078035466,0.569777906,-0.420655727,-0.480063438,-1.694456935,0.806906164,-0.317926675,0.013586666,0.497634917,,,,,,,
785,559181,97425,viewpoint,moving_to_right,0.486419678,1.407375455,-1.887582660,-0.189303920,0.467508346,0.206171140,0.838506699,-0.546834350,-0.437232107,-1.787297010,0.776605070,-0.229911000,0.057235491,0.583737671,-0.418615162,-0.484377801,-1.696499944,0.796396613,-0.305601478,-0.002273436,0.521876395,,,,,,,
786,559318,97562,viewpoint,moving_to_right,0.486076355,1.407301903,-1.884187818,-0.188218877,0.469258636,0.207739025,0.837385535,-0.535466671,-0.431809366,-1.774928451,0.780359626,-0.255196542,0.084355757,0.564621687,-0.411030769,-0.481460780,-1.697923183,0.798984587,-0.312166423,0.002016852,0.513976276,,,,,,,
787,559460,97704,viewpoint,moving_to_right,0.485349894,1.406706929,-1.880658507,-0.187778637,0.471077025,0.209500432,0.836023450,-0.527898729,-0.427446425,-1.778769493,0.780441165,-0.246536329,0.069438435,0.570359290,-0.404383242,-0.479365230,-1.705211401,0.802645862,-0.327761501,0.006144911,0.498291373,,,,,,,
788,559611,97855,viewpoint,moving_to_right,0.483844519,1.405482292,-1.877425790,-0.188714191,0.474276632,0.211328208,0.833540022,-0.514040887,-0.419868857,-1.788901567,0.773822129,-0.242517367,0.066275589,0.581371009,-0.390230536,-0.470992088,-1.703951120,0.797007382,-0.318502307,0.001854228,0.513158858,,,,,,,
789,559751,97995,viewpoint,moving_to_right,0.480877638,1.402682900,-1.873086333,-0.191871360,0.477242649,0.215739712,0.829988718,-0.499503374,-0.401625037,-1.808577538,0.782678604,-0.268598288,0.092406675,0.553832293,-0.370347857,-0.447050780,-1.697174549,0.804431081,-0.330566615,0.006368074,0.493533999,,,,,,,
790,559903,98147,viewpoint,moving_to_right,0.477523804,1.401174188,-1.868248343,-0.192369416,0.482272655,0.220411196,0.825727582,-0.477230787,-0.386121929,-1.811730742,0.786984861,-0.276305020,0.091897264,0.543935001,-0.356708288,-0.441872537,-1.730152011,0.807437897,-0.338884950,0.013002277,0.482733846,,,,,,,
791,560057,98301,viewpoint,moving_to_right,0.474679947,1.400269270,-1.862408280,-0.190076679,0.489039809,0.224570349,0.821144998,-0.452964306,-0.381214052,-1.819681764,0.769219756,-0.292655528,0.132312700,0.552401304,-0.331867576,-0.436106980,-1.722546458,0.803350270,-0.348692089,0.012827876,0.482573956,,,,,,,
792,560194,98438,viewpoint,moving_to_right,0.473304391,1.398761988,-1.856586337,-0.187045917,0.499001890,0.228827298,0.814646542,-0.387908638,-0.348875582,-1.682181120,0.766115546,-0.290376097,0.116114959,0.561485529,-0.299499929,-0.434904546,-1.730903745,0.799892485,-0.356613338,0.017322253,0.482388735,-0.432839990,-0.433064044,-1.590213537,0.852734387,-0.435803950,-0.189918250,-0.216448873
793,560347,98591,viewpoint,moving_to_right,0.474077940,1.396169782,-1.850537419,-0.185964242,0.508125961,0.233441547,0.807917297,-0.380255997,-0.364769489,-1.825861216,0.775174916,-0.308483690,0.095472254,0.542979598,-0.264832914,-0.420933366,-1.719828963,0.779996216,-0.344140321,0.005514787,0.522630811,-0.406408846,-0.426091790,-1.612549543,0.842285037,-0.442856371,-0.186636344,-0.244133279
794,560500,98744,viewpoint,moving_to_right,0.476779819,1.393003941,-1.842491031,-0.181189537,0.517585218,0.238734454,0.801424861,-0.348871946,-0.360198706,-1.839494824,0.769641995,-0.319730997,0.102160424,0.543126702,-0.240454748,-0.429471731,-1.771166801,0.791225374,-0.384313315,0.052523147,0.472765297,-0.377676129,-0.415573895,-1.610200882,0.848973393,-0.443443090,-0.163158134,-0.236604869
795,560654,98898,viewpoint,moving_to_right,0.479913831,1.392632008,-1.834928870,-0.171928599,0.527402043,0.244002849,0.795455992,,,,,,,,-0.216114685,-0.437860668,-1.763639450,0.787782073,-0.391919851,0.021733059,0.474685133,,,,,,,
796,560818,99062,viewpoint,moving_to_right,0.481982708,1.391286612,-1.831426263,-0.167913824,0.534153461,0.247311264,0.790773153,-0.300587058,-0.373621494,-1.850840688,0.751586318,-0.346646041,0.129667953,0.546022654,-0.197106302,-0.438273549,-1.757678270,0.781430542,-0.398708910,0.028826039,0.479131013,-0.336932600,-0.417825878,-1.603427052,0.835256934,-0.458750725,-0.163662329,-0.255163252
797,560961,99205,viewpoint,moving_to_right,0.483851790,1.391215920,-1.831710458,-0.164814457,0.538063109,0.248768985,0.788313568,-0.292313993,-0.377279997,-1.853365183,0.739175737,-0.348436624,0.144606456,0.557942748,-0.189128831,-0.441907406,-1.754263043,0.779236197,-0.401391864,0.029567448,0.480417818,,,,,,,
798,561126,99370,viewpoint,moving_to_right,0.484689951,1.392446995,-1.834422469,-0.162083343,0.540367663,0.246877819,0.787897944,-0.274719059,-0.365237564,-1.729766011,0.745305419,-0.339750350,0.118383408,0.561315417,-0.187091246,-0.457367480,-1.759099722,0.779143512,-0.406362951,0.030573780,0.476308554,-0.337212026,-0.446103752,-1.647324443,0.836007357,-0.469748914,-0.113573559,-0.259862930
799,561277,99521,viewpoint,moving_to_right,0.483273387,1.392808199,-1.839300036,-0.163663641,0.539503455,0.244112909,0.789024174,-0.277171552,-0.367674828,-1.721591711,0.745435119,-0.335841954,0.120531969,0.563035309,-0.190991148,-0.461392760,-1.763005614,0.782298625,-0.400368363,0.041619141,0.475375473,-0.328945220,-0.436497271,-1.597958565,0.846448183,-0.451942623,-0.146744072,-0.240290552
800,561431,99675,viewpoint,moving_to_right,0.480078220,1.392058492,-1.842176795,-0.168026462,0.535623491,0.243014380,0.791086972,-0.303261817,-0.386472434,-1.846008539,0.756136596,-0.334165812,0.099363185,0.553820968,-0.198080301,-0.451362550,-1.755280733,0.786976814,-0.397115171,0.029563213,0.471267521,-0.343442678,-0.437148690,-1.623116136,0.841246128,-0.461890608,-0.146798477,-0.239608586
801,561584,99828,viewpoint,moving_to_right,0.476400733,1.391114473,-1.842403531,-0.170163050,0.535619438,0.243093744,0.790608525,-0.296847820,-0.380612671,-1.840697885,0.755501151,-0.339367539,0.117268071,0.547992706,-0.192310274,-0.444530874,-1.746354461,0.784553468,-0.393524081,0.024894012,0.478534192,-0.339951575,-0.433829427,-1.625544786,0.839639246,-0.462575346,-0.149733290,-0.242094964
802,561736,99980,viewpoint,moving_to_right,0.473989487,1.388664842,-1.840180755,-0.173291191,0.537202656,0.244822830,0.788318038,-0.284273744,-0.368650436,-1.848223329,0.755254805,-0.339914769,0.118521862,0.547723234,-0.179636091,-0.431601524,-1.746985078,0.782800674,-0.399429947,0.034979466,0.475873142,-0.322996080,-0.417919993,-1.611479402,0.847625256,-0.448031932,-0.146766692,-0.243430495
803,561890,100134,viewpoint,moving_to_right,0.473556638,1.387626290,-1.836118579,-0.171695143,0.539342999,0.247259542,0.786443055,-0.275765717,-0.365659863,-1.849065185,0.755797744,-0.345621139,0.108995810,0.545376718,-0.172073767,-0.431355059,-1.751925707,0.781917810,-0.403404266,0.029743606,0.474325746,-0.330199838,-0.434102029,-1.689089775,0.846457124,-0.462198615,-0.120270275,-0.235409990
804,562041,100285,viewpoint,moving_to_right,0.474137425,1.386504292,-1.832501531,-0.170712695,0.541690528,0.249224827,0.784420550,-0.266099870,-0.362264931,-1.849381089,0.759109020,-0.345966548,0.104431160,0.541437805,-0.163575336,-0.430325389,-1.759055257,0.783461928,-0.406291336,0.031709988,0.469158083,-0.310115337,-0.414703667,-1.625294685,0.841437936,-0.457699955,-0.140998513,-0.250224739
805,562196,100440,viewpoint,moving_to_right,0.474872112,1.386377096,-1.831061482,-0.168885633,0.541942000,0.250692338,0.784174681,-0.266648322,-0.361722171,-1.840424538,0.738572538,-0.358587205,0.160524786,0.547866464,-0.163452178,-0.425964952,-1.735434651,0.779185355,-0.402862221,0.026149765,0.479466826,-0.305576682,-0.409447700,-1.602984071,0.758802474,-0.356966287,0.118767351,0.531684339
806,562346,100590,viewpoint,moving_to_right,0.474938035,1.386292934,-1.832733512,-0.169021055,0.543735921,0.250155449,0.783074319,-0.261559546,-0.366884410,-1.857881308,0.753053665,-0.353908777,0.124817640,0.540443659,-0.159731492,-0.429991513,-1.747851372,0.779979765,-0.406861335,0.025696326,0.474800169,,,,,,,
807,562501,100745,viewpoint,moving_to_right,0.476865172,1.385719061,-1.836242080,-0.171730340,0.544206619,0.248534068,0.782674074,-0.256150573,-0.361356288,-1.853999734,0.752445757,-0.352229416,0.136977673,0.539441466,-0.158222705,-0.430838227,-1.779777050,0.780622303,-0.408475995,0.059438117,0.469300836,,,,,,,
808,562667,100911,viewpoint,moving_to_right,0.479123712,1.385607004,-1.839933991,-0.173856080,0.543906689,0.246113420,0.783178031,-0.259754419,-0.359878182,-1.860801220,0.762384176,-0.346577495,0.112922594,0.534698904,-0.156192303,-0.426595211,-1.763775468,0.782956660,-0.407066941,0.034841463,0.469107062,-0.302819312,-0.411407202,-1.627201796,0.841910958,-0.456052572,-0.139813900,-0.252297580
809,562820,101064,viewpoint,moving_to_right,0.480682850,1.386011004,-1.843631387,-0.174820438,0.542915761,0.244042918,0.784298003,-0.263177931,-0.362298846,-1.859205723,0.760453761,-0.345881164,0.115912661,0.537252903,-0.160202175,-0.425911307,-1.755598664,0.784896433,-0.401895285,0.034612019,0.470340133,-0.311421275,-0.420611054,-1.650074244,0.849632084,-0.450300068,-0.116783082,-0.248428836
810,562972,101216,viewpoint,moving_to_right,0.481283545,1.385353088,-1.846024394,-0.177467972,0.541532278,0.243045554,0.784969270,-0.266220391,-0.356751114,-1.860671520,0.745958328,-0.351351917,0.159655139,0.542778313,-0.161331147,-0.419803441,-1.752825379,0.785369337,-0.403055310,0.039379001,0.468178093,,,,,,,
811,563124,101368,viewpoint,moving_to_right,0.481709719,1.385049820,-1.846767545,-0.178403631,0.540822327,0.242506444,0.785413265,-0.266248226,-0.351028979,-1.840887308,0.757509232,-0.342373550,0.116066851,0.543588698,-0.164160997,-0.417136699,-1.753079295,0.786526382,-0.398804396,0.035260309,0.470199972,-0.309423864,-0.405224532,-1.621620655,0.845558226,-0.445594102,-0.148872718,-0.253602237
812,563278,101522,viewpoint,moving_to_right,0.481680512,1.384660006,-1.846855998,-0.179277107,0.540191710,0.242182508,0.785748243,-0.268919885,-0.353839517,-1.862332106,0.753766537,-0.346156120,0.142829508,0.540010870,-0.164549112,-0.415754139,-1.755062342,0.786785722,-0.399036080,0.039081704,0.469266534,,,,,,,
813,563432,101676,viewpoint,moving_to_right,0.480695605,1.384513855,-1.845909953,-0.179552168,0.541113913,0.241812944,0.785164475,-0.263918936,-0.353114605,-1.862510085,0.746476173,-0.347381532,0.155478358,0.545825839,-0.159980640,-0.417488992,-1.759242654,0.786468446,-0.402071834,0.040215574,0.467106313,-0.306618273,-0.407496274,-1.631049752,0.850127757,-0.443003654,-0.138285071,-0.248812854
814,563584,101828,viewpoint,moving_to_right,0.478960514,1.384132862,-1.844467282,-0.179820701,0.541121960,0.242182836,0.784983456,-0.263858259,-0.353527874,-1.868461370,0.767119825,-0.340778470,0.110872492,0.532075703,-0.157242820,-0.415749818,-1.756791949,0.788968325,-0.399325073,0.038506836,0.465387732,-0.306918621,-0.408265382,-1.639982820,0.843941748,-0.443460971,-0.142091811,-0.266297996
815,563750,101994,viewpoint,moving_to_right,0.476671457,1.384287357,-1.842591882,-0.178494662,0.541000485,0.244055852,0.784789741,-0.261051416,-0.352514774,-1.851644754,0.756137252,-0.347720444,0.137757599,0.537000775,-0.159415171,-0.417059451,-1.755229950,0.785835683,-0.402825326,0.037506122,0.467747122,-0.306701779,-0.407562792,-1.631661296,0.850131392,-0.443955034,-0.138323158,-0.247077435
816,563903,102147,viewpoint,moving_to_right,0.473065615,1.384212732,-1.841927409,-0.178429961,0.540964127,0.245464608,0.784390032,-0.263468266,-0.350901872,-1.856031060,0.765010357,-0.342370957,0.110252470,0.534215033,-0.159226894,-0.416752756,-1.757003903,0.785839260,-0.405400783,0.035681471,0.465654105,-0.303544998,-0.403483897,-1.620696664,0.767788231,-0.352525502,0.106545180,0.524285376
817,564056,102300,viewpoint,moving_to_right,0.469396949,1.383466482,-1.842312932,-0.179310679,0.542212784,0.246697947,0.782938778,-0.253834933,-0.347534299,-1.852249503,0.752767682,-0.351776987,0.150071576,0.535791337,-0.152259633,-0.412933350,-1.755990624,0.785649955,-0.405145675,0.035263766,0.466226995,-0.294869840,-0.395163596,-1.600412488,0.825820506,-0.461951166,-0.176316887,-0.271171540
818,564221,102465,viewpoint,moving_to_right,0.467128038,1.382572770,-1.842664599,-0.180297792,0.542063951,0.248435870,0.782265306,-0.254059076,-0.340624869,-1.854546905,0.762587190,-0.350776672,0.117397472,0.530692279,-0.152255446,-0.408829331,-1.764460325,0.792804062,-0.403009385,0.036316272,0.455769986,,,,,,,
819,564376,102620,viewpoint,moving_to_right,0.465421438,1.382160783,-1.843178153,-0.180488333,0.543149829,0.249004722,0.781286716,-0.234863013,-0.314697206,-1.719555974,0.741142750,-0.353377104,0.121385105,0.557761371,-0.148038685,-0.407316446,-1.759319663,0.791638672,-0.404680371,0.034961648,0.456420511,-0.297906816,-0.398961902,-1.634531260,0.844729185,-0.455199033,-0.109873943,-0.259141117
820,564529,102773,viewpoint,moving_to_right,0.464473724,1.381714225,-1.843661666,-0.180932045,0.543068349,0.249137074,0.781198502,-0.249654979,-0.335518777,-1.842125773,0.765216708,-0.346160203,0.110538512,0.531411111,-0.147353351,-0.404112637,-1.751841307,0.788037479,-0.405300111,0.032031313,0.462279916,-0.290624321,-0.388580501,-1.605937958,0.767491221,-0.356357396,0.115523875,0.520212352
821,564680,102924,viewpoint,moving_to_right,0.463896513,1.380777359,-1.843199611,-0.181944057,0.543210447,0.250444800,0.780446112,-0.246804729,-0.332615107,-1.853168130,0.758503139,-0.354250342,0.129117817,0.531515062,-0.144850060,-0.397661746,-1.747139454,0.787526011,-0.406670392,0.036592372,0.461609155,-0.293943822,-0.389341474,-1.630702972,0.844880342,-0.446150631,-0.125858590,-0.266995251
822,564848,103092,viewpoint,moving_to_right,0.464827657,1.380044460,-1.841803432,-0.182525486,0.545102775,0.251197487,0.778747261,-0.236590639,-0.327328503,-1.849725127,0.755614281,-0.357438833,0.141891137,0.530237198,-0.136266157,-0.393391401,-1.748989463,0.788970590,-0.407345414,0.032894239,0.458817154,-0.286487103,-0.385250986,-1.630577326,0.846221209,-0.449462891,-0.118315816,-0.260564983
823,565001,103245,viewpoint,moving_to_right,0.467760086,1.379327178,-1.838922858,-0.183396831,0.544949591,0.251335204,0.778605282,-0.234917313,-0.319384009,-1.844555974,0.764795840,-0.348482400,0.108038232,0.531013250,-0.132577747,-0.387408793,-1.749731898,0.787483811,-0.402759194,0.029749377,0.465584874,,,,,,,
824,565153,103397,viewpoint,moving_to_right,0.471475720,1.379784942,-1.834473014,-0.181445107,0.544876516,0.251918554,0.778925121,-0.235648051,-0.325419515,-1.860783339,0.757041931,-0.357062280,0.130109772,0.531474948,-0.134639159,-0.389937818,-1.750708699,0.788779736,-0.406806588,0.036186296,0.459375143,-0.276618868,-0.372244567,-1.595806479,0.844772398,-0.443063229,-0.134650245,-0.268186152
825,565320,103564,viewpoint,moving_to_right,0.476664066,1.380287766,-1.828889251,-0.176826552,0.544815660,0.251630038,0.780122221,-0.240581617,-0.333549201,-1.857451439,0.762003660,-0.350373298,0.102444626,0.534877658,-0.139755279,-0.403371930,-1.769478083,0.786421657,-0.410916775,0.041389979,0.459320456,-0.299821377,-0.406223357,-1.698331475,0.847270429,-0.456824303,-0.092663988,-0.254671991
826,565473,103717,viewpoint,moving_to_right,0.481436610,1.381236196,-1.824502349,-0.171021968,0.543658614,0.252310306,0.782001495,-0.253983378,-0.349382967,-1.876576185,0.759826541,-0.353212744,0.109402150,0.534729362,-0.151102901,-0.414767057,-1.766844034,0.784281611,-0.410332471,0.037430625,0.463819593,,,,,,,
827,565626,103870,viewpoint,moving_to_right,0.484207153,1.381869793,-1.820596814,-0.165741324,0.545977116,0.252530545,0.781452000,-0.247805357,-0.361956716,-1.865931630,0.745024323,-0.358870506,0.131002188,0.546799064,-0.147952333,-0.428430587,-1.767346382,0.778537810,-0.414134175,0.033781558,0.470351577,-0.289026976,-0.402842164,-1.603401899,0.842303336,-0.449966043,-0.135939568,-0.263772935
828,565778,104022,viewpoint,moving_to_right,0.481910467,1.381392717,-1.817537904,-0.163385823,0.550800562,0.254234195,0.778003097,-0.230270460,-0.364403903,-1.868304014,0.756358922,-0.356898159,0.108467363,0.537382305,-0.132150173,-0.435673743,-1.783545732,0.780413389,-0.417644888,0.042470388,0.463383198,-0.285206735,-0.422529817,-1.666986704,0.843409240,-0.463384002,-0.070580505,-0.262592018
829,565932,104176,viewpoint,moving_to_right,0.478382945,1.380165339,-1.815447688,-0.162905619,0.553706706,0.258965582,0.774472415,-0.216131821,-0.352588236,-1.851784229,0.751049817,-0.364652246,0.106548190,0.540000379,-0.119918048,-0.424978793,-1.767845392,0.775925279,-0.421678811,0.029238030,0.468264997,-0.272305787,-0.410917073,-1.653001666,0.841463089,-0.462783098,-0.073163733,-0.269107372
830,566084,104328,viewpoint,moving_to_right,0.474668384,1.379308224,-1.814399123,-0.162402600,0.557920337,0.261310905,0.770757377,-0.199898109,-0.353805214,-1.861815572,0.744739592,-0.369757354,0.122200347,0.541949809,-0.104400828,-0.423131257,-1.761485219,0.775134504,-0.424929410,0.037312616,0.466057181,-0.253948271,-0.402831018,-1.634034276,0.825342059,-0.472979039,-0.136051685,-0.276751310
831,566236,104480,viewpoint,moving_to_right,0.469772220,1.378373504,-1.815168500,-0.162255183,0.559705496,0.263333112,0.768803418,-0.194437712,-0.350081235,-1.858759284,0.750409722,-0.373328954,0.100500330,0.536106825,-0.098728806,-0.422588766,-1.764215708,0.771986842,-0.432315767,0.033259988,0.464793712,-0.250157535,-0.402719796,-1.639479995,0.842174172,-0.460047811,-0.090751022,-0.266201049
832,566404,104648,viewpoint,moving_to_right,0.462353349,1.377332687,-1.816151500,-0.166130349,0.562946379,0.266117603,0.764639497,-0.177195430,-0.335274577,-1.844332814,0.749384165,-0.377440423,0.109233372,0.532944858,-0.084111273,-0.412296593,-1.767807245,0.778311670,-0.432800293,0.048026118,0.452336580,-0.235006213,-0.391139418,-1.638934851,0.841546178,-0.453851998,-0.089370988,-0.278982490
833,566556,104800,viewpoint,moving_to_right,0.456050158,1.375612140,-1.816525578,-0.170734242,0.571710646,0.267725080,0.756518364,-0.128748626,-0.325569183,-1.850353360,0.740338504,-0.389612973,0.144754782,0.528343439,-0.038467474,-0.400203943,-1.760033011,0.774804890,-0.441781551,0.046077501,0.449870288,-0.194615275,-0.379487991,-1.638907194,0.841368616,-0.455129981,-0.082765162,-0.279473633
834,566723,104967,viewpoint,moving_to_right,0.454072833,1.373680711,-1.815925717,-0.174765959,0.574042380,0.268503308,0.753550410,-0.112027407,-0.311545134,-1.847895741,0.750108302,-0.387408584,0.128389090,0.520354092,-0.021835778,-0.388161212,-1.759947777,0.776415467,-0.444311529,0.054674070,0.443595618,-0.181647673,-0.373629749,-1.655111909,0.835536182,-0.463251561,-0.045489941,-0.291904032
835,566890,105134,viewpoint,moving_to_right,0.454513788,1.374049902,-1.814903378,-0.173783213,0.574529529,0.268363744,0.753456116,-0.110068783,-0.315774143,-1.845721841,0.738629997,-0.392548800,0.146879047,0.527975202,-0.020808380,-0.391141146,-1.755214214,0.775166810,-0.443348974,0.049613774,0.447321564,-0.178469419,-0.377448916,-1.664870143,0.844546676,-0.454669654,-0.070507444,-0.273943692
836,567056,105300,viewpoint,moving_to_right,0.454865575,1.374265671,-1.814521670,-0.173871696,0.576048315,0.267257303,0.752668917,-0.107673846,-0.330994546,-1.918938518,0.750135899,-0.399379641,0.114467576,0.514479578,-0.013912400,-0.390687972,-1.742615700,0.775660872,-0.443567842,0.045652211,0.446669549,-0.172789559,-0.377091587,-1.651474595,0.838746905,-0.457184225,-0.076429002,-0.285735637
837,567222,105466,viewpoint,moving_to_right,0.455260992,1.374105215,-1.815189004,-0.174719647,0.575023592,0.267137468,0.753298461,-0.106138490,-0.315910578,-1.848151922,0.738055050,-0.392972589,0.148692042,0.527956486,-0.016694389,-0.389276952,-1.748329878,0.774624646,-0.441226661,0.045681745,0.450764805,-0.172244549,-0.369047165,-1.627762556,0.841031373,-0.452807635,-0.079312421,-0.285203516
838,567390,105634,viewpoint,moving_to_right,0.455295920,1.373701453,-1.815245032,-0.175438926,0.576785147,0.267358869,0.751704276,-0.098453917,-0.317355096,-1.869807601,0.749004722,-0.384344757,0.120964162,0.525964439,-0.007721180,-0.390566736,-1.767568707,0.776374161,-0.443972796,0.046986543,0.444885999,-0.168813422,-0.378153652,-1.673666954,0.829581916,-0.464029253,-0.088957883,-0.297585666
839,567556,105800,viewpoint,moving_to_right,0.456989527,1.373258948,-1.815204263,-0.175388545,0.579410076,0.267287225,0.749720216,-0.086916871,-0.315441579,-1.859667182,0.743367016,-0.394662619,0.146563292,0.519774973,0.001708068,-0.392200142,-1.777653813,0.779390097,-0.446269929,0.060003951,0.435653299,,,,,,,
840,567722,105966,viewpoint,moving_to_right,0.460816145,1.373727441,-1.815715194,-0.173648894,0.580602765,0.266434401,0.749505997,-0.087537326,-0.322053015,-1.870456338,0.747049928,-0.392624378,0.129756734,0.520505250,0.001267225,-0.400865376,-1.798313022,0.775161564,-0.447601497,0.077614173,0.439037025,-0.156797945,-0.378959358,-1.659822464,0.830018580,-0.461055279,-0.090363048,-0.300552219
841,567875,106119,viewpoint,moving_to_right,0.466791630,1.375205278,-1.817281365,-0.171324342,0.581067801,0.263992816,0.750543773,-0.091155797,-0.328965276,-1.849201918,0.736681998,-0.389733523,0.136724263,0.535456717,-0.002359062,-0.403814614,-1.760063648,0.773982465,-0.445117116,0.058299627,0.446568102,-0.161624402,-0.386869669,-1.658890605,0.842615962,-0.453073174,-0.064855330,-0.283754855
842,568042,106286,viewpoint,moving_to_right,0.474079490,1.377221704,-1.818819642,-0.167265892,0.580097675,0.259656727,0.753715634,-0.104878858,-0.351980954,-1.873745918,0.743125856,-0.388498425,0.131817535,0.528636992,-0.014613690,-0.422806293,-1.769324183,0.773121536,-0.441325843,0.056584984,0.452009708,-0.173934296,-0.405604780,-1.666398644,0.847971022,-0.449500650,-0.074591547,-0.270795941
843,568195,106439,viewpoint,moving_to_right,0.481833220,1.379480004,-1.821344018,-0.163115263,0.573468685,0.254066974,0.761562228,-0.141096964,-0.371709794,-1.868616939,0.740057468,-0.376600593,0.133916333,0.540882051,-0.048072636,-0.439609617,-1.761482239,0.770531237,-0.429271787,0.051165439,0.468390286,-0.202571660,-0.421162426,-1.646923065,0.836903036,-0.459082276,-0.101103097,-0.280383557
844,568347,106591,viewpoint,moving_to_right,0.486655235,1.381166220,-1.823531508,-0.160526097,0.567105472,0.248380944,0.768719494,-0.172127366,-0.387373686,-1.856713891,0.746298909,-0.368864208,0.126637682,0.539388537,-0.076782867,-0.456195354,-1.762784958,0.771576166,-0.422992140,0.045037620,0.472989976,-0.229170054,-0.434811652,-1.637242556,0.847408831,-0.450614631,-0.099288948,-0.262652695
845,568486,106730,viewpoint,moving_to_right,0.488301277,1.383476257,-1.826020360,-0.157136127,0.561729193,0.245196357,0.774368942,-0.201473787,-0.406921476,-1.865222096,0.747270346,-0.361375630,0.119374491,0.544742525,-0.103506073,-0.472206384,-1.761145115,0.769471765,-0.422476619,0.045113899,0.476855844,-0.258553058,-0.458614051,-1.657243371,0.846635997,-0.461348385,-0.062195100,-0.257870048
846,568640,106884,viewpoint,moving_to_right,0.488225698,1.385143876,-1.827904105,-0.156014830,0.557433605,0.242520258,0.778531373,-0.220984429,-0.416938484,-1.856755972,0.741924763,-0.359007597,0.125537246,0.552179098,-0.121666044,-0.479013562,-1.748855114,0.771138906,-0.415955961,0.045297399,0.479868293,-0.274606526,-0.465858310,-1.648880720,0.851647496,-0.453696489,-0.097260922,-0.243713766
847,568778,107022,viewpoint,moving_to_right,0.487072349,1.387836576,-1.830458045,-0.154421464,0.555111647,0.240549818,0.781115174,-0.233851358,-0.429281741,-1.853848815,0.741722584,-0.355431020,0.129769057,0.553783715,-0.133782655,-0.489931822,-1.744193792,0.770067930,-0.413161904,0.044210650,0.484084755,-0.285499990,-0.474991113,-1.639134049,0.850386500,-0.457480818,-0.108717442,-0.236081868
848,568932,107176,viewpoint,moving_to_right,0.485677719,1.389395833,-1.831314683,-0.155058533,0.556426287,0.238799885,0.780590355,,,,,,,,-0.127237856,-0.496465862,-1.752243400,0.770245314,-0.414591551,0.047823895,0.482233167,-0.278828561,-0.478546441,-1.636779785,0.848908424,-0.456036806,-0.122468047,-0.237458497
849,569084,107328,viewpoint,moving_to_right,0.483583450,1.389476895,-1.830789447,-0.157016411,0.561729074,0.236029506,0.777236402,-0.198735997,-0.437811553,-1.852585673,0.738280118,-0.360368490,0.148416713,0.550499380,-0.100760050,-0.496589720,-1.739815354,0.768686354,-0.412743956,0.048705436,0.486201137,-0.249880612,-0.474370897,-1.610027790,0.851785362,-0.449636996,-0.107669517,-0.246364743
850,569223,107467,viewpoint,moving_to_right,0.481568575,1.388200045,-1.829676509,-0.161936015,0.563145041,0.234794095,0.775574684,-0.182022184,-0.426345646,-1.845124602,0.735696435,-0.361968368,0.157479659,0.550390601,-0.084072791,-0.485912353,-1.735626936,0.770905197,-0.410103261,0.045966633,0.485188216,-0.239555717,-0.475851983,-1.638729215,0.852611482,-0.450813651,-0.079863645,-0.251877964
851,569375,107619,viewpoint,moving_to_right,0.478831172,1.386911511,-1.826609492,-0.166786700,0.565571249,0.235701278,0.772500038,-0.161505669,-0.412790120,-1.875556111,0.751890421,-0.358913809,0.125576720,0.538583457,-0.062739298,-0.475357234,-1.764581084,0.777436554,-0.416505933,0.062381323,0.467144281,-0.219286844,-0.460979760,-1.651512504,0.848573446,-0.450805366,-0.097045571,-0.259383440
852,569514,107758,viewpoint,moving_to_right,0.470027924,1.376134753,-1.828662038,-0.199671537,0.564285040,0.243704021,0.763100266,-0.115556061,-0.295542777,-1.896194339,0.765635908,-0.362975031,0.142025694,0.511741698,-0.018299416,-0.361640930,-1.782827497,0.793751538,-0.415704578,0.062737100,0.439559221,-0.173867181,-0.352499783,-1.649552226,0.846911490,-0.425951570,-0.108775020,-0.299122512
853,569681,107925,viewpoint,moving_to_right,0.456497431,1.364376426,-1.840068221,-0.228849694,0.551026762,0.253224969,0.761494875,,,,,,,,-0.031773239,-0.250011176,-1.768628836,0.810772002,-0.406267017,0.057286158,0.417509466,-0.188788101,-0.256563425,-1.657535791,0.838049948,-0.427672923,-0.133933097,-0.311175376
854,569848,108092,viewpoint,moving_to_right,0.440053225,1.345856428,-1.859546304,-0.272283673,0.532185555,0.264412731,0.756786704,-0.157097012,-0.020604711,-1.839064240,0.814318776,-0.345601022,0.122045144,0.450055331,-0.054120932,-0.096995085,-1.758682132,0.836554945,-0.394666433,0.047347531,0.377057672,-0.220897809,-0.124555305,-1.738390326,0.842617273,-0.409212410,-0.160565197,-0.311062992
855,570029,108273,viewpoint,moving_to_right,0.432470560,1.334511995,-1.877997279,-0.286335945,0.506846666,0.271974415,0.766255915,-0.250366211,0.041119773,-1.801531792,0.827708304,-0.329096347,0.095275976,0.444428921,-0.143320084,-0.035453033,-1.728321910,0.845624268,-0.378580838,0.015416400,0.375976741,,,,,,,
856,570209,108453,viewpoint,moving_to_right,0.426444292,1.332685590,-1.888408065,-0.285931230,0.498277307,0.265011728,0.774423540,-0.288080037,0.017867971,-1.787579536,0.825741470,-0.322393805,0.112923369,0.448844731,-0.178657651,-0.055486243,-1.716417551,0.849752963,-0.367744476,0.007032824,0.377669811,-0.317167997,-0.084764853,-1.569044471,0.829668283,-0.396234483,-0.219306350,-0.326425225
857,570390,108634,viewpoint,moving_to_right,0.423712969,1.337699294,-1.895793557,-0.284624010,0.491865098,0.258050859,0.781324327,-0.321962178,-0.012483161,-1.791145682,0.830004871,-0.304070145,0.094258040,0.457983315,-0.208136633,-0.083214417,-1.714035034,0.849730790,-0.356863141,0.010581282,0.387935907,-0.351218581,-0.116644368,-1.599291682,0.841584325,-0.299570322,0.027936421,0.448567778
858,570570,108814,viewpoint,moving_to_right,0.423486114,1.346361637,-1.905178189,-0.280864805,0.486261576,0.251506597,0.788295090,-0.351786673,-0.049715620,-1.772745490,0.823857903,-0.303435653,0.118497573,0.463835418,-0.239042953,-0.117881969,-1.706698656,0.851231754,-0.349067092,0.007017919,0.391800135,,,,,,,
